global_signal	global_signal_derivative1	global_signal_power2	global_signal_derivative1_power2	csf	csf_derivative1	csf_power2	csf_derivative1_power2	white_matter	white_matter_derivative1	white_matter_derivative1_power2	white_matter_power2	csf_wm	tcompcor	std_dvars	dvars	framewise_displacement	rmsd	t_comp_cor_00	t_comp_cor_01	t_comp_cor_02	t_comp_cor_03	t_comp_cor_04	a_comp_cor_00	a_comp_cor_01	a_comp_cor_02	a_comp_cor_03	a_comp_cor_04	a_comp_cor_05	a_comp_cor_06	a_comp_cor_07	a_comp_cor_08	a_comp_cor_09	a_comp_cor_10	a_comp_cor_11	a_comp_cor_12	a_comp_cor_13	a_comp_cor_14	a_comp_cor_15	a_comp_cor_16	a_comp_cor_17	a_comp_cor_18	a_comp_cor_19	a_comp_cor_20	a_comp_cor_21	a_comp_cor_22	a_comp_cor_23	a_comp_cor_24	a_comp_cor_25	a_comp_cor_26	a_comp_cor_27	a_comp_cor_28	a_comp_cor_29	a_comp_cor_30	a_comp_cor_31	a_comp_cor_32	a_comp_cor_33	a_comp_cor_34	a_comp_cor_35	a_comp_cor_36	a_comp_cor_37	a_comp_cor_38	a_comp_cor_39	a_comp_cor_40	a_comp_cor_41	a_comp_cor_42	a_comp_cor_43	a_comp_cor_44	a_comp_cor_45	a_comp_cor_46	a_comp_cor_47	a_comp_cor_48	a_comp_cor_49	a_comp_cor_50	a_comp_cor_51	a_comp_cor_52	a_comp_cor_53	a_comp_cor_54	a_comp_cor_55	a_comp_cor_56	a_comp_cor_57	a_comp_cor_58	a_comp_cor_59	a_comp_cor_60	a_comp_cor_61	a_comp_cor_62	a_comp_cor_63	a_comp_cor_64	a_comp_cor_65	a_comp_cor_66	a_comp_cor_67	a_comp_cor_68	a_comp_cor_69	a_comp_cor_70	a_comp_cor_71	a_comp_cor_72	a_comp_cor_73	a_comp_cor_74	a_comp_cor_75	a_comp_cor_76	a_comp_cor_77	a_comp_cor_78	a_comp_cor_79	a_comp_cor_80	a_comp_cor_81	a_comp_cor_82	a_comp_cor_83	a_comp_cor_84	a_comp_cor_85	a_comp_cor_86	a_comp_cor_87	a_comp_cor_88	a_comp_cor_89	a_comp_cor_90	a_comp_cor_91	a_comp_cor_92	a_comp_cor_93	a_comp_cor_94	a_comp_cor_95	a_comp_cor_96	a_comp_cor_97	a_comp_cor_98	a_comp_cor_99	a_comp_cor_100	a_comp_cor_101	a_comp_cor_102	a_comp_cor_103	a_comp_cor_104	a_comp_cor_105	a_comp_cor_106	a_comp_cor_107	a_comp_cor_108	a_comp_cor_109	a_comp_cor_110	a_comp_cor_111	a_comp_cor_112	a_comp_cor_113	a_comp_cor_114	a_comp_cor_115	a_comp_cor_116	a_comp_cor_117	a_comp_cor_118	a_comp_cor_119	a_comp_cor_120	a_comp_cor_121	a_comp_cor_122	a_comp_cor_123	a_comp_cor_124	a_comp_cor_125	a_comp_cor_126	a_comp_cor_127	a_comp_cor_128	a_comp_cor_129	a_comp_cor_130	a_comp_cor_131	a_comp_cor_132	a_comp_cor_133	a_comp_cor_134	a_comp_cor_135	a_comp_cor_136	cosine00	trans_x	trans_x_derivative1	trans_x_derivative1_power2	trans_x_power2	trans_y	trans_y_derivative1	trans_y_power2	trans_y_derivative1_power2	trans_z	trans_z_derivative1	trans_z_power2	trans_z_derivative1_power2	rot_x	rot_x_derivative1	rot_x_derivative1_power2	rot_x_power2	rot_y	rot_y_derivative1	rot_y_power2	rot_y_derivative1_power2	rot_z	rot_z_derivative1	rot_z_derivative1_power2	rot_z_power2	motion_outlier00	motion_outlier01
8832.927996640854	n/a	78020616.99384181	n/a	11247.348947050712	n/a	126502858.33672276	n/a	6427.404752229252	n/a	n/a	41311531.848979175	6825.068516381291	9788.48912035843	n/a	n/a	n/a	n/a	-0.009905306	-0.0597192362	0.21535259059999998	-0.0573788426	0.021842603199999998	-0.8450554681	-0.0138044532	0.1188076183	-0.053515953399999996	0.0384409784	0.0020735332	-0.05547510889999999	0.006586331	-0.0506426099	0.0290294313	0.044812784	-0.1202024657	0.009735176600000001	-0.11799489789999999	0.07606759769999999	-0.0170116877	0.06959887740000001	-0.1485696412	0.0259534841	-0.0807057306	0.0147186599	-0.1191460126	0.050367553899999994	-0.0137632328	0.0248767173	-0.0665738835	-0.0028288932	0.0275758336	0.0085849554	0.025138862799999998	-0.0067914559999999995	-0.0723755906	0.2471920198	-0.1593948166	-0.23978044850000002	0.0926576826	-0.2359439688	0.295324696	-0.037884426299999996	0.1585217719	-0.1664407805	0.0160908681	-0.0892056048	0.1162241026	-0.0633324888	0.18294251260000002	-0.021961492000000003	0.0555822243	-0.2092854003	0.0404555366	-0.1814859663	0.2390164932	0.06910557980000001	-0.1052764147	0.056674323799999995	-0.0174603297	-0.054071456	0.0534937341	0.0876097299	-0.0430064038	-0.1453876337	0.016714716299999998	0.050684752	0.0439774916	0.0175327144	-0.127509238	0.11895931	0.0784960188	0.023252091800000003	0.059266433499999986	-0.0507608029	-0.10861025490000001	0.0334996633	0.0192522215	0.045327883	0.048786263200000006	-0.0909963023	-0.0018609069	-0.0031451015999999997	-0.0023302983	0.0761881351	0.0835085259	-0.07645775219999999	-0.0029239894000000002	-0.0998013929	0.1125278485	-0.6802710345999999	0.45633978299999994	-0.057070426500000014	-0.13406226970000001	0.0603637828	-0.043231628	0.1208853779	-0.1963634895	0.0539142774	-0.0645680347	0.06372667650000001	-0.0705130946	0.14806434470000002	-0.10812314740000001	0.0746252308	-0.0831691627	0.13635875039999998	-0.0083762539	0.0145773469	-0.0166407423	0.0499908045	-0.0317099917	0.09397029779999999	-0.0440098862	-0.08677275460000003	0.0236771044	0.0169657265	-0.0540967338	-0.0566243783	0.0450531871	0.033142215	0.0331643437	-0.015214628899999999	-0.0632032398	0.0416200373	0.0059218649	0.09537519800000001	-0.0072446607	-0.0716056481	-0.026940310800000002	0.0575362804	0.029371230099999996	-0.017783786	-0.034782790099999995	-0.0327998725	-0.0041278448	0.0169997343	0.06054278530000001	-0.0032653575	-0.0704628868	-0.007109446	0.12499058769999999	0.0	n/a	n/a	0.0	0.0130611	n/a	0.00017059233320999994	n/a	0.0870781	n/a	0.007582595499610002	n/a	0.000598651	n/a	n/a	3.5838301980099994e-07	-0.0	n/a	0.0	n/a	0.0	n/a	n/a	0.0	0.0	0.0
8744.89723015975	-88.03076648110438	76473227.56605566	7749.415847250728	10855.727120797259	-391.6218262534529	117846811.32121314	153367.65479808976	6420.0740198912345	-7.330732338017698	53.739636611658405	41217350.4208824	6775.6405805056	9419.985359321056	1.255377	54.073463	0.0458710704228	0.0344186	0.0088506083	0.005678739699999999	0.1585809174	0.007489577099999999	-0.1012988082	-0.3930612704	0.0229582011	-0.056092097	0.0023745782	-0.13203690199999998	0.1544270878	0.0104772337	0.0505509958	-0.0224108191	-0.029794778100000002	-0.0707252909	0.147458821	0.0978467586	0.1578172295	-0.1901644129	-0.05222744940000002	-0.0302984812	0.1872752507	-0.0701957094	0.0339032323	-0.12847569539999998	0.1653194098	-0.1268899692	0.1265023147	0.0475329526	0.0702550002	0.1310630938	-0.09789005640000001	0.0491217632	-0.007562694399999998	0.059006006	-0.11612326199999999	0.2228711997	-0.1887196996	-0.30596200100000004	-0.055511442	-0.1889035499	0.3101569621	-0.2308330964	-0.0384739213	0.1635455593	0.0923428324	-0.21678981519999999	0.18133981370000002	0.035449077	-0.12481687720000001	-0.0899267708	0.046326090099999995	0.2129190329	-0.0711763096	0.1761383486	0.0675752401	-0.099757149	0.051597787400000004	-0.08868919369999999	0.0191560026	-0.0298433678	-0.049425269400000006	-0.0431110108	0.0275069868	0.17487029989999994	-0.008282419499999999	-0.006164384100000001	-0.0040527164	-0.0395058669	0.09663921710000001	-0.10911884599999999	-0.0724696712	-0.0281256573	0.0237554341	-0.014199181200000001	0.1455615045	0.0800772161	-0.0015855373999999998	-0.0240473083	-0.1185894355	-0.0299469209	-0.014907990500000001	0.0820644421	0.0518659537	-0.0829785666	-0.0345066345	0.016901229	-0.0184642307	0.0145094553	0.10455135689999999	-0.41424091420000003	0.1000703631	-0.1781474877	0.0320022858	0.0283218856	0.0288734704	-0.07069818809999999	0.3059089169	-0.0949485541	0.2283114196	0.0474801884	0.2394528436	-0.21968243199999998	0.2911343109	0.0243316554	0.22807685960000001	-0.1594262618	0.010207515600000001	-0.0056577495	-0.0406845703	0.0416447589	-0.011251098999999999	-0.12535189730000001	0.0472583256	0.1398690122	-0.0195437731	0.0097415671	0.0870977087	0.1499364302	-0.0542573848	-0.029159019300000002	-0.0314934433	0.0288843348	0.076271735	-0.047250016900000004	0.0487466997	-0.1118208908	-0.0420366953	0.1064010334	0.050477492199999995	-0.1263155713	-0.0017840774	0.06455808889999999	0.0622269797	0.0920635422	-0.021656231	0.0330929911	-0.1213562289	0.0366743574	0.0575780199	-0.039945899900000005	0.1249152981	2.04228e-08	2.04228e-08	4.1709075983999993e-16	4.1709075983999993e-16	0.013983	0.0009219000000000015	0.000195524289	8.498996100000027e-07	0.05637680000000001	-0.030701299999999997	0.003178343578240001	0.00094256982169	0.000313694	-0.000284957	8.120049184899996e-08	9.8403925636e-08	-0.0	0.0	0.0	0.0	0.0	0.0	0.0	0.0	0.0	0.0
8771.869377532501	26.97214737275135	76945692.37649243	727.4967338974176	10700.369412489048	-155.3577083082109	114497905.5637312	24136.01753077915	6437.296903049964	17.22288315872993	296.627704299263	41438791.418016665	6785.4631811041345	9756.2065530846	1.220255	52.560616	0.04629340042280001	0.0393186	0.0691995064	-0.0780613537	0.11315590269999999	0.0045381327	-0.0644209158	-0.1708520641	-0.0488292799	0.0236416849	0.044297219900000004	-0.1017555876	-0.1897277291	-0.09649173970000001	-0.1378225682	0.0615618551	-0.067184176	0.0853278978	-0.046009015199999996	-0.0741527862	0.1011771334	0.10005831359999999	0.04944687	-0.1078988625	0.2784070742	0.0382136999	0.161998914	0.097914902	-0.078558957	-0.024326592299999998	-0.0186447317	-0.0298980254	0.0466273292	-0.09266473830000001	0.1360609859	-0.1038677932	-0.1092904964	-0.09277099789999999	0.043730030700000005	0.1142691673	0.25700748030000004	-0.1057465291	-0.0314217296	0.1254917769	0.016423653	0.021569773900000002	-0.1126957625	-0.072006003	-0.086406518	0.0059371867	-0.21650758280000001	0.1359180513	0.0021647670999999998	0.186629949	0.09890791310000001	-0.0317033491	0.0055922426	0.0378780906	0.1508310447	0.0597578416	-0.2706943106	0.1842617977	-0.0091711761	0.0436678555	-0.0682187561	-0.0413351645	0.0308281911	0.0005937995	0.16073847800000002	-0.1386598765	0.1701324125	-0.08509680630000001	0.1456097736	-0.1418730497	0.0008730952999999999	-0.041986530999999994	0.1588366018	-0.1021719327	0.0094692091	0.0012421877	0.0108944057	0.027033426099999997	-0.0032047831	0.0302602239	-0.1758367924	-0.0241315925	0.0803585829	0.0360022024	0.0234091244	-0.108222897	-0.07911856839999999	0.2211066932	-0.0229619363	-0.1391330736	0.09703756	0.2325767509	0.1732799753	-0.020438941699999998	-0.0561478505	0.0021843242	-0.0790645252	0.0410305097	-0.0594205826	-0.1276818317	0.0499895	0.0380862799	-0.2886800048	-0.1745378899	-0.0635592056	-0.2241836402	-0.0479680063	-0.13589347359999998	-0.0524505646	-0.1296551424	0.2373224373	-0.0373477549	0.17420964379999998	0.127775036	-0.0792973699	0.0116444797	0.0259185239	-0.1202263291	0.0095062089	0.0320005576	0.020690579299999998	-0.045121917000000004	-0.028809035499999996	-0.159310927	-0.0954975918	-0.1292738663	0.20722617559999998	-0.031757359900000004	0.0400312727	-0.1104723574	0.0511072713	-0.1754093286	-0.016860728300000002	-0.0051866608	0.063656269	-0.0693535562	-0.027446524700000002	0.046865091399999996	0.1595507762	0.0619540162	0.1247647641	0.0	-2.04228e-08	4.1709075983999993e-16	0.0	0.008385369999999998	-0.005597630000000003	7.031443003689996e-05	3.133346161690003e-05	0.0174162	-0.038960600000000005	0.00030332402244	0.0015179283523600005	0.000348397	3.470299999999997e-05	1.204298208999998e-09	1.2138046960899999e-07	-0.0	0.0	0.0	0.0	0.0	0.0	0.0	0.0	0.0	0.0
8755.133063061847	-16.73631447065418	76652354.95191872	280.10422206062844	10631.962766023207	-68.40664646584082	113038632.25810383	4679.469280702533	6422.01681319964	-15.280089850324655	233.48114583399465	41242299.94901886	6759.041386934809	9913.29827260437	1.044232	44.978706	0.05113737999999999	0.0332084	0.0969816998	-0.1297975467	0.0733846774	0.1532248458	0.0581275533	-0.08788791259999999	0.050801102699999996	-0.1113844502	0.1692050491	0.039855596800000004	-0.0323656644	0.14940239789999998	-0.1746999557	0.1622896984	-0.0083119464	-0.061853680599999995	0.0423638206	-0.0203378936	-0.0674588425	0.0628173616	0.0729211256	0.0046007847	-0.0503762482	0.1311592849	0.0807662414	0.0262618894	0.0999370375	-0.0246792452	-0.3207945685	-0.1086489975	-0.0012268438	-0.0517589903	-0.1170993848	-0.1143125338	0.0128209947	-0.12519829289999998	-0.0725791814	0.0679948415	0.1038416374	-0.032609641	-0.1973328918	-0.069022279	-0.014718293799999999	0.043752649000000005	-0.050141620199999994	-0.1412603157	0.0017159178	0.0784338759	-0.107789298	-0.0052320992	-0.0926961987	0.1358309378	-0.0777303412	0.021327861400000002	-0.1091252832	0.19026235309999998	-0.0682783137	0.0650126225	-0.1448611669	-0.0994687534	-0.0973491675	0.0944730965	0.16577724929999998	0.0283586216	0.1107881793	0.0064149636	-0.1228245047	0.12426465789999999	-0.0096190825	-0.0772272213	-0.0334042283	0.01905506	-0.0116605656	-0.0822742564	0.0627170893	0.0400151786	-0.0991078961	0.0312768729	-0.0659017217	-0.02984541	0.050625228200000004	0.0016086974	-0.0350987936	-0.045846497300000004	-0.0583024459	-0.0324070739	0.0398270591	-0.049040517199999994	-0.0373182233	-0.15863308939999998	0.07788009580000001	-0.0721081309	-0.0281001848	0.0629755203	0.1486601485	0.1481880079	0.0525733498	-0.051509445599999995	-0.06548689099999999	-0.0966318755	-0.1504790569	-0.09879104609999999	-0.0373944494	-0.0344093494	-0.0308014292	-0.1074206181	-0.0306295933	-0.043330449900000005	0.18021855739999998	-0.1252757917	0.116855054	-0.1043296061	-0.0280617609	-0.13551893869999998	0.0708308232	-0.14630352300000002	0.1667104277	-0.1792592579	-0.0813510223	-0.010052181700000001	-0.15012581390000002	-0.0099093258	-0.08392147960000003	0.0846141468	-0.007945490500000001	-0.1387464367	-0.0429064401	0.0656065321	-0.0675813592	0.042856509400000006	0.038564722999999995	0.0129689092	-0.0256133394	-0.0493409054	0.0164490557	0.0577081786	-0.00146537	-0.048608368	0.0458510191	-0.079036361	-0.0348054034	-0.0060222688	0.1245390765	0.0	0.0	0.0	0.0	0.0352228	0.02683743	0.0012406456398399998	0.0007202476490049001	0.0347481	0.017331899999999997	0.0012074304536099998	0.00030039475760999985	0.000487758	0.00013936100000000004	1.942148832100002e-08	2.37907866564e-07	-0.0	0.0	0.0	0.0	0.0	0.0	0.0	0.0	0.0	0.0
8703.736249612775	-51.396813449071495	75755024.70282346	2641.632432718656	10607.923225499064	-24.039540524143376	112528035.15808246	577.8995086119318	6426.618236967706	4.6014237680665255	21.17310069332753	41301421.96372591	6765.584316024339	9933.650955790004	1.2573450000000002	54.15821500000001	0.03977008	0.0397701	-0.0904555519	-0.08077472570000001	0.12333740300000001	-0.0174148976	0.167831533	-0.0384081075	-0.1529246065	-0.0982321713	-0.0443011574	0.20736001010000002	-0.05726786530000001	0.0751650812	-0.0669541853	-0.0171302589	0.0707423593	0.0126219179	0.035495978500000004	0.0982837282	0.043857065300000005	-0.0589516754	-0.0485363083	-0.11295913240000001	-0.016411934399999998	0.0894172941	0.13060427689999998	0.14041615429999998	0.17463572579999995	0.024092810200000002	-0.047173026500000007	-0.0407910203	0.0451752477	-0.18955770100000002	-0.06853404540000001	0.037585764199999996	0.08354891589999999	0.0537622545	0.1036333851	0.0920672466	0.026835548900000002	0.0742191995	0.0500865547	-0.0963607537	0.045245121299999996	-0.0896177069	0.0972427504	0.0648904337	0.0184221662	0.0276391341	-0.1326611244	0.13068415279999998	-0.1387783912	-0.0237446456	-0.0312798536	0.0878452325	-0.0341857625	0.024513072799999997	-0.0407121885	0.16094024070000001	0.0076423666000000005	-0.2028878616	-0.0334453348	0.0290361233	-0.1281813431	0.0270477163	-0.13876833660000001	-0.136749484	0.09341100470000001	0.010672686	-0.0132922372	-0.026860905499999997	0.0700564955	0.0130113821	-0.0098552428	-0.1010647823	-0.0983595899	0.0483949675	-0.163061516	0.026437671099999997	-0.0831697397	-0.025803051299999998	0.047958636299999996	0.07666316769999999	-0.0499971558	-0.1128433742	0.170260422	0.0026110576999999998	-0.0125553148	-0.0281240152	-0.0031263737	0.023363094700000003	-0.12138127060000001	-0.0920697015	-0.0739058753	0.08273445559999999	-0.10237650960000001	0.0415347367	0.08371107559999999	0.041184861600000004	0.08409936550000001	-0.1326206872	0.0947770931	-0.1575831687	-0.0239317621	0.0045233869	-0.030891758199999998	0.034451002	-0.040062356800000004	-0.07590904400000001	0.12822523560000001	-0.0722319337	0.10192858910000001	-0.0233260969	-0.0691572279	-0.0983466293	-0.2107630672	-0.0512229238	0.0132812458	0.1087096566	0.0643570366	-0.0403594387	-0.028393142799999996	-0.12553060470000002	0.09013278470000001	0.0254539159	0.0172699734	0.0461896754	-0.049204821600000004	0.030292405499999998	0.0707368315	0.1317415707	0.0432002943	0.1011450582	0.0059019161	-0.06104622320000001	-0.013720918	0.0708330166	-0.043464285899999996	-0.1225957744	0.0839999322	-0.0066268942	-0.0274083733	0.1039098373	0.12423837130000001	0.0	0.0	0.0	0.0	-0.00454728	-0.03977008	2.06777553984e-05	0.0015816592632064	0.0347481	0.0	0.0012074304536099998	0.0	0.000487758	0.0	0.0	2.37907866564e-07	-0.0	0.0	0.0	0.0	0.0	0.0	0.0	0.0	0.0	0.0
8672.155857181893	-31.580392430882053	75206287.21125422	997.3211860885127	10552.088761667992	-55.834463831071844	111346577.23411994	3117.48735130327	6398.820240231845	-27.79799673586149	772.728622526966	40944900.46680073	6733.479080140952	9559.524581910144	1.289529	55.54448299999999	0.05842948	0.0584295	0.1131464894	0.0289247787	0.0731808032	-0.0878049134	-0.024346260499999998	-0.0042527439000000005	0.1295449901	-0.0486199641	-0.0771697495	-0.0279259983	-0.1614799983	0.0874624524	0.1150683088	0.0548038913	0.18255781199999999	-0.09249718050000001	0.1007155409	0.0589659475	-0.10562766130000001	-0.0731219393	0.040787053999999996	-0.06867376389999999	0.1349093095	-0.0498813112	0.11594624810000001	0.1218026571	0.0684835701	0.072826897	0.0336131843	-0.1206944471	0.0440821391	0.0835593707	-0.022307639	-0.0088595767	0.0759316413	-0.0802556294	-0.1231578052	0.0260043752	0.0457477671	-0.0421253221	0.1008346625	-0.0550982279	0.13189730449999998	0.17564243989999995	-0.1337829825	0.057145519699999994	0.061142060899999996	-0.0774601712	-0.1494666237	-0.11956785439999999	-0.2276034793	0.1846648693	-0.0466777464	-0.11707256349999999	0.1106180249	0.011277269099999999	-0.07317246969999999	-0.0835752498	0.1839137066	-0.0463660884	0.028346084700000006	0.0497103401	0.0695973349	0.0992686141	0.090759227	-0.026276084100000003	-0.0967665939	0.044156327800000006	0.14344461349999998	0.0593999783	0.0781485765	0.0073757000000000015	-0.035859059	0.0607817955	0.036275214900000005	-0.0418463617	0.0946609293	0.042961716799999994	-0.1864149964	-0.0937653838	-0.0030976327	-0.055712020300000005	0.0394563077	0.0225301933	0.21158368170000005	-0.0930426674	0.0334967846	0.041872584500000004	0.0529380987	0.0441225913	0.1283881534	-0.0068376141	0.0057671329	0.07983273	-0.053391963099999995	-0.08701127210000001	0.0358104589	-0.2081154558	0.047883290300000006	-0.0198802501	-0.0774912786	0.10115214460000001	-0.0098213774	-0.0602565104	0.0439403964	0.0629298898	-0.2705207978	-0.1662494772	-0.0810096343	0.026946589500000003	0.0520283996	-0.0792716973	-0.2535041588	-0.2083324006	0.0471059574	-0.1132090974	-0.10123274	-0.1396246193	-0.0586848598	0.0069889414	0.049605551500000004	0.0147507497	0.0198613689	-0.0600454376	0.021908912000000003	0.0069793105000000005	-0.056721630099999996	0.0164046576	0.1007194333	0.0781058796	-0.1113070917	-0.0101862724	-0.0442206632	0.109335923	0.0594094701	0.14763896599999998	-0.0728404534	-0.0107813767	-0.0106852194	0.0359241744	0.0354560462	-0.0134733911	0.1238628294	0.0	0.0	0.0	0.0	0.0538822	0.05842948	0.0029032914768400003	0.0034140041330704	0.0347481	0.0	0.0012074304536099998	0.0	0.000487758	0.0	0.0	2.37907866564e-07	-0.0	0.0	0.0	0.0	0.0	0.0	0.0	0.0	0.0	0.0
8683.619009223003	11.463152041109426	75405239.09733908	131.40385471759114	10522.637423886374	-29.451337781618353	110725898.35457404	867.3812971269805	6399.348599648714	0.5283594168695345	0.2791636733947145	40951662.49982596	6729.341573469548	9438.551051397426	1.142507	49.211739	0.0442414	0.0442414	0.0280304998	0.0757937644	0.0693988294	0.055046961500000005	-0.1162066825	0.0225522335	0.08903226480000001	-0.1386398865	0.0410863981	-0.18197818010000005	0.0708686869	-0.0400531808	0.0431151839	0.1356763834	-0.0466090636	-0.0493133696	0.113023975	0.1096690251	0.10596358369999999	0.0280648282	0.0292099735	-0.025772640099999997	-0.18158334690000005	0.11653090519999999	0.07528640219999999	0.12225262220000001	0.1113723068	0.0636250281	-0.1913369264	0.0124877103	-0.0833176474	0.0727040584	-0.040027272999999995	-0.0487508266	-0.0046645142	-0.014256435900000001	-0.09818063390000001	0.08886289859999999	-0.17003766739999998	-0.044640602300000005	-0.0821090882	0.0691712556	0.0521002294	0.043210195	-0.0704759244	0.0539277354	0.0071280551	-0.0013304151999999998	0.0895783662	-0.027538339900000004	0.0499760283	-0.1098418897	-0.10703868400000001	0.0693129835	0.06763227179999999	0.0645783783	-0.2098194711	-0.0585433041	-0.050151818	0.06714136400000001	-0.0121835865	0.1420298599	-0.025962875899999998	0.1933564727	-0.039100407999999996	-0.20354376030000002	0.025958729399999998	0.0255183143	-0.103548486	-0.0419558998	0.0215499282	-0.18170741329999998	-0.0110026736	-0.0690902674	-0.0358798742	-0.0961524742	0.10119390449999999	0.0353746517	0.1119733277	-0.13090179	0.11632284279999999	-0.0724168218	0.20549181800000002	-0.1858349475	-0.0754340175	0.0698646746	0.0006314131	0.030868378999999998	-0.0257185833	0.1484427928	0.1025378374	-0.0257617669	-0.1029427637	-0.1447099069	0.049730535199999995	-0.009303401999999999	-0.1356624489	-0.102012959	0.0745337204	0.0423375359	0.014157988799999997	0.0776154488	0.0042659601	-0.0961896261	0.1308486166	0.0161180726	0.0204204734	0.19374072829999997	0.0131726077	-0.0381352722	0.19216225329999997	-0.075514009	-0.05809130570000001	0.1000115573	0.0076711701	-0.1066280652	-0.0104857547	0.1363468246	-0.05811360030000001	-0.0998455213	-0.0012654407	-0.209264879	-0.0524804699	-0.0718320994	0.0853537258	-0.0457688912	0.08609366210000001	0.0537982165	0.0630922762	0.0902856901	-0.025158358999999998	-0.18008110530000002	-0.06535470019999999	-0.1211660569	-0.0516905319	-0.2042548383	-0.137452896	0.0114424801	0.08134324679999999	0.021542855099999998	0.0514929876	0.0275904929	0.12341267730000001	0.0	0.0	0.0	0.0	0.009640799999999998	-0.0442414	9.294502463999996e-05	0.00195730147396	0.0347481	0.0	0.0012074304536099998	0.0	0.000487758	0.0	0.0	2.37907866564e-07	-0.0	0.0	0.0	0.0	0.0	0.0	0.0	0.0	0.0	0.0
8702.360484618712	18.741475395709127	75731078.00425322	351.24290000797066	10555.415789579887	32.77836569351348	111416802.49091241	1074.4212575377014	6416.101835297473	16.753235648759073	280.67090470285183	41166362.76090761	6748.11757512509	9672.000612733997	1.33887	57.6698	0.0231693	0.0231693	-0.1918682129	0.0186055875	0.09872652259999999	0.0930753225	0.1381915072	0.0262035816	-0.1953141428	-0.131615781	0.1333299935	0.0815770559	-0.0278284511	0.0428071224	0.06382634200000001	-0.0218231856	0.0036124983	-0.1498740972	-0.0548681399	-0.0096210436	0.0733919777	-0.1067473583	-0.0348949639	0.06649716900000001	0.0634713968	0.0056714905	0.1042327841	0.1992122537	-0.1900574244	0.0340377527	0.144966651	-0.0859478153	-0.1384818806	0.0688352866	-0.1006175535	0.055371410499999996	-0.0770308604	0.0033051632	0.1621538794	0.10925522060000001	-0.0581105541	0.10857062039999996	-0.0930810845	-0.1169258334	0.0455108434	0.1583983637	-0.16283531810000001	-0.0027991038	0.0114512692	0.0832421564	0.051995947800000004	-0.1546121406	-0.052784417400000005	-0.2067813718	0.0283580315	0.058912605800000004	-0.060222509800000004	-0.0156327334	0.10127477609999999	0.0849002318	0.1386715793	-0.0412393941	-0.0428096498	0.09228024300000001	0.1073985426	-0.0002241046	0.0786780573	-0.08540897210000001	0.1935044428	-0.0306945098	0.0778227079	-0.0132861985	-0.0143218106	-0.1386796029	-0.0686171362	-0.0367179424	-0.1016190049	-0.0857192253	0.020607061200000002	-0.11783296759999999	0.0775721801	0.167885027	0.0805114512	0.1665061858	-0.017211516399999998	-0.0891471232	-0.1286725901	-0.049385814199999996	-0.0922954331	-0.1034205034	0.1613014123	0.003576454699999999	-0.1651193577	-0.0636100366	-0.1707161107	0.010722171200000002	-0.057445416	0.13389839539999998	0.0357702394	-0.157123511	-0.0118149126	0.024755608399999997	-0.1273629225	0.0579659862	0.0204999576	0.049891848499999995	0.111554641	0.18027531089999999	0.15105065369999998	-0.09567483789999999	-0.0329201585	-0.0761043391	-0.020138079399999998	0.1102087125	-0.0350364009	0.0289198738	-0.048068612999999996	-0.08487748460000001	-0.218405186	-0.0566953755	0.1644859892	-0.1400655372	-0.1533630019	-0.0862132865	-0.056727083399999996	-0.12263614810000001	-0.032839503	-0.0607300475	0.06694739999999999	-0.0031478175	-0.1282833319	-0.18435685100000002	0.0236937027	-0.1175046726	-0.0205726699	-0.0372952115	-0.14634085800000002	-0.1541718155	0.023977334700000002	-0.15777116830000001	-0.0913273125	0.1298106471	-0.0522043286	0.0696389229	0.1228881859	0.0	0.0	0.0	0.0	-0.0135285	-0.0231693	0.00018302031225	0.0005368164624899998	0.0347481	0.0	0.0012074304536099998	0.0	0.000487758	0.0	0.0	2.37907866564e-07	-0.0	0.0	0.0	0.0	0.0	0.0	0.0	0.0	0.0	0.0
8714.184183877858	11.823699259146451	75937005.99054702	139.79986417074034	10556.362965996315	0.9471764164281922	111436799.06985852	0.8971431638377521	6416.300622728607	0.19878743113349628	0.039516442776654524	41168913.68122751	6742.760271453992	9637.961890783376	1.380386	59.458012	0.0357884	0.0304678	0.0846480116	-0.0118695134	0.0485301347	-0.0189632624	0.1221800141	0.0040301447	0.1117856429	-0.0691503373	-0.0678675338	0.1048166189	-0.0283616592	0.012872911599999998	0.11684032189999999	0.087702936	-0.041085154	0.048017343399999995	0.1388694221	-0.1373737877	-0.008755389300000001	0.15622490390000002	-0.0580233579	-0.053836173099999995	0.123779025	-0.10628498189999999	-0.0861904847	0.1506961263	-0.007337535799999999	-0.0307321477	-0.042726288099999996	-0.0573802596	-0.1282682722	0.057305874000000014	-0.0814841332	0.012266974	0.078047014	-0.0664254995	-0.0768516094	0.0581133743	0.07166735070000001	0.04276173849999999	0.1008935599	-0.08715519449999999	0.08480560990000001	0.1362289491	0.0244720305	0.1003080103	-0.0322457709	-0.0870541048	-0.1380272139	-0.0632798656	0.0607533337	0.0610210229	0.0417501556	0.1301004158	-0.0919267423	-0.0982635805	-0.2006517463	-0.2125624682	0.0610378258	0.0531714092	-0.1813684543	0.0364841371	0.1576458942	-0.0010671791	-0.2331235002	0.0607606392	0.050194683899999995	-0.065996767	-0.013274468000000001	0.0189677627	-0.0702957643	-0.20501067620000002	0.0275397179	0.0031557295	-0.0253608425	0.0972534566	-0.053002713	-0.0474179657	0.07485972070000001	0.1256286646	-0.0016326604	0.0775542582	-0.0345448821	0.1258039317	0.056870901200000004	-0.043107035	-0.077604282	0.0800594842	-0.031710701699999996	0.0013173610999999998	0.1054011249	-0.0062391492	-0.0719868617	0.09485372519999999	-0.10883141689999999	-0.0230198192	0.0796769565	-0.16840218640000001	0.0380551567	0.1014384201	0.1013431801	0.018818855	0.0084635038	-0.0019979535	0.1013176879	-0.1875398525	-0.0191394186	0.0042044718	-0.1625187531	0.1889506479	0.1495054405	0.05563644190000002	0.13977619130000002	-0.095555939	0.071506659	-0.26235538199999997	-0.0534541272	0.0731491761	0.18309405	0.0099599178	0.033150283100000004	0.0286967679	-0.0688778789	0.0924070616	0.0180151951	-0.0235187586	0.0316216104	0.1276285587	0.0357960389	-0.0542756788	-0.0214065757	-0.0318902422	-0.0593157488	-0.028354960099999996	0.09703875279999999	0.030540953500000002	0.1864621	0.025533175499999998	-0.0007280539999999999	0.0642856768	-0.022947649	0.058270858700000004	0.12228967130000001	0.0	0.0	0.0	0.0	0.0163632	0.029891700000000004	0.00026775431424000005	0.0008935137288900001	0.0288514	-0.005896699999999998	0.0008324032819600001	3.477107088999997e-05	0.000487758	0.0	0.0	2.37907866564e-07	-0.0	0.0	0.0	0.0	0.0	0.0	0.0	0.0	0.0	0.0
8713.171858218364	-1.0123256594943086	75919363.83084846	1.0248032408705872	10536.066711525882	-20.29625447043327	111008701.7497238	411.93794552858236	6415.329061271379	-0.9715614572278356	0.9439316651706752	41156446.96439312	6743.182533860493	9604.629922875076	1.069677	46.074711	0.009974355806640002	0.0069666	0.0831359316	0.00020637799999999998	0.12362329970000001	-0.007463925	-0.08268607480000001	0.0187868442	0.1251105116	-0.0831566507	-0.0519831819	-0.06803097799999999	-0.18913145829999997	-0.0233515401	0.12307595589999999	0.1687670872	-0.1327281954	0.199015042	-0.140120794	-0.18627003109999998	0.0577242376	-0.0140468948	0.1290722144	0.1575243541	-0.1472946651	0.2035752167	-0.068244078	-0.0333337258	0.0975059624	-0.084263616	-0.0114482619	-0.0517677159	0.0549493352	0.0421322894	0.066110579	0.0375202265	-0.0991721688	-0.055329207400000004	-0.1077510994	0.0826474359	-0.018629868600000002	-0.04740728809999999	0.0791556718	0.10622316300000001	0.1174506282	0.10157771970000001	0.20549396109999998	-0.0473213776	-0.0638421959	0.0628806315	-0.1877911814	-0.3017860548	0.008431404	-0.1422160426	-0.102644406	-0.0969175466	0.036479441099999996	-0.2670771141	-0.0482933003	0.035248527599999996	-0.154564603	-0.0336987959	-0.0931412245	-0.0666916252	-0.18969192920000005	-0.2254787161	-0.0404073557	0.2613381421	0.08343503969999999	0.0081176689	0.019295828799999998	-0.009082992	0.15744064289999998	-0.0031560209999999997	0.0359448201	0.04590768730000002	-0.0348753784	0.1218837969	0.0395360527	-0.07641761059999999	0.0612797728	0.14933660470000001	-0.032960378	0.0709330224	0.0541961854	-0.038236294500000004	-0.014450474	0.0648973946	-0.1282194833	0.0776894298	0.0233430692	-0.027244414300000002	0.12003820949999999	-0.0360637842	-0.0759260325	0.051043795499999996	-0.026134485	-0.11878631210000001	-0.0728476753	-0.1903317829	-0.0636694765	0.0274264701	0.0437004377	-0.11834578330000001	-0.1204367817	0.3229711522	0.19683881739999998	-0.016427243799999998	-0.22877041609999998	0.1770736896	-0.1547088472	0.039243554300000004	0.0574307208	0.0467588891	0.24952475899999998	-0.0413480877	-0.2140216007	0.2046450729	-0.0281449059	-0.1253960793	0.12068797220000001	0.1067073999	0.0333691587	-0.0184455273	0.10886964810000001	0.0164121138	0.0315993924	0.0131017382	0.0865523567	-0.2670605351	-0.10504101210000001	0.045455784900000004	0.035763832200000005	0.0400996343	0.0884590581	0.057127557	0.021986747999999997	-0.0729269267	0.0987322917	-0.1024933144	-0.0652286026	-0.0225067298	-0.0588305649	0.059309092800000004	0.121617494	5.8066400000000005e-09	5.8066400000000005e-09	3.371706808960001e-17	3.371706808960001e-17	0.0171489	0.0007857000000000003	0.0002940847712100001	6.173244900000004e-07	0.0347839	0.0059325	0.00120991969921	3.519455625e-05	0.000552881	6.512299999999994e-05	4.241005128999992e-09	3.05677400161e-07	-0.0	0.0	0.0	0.0	0.0	0.0	0.0	0.0	0.0	0.0
8717.092395970103	3.9205377517391753	75987699.8398798	15.370616262812069	10551.859014864844	15.792303338961576	111341728.66958448	249.39684474977688	6439.16464365727	23.835582385891033	568.1349876745987	41462841.30812586	6773.3380931545435	9764.637734650198	1.304362	56.183395	0.03007987580664	0.025121900000000003	-0.12295647230000001	-0.0003245812	0.11455665429999999	0.0907898717	0.024474012599999997	0.0219550108	-0.1949415069	-0.10776336269999999	0.048864165	-0.0931716983	0.0333681645	-0.0117465321	0.0124063263	-0.1637940258	-0.0613528666	-0.0001559934	-0.1550857407	-0.17727987679999999	0.0799544553	0.1022976825	-0.004387499699999999	0.0574856528	0.0109146349	-0.0014672522	0.0757310449	-0.1546294048	0.12456580589999999	-0.0837958758	-0.023129922	-0.06735773440000001	0.08779944869999999	-0.1342149684	-0.1694121211	-0.1227186922	-0.1414744237	-0.055706745499999995	0.1890285059	0.13253412960000002	0.1181142617	-0.014075911100000001	-0.1923035199	0.0221272095	-0.1361973011	-0.16030318710000002	0.05875934190000001	-0.0900402465	-0.13575653140000002	0.043990496799999994	0.040109333999999996	0.0645707626	-0.1287146422	0.0826574347	0.1546421757	-0.1138196055	-0.0960205531	-0.0256371412	0.058333670199999986	-0.0203690598	0.1359468485	-0.0799783488	-0.1860287899	0.0414772574	-0.0417742767	-0.13147635300000002	-0.1362009523	0.21721547600000002	-0.10718418939999999	0.0500145357	-0.0572078584	0.0588206409	-0.062120233399999995	0.022945899900000004	-0.0760982267	-0.0062493478	0.0036396221000000004	0.021315447	0.13779694509999998	0.0855764767	0.1425647403	0.0505522743	0.018090334	-0.0449268561	0.1371976257	-0.0256543344	-0.006809327	-0.0761051229	0.0162064412	0.0572162515	-0.1062705988	0.0409898269	-0.19149245780000002	-0.0673186383	-0.1408218983	0.0599063333	0.2080057404	0.0712102583	0.027431298399999998	0.1605341358	-0.0239898939	0.0465153443	-0.0162666784	-0.1407416637	-0.0842891322	-0.024110907799999998	0.056576308099999986	0.014144099299999999	-0.0400227767	-0.1581684182	-0.0467518179	0.12320907019999999	-0.22843561129999998	-0.0570044725	0.1908006059	-0.11296105349999999	-0.11966581220000001	-0.06209794940000001	0.0855845833	0.06546540969999999	-0.09544168880000001	0.12879996429999999	0.0190450598	-0.0121899906	0.013997291100000002	0.15483823619999998	-0.0319065715	0.020753308999999998	0.0669002952	-0.0084873982	-0.1466840709	0.051484753499999994	0.0581247917	-0.1394470515	0.02097024	-0.0244471792	0.0123502874	-0.0772082969	-0.09023253460000001	0.11897616300000001	0.0879992325	0.0861849982	-0.0745118578	-0.0846110869	0.12087205890000001	0.0	-5.8066400000000005e-09	3.371706808960001e-17	0.0	-0.00744652	-0.02459542	5.54506601104e-05	0.0006049346849764	0.0325556	-0.0022283000000000025	0.0010598670913599998	4.965320890000012e-06	0.000487758	-6.512299999999994e-05	4.241005128999992e-09	2.37907866564e-07	-0.0	0.0	0.0	0.0	0.0	0.0	0.0	0.0	0.0	0.0
8734.363275184425	17.270879214322118	76289101.8228904	298.2832688357039	10544.789596234596	-7.0694186302480375	111192587.62885736	49.97667976969804	6438.687612768459	-0.4770308888109866	0.2275584688797999	41456698.174818	6771.14981496759	9817.583781762334	1.0736450000000002	46.245647	0.009450869999999995	0.0079786	-0.0726587217	-0.0712826581	0.140806412	0.054855148099999994	-0.025338286600000003	0.0314692373	-0.131560918	-0.0185504749	0.06690622759999999	-0.04962732190000002	-0.170822157	-0.0320351667	0.0116785846	-0.0193743459	-0.0597383585	-0.0732729417	0.0042085133	-0.08891768970000001	0.0904951405	0.0252777294	-0.155675871	-0.0706555266	0.10767849210000001	-0.0436776322	-0.0343473154	-0.0038196746	-0.053118378499999994	-0.0037150890999999996	-0.0481849628	0.06239548230000001	0.022097432	0.2055370964	0.0027855659	-0.09385540640000001	0.06527949940000001	0.0722801669	0.1720119987	0.1230251631	0.2021490154	-0.0559094541	0.0034133991999999998	0.1192790077	0.1009752204	0.013337303799999999	0.0352838622	0.09837925019999999	0.0321395652	-0.0382373302	-0.1600394126	0.0229778057	-0.0039589340999999995	0.029062889300000002	0.0451967095	0.0757630859	-0.0766147509	-0.0816004021	0.1807121093	-0.0075036466	-0.0263672607	0.0852735102	0.1917769585	0.0442870508	-0.0195797668	0.07991500879999999	-0.1313135177	-0.042300961799999995	0.0188880216	0.1256444871	-0.0802123659	0.09903055109999999	-0.0159619279	0.10018739410000001	0.06354135030000001	-0.0099381641	-0.055354746600000004	-0.1083747459	0.0817619538	0.0207889656	-0.0431589262	-0.0031263652000000004	0.094108665	0.0434582854	-0.0466336908	0.1416239362	-0.0046666712	0.1188490824	0.0049608307	-0.0685849555	0.0666977875	-0.0579612537	-0.1467110356	-0.0458941551	-0.0192598324	0.224781235	0.1091920009	-0.0451059574	-0.0714435944	-0.055332917300000006	0.0007324999	-0.0076190538	0.1507957236	0.039079599	0.0009040683	0.0701821066	-0.0712389821	-0.1074783688	-0.0166111332	-0.17179406879999998	0.0072721025	-0.060850370099999995	0.0489150472	0.1360643343	0.009040920400000001	0.0347944402	0.0630192454	0.0036137752	-0.079146414	0.2165485422	-0.1077001957	0.1306966767	-0.0037243543	-0.0275184517	0.0835515979	-0.09876071210000001	0.006590814300000001	0.1574737853	-0.012221268200000001	-0.040512105699999995	0.0330733276	-0.1337735342	-0.050245160700000006	0.0098917652	-0.21229707809999998	0.10461599419999999	-0.0809255639	0.0151773517	0.08932819119999999	0.08531874490000001	0.0360166364	0.0231539389	-0.0004423713	0.0565676506	0.1200538149	0.0	0.0	0.0	0.0	-0.00580315	0.00164337	3.36765499225e-05	2.7006649569e-06	0.0247481	-0.0078074999999999985	0.00061246845361	6.095705624999998e-05	0.000487758	0.0	0.0	2.37907866564e-07	-0.0	0.0	0.0	0.0	0.0	0.0	0.0	0.0	0.0	0.0
8753.22610374198	18.86282855755417	76618967.22322999	355.8063011916811	10581.993160948792	37.203564714196546	111978579.25836699	1384.1052274434107	6425.456099860071	-13.23151290838814	175.07293384484197	41286486.09122899	6754.985802437353	9868.191137878932	1.320518	56.87929499999999	0.14664064999999998	0.143674	0.1768024914	-0.114255541	0.0576791921	0.0755361692	0.1540054719	-0.0077076363	0.0756795981	-0.03217793	0.1164830058	0.0976463806	-0.036515194	0.0920062168	0.0510368361	0.0414537733	-0.0444308312	-0.0787033125	0.0240798796	-0.0096455401	0.010596015700000001	-0.052501902999999996	-0.06327939610000001	-0.0827356601	0.111196335	-0.0404897331	-0.0634493513	-0.11189303380000001	-0.1165735374	-0.0145531398	0.0361709897	0.050938636100000004	0.078916786	-0.1298376082	0.1245598637	-0.0585981726	0.1423487869	0.0224959536	-0.1030086549	0.0293985202	0.2251678339	0.054107088600000006	-0.0460693703	-0.0804600788	-0.0195153379	-0.0015731334	0.007937904300000001	0.0357089475	-0.080199519	0.1333606594	0.0101142922	0.0679681748	-0.1074724792	0.0763473151	-0.038490695899999997	0.1484862505	-0.0149200358	0.0292888554	-0.0379481576	-0.0298373979	0.09059387	0.042202638	0.1626337467	0.0667953173	-0.0418826642	-0.05711300160000001	0.059947573399999995	-0.080696849	0.1807771525	-0.0050716914	0.2318831436	0.052908089500000005	0.0219331562	0.14580280869999998	0.1141407643	-0.045461733399999996	-0.11891745210000006	0.0758073613	0.012491788600000001	0.1067194681	0.0699743408	-0.0297536669	0.049537444900000005	0.0464982528	0.0824672315	0.11798175970000001	-0.0167498202	-0.0509602068	-0.17029968260000006	-0.0232818923	0.0664227898	-0.033285465699999996	0.1089554537	0.0185051203	-0.050020570599999994	0.1804607276	0.048005175899999995	0.1069315677	0.1372873529	-0.019676891000000002	0.0485139642	-0.0003122529	0.006969653	-0.06951332519999999	-0.0872018088	-0.09491548359999999	0.0029231427000000003	0.0292755848	0.0340135368	-0.0679201309	0.031067050699999998	0.0254914195	0.0236120685	0.0884478118	-0.0072185566	-0.0168694667	0.0166106446	0.0684490611	-0.1603623262	0.07323943200000001	-0.1425570646	-0.10720946630000001	0.0322844818	0.0986161943	0.0722712037	-0.14773792800000002	-0.1258450234	-0.032940154	0.10244349789999999	0.0399683527	0.0920997974	0.12214790910000001	0.11229068369999999	0.1858438647	-0.0267364048	0.0178822236	0.0392042666	0.023252440200000002	0.0695539412	0.075078757	-0.0456144666	0.1591336343	-0.0326129664	0.1313812783	0.119163255	0.0	0.0	0.0	0.0	0.13783900000000002	0.14364215000000002	0.01899958992100001	0.020633067256622502	0.0277466	0.002998500000000001	0.0007698738115599999	8.991002250000007e-06	0.000487758	0.0	0.0	2.37907866564e-07	-0.0	0.0	0.0	0.0	0.0	0.0	0.0	0.0	0.0	0.0
8725.240378672315	-27.98572506966411	76129819.6656138	783.2008076748265	10558.81527926945	-23.17788167934305	111488580.10173395	537.214199141626	6424.1876967739645	-1.2684030861064457	1.6088463888443556	41270187.56338198	6754.675732221205	9807.012318942685	1.165952	50.221615	0.1389622	0.12555999999999998	0.0184397642	-0.0991520558	0.2015201359	-0.0520597262	0.0070753577	0.0081084484	-0.0375851823	-0.2231387609	-0.08713404599999999	-0.0344537963	-0.023953798999999998	0.1838325461	-0.1067853792	0.11129561240000001	-0.0500339645	-0.1576249642	0.0243641349	0.0700634207	-0.0299922271	-0.0170922349	0.1005694752	0.1561683455	-0.0399783961	-0.0545864268	-0.1515352633	-0.0723258023	0.045097208300000004	0.025559477999999997	0.0541960695	-0.1000684875	-0.0457441	-0.0190439071	0.0836059228	-0.0392944996	-0.0646092085	-0.021239371200000003	7.360859999999999e-05	0.1274700678	-0.007239654	-0.12019220119999999	-0.0415349502	-0.0923577754	-0.12210715400000001	-0.049387558899999996	0.0108545999	-0.0822014688	0.0032007297999999997	0.04986989730000002	-0.0707625177	0.1879624839	-0.0199974368	-0.011160831599999999	-0.0339469856	0.026904683999999998	0.037577621299999996	-0.0049014326	-0.10204634609999999	0.1959427544	0.0692509199	0.1273010931	0.0042356306	-0.052099241100000006	-0.1831965581	0.1306066253	0.0230240546	0.0314558151	-0.0382653479	-0.0728789477	-0.1743447041	-0.05845907440000001	-0.008743770500000001	0.09229641640000001	-0.0908997759	0.020806423	0.0639875855	0.0639531442	0.0077451016	-0.11179841970000001	-0.0365232765	-0.11228296900000001	-0.0481107597	-0.0526954651	0.0555501988	0.0468299138	-0.0750866166	0.027437684599999998	-0.0990470228	0.06517434650000001	-0.0412385003	0.0103042329	0.0108530577	-0.0850972768	-0.141097386	-0.0345776797	0.1058578232	-0.0798504163	0.1338723641	-0.0179751521	0.0321041309	-0.0683703486	-0.07845918730000001	-0.18828493899999998	-0.0047188885	-0.0791461578	0.0020013794	-0.0774280182	-0.050886007000000004	0.0114846541	0.1249704928	-0.0106975904	-0.0704731692	-0.0034254154	-0.06935429480000001	0.2442688291	-0.0096819469	0.0560078278	-0.0549072179	0.022348834300000002	0.047231005599999994	-0.0005185117	0.0806243306	-0.1149097175	0.0403635105	0.1599784482	0.0908133679	0.0668597905	-0.12674592839999999	0.0326253975	0.0219614569	0.010546910500000001	-0.0793556709	0.0830873283	-0.09111449740000001	0.010207116	0.062876348	-0.0486030335	-0.0063572963	0.138504265	-0.027867911800000002	-0.022044371899999998	-0.0462271663	-0.1326860159	0.1182009157	0.0	0.0	0.0	0.0	0.013085299999999998	-0.12475370000000002	0.00017122507608999994	0.015563485663690006	0.0419551	0.014208500000000002	0.00176023041601	0.00020188147225000007	0.000487758	0.0	0.0	2.37907866564e-07	-0.0	0.0	0.0	0.0	0.0	0.0	0.0	0.0	0.0	0.0
8693.864068540104	-31.376310132211074	75583272.4422527	984.4728375126912	10548.762662733496	-10.052616535953348	111276393.71468028	101.05509921892269	6421.576213277175	-2.611483496789333	6.819846054003043	41236641.06292722	6751.7927167523585	9804.761982059441	1.075538	46.327175	0.012764600000000004	0.010598200000000002	0.0135029785	-0.047626042300000004	0.07944396849999999	0.1647374567	-0.028902772099999998	0.012106062800000001	-0.0105495691	-0.0871050635	0.0935731745	-0.035769476099999996	-0.15265239279999998	-0.0350976548	-0.0099095411	0.012438973700000001	0.17407163760000002	-0.0804298993	0.077627209	0.0150276676	-0.042129443499999995	-0.0939879809	0.1784240599	-0.0199059869	-0.20307451829999998	-0.19996155289999998	0.0386849515	0.062464938899999996	0.0644362678	-0.0067592268	-0.0238728959	0.0935087849	0.0889744207	-0.019637103	0.041668415	0.0143382327	-0.030403904500000002	0.028378634700000002	0.0348228898	0.0763081699	0.0501317025	0.0391004169	-0.0851000397	0.0817253958	0.118203676	0.1330509674	0.0570967724	-0.1288504623	0.10120538890000001	0.0512587953	-0.0403132153	-0.022072429900000003	0.1486153386	0.10152361039999999	-0.0221982481	-0.037536406200000004	-0.10365109800000001	0.0178866639	-0.1209143138	0.0068050333	0.0144359578	0.0723874418	-0.0118040061	0.050580342699999996	0.0109027091	0.1343162877	0.044339266399999994	0.0167196322	0.0142370595	0.050549933	-0.0882641085	-0.2422216175	-0.10850679099999999	0.06280517719999999	-0.2024653616	-0.0748181245	-0.09666410880000001	-0.0161659924	0.0579745544	0.0429381141	0.0523511656	0.0699644173	-0.0479321697	0.044329194100000004	0.029141081699999998	0.1030366512	-0.0765463664	-0.0554435217	0.18519787280000002	0.053534022	-0.0201974961	0.0084684743	-0.0191731641	-0.0238567046	-0.0545773528	0.1012042298	0.0284144109	0.05922704490000001	-0.1158327088	-0.1569976613	-0.0776449722	-0.0909489852	-0.0601231577	0.0492997875	-0.1140050977	0.0089057103	-0.022433062900000002	-0.1713496716	0.0493114571	0.08684834	0.0920874405	0.14159124609999998	0.0626357547	-0.051320431	-0.0663204867	0.13117747529999998	0.0785842699	0.0026046143	0.0219371112	-0.0283500009	-0.005395745	-0.0760464161	-0.028324922000000002	-0.16930285260000005	-0.0036422136	0.1284849496	-0.006430953299999999	-0.016895743600000002	-0.1394605237	0.0255616613	-0.0983159809	-0.0098789654	0.1444648986	-0.1101175815	-0.1258440576	0.075401852	0.0656856913	0.0496190686	0.0036510788	-0.0190140699	0.11703540550000001	0.0755021292	0.0457246549	-0.1199116544	0.1171673765	0.0	0.0	0.0	0.0	0.0106308	-0.0024544999999999983	0.00011301390864	6.0245702499999925e-06	0.031645	-0.010310100000000004	0.001001406025	0.00010629816201000004	0.000487758	0.0	0.0	2.37907866564e-07	-0.0	0.0	0.0	0.0	0.0	0.0	0.0	0.0	0.0	0.0
8692.252758231425	-1.6113103086790943	75555258.01298182	2.596320910855518	10544.751337187141	-4.011325546356602	111191780.76310997	16.09073263885309	6411.087078459376	-10.489134817798913	110.02194922596144	41102037.52758878	6739.4299263671155	9540.823750596519	1.076863	46.384232	0.04961690000000001	0.0484291	0.1240076202	0.059271625	0.0484729478	-0.0870585299	0.062205964100000004	0.0126767902	0.12377962519999999	-0.1345060411	-0.0970296151	0.056129535300000005	-0.0139680291	0.0609605032	-0.0682844643	0.07008074519999999	0.0952845922	-0.0044835073	0.061906439	0.0738424102	0.09835595789999999	0.0396906246	0.1600577967	-0.07240569320000001	0.0249442199	-0.0702379552	0.0304713042	-0.0102532446	-0.0862504699	0.15965521970000002	-0.047774818899999995	-0.038887084	-0.08068348759999999	0.109689458	0.0247106834	-0.0024906449	-0.1315890709	0.146568532	-0.1189505303	0.0560854241	0.028485823599999998	-0.050413391200000005	0.017974952	-0.041140707900000004	-0.06523480400000001	0.1026592934	-0.0082264539	0.08467662	-0.0077080729000000014	0.0927028444	0.1076077775	0.0671042084	-0.050290878	0.1356759586	0.0486867042	0.0324576416	0.0548534491	-0.053201686799999995	-0.1657773496	0.1285839157	0.049428182800000005	0.031173222599999998	0.0733678584	-0.0853083551	0.0801093484	0.0502437936	0.0512715437	-0.1103918949	-0.1523657793	0.10397852490000001	-0.0860761784	0.056233088	0.06104219740000001	-0.10969930289999999	-0.029092630699999997	0.10022097769999999	0.0942573757	-0.09723439689999999	-0.0448506559	-0.11121157	0.1220304245	0.076492241	-0.043115204500000004	0.015130257099999999	-0.1827314082	-0.14786854119999998	-0.01162206	-0.1613977159	0.0266141937	0.1698681032	0.0110047871	-0.0044549057	0.1260151697	0.0043312969	-0.0876211367	0.0328954363	0.0184865289	-0.072181637	0.09331856960000001	-0.07518378469999999	-0.0009847586999999999	-0.026847805099999997	0.0085624726	0.0408610582	-0.16544611439999998	-0.1696934978	-0.0444545284	0.0160684983	-0.000261583	-0.0775948549	0.1462498261	0.0003832534	0.0782053784	-0.08278359910000001	-0.0774385341	0.18821691010000002	-0.050313338099999994	-0.0842315577	0.0064320831	-0.0606224595	0.018147443500000002	0.0943862151	0.0771389561	0.0705966861	-0.009690463199999999	-0.0957524119	0.0475101344	0.0782574367	-0.0434770265	0.0113658372	-0.078168867	-0.16501687140000001	-0.0853808142	-0.09419294550000001	0.15693617199999998	-0.07023253269999999	-0.021127170600000002	-0.014395485900000001	-0.0787913088	-0.0166047482	-0.10221231830000001	-0.08931335650000001	0.069557253	-0.0833445525	0.1160632601	0.0	0.0	0.0	0.0	0.059045000000000014	0.0484142	0.0034863120250000013	0.0023439347616400004	0.0304423	-0.001202700000000001	0.00092673362929	1.4464872900000024e-06	0.000487758	0.0	0.0	2.37907866564e-07	-0.0	0.0	0.0	0.0	0.0	0.0	0.0	0.0	0.0	0.0
8686.648423226898	-5.6043350045274565	75457860.82875034	31.40857084297177	10547.04786882082	2.296531633681297	111240218.7471978	5.2740575444988895	6419.0145782985655	7.927499839189295	62.8452537003463	41203748.15640951	6750.604274337511	9597.70205523708	1.354322	58.33538100000001	0.07151889	0.06735090000000002	-0.1571910091	0.056325471399999986	0.1309478785	0.0844235176	-0.032565462999999996	0.0213032315	-0.1586462291	-0.1358304031	0.0030440975	-0.0189157424	0.0049051606	-0.0244861109	0.1539166147	0.0088817424	0.15995686439999998	-0.0343915468	0.1641258275	0.0129527205	0.029801714700000002	0.0611955275	-0.008839241500000001	-0.1267047684	0.029674778	0.061077465899999996	-0.141508517	-0.0670460811	-0.1130429176	0.005588579399999999	0.1478375127	0.10939154220000001	-0.17446082370000002	-0.0101641692	0.0525530107	0.0036599647999999998	-0.0220009207	0.0916399109	0.1405046714	0.1236953117	-0.0709707087	-0.0194294354	-0.10490394199999999	0.0347604166	-0.0378727386	0.026054648	-0.0027961388	0.12198990859999999	0.0485455238	0.1563819425	0.0005736982	-0.034554345099999995	-0.0152397937	-0.07302365400000001	-0.0992022392	-0.1084274982	0.0590356356	0.1482287471	0.0937174433	-0.0725909209	0.148137024	0.09009062710000001	-0.0433028843	-0.0502544764	-0.1079551401	0.0515295823	0.0389916415	-0.06615325650000001	-0.0016307151	-0.1187371369	0.1016848198	-0.08955612660000001	0.0510988641	0.1715479996	-0.0104671704	-0.0573668231	0.13678265439999998	-0.0225632078	-0.1041489461	0.0025428571	-0.1041045616	0.07915387780000001	-0.0998223759	0.0878657122	0.008191459	-0.09103605990000001	-0.0067860443	0.013273936699999999	-0.027211218500000002	-0.058505135800000004	-0.0464277235	-0.09205647609999999	-0.1401338619	-0.082430325	-0.15719541880000001	-0.050412669800000004	0.0676635908	0.011832260800000001	-0.017808145	-0.06427229940000001	0.0745057141	-0.015109193	0.0350783181	0.011474523899999998	-0.1068594439	-0.0076929961	-0.0541044351	0.1895650888	-0.046488176	0.0803615236	-0.06422411160000001	-0.0745364042	-0.1612885804	0.0458439692	-0.107598296	-0.0672282139	0.1349728521	0.11730325429999999	-0.0150240835	0.053167592699999995	-0.0515605299	-0.1326021815	0.1613507961	-0.0521619959	-0.10853407300000001	0.0269630291	0.0391612683	-0.0811636508	-0.1396205975	-0.0659663777	-0.028960819300000006	-0.1325884222	0.0684989619	0.11328982230000001	0.115054852	0.1146133522	0.0151570557	-0.0081906258	-0.1046768457	-0.0922419015	0.0910278591	-0.029399016099999998	-0.0161159321	0.0162119513	0.11488923150000001	0.0	0.0	0.0	0.0	-0.008168089999999998	-0.06721309	6.671769424809996e-05	0.0045175994673481	0.0347481	0.004305799999999999	0.0012074304536099998	1.8539913639999986e-05	0.000487758	0.0	0.0	2.37907866564e-07	-0.0	0.0	0.0	0.0	0.0	0.0	0.0	0.0	0.0	0.0
8698.88084722567	12.232423998771992	75670527.99422958	149.63219688573298	10550.511663435176	3.46379461435572	111313296.36028168	11.997873130439693	6414.1331440103695	-4.881434288196033	23.82840070997591	41141103.98909235	6746.015777924893	9568.714056267585	1.144516	49.298298	0.02350819	0.0190802	0.0284756677	0.054385995300000003	0.0030686753999999996	0.1138135259	0.0794161221	0.0217014235	0.0236332046	-0.0537261117	0.1290910315	0.057016489000000004	-0.031201327999999997	0.0155253046	0.15807340050000002	-0.0995351676	-0.0538746071	0.058584455599999995	-0.1169744732	-0.2896552122	0.0277818746	-0.0518137841	-0.1008944246	0.0050288534999999995	0.05749956360000001	-0.0835185311	0.016744716	-0.0009172724	-0.049648987	0.0352914573	0.0721435804	-0.025148807599999996	-0.0495932942	-0.0510902103	0.0083339672	-0.005623365799999999	-0.0208466304	-0.0128684656	0.010779428	0.0324530952	0.078948867	0.09999432429999999	-0.058614901500000004	-0.046108856600000005	0.072378205	0.13032004490000001	-0.0448863724	0.0171151376	-0.0415722137	0.1921492492	-0.051054366100000005	-0.011556532900000001	0.163611378	-0.0060552424	0.0674324035	0.07430543049999999	0.054931520899999996	0.0074828789	0.0049309079999999995	-0.044554634100000004	0.0962468468	-0.030248667200000006	-0.1378741254	-0.043668628499999994	0.0215680192	0.0174372071	0.0353147264	0.0758607091	-0.0753705339	0.0422279863	-0.0643522992	0.0107109655	-0.0071782335	-0.124567005	0.0863935873	0.028208603500000002	-0.098244935	-0.107750957	-0.024911570600000002	0.108674298	-0.1309782288	-0.0675957074	0.0366024362	-0.0897985224	0.1363662907	-0.043336541799999996	-0.0407380345	0.0602627115	0.1128378962	-0.1038630749	-0.17073126260000002	-0.09604084859999999	-0.00047406879999999996	0.0148310873	-0.05963007820000001	0.0957708494	-0.0228918807	0.11094539980000001	0.007863940500000001	-0.1328448249	-0.027506362799999996	0.0814424229	-0.058375902699999996	-0.0111244117	-0.1304357825	0.027862172299999998	-0.0223976625	-0.0481618474	0.14152735060000002	0.030747331200000002	-0.1599173473	-0.0454025817	-0.0749530346	0.0789728375	0.057984860599999986	-0.0336286348	-0.031989392	-0.0411497323	0.107045976	-0.1245023144	0.0113998307	0.0613844995	0.0036028536	-0.0008125779	-0.0519849285	0.0333315343	0.0318497246	0.0556712521	0.1029209397	0.1547790412	0.169307077	0.052479359100000005	-0.0387925994	-0.061303393	-0.0275607402	0.0810547388	-0.09879636439999999	0.0089264364	-0.12623314019999998	-0.0316553233	0.21085061160000002	-0.0167934552	0.174235316	-0.016572466	0.11364599789999999	0.0	0.0	0.0	0.0	0.0102093	0.01837739	0.00010422980648999998	0.00033772846321209984	0.0296173	-0.005130799999999998	0.00087718445929	2.6325108639999977e-05	0.000487758	0.0	0.0	2.37907866564e-07	-0.0	0.0	0.0	0.0	0.0	0.0	0.0	0.0	0.0	0.0
8721.939771712301	23.05892448663144	76072233.38137683	531.7139984801711	10531.551280375388	-18.960383059788	110913572.37117648	359.4961257738957	6414.952751040095	0.8196070297253755	0.6717556831752525	41151618.79807688	6742.642504701206	9623.10488024367	0.9945250000000002	42.837654	0.0106474	0.00951649	0.09845496890000001	0.0035453960999999997	0.0842099291	-0.0952124823	-0.0237699596	0.0248407598	0.0978528633	-0.1118983985	-0.10941479039999999	-0.0677775916	-0.0411509865	-0.040916435	0.0359821973	-0.0023415408	-0.0731641097	-0.0003724614	0.025604632000000002	-0.1459680387	0.0678001273	-0.0224168438	0.0189859247	-0.007840316	-0.1474245341	0.1185470102	0.034778577799999995	-0.0720248249	-0.0317208794	0.16208832480000002	0.010734856999999999	0.18660507010000002	0.0635637651	0.025541119900000003	0.1153585874	-0.017503768700000002	-0.015213859299999999	-0.0438073703	-0.08736026029999999	0.07199548089999999	0.021137128300000002	-0.0280140556	0.065044867	-0.005808779599999999	-0.08625994460000001	0.1257863134	-0.0790573631	0.0361797047	-0.0248216411	-0.0929287421	-0.0641811523	0.18481370000000005	0.013066038899999998	0.0982875577	-0.0088199527	0.044825241200000004	0.041259939	-0.1051381705	-0.058993403300000004	0.09362415550000001	-0.0289284704	-0.0277033109	0.051968474699999996	0.0815160295	-0.0339741648	-0.1797800544	0.0036222328000000002	-0.12238269619999999	-0.11611519279999999	-0.11790132310000001	-0.1690844868	-0.0728501998	-0.0849586269	0.0288647938	0.1192477958	-0.035440011800000004	-0.011400621699999999	0.0648547149	0.054560087699999996	-0.040076147799999996	0.0528032104	-0.0156314942	-0.0704509221	-0.083730435	0.0075284612	-0.0213442381	-0.0174814488	0.0619932599	0.11137466509999999	-0.038843016	0.09984384240000001	-0.028902544199999998	0.0948797556	-0.0100608912	-0.103304224	0.0207655442	-0.0044002121	-0.1107720757	0.055401508700000004	-0.1054715925	-0.0566047429	0.034893271000000003	-0.0093385382	0.0024637598	0.1073204271	-0.1293471658	-0.08654192449999999	-0.09542090210000001	-0.100656954	-0.0002308729	0.007462131199999999	-0.0367956368	0.0148515676	-0.06334331	0.0085758548	0.20823323100000002	-0.1478012389	0.0128211797	0.1525036076	0.1946048466	-0.07410108509999999	-0.032463205099999996	-0.073705736	0.1198621662	-0.1169570933	0.0373980537	-0.015235529099999999	0.0083351976	0.034636022	-0.08096494629999999	0.0262914118	0.0032060248	-0.0457352162	0.084728156	0.0725773965	-0.0247380895	-0.044429637599999995	0.0413973792	-0.11734949089999999	0.0078312817	-0.0257511345	0.11753825960000001	-0.0033725312	-0.0881485963	0.1123343082	0.0	0.0	0.0	0.0	0.0196489	0.0094396	0.00038607927121	8.910604816000002e-05	0.028409500000000008	-0.001207799999999995	0.0008070996902500003	1.4587808399999878e-06	0.000487758	0.0	0.0	2.37907866564e-07	-0.0	0.0	0.0	0.0	0.0	0.0	0.0	0.0	0.0	0.0
8704.244307638875	-17.695464073425683	75763868.96706377	313.12944877389907	10542.703465008692	11.152184633303476	111148596.35110629	124.37122209529022	6421.7182659986765	6.7655149585816625	45.77219265479222	41238465.48786105	6753.312918507966	9809.18423975772	1.281554	55.201	0.03915612648402	0.0289926	-0.1335106986	-0.0162866406	0.0446587268	0.10273962	0.1513609406	0.037304666	-0.1458851644	-0.16125038279999998	0.09406784779999999	0.09893056550000001	0.0532291217	0.0513643253	0.045324956500000006	0.15134875960000002	-0.0064560523	-0.0323588873	-0.0446913332	-0.0696975311	0.0171010151	-0.0532418913	-0.1941621268	0.0007001911999999999	0.1061640757	0.0428327499	-0.2117362227	0.0960908357	-0.088464683	-0.0219008752	0.023331229	0.0356509599	0.0588750715	-0.06789599269999999	0.059091695	0.0855568243	0.1136372443	-0.09271341720000001	0.078600781	0.09815436970000001	-0.045711424199999996	0.06973579719999999	-0.11639655	-0.0916570187	-0.0158018909	-0.0359497389	-0.0607278565	-0.0361639114	-0.0202015139	0.11655712300000001	-0.0817752857	0.041508792	0.1324572997	-0.0072655488	-0.015261451	0.030840590499999997	0.034853280800000004	0.0105231856	0.0588517511	0.0459320599	0.09000483039999999	0.0520331685	-0.0016736848999999998	-0.2066024116	0.0028306159	0.0604925607	-0.004030220300000001	-0.018036643300000002	0.0005589357	-0.0298597267	0.0111112207	0.10492256119999999	0.1661617499	0.0596270688	0.0810357686	0.1587397741	0.04230555440000002	0.1301480452	-0.044261402400000004	0.0084926214	0.1124459803	-0.0899560773	-0.0121618677	-0.0421658561	-0.0036487603	-0.0017874835999999999	-0.0612502958	0.04558861349999999	-0.0669473933	0.12695956419999999	-0.004013481	0.013087490700000001	-0.0917207798	-0.0475768062	-0.15580258660000001	-0.0290311327	0.001876619	0.1158515966	0.054045575	-0.0170498174	0.0546891758	-0.0057222051	-0.0754640008	-0.1252292511	-0.0630012341	0.0542547668	-0.0414198701	-0.028105976	0.0616804632	0.0192266369	0.0056053754	0.0038621658	-0.0923812485	0.1638967101	-0.0776841904	-0.0063507389	0.017337650700000002	-0.0426401084	-0.0001625835	-0.0684886453	0.0276112983	0.042933190499999996	0.0989372765	0.0027661356	0.0704416989	-0.114571175	0.08945492320000001	0.1129068606	0.010575201000000001	-0.0060960183	0.08119751480000001	0.0820368506	-0.052247768	0.12749557849999998	0.20028831390000001	-0.0389618775	0.1268780915	-0.1398423442	0.013682226399999999	0.0531680606	-0.078619671	-0.1134045025	-0.0726324605	-0.0437481361	0.1109549526	-6.48402e-09	-6.48402e-09	4.20425153604e-17	4.20425153604e-17	-0.00797927	-0.02762817	6.36687497329e-05	0.0007633157775489	0.0371733	0.008763799999999995	0.00138185423289	7.680419043999992e-05	0.000543041	5.528299999999994e-05	3.056210088999993e-09	2.94893527681e-07	-0.0	0.0	0.0	0.0	0.0	0.0	0.0	0.0	0.0	0.0
8684.680816484757	-19.56349115411831	75423680.88421835	382.7301861372654	10523.685710972046	-19.017754036645783	110747960.94331722	361.674968598357	6419.9410292139255	-1.7772367847510395	3.1585705890722133	41215642.81858436	6753.9870700695665	9713.227640648167	1.136537	48.954605	0.024566280053480005	0.0169438	0.0056750625	0.0321854926	0.0525439428	-0.1073676418	0.026687247200000003	0.0538105205	0.0195405204	-0.0149204776	-0.0902703401	0.0955279666	-0.1264741911	0.0420673938	-0.0030921904	-0.038688405	0.0567311367	-0.11137957890000001	-0.0584121435	-0.0042613959	-0.1111305158	0.0421305731	-0.1006153727	0.0206614306	-0.0348618161	-0.1650050432	-0.0283934754	0.0030685585999999996	-0.09852101949999999	-0.0092851985	-0.09820426060000001	-0.063591817	0.1742285095	0.10260363939999999	-0.0776504643	0.1190622098	-0.1507705795	0.0059615463	0.0090969038	0.014185214	0.0179412692	0.048621755700000005	0.1131685659	0.021717128999999998	-0.009293350300000001	-0.005610576700000001	-0.0403581947	0.018415594	0.010938151699999999	0.0558643976	0.1464749111	0.1037930508	0.1404488449	0.008176714100000001	0.1182578351	0.0561157895	-0.0467300228	-0.1365929717	-0.0708519966	-0.1191070092	0.0517149198	0.09700028869999999	0.0289342077	0.0439922619	-0.0688207488	-0.1747186213	0.1745913986	0.1008397925	-0.055911849900000005	0.0078061967	-0.0874260435	0.0010255353	0.0090432384	-0.0470701084	-0.2110785764	0.022788036400000003	-0.0252432358	-0.0283008367	-0.0668846883	-0.1139995743	0.040241953500000004	-0.0516709728	-0.014562716299999999	0.1182588159	-0.025884433	0.1008461246	0.0708647202	-0.0262417196	-0.0126899323	-0.0640227069	0.1504872865	-0.252383932	-0.0046447929	0.032340150299999995	-0.0088068358	0.0730823531	-0.077000672	-0.082973672	-0.0272804404	0.022724704199999998	0.0445899851	0.0127865504	-0.0451614922	0.0348688674	-0.0771203888	-0.1020081786	-0.053203296	0.0062104526	0.1621004912	-0.0051251872	-0.1376989076	0.2359455548	-0.0327905863	0.0280830007	0.0468109104	0.18474331219999998	-0.035148184	0.125068194	0.034521807599999996	-0.1033243334	0.01379702	0.1050612482	-0.13341472640000002	0.0223163179	-0.0107853501	0.05613270980000002	-0.042797775999999996	0.023017686800000003	-0.1875338541	-0.014300041599999999	-0.0514005934	-0.0329230069	-0.04540298139999999	-0.0816857347	-0.020014799	-0.12307324119999999	-0.015309381399999999	0.1763340191	-0.047228484	0.0527895476	-0.0295592061	-0.0621081951	-0.2104682916	0.1375425858	0.10950876179999999	-6.43054e-09	5.3479999999999695e-11	2.860110399999967e-21	4.13518446916e-17	0.00549381	0.01347308	3.01819483161e-05	0.0001815238846864	0.0269768	-0.0101965	0.0007277477382399999	0.00010396861225	0.000560975	1.793400000000005e-05	3.216283560000017e-10	3.14692950625e-07	-0.0	0.0	0.0	0.0	0.0	0.0	0.0	0.0	0.0	0.0
8679.49094546524	-5.189871019516431	75333563.0724131	26.934761199216517	10533.14620460427	9.460493632224825	110947168.96756937	89.50093976536648	6404.319278339879	-15.621750874046485	244.0391003707721	41015305.41891583	6736.183512397502	9512.27617925172	1.0481	45.145306	0.02873364643054	0.0230446	0.09037318679999999	0.10254106199999999	-0.0354795481	0.1373124101	-0.0012728148	0.0260353973	0.11132319	0.028157803399999997	0.1361629112	0.014564403600000001	0.054119796	0.0013586156	0.0385044639	0.0063977031999999994	0.189322133	0.0023504478	-0.007513968	0.0676771152	0.0879558424	0.0425497339	-0.1213555219	0.0491615244	-0.0423483694	0.0233210455	0.1471643719	-0.0908415482	-0.0274073602	-0.10609137699999999	-0.0506088491	0.011894929299999999	0.1283045101	-0.11599845689999999	0.2067278066	0.0465529046	-0.0409522109	0.0027643369	-0.1020764401	-0.0071114611999999995	-0.0263557235	0.1314401766	-0.060033620499999996	0.00019352020000000002	0.0177785859	-0.0276666434	0.0368448511	-0.003499656	0.1355633843	0.0576900197	0.0082097575	0.1527618102	0.1520087878	0.027150201699999998	-0.0181580893	-0.1552055223	-0.0136799575	0.0830334719	0.0348699576	-0.0826080961	-0.0132211823	-0.0046868482000000005	-0.005255404	0.0770123571	-0.14616587	-0.171197367	-0.0362438314	0.1236745078	-0.08704016310000001	-0.0331873758	0.0024051892	0.1026447945	-0.0172546443	0.117372221	-0.083070532	0.1976806202	-0.0380597948	-0.0536752364	-0.0136397152	-0.025849453900000003	0.0038504051	-0.06924564009999999	0.056025134500000004	-0.060645270999999994	0.0493718321	-0.075810668	0.0314001016	-0.1094109487	-0.0154805021	-0.022005149300000002	0.0111442008	0.0087496726	0.10718107269999999	0.0422862887	-0.04036355	-0.0201118807	-0.0451144136	0.1168730995	-0.0599667946	0.0025115822	0.0363949568	-0.1095083008	-0.014962742099999999	0.0223084753	-0.0095291218	-0.0681505872	-0.0950656802	-0.07751612849999999	0.0400345781	0.1534067919	-0.0943789051	0.1129995933	-0.19289345530000002	-0.08970395939999999	0.0775225245	-0.0631285266	0.0020586858	0.15128285460000002	0.10710605720000001	0.025452040800000002	-0.08064644480000001	0.09025452699999999	-0.0782319613	0.022344602	0.1039343721	0.0155472164	-0.09447416869999999	0.1167856733	-0.042057490700000005	0.0625613945	-0.0083435581	-0.0307741329	-0.0912071943	0.0051302727	-0.0334503502	-0.0383485867	-0.0401421211	-0.0780266237	-0.0977027565	-0.011840391	-0.1134575135	0.0415762724	0.0672956106	-0.048350304299999994	0.107996607	0.0	6.43054e-09	4.13518446916e-17	0.0	0.028337900000000006	0.022844090000000004	0.0008030365764100003	0.0005218524479281002	0.0247481	-0.0022286999999999997	0.00061246845361	4.967103690000002e-06	0.000487758	-7.321699999999999e-05	5.360729088999998e-09	2.37907866564e-07	-0.0	0.0	0.0	0.0	0.0	0.0	0.0	0.0	0.0	0.0
8676.595474719192	-2.895470746048886	75283309.03191756	8.383750841224892	10540.994787828184	7.84858322391301	111112571.11702092	61.60025862268874	6407.3227863331185	3.003507993239509	9.021060265453624	41053785.2882636	6742.240817947602	9526.997985627517	1.142191	49.198128	0.03932990597745002	0.0275612	-0.0699206915	0.10520788460000001	0.08846648550000001	-0.1029592766	0.0592330379	0.029149551200000002	-0.0754939949	-0.0951878372	-0.15763743730000002	0.0039129703000000005	0.0631809538	0.047923554800000004	0.0515808221	-0.011192423100000001	0.1650515752	-0.0204396885	-0.1262459359	-0.0566560531	-0.0753371199	0.1367325376	0.026324490099999997	0.006481689499999999	0.09353857789999999	-0.0434105339	0.036677821	-0.1595012762	0.08516327609999999	0.0483933388	0.1790363723	0.1021939282	0.0487041875	0.0537818303	-0.0796845208	0.0821037126	0.084909623	-0.0988892976	0.0232450609	0.058211787699999996	-0.1399694798	-0.0515394116	0.0342010534	-0.035107856	-0.1018441276	0.0142065298	-0.0102808104	-0.0227520256	0.0415541335	0.1602317483	0.0269403798	0.0661874355	-0.1157347017	0.060595773099999986	0.0262047018	-0.09838572779999999	-0.0076232129000000015	0.0039113255	-0.1481122164	-0.1371825643	0.025582984	0.2042632297	0.09284354759999999	-0.1348173391	0.1355300938	-0.1355563464	0.024370276200000002	0.07655663	0.07158169240000001	0.0838613773	0.11485172839999999	-0.018232710200000002	0.0113687372	0.0243272435	0.021575391	0.07752319099999999	-0.036158256	-0.0012050783	-0.0183641693	0.0061278982	-0.0571248524	0.0258324505	0.11569832669999999	-0.0881316763	-0.022129433799999997	0.1629267337	-0.1014527575	0.1555445093	0.1426160536	-0.1599598746	0.0692737277	0.045031167000000004	-0.0353962319	-0.0301305415	-0.10158208449999999	-0.11865285810000001	-0.0397160639	-0.1165718966	0.0460802388	0.014959002800000001	0.0053473076	-0.0772571819	-0.0800111862	0.0009928025	-0.1502168347	-0.061698167400000004	0.046476432000000005	0.15756207949999998	-0.021211206200000002	-0.0709549672	-0.062089596399999995	0.1346032644	0.0038086353999999996	-0.0235790445	0.124057974	0.0439239837	0.2438744272	-0.0132552245	0.1242190542	-0.1460806595	-0.0001360898	0.021774454	0.1157912577	0.1471243043	0.0510681132	-0.1359804867	-0.10657118619999999	-0.0587379589	-0.0320006438	0.0607072675	0.0691264405	0.0348132363	0.0208935317	0.06209979490000001	-0.0968514317	0.0134271277	-0.0647364416	0.0073533792	0.11146452400000001	0.0447662361	-0.0175201992	0.0263280973	-0.0097617772	-0.0230223634	0.1064193991	5.97745e-09	5.97745e-09	3.5729908502499995e-17	3.5729908502499995e-17	0.00278255	-0.025555350000000004	7.7425845025e-06	0.0006530759136225003	0.034794300000000014	0.010046200000000009	0.0012106433124900006	0.00010092613444000018	0.000562325	7.456699999999999e-05	5.5602374889999994e-09	3.16209405625e-07	-0.0	0.0	0.0	0.0	0.0	0.0	0.0	0.0	0.0	0.0
8671.98735880023	-4.60811591896163	75203364.75119099	21.23473232258759	10522.367161812344	-18.62762601583927	110720210.68798678	346.9884509859719	6404.0992229143885	-3.2235634187300093	10.391361114574305	41012486.85693268	6736.937349624008	9479.041226271447	1.000001	43.073524	0.013312205081850005	0.0110004	0.0144311679	0.0935803353	0.0580917269	0.0063550315	-0.13921914359999998	0.0332714496	0.0445065006	-0.0386547642	-0.0296905371	-0.13565022029999999	-0.0784033954	0.0039655393	0.193779208	0.0435791625	0.0556967649	0.0920218656	0.0312451156	0.0080106686	-0.021098957	0.0207979963	-0.017979722099999998	-0.0254860203	-0.0717696841	-0.0070391049	-0.0969164454	-0.0554791861	-0.0083509677	0.0506217003	0.0664234799	0.1450713126	0.08743353220000001	-0.0202001229	0.0202048358	0.0197288252	0.0561022413	-0.1484059199	-0.030721370699999997	0.022000967200000002	-0.047587184000000005	-0.0283505504	0.056636994800000014	0.1726142451	0.0863911031	-0.0421122372	-0.1702098757	0.19925269210000002	0.0065589099	-0.0229465765	-0.0415102652	0.0493134756	0.0140795288	-0.0588395097	-0.0792681552	-0.0294722186	-0.012006028500000002	0.0052203645000000005	-0.06052778	0.07892201410000001	-0.0419703374	-0.11501711279999999	-0.00345826	0.016708926399999997	0.0801182797	-0.1203865262	0.1264749972	0.2146634052	-0.0181852078	0.159896743	0.0685833288	0.1236568193	-0.137361561	-0.0151830666	0.0335500308	-0.0726418297	0.0392812436	-0.07720969849999999	-0.1037851101	-0.0484272401	-0.0160070703	-0.033723281800000005	0.10453380179999999	-0.10382643050000001	0.026420064	0.0328871585	-0.0932884091	0.008197009	-0.0737325541	0.010967892199999999	-0.0393751635	0.11510172199999999	0.0418784139	0.0081263501	-0.028250693700000006	-0.0189815683	0.0183449112	-0.0946191131	-0.1561369154	-0.1302245818	0.2198989914	0.0779170778	0.049282828499999994	0.0073525472	0.0672412268	0.0646977114	-0.1163430074	0.0521376917	-0.0100682574	-0.0061972247	0.026738035499999997	-0.032108254700000005	0.0132194789	0.0107501531	-0.0415539116	-0.0546712022	-0.0627227331	0.0173531032	0.16297739619999999	-0.1372298248	-0.0524126796	0.1067020907	-0.0443480463	0.0615859379	0.0654064283	-0.0226067946	-0.1066371931	-0.2014234838	0.0108239827	0.1195768168	-0.0675566392	-0.021295571099999997	-0.0453467145	0.042091798300000004	-0.1688979483	0.044207438099999996	-0.192519391	-0.06337154610000001	0.0366319838	0.0652119468	-0.0062348672	-0.1051461818	-0.0289410452	0.0379463827	0.10477808820000001	1.1059299999999998e-08	5.081849999999998e-09	2.5825199422499978e-17	1.2230811648999996e-16	0.0132279	0.01044535	0.00017497733840999996	0.00010910533662249998	0.0348224	2.8099999999989245e-05	0.0012125995417599995	7.896099999993957e-10	0.0006191	5.677500000000001e-05	3.2234006250000013e-09	3.832848100000001e-07	-0.0	0.0	0.0	0.0	0.0	0.0	0.0	0.0	0.0	0.0
8699.440288985994	27.45293018576376	75680261.34163271	753.6633757844191	10536.584728940392	14.217567128047447	111019617.75013988	202.1392150405354	6411.8163672345	7.7171443201114025	59.554316457427674	41111389.12713622	6738.320499880831	9440.300015492365	1.043722	44.956745	0.030977700648299994	0.0297627	0.10983959410000001	0.09847127650000001	-0.0496797542	0.0712756712	0.0891517457	0.0277505312	0.1134151967	-0.0458345372	0.0627681841	0.08775710789999999	0.0563556812	0.055021075	0.1782071269	0.0917028119	-0.0671690002	-0.0091282211	0.0970679509	0.0667473285	-0.1010554558	-0.078290112	-0.0775544254	-0.1722892214	-0.10015567339999999	0.0952397785	0.0182867965	-0.1611498482	-0.0177805723	-0.10146970179999999	-0.0652782051	0.017534441499999998	0.0503250897	0.08564498970000001	-0.1256261918	0.1231944629	-0.11896003720000001	0.032347298999999996	-0.1081951412	0.0025238772	-0.019894939	0.0716725688	-0.0773140603	-0.028155945099999996	-0.0597503765	0.0074677787	-0.0279194228	-0.0249762357	-0.0441059968	-0.013027593600000002	0.0639911691	-0.0325414875	0.1416572074	-0.0367977668	-0.0318501311	0.12548211310000001	0.1705431358	-0.09475547529999999	0.0739303317	-0.057876218	-0.0644049257	0.0012825032	0.0608742151	0.0735184873	-0.0371684634	-0.21282486949999999	0.07817859440000001	-0.056810015	-0.07246676120000001	-0.031141216099999997	-0.0765831731	0.0619789989	-0.0603032071	-0.1276392854	0.1942990923	0.0158859666	-0.0026112514000000003	0.1649587147	0.0043421613	0.1006394149	-0.1401868286	-0.0096876616	0.1066503659	0.0401853823	0.0193665998	-0.0640886513	-0.1528197976	-0.2292337343	-0.0038442557000000002	-0.0333750886	0.0370206152	0.0485638722	0.1103928142	0.0328634893	-0.0887593734	-0.028698529700000006	-0.0118116344	0.09438096929999999	0.050126358499999996	-0.0215168485	0.0087899215	0.0939801718	-0.016637764399999998	0.0730784959	0.014870948	-0.0448307665	0.054642503200000005	-0.1045039599	0.031068998799999997	0.09068222029999999	-0.1388151139	-0.10909972679999999	-0.0006667159	0.0374440463	0.0467929383	0.1228566964	-0.12322027949999999	0.1675411667	0.1039558416	0.055704530700000005	-0.059265044100000004	-0.023452039100000002	-0.0584917313	0.054979062599999996	-0.15369349300000001	-0.10430917960000001	-0.0044448326	-0.0181632408	0.060535099400000014	0.07672631860000001	-0.0140263747	0.0791331332	-0.043270417699999994	0.071692623	0.1249262603	0.042022395	-0.0916609864	-0.0277625558	0.1030903866	0.1604864197	0.0274257465	0.0211093766	-0.12551377789999998	0.041959341500000004	0.1030736628	1.17076e-08	6.483000000000016e-10	4.202928900000021e-19	1.3706789775999999e-16	0.0428801	0.0296522	0.00183870297601	0.0008792529648399999	0.034825	2.6000000000053762e-06	0.0012127806250000002	6.760000000027954e-12	0.0006455580000000001	2.645800000000004e-05	7.00025764000002e-10	4.1674513136400006e-07	-0.0	0.0	0.0	0.0	0.0	0.0	0.0	0.0	0.0	0.0
8701.799406683775	2.359117697780676	75721312.91416208	5.565436311981994	10535.710785108806	-0.8739438315860752	111001201.747458	0.7637778207673502	6412.001840718846	0.18547348434640296	0.034400413395595394	41113767.60538188	6742.211291623426	9612.854665446506	1.110341	47.826237	0.04595049815648999	0.0396353	-0.05346884	0.0240474906	0.1075521553	-0.10814079720000001	0.026812090499999996	0.0323014504	-0.0607375488	-0.1724330578	-0.1355392156	0.0152137396	0.012457379199999999	0.0633070086	-0.0043497373999999995	0.09870875	-0.07565998139999999	0.029143397	-0.026013427000000002	-0.0540287278	-0.0956864607	-0.005994696	0.0659124912	0.0577134787	-0.0668939249	-0.08403907949999999	0.104469563	-0.0738292898	-0.0012469393	-0.0167484055	0.0967735906	0.0298490932	-0.0792777626	0.0331821038	0.030069051099999997	0.039314586400000004	0.045185463200000005	-0.0130289793	0.006653484300000001	0.0909165401	-0.08537920789999999	-0.021513056200000002	0.070819943	-0.0888632255	-0.1446116019	0.09849549310000001	-0.0530399349	0.0387263065	0.1115113068	0.1264885514	-0.026208231600000003	-0.0684386295	-0.0750036713	-0.0784201119	-0.1467594214	-0.0833319757	0.06875590940000001	-0.041228982000000004	0.13889061800000002	0.0866797166	-0.032048358799999996	0.045771363899999994	0.0792196208	0.10751472599999999	-0.0211383185	0.1490066765	0.0634795747	0.0308251461	-0.10399703460000001	-0.19550676050000002	-0.1803116727	-0.0799447521	0.030758174500000002	0.05072013400000002	0.0897698484	-0.0607137704	-0.1202659611	0.1579104244	-0.043407235499999995	-0.06473731349999999	0.1288051308	-0.0388946228	-0.0093844879	0.0933291251	-0.09478314439999999	0.1121280297	0.037604010800000004	-0.0578552237	-0.0551493146	0.0137119919	-0.0415409182	0.1381422088	-0.0077242541	-0.0483668912	-0.14808246449999998	-0.06160026110000001	-0.0383737906	-0.09881399910000001	0.12525867640000002	-0.0582723941	-0.0353587123	-0.0403523697	-0.0706339794	0.0683985361	-0.0393260285	0.0168625694	-0.092515457	0.1011665831	-0.10640759109999999	0.1109006597	0.0350173737	-0.17651856289999998	-0.0115047277	0.0311303679	-0.0875503467	0.0950320036	0.0926625044	0.0780792336	-0.1102168311	0.0206718181	0.0684376088	0.054705584800000005	-0.1083129048	-0.0063744941	-0.1451025058	0.19542456030000002	0.0314144092	0.1346872539	0.0007697629	-0.0412233245	-0.0004490942	-0.0531678413	0.0641994351	0.13653542230000001	-0.014705488899999999	-0.1493301039	0.1479249307	0.0283493158	0.20157471719999998	-0.042923966699999996	-0.0166761114	-0.0201925954	0.07149049440000001	0.08766803320000001	0.10130714980000001	-6.44889e-09	-1.815649e-08	3.2965812912009987e-16	4.15881822321e-17	0.00374787	-0.03913223	1.40465295369e-05	0.0015313314247728995	0.03809	0.003264999999999997	0.0014508480999999998	1.066022499999998e-05	0.000574493	-7.106500000000004e-05	5.050234225000005e-09	3.3004220704900003e-07	-0.0	0.0	0.0	0.0	0.0	0.0	0.0	0.0	0.0	0.0
8682.359301886025	-19.44010479774988	75383363.04704678	377.917674547498	10515.530581224491	-20.180203884314324	110576383.40466751	407.2406288124949	6409.375573940311	-2.626266778534955	6.89727719203637	41080095.24782269	6742.399921619118	9711.064268341219	1.060879	45.695736	0.029363000890990008	0.0201005	0.0100794113	0.0054980297	0.0103922249	0.11246720880000001	-0.078872999	0.0463753866	0.0384229156	-0.022604237599999997	0.05655820950000001	-0.0168551201	-0.08667922380000001	-0.1201031419	-0.0927692334	0.055057464800000004	0.1482037947	0.1356536269	0.04033428	0.0293156963	0.0039036233000000003	0.052542468499999995	-0.06573088839999999	-0.044125395899999996	-0.16831678320000001	0.0162958077	0.0491427074	-0.029711079799999998	-0.0548911577	-0.0728978775	0.0733047092	-0.0438834018	-0.08477316119999999	0.026912507000000002	-0.0394264321	-0.024796347799999997	-0.11857029029999999	0.0834031059	-0.039624173799999995	0.027319064100000002	-0.0169916137	0.0916538716	-0.0032183449	0.15230609380000001	0.0321528206	0.151152923	-0.0334195453	0.0436994471	0.051023085700000005	-0.048595504299999995	0.1111667707	0.0214197268	0.0716594266	0.0457592054	-0.0156917118	-0.054550329	0.0750755851	-0.0067471909	-0.0179910105	0.010040181700000001	0.12274099599999999	-0.1553528358	-0.0287045894	-0.0084126638	-0.0911167323	0.0390813395	-0.0003329453	-0.0223679477	0.0415211525	0.1364525034	0.0675936573	-0.041162327	-0.0204506543	0.1063355575	-0.0911056108	-0.0001109451	0.0677338896	-0.0911067292	0.0027761257	-0.010507426200000001	-0.08590566300000001	0.0111215454	-0.08502561019999999	-0.0135195467	-0.1202808107	-0.1639114377	0.033386415600000004	0.0046975511	-0.09604127789999999	0.07791392379999999	0.08759393130000001	-0.127024639	0.0339507245	0.034959382000000004	-0.0397552901	0.026312298300000002	-0.0158487967	-0.0089520005	-0.162955321	-0.0559148029	-0.0581286555	-0.0195689928	-0.0019664293	0.0829793646	0.01924825	-0.0669554928	-0.1225045959	0.0210528933	0.038177966699999996	0.0395010052	-0.0342933495	0.0665725542	-0.017181336499999998	-0.0461572367	-0.108057825	-0.060568773099999994	-0.1122086794	-0.0193479086	-0.016841452399999998	-0.0400845741	0.0745417644	-0.08800777189999999	0.086343926	-0.08322600150000001	0.0778301211	-0.0287221756	-0.0373338367	0.0050178981	-0.011457976000000002	-0.09513086679999999	-0.0873096081	-0.13945361609999998	0.007112076700000002	-0.0327705272	0.10957259970000001	0.1245005639	-0.0399313722	0.12538221300000002	-0.1176508285	-0.0739080894	-0.1041474941	-0.0715285302	0.0099896095	-0.0014748931	0.0994796131	1.44421e-08	2.089099e-08	4.3643346318010005e-16	2.0857425241e-16	0.0146418	0.01089393	0.00021438230724	0.0001186777108449	0.0408629	0.0027729000000000018	0.00166977659641	7.688974410000009e-06	0.000888416	0.00031392299999999997	9.8547649929e-08	7.892829890560001e-07	-0.0	0.0	0.0	0.0	0.0	0.0	0.0	0.0	0.0	0.0
8675.494301301056	-6.865000584968584	75264201.37190709	47.128233031619004	10534.224725207368	18.694143982876998	110969890.56117028	349.4710192525361	6408.201635286011	-1.1739386543004002	1.3781319640606349	41065048.19848231	6739.940688653074	9546.08638768413	1.010274	43.51601	0.029189275146500007	0.017145899999999995	0.1043719668	0.0759365856	-0.0342936087	-0.0762210899	0.056714678399999996	0.0345218289	0.1290653568	-0.011250752900000001	-0.0925376599	0.11099535140000001	0.0795218967	-0.0234634131	-0.0010768952	-0.08567668710000001	0.172529218	0.1524294053	0.03537951	0.0182277725	0.0995803468	-0.10480834359999999	-0.0241137708	0.023388529100000003	0.053878795	-0.021509127599999997	0.012366778899999998	0.0033058228	0.041503329	0.0605344422	-0.1154918281	0.030465172000000002	0.07428415690000001	-0.0073341347	0.0217253127	-0.0162761214	0.1230687191	0.0023967458	-0.1246357941	-0.0035795009	-0.0532793735	0.055014145599999995	0.044212710999999995	-0.0122992925	-0.07878561070000001	-0.14300595060000001	0.0468449924	0.0656458471	0.1596202003	0.0514250932	0.0096560742	-0.0243280751	0.07365001809999999	0.0644511474	0.1369967621	0.0876372789	-0.09342649210000001	-0.0280121234	0.0349219746	0.0342655369	-0.0054754546	-0.0808425524	-0.0099014966	0.0245197165	0.0180103783	-0.09964203279999999	0.0347017972	-0.07700644570000001	-0.14045097609999999	0.05589941599999999	0.0523290529	0.018276677800000002	0.0257933601	0.0695341165	-0.0152352724	0.0445987459	-0.22849931629999998	0.1475695595	-0.0786582786	-0.1704202198	-0.1147042361	0.0415253882	0.1049512184	-0.08534886539999999	-0.023128390800000002	-0.0041965144	-0.0512405252	0.1650145983	0.0619027287	0.1529921447	-0.0810599448	0.0580837964	0.113927496	0.0376991201	-0.041052538799999996	-0.0442654438	-0.0747738698	-0.0279826372	0.0399760354	0.1379426648	0.0770118037	-0.1256329455	0.0428501011	0.1090463723	-0.0769255193	0.0026937614	-0.0732339268	-0.1143185462	0.1018639751	-0.067617629	-0.0123231759	0.047736390499999996	0.0469655095	0.012117475	0.050986059199999996	-0.0584469146	-0.14030658029999998	-0.0077851888000000005	0.0400627159	-0.0388596455	-0.025218168500000002	0.0577641954	-0.0351721088	0.08558493	-0.07327053509999999	-0.08744393980000001	-0.051800396799999995	0.1405619568	-0.081699544	0.0049972925	-0.1318407198	0.0406323685	-0.0499261435	0.1682005482	0.017712628600000002	0.006738075	-0.0765644856	0.019082148400000002	0.0519306939	-0.16662932689999999	0.06797745200000001	-0.1335196165	0.1667123284	-0.1205965407	0.0975921536	-1.07044e-08	-2.51465e-08	6.323464622500001e-16	1.1458417936000002e-16	0.0234142	0.0087724	0.00054822476164	7.695500176000001e-05	0.0287031	-0.012159799999999998	0.0008238679496100003	0.00014786073603999996	0.000723275	-0.00016514100000000005	2.7271549881000017e-08	5.23126725625e-07	-0.0	0.0	0.0	0.0	0.0	0.0	0.0	0.0	0.0	0.0
8661.016929486053	-14.477371815002696	75013214.25284402	209.5942946698345	10513.173956650231	-21.050768557137413	110526826.64278868	443.1348568461654	6398.908683797593	-9.292951488418113	86.35894736609241	40946032.34358024	6732.874624588627	9549.600169625792	1.0344	44.555191	0.027050419912	0.0192877	-0.0359116265	0.07680410929999999	0.018807357099999998	0.044265834000000004	-0.12362397779999999	0.053311374	0.003022414	-0.0614728714	0.0050608899	-0.0929328049	0.0814624571	-0.09125033630000001	-0.0517052209	-0.024095305600000002	0.1275689727	0.0855366649	-0.0129537649	0.002228192	0.002361476	0.0045384495	-0.1015736681	0.0672014616	-0.0159189569	-0.014300790700000001	0.1687448903	-0.0986532192	0.0158054634	-0.0643232876	0.0598327774	-0.0877869599	0.0186526713	-0.2333159138	-0.0469788998	-0.0178442379	0.0228831416	0.0544090495	-0.038411503199999995	0.0054567975	-0.1566297286	-0.0028630078999999998	-0.030076057200000002	0.0868407133	-0.08772020679999999	0.0654632885	-0.044867942300000005	-0.05915471820000001	-0.043656309000000004	-0.01065238	0.0744744274	0.08651478439999999	-0.017828608200000002	0.0603914181	0.029296626	0.0572496285	0.0713081052	-0.0507761648	-0.018505265	-0.10718827210000001	-0.0256561563	0.0036380784999999996	-0.051518899900000005	-0.060337975599999996	0.1694345318	-0.1009590457	0.0459495753	-0.0896143599	0.1164752709	-0.044673479599999996	0.10718894109999999	-0.0514791934	-0.1743671375	0.0204622915	0.0892090764	-0.08542913460000001	0.1841705143	0.0707460764	-0.0171549437	-0.0147683677	0.0764161438	0.0189533095	-0.096390805	0.011473368999999999	-0.083140453	-0.029373334100000002	0.19867442289999998	0.1188729842	-0.0572962667	0.09376136019999999	-0.0364681466	-0.056170052000000005	0.0259563269	0.0344475184	-0.0566412439	-0.1398608303	0.023736027000000003	-0.025641031800000002	-0.129767604	0.051725960700000004	-0.08804953880000001	0.0401245655	-0.0723531913	-0.0077028834	-0.0162565325	-0.1156459613	-0.0688210817	0.0549147339	0.030779535099999998	0.0018903121	-0.1369127417	0.014430323	0.0956351216	0.0263036022	0.051397171900000004	-0.0490575875	-0.0087200445	-0.1349886202	0.09799582710000004	0.060557071399999995	0.07272669849999999	-0.2200039567000001	0.1202991196	0.1463167723	-0.022324011499999998	-0.050473652699999996	-0.0428369256	-0.1858630014	0.1095783273	-0.046077190899999995	-0.05159969389999999	-0.040628314900000004	0.0694244719	-0.0457615342	0.0010542476	-0.0062365214	0.15599932130000002	0.013714631599999999	0.0624875795	-0.1051503567	-0.0897205325	-0.1272908824	-0.059905448499999986	0.0309499813	0.0956459082	-2.0616400000000003e-08	-9.912e-09	9.824774400000001e-17	4.250359489600002e-16	0.00611989	-0.01729431	3.745305361210001e-05	0.0002990931583761	0.0372569	0.0085538	0.00138807659761	7.316749444000001e-05	0.000747321	2.404600000000001e-05	5.782101160000004e-10	5.58488677041e-07	-0.0	0.0	0.0	0.0	0.0	0.0	0.0	0.0	0.0	0.0
8655.325925881147	-5.691003604906656	74914666.88323033	32.38752203106054	10529.396903155688	16.222946505457006	110868199.1441846	263.1839933189196	6407.078015357534	8.169331559941384	66.73797813625433	41050648.69487784	6743.551490390559	9531.908283399489	1.032645	44.479626	0.0245531606164	0.0186476	-0.11886846470000001	0.09500667859999999	-0.0403644855	0.064104385	0.0948985692	0.047930596	-0.11756811310000001	0.042030938899999995	0.0731515868	0.0761759331	-0.013094126599999999	-0.0753223722	0.1328656275	0.0029735444	0.010958981599999999	0.11372949269999999	-0.0546685033	0.062728544	-0.0174547968	0.0793645313	0.2415232125	0.0186353498	0.13070815460000001	-0.1611866546	-0.0932587047	0.08816842650000001	-0.008487018	-0.0213622219	-0.1318266347	-0.0154704401	-0.0399966947	-0.0801279784	0.0327752203	0.031216187200000002	-0.0890616657	0.0679675003	0.09523167029999999	-0.014573151999999999	-0.0467700859	0.1770048166	0.0328831286	-0.0374139864	-0.0378087653	0.0073842967	-0.1654503236	0.0193283276	0.013220810500000001	-0.19785731480000002	0.055863626900000005	-0.028387864300000006	-0.0020287551	-0.0256696465	0.040000665899999996	-0.16603481679999998	-0.0964250325	0.0026584884000000002	-0.022264626200000002	-0.046817818600000005	-0.043937153799999996	-0.0135231366	-0.12256363740000001	-0.0240096769	0.2351681103	0.016707773999999998	0.024192382999999998	0.0033467241999999998	-0.0874252919	-0.10403292210000001	-0.1607257149	0.0448918668	0.043458677800000005	0.0258902513	-0.0120315497	-0.0932386864	0.1014725427	0.1314269281	0.1556963356	0.054339411	0.057828494	-0.076575144	-0.11919060320000001	0.040396724700000004	-0.050421683200000005	0.0212927344	-0.11265400810000001	0.050815765	0.029390921	-0.0409120665	-0.0884027645	0.0099995745	-0.1053440203	0.0368232318	-0.0322122358	0.0024598888	-0.1374115154	0.0852271895	-0.041309554500000005	0.0121444709	0.018649121299999998	0.0828137439	-0.07773200000000001	0.09683939609999999	0.1865839077	0.0173004377	-0.0583249673	0.07283475589999999	-0.0314247858	-0.008306216	0.0076366314	0.1068884766	-0.06003934690000001	-0.1166967959	0.0421939255	0.0442728301	0.1015461719	-0.2244792891	-0.0073532381	-0.0173528273	-0.0286312223	0.006767419100000001	-0.1322883557	0.1172506475	-0.0904650622	0.1653623428	0.1720707198	-0.0667549584	0.024367628	-0.0856421413	-0.10963946880000001	-0.0125967549	0.0773910026	-0.0832201618	0.1344104823	-0.0500534416	0.0682969149	-0.0443770563	0.06270558400000001	0.0834017465	-0.0010455741	-0.111290913	0.08960925269999999	-0.0767864033	0.0936420493	0.0	2.0616400000000003e-08	4.250359489600002e-16	0.0	-0.0114932	-0.01761309	0.00013209364624	0.0003102209393481001	0.0348552	-0.0024017000000000066	0.0012148849670399998	5.768162890000033e-06	0.000656554	-9.076700000000006e-05	8.23864828900001e-09	4.310631549159999e-07	-0.0	0.0	0.0	0.0	0.0	0.0	0.0	0.0	0.0	0.0
8679.256206776481	23.930280895334363	75329488.30286807	572.6583437296047	10511.954380966345	-17.442522189343435	110501184.90751752	304.24158032573814	6406.632850670047	-0.4451646874867947	0.1981715989852156	41044944.483284615	6736.414794398351	9341.734822596303	1.225761	52.797771	0.055547813831400006	0.0441626	0.10236666289999999	0.130734025	-0.0161854565	-0.1256331516	-2.1391599999999997e-05	0.0362822413	0.116009233	0.0231696107	-0.0890376752	-0.0127509563	0.0358112935	-0.014790707299999999	0.0758343424	-0.0854298676	0.0258204607	-0.0905949928	0.0716617033	0.0072510469	0.037667609	-0.0891797114	-0.0100985086	0.2057303374	-0.06497741230000001	-0.213345607	-0.051027455199999995	0.101832295	-0.0058971201	-0.0231779411	0.067868864	-0.0689156023	-0.1504821321	-0.0759526455	-0.1146199823	-0.22665185129999998	-0.0656661975	0.1102198459	-0.10881353769999999	-0.021352939900000003	0.004601610900000001	0.0248705075	0.13052372380000002	0.008524312099999999	-0.090403543	0.0070131624	-0.1132837072	0.017047517800000002	0.0101790955	0.07545077879999999	0.0940926867	0.0672493712	0.23840955670000002	0.0663550622	-0.0269205022	0.0346755857	0.0119416057	0.1423383498	-0.0339049223	-0.114008674	-0.11271113949999999	0.0222335025	0.16003892	-0.1078614433	-0.1035318684	0.0501107851	-0.2171543479	-0.0068031086	0.0178254338	0.0407654794	-0.0459883733	0.2342197332	0.0048668188000000005	0.0001218358	0.0380645285	-0.0179700672	0.03408395	-0.0414964966	0.0144509345	0.008442904499999999	0.1248566511	0.0183732552	-0.0260533438	0.1229439702	0.034235912400000006	-0.0106159657	0.0513537605	0.0030011173	0.1392026227	-0.10118732820000001	0.04837154230000002	0.09336037220000001	0.1083300785	0.0566021043	-0.0263383997	0.0020822119	-0.0674049983	-0.10513188949999999	0.0489625889	0.0283594445	0.0350859444	0.09657308619999999	-0.024507494900000003	0.0834159363	-0.0061985764	-0.0461546342	-0.1349699737	-0.0707705586	0.2237973938	0.1242093824	0.0112208422	-0.0055138979	-0.0662246007	-0.0404407855	-0.025836738199999997	-0.0455536636	0.07303082940000001	0.0216457298	-0.0045308455	0.19724942269999998	-0.13881372	0.0099686562	0.1371184811	0.0356144669	0.2632983599	-0.1382794315	0.1263960969	0.0780297605	0.1291472417	0.013851929499999999	0.0657651553	-0.1015681989	-0.019089571899999998	-0.0815679066	-0.0322644699	-0.09077250699999999	0.1152190872	-0.0392809266	0.0629595458	0.0633447702	0.0352126183	-0.0165854818	-0.0385882072	0.026931653599999997	0.091581784	1.38314e-08	1.38314e-08	1.9130762596000002e-16	1.9130762596000002e-16	0.0318856	0.0433788	0.0010166914873600001	0.00188172028944	0.026392500000000003	-0.008462699999999993	0.0006965640562500001	7.161729128999988e-05	0.0005824280000000001	-7.412599999999988e-05	5.4946638759999825e-09	3.392223751840001e-07	-0.0	0.0	0.0	0.0	0.0	0.0	0.0	0.0	0.0	0.0
8700.796787676529	21.540580900047644	75703864.7404422	463.99662551149737	10521.772551562766	9.818170596421623	110707697.62681964	96.39647386043814	6421.420433870171	14.787583200123663	218.6726169005796	41234640.388525374	6756.825939004058	9562.07643572872	1.342557	57.828609	0.055143003831400014	0.0423458	-0.14528950529999998	0.0812619333	0.0617239034	0.0473308738	-0.0673194542	0.043236768499999995	-0.1464382018	-0.11499144369999999	-0.0026601497	-0.130724504	0.1391912965	0.030080093500000002	-0.0510545098	-0.12413168210000004	0.031576233100000003	-0.05761691400000001	0.0625441662	0.0334860192	0.0237378895	0.1660402927	0.07242393700000001	0.13058887289999999	0.0236550796	0.0867120948	-0.1175365007	-0.0267415374	0.1244786075	-0.073289526	-0.0740281045	0.2215717068	0.012086888300000001	-0.20247309460000001	0.0114422424	-0.07719836	0.1066711407	0.106025804	0.1419079178	0.1044524025	-0.11867011150000001	-0.0475405495	-0.115760965	0.0684139158	-0.1595662232	0.0419637093	0.11427500410000001	0.09004819439999999	-0.10396020369999999	0.0282883761	0.12364894400000001	-0.030825622400000002	-0.0353277232	-0.05817034030000001	-0.0819574058	-0.0337119924	0.0079622618	0.036432434799999996	-0.0787032737	0.0323884241	-0.08111510150000001	-0.0504080881	0.0721150668	-0.0173060524	0.1315001106	-0.2045374225	-0.0315406216	-0.0567230622	0.1611027309	-0.0618297658	-0.0046461317	0.1457128525	-0.1158596276	0.16441533390000002	-0.0914006325	0.0388520502	0.0127453274	-0.025487237599999997	0.164793314	0.1435927264	-0.1405941647	-0.0264292933	0.047704633499999996	0.050422608099999995	0.0227927067	-0.18911488510000002	0.1316625326	0.055971321500000004	0.0485607797	0.1408521412	0.0086699726	0.08486009470000001	-0.150097683	-0.0417759038	-0.1335551776	-0.14680417839999998	0.1426379283	-0.0139376961	-0.0232904641	0.10291700179999999	-0.0251910967	0.035768032799999995	0.1126077353	0.0157140555	-0.013810753500000002	-0.0871696418	0.0254129123	0.1364235087	-0.011964135700000001	0.1601171424	0.0096015398	-0.0421820535	0.0046101282	-0.09521524640000001	0.0754073629	0.0359384104	0.0098448779	-0.0829095693	0.0040202508	-0.011409423899999998	-0.10411176	-0.1587553524	-0.1531066271	0.2150885203	0.2683777608	-0.027844735	-0.10274951410000001	0.0354114819	0.015551523999999999	-0.1624236411	-0.0444725775	0.1475804709	-0.036546950099999996	0.0090150331	-0.0693179335	0.1609743674	-0.0470168625	0.0046664758	-0.0339927589	-0.1365419026	0.0275003931	-0.002570594	0.09685171449999999	0.0364694898	0.0894663532	0.0	-1.38314e-08	1.9130762596000002e-16	0.0	-0.00873889	-0.04062449	7.636819843209999e-05	0.0016503491877601	0.038495	0.0121025	0.001481865025	0.00014647050624999995	0.000630748	4.8319999999999924e-05	2.334822399999992e-09	3.97843039504e-07	-0.0	0.0	0.0	0.0	0.0	0.0	0.0	0.0	0.0	0.0
8716.820746038224	16.023958361694895	75982963.91856237	256.76724157733173	10520.02514069897	-1.7474108637961765	110670928.96093838	3.053444726912899	6428.073826348665	6.653392478493514	44.26763147287408	41320133.11698876	6768.1427771397775	9824.474057649328	1.343746	57.87980699999999	0.0382507383812	0.0236792	-0.055960695	-0.0264899954	-0.0628825511	0.0953847144	-0.0188755496	0.0445642259	-0.0971466822	0.2083282027	0.1298469474	-0.0038088482	-0.18993068789999998	-0.1153575878	-0.1330804484	-0.0517240678	-0.108604967	-0.2376927678	-0.12379808689999999	-0.0340092235	-0.102762997	0.1076780618	-0.114526274	-0.18139638579999998	-0.13851399890000002	-0.1235221218	-0.1394911805	-0.0533926195	0.2475999327	0.21072956760000008	-0.0605784292	0.11147143039999999	-0.113350459	0.0097191688	-0.1204754888	0.0093521338	-0.0187975576	-0.0042720294	0.1557828843	-0.0181226927	0.1806158787	0.045634552	-0.0060139879	0.1466945007	0.0825228277	-0.1278683659	0.12776510859999998	-0.0732819171	-0.0886932383	0.0824672155	0.12269077310000001	-0.22055239140000002	-0.0965692105	0.09007654289999999	-0.0667429702	0.0188723016	0.14963114630000002	0.0736802731	0.0743506842	0.0809111413	-0.036627037	0.051902953099999996	0.0587594506	-0.0366906446	0.1225853802	-0.0782879588	-0.053708714500000004	-0.10200190070000001	-0.1429556866	0.045565807699999995	-0.143381306	-0.1594119951	0.0378607772	-0.05630580280000001	0.0453248479	0.1195136338	0.072598455	0.011809076699999999	0.147092115	-0.0459239836	-0.080580735	-0.1547275957	-0.0233650602	0.0390200334	-0.0264649762	-0.046343904400000004	0.0948725324	-0.034604678199999996	-0.0885299711	0.0187903324	-0.0520995352	-0.1482182087	-0.1427570504	0.0629529533	0.12162906130000001	0.2161156238	0.0505652493	0.0026174858	-0.1846675199	0.1816959395	-0.0211487872	0.0771667621	0.036258442200000005	0.0648248592	-0.2146756478	-0.053609755499999995	0.2099676662	0.007996140300000001	-0.080205889	0.0435634246	0.09882284820000001	-0.2532542957	-0.0088932396	-0.0282340735	-0.0439976043	0.0635916666	0.133859959	-0.0679762169	0.1476264245	-0.0662603128	0.0473768737	0.023327905299999997	-0.0586578207	-0.08689281789999999	-0.1401481195	-0.029484599	-0.012934953999999999	0.117915384	0.045770800599999995	-0.1496530635	-0.0015573607	0.1642035114	-0.0370758526	0.0103642475	0.0714348475	0.0730572581	0.06035135	0.019584557199999998	-0.06842843480000001	0.1492678985	-0.14923273439999998	-0.11170924630000001	-0.0042814114	0.0861836578	0.08729703119999999	1.83812e-08	1.83812e-08	3.3786851343999993e-16	3.3786851343999993e-16	-0.00301617	0.005722719999999999	9.0972814689e-06	3.2749524198399986e-05	0.0223206	-0.016174400000000002	0.0004982091843599999	0.00026161121536000004	0.00095782	0.00032707200000000003	1.06976093184e-07	9.174191524e-07	-0.0	0.0	0.0	0.0	0.0	0.0	0.0	0.0	0.0	0.0
8731.423741812809	14.602995774584995	76237760.55909239	213.24748559254726	10533.80899840025	13.783857701280795	110961132.01477808	189.99473312915788	6418.940306254737	-9.133520093927473	83.42118930617691	41202794.65526166	6750.945989027879	9761.906200239522	1.313202	56.564182	0.1762679128194	0.165047	0.18630254829999998	-0.0507219891	-0.0811441623	-0.052737181699999996	0.0972036112	0.030433783	0.1195730082	0.0764148737	-0.0385482805	0.1328520597	0.0224744686	-0.0101582014	-0.1110021168	-0.1927370258	-0.14358325449999998	-0.08661121140000001	0.1194458006	0.09765029630000001	0.010782436599999999	0.0601377555	-0.019033091499999998	0.0350124975	0.08787014720000001	0.0292239544	-0.0235693159	0.12336775230000001	0.0443171672	-0.0688632263	0.14893153609999998	-0.1365637005	0.1108769418	-0.046615805999999996	0.1222468138	-0.0018126417999999999	0.019247598799999998	-0.0004915042	-0.09246458949999999	-0.039462044	0.2066717475	0.0347281735	0.053632048200000004	0.0266907531	-0.12129780550000001	-0.14128546179999998	0.189096105	0.0292753036	0.0017321899	0.0061375883	0.0825065868	-0.030711012700000002	0.0125516568	-0.0413505964	-0.1087988437	0.0206117774	-0.050981270700000005	-0.08213557889999999	0.08920460570000001	-0.0763258372	0.0181806859	-0.1357520822	0.0760959534	-0.0383914392	0.0040152548	0.1869467322	0.0097986653	-0.003918711	-0.056632410099999995	0.050451579100000005	0.034753236800000004	-0.1799232814	-0.20190730280000002	0.0644929963	-0.028039365899999998	0.094667827	0.0862688692	0.0679115503	0.024520074399999998	0.0637633217	-0.058420026500000014	0.1549635697	0.0168225053	-0.049227602599999996	0.1017492792	0.0046771004	-0.161895853	-0.1438265089	0.1729324361	0.0109483868	0.009548883499999999	0.1648828009	0.08100108219999999	0.08317651570000001	0.0388378386	0.1574750536	0.0385264621	-0.0085649257	0.103056325	0.23603054739999998	-0.022969397000000003	-0.0041632538	0.1652346618	0.0148147143	-0.0219083116	0.0155317803	-0.012353093899999999	0.048244444000000004	-0.0140311751	0.1079544719	0.1337858219	0.037798293999999996	0.0668228232	0.1321099976	-0.0880959984	-0.06489230480000001	-0.027346603100000002	0.10031426369999999	0.0060295283	0.0413688398	0.0108825492	-0.08881184880000001	0.0502981682	-0.005307961700000001	-0.0672950873	0.1300493251	-0.1106525998	0.022999194700000003	-0.049609589100000004	0.0433502642	-0.0881395068	0.014867109	0.0627414105	-0.1880109371	-0.0207177229	0.179029594	0.0035619316999999998	-0.145236635	0.167478679	0.0898531779	0.0764791789	0.1647504137	-0.009937054499999999	-0.2322796812	0.0850751247	-2.44382e-08	-4.28194e-08	1.8335010163600003e-15	5.9722561924e-16	0.162327	0.16534317	0.026350054929	0.027338363865648904	0.0218855	-0.00043510000000000076	0.00047897511025	1.8931201000000067e-07	0.0007480279999999998	-0.0002097920000000002	4.4012683264000086e-08	5.595458887839996e-07	-0.0	0.0	0.0	0.0	0.0	0.0	0.0	0.0	0.0	0.0
8706.484536934868	-24.93920487794093	75802872.99188596	621.9639399439129	10518.72461847558	-15.08437992467043	110643567.59932424	227.53851771180027	6410.709627256173	-8.230678998564143	67.74407677740487	41097197.92499498	6742.331729911259	9758.084835822312	1.040114	44.801346	0.1035679635481	0.08868739999999999	0.11863259720000001	-0.077271795	-0.0169710914	0.0406687312	-0.1484710064	0.0451461353	0.0642939551	-0.06181446700000001	0.0303298593	-0.06111991980000001	0.0631745636	-0.0230989254	-0.1257802578	-0.0866547047	-0.1070964626	0.0796745004	0.09556873630000001	0.2017170783	-0.1871303755	-0.1013741908	0.010661706200000001	-0.0022006069000000002	-0.07403113809999999	-0.022029337599999997	-0.1325447418	0.043487723799999996	-0.1100830607	0.1432612231	0.012515716999999999	-0.0623595671	0.024011923199999997	-0.1627569586	-0.08814786949999999	0.0224786076	0.038217742400000004	-0.0172996799	-0.0994105084	-0.0351318521	0.032896320800000003	-0.0410642363	-0.046419469500000005	0.09960200400000001	-0.081283392	0.015151125900000001	0.0111580268	-0.0970470842	-0.0195421067	0.003360495	0.008757626899999999	-0.0257113864	0.0893388217	-0.1321969787	-0.0767745611	-0.0188502492	-0.10101664560000001	0.09476138220000001	0.0560925964	-0.0201403769	0.0199142738	-0.0373255819	-0.0855655082	0.037805142	0.0062277547	0.1634406826	-0.1317895597	-0.024701435499999997	0.1235764742	0.0559016079	0.134101249	-0.0049196649	-0.1097726422	0.0088315401	0.07044452400000001	0.06855700099999999	0.1650704958	0.0710575608	0.0981277871	-0.08226046299999999	-0.05746273740000001	0.0415600929	-0.0080070636	0.08389646490000001	0.1506728339	0.0670857176	0.15700233689999998	-0.023385801	0.1278183914	0.0679799552	0.0272244214	-0.0569067577	0.09175365529999999	0.0619937282	-0.0178892386	-0.0217116169	0.1236579159	-0.0372743272	-0.0370821894	0.0778085991	-0.0831101499	-0.0232824425	-0.0409064882	-0.0674738186	0.0829052294	0.060879693099999986	-0.0249710314	0.028215630099999996	0.074356879	0.175696685	0.074826748	-0.003855645	0.0133511728	0.0745356882	-0.024592253199999997	-0.1387023002	0.0552314371	-0.10790772439999999	-0.0890814853	0.0934485425	-0.022644272000000003	-0.0546961218	0.104291521	-0.10143101800000001	0.019420272199999998	-0.0034139455	-0.0876570208	-0.0933193193	0.0265008601	-0.09383730039999999	0.007500909	0.10771366240000001	-0.1186594815	-0.0619249292	-0.048627995300000004	0.083874807	0.061917241799999995	-0.015086923700000001	0.012123566	-0.0222646677	0.0104584059	-0.1016364458	-0.11031743640000001	-0.17501797170000002	0.0828019722	-1.08901e-08	1.35481e-08	1.8355101361e-16	1.1859427801000002e-16	0.0744914	-0.08783560000000001	0.005548968673959999	0.00771509262736	0.0348874	0.0130019	0.00121713067876	0.00016904940361	0.0008026369999999999	5.460900000000017e-05	2.982142881000018e-09	6.442261537689997e-07	-0.0	0.0	0.0	0.0	0.0	0.0	0.0	0.0	0.0	0.0
8678.354668044392	-28.129868890475336	75313839.74436791	791.2895237953322	10545.878049368584	27.153430893004042	111215543.83215414	737.3088092611463	6405.3446045432775	-5.365022712895552	28.78346870988515	41028439.50295168	6742.519748301991	9740.370712601516	1.168993	50.352577	0.0838059908901	0.0722313	-0.0388241061	-0.0222662356	-0.0830769749	0.002039566	0.12516569630000002	0.0336535127	-0.095251501	0.0195501074	-0.0200017884	0.2001045074	0.0533733416	-0.1238679597	-0.056060273	0.0326874982	-0.043775200199999996	0.1552804921	0.0046017348999999996	0.0742320152	-0.054990169900000004	-0.1544362698	-0.089463471	0.16582774849999998	0.0752599359	-0.0897550736	-0.0431545368	0.0036946221000000003	0.0364747875	-0.08939312529999999	-0.040573632000000005	0.1185302618	-0.0313373013	0.1251341826	-0.069981797	-0.043890348600000004	-0.008000896	0.10631714630000001	0.05415360809999999	-0.037520551299999996	0.0025357721	0.1570981104	0.0504804182	-0.0841982342	-0.0520130098	-0.027674814199999998	-0.0634192706	0.09919433189999999	-0.005066828	-0.1564941536	0.0446254662	0.1134156462	-0.0393743279	-0.1559253532	-0.0883825343	-0.09452383449999999	0.0156746101	-0.0450314225	-0.022797242000000002	0.08205884849999999	-0.089791143	-0.0086545876	-0.023621829599999998	-0.0377044092	-0.0385695267	-0.0128085179	0.0072079384999999985	0.0289078343	0.0571228057	0.0985653647	0.08294656360000001	-0.1024273242	0.1373402795	-0.07813727690000001	0.15538277150000002	0.011635693700000001	-0.028951796499999998	0.052984539299999994	-0.031008253599999997	-0.0807188771	-0.0830830351	-0.17695277420000002	0.05674334900000001	-0.0246144567	-0.09896620560000001	0.0399716146	0.08898104710000003	-0.0592893015	0.0204922159	-0.013206393700000001	-0.049610677699999994	-0.1152457819	-0.07152336990000001	0.0423789512	-0.02597836	0.0090383032	-0.1434384225	0.0617336972	0.0428440306	0.0703966685	0.0193717604	0.0231451727	0.0462632114	0.0008929691	0.2382732856	-0.0360107121	-0.10449121480000001	0.1062526692	-0.0690244433	0.0764037211	0.06156546230000001	-0.0161796835	0.0399015467	0.0187538366	0.06279202769999999	0.0029699440999999996	-0.07188132629999999	0.0529769578	0.0195140831	-0.0802500338	0.10403369039999999	0.1000094728	0.0692696456	-0.10241240509999999	-0.067358903	-0.080839465	-0.06282336599999999	-0.040177681	0.0380226678	-0.0811707274	0.1197588584	0.009511853	0.0741498887	0.1318254836	0.0149020128	-0.1019758268	0.007036238100000001	0.1265565682	-0.009287576899999999	0.0399682893	-0.0428123405	-0.16244645130000002	0.048762189500000004	0.0498676968	0.0804789429	0.0	1.08901e-08	1.1859427801000002e-16	0.0	0.00234647	-0.07214493	5.505921460899998e-06	0.0052048909247049	0.0378446	0.0029572	0.00143221374916	8.74503184e-06	0.0009767139999999998	0.0001740769999999999	3.030280192899997e-08	9.539702377959994e-07	-0.0	0.0	0.0	0.0	0.0	0.0	0.0	0.0	0.0	0.0
8665.180055383435	-13.174612660957791	75085345.39221486	173.57041876626934	10507.756631632867	-38.12141773571784	110412949.42962448	1453.2424901811025	6396.336210499781	-9.008394043496082	81.15116324289569	40913116.9177507	6731.3275665677975	9514.633854444737	1.073679	46.24707	0.04314103031583599	0.0371952	0.1020985432	0.0585206416	-0.052772822999999996	-0.1246854624	-0.0648046607	0.046789165099999995	0.1015383651	0.0448683078	-0.0887693024	-0.0219864844	0.0289994994	-0.1553039135	-0.034800743599999996	-0.0686736154	-0.0356624782	0.0066921254	-0.1181596148	0.0148115896	-0.167028629	-0.12820205369999998	0.014658361000000003	0.0817139458	0.0524275643	0.0020227737	-0.10120914310000001	-0.0397817195	0.0326206432	-0.0782205123	-0.08099467839999999	-0.001214912	-0.12498594560000001	-0.033342413	0.1760768778	0.055291916100000005	0.0279462904	0.0433144485	-0.0662678371	-0.0721616033	-0.006959015799999999	0.0245882314	0.14981483210000002	0.0606165676	-0.1221028021	0.0375343802	-0.0932298425	-0.06719098379999999	0.030101084	-0.1729080502	0.0567744062	-0.0605275303	-0.0301308486	0.0809552087	0.0410156861	0.0114504276	-0.0437392916	0.0886212509	0.1510059682	0.0022676989	-0.0972853816	-0.0149114293	-0.12148741029999999	-0.0004518967	-0.061224317699999996	0.0200955649	0.1441949658	0.0484836506	-0.0281472381	0.0481327814	0.08132796469999999	-0.0403790508	0.07691530860000001	0.1267481328	-0.0681067306	-0.0448095418	-0.0674354905	0.0070133927	-0.0991157134	-0.0628930129	0.0206955375	-0.008594447199999999	0.1680111754	-0.18260611420000009	0.1657722617	-0.0491156729	0.10149823320000001	0.0948641143	-0.0031980252000000002	-0.047208121	-0.21393717539999998	-0.0179774267	0.0754039729	0.0741876093	0.0296222032	-0.001141467	-0.0655769096	-0.1270772107	-0.0085293337	0.09664609869999999	-0.11915129140000001	0.0588457157	-0.0877782557	0.16133924300000002	0.1606513967	-0.0073459414	-0.0478489616	-0.0193283974	0.008210125300000001	-0.09275264429999999	0.0612151661	-0.0453719509	-0.0267047795	-0.0030189595	0.0264774986	-0.1606173722	-0.038999849100000004	0.0952021613	0.046675200199999996	-0.17107467	-0.1003995334	0.013366496799999999	0.0078396987	-0.0827231815	-0.0070444411	0.030670535099999997	0.026401357599999998	-0.0741770561	-0.1280469453	0.0161358063	-0.0010747475	0.1395502732	0.0279261206	0.1714727953	-0.0935969338	-0.025107435299999998	-0.025844715499999997	-0.1668343454	-0.0640417445	-0.0709154608	-0.0011600285	-0.037390075	0.0147070452	-0.0362910223	0.078107436	3.1583600000000004e-10	3.1583600000000004e-10	9.975237889600001e-20	9.975237889600001e-20	0.0389654	0.03661893	0.0015183023971599998	0.0013409460343448995	0.0313225	-0.006522099999999996	0.00098109900625	4.2537788409999954e-05	0.0009767139999999998	0.0	0.0	9.539702377959994e-07	-0.0	0.0	0.0	0.0	0.0	0.0	0.0	0.0	0.0	0.0
8672.744918473365	7.564863089930442	75216504.42090558	57.22715356939194	10511.53135759621	3.7747259633433714	110492291.48172842	14.248556098338545	6396.694363521204	0.3581530214223676	0.1282735867539709	40917698.78030394	6732.096044788905	9514.891250501176	1.044534	44.991718	0.043511770628736	0.0326767	-0.0270579312	0.090745465	-0.0769370455	0.09611861390000001	-0.04528775349999999	0.0454456244	0.0181664885	0.006939007099999999	0.0996697785	-0.0593518628	0.1292930267	-0.1121489481	-0.0441006012	-0.0943955569	-0.0321166076	-0.0406955038	-0.0056785715	-0.0192765873	-0.16308390279999999	-0.162784086	0.0265877023	-0.2016087509	-0.1505546628	-0.0627152456	0.1594257543	-0.042486545199999996	0.10936595310000001	-0.09465536220000001	-0.030304679700000007	-0.0099725401	-0.026133623199999997	0.0980023507	0.1132719061	0.0794309266	0.031473487200000004	0.1109366401	0.0080605361	-0.0176151354	-0.0786814889	0.0952291733	-0.10872933289999999	0.1034446006	-0.08512966109999999	0.087024135	-0.067016557	0.012133802800000001	0.028290823	-0.0176116604	0.0118985715	-0.00037195269999999996	-0.0672784449	-0.0153136299	0.1810689783	0.1469585379	0.0294441839	0.0035147032	0.0891184931	0.0326494314	-0.2540973163	-0.1718260402	0.0942780753	-0.1733415993	-0.0480997587	0.0908217911	-0.0401895965	0.1314865292	0.0095222187	-0.1130350583	-0.1048547975	-0.001025188	-0.0465516712	-0.1428633529	0.0066333149	-0.0205091447	0.0915953487	0.029718419300000007	-0.0136085589	0.0602666554	0.0346795898	0.1536506211	0.045812592699999995	-0.12198187419999999	-0.0170884652	0.09298343880000001	0.0099706953	-0.0290512863	0.0287029312	0.039805688799999996	-0.0535686855	-0.09116274960000001	-0.0050121605	0.045203749800000005	-0.0539531101	-0.0895857723	0.046738651500000006	0.08504007449999999	-0.09578936449999999	0.05684605490000001	-0.1318275143	0.0546996493	-0.011003776399999998	0.1288787019	0.059261694000000004	0.0675056518	-0.1142105217	0.0139845943	0.1452049732	-0.1159702746	0.0377809755	-0.171628211	0.1359907458	-0.0414967319	0.0333811306	-0.045528332000000005	-0.040348074399999996	0.1578898017	0.0742313274	0.0760276134	0.18346773079999998	0.052627794400000004	-0.0118178768	0.1002014824	0.0608378695	0.1426449927	0.1550220589	-0.0545321892	0.0791327389	0.0101078623	0.0245743538	0.09846470199999999	-0.1413008884	-0.019836438799999998	0.020000165	-0.1053286324	-0.0645465012	0.0248751679	0.0768602328	0.026634494100000003	0.0915818901	0.07899290839999999	-0.0822369543	-0.0276953958	0.07568888019999999	-1.03129e-08	-1.0628736e-08	1.1297002895769602e-16	1.0635590641e-16	0.00844024	-0.03052516	7.12376512576e-05	0.0009317853930255998	0.034914	0.003591499999999997	0.001218987396	1.2898872249999983e-05	0.0007888119999999997	-0.0001879020000000001	3.530716160400004e-08	6.222243713439996e-07	-0.0	0.0	0.0	0.0	0.0	0.0	0.0	0.0	0.0	0.0
8674.016514634724	1.2715961613594118	75238562.49615593	1.6169567975839911	10517.264136583415	5.732778987205165	110612844.9186637	32.864754916141074	6404.488282638597	7.7939191173936715	60.74517520847454	41017470.16245509	6741.440782227973	9665.422375244229	1.106135	47.645084	0.05246197942389999	0.039088	-0.1270937069	0.0627130196	-0.0776321879	-0.029541997099999998	0.1294629483	0.0590388021	-0.11062095179999999	0.0925571219	-0.04884496309999999	0.16183088439999999	-0.0379584173	-0.11565783939999999	0.0390063627	-0.0265906954	-0.1269762599	0.1167265108	-0.0008884998	0.1077193798	0.0604323164	0.0953919797	-0.0172093571	-0.1647743325	-0.0263054052	0.1533429982	-0.0312237775	0.18174271309999998	-0.0586871404	-0.0362696092	0.1239114347	0.062868867	-0.026323992400000003	0.0044920993	-0.022652804199999998	-0.12165053	-0.0032999826	-0.1239708601	0.1160418427	-0.053248940099999996	-0.030080382599999997	0.1637937368	0.1552041395	-0.0450834654	0.0260378037	-0.0015788597	0.058072720099999996	0.0910319218	-0.0758694057	-0.09904055640000001	0.0260905056	-0.0018331938	-0.0732900633	-0.0104675	-0.0260330683	-0.0431273525	-0.090275627	0.0707712542	-0.0583185848	0.0247349002	-0.036267206600000004	0.0111467287	0.0574857325	0.045989887199999996	0.0243221684	0.0042003462	-0.0752612569	-0.0476571513	0.0116268177	-0.0010278341999999999	-0.0548461222	-0.0825754605	0.10724030550000001	0.0867628662	-0.11451968050000001	0.0690610418	-0.0717778913	0.0087942	-0.0964182239	-0.0729626335	0.0641070021	0.24268404289999998	-0.046537816100000004	0.020578781299999998	0.0034391088	-0.0460853133	-0.0972295718	0.0370993374	0.14823968839999999	-0.0386441604	-0.0559782359	0.1275674177	-0.1306198881	0.0632980611	0.0191758387	0.0326302288	-0.2251005909	0.0135485822	-0.0017935465	0.0382730553	0.0393042709	0.054013685	0.10772990560000001	-0.0063509261	0.0745460544	0.024947245	-0.0091516629	0.059099264900000004	-0.0292862559	-0.0244911258	0.1062178828	0.0307169365	0.09009698210000001	-0.12258543779999999	-0.0151147014	-0.0068907941	0.041732094500000004	-0.0131261749	0.004522567700000001	0.0087137266	0.0328515219	0.0220490873	-0.0404455587	-0.019729018	0.0847155349	-0.013550633999999999	-0.0911450627	0.0792412648	-0.1344279518	0.0203860301	-0.0391518771	-0.0961215473	0.08852895779999999	0.0583167267	0.1645031478	-0.052882302699999995	-0.0482592029	-0.0420346914	-0.0207299001	-0.0563940953	0.140621658	0.221193802	-0.0877652261	-0.0168400317	0.0732247322	2.9111e-08	3.94239e-08	1.5542438912099993e-15	8.47450321e-16	-0.0282778	-0.03671804	0.0007996339728400001	0.0013482144614416	0.035112	0.0001979999999999968	0.0012328525439999998	3.920399999999873e-08	0.00109973	0.0003109180000000002	9.667000272400013e-08	1.2094060728999998e-06	-0.0	0.0	0.0	0.0	0.0	0.0	0.0	0.0	0.0	0.0
8694.421231771723	20.404717136998446	75592960.55548292	416.35248144091787	10505.381075641011	-11.883060942403972	110363031.54443628	141.20713736088678	6408.738101489275	4.249818850677912	18.060960263577325	41071924.05348037	6741.5478393990015	9592.397526631115	1.138555	49.041512	0.05786233261	0.051563	0.052696488799999996	0.0640222758	-0.0527590203	-0.1347811904	-0.0146004862	0.0491114401	0.0706742965	0.062824075	-0.0941832602	-0.0370920077	0.0110116647	-0.10408657269999999	-0.0423563934	-0.1186644149	0.035014007400000005	-0.0523271344	-0.0064607328000000006	0.020097926999999998	-0.0655459383	-0.0293306557	-0.09450489570000001	-0.0079161597	0.0041149337	-0.0348871066	0.0155567336	-0.075851704	-0.0969195459	-0.0141358655	0.0169966144	0.0786336689	-0.1254473584	-0.020227003700000003	-0.0664181298	0.0160099453	0.0438362077	-0.1191864842	-0.0612828821	-0.055599991200000004	-0.010947198100000001	-0.0157070581	0.0934613589	0.0619718166	-0.11631758099999999	-0.035240024700000004	0.0830473751	-0.1383218702	-0.0012190134	-0.1213747828	-0.0281633811	-0.13381651390000002	-0.0607309662	-0.0012432158	0.0885989766	0.1936031459	0.045949434299999994	-0.09622868109999999	0.0654543651	0.0408865631	0.06029125990000001	0.0008159764	-0.133689033	-0.0864442057	0.024051652000000003	0.0235331498	0.0625314179	0.0038770065000000003	-0.0168826214	0.048299437	0.1092100693	0.0478466134	-0.0294865152	-0.0395707579	0.028406977000000007	0.10909351630000001	0.1316771684	-0.07368709700000001	0.0058577272	-0.0175939768	0.1144233996	-0.1003041233	0.0247090427	0.1565526271	-0.1141903052	-0.1496715271	-0.17186843	0.08545036380000001	0.00167419	-0.0730634374	0.0529257984	0.0765870427	0.0473146987	0.0673562368	0.0293894656	-0.014660423200000001	-0.0187794654	-0.12161398039999999	-0.00164627	0.1408389398	-0.11108375720000001	-0.0269161594	-0.0181916769	0.052714351	0.052922082300000006	0.0546561593	0.148592464	-0.0769466949	0.0080854299	-0.15039120460000002	-0.0287744811	-0.0571937758	-0.0008996913000000002	0.1357430605	0.06112679240000001	-0.027966992799999996	-0.0948415862	0.0230435633	-0.052950512699999994	-0.1057683842	0.0017118547	-0.1102844567	0.0606609372	0.0840601795	0.0089000715	-0.0018627678	0.0019102593	-0.0253643379	-0.0364454923	-0.0190390912	-0.0804410838	-0.11784798630000001	-0.0682377926	-0.11961252789999999	0.1262527994	-0.10868878679999999	0.0477615646	-0.07016078740000001	-0.0921421164	0.0506998177	0.0370770048	-0.05197503690000002	0.0574393694	0.047948990700000006	0.0707164763	-3.499e-09	-3.261e-08	1.0634121e-15	1.2243001000000001e-17	0.023226	0.0515038	0.000539447076	0.0026526414144400004	0.0312895	-0.0038225	0.0009790328102499998	1.4611506249999994e-05	0.00104901	-5.071999999999998e-05	2.5725183999999976e-09	1.1004219800999998e-06	-0.0	0.0	0.0	0.0	0.0	0.0	0.0	0.0	0.0	0.0
8696.413233425497	1.9920016537744232	75627603.12649812	3.9680705886400367	10479.560257254636	-25.820818386375322	109821183.18543084	666.7146621421779	6409.892367389582	1.1542659003071094	1.332329768611782	41086720.16151922	6742.918057204808	9838.691813778703	0.983848	42.377769	0.071558428499	0.0373654	-0.0348663392	-0.0176647638	-0.0771459275	0.07642973410000001	-0.0839170017	0.074176893	0.019438650800000002	0.0775414268	0.0179234555	-0.06181021900000001	-0.0154939326	-0.11183732560000001	-0.14554913	-0.0017487167999999998	0.0666251696	0.015165565	0.1379832395	0.06877723990000001	0.0796207327	0.005871040500000001	-0.0036416564	0.0191299426	-0.0827169382	-0.0034563473	0.0887761583	-0.030759999	-0.21468732329999998	-0.0172095618	0.0329899311	0.086354286	0.048970241399999996	0.10578961619999999	0.0738480075	-0.1257133466	0.0089008845	-0.2940793955	-0.0042275147	-0.1124697978	0.0026125881	0.0789528464	0.015390846299999997	0.1680108498	0.0116088744	-0.0744922399	0.039397954	-0.0564844388	0.0454194389	-0.11643324109999999	0.0473923366	0.16311519619999998	-0.011480172299999999	-0.1306054981	-0.1299994542	0.045941446100000005	0.1992625934	0.1114318071	0.0614773995	0.0015909976	0.047196059400000004	0.025706679700000002	0.0117814499	0.0004959645	0.0512636038	-0.016788943799999997	0.0092834875	0.1625693801	0.0998952215	-0.1501401464	-0.1153624886	0.0368586134	-0.084694351	-0.0137639238	-0.0484145301	0.08866532220000001	0.038636030099999996	-0.1167040183	-0.0771466829	-0.0098897595	0.068321484	0.11754656390000001	0.0658462824	0.0679095407	-0.0268805137	0.10708044189999999	0.13663228560000001	-0.0623454145	-0.09719601539999999	-0.0177847926	-0.0087507235	0.0370063377	-0.0161894834	0.1217188901	0.047892952999999995	-0.0058379475	-0.0098364996	-0.0128866328	-0.15583300460000002	0.1056884675	0.0045675568	-0.1080050628	0.0490840841	-0.0467220563	0.1838943026	-0.0763245874	0.012374623999999999	-0.0349438897	-0.0073806203000000015	0.1428897029	-0.0506263296	-0.100981759	-0.1204247425	0.0677428613	-0.0679860056	0.05608640559999999	0.0370301567	0.0401075352	0.0361939474	0.0041799171000000005	0.1252045896	0.0685867338	0.006698565500000001	0.046483709500000005	0.1691755515	0.1020515127	-0.1018846107	-0.08242258429999999	0.050216560599999994	0.0243807032	0.0540462651	-0.1804944502	-0.04768462230000002	-0.0087493782	-0.0146316971	-0.0635413808	0.10032275730000001	0.0080132755	0.0077211331	-0.041928053300000004	0.055530323300000003	0.1822881023	-0.0704229009	0.10239438619999999	0.0681656236	0.0075649	0.0075649034990000015	5.722776494918245e-05	5.722771201e-05	0.00302372	-0.02020228	9.1428826384e-06	0.0004081321171984	0.0166864	-0.014603099999999997	0.00027843594496	0.00021325052960999996	0.0005635530000000001	-0.0004854569999999999	2.3566849884899989e-07	3.1759198380900013e-07	-0.0	0.0	0.0	0.0	9.83059e-05	9.83059e-05	9.66404997481e-09	9.66404997481e-09	0.0	0.0
8680.592889846477	-15.820343579020117	75352692.91925322	250.2832709582431	10517.491619027543	37.93136177290762	110617629.95631462	1438.7882059471976	6411.83615075891	1.9437833693273203	3.7782937868734714	41111642.82417883	6747.757191338358	9895.75501826744	0.938501	40.424511	0.0182674877	0.0103547	-0.017919543899999998	-0.0201796076	-0.10656375789999999	-0.0743937798	0.0891539848	0.061021330599999986	0.0161496242	0.1188443424	-0.1021647002	0.17059625579999999	0.0557782371	-0.1670247885	-0.17220260420000005	-0.0090363732	0.1776499475	-0.0030080671	-0.031959444100000005	-0.049195813399999996	0.133482603	0.14828561980000002	-0.0144138364	0.0680258829	0.0509442625	0.16014645689999998	-0.0155579858	0.0511901191	0.11402583349999999	0.0022165273	-0.0606987303	-0.0200946017	-0.1018814316	0.09412016460000001	0.10545268449999999	0.1260379772	-0.0066808638	-0.0711484864	-0.0002355866	-0.0799913137	-0.0305787725	0.1291307269	0.0801994911	-0.0261497745	0.0057120448	-0.1736846179	0.1118114808	-0.0821250876	0.017705615	0.0896447909	0.0649849795	-0.0384989337	-0.0010898008	-0.102880416	0.08575158050000001	-0.0057812217	0.12955027689999998	0.050634372000000004	0.0925357282	-0.010413020600000001	-0.0027584575	-0.06390092	0.0268521303	0.20809413440000002	0.1214372458	0.0685653088	-0.0123144168	0.0580164925	-0.0686209653	0.0411563491	-0.0310973279	0.050622328499999994	0.0030546351	-0.03636191	0.0817642803	0.0135513971	-0.0248446745	-0.0626844832	0.1937843585	0.1287092585	0.0307255846	-0.0398433452	0.0127513371	-0.012557554399999999	-0.17237501309999995	-0.006997709300000001	-0.0034200702000000004	-0.027699995499999998	0.083496398	-0.03034691	0.018181256899999998	-0.0997406709	-0.0161179847	0.08243649089999999	0.0641548146	-0.0021698619000000002	-0.1579987485	0.0218224388	-0.056595153899999986	0.2478104932	0.0070581147	-0.0984218462	0.0141976545	-0.0511246364	-0.09848330720000001	-0.0046095425	0.03415105	0.0170914804	0.0358913211	0.0817705075	-0.12822698529999998	-0.118844282	0.0129834142	-0.0103310897	-0.0381943098	-0.0436492239	-0.007220403100000002	-0.07894829490000001	-0.0390856672	0.0479352225	-0.08400892609999999	0.1363736734	-0.07017905599999999	0.0071182624	-0.1043082364	0.0172769723	-0.0329526036	0.0466756229	0.1263297365	0.0067180647	-0.028980577599999998	-0.020260068500000002	0.010181792	-0.1478790662	0.04113107	-0.10830723199999999	-0.1304685076	0.043848667	0.0121305471	-0.0924972449	-0.0652497571	0.0360467789	0.15182882779999998	-0.12216739929999999	0.0655737103	-4.36537e-05	-0.0076085537	5.78900894057837e-05	1.90564552369e-09	-0.000642069	-0.003665789	4.1225260076100003e-07	1.3438008992521001e-05	0.0107285	-0.0059578999999999995	0.00011510071224999999	3.5496572409999995e-05	0.000559185	-4.368000000000037e-06	1.907942400000032e-11	3.12687864225e-07	-6.617449999999998e-24	-6.617449999999998e-24	4.379064450249998e-47	4.379064450249998e-47	8.1969e-05	-1.6336899999999993e-05	2.668943016099998e-10	6.718916961000001e-09	0.0	0.0
8654.124360443999	-26.468529402478445	74893868.44603024	700.5830487298663	10503.65787315497	-13.833745872572765	110326828.7162904	191.37252486692398	6403.925375498822	-7.910775260087576	62.580365215613654	41010260.21495773	6741.25964321197	9638.04762842007	0.969297	41.750973	0.03609117269999999	0.0208606	-0.025763625800000002	0.055375814100000004	-0.0373328125	-0.0441638006	-0.157600446	0.0545277177	0.0101510532	0.0495763275	-0.0630649896	-0.0653896693	0.0332840717	-0.07377729059999999	-0.09399953039999999	-0.0326221311	0.11953525820000001	0.0041758975	-0.0508883126	-0.0217405602	0.0488763135	0.0736257345	-0.0989221901	0.07690512940000001	0.012158199	0.1565260806	-0.0349514462	0.0870716578	-0.04512595	0.0006339883	-0.017404195600000002	0.0379736807	0.0361849785	0.0270700674	-0.0195210345	-0.0207065688	-0.2055077687	0.039127674	-0.018311918400000002	-0.0644434575	-0.09196861529999999	-0.0087708896	0.0387812031	0.1081817343	-0.0248945143	-0.23425090059999998	0.0093607043	-0.0045514264	-0.1694017463	0.0120658553	-0.0553791575	0.057528274500000004	-0.12745980880000002	-0.07200885	0.1170891225	0.11072035039999999	0.1575880688	0.0144152305	-0.054603839	0.043257803899999996	0.135280073	0.0649343701	-0.0525228774	0.053367197400000004	-0.0990369758	0.0732467783	-0.0589773211	-0.09793639539999999	-0.0497103195	-0.0059711075	0.1461821563	0.0730664236	0.047011872	0.037641109	-0.12389769099999999	0.014304218799999999	-0.0541506469	0.15028721550000002	-0.023420505	-0.0590217521	0.045846045099999996	-0.0281293192	-0.1631627359	-0.004349298	-0.054926295199999996	-0.0638436242	-0.0274927142	0.0359972495	0.0299642096	-0.21643405920000008	0.0590541786	0.0647114025	0.0014992694	0.0738479233	0.0407555858	-0.10343983679999999	0.0103824113	-0.0643733864	-0.1174961609	0.1905952052	0.1154756666	-0.0048493013	0.0247698467	-0.1980504863	0.002025757	-0.020180153899999997	0.0560063245	0.0631239361	-0.0264334562	-0.13716347869999998	-0.1404323334	-0.0770571121	0.00032796199999999995	-0.0348101574	-0.0112068099	0.0466758796	-0.1049389895	-0.0066532708	-0.1977126225	0.009081681099999999	-0.0420244045	-0.0371618075	0.1478462662	-0.0592280637	-0.0011742882	-0.0242873972	-0.0109058485	0.0071134571	-0.1302650942	0.1079296832	-0.0477970496	0.0177047647	-0.0138478614	0.112355965	0.0791162542	-0.1747265862	0.0742629335	0.0904763239	-0.0877594625	-0.0354881678	0.057087217	0.1449108683	0.0038215865000000003	0.10530348369999999	0.062942298	0.00459555	0.0046392036999999995	2.152221097009369e-05	2.11190798025e-05	0.00322108	0.003863149	1.03753563664e-05	1.4923920196201e-05	0.023963400000000003	0.013234900000000004	0.0005742445395600001	0.00017516257801000008	0.0008396449999999998	0.0002804599999999997	7.865781159999987e-08	7.050037260249995e-07	8.169529999999999e-24	1.4786979999999998e-23	6.674122042089997e-47	2.1865477752039995e-46	7.53506e-05	-6.6183999999999975e-06	4.3803218559999966e-11	5.677712920359999e-09	0.0	0.0
8657.081670136315	2.9573096923159032	74945063.04341017	8.745680616265581	10507.212165602286	3.5542924473156745	110401507.49298067	12.632994801045244	6410.578424844878	6.653049346055923	44.263065601055146	41095515.74108664	6745.246900843801	9446.997544309257	1.0029290000000002	43.199642	0.026784859684164	0.015423	-0.0990235333	0.1286824304	-0.0887062624	0.0774152657	-0.031771188799999996	0.054738148099999995	-0.0767127895	0.0772716312	0.0869195276	-0.0419593925	-0.0071463681999999985	-0.11512147560000001	0.0764039244	-0.0797147658	0.018314800200000002	-0.11006780640000001	-0.09923321759999999	0.0516502313	0.140969343	-0.0423190775	0.1086428674	0.0242445252	-0.0153407072	0.09832082	-0.0103885488	-0.10713869779999999	-0.060025137	0.011034713100000001	-0.0563963617	0.0841111027	-0.044878223099999996	0.047436848200000006	0.0458895877	0.098455825	-0.09883656060000001	0.1180246244	0.102542071	-0.051063770700000004	-0.030145141299999997	0.1197170501	-0.05896468780000001	0.0720631754	0.1549528069	-0.0977801249	0.0441362951	-0.1475317879	0.0842746469	-0.0196305863	0.07498361349999999	0.0439114767	-0.09252558429999999	0.0225106646	0.07409573030000001	-0.0442869843	0.05803143700000001	0.0881511091	-0.09593147269999999	-0.012109059699999999	0.0241049531	-0.0129664852	0.1444718128	-0.0272692314	-0.0588808325	-0.06314833759999999	0.0836615728	0.047321231	0.0609716722	-0.0628379681	-0.0013103906	-0.0815271907	0.058244637	-0.0829093004	0.1291054177	-0.2036194683	-0.0130514677	0.11208822730000001	-0.1706905834	-0.04273098559999999	-0.0399849567	-0.054470497699999995	0.1711820391	0.08978607050000001	0.0537405167	-0.0359889329	-0.0399314718	-0.0620970021	0.0586384846	0.0081929361	-0.09908509929999999	-0.0525690033	-0.1091416005	0.0498310242	0.0335841142	0.0047035708	-0.057356026399999996	0.1054649518	-0.1609651687	0.0501851769	0.0264040187	-0.1150355297	-0.0774821126	0.0049716528	-0.027766092200000002	-0.0597051394	0.141763075	-0.0135626573	-0.0001616299	-0.0380116895	0.022080827	0.0430631524	-0.0522141574	-0.1303782689	-0.051365340499999995	0.0815840219	-0.0377828682	0.15640031699999998	0.0601315329	0.096692374	0.0754591677	0.0324126238	0.0446346175	0.0363571121	-0.0518998394	-0.0595368619	0.1109072091	-0.1703349981	0.0786265612	0.10140985710000001	0.066337939	0.032604532900000004	0.0979288324	0.19567562230000002	-0.09279859119999999	0.0270497518	0.0203299623	-0.07503973809999999	0.10956328369999999	-0.0622232941	0.050661434400000004	-0.0316845558	0.2053896257	-0.051421227199999996	0.0602729715	3.1583600000000004e-10	-0.004595549684164001	2.111907689961985e-05	9.975237889600001e-20	-0.010584200000000002	-0.01380528	0.00011202528964000005	0.0001905857558784	0.0265483	0.0025848999999999976	0.00070481223289	6.681708009999988e-06	0.000799013	-4.063199999999976e-05	1.65095942399998e-09	6.384217741689999e-07	-0.0	-8.169529999999999e-24	0.0	6.674122042089997e-47	0.0	-7.53506e-05	5.677712920359999e-09	0.0	0.0	0.0
8695.067904634305	37.986234497990154	75604205.8662016	1442.9540113362973	10517.660976432642	10.448810830355796	110621192.41517404	109.1776477685606	6402.4759097116075	-8.102515133270572	65.65075148487864	40991697.77443748	6735.661325032374	9419.194710110009	1.21747	52.440674	0.10787535	0.0961035	0.1323866472	0.110230119	-0.1266044841	-0.0397738478	0.0615686884	0.0278335842	0.1380641883	0.1237497234	0.0060614658	0.08713164109999999	0.046431052800000004	-0.0825788702	0.0481301637	-0.0971896059	-0.0389336651	-0.1429896766	0.010007224200000001	0.09137858369999999	0.054198024000000004	-0.076460374	0.1042747557	-0.059994413600000004	0.1641096303	0.1016144775	-0.0785845387	-0.1760357715	0.05439335730000002	-0.10034118880000001	-0.0203860814	-0.1294390868	0.0305857794	0.029875317000000002	-0.0238409863	0.13313813800000002	-0.022097801299999997	-0.006021464	-0.10217329259999999	-0.0825300331	0.0680274099	0.08775729439999999	-0.00020468880000000002	-0.0596397556	-0.0256054984	-0.13603907310000002	0.042055779800000005	0.0404847027	-0.0019655106	-0.0974577258	0.046758208499999995	0.0079920662	-0.0079794066	0.0989440949	-0.026949517200000002	-0.0411411147	0.0965671375	-0.038651749	0.056297057699999986	-0.0626585922	-0.014743913899999999	0.0722233071	-0.1592728209	0.08038120160000001	0.09718587460000001	0.0906886025	-0.0417223223	0.109432905	0.1439548341	-0.1020927939	0.09414031789999999	-0.0230473625	0.0012183422	0.042919322	-0.0110446081	0.0480548555	0.0158682175	0.009208670300000001	-0.13730185820000002	-0.0284069583	-0.045108996	-0.1227742261	-0.1296863636	0.0609352663	-0.0078063134999999985	0.0007797277	-0.0593836185	-0.09134487150000001	0.0628089322	0.0025766099	-0.038825037400000005	-0.0255995682	0.10227872660000001	0.0836387441	0.0573183921	0.0361913347	-0.050566673099999994	0.0697774014	0.0422445316	0.1521105307	0.0557328384	0.027483613599999998	0.0581373265	0.040919071800000005	0.053177897	-0.0767482421	0.018586056299999997	-0.0629965799	-0.0951640472	-0.0075178899	-0.090973814	0.0057333212	-0.0949839246	-0.0548520896	0.0504918676	-0.0772878386	0.028245914100000002	0.0187716508	-0.1169665369	-0.04312471019999999	0.10656474640000001	0.0010720630999999999	0.0165910822	0.0026808446	-0.06070676570000001	0.0869971542	-0.0110755252	-0.0415230842	0.021188864900000003	0.1065442177	0.0582084157	-0.0800830052	0.1117954801	0.051111979800000006	-0.0277487722	0.1516552923	0.1658466737	-0.111592507	-0.001980574	0.0567484986	-0.0043405499	-0.1073685892	0.0987527795	-0.0375380659	0.057567338899999994	3.1583600000000004e-10	0.0	0.0	9.975237889600001e-20	0.08446059999999997	0.09504479999999996	0.007133592952359995	0.009033514007039995	0.0304938	0.003945499999999998	0.00092987183844	1.5566970249999982e-05	0.0009767139999999998	0.00017770099999999984	3.157764540099994e-08	9.539702377959994e-07	-0.0	0.0	0.0	0.0	0.0	0.0	0.0	0.0	0.0	0.0
8697.960599607053	2.892694972748359	75654518.59231669	8.367684205363629	10519.459839951225	1.7988635185829482	110659035.32434666	3.2359099584886235	6405.747063028571	3.2711533169631366	10.700444023078932	41033595.43549916	6739.282975494931	9561.917652725699	1.030594	44.391285	0.06446189999999999	0.05819360000000001	0.0263876993	0.0434865884	-0.006208887299999999	-0.0187595032	-0.1165855065	0.027160958199999998	0.0538081141	-0.0104584877	0.0019196808999999999	-0.1139434415	0.1177997252	0.0048395889000000004	-0.0530563188	0.063259793	-0.2271767847	0.0544208241	-0.07117580230000001	0.09198265130000001	0.0950225132	0.0379005951	-0.0631403538	0.06189796	-0.0071291953	0.0038570338	-0.0467727325	0.18786878850000002	0.0268426844	0.0773569589	-0.061924449699999995	-0.0378981957	-0.047089018499999996	0.0199764065	-0.0443515092	0.0655595769	0.0323157529	0.1634823521	-0.0619735951	-0.0584123266	-0.0605733614	-0.0943918178	-0.0508367722	0.0389527248	-0.0663905557	-0.12672029140000002	-0.008024911899999999	0.0308514555	-0.15809780310000002	0.089298324	0.006864416700000001	0.0203002273	-0.1104356232	-0.0787622359	-0.035198589700000005	-0.0555155491	-0.1443492487	0.0077798451	-0.026699940099999996	0.0304080471	-0.1484268346	0.0575634807	0.0367683086	0.0412050738	0.055975027999999996	0.012192136899999999	-0.12853056470000002	0.0284170974	0.058679692	-0.10493341210000001	-0.0321375655	0.1207435932	-0.1083061465	-0.0688703734	0.0064574376	-0.0123760544	-0.18911986109999998	-0.2459226676	-0.0320281065	-0.1967513136	-0.0192359774	-0.11764912460000004	-0.1777417704	0.00016683709999999998	0.0562319391	0.0450107416	0.061272278799999996	0.0781420969	0.1204618775	0.06745927339999999	0.1950347041	-0.1251443485	0.0595921296	0.043007740700000005	0.0012156989	-0.1379821494	0.1147935953	-0.0417018978	0.0045630891	0.0882698021	0.075468282	0.0798418635	0.0323583166	-0.1620261969	0.0136204694	0.068578945	0.0292004725	0.0453748627	-0.0126949495	0.0136186392	0.10023234240000001	-0.0231087191	0.0843237885	-0.0854986174	0.1562193415	0.008845891	0.10040506619999999	-0.0287300279	-0.09994443509999999	0.07636000679999999	0.1157316116	0.0358759607	-0.1446725957	0.0307482821	0.0006638477000000001	-0.0555250884	-0.0367484252	0.1261457982	0.1165949459	0.0458773699	0.0677381675	-0.1780020359	-0.070859678	0.0019692023000000003	-0.2619947271	-0.017544771	0.0649649797	0.07599193280000001	-0.2306179829	-0.0914491368	-0.017057613500000002	-0.1535498954	-0.12889876039999998	-0.1154299945	0.0548270298	3.1583600000000004e-10	0.0	0.0	9.975237889600001e-20	0.026648200000000004	-0.057812399999999965	0.0007101265632400003	0.0033422735937599962	0.0371433	0.006649500000000006	0.0013796247348900005	4.421585025000008e-05	0.0009767139999999998	0.0	0.0	9.539702377959994e-07	-0.0	0.0	0.0	0.0	0.0	0.0	0.0	0.0	0.0	0.0
8688.901312493159	-9.059287113894245	75497006.01824534	82.07068301197026	10529.20023104251	9.740391091285346	110864057.50538564	94.87521861119093	6415.074864500575	9.327801472004467	87.00788030112871	41153185.51714707	6753.4959929247	9676.547702006234	1.13159	48.741531	0.03747944	0.0331086	-0.09907861	0.0202914859	-0.0670429377	0.098535715	0.010542895900000002	0.0273571679	-0.10280747929999999	0.0952444142	0.128486026	-0.058013991699999996	-0.0547690859	-0.0643844031	-0.10083849140000001	-0.0253040933	-0.12040761050000001	0.023284739	-0.2348644472	0.09898509330000001	0.1338032062	-0.0442764079	0.0413536838	0.046302207699999993	-0.11281650609999999	-0.1406032291	0.0794666302	-0.028454543	-0.0499096022	-0.0038054517	0.0326403334	0.08752330960000003	0.1170131477	0.0670194509	0.016054193600000002	0.054522565999999995	0.0530817186	0.0426648962	0.1372928344	-0.029030765099999998	-0.0018436854999999998	0.12490730230000001	0.0035515598	0.09211442310000001	0.1301213326	0.0637682458	0.08740537849999999	-0.1202655867	-0.1001254643	0.0365697	0.1065415666	-0.1603687693	0.0192941322	0.0161157493	0.076872365	0.1325056654	0.0841182916	0.028272599	-0.139482537	0.05080155769999999	0.033102574100000004	0.0066329621	0.053062057999999995	-0.1177447246	-0.074217684	0.2183590689	0.025642875	0.10886130179999999	0.0144915631	-0.1023142776	-0.0359422245	0.0818315033	-0.0971506029	0.0422612579	0.0592293662	0.042029940300000006	-0.21386532949999998	-0.1166647879	-0.14599388630000001	-0.0010227694000000001	0.0049079702	-0.08370499990000001	-0.1150164768	-0.1690664016	-0.0855912536	0.1108174808	0.0363502223	0.1065633204	-0.0960445939	-0.0075302991	0.0475939603	0.0863526564	-0.13431635460000002	0.0349476705	0.0466528109	0.0496255332	-0.0647110288	0.0546860459	-0.1803337921	0.0179060445	-0.0872619266	0.01573757	-0.0133255204	0.02512108	-0.10269759869999999	0.0437130025	0.187988044	-0.0452973763	0.1580595316	0.0133409173	0.11622372060000001	-0.0184206178	0.07915010389999999	-0.0042120557	-0.10221957529999999	0.0872307658	0.0189916936	0.09056902	-0.19122899570000002	-0.1093227105	-0.0007828049000000001	0.027990434300000002	0.11024836710000001	0.08971311539999999	0.1048160632	0.2234017257	-0.033022428900000005	0.1210388885	0.12462712460000001	0.118406538	0.1761769704	-0.0738600681	0.0007537548	0.037944973	0.0025246788	0.0106556996	-0.053892725	0.1115477602	-0.082275682	-0.0215476134	-0.054189258399999995	-0.0677582584	0.0095642553	0.0966956332	0.052053695	3.1583600000000004e-10	0.0	0.0	9.975237889600001e-20	-0.00612414	-0.032772340000000004	3.750509073960001e-05	0.0010740262690756002	0.032436200000000005	-0.0047071	0.0010521070704400004	2.215679040999999e-05	0.0009767139999999998	0.0	0.0	9.539702377959994e-07	-0.0	0.0	0.0	0.0	0.0	0.0	0.0	0.0	0.0	0.0
8711.337837441812	22.436524948652725	75887406.91804539	503.3976517715165	10520.602268113562	-8.597962928948617	110683072.08383624	73.9249665275747	6407.386521952748	-7.688342547827232	59.110611132730554	41054602.04170173	6740.376429957524	9581.875232462995	1.246598	53.695312	0.12960734	0.128571	0.1524550717	0.0055946385	-0.1058205521	-0.0238820489	0.0770830625	0.024427409	0.1140769823	0.0805147747	0.020034487	0.059739997999999996	-0.0065219223	-0.0011276672	0.04497402019999999	-0.1077963926	-0.21716073170000005	0.0316729458	0.09807816119999999	0.0165706869	0.17204959079999999	0.054519167599999994	0.0550192387	0.0061445861	0.0635832381	-0.0926515186	0.0698481404	-0.1653128636	0.0095148037	0.048405717	0.1348963293	-0.1293255518	-0.015512431100000001	-0.0118233508	-0.0049719716	-0.12774471769999998	0.012206586799999999	-0.14623684039999998	-0.09183709720000001	-0.0530344402	0.11994931029999999	0.06843861650000001	0.030129176299999998	-0.042904481900000006	-0.0635528767	-0.0474590046	0.0230856135	0.0814742176	-0.0621663789	-0.1403449036	0.0003816466	-0.0911822741	-0.10070066800000001	0.0184144159	0.029392235299999996	-0.0436947838	-0.047962345499999996	-0.0657622933	-0.0400365801	-0.0324477886	-0.0927475966	0.10496117769999999	-0.148754253	-0.1852131979	-0.10282936869999999	0.09102034199999999	0.2113212098	-0.1591647571	0.0966258051	-0.0446558665	0.0523906979	0.0720371211	-0.1473179165	0.0960237865	-0.0304665932	-0.1501918901	-0.11157477910000001	-0.16766896720000002	0.0276477208	0.0004446721	-0.120577361	0.0695790706	0.0472676449	0.0472581666	0.0419423774	0.022559369500000002	-0.10460592	-0.1023380599	0.0573650651	0.0126958529	0.046516008600000006	-0.1611272157	0.0857923357	0.0739836431	0.037548092000000005	0.0835425061	-0.0091993757	0.0373216433	0.09192778880000001	0.0920732733	0.0201624119	0.1072476006	0.0601225753	0.051065518600000005	0.1047925684	0.0657924867	0.014985485	0.0194937412	-0.11978983289999999	-0.1123129397	0.053409104400000004	0.0768882066	0.0588472533	-0.016993888999999998	0.07912932389999999	0.0715320261	0.0153028669	0.09438434789999996	-0.113404622	-0.1606792285	-0.1168701801	-0.2742713862	0.1131008769	-0.0192632186	-0.0234219397	0.0620974454	0.11943006880000001	-0.0060232024	0.1347456374	0.0837140908	-0.0827874859	-0.0831033069	0.0033312683	0.0258200391	-0.0977154009	0.1354051827	-0.0764932502	0.0396711661	-0.1307715118	-0.036064023	-0.027056002200000002	-0.0338927194	-0.0606192842	0.0182176065	0.049249005	3.1583600000000004e-10	0.0	0.0	9.975237889600001e-20	0.122443	0.12856714000000002	0.014992288249000002	0.016529509487779606	0.031396	-0.001040200000000005	0.0009857088159999998	1.0820160400000105e-06	0.0009767139999999998	0.0	0.0	9.539702377959994e-07	-0.0	0.0	0.0	0.0	0.0	0.0	0.0	0.0	0.0	0.0
8719.631154646697	8.29331720488517	76031967.47308528	68.77911026084438	10513.074596215216	-7.527671898345942	110524737.46558572	56.66584420914722	6404.142619329709	-3.243902623038593	10.52290422775667	41013042.68871519	6737.6971580586	9740.652958883582	0.979408	42.186493	0.07641619999999999	0.07588589999999999	0.09216695	-0.0752923192	-0.0167809645	-0.028195484700000002	-0.1392110661	0.0343635922	0.1085694892	0.0177626933	-0.0134749024	-0.11653212439999999	0.0186262322	0.0317190085	-0.068060573	0.0422709761	-0.1793839482	0.2170534397	0.0219462994	0.018914436399999998	-0.1383010427	0.0168159745	-0.09589674029999999	0.044843173	0.0522581226	0.0579856741	0.0140743358	-0.017873692099999998	-0.0304120327	0.1264945544	-0.0029851804999999998	-0.1316299971	-0.1317075082	0.0730976201	0.0051303979	0.08814914189999999	-0.0146951835	0.0825715329	-0.0919684281	-0.0644363775	-0.011032609399999999	-0.1013871084	0.0134968603	0.0818755625	-0.0722667971	0.0244729531	0.0108046876	0.0059065689	-0.18236217649999997	-0.06484525599999999	0.0457517841	-0.0029353431	0.17153709039999998	-0.0503627302	-0.0248959935	-0.0806506287	-0.0807248662	0.0992527056	-0.0276097815	-0.0745156235	0.0397311596	-0.032914735099999995	0.1509981097	0.0987947119	0.1856505741	0.1775951362	0.028170903599999998	-0.0247298707	-0.0223973083	-0.0940639678	0.0542391022	9.01816e-05	0.16562150380000001	-0.0815819949	0.09405828880000001	0.09176899710000001	-0.15425867470000001	-0.09122035369999999	0.009078775400000001	0.05792155230000001	-0.0291006363	0.0072519069	0.0158835824	0.0295387522	-0.004152927	-0.031331178	-0.0678059627	0.052214424100000004	-0.1232681241	0.0683971555	-0.2424319838	-0.0538810908	0.0939394382	0.0541520349	0.0423731764	-0.0562494847	0.10326563279999999	-0.0850353031	-0.031849359	0.0187190937	-0.0789325328	0.1592964374	0.0448457915	-0.062083135199999986	0.0845034019	0.045132913600000005	-0.0226232748	-0.0023272101	0.090115429	0.09954137210000001	0.0824159044	0.0863302601	0.030803345299999996	-0.0226335169	-0.1631001084	-0.035774250099999995	0.20034486969999998	-0.0952877169	-0.106015593	-0.060547242	-0.041757439900000005	0.1594621519	-0.053998692800000005	0.0220113683	-0.18037071079999997	-0.1094452225	-0.0353133734	0.1208195972	0.0713465968	0.018554893700000002	0.127707239	0.0558501784	0.1021804318	-0.021721794300000003	0.1202781226	-0.0101675598	-0.1408862087	-0.1038178542	0.0064286946	-0.0781936547	0.1036573678	-0.087086996	0.0011057688	0.09715079039999999	0.0464146492	3.1583600000000004e-10	0.0	0.0	9.975237889600001e-20	0.0465586	-0.07588440000000002	0.00216770323396	0.0057584421633600025	0.0319278	0.0005317999999999988	0.00101938441284	2.828112399999989e-07	0.0009767139999999998	0.0	0.0	9.539702377959994e-07	-0.0	0.0	0.0	0.0	0.0	0.0	0.0	0.0	0.0	0.0
8703.975208862588	-15.655945784108553	75759184.43649454	245.1086383949464	10537.238353905215	24.16375768999933	111033392.12701108	583.8871857010017	6407.128566152938	2.9859468232289146	8.915878431150848	41051296.46321301	6744.443202225815	9863.056995934268	1.226591	52.833549	0.07074192	0.05806519999999999	-0.11502963109999999	-0.0711431874	-0.06843506120000001	0.043454718499999996	0.1354327274	0.0262263508	-0.11362055019999999	0.015503553799999997	0.0570352325	0.11272111630000001	0.08669407220000001	0.0071654807999999995	0.0175176999	0.0672849754	-0.1577717391	0.1413610247	-0.1431592232	-0.060893750499999996	-0.09943913609999999	-0.046472779900000004	0.0083756668	0.0996131485	0.0631198397	0.039353330299999996	-0.026590185699999998	0.0840233025	-0.019160683300000002	0.06910493179999999	-0.0905265767	0.030295241400000002	0.042524301900000006	-0.0018871628	0.0434844654	0.0402762353	-0.0115782078	-0.0508471904	0.09205183689999999	-0.0358983391	-0.0189504075	0.1354643572	-0.0241381966	-0.10325778050000001	-0.0411518472	-0.0025149411999999998	-0.021702859100000003	0.0456956883	-0.0876940903	-0.0194865195	0.0429407437	0.0435639518	0.00022683599999999998	-9.97188e-05	-0.0950794817	-0.1470218861	-0.0426124225	-0.0936741583	0.0314569114	-0.09989861650000001	-0.0199881322	0.0660554299	0.09143680800000001	0.0248220186	-0.043213146200000004	-0.0007005349	-0.09702350470000001	0.033774234900000005	-0.06393184	0.1522888042	0.0541261929	-0.07038009690000001	0.0484217128	-0.0109882141	-0.23035625059999998	-0.0260405708	0.0856371197	0.0169036679	0.0298594998	0.1056751415	-0.08815159789999999	0.006239852	-0.07555915120000001	-0.1110438303	-0.0766673209	0.0579696642	-0.037682537200000005	0.1005164061	-0.22601714280000001	0.0519834305	-0.0125425599	0.026449561099999998	-0.1052564907	0.0233065456	-0.024007311899999998	-0.0253944723	-0.0834215696	0.1291571727	0.0662398117	0.0428850704	-0.020219137800000002	0.1121095205	-0.0070874695	-0.0388477842	0.0486020009	0.0098237506	-0.1140479105	0.10559283	-0.0948955023	0.0787957442	0.0312155077	0.09947030130000001	-0.0027704299	-0.0054538379	0.0622406181	-0.0203558465	0.1064465431	0.0005380555999999999	0.0032695565	0.0017773773	0.0057857023	0.1331764997	0.0249410567	-0.0791568089	0.0269670728	-0.023817470299999997	-0.0305341492	0.038580049500000005	-0.1543127162	-0.0007102213	-0.09488920349999999	0.1634485412	0.0628227708	-0.1655956226	0.0995494623	0.10764077150000001	-0.0359033828	0.0967131902	-0.0217283865	0.13619289999999998	-0.16892512780000002	0.024343717200000003	0.0769303713	0.1248437349	0.043552335	3.1583600000000004e-10	0.0	0.0	9.975237889600001e-20	-0.00957142	-0.05613002	9.161208081640003e-05	0.0031505791452004005	0.028551	-0.003376799999999999	0.000815159601	1.1402778239999996e-05	0.0007520119999999999	-0.0002247019999999999	5.049098880399996e-08	5.65522048144e-07	-0.0	0.0	0.0	0.0	0.0	0.0	0.0	0.0	0.0	0.0
8695.930287631894	-8.044921230693944	75619203.56735373	64.72075760807017	10516.910019271889	-20.32833463332645	110605396.35346144	413.2411889644996	6401.971710164812	-5.1568559881261535	26.59316368227257	40985241.77775057	6737.495789757292	9773.807323593272	1.031268	44.420303	0.03639872	0.0279101	0.015854806200000002	-0.0324585665	-0.054301310199999994	-0.13793274630000002	0.0294924072	0.0314204201	0.0343537333	0.0910178241	-0.1405057425	0.038457059	0.0032136734000000004	-0.0289389819	-0.0713210291	-0.0476897367	-0.0751516255	-0.0667804922	-0.028690185099999998	-0.0582742236	-0.2072161454	-0.0531449829	0.0989407867	-0.0887713118	0.0932947308	-0.0843706188	0.0136610151	-0.0801772791	-0.0720338302	-0.0033535183000000003	-0.12176657689999999	0.0495995971	-0.0241759718	-0.11074703179999999	0.2174674659	-0.23839384440000005	-0.0366842851	0.0787387496	-0.0006976722	-0.0820476524	0.0053334162	-0.0078735149	0.1054092037	-0.0157677848	-0.0513422425	0.028568539	0.0038715971999999997	0.0294129633	0.0732008745	-0.045921654400000005	0.0041796258000000005	-0.1712436162	0.17574605420000006	0.0671818119	0.030699755899999997	0.1314527523	-0.038349700800000004	0.023847467200000003	-0.0946725696	0.0715128857	-0.0017299649	-0.1179109843	0.053776222699999994	-0.0423698151	0.0642145199	-0.0390096012	-0.0182659104	0.12482602150000001	0.070183902	0.0114926083	0.0373060772	0.0647307341	-0.057461742	0.09055062369999999	0.014048300500000001	-0.1632557312	-0.0140162945	-0.0046526363000000005	0.09491194650000001	0.0315382314	-0.08011124480000001	0.0679223608	-0.0694657828	-0.025858637599999998	-0.0960179377	-0.039678865699999996	0.06267984730000001	0.0161332761	0.026559095	-0.0791298143	-0.0786177231	0.118382319	0.001193523	0.0677723781	0.0590594045	0.0019053368	-0.057569219299999995	-0.10206896	0.065751058	0.0182565868	-0.049712324800000006	0.0317268764	0.0581204575	0.1465763967	-0.030138217400000007	0.083856551	-0.0032113732	-0.1560770686	0.14953688939999998	0.0121545747	0.021186593599999998	-0.0096517893	-0.0068552965	-0.0002693206	-0.07261086309999999	-0.005710807900000001	-0.052276311900000004	-0.10072882970000001	-0.0336046434	-0.06970220690000001	-0.0426799946	0.0314401362	0.0419082391	0.08271886070000001	0.08143887429999999	0.0648177237	0.055448734400000005	-0.14949041300000002	0.04254097019999999	-0.0886035688	-0.0597117877	0.10139471859999999	0.0938098333	0.0164974511	-0.025744608	0.029470296	-0.1552903778	0.1095171395	0.0097541045	0.0198540235	0.0506650735	0.0409465365	0.0057345739000000005	0.0005552976	0.0406637865	3.1583600000000004e-10	0.0	0.0	9.975237889600001e-20	0.015234200000000003	0.02480562	0.00023208084964000005	0.0006153187835844001	0.028193	-0.0003580000000000007	0.0007948452490000001	1.2816400000000049e-07	0.0009767139999999998	0.0002247019999999999	5.049098880399996e-08	9.539702377959994e-07	-0.0	0.0	0.0	0.0	0.0	0.0	0.0	0.0	0.0	0.0
8698.868988977716	2.9387013458217552	75670321.68739821	8.635965599934595	10492.242619330993	-24.66739994089585	110087155.18290567	608.4806198441083	6400.672936241589	-1.2987739232230524	1.6868137036441992	40968614.03673553	6734.437902215625	9766.008534430928	0.923416	39.774742	0.0024409	0.00174722	-0.0007054483999999999	-0.0111380785	-0.05271110019999999	0.0624414413	-0.1406672233	0.053011946100000006	0.0379868265	0.0544733996	0.033308535800000004	-0.13326703310000002	0.0334638215	-0.0535370494	-0.0930790337	-0.0289778471	0.0609617924	0.1858516603	-0.019090816899999998	0.049156306100000005	-0.0809826204	0.1327046643	-0.1530427264	-0.0305942366	0.0305782873	-0.0811647413	-0.0156318371	-0.0048133215	-0.19483579129999998	-0.0212437793	-0.0562968894	-0.1314229546	-0.045208921900000004	0.1182825459	-0.10734511109999999	0.0661176517	-0.06447741259999999	-0.0090589462	-0.0523766485	-0.0552664914	-0.09848162449999999	0.013772748799999998	-0.0321871618	0.14309808599999999	-0.0036081755	0.12765781	0.019849642600000002	-0.0542168203	-0.016949795900000002	-0.1146977494	-0.0291784247	-0.033772471299999995	-0.1416707576	0.0509208864	0.0197872031	0.091206811	-0.148758429	0.0501500763	0.06331694480000001	-0.1635375171	-0.0129047071	0.0444082219	0.035314433799999996	-1.93164e-05	0.0102918308	0.0600145717	-0.087178249	0.0328393268	-0.1258997503	-0.0378678589	0.0146980426	0.0538887629	0.073702171	0.0976359429	-0.0674752322	0.0118315999	-0.06266935480000001	0.2205356427	-0.0725092418	0.0557550234	-0.0395060824	0.0124234095	-0.2110430785	-0.0106199568	0.0043963268	0.0388484364	-0.07276690799999999	-0.0798954985	-0.0758188526	-0.12163053830000001	0.21861547190000002	-0.0702592512	0.045072319000000007	0.0742918357	0.0185855433	-0.0805857242	0.042737081600000004	-0.021289411	-0.1522921897	-0.0307064198	-0.1231932737	-0.0075677934	0.0072781426	0.0760323859	0.064369867	0.0111999531	0.0663033155	-0.0008467108	0.0244888183	-0.10507225320000001	0.0355214253	0.060459428899999994	0.0870705274	0.0523159386	0.020969502	-0.1586844716	0.14901926810000002	-0.027549669900000004	-0.09469739769999999	0.07922960059999999	-0.030684592099999998	0.07306191320000001	0.022785652599999998	0.11227026220000001	-0.0263286554	0.11353601949999999	0.017171379599999998	0.1345772318	-0.1420613257	0.0903563931	-0.0675423032	0.028314445299999998	0.0133105365	0.0653089703	0.1719991857	0.0363319382	0.0866137535	0.0801795882	0.020396055	0.063037429	-0.0444573141	0.0210632807	-0.202150757	-0.0119506496	0.0377507437	3.1583600000000004e-10	0.0	0.0	9.975237889600001e-20	0.0166467	0.0014124999999999988	0.00027711262089	1.995156249999996e-06	0.0271646	-0.0010284000000000024	0.0007379154931599997	1.0576065600000046e-06	0.0009767139999999998	0.0	0.0	9.539702377959994e-07	-0.0	0.0	0.0	0.0	0.0	0.0	0.0	0.0	0.0	0.0
8697.287205945282	-1.581783032434032	75642804.74269949	2.5020375616962016	10514.001278098449	21.758658767455927	110544222.87585582	473.43923135858665	6408.652079664758	7.979143423169263	63.666729767505295	41070821.47819143	6743.7918105698145	9816.6322797974	1.1302219999999998	48.68259000000001	0.0453667	0.040301599999999986	-0.1636156447	-0.0063744068	-0.0608521195	-8.53653e-05	0.1456076866	0.0440272369	-0.1411967625	0.0552101925	-0.019748283000000002	0.0829066389	0.0796147421	-0.0780899661	0.0759890588	-0.0841049271	-0.0719307448	0.046479234800000005	0.1507970316	-0.08022484719999999	-0.0032396837	0.0786600714	0.1140462966	0.061078102	-0.11526087609999999	0.0717635503	-0.0754447166	0.0105938274	0.009419681899999999	-0.0549482105	-0.0089008482	0.1390591488	0.0324398622	0.023195360699999997	-0.0674666238	-0.0063451916	0.11789244310000001	0.2077068092	0.1483070998	-0.0659117907	-0.0372094307	0.1146387514	0.0424724832	-0.10203036	-0.0042429055	-0.0175743601	-0.0457014896	-0.0079632578	0.0026939837	-0.1167247934	-0.0526678613	0.0048663965	-0.0229144505	-0.06671858139999999	0.0377000463	-0.07148953799999999	0.11149094970000001	-0.127529106	-0.0193798155	-0.0718973805	0.0607320962	-0.041727580099999995	0.0056931188	-0.0755456749	0.0925427208	-0.0342116059	-0.14326488310000002	-0.1061807801	-0.0468288342	-0.052883888	-0.054792790300000005	-0.12088565050000001	-0.060237015	0.10529467869999999	0.0914273793	-0.0312491502	0.10910607380000001	-0.1982601455	-0.0055645658999999995	-0.023634141	-0.09660412869999999	0.0871605913	-0.0909821341	-0.143925824	0.007634534799999999	-0.0140734291	0.0985893128	-0.044659493499999994	-0.029579538199999998	-0.0583555146	0.0132496898	0.0363609361	-0.1575806542	0.0387269736	0.0025292177	-0.0342933725	-0.1201964658	0.07292548900000001	0.061847524	0.0597172974	-0.0103950126	0.0587917918	-0.0215211154	0.011672043899999998	0.1422243714	0.0640132548	0.0015390103	0.0674340346	-0.11777145439999999	0.006327624699999999	-0.0869392686	0.0384570381	0.0305848521	0.0073630951000000005	-0.0385796868	0.052146342400000004	-0.026374196000000003	-0.1144673331	0.11552923609999999	0.08945490310000001	0.0877410514	-0.042029641799999996	0.0745099744	0.0438596234	-0.0184434451	0.031144797400000007	0.0418921646	0.015044423999999999	0.0028607744	-0.0747294659	0.1174660273	-0.0889123926	-0.008551382	0.0760451936	-0.0788215217	0.1604565799	-0.1006631409	0.0967211906	-0.108957136	0.1416144136	0.045509258	0.16861021829999998	-0.0569884356	-0.09579998470000001	0.0348149612	3.1583600000000004e-10	0.0	0.0	9.975237889600001e-20	-0.023287	-0.039933699999999996	0.0005422843690000001	0.0015947003956900002	0.0325976	0.0054329999999999995	0.0010626035257599998	2.9517489000000007e-05	0.0009767139999999998	0.0	0.0	9.539702377959994e-07	-0.0	0.0	0.0	0.0	0.0	0.0	0.0	0.0	0.0	0.0
8698.108192755979	0.8209868106969225	75657086.13288869	0.6740193433383044	10510.11072668139	-3.8905514170583047	110462427.48710322	15.136390328774382	6404.0682227696225	-4.583856895135796	21.011744035083975	41012089.80188767	6737.561796828595	9652.456991096591	1.139894	49.099201	0.04602721893023599	0.0359724	0.011279686399999999	0.0167825426	-0.056344468499999995	-0.09573098810000001	0.0370891298	0.018289239	0.0398213987	0.0820220222	-0.08942965900000001	-0.004740091599999999	0.034753869	-0.07727258669999999	0.0703787545	-0.12549651679999999	0.0682890852	0.0153442251	-0.0408574985	-0.1247361681	-0.0355970915	-0.0214341669	0.016821023600000002	-0.1065092858	-0.1130273777	0.0168594074	-0.1735189391	0.0831804197	0.053377421200000004	-0.167757682	-0.0355278658	-0.1541840736	0.1153339084	0.0560189735	0.0743429789	0.0230606269	0.1686297648	-0.0281592798	0.0033205057	-0.034533182200000005	0.045441330499999995	0.0128382017	0.1601888852	0.007071300000000002	-0.0281320009	-0.1196786144	0.10745696519999999	0.21329277359999999	-0.054618507000000004	0.0989960233	0.035745332000000005	-0.2039908561	0.11617761609999999	0.157162303	0.2370861063	-0.29380586	-0.0327259627	0.11463667849999999	0.0523526245	-0.0330693786	0.049316588	-0.1490020768	0.007300106800000002	0.1171613075	-0.1884212321	0.0384738445	0.2293068186	-0.0455007805	0.07040933860000001	0.0044384357	-0.0317395906	-0.026364742400000002	-0.0303304358	-0.15054819789999999	0.0054121332	-0.08514060650000001	0.0005114366000000001	0.0085045495	0.0686052143	-0.1116690159	0.0870683981	0.0497394184	-0.1139368368	-0.0347777528	0.0362420522	-0.0466794904	0.12255248460000001	-0.041074285	-0.1904968871	-0.0361257631	0.07866969089999999	0.0502803455	0.0168392388	0.0373584389	0.0302859419	0.0371937411	-0.0727874895	-0.07331037530000001	0.0500997137	0.0653949416	0.006587925200000001	0.149581476	0.21010633550000002	0.0696488671	-0.23973624850000005	0.2008219111	-0.0664698767	0.0169479003	0.0706088596	-0.0999084305	-0.0659114153	0.18970831859999998	-0.1306863502	-0.2472056738	-0.2216681201	-0.1084515499	-0.013989371399999999	0.16936707489999994	-0.0316922603	0.0014900883	-0.0091211153	-0.061887668099999994	-0.1553353348	-0.23422119440000005	-0.1771839292	-0.013078864099999999	-0.0182290044	-0.1012079469	0.1672844682	-0.1010203642	-0.08789770359999999	-0.045474243399999996	-0.1135692654	0.03058024	-0.0564945816	-0.047303011	0.033488158500000004	0.010029172900000001	-0.0147035591	-0.0064458268	-0.0396764517	0.045609663099999996	-0.1669653596	0.0193329307	0.0318582075	-1.86144e-08	-1.8930236000000004e-08	3.5835383501569616e-16	3.4649588736000013e-16	0.0115112	0.034798199999999994	0.00013250772544000006	0.00121091472324	0.0262394	-0.006358199999999998	0.00068850611236	4.042670723999997e-05	0.00107413	9.741600000000013e-05	9.489877056000025e-09	1.1537552569e-06	-0.0	0.0	0.0	0.0	0.0	0.0	0.0	0.0	0.0	0.0
8738.756666398123	40.64847364214438	76365868.07451764	1652.2984094361066	10518.362537294664	8.251810613273847	110635950.46596386	68.09237839733889	6432.613541339864	28.54531857024176	814.835212276589	41378516.97222899	6765.942826025416	9837.642755926623	1.221432	52.61134000000001	0.04200084171630001	0.0300821	-0.17247050519999998	-0.0571117999	0.0514851105	-0.1162252253	0.026031246400000003	0.0245545398	-0.16006378599999999	0.014108143	-0.0964842695	-0.044380587699999995	0.0188074718	-0.0023559819	0.026949966000000002	-0.0694205425	0.0027437757	-0.07832569980000001	0.0290292841	-0.0854614809	0.0510832728	-0.0664048441	0.0846923998	0.0281441638	0.143579443	0.1348664515	0.0753314863	-0.0462477667	-0.0647118418	-0.0168197694	-0.17408361170000006	-0.1315138825	0.035198953	-0.0272407613	-0.1140614866	0.034736065	0.2157630293	-0.0265267793	0.1689278752	0.019925338	0.0190095656	-0.08985073519999999	0.0868638586	-0.0399472314	-0.15484531710000002	-0.0251978228	0.0364360171	-0.10476338199999999	0.11098977869999999	-0.0715479777	-0.053359353899999996	0.0122922551	-0.0011388193	-0.1157428579	-0.0224004831	0.0141260798	-0.07374335650000001	0.016993726	-0.0695302074	0.0153021416	0.23017294149999998	-0.1077697192	-0.18558718510000002	-0.033049981	0.0333413315	-0.0535860664	-0.10307606300000001	-0.034741878	-0.11280551779999999	0.038895160299999995	0.0824894795	0.1276838665	0.0059291501	-0.001006162	0.2265619975	0.0046033275	0.042664817800000004	-0.1642189331	-0.1094366049	-0.1048914151	0.058379758899999995	-0.1065668652	0.0008453998	-0.051689288300000004	0.0994189615	0.16562396769999999	-0.050897945300000004	0.0278168541	-0.0041652745	-0.1034565051	-0.0556717808	-0.0238387937	-0.1736373416	-0.023084339900000004	-0.027418815699999998	-0.011485524799999999	0.0388941527	-0.1386873494	0.13637282779999998	0.053520642400000006	-0.07073317030000001	-0.110619515	-0.058069225499999995	-0.0272100165	0.1135876317	0.0650177517	0.1604795521	-0.0001303097	-0.0144999084	0.0393993293	0.0041952612	0.0813545274	-0.1592113643	0.1624308674	-0.0465292758	-0.1760850542	-0.1569801555	-0.1967000686	0.0483040447	-0.009952579599999999	-0.0918114266	0.0766243346	0.0896345397	0.0464980501	-0.0502028352	-0.0628798949	-0.0295484998	-0.0405606465	0.0388471788	0.0671526469	0.1574129373	-0.13054470099999999	-0.0406848959	0.0414538255	-0.0607857398	-0.1022699716	-0.044090747199999995	0.051910041	-0.039179898399999996	0.1478832159	0.0643381389	-0.167596687	-0.0241647709	-0.0400629776	0.0288822635	2.31019e-08	4.17163e-08	1.7402496856900005e-15	5.336977836099999e-16	-0.0118352	-0.023346400000000003	0.00014007195904000002	0.0005450543929600002	0.027523	0.0012836000000000028	0.0007575155290000001	1.6476289600000073e-06	0.0007267139999999999	-0.00034741599999999997	1.2069787705599999e-07	5.281132377959999e-07	-0.0	0.0	0.0	0.0	0.0	0.0	0.0	0.0	0.0	0.0
8754.438313556724	15.681647158600756	76640190.1858699	245.9140576068511	10520.374011697411	2.0114744027468987	110678269.34599829	4.046029272905994	6429.054122583787	-3.5594187560773207	12.66946188111502	41332736.91111159	6765.697671315126	10107.001578343494	1.245134	53.63223299999999	0.0460992832674	0.0337661	0.0338498108	-0.192496803	0.007873748199999999	-0.08858323359999999	-0.066167675	0.0203465734	0.036143761	0.1335941433	-0.0648745688	-0.0143420756	-0.182811515	0.0731597576	-0.1636755023	0.0123426811	0.0076532469	-0.1052621953	-0.004440272	-0.0805431653	-0.0041175722	0.0944631513	0.02070776	-0.0371267255	-0.0806031396	-0.0364111715	-0.15539961970000002	-0.11919513080000001	0.0343101742	0.0200798856	0.0402809068	-0.0382188969	-0.054793086100000006	-0.0742875312	0.0347268259	0.15545677460000001	0.039131738	0.0145752397	0.023242093300000002	-0.0440937178	0.15603723419999999	-0.1479733147	0.1452817674	0.0074777112	0.0082546409	-0.0195533151	0.08025675759999999	-0.1717736071	0.0237580988	-0.0074479483	-0.0442810804	0.0614213586	0.024622025699999998	-0.0078733527	-0.195962515	0.0262431774	0.0636659738	0.0511001222	0.0914788732	-0.2254380611	0.0174777606	-0.0933381684	0.06361220599999999	-0.1613563023	0.0578621504	0.0265698681	-0.014871306200000003	-0.1025665347	-0.053899574699999994	-0.1660386179	-0.0821992488	0.084755872	-0.024237363900000003	-0.03527657	-0.046139752199999995	-0.0731568708	-0.1028489471	0.1542556498	0.1455657457	-0.1634800812	-0.0029429708000000003	0.0566720517	0.0353469868	-0.0273103008	0.0247003433	0.0022562143	-0.0323251808	0.11181445429999999	-0.12409054650000001	0.0394678974	-0.0758150434	0.118707255	-0.0126542746	0.036987997599999996	0.1404363311	0.1372740764	0.06265474530000001	-0.1607554257	0.0158687866	0.056911774400000004	-0.0353555767	-0.0443510249	-0.1090199097	-0.12591271980000002	0.024152289599999998	-0.1039983071	0.0795007212	-0.08248921690000001	-0.057622531799999994	0.1418652184	-0.08111652849999999	-0.0039801791	-0.0195720506	0.10151257970000001	-0.1380003266	-0.0946129616	0.1596206789	0.0351176748	0.0327557637	0.1329016317	0.100276776	-0.1092055243	-0.0533416751	0.09556907	-0.0409647405	-0.0429540541	0.2299787748	0.12189650869999999	0.0530084818	-0.0647099195	-0.1940651492	0.0579931629	-0.0460613664	0.0820017756	-0.0622583614	-0.0602088641	-0.1469131176	-0.0916424734	0.1547053159	0.006854725799999999	0.0506605738	-0.0186657566	-0.0384136636	0.0105878001	0.025888922	-1.01655e-08	-3.32674e-08	1.1067199027599999e-15	1.0333739025000004e-16	0.0199461	0.0317813	0.0003978469052099999	0.00101005102969	0.017886000000000003	-0.009637	0.00031990899600000013	9.2871769e-05	0.000820333	9.361900000000008e-05	8.764517161000015e-09	6.729462308890001e-07	-0.0	0.0	0.0	0.0	0.0	0.0	0.0	0.0	0.0	0.0
8740.32177115514	-14.1165424015835	76393224.66332853	199.27676937570493	10529.43594148564	9.061929788229463	110869021.2458496	82.11857148680048	6412.978753155188	-16.075369428598606	258.4175022659227	41126296.48841988	6748.4921716707495	10124.123544857026	1.089112	46.911861	0.14071656048133602	0.11348200000000006	0.1459305219	-0.192939275	-0.10578474130000001	0.1225891322	0.061665675499999996	0.0161823319	0.10384003019999999	0.08736222630000001	0.176747724	0.0966770892	-0.019421812099999998	0.0951206326	-0.2247104929	0.1361933708	0.0107359532	-0.0652221653	0.022878036299999998	0.0731882168	0.0471717925	0.0989102762	0.0130764578	-0.024155934100000002	0.1040219169	0.040188296899999996	-0.09653542109999999	-0.2172802426	-0.067124932	-0.0288907217	0.1550527226	0.0042750871	0.02561967	0.0981250029	-0.09854333300000001	-0.0218906992	0.08338891450000001	0.055068285700000004	-0.0953689777	-0.1390281441	0.1268019154	0.0047784786	-0.11332937439999999	-0.062913418	0.1002356642	-0.1361317938	0.07962537019999999	-0.1211124323	0.084123382	-0.0865965495	0.0195254624	0.0431613264	-0.0070018123	-0.1023742806	-0.06865754219999999	0.0488151534	0.0136496024	-0.0596857397	-0.054987253300000004	0.041474893799999996	0.0683778674	0.0537314579	-0.0050706651	0.0503972928	0.0008980198	0.012826123600000001	0.1001461658	0.035708880400000004	0.0714593997	-0.0319552866	0.037618931800000005	0.12851098460000002	0.0741195219	0.0654374644	-0.1221602365	-0.0832845555	0.036817627799999995	-0.1465262734	0.1091453381	0.017581427099999998	-0.0112306301	0.0717478623	0.022246045099999997	0.034587377	0.0101734129	-0.0133856452	-0.0930118431	0.1621891232	-0.137791423	-0.0965075416	-0.067483725	0.1230852208	0.0830260817	0.0947244856	0.13039925689999998	0.0668808129	0.0629866202	0.1551954061	0.0126628907	0.0769510217	0.0667830747	-0.19413102850000002	-0.0232146763	-0.0778586129	0.0905655101	-0.07854471910000001	0.1495305554	-0.0263058735	-0.0487411776	0.0526844877	-0.0168616796	0.052523227199999994	-0.0515008088	0.0618649953	-0.0269940112	0.0491799542	-0.0117225163	0.021841182200000003	-0.1674178148	-0.08499868	-0.1099768975	-0.0087956684	0.0172826932	-0.0310319801	0.018631392099999998	-0.0496363375	0.0276546873	-0.0930890859	-0.0870487221	-0.12528807320000002	-0.0321825383	-0.0219975596	0.0361257411	-0.054956905	-0.026142824300000003	0.0480851303	-0.1650568046	-0.1128638955	0.0015560494	0.0506853612	0.08575003869999999	-0.0740668972	-0.060183045	0.2055849952	0.022879986	3.1583600000000004e-10	1.0481336e-08	1.0985840434489601e-16	9.975237889600001e-20	0.129742	0.10979589999999999	0.016832986564	0.01205513965681	0.0286003	0.010714299999999996	0.00081797716009	0.00011479622448999993	0.00122446	0.00040412699999999984	1.633186321289999e-07	1.4993022915999995e-06	-0.0	0.0	0.0	0.0	0.0	0.0	0.0	0.0	0.0	0.0
8691.895362317311	-48.426408837829506	75549044.98947318	2345.1170729286123	10524.274467081372	-5.161474404269028	110760353.05846088	26.64081802592433	6409.731589202262	-3.247163952926712	10.54407373718663	41084659.04561735	6746.134465923084	9833.394443436182	1.110714	47.842304	0.108097229491564	0.093238	0.0548174166	-0.0858701518	-0.0165876348	-0.1154546263	-0.0492776037	0.015394516399999999	0.0217780049	-0.017042567800000002	-0.0770977192	-0.024306185299999998	0.1009194756	0.10056865359999999	-0.17523314420000002	0.0286662554	-0.0032233502000000003	-0.0163761299	-0.059293279000000004	0.0394664888	0.0154495569	-0.1280389233	-0.0317213148	0.0265300348	-0.0679351246	-0.0697129271	0.0064168126	0.011671623	0.0264744106	0.10874698	0.06514173179999999	-0.11671088019999999	0.1215615677	0.0011139825	0.0071658024	-0.08582574	0.058251965999999995	0.012772157099999999	-0.046179747	-0.050363138200000004	-0.0413567604	-0.0925337451	-0.0025358219	0.0242638781	-0.115911284	-0.059850176	-0.0300021163	-0.08930835699999999	0.0929051687	0.0024712184	-0.006568659399999999	0.0040475981	-0.0584269697	0.0817261653	0.061313987800000004	-0.056725967599999996	0.013639571699999999	-0.1903949368	-0.0138276178	0.0058560367	-0.12470482810000001	-0.1515767486	-0.0283667798	0.0267723165	0.0286141082	0.0901055855	0.0884090107	-0.060864212599999995	0.0560694315	-0.0321349042	-0.0598452904	-0.0397427843	0.1546845831	-0.0659809875	-0.0650167314	0.243129855	0.0011587612	-0.06858248509999999	-0.026559822400000002	0.0038046915000000004	-0.15711545710000002	-0.1805156382	-0.0043278901000000005	0.0106887971	0.0372557677	0.0944085329	0.0239561971	0.0541429458	-0.0847632601	-0.0466268316	0.0437662547	0.10546014050000001	0.0463672818	0.0231713957	0.0391415979	-0.0919199497	0.0783671798	-0.08245487	0.051563180300000004	0.1199289701	-0.045940984299999994	-0.115193503	-0.1136061494	-0.013548426499999999	0.0287812309	0.0122401152	-0.0877941564	-0.010208716500000001	-0.037923236400000004	-0.052254765700000004	0.0306806812	0.0688929354	0.0874706507	-0.029119088900000006	-0.018021110400000002	0.0168224792	-0.0864584558	0.0358334527	-0.0557069159	-0.1426035343	0.1156086767	-0.0074714352	-0.1624909896	-0.0939831847	-0.012734509	0.023775135	0.0607987248	0.1083042682	-0.0326125212	-0.0820298849	0.1952709788	0.0057837995	-0.23643588489999998	-0.0163888523	-0.0259915039	0.2034253747	0.1040342224	-0.0380820491	0.020535107	0.1075692438	-0.0371717469	0.0042930067	0.1547853408	0.1131352072	0.0198572679	2.98074e-08	2.9491564e-08	8.697523471660957e-16	8.884810947600001e-16	0.0378131	-0.0919289	0.0014298305316099995	0.008450922655210002	0.0350526	0.0064523000000000046	0.0012286847667600002	4.163217529000006e-05	0.00103014	-0.00019432	3.77602624e-08	1.0611884195999995e-06	-0.0	0.0	0.0	0.0	0.0	0.0	0.0	0.0	0.0	0.0
8656.686516095442	-35.20884622186895	74938221.43794864	1239.6628522752155	10506.756750216757	-17.517716864615068	110391937.4082254	306.8704041488192	6400.110854944654	-9.62073425760718	92.55852765549642	40961418.9555804	6736.433928044045	9681.721611233645	1.04335	44.940704	0.04568756019260002	0.0261811	-0.014308211000000001	0.013392851	-0.0814287672	0.0648200865	-0.1524551589	0.026294636	0.008487776899999999	0.051294775599999995	0.041958887	-0.0853894547	-0.0735461937	0.0053687521	-0.04898005019999999	-0.0389803356	0.10438878689999999	0.1235930428	-0.0572904741	0.186930029	-0.022406658599999997	-0.081529911	0.0189680317	0.0104113597	-0.008619579	0.0764591283	0.0142618385	0.037018322400000005	0.1292964588	0.029445457400000007	0.0979449585	0.07020381070000001	-0.09697217960000001	-0.015621445800000001	-0.056117187199999995	-0.0225030971	-0.0144417193	0.1163568019	0.016158209399999998	-0.10072943949999999	-0.0287009798	0.0176802246	0.0362861503	0.17011561960000002	0.0959190187	-0.0035212171999999997	-0.0745944281	0.0512183085	0.10388920130000001	-0.0699486689	0.050479594100000004	0.1310823308	-0.0314628092	-0.013303887700000001	0.0383551553	-0.0386849884	-0.06315631769999999	0.0386202746	-0.052683683200000005	0.00245656	-0.1305087859	0.20596709829999998	-0.0852392867	-0.1402002516	-0.1447581709	0.0047083828	-0.012829168	-0.180062324	-0.0952737238	0.17704981260000002	-0.0222020812	0.0083658674	0.090264419	-0.0329620542	0.0970193017	0.07115450820000001	0.0313387084	0.0383142192	0.0239564353	0.0824618135	-0.0021418215	0.0819895162	-0.0682713836	0.1115875635	0.07123866429999999	-0.012078964199999999	-0.0092882757	-0.0678905023	0.003261767	0.0381648248	0.052880478099999996	0.0175911119	-0.0138602777	0.0611361904	0.08447052779999999	-0.0020495324	-0.0058068412	-0.0278014038	-0.1549850616	-0.08448725230000001	0.046452663600000006	-0.10198276949999999	0.009465631700000001	0.0565705585	0.1416045403	0.0005081679	-0.10104622740000001	0.0477922245	0.0254311012	-0.025019767400000004	0.109716141	0.0713627584	0.037018435	-0.101155384	0.14800239310000002	0.08338362769999999	0.0072772553	0.0051697081	0.0945193124	0.018225666499999998	-0.1025954808	-0.0455280534	0.1454608605	-0.1724608282	-0.041605246299999996	-0.1569327669	0.0757520077	0.1092323945	-0.022754066099999998	0.0785353585	-0.0535273395	0.0018837014000000001	-0.0690063682	0.0135972108	0.0857564433	0.0257525801	0.13911611029999998	0.052280302199999996	0.0724078463	0.0098962163	0.0588433497	0.0240436855	-0.0020030375	0.0229438164	0.0168225886	0.0053935	0.005393470192600001	2.9089520718464684e-05	2.908984225e-05	0.0157349	-0.0220782	0.00024758707801	0.00048744691523999983	0.035193699999999994	0.00014109999999999123	0.0012385965196899994	1.990920999999753e-08	0.00129484	0.0002647000000000001	7.006609000000005e-08	1.6766106256e-06	-0.0	0.0	0.0	0.0	9.679580000000004e-05	9.679580000000004e-05	9.369426897640007e-09	9.369426897640007e-09	0.0	0.0
8667.702240386294	11.015724290851722	75129062.12799758	121.34618165206066	10518.459353318516	11.702603101759449	110637987.16741376	136.9509193573099	6394.407851710748	-5.703003233906203	32.524245885944595	40888451.77402007	6727.879285530029	9416.676678727928	1.0517010000000002	45.300411	0.05541017552650001	0.0452115	0.09612123300000001	0.0955291826	-0.1638417846	0.0229203722	0.05021656360000002	0.0170691972	0.09270647609999999	0.0732105765	0.0702438214	0.0803835958	0.18117123699999998	-0.0664833819	0.12472949109999999	-0.09827067789999999	-0.0597765519	0.1120044133	0.0656196743	0.0896470797	-0.11725315380000001	-0.0667082974	-0.035288754	-0.0018418026999999998	-0.028758379700000006	-0.0051173706	0.0725170849	0.030062927000000007	0.0988388467	0.1439897622	0.0571374178	-0.0059673506999999995	0.0384235506	0.0081826026	-0.050277656799999994	-0.0101538792	-0.055892089299999996	-0.140869487	-0.0796240857	-0.10679864689999999	-0.0220403212	0.0360047074	-4.09092e-05	-0.1220146466	-0.0471605066	0.026169646600000002	-0.0905266283	-0.0538219583	-0.068843744	0.0252044448	0.0334771122	-0.135018707	-0.0987549759	-0.12756973189999998	-0.045759369400000006	0.0060884922	0.0429417236	-0.166063416	0.10446674199999999	-0.0443225179	-0.1482742783	0.16260802259999999	0.0939379927	0.0061558098	-0.0401125483	0.0103179563	-0.0088599879	0.0907999475	-0.0821896377	0.058856069000000004	0.1237083657	-0.1528734263	0.0168978264	0.0024378619	-0.0060261475	0.022728864900000003	-0.0554888562	-0.0916577259	-0.032457836000000004	0.1861083743	0.1451723463	-0.1161705705	0.1308902725	0.0460687762	0.0136102039	0.0192870871	-0.0311680096	-0.050436441900000004	-0.0373035938	0.1459773159	0.0583905767	-0.0748063839	0.081871443	0.07247564599999999	0.0434578419	-0.0645178995	-0.0491484663	0.0864098643	0.0937629101	0.0420120503	-0.0152686711	0.1449759133	-0.1014094295	0.0642218759	0.0300474027	0.0687764653	0.0596956482	0.11689857880000001	-0.0264273029	0.007197060600000002	-0.0005121229	-0.1098039741	0.129058607	0.08848109119999999	0.1411223089	0.0361656287	0.024604901499999998	0.1654232241	0.06537497839999999	-0.0323047557	-0.0104671357	0.0930522983	0.0371872475	0.0152819758	-0.058852907999999995	-0.048348097400000005	-0.0164152601	0.1105118116	-0.07188302839999999	0.0402967852	0.058825769800000004	0.0227703729	0.1344934777	-0.1655024521	-0.1503399909	0.013620552	0.1391064546	-0.10466725119999999	0.0278226052	-0.0629457946	-0.1867263715	0.009711341600000001	0.050416857300000006	0.0407187004	0.0137777759	1.44735e-08	-0.0053934855265	2.908968612456498e-05	2.0948220225e-16	0.06029030000000001	0.044555400000000016	0.003634920274090001	0.0019851836691600006	0.0351837	-9.999999999996125e-06	0.00123789274569	9.999999999992248e-11	0.00130707	1.223000000000001e-05	1.4957290000000026e-10	1.7084319849e-06	-0.0	0.0	0.0	0.0	0.0	-9.679580000000004e-05	9.369426897640007e-09	0.0	0.0	0.0
8687.272209288356	19.5699689020621	75468698.43827379	382.9836828276777	10501.544760860792	-16.91459245772421	110282442.36436276	286.1034380109008	6401.793995581923	7.386143871174681	54.55512128569131	40982966.36186876	6737.8816779958215	9617.490894539817	1.266919	54.570599	0.10227753552650001	0.0795676	-0.149952922	0.024566672799999998	-0.0172594246	-0.14422385529999998	0.025321854100000003	0.03917246	-0.12707888380000001	0.0019748306	-0.0947232684	0.0236982917	0.066042296	0.0384948608	0.1123960208	-0.0658367626	-0.0760781572	0.051561082300000005	0.0016510160999999998	-0.027084736600000003	-0.1969456377	-0.0011545404	0.0738925299	0.010771895200000001	-0.0588024584	0.080179218	0.0556170047	-0.0243918649	0.0882576055	0.1313495344	0.0865648789	-0.2058674341	0.0203079467	0.055168745899999996	0.10535666169999999	0.0898571283	-0.00023946169999999997	-0.0091136702	0.1263406718	-0.033419039	-0.0716412793	-0.0048083524	0.11342766929999999	-0.0087768624	-0.17074688489999998	0.0346279134	-0.030662807900000002	0.0545067028	0.0957668265	0.0193536987	-0.0050732128	-0.1503170884	-0.0085474824	-0.09067529740000001	0.08920597359999999	0.0512889874	0.0270456952	0.1544104087	0.1248621265	-0.0684963148	-0.0058084389	0.0176020093	0.1125478618	-0.06496799889999999	-0.142450606	-0.0308608289	0.0220365836	-0.0945572168	-0.0240183413	0.1015102024	0.0417096108	0.0018090329	0.0203264077	-0.051461329400000005	-0.0119826806	-0.010727790400000001	0.0850331606	-0.0483577787	-0.1016214988	0.23236552800000002	0.0493638379	-0.047782922199999994	-0.1383476331	0.0944385109	0.037841779900000004	0.0331117437	-0.024310989100000003	0.1443241755	0.09826873289999999	0.0301837137	-0.00034732339999999994	0.008933962	-0.1355190144	0.014132716299999999	-0.0299382979	-0.0686441822	-0.0514810208	-0.11563961630000001	0.095989047	0.0326242119	-0.0565091902	0.013530289099999999	-0.0262667677	0.16213274630000002	0.0249924597	0.1575558766	0.012992467800000001	0.1006854281	0.0977357227	-0.047077713300000004	-0.05120467099999999	-0.10938966550000001	-0.0078390604	0.0523527462	-0.0586062484	-0.011941556599999998	0.07080793099999999	0.1600398928	0.0811017232	0.0834689313	-0.12671527970000002	-0.05677566780000001	0.040155973399999996	-0.0323490236	-0.0037793093	-0.0738408574	0.0781213593	-0.012225761299999999	-0.0353887417	0.0324974496	0.025475015299999997	0.0316890419	0.0005219256	-0.1478386669	0.11796209029999999	0.0595877575	0.1200290659	0.1143895992	-0.08480755570000001	-0.037083652	0.06637919070000001	-0.0005115073	0.0934646575	0.0414423318	0.010724663999999998	0.0040196	0.0040195855265	1.6157067804848282e-05	1.615718416e-05	-0.0161789	-0.0764692	0.00026175680521	0.00584753854864	0.0350279	-0.00015579999999999758	0.00122695377841	2.4273639999999253e-08	0.0009767139999999998	-0.0003303560000000002	1.0913508673600011e-07	9.539702377959994e-07	-0.0	0.0	0.0	0.0	0.00010230300000000004	0.00010230300000000004	1.0465903809000008e-08	1.0465903809000008e-08	0.0	0.0
8699.32343869658	12.051229408223662	75678228.29105568	145.23213024963485	10482.856005099024	-18.68875576176833	109890270.02364066	349.2695919230291	6401.935417021732	0.14142143980916444	0.02000002363769712	40984777.08371722	6736.071810943667	9736.860556648367	1.015681	43.748913	0.05422526580650002	0.032863199999999995	-0.0190421149	-0.045887268200000005	-0.043883285099999995	-0.09546560009999999	-0.10565818869999999	0.0402967497	0.018809984	0.06741816070000001	-0.0734545039	-0.084594271	-0.1002587558	0.0398120345	0.0644375033	-0.046669658600000004	-0.039867027799999996	0.0161802123	0.043118408399999995	-0.041915796	-0.0011065473	0.06511506730000001	-0.0939500548	0.059486638200000004	-0.0086052247	-0.0460401543	0.1212747476	0.0800179343	-0.0735696834	0.09264937050000001	0.0116464426	-0.0345356723	0.05750418190000001	-0.037963224	0.20866309670000002	0.088099484	0.16313439710000002	-0.0249208508	0.011982563500000001	-0.1017053299	0.007348540799999998	-0.0632320581	0.1044260438	0.0468960225	0.001527914	0.0454715896	-0.035049217599999995	-0.094979256	-0.0716685966	-0.17085481719999998	0.0138801727	0.0069327673999999995	0.0460977462	0.0204356374	-0.13409779689999998	-0.0510752228	-0.0818552856	0.005521	0.0188032095	0.21047943800000002	0.0915822474	0.0244752096	0.1255620456	-0.0125645568	0.055652700199999995	0.0169534592	-0.12042394710000001	-0.0386831615	0.0559179025	0.0452989362	-0.0728636337	0.0730798956	-0.0124709029	-0.013651676100000001	-0.09395808630000001	-0.0859769834	0.030117698999999998	-0.0555339413	-0.08519897480000001	0.0975723891	-0.0467486645	0.08354694139999999	0.048162930300000004	-0.011362366100000002	-0.0159926357	-0.0106540307	-0.0714697502	-0.23543588329999998	-0.1088506201	0.0187287295	0.11431255609999999	-0.0377358234	-0.0097300152	0.0734737408	0.0901182033	0.0045539299	0.006146281500000001	-0.1099954791	-0.0106768241	-0.0609114979	-0.056553222800000004	0.1344100467	-0.0457826737	-0.0007883043	0.1095913823	0.0373003035	0.0246140488	-0.0627727729	-0.0885998946	0.0136855448	0.1630569036	0.0058891308	-0.0442341251	-0.0008173789	-0.040436539900000006	0.0733252916	-0.0589712901	-0.0684348813	-0.07742367900000001	0.10045409460000004	0.0932022913	0.0167973228	-0.11321006060000001	0.0081716475	0.1871870896	-0.1327015049	-0.0066999525	-0.054485799	-0.0305352902	0.1431938709	-0.10629721619999999	-0.0726500365	0.0393088625	-0.007168895600000002	0.0550554806	0.1206205701	-0.044987952000000005	0.0532179396	-0.037526029100000004	-0.0383982837	-0.0228512069	0.1514044295	0.1345148785	-0.0027143234999999996	0.007665091999999998	-1.58065e-08	-0.0040196158065	1.6157311231864646e-05	2.4984544225e-16	0.0137376	0.029916500000000002	0.00018872165376000006	0.0008949969722499998	0.0275812	-0.0074467	0.0007607225934400001	5.545334089000001e-05	0.00113126	0.0001545460000000002	2.388446611600006e-08	1.2797491876e-06	-0.0	0.0	0.0	0.0	0.0	-0.00010230300000000004	1.0465903809000008e-08	0.0	0.0	0.0
8707.744683098821	8.421244402241427	75824817.46603578	70.91735728228258	10506.492747417631	23.636742318607503	110386389.85153928	558.6955874362509	6403.843539626451	1.9081226047192104	3.640931874640424	41009212.08001544	6736.55732117263	9838.004242880736	0.953522	41.071499	0.0185829458065	0.0100214	0.0044377844	-0.061056927300000015	-0.1476799099	0.0828354342	0.046300541900000006	0.0327395364	0.0396946538	0.10144611419999999	0.121245379	0.027202839	0.09303567789999999	0.0120171938	-0.003921636599999999	0.0701555382	0.008131863199999999	0.0831927562	-0.0958074328	0.0185457666	0.0235401892	0.0154408372	-0.0210559558	0.0284327535	-0.0874345252	0.06403795450000001	0.0835967905	0.0280934135	-0.0344842199	-0.0398207744	0.0093999595	0.0834413041	0.1411028626	-0.0653498489	-0.088423955	-0.1282215569	0.0824613896	-0.17135926710000002	-0.0170540076	-0.1284306123	0.0022776347	0.0030386846999999996	-0.1521520951	-0.0561042557	0.0153625198	0.028944521	-0.0562404622	-0.0722748346	-0.051818874	-0.0645147356	-0.14733470869999998	-0.031489702200000004	0.0176512658	0.0732536853	-0.0769796968	-0.0470265321	-0.0749570697	0.1116044757	0.0715809105	0.010173475	0.0415383317	-0.0534135827	0.1847055155	0.08279971480000001	0.0826906182	-0.05301889480000002	0.0433197558	0.13861566960000002	-0.1184614526	-0.0459883547	0.1273675798	0.1187432174	0.058713503099999995	-0.0093822586	0.0005641991000000001	0.0665431188	0.1012111905	-0.0634105068	-0.0352292545	0.0150806545	0.09394359349999999	-0.0067347131	0.0032326358	0.044914522199999994	0.0771063613	0.0243314855	-0.0474934761	0.09195667800000001	-0.0570030025	0.1394817184	0.1613115808	-0.09084875199999999	0.0093682684	0.09262311949999999	0.0651607152	-0.0557750095	0.0363432717	0.141746509	0.0200343699	-0.0616318587	-0.0496705633	0.0379547694	-0.06699596370000001	-0.0627545189	0.0285592216	0.0641019697	0.0182867902	-0.0934078316	-0.08539000470000001	-0.036901923999999996	0.0234112999	-0.0469348091	-0.0741039658	0.0154839337	-0.1546494196	-0.09193971949999999	0.0854275303	-0.0090798631	0.0073792811	0.0006649411	-0.0692719156	0.170094635	-0.1120966241	0.17886170199999998	0.0292850339	-0.0697750713	-0.0934601635	-0.09079538720000001	-0.0542183556	-0.10906727880000001	0.057937946	-0.0165746483	-0.0331517374	-0.0554152788	-0.0093489852	0.0105522481	0.0557742882	-0.058337925	-0.0152884227	-0.1166424481	-0.12865447289999998	0.048312067	-0.120178769	0.0570723512	0.0046009028999999995	0.00751013	0.0075101458065000015	5.640229003488954e-05	5.640205261690001e-05	0.01794	0.004202399999999999	0.00032184360000000003	1.7660165760000002e-05	0.0281515	0.0005702999999999992	0.00079250695225	3.2524208999999924e-07	0.00111188	-1.9380000000000048e-05	3.755844000000019e-10	1.2362771344e-06	-0.0	0.0	0.0	0.0	0.000106622	0.000106622	1.1368250884000003e-08	1.1368250884000003e-08	0.0	0.0
8680.745708401695	-26.99897469712596	75355346.05393444	728.9446346960478	10519.935708968442	13.442961550810649	110669047.32082936	180.71321525657348	6410.718537658227	6.874998031776157	47.26559793692605	41097312.16907484	6749.608781651415	9858.701448194546	1.117874	48.15073	0.060283860000000015	0.0459891	-0.1485579924	-0.0488209835	-0.0434896152	-0.1332424108	0.0566993192	0.0234811647	-0.1518107286	0.052069385999999995	-0.12595966990000002	0.0827987246	0.006040935	0.0464930893	-0.0610313524	-0.039275182400000004	0.0606905213	-0.013764665300000001	-0.030172802400000007	0.09037286039999999	0.0538925147	-0.0049984724	0.0385585004	0.1480635589	-0.0774219699	0.1156723594	-0.0280994179	-0.011277804099999999	-0.035520019300000004	-0.00042545949999999995	0.129760767	-0.1537768015	0.0641025371	0.08366663190000001	0.030223607000000006	0.0387698888	-0.0195952735	0.0739791554	0.1302624023	-0.0700044383	-0.0441086022	0.022704179100000003	0.1127457171	-0.0047692535999999995	-0.0313604566	0.005469377199999999	0.0440702967	-0.046152972300000004	0.113984209	0.1083618257	-0.13111614470000002	0.041009915099999995	-0.0284859512	-0.050119547300000004	0.041745778500000004	-0.06879376849999999	-0.0360235359	-0.034318693	-0.0625021132	-0.1074315486	0.095445149	0.0792875628	0.0362984509	0.0313741929	0.015288310500000001	-0.0711192159	0.0322850546	0.0251614938	0.0619137162	0.1129587699	-0.1246910876	-0.0218258089	-0.042780126200000004	-0.10689789720000001	-0.0476837238	-0.0403622266	0.0848787202	0.005399421999999999	0.0700367142	0.1342843135	-0.1708334561	-0.0738161366	0.011223756699999999	-0.0615219666	0.049522568600000004	0.1273014738	-0.0470137291	-0.0049327449	0.0043301678000000005	0.011775003899999999	0.10297676160000001	0.1294738791	-0.1460088581	0.034380316	0.032547044	-0.023151373	-0.0996331423	-0.0848362413	0.0368584209	0.0250019746	-0.0040036408	-0.1554147635	-0.0391619636	-0.0260298713	-0.0504724862	0.0761896571	-0.0043787601	0.0656091175	-0.037421231	-0.008794861999999999	-0.1118601688	0.1142491159	0.009747345	0.07951428349999999	0.0098909703	0.0688265496	0.09448829480000001	-0.0182990701	0.112131632	0.0483764496	-0.0485871212	0.014858984799999999	-0.0866573628	-0.0640492404	0.0764051753	0.0492553451	-0.0746339966	-0.0874265883	4.31258e-05	0.059851185	0.0850998815	0.097119842	-0.029776015099999997	-0.077353012	-0.0546037451	0.1041857241	-0.037075707299999996	0.1585586754	0.1051440058	0.0176331718	-0.0789286948	-0.0113483843	0.050968842800000004	-0.019686873	0.0015339423	0.00737522	-0.00013491000000000024	1.8200708100000063e-08	5.43938700484e-05	-0.0273207	-0.045260699999999994	0.00074642064849	0.00204853096449	0.0327341	0.0045826000000000035	0.00107152130281	2.1000222760000023e-05	0.00130218	0.0001903	3.6214090000000005e-08	1.6956727524e-06	-2.6548799999999997e-23	-2.6548799999999997e-23	7.048387814399997e-46	7.048387814399997e-46	0.000122435	1.5812999999999992e-05	2.5005096899999976e-10	1.4990329225000002e-08	0.0	0.0
8664.135921999266	-16.609786402428654	75067251.27487808	275.8850043343038	10495.887624918365	-24.048084050076795	110163657.03491448	578.310346479558	6398.494185188792	-12.224352469435873	149.43479329700287	40940727.837894775	6734.837108095745	9617.909760017516	1.193838	51.422775	0.10439053	0.0624041	0.030398224300000002	0.030409066000000002	-0.0872674943	-0.0176143398	-0.21530154420000008	0.0188675341	0.0738170359	0.120788732	-0.0267783727	-0.1405988937	-0.0710921458	-0.0047224601	0.0658096744	0.0103907198	0.0100932084	-0.0432614639	0.0181351759	0.07316002	0.0079379745	0.0307377845	0.044718005400000004	0.0089826235	0.100913587	0.1539198448	-0.1350746588	0.1161963798	0.1287315009	0.0672017046	0.095363412	-0.0035718115999999996	0.0881236877	0.0148164444	0.074833437	0.0087078922	0.0228242104	0.1254844865	-0.0323419078	-0.101554196	0.010589918200000001	-0.0283572539	0.0068751087	0.11986284130000001	0.0685673008	-0.12969029099999999	0.0029936128000000004	-0.0039057938	-0.0916224763	-0.07765232400000001	-0.0863527916	0.0222451721	0.010664545400000001	-0.158681451	0.0179918214	0.0326696048	-0.04892290059999999	-0.0310231663	0.0390090254	-0.057648063099999994	0.0783850945	0.09339006300000001	-0.0947436589	0.22289876390000002	-0.0371333808	-0.0544805709	-0.0905068101	-0.0758545385	-0.1085737401	-0.0442548071	-0.0497170738	-0.0845360736	-0.0042790885	-0.097396522	-0.0786385232	-0.08276970639999999	0.1241766909	0.1419388227	-0.09890315449999999	0.0011514482	-0.0094014786	0.019995266100000002	0.1398698891	-0.14683203949999998	-0.11034074210000001	-0.1607262459	-0.0464477996	0.1779729019	0.06503750900000001	0.1140410858	0.13415086	-0.0227177942	0.0361354631	0.0769211628	0.1076658184	-0.00038727360000000003	0.055500988099999995	-0.0275071214	-0.11960692210000001	0.030157461200000006	0.11770787869999999	0.0295320294	0.0486373957	-0.1041548592	0.059511475700000004	0.058255240599999994	0.053321611	-0.005929705	-0.057992971799999994	0.0424143171	-0.1203873307	0.0404426823	0.0171588567	0.09968849	0.0909911234	0.0533757017	-0.031128090299999998	-0.13092667689999998	0.0323296753	0.1721967881	-0.0015829732999999998	0.0053389846	-0.0679185095	-0.1273649408	-0.1234754461	0.0175356204	0.054223334000000005	-0.1127881586	-0.22404103399999997	0.0836253141	-0.0631338532	0.0694835602	-0.0863634428	0.0546581249	0.0463330579	-0.0779087265	0.0027304813	-0.0307886622	-0.0101273441	-0.1369634566	-0.0648712213	-0.0048894881	0.0498627961	-0.0890786026	-0.0015339423	0.0200931	0.01271788	0.00016174447169439994	0.00040373266761	0.0297726	0.0570933	0.0008864077107600001	0.00325964490489	0.0242795	-0.008454600000000003	0.0005894941202499999	7.148026116000005e-05	0.00129828	-3.9000000000000414e-06	1.5210000000000315e-11	1.6855309584e-06	0.000400762	0.000400762	1.60610180644e-07	1.60610180644e-07	0.000240268	0.000117833	1.3884615888999998e-08	5.7728711824e-08	0.0	0.0
8680.764101884843	16.628179885576177	75355665.39257255	276.49636630708005	10503.891371718086	8.00374679972083	110331733.94885366	64.05996283404143	6396.5748719929525	-1.9193131958390952	3.68376314372208	40916170.093011655	6731.1850034503295	9486.729730348949	1.023246	44.074753	0.04496625	0.0267264	-0.0115823147	0.0762093788	-0.15511699810000001	0.0460583668	0.0384651507	0.0308429111	-0.0113641517	0.061289347699999996	0.1253093586	0.0031635334	0.1467996759	0.09860130539999999	0.049376486399999996	0.0147489204	-0.07074270469999999	-0.0914024298	-0.0886797572	-0.0340525046	-0.0545826265	-0.0757319222	-0.0947775024	0.08458206689999999	0.048012966399999996	0.1418856863	0.140188761	-0.0017586942000000002	0.0056235483	0.059594662699999995	0.1251464716	0.1521684062	0.008673737800000001	0.013489716499999999	0.0346690961	0.0027484540999999996	-0.0582443829	0.0384947313	-0.0065379335999999994	-0.1379353488	-0.0478016663	0.0471347796	-0.22453300059999998	-0.1345304173	0.0092127041	-0.006461065500000001	-0.0620803819	-0.012934716	-0.1404639361	-0.050151588	-0.0875069809	-0.0898650684	-0.0054237941000000005	-0.0031394288	0.0623250458	0.0524395372	0.011907513100000001	0.0693392326	-0.01431396	0.11777792179999999	-0.055124859000000005	-0.0293492646	-0.0684134902	0.0122368451	-0.0993965392	0.043066912	0.0122759068	-0.130291665	0.1536664045	0.1076123996	-0.1304728745	0.1468976397	0.0383656682	0.11522961960000001	-0.11587126019999999	-0.015506868500000003	0.0757943772	0.1666594713	0.13121419869999998	-0.10359900820000001	0.0900633708	0.0349924108	0.0910939458	-0.13721790779999998	-0.0024365779	0.0224045754	-0.0165084795	0.022476185899999997	0.0094621363	-0.0272815497	-0.0553837356	-0.1311694622	0.004114556	0.0660320179	0.0333362341	-0.1320235075	0.050047918	0.2165453997	0.0798266478	-0.011213976799999999	-0.0136440495	0.08430784960000001	-0.0397922679	-0.055993740599999994	0.0138182672	0.0749018745	0.0485945188	-0.012246104499999999	0.0226814144	-0.1101079618	-0.048935331799999995	-0.0923567068	0.050135306799999994	-0.035614004	-0.0092572868	0.0570426446	-0.0366225462	-0.09571679640000001	-0.0978521891	0.0088286366	-0.10038285179999999	-0.0743850554	-0.06920694549999999	-0.16563299439999998	0.20585422260000005	0.0217508658	0.0137692227	-0.0179420166	-0.0092026996	-0.0499394458	-0.1090101007	0.080230027	-0.0178206547	0.0804954431	0.0534580437	-0.1333170213	-0.0801340671	-0.0665822417	0.095972351	0.0672595835	-0.0669664099	-0.0342781074	-0.07974808580000001	-0.1364572794	-0.0046009028999999995	0.0212412	0.0011481000000000026	1.318133610000006e-06	0.0004511885774400001	0.0183568	-0.011415799999999999	0.00033697210624	0.00013032048964	0.0267806	0.0025010999999999987	0.0007172005363599999	6.2555012099999945e-06	0.0008615759999999999	-0.00043670400000000016	1.9071038361600008e-07	7.423132037759996e-07	0.00025	-0.00015076199999999998	6.25e-08	2.2729180643999996e-08	0.000250827	1.055900000000002e-05	1.114924810000004e-10	6.291418392900001e-08	0.0	0.0
8695.8152808044	15.051178919557062	75617203.3978713	226.53798686851883	10508.29581771722	4.404445999134623	110424280.99265322	19.39914455929299	6408.4208604085425	11.84598841559	140.3274415422925	41067857.92411936	6742.615830004373	9667.30876844788	0.971689	41.854031	0.0342307	0.0172473	-0.036404849100000004	-0.0014707707999999998	-0.0936976649	-0.13610138119999998	0.0365639252	0.0218599359	-0.0034793059999999997	0.115403815	-0.1258250762	0.0619553329	-0.0361893343	0.0194580952	0.0231186219	0.08939121109999999	-0.0409726593	-0.1539757969	-0.0668370367	0.0751024409	-0.034704092400000004	0.042936898200000004	0.016830954	-0.0385934467	0.1589271991	0.075110945	0.1040597572	0.041221678500000004	0.08532286789999999	-0.12134985460000006	0.0696439704	0.0628332462	-0.039487013599999995	-0.0537043824	-0.0366009177	-0.034076601899999996	0.0161264723	-0.0737902235	0.0511531881	-0.09439812560000001	0.0178280095	-0.0515764073	0.1215228896	-0.0456532867	0.0393847504	-0.0727988873	0.14813388800000002	0.057439542999999996	0.08651608029999999	0.1052583094	-0.0696177162	-0.0903582725	0.0968489979	-0.030668382	-0.13138976800000002	-0.0025801676999999998	0.0316143661	0.055669203099999995	0.0199061004	0.1653151843	-0.0119159185	0.10102346599999999	-0.0273884335	-0.0354291132	0.1154195558	-0.112352494	0.0105892694	-0.11197078199999999	-0.0644834203	0.0020867634	-0.0728317782	0.1353177603	0.0993843326	-0.1214288982	-0.0819418822	0.0060926619999999996	0.1764905317	-0.0104094011	-0.0364185356	-0.04905037	0.0703519987	0.0633836316	0.0581169425	-0.08558117189999999	-0.0587641303	0.12126133019999999	0.1173831163	-0.11628092279999999	0.0645083102	0.0376954902	0.0482304691	-0.0839508319	-0.0476252764	0.046239721100000006	0.08324421809999999	0.0208316588	-0.09484022130000001	-0.083131259	0.0733338563	-0.0298707935	0.0746943615	-0.0665012329	0.1446255131	0.0122459225	-0.1205432731	0.12285592099999999	0.050597154500000005	-0.0422489578	-0.0703354437	0.1354181106	0.05178444150000002	-0.1409458187	-0.1345646317	0.055521106699999996	0.046720561699999996	0.120415695	0.0209742894	-0.07045210639999999	0.0270406529	-0.0741818895	-0.0209072939	-0.0089861619	-0.1359773966	0.0085905785	0.0814411327	-0.1528859954	0.1003074223	-0.0605244555	-0.0634152616	0.08926024099999999	0.045804303899999996	-0.0463618882	-0.0932642915	-0.042002904199999996	0.0165009551	-0.1450882536	0.0772614327	0.0520165566	0.068612223	0.0092328848	-0.195128473	0.0180609166	0.0168332162	-0.131335336	-0.007665091999999998	0.0157425	-0.005498700000000002	3.0235701690000024e-05	0.00024782630625	0.00498995	-0.01336685	2.48996010025e-05	0.00017867267892249998	0.0214699	-0.005310699999999998	0.00046095660600999994	2.8203534489999983e-05	0.00103443	0.00017285400000000017	2.9878505316000064e-08	1.0700454249e-06	0.00025	0.0	6.25e-08	0.0	0.000222592	-2.8235000000000013e-05	7.972152250000008e-10	4.9547198464e-08	0.0	0.0
8705.723673565883	9.9083927614829	75789624.68048544	98.17624711580677	10503.840473374317	-4.4553443429031185	110330664.6900964	19.850093213838814	6403.655231150413	-4.765629258129593	22.71122222594082	41006800.31944005	6737.413796048347	9658.536981385805	1.053037	45.357956	0.08025239999999999	0.0517326	0.048816069299999994	-0.0298384758	-0.0491125746	-0.0453942367	-0.1589378494	0.0028206090000000004	0.0865443777	0.0234586554	-0.0396768989	-0.1615207392	0.115456355	0.1100827216	-0.0321524611	0.0234549726	-0.1516561453	-0.0584636427	-0.00860052	0.0597924416	-0.0804655859	0.0645283056	-0.019512996499999997	-0.052614218	0.1433556869	0.0708549841	0.0319746143	0.1782686692	-0.026493960299999997	1.32323e-05	-0.0104456008	-0.0009209863	0.1155225933	-0.2062235248	-0.0865190556	0.12897680890000002	-0.0900487087	-0.0194394454	-0.0827060321	-0.0867121327	-0.0630025808	-0.11610870220000001	-0.07113331769999999	0.034527325899999996	-0.0406405365	-0.1472483421	-0.0366766691	-0.0453924496	-0.1053366072	-0.0752251712	-0.0500373596	0.09337916369999999	-0.0667220502	0.0496982404	0.14769793650000002	-0.1810546955	0.05355179	-0.043572169400000006	-0.0912545257	0.09263012300000001	0.020556613600000002	-0.1388445836	0.10233402470000001	-0.0818463145	-0.07343479900000001	-0.048812633099999996	-0.1081577975	-0.0232205335	-0.015849950800000002	0.09004580289999999	0.0056230472	-0.1424210969	-0.0028839613	-0.0396624411	0.10903867140000001	-0.0684686525	-0.21877317670000002	-0.0754820668	0.0036285102000000002	0.160486286	-0.0411842427	0.2269718367	0.0605303182	0.11713670949999999	-0.1414598476	0.1364112193	-0.042276403	0.11053099599999999	0.0651802606	0.09846572449999999	-0.0581562669	-0.0961848741	0.0785441347	0.0400153971	0.059649988200000004	-0.1376390286	0.1288381663	-0.028509746800000006	0.0175334389	0.0595227132	0.040109173	0.0386973983	-0.0301759177	-0.1357354934	0.0253426406	0.0731590971	0.0020454794	0.0315199034	-0.0747341567	-0.1682882632	0.1094654408	0.0532137395	-0.013489843999999999	-0.2007997475	-0.052706996500000006	0.0601925012	-0.1600875149	0.0217507688	0.1542471352	0.0485826758	0.0479236545	0.0749903337	0.1165393571	0.013311138500000002	-0.045460592300000005	-0.0776160588	-0.013794378999999999	0.12620569269999998	0.070366485	0.0094109551	0.0834362651	-0.0239135692	0.1754411519	-0.1458989302	0.0090034302	0.0966418158	-0.19610177420000002	0.1188681601	0.2593043677	-0.18568524039999998	0.06569923820000001	-0.0394620831	-0.0671307712	0.0018298223000000001	-0.010724663999999998	0.0107652	-0.0049773	2.4773515289999992e-05	0.00011588953104000002	0.0510232	0.04603325	0.00260336693824	0.0021190601055625	0.035273900000000004	0.013804000000000006	0.0012442480212100002	0.0001905504160000001	0.0013397900000000006	0.0003053600000000006	9.324472960000038e-08	1.7950372441000015e-06	0.00025	0.0	6.25e-08	0.0	0.000225989	3.397000000000008e-06	1.1539609000000055e-11	5.1071028121e-08	0.0	0.0
8709.947556759931	4.22388319404854	75863186.44150831	17.841189236965693	10511.304299240006	7.4638258656887055	110487518.07122144	55.70869655332375	6409.2269184241795	5.571687273766656	31.04369907665332	41078189.69185311	6743.954486827909	9838.27619466477	1.1414959999999998	49.168198	0.06675671999999999	0.055402	-0.11212042789999999	-0.0676517247	-0.0901803843	0.08572916650000001	-0.0350476816	0.011084290600000001	-0.0918929896	0.0714666979	0.11835571789999999	-0.0570435861	-0.0612224381	0.0602425275	0.0059374716	0.0729804486	-0.0798307444	-0.1255215472	0.0012896392	0.037179757	-0.0982120386	0.0091883812	0.2695368909	-0.0948465162	-0.0085380903	0.007508398	0.0996918875	0.062181146799999996	-0.0700609238	-0.150494466	-0.01569721	-0.040324512	0.0381245974	0.0322119429	-0.0702343059	0.1126153955	0.0389738139	0.1056792981	0.1117636751	-0.0858506285	-0.0041076535999999995	0.017606073	-0.048302325099999995	0.00043246370000000003	0.0700843336	0.07521661190000001	0.052927904000000005	-0.09675653070000001	0.1437310634	0.0085211632	0.1813580296	0.006164384	0.0043036865	-0.1252886725	0.0177612897	0.045516243	-0.1456368974	-0.0579704375	-0.1055323563	0.2583479881	-0.112253615	0.0499827214	0.029745994300000002	0.014965971399999996	-0.016643173400000003	-0.1682540657	0.0485773104	-0.0613690553	-0.1657439449	-0.0766692153	0.1329092778	-0.0622951639	-0.022256484500000003	-0.08780238130000001	-0.0366129029	-0.11150474619999999	-0.05892134860000001	0.0009498962	0.0349562892	-0.013862379	-0.056195488499999995	0.0266251913	-0.1324212494	-0.062444601399999994	-0.0047188225	0.0981085174	0.00042133599999999997	-0.046983994	-0.1063079334	-0.08878385859999999	-0.0542258704	0.11977366	-0.10636930119999999	0.0322090913	0.068030247	0.0041198644	-0.0122078232	0.0756042801	-0.0207592572	-0.1023546614	-0.0691989871	-0.13287041900000002	-0.028451007799999997	0.06726106	0.0165744283	0.0513347551	0.1030564196	0.0313144179	0.0932711077	0.0625771571	0.2217445225	-0.0285811352	-0.0585411204	-0.0633024395	0.1639966233	0.13648367050000001	-0.1438474016	0.0622613542	-0.0189512967	-0.008588514399999999	0.013802733000000001	-0.0425585762	-0.0370937853	0.10789541359999999	-0.2202186637	-0.10309819769999999	0.0538777143	-0.11254210220000001	-0.12849666099999998	-0.0310964396	0.0036053317	-0.055199919400000005	0.0508023851	0.0146973639	-0.1127585656	-0.0033025021	-0.06424868360000001	0.0878778059	0.11239551960000001	0.1140758572	0.0358010409	-0.0463301195	-0.1131760151	-0.0039245376	-0.0137777759	0.011941	0.0011757999999999994	1.3825056399999985e-06	0.000142587481	-0.00336562	-0.05438882	1.1327397984400003e-05	0.0029581437409924	0.0314557	-0.0038182000000000008	0.0009894610624900002	1.4578651240000007e-05	0.00120397	-0.00013582000000000072	1.8447072400000188e-08	1.4495437608999996e-06	0.00025	0.0	6.25e-08	0.0	0.000237647	1.1658000000000004e-05	1.3590896400000005e-10	5.6476096609000006e-08	0.0	0.0
8718.104863700575	8.157306940644046	76005352.41447963	66.54165652387957	10502.077907349156	-9.226391890850211	110293640.37203124	85.1263073235465	6394.4687935029615	-14.75812492121804	217.80225119027702	40889231.15108322	6726.401869431663	9757.719110115517	1.171784	50.472832	0.12050377000000002	0.0991139	0.1084197975	-0.06375905280000001	-0.1546728799	0.044486905	0.0723007851	0.0144465097	0.10606361759999999	0.0805388503	0.0916687794	0.0678997159	0.0617633821	0.0351810636	0.0871072235	0.0234557817	-0.1314952702	-0.0839464279	0.0436679307	-0.0045701576	0.038647337000000004	-0.022018827	0.0301539818	0.0462130766	-0.023580314100000003	-0.0438675959	0.0742805217	-0.0268267032	-0.0785430819	0.0834770254	-0.0571555695	0.0653151209	-0.15375137490000002	0.0443867869	0.056473746799999995	-0.06887839650000001	-0.0157103164	-0.0314651437	-0.10559203550000001	-0.129300553	0.0602543921	0.023708766699999998	-0.0374015458	-0.0616047512	-0.0017451085000000002	-0.0192302667	-0.0402808089	0.1000995067	-0.0146147362	-0.12283330890000001	0.0232710088	-0.010989041100000001	0.1305134021	-0.0480727308	-0.0441509682	-0.0365907205	-0.06320996150000001	0.1264147689	0.0042159612	0.1656970628	0.017185793	0.1742777941	0.0070368294	0.0641480346	-0.0729702341	-0.001123312	0.0016517763	0.043824478300000004	0.0002150321	0.11226960300000001	-0.0603560092	-0.15457879619999998	-0.0958572518	0.0686243285	0.10860066439999999	0.0435769045	-0.0420683	0.0414692713	0.0062165002	-0.062406902	-0.0138351377	-0.039589809	-0.055139908499999994	-0.048834137199999995	0.221176039	0.0866854778	0.056817784100000004	0.060138462300000015	-0.1722093115	0.0908925741	0.0924151789	0.0918833572	0.0999792516	0.08290375230000001	0.055760021900000005	-0.011986684499999999	-0.0005876788	0.09580681199999999	0.0970235612	-0.04978153900000002	0.0287643954	0.0951193518	0.07856225230000001	0.0451723445	0.128166286	0.0541660097	0.0155339003	-0.0418840787	0.0324520998	0.05883393889999999	0.1432048793	-0.0350515081	-0.1119616842	0.0068288540000000005	0.0020856774	0.1327885474	0.0541840963	-0.0362896932	0.0467856506	0.0285425271	-0.0611674975	0.051224469	0.0945381346	-0.2080901718	-0.025136745699999997	0.008379703	-0.2007746162	-0.0367020026	0.002557643	-0.0749067467	-0.0210671398	0.0428777114	-0.071759564	0.1114174539	-0.10309077380000001	0.0656935071	0.0765678796	-0.0205648134	0.01608089	-0.0159592592	-0.0648381532	-0.0607872858	-0.0460351485	0.0307244536	-0.0168225886	0.0150761	0.0031351	9.82885201e-06	0.00022728879121	0.0943549	0.09772052	0.008902847154009998	0.0095493000290704	0.033192400000000004	0.0017367000000000007	0.0011017354177600002	3.0161268900000027e-06	0.00141485	0.0002108800000000001	4.447037440000004e-08	2.0018005225e-06	0.000333148	8.314800000000001e-05	1.10987589904e-07	6.913589904000002e-09	0.000301848	6.4201e-05	4.1217684009999996e-09	9.111221510399999e-08	0.0	0.0
8719.655099530006	1.5502358294306762	76032385.05475964	2.403231126850616	10508.28604771046	6.208140361302867	110424075.6605063	38.54100674563769	6401.438511506241	6.969718003279923	48.576969045244276	40978415.01659525	6733.859878265206	9875.943680934088	1.020428	43.9534	0.09554370000000002	0.0754279	-0.0120600717	-0.1087126191	-0.0308317758	-0.1483903912	-0.022893897799999997	0.019948598	-0.0078483897	-0.038719923999999996	-0.09399041779999999	-8.25053e-05	0.10750239060000001	0.1383665963	-0.0634801071	-0.0219582942	-0.050478458	-0.0141743605	-0.1088950791	-0.043631009000000005	-0.0871230489	0.0836124609	-0.0601781354	-0.0652718454	-0.1150673235	-0.069254112	0.0922661304	0.0337811864	-0.017398033700000003	-0.06461786530000001	-0.023649054	0.0409945201	-0.20533848920000008	0.10788331279999999	0.0666421508	0.030612534	-0.0307287137	-0.1080306249	-0.0153796077	-0.08497386289999999	-0.06790199429999999	-0.0566383179	0.0668436191	-0.0008335078999999999	-0.1548223866	0.10077246599999999	-0.0068909015	-0.0630245386	0.12995152570000001	-0.0024348622	-0.0822038271	0.009885283	-0.0174440969	-0.07767937400000001	-0.2058318118	0.0735476173	-0.07114421509999999	0.0005831147	0.0038766448999999997	0.0019451422	0.018929411299999997	-0.10533988960000001	-0.013501266100000001	-0.0200549938	-0.1216412251	0.0358684099	-0.06327621509999999	0.054352770300000006	0.1072988801	0.11894298560000001	-0.014415713899999997	-0.0812820753	0.0091859192	0.008293034	0.0087244799	-0.2077130362	0.0264667466	0.0151374228	0.0537997727	0.0406844744	-0.0021270205	0.0247278167	0.026704095299999998	-0.13492979619999998	-0.1118944111	-0.026412060499999997	0.11880918689999999	-0.035260613999999996	0.0031043946	0.0102145793	0.008566433100000001	-0.1033880917	0.0075457956	0.0458710487	-0.012436868600000001	-0.11098617279999999	0.010145770699999999	-0.09691735800000001	0.1130908471	-0.0566698853	-0.0715267924	-0.0766947786	-0.060726494699999994	0.0475823045	0.0764644894	0.056263136	-0.0711980844	-0.0061202834	-0.0609001512	0.1151999043	0.1367082125	-0.04505401	0.0650741103	0.1762692693	-0.019716413000000002	-0.1253193588	-0.006231294599999999	0.0418718278	0.06334934589999999	0.0200036796	0.0663065747	0.0035194102000000002	0.00337782	-0.1278033916	0.0978735353	0.0936044318	0.0372123735	-0.0729902275	0.050490758200000006	0.0254891606	-0.0271065418	0.1131869918	0.1633918029	0.0242560487	0.0429934249	-0.1407065657	-0.1463069149	0.18545921070000002	-0.0678760306	-0.0262553856	-0.10498053289999999	0.0911177182	-0.06452675440000001	0.0466677807	-0.0198572679	0.014364300000000003	-0.0007117999999999968	5.066592399999955e-07	0.00020633311449000009	0.020397	-0.0739579	0.00041603760899999986	0.005469770972409999	0.0352309	0.0020384999999999986	0.0012412163148100002	4.155482249999994e-06	0.00122396	-0.00019089	3.6438992099999985e-08	1.4980780816e-06	0.00025	-8.314800000000001e-05	6.25e-08	6.913589904000002e-09	0.000199176	-0.00010267200000000002	1.0541539584000004e-08	3.9671078976e-08	0.0	0.0
8691.372961857795	-28.282137672211316	75539963.96211272	799.8793113099147	10509.772615263952	1.4865675534929323	110455320.42455208	2.209883091097962	6407.7469882847145	6.308476778473049	39.79687926453372	41059221.46587183	6744.975278424581	9989.81584826211	1.084586	46.716908	0.04675550000000001	0.0356084	-0.1169003917	-0.1240682357	-0.044939639	0.0339221928	-0.1301354623	0.0071507923	-0.10470966849999999	0.07104470610000001	-0.015749506599999998	-0.0645328515	-0.0542440546	0.0427051106	-0.08752985960000001	0.0897942399	0.0486953512	0.0288510783	-0.011448356399999998	-0.032409629100000004	-0.08938035949999999	-0.0903095125	-0.0152726779	-0.09313867699999999	0.0382342534	0.0208556049	-0.1052583468	0.0200925652	0.1498449076	-0.17893017879999998	0.21799189870000002	0.0018504359	0.007535116	0.0523429044	0.1211487131	-0.0492729604	-0.11807626980000001	-0.1377449207	0.0985098256	-0.1148712431	-0.010625958500000001	-0.029988410299999997	0.0073444381000000005	0.1610647217	0.10749467830000001	-0.022471521	0.0039701518	0.1722344507	0.0256455282	0.0570330434	-0.0912502372	0.18781840940000002	0.039693385	-0.0075799783	0.0018353409	-0.079915498	0.0181925121	-0.1362210381	0.1003322758	0.157142321	-0.1381906685	-0.181496276	-0.1050646837	-0.0783977226	0.2070245169	0.1149708183	0.0495168983	0.029116157599999998	0.0392413829	0.011883777	0.0618227626	-0.0069556792	0.1098510303	0.0013023215	0.1161016532	-0.0690908611	-0.08899827619999999	0.08691280050000001	0.05381650599999999	0.1060014556	0.1711399807	-0.1296100672	-0.1364418983	-0.0086822567	0.2907225736	-0.0645305104	-0.0883577599	-0.069921087	0.0767136247	-0.0334064744	0.2044675202	0.0016141939000000002	-0.0970881109	0.0417796983	0.10687024839999999	-0.0123580447	0.0027148405	-0.0130237682	-0.1081198615	-0.1210213275	0.0558449729	-0.09804442199999999	0.15613044	-0.0727020791	0.051088717400000004	0.0755375381	-0.2797471929	0.0341011881	-0.028719114100000002	-0.0454615326	0.06756262860000001	-0.0182927377	-0.0205062028	0.0301086389	-0.0039431990000000005	-0.029428176299999997	-0.16431512369999998	-0.0585279856	0.0229966275	-0.101076304	0.0745424308	0.0101630314	-0.056725016100000004	0.05932007070000001	-0.07861973280000001	-0.08802295449999999	0.16574617949999998	0.029473031400000002	0.2736769086	0.0192194768	0.0069111786	0.0781408017	0.0899037028	-0.0114144337	-0.047600466200000004	0.027885607599999997	0.21556833	-0.1534767628	-0.1063470726	0.1470666327	0.006338695300000001	0.12294347470000001	-0.0741356981	-0.0943492302	-0.022879986	0.0115685	-0.0027958000000000032	7.816497640000016e-06	0.00013383019225	-0.0142886	-0.0346856	0.00020416408996	0.00120309084736	0.0281605	-0.007070400000000002	0.0007930137602500001	4.999055616000001e-05	0.00121453	-9.43000000000016e-06	8.8924900000003e-11	1.4750831209e-06	0.00025	0.0	6.25e-08	0.0	0.00023382	3.464400000000001e-05	1.2002067360000012e-09	5.46717924e-08	0.0	0.0
8685.989485756993	-5.383476100802	75446413.34668103	28.9818149279063	10513.907240960714	4.134625696762669	110542245.47152616	17.095129652330186	6407.280342982126	-0.4666453025884039	0.217757838427823	41053241.39356515	6740.103129846504	9667.4413905746	1.173235	50.535316	0.07442605	0.0574885	0.0723593267	-0.010747793899999998	-0.1766072399	0.0844232051	0.0156574246	-0.0008444031	0.0932730414	0.1171127909	0.13011425210000002	0.0505147291	0.0785780624	0.060267095199999995	0.0673472668	0.0255238307	0.0274087506	0.0300153117	-0.0104411131	-0.1655735197	0.0448972075	-0.1179529443	0.0113370228	0.1368739998	-0.0074551311	-0.0242072809	-0.0290460399	-0.0321187204	0.2093465688	-0.10508798890000001	-0.0045080596	-0.041793899700000005	-0.0431453049	-0.0308878062	-0.0042437532	0.0561732563	0.0090554939	-0.0247958667	-0.08418384710000001	-0.1188245778	0.0228904152	0.006623969	-0.0836402519	-0.0718775891	0.0063343298	0.004542406	-0.0015687079999999998	-0.0002234214	-0.0917106469	0.0266988574	-0.0508838625	-0.0256691904	0.0803777945	-0.0485810996	-0.0159889995	-0.0285483986	-0.0107013231	-0.061884673499999994	0.0232680008	0.0151202253	0.1499605658	0.0374888309	-0.09297256300000001	0.0499827208	-0.1221622869	-0.17059619239999999	-0.0175231075	-0.0636096858	0.07796840740000001	-0.0552526923	-0.007891949300000001	0.1063377161	0.0581480883	0.0166628213	0.0658370615	0.0325371906	-0.0688846884	0.006229684399999999	-0.07686985519999999	0.022542504300000002	-0.0702351011	-0.0299043841	-0.1607484669	0.0143393954	-0.0378504307	-0.0071672446999999995	0.077506588	-0.1972037814	0.2217259334	0.1331293283	-0.1678818777	0.0102739543	0.0766466472	0.0729963824	0.0724581058	-0.0275830747	0.0061326222	0.1297905328	0.0748469376	-0.0506955396	0.0037831998	0.0455875899	-0.0050361348	-0.0656631761	0.0086305405	0.0546086643	0.0209965183	-0.0191050169	-0.018325481	0.0067698515	-0.1159512274	0.04763188559999999	-0.1201947828	0.05880120730000001	0.039735731	0.024942775	-0.0904461373	0.0137802052	-0.030026571600000006	0.00152538	-0.07480510559999999	-0.0910620242	-0.1056858665	-0.024904838500000002	0.0123366668	0.0017185553	-0.0881936266	0.1099378408	0.0314056078	0.09078395439999999	0.049089594800000004	0.0356343612	0.1279455532	0.10004398619999999	0.09155522349999999	-0.0219690246	0.0761608184	0.1051856909	-0.08667336269999999	-0.10347749490000001	0.09344883539999999	-0.16256685869999998	0.012943838300000001	-0.13457606560000002	-0.025888922	0.0162995	0.004731000000000001	2.2382361000000004e-05	0.00026567370025000004	0.0427339	0.057022500000000004	0.00182618620921	0.0032515655062499995	0.0233872	-0.004773300000000001	0.00054696112384	2.2784392890000008e-05	0.00106805	-0.00014647999999999983	2.1456390399999953e-08	1.1407308025000002e-06	0.00025	0.0	6.25e-08	0.0	0.000222315	-1.1505000000000004e-05	1.3236502500000012e-10	4.9423959225e-08	0.0	0.0
8692.901893311328	6.9124075543350045	75566543.32673566	47.78137819722764	10504.226543379244	-9.680697581470668	110338775.27463304	93.71590566389204	6408.016037212323	0.7356942301967138	0.5412460003447352	41062669.53317032	6744.517609358602	9717.865146714988	1.127292	48.55637700000001	0.061020529	0.0433152	-0.1029602706	-0.0073652751	-0.052704672300000005	-0.1575397996	0.0028998646999999996	0.020838503600000002	-0.1037083895	0.022987339	-0.12099486029999999	-0.0046939662	0.0999706185	0.116059687	-0.011798272	-0.0747989278	0.0807285429	-0.0006845661	-0.0591385899	-0.0594100833	-0.09166539230000001	0.06718692379999999	-0.045604590599999995	-0.023289095299999996	0.004005372	-0.1155859259	-0.0877730589	0.0919406661	-0.0979648998	0.013428327	-0.0212013029	0.0083094196	0.012118228200000001	-0.0033008877	-0.16573584	-0.0189769982	0.1057485202	-0.0154094904	0.0566572773	-0.110070584	-0.1076775075	-0.1034695397	0.0108492802	-0.014054287	-0.11441695199999999	-0.020383500500000002	-0.057950746500000004	-0.0579282419	0.0962590104	0.1493840242	-0.0636651372	0.012930080900000002	-0.0200655999	-0.0314383675	-0.0485339653	-0.020435524099999998	-0.1380936485	-0.1356742795	0.0223194191	-0.0991144284	0.1338217591	-0.0422664133	0.0344546678	-0.0826278952	0.018922103500000002	-0.036889110600000004	0.0434581869	-0.0060144288	-0.0018184454	0.048685504299999995	0.1008861408	-0.1021845673	0.0293348424	-0.0482629991	-0.0294052805	-0.0166094825	-0.0603834604	-0.0549214628	-0.0688271886	0.052197571799999995	0.2241665806	0.0130711976	-0.0045547035999999996	0.0075139089000000004	0.021091619199999998	-0.1245224695	0.045610229800000006	-0.0593589551	-0.0366899334	0.0265583985	-0.1344339481	0.0830745546	-0.0668704871	0.0345673304	0.0406980802	-0.1510706471	0.0421142357	-0.0930086359	0.10423401119999999	-0.0107147072	-0.0038069323	-0.0761469854	-0.1128811264	-9.932959999999996e-05	-0.10093740640000001	0.083338413	-0.0347182126	0.0657848615	0.01451565	-0.0389250114	0.0231388766	0.1268960022	0.05294999139999999	0.1588018957	-0.023415606000000002	-0.04755462269999999	-0.0124179434	0.0363966457	0.09892177070000001	0.0034157835999999997	0.0354007609	-0.056751901500000014	-0.0184641254	-0.0027692135999999997	-0.07424785099999999	-0.11934438369999999	7.39475e-05	-0.007680529300000002	0.0197692754	0.0651684043	-0.0386123882	-0.065604572	0.1315954502	-0.0659401553	-0.0492299578	-0.013431149199999999	0.0719652865	-0.17714277420000002	-0.023311115299999997	0.0868427477	0.1107427179	0.042008786500000006	0.0732243342	0.1300586755	-0.0288822635	0.0119036	-0.004395900000000001	1.9323936810000008e-05	0.00014169569296	0.0006769710000000001	-0.04205692900000001	4.5828973484100006e-07	0.0017687852769110411	0.0284637	0.005076500000000001	0.0008101822176900001	2.577085225000001e-05	0.0009767139999999998	-9.133600000000024e-05	8.342264896000044e-09	9.539702377959994e-07	0.00025	0.0	6.25e-08	0.0	0.00012382700000000002	-9.848799999999997e-05	9.699886143999996e-09	1.5333125929000004e-08	0.0	0.0
8683.334966891694	-9.566926419633091	75400306.14724398	91.52608111867364	10493.46061178379	-10.765931595453367	110112715.61105783	115.90528311798107	6405.142608206293	-2.8734290060301646	8.2565942526955	41025851.83145971	6741.255025322996	9775.97615654146	0.983526	42.363876	0.042057619	0.0194553	-0.05937598280000001	-0.0274332209	-0.073183453	-0.0055706433	-0.17765270800000002	0.0258799288	-0.0067815871	0.1051939739	-0.023275228999999998	-0.10993968789999999	-0.0861852775	0.029209145	-0.0241869007	-0.0208969821	0.0353660804	0.12448619470000001	-0.0931723087	0.0724569901	0.0059204023	-0.054435483	-0.103860488	0.027565959900000003	-0.0042476099	-0.0630876968	-0.11122994619999999	-0.09210003060000001	-0.0048257193	0.0339115734	-0.1558665503	0.0300210894	0.1630460845	0.06417420480000001	-0.0829066804	-0.0797189415	-0.0092314125	-0.039484568	0.0270094869	-0.1196654047	-0.0088240655	-0.14005316710000001	0.030964692999999998	0.11041636949999999	0.1939312119	-0.0229754702	0.0256240598	0.0262267544	-0.10755528789999999	0.0374805836	-0.0739228868	-0.0109030699	0.0393027685	-0.08103443169999999	-0.0254904005	0.0110512993	-0.0656632638	0.0176397766	-0.13404193779999998	0.0397956213	0.021839924900000002	0.0488270771	0.0209582331	-0.0163035485	0.0850305109	-0.021162267000000002	0.19236112989999998	-0.0314638715	-0.0037213935999999997	-0.1145569522	-0.019518733	-0.030577629900000007	0.0129073291	0.019969734399999998	-0.1082040358	-0.0601242348	-0.0154622797	0.081572744	-0.0823543438	0.2249467446	0.035866743199999995	-0.0787622243	-0.0426432047	0.0018559723	-0.0099004844	0.08444862550000001	0.1607950549	-0.0747891642	0.1916498441	-0.060571168200000004	-0.0856925374	0.0592386804	-0.0334247112	0.061560774900000004	0.13587433640000002	-0.0124070699	0.0421863142	-0.06520853929999999	-0.1215686944	-0.13195652060000002	0.125048609	-0.0070738362	0.0834525691	-0.1501617603	-0.0153136085	0.08992617900000001	0.0495310554	0.01967993	0.051745220999999994	0.0342836675	0.0445467117	0.0454682662	0.055687730199999994	0.026852467999999997	-0.0655508614	0.0933423243	0.0441856261	0.0294181533	0.043634327	-0.09970262029999999	-0.1058435903	-0.0638754359	-0.11922388099999999	0.1111742357	-0.0151150234	0.0903988772	-0.0156343173	-0.0902617899	-0.0356479654	0.1268865926	0.1008501173	0.1231947328	0.12252103789999999	-0.0337801348	0.014154306299999999	-0.0605335401	0.15774727859999998	0.0598911018	0.0375300347	-0.032684651099999996	0.0649488907	0.0113546001	0.0036113225	0.0226369892	-0.0318582075	0.0168534	0.004949800000000001	2.4500520040000008e-05	0.00028403709156000004	0.00707054	0.006393569	4.99925358916e-05	4.0877724557761e-05	0.017399399999999995	-0.011064300000000006	0.00030273912035999986	0.00012241873449000013	0.00119717	0.00022045600000000014	4.860084793600008e-08	1.4332160089e-06	0.000418669	0.00016866900000000006	1.7528373156100006e-07	2.844923156100001e-08	0.000119953	-3.874000000000023e-06	1.5007876000000188e-11	1.4388722209000001e-08	0.0	0.0
8698.82934271653	15.494375824835515	75669631.93370609	240.07568220124725	10525.794262595851	32.333650812061016	110792344.85849574	1045.4649748362945	6402.381622366321	-2.7609858399719087	7.623042808525387	40990490.438414	6737.1044944126415	9625.72606036756	0.999155	43.037086	0.04723626	0.0209824	-0.04499511849999999	0.014710344399999999	-0.1325921094	0.0728098776	-0.0142488881	-0.0105770951	-0.053120227199999995	0.0799188899	0.0891877586	-0.07912029599999999	0.13315215960000001	0.06907511820000001	0.043319062699999994	-0.0328650431	0.041749256400000004	-0.0166148565	-0.1193142037	-0.011745458200000001	0.0261328271	-0.07600068139999999	0.0716884299	-0.0712402459	-0.14313979570000002	-0.0756152056	0.07919461009999999	-0.031946016699999996	-0.0276287525	0.09131697859999999	0.1365379363	-0.1450409829	-0.009003656	-0.0071132422	-0.0490200275	0.0251347132	0.12424570550000001	0.0794229795	0.009545620999999999	-0.1038037087	-0.0682004118	-0.0544060369	-0.2011443049	-0.0302893151	-0.0309532776	-0.0157573259	0.0023558742	-0.0782399972	-0.0613350414	0.000653944	-0.1187428682	-0.0942158149	0.0451767046	0.08575435210000001	0.0482829688	0.037549166	-0.1825035785	0.1027707491	0.10255270720000001	-0.052813484699999996	-0.0142076957	-0.013872005	-0.027053877200000003	-0.0744513961	0.07202745740000001	-0.0789795147	-0.042076826100000006	-0.0168400298	-0.0065652366000000005	0.006900150600000001	-0.025055632799999998	-0.0934801134	0.0040766279	-0.05313876	-0.0304485907	0.0056926273	-0.0861957765	-0.169250604	0.006163018399999999	-0.12028572929999999	0.0963250901	-0.0580718292	-0.018586004399999998	-0.08657065609999999	-0.0935421994	-0.0225768192	0.05954715450000001	-0.26078849460000003	-0.0703059142	-0.0489845573	-0.037041828900000004	0.12011359949999999	-0.0215434461	0.030306641000000002	0.0382843905	-0.1450139928	0.1174266603	0.1285104943	0.0480287909	-0.0452613232	-0.0523122693	0.042986518200000004	-0.023468147	-0.014274049099999997	-0.0452754921	0.14591877539999998	0.0647654399	-0.1320773504	0.114834769	-0.1549586688	0.0592217799	0.0135669917	-0.0407950104	0.0494101296	0.0068183117	-0.0803569328	0.0837993174	-0.0209507717	0.13460439189999998	-0.0194367997	0.0581121957	-0.0719623857	-0.08848637890000001	-0.0261483996	-0.0171670712	0.0097210865	-0.0675240611	0.12736812460000002	-0.027244955	0.055933188700000004	-0.0378495414	-0.1322992126	0.09039530539999999	0.0689919197	-0.1036401429	-0.0829405756	0.0294982333	0.0090742022	-0.0880236509	0.0914723033	-0.1396301567	0.11039514689999999	0.0806019399	0.0838530228	-0.0348149612	0.0115048	-0.005348600000000002	2.8607521960000018e-05	0.00013236042304000002	0.017078699999999995	0.010008159999999995	0.0002916819936899998	0.0001001632665855999	0.0312323	0.013832900000000002	0.0009754565632899998	0.00019134912241000005	0.00102991	-0.00016726000000000002	2.7975907600000012e-08	1.0607146081e-06	0.00025	-0.00016866900000000006	6.25e-08	2.844923156100001e-08	0.000144956	2.5003000000000015e-05	6.251500090000009e-10	2.1012241936000005e-08	0.0	0.0
8715.972045059472	17.142702342942354	75968168.6902582	293.87224361872137	10521.264290995068	-4.529971600783028	110697002.28096797	20.520642703900748	6410.078865811081	7.697243444760716	59.247556647911814	41089111.06591788	6746.0463800490415	9836.082294137505	0.970839	41.817429	0.05134443	0.0255156	-0.09570709460000001	-0.0653529107	-0.1362625058	-0.0023886988	0.1084802651	0.0069169362	-0.06408468190000001	0.122363595	0.013464149199999999	0.10576523199999999	-0.0263262525	0.0531482921	0.1398890859	0.1606474992	-0.1191105636	0.0349955692	0.0427405668	0.0735496502	-0.019124358799999998	0.112194363	0.17096483920000002	0.0170181129	-0.0282239857	-0.032803236	0.039331491	-0.0401428296	-0.1325383548	-0.0020625716000000002	-0.0018463085	0.0340240049	0.0663738468	0.014094271	-0.0186139796	-0.0184451758	-0.112115511	0.0469681327	0.0788785183	-0.100496586	0.0563150584	0.037502742900000004	0.0689488527	-0.1539924839	0.1529128244	-0.006825221899999999	-0.025498838700000002	-0.0067671777	0.017542596599999998	-0.0112076382	-0.1325644375	0.031930995499999996	-0.088870997	0.0642630962	-0.0918500733	-0.0285122432	-0.0368446375	0.13291597759999998	0.0875460654	-0.0768155456	-0.032589633199999996	-0.0172752532	-0.07735167700000001	-0.1065278748	-0.1606834465	-0.0059362847	0.0457914836	-0.0595641251	0.023276209	-0.0270896728	-0.0522069136	0.1788788832	-0.18888720420000002	-0.2353167623	0.0683478404	0.11966383609999999	-0.0035376215	0.0692837075	0.017550508700000002	0.1331736535	-0.19111410129999998	-0.064544665	-0.056016798300000004	0.02639834	-0.0719335678	-0.0067821732	-0.1412119575	0.09279748199999999	-0.0348246085	0.1478080503	0.0006507126999999999	0.0608589324	-0.08964456789999999	0.0350373425	0.0939412738	0.050266406	-0.130280115	0.083698535	0.10463666619999999	-0.12487135640000001	0.0812205108	-0.0018228285999999998	-0.0109429067	-0.0890615132	0.0765874406	-0.0025525467	0.0562368485	-0.0738771981	-0.12346181199999999	-0.054998711799999996	0.020817535	-0.003285708	-0.07954875730000001	-0.006549200000000001	0.0398026193	-0.0549662618	0.15127714	0.111183865	0.0295794548	0.1366728552	0.0071280521999999985	-0.1664280399	0.0221772221	0.0131305374	0.0074515253	0.024766649100000003	0.0670395324	-0.0110797301	0.1592789718	0.12478935779999999	-0.0427695277	0.0512084521	-0.3282115898	-0.1008773311	0.1550995635	0.0764011968	-0.11089599289999999	0.09568653460000001	0.0712716043	-0.0262470012	-0.0039034356	-0.08689429119999999	0.1511337372	-0.0201042475	-0.0377507437	0.0167762	0.0052714000000000025	2.7787657960000024e-05	0.0002814408864400001	-0.00407253	-0.02115123	1.6585500600900005e-05	0.0004473745305128998	0.0250758	-0.0061565	0.00062879574564	3.790249224999998e-05	0.00127597	0.00024606	6.054552359999999e-08	1.6280994408999996e-06	0.000305375	5.537499999999998e-05	9.325389062499997e-08	3.066390624999997e-09	0.000218827	7.387099999999997e-05	5.456924640999998e-09	4.7885255929e-08	0.0	0.0
8720.947068513047	4.975023453574976	76054917.77180631	24.75085836362109	10504.757608782937	-16.506682212131633	110349932.419283	272.4705576523029	6407.747564071586	-2.331301739495757	5.434967800575942	41059228.84486534	6741.205089060361	9880.928145667584	1.081824	46.597923	0.07778032999999998	0.0486885	0.0679609097	-0.11290796460000001	-0.0693102035	-0.1446524814	-0.0358427238	0.005238424	0.08716516490000001	0.0876622157	-0.0951811714	0.0308604538	0.0041052876	0.17187339329999998	-0.0223695395	-0.0017689462	0.0213804375	-0.0030749158	0.0035640185999999997	-0.06337318980000001	0.1165202924	0.0413443904	0.0649435557	0.0407167142	-0.0968401959	-0.0295669498	-0.0022758787	0.0438514699	0.005308216700000001	-0.06857734900000001	-0.035324819	0.0892471509	-0.15796678720000001	-0.038860866099999995	-0.12770105880000002	-0.047013972599999995	0.1554838553	-0.1021453965	-0.0415447251	-0.1090663801	0.012038364499999999	-0.1481592284	0.0739147089	-0.0269161234	-0.00051736	0.1071810821	0.07660735910000001	0.0357072552	0.1182520703	-0.0069759093	-0.0639466891	-0.0413916308	-0.050979143399999996	0.0853139006	-0.0294234359	-0.0439971979	-0.0035708855	0.06937825	-0.036576158399999996	0.0690333098	0.1323855288	-0.1377001201	0.0574950637	0.0448766746	0.0377131971	-0.1404134118	0.021972390499999998	0.019119163600000003	0.06666434980000001	-0.1602223019	-0.1452262267	-0.045739307800000004	0.0047328533	0.1336200052	0.055784185199999996	0.1160617805	-0.107080828	-0.0427115983	-0.026836173999999997	0.0711373402	-0.0291036829	-0.09728885849999999	0.0557220945	0.0099087213	-0.0723418623	-0.1625229573	-0.035401467400000004	0.0907414681	0.0329622912	-0.034294562599999995	0.11281144380000001	-0.0943364208	0.0518650374	0.054954956799999996	0.0922537942	-0.026933787400000003	0.0063189424	-0.1205842184	0.1164841936	-0.13770316	-0.0263537584	-0.1172957756	0.0547757734	0.0568896766	-0.024906256499999998	-0.0232716857	0.09002935109999999	-0.0246454629	-0.0659058583	-0.006230466600000001	-0.014629813799999999	0.0255449046	-0.0728208261	-0.0059269624	-0.09681093689999999	0.0006568645	-0.0405172425	-0.0030343459000000002	0.0898934303	0.051683386399999996	0.0456511349	-0.0710423233	-0.1449821049	0.1031972431	0.06104312820000001	0.08049712440000001	-0.1363394023	0.0815708908	0.061031848300000004	-0.1240021187	0.0725314241	-0.0362055547	0.047295126900000005	0.0631309701	0.0222903452	0.0486574774	-0.047527892	-0.0291179107	-0.1398313518	-0.06956422450000001	0.0177272815	0.0337889126	0.0900742523	0.0037722703999999996	-0.0406637865	0.0139889	-0.0027873000000000012	7.769041290000007e-06	0.00019568932321	0.0416508	0.04572333	0.00173478914064	0.0020906229062889	0.0157492	-0.009326599999999996	0.00024803730064000003	8.698546755999995e-05	0.0009767139999999998	-0.0002992560000000001	8.955415353600007e-08	9.539702377959994e-07	0.000307384	2.009000000000028e-06	9.448492345599999e-08	4.0360810000001116e-12	0.00012123	-9.759700000000001e-05	9.525174408999997e-09	1.46967129e-08	0.0	0.0
8688.235790962139	-32.71127755090856	75485441.1593555	1070.0276790125743	10505.627932525986	0.8703237430490844	110368218.25667022	0.7574634177149687	6406.733010675654	-1.0145533959312159	1.0293185931955628	41046227.870081134	6743.929700884995	9920.021529827742	1.116561	48.094147	0.07545087999999997	0.042274	-0.09599189150000001	-0.0918685989	-0.0917465537	0.1002266887	-0.0616741552	0.0029848008	-0.0832616788	0.07311765519999999	0.0502650826	-0.0563893373	0.09188647720000001	0.055681286600000005	-0.094139877	0.0149011753	0.1281160238	0.0900756889	-0.0037422021	-0.0765864827	0.083098413	-0.0483348986	0.1400493583	-0.028416976400000002	0.0023841936	0.0493000681	0.016160128	-0.0457010611	0.0128227275	0.07393420839999999	-0.0022295145000000003	-0.0364641048	-0.007490008199999999	0.1562877383	0.0461836893	-0.0094749977	0.1610246933	-0.0345803402	0.0726694443	-0.1057530667	-0.0744675235	-0.0323373099	-0.13706683050000001	0.0205843534	0.006866405999999999	0.002358163	0.0603759665	-0.1109648536	0.18639454589999999	-0.0213716352	-0.036504583199999996	0.09098597	0.0959727854	-0.0165282675	0.0583520705	0.0827122414	-0.0533252919	-0.032139344300000004	0.012246321000000001	-0.0165452416	0.0058466531999999995	-0.13007406529999999	0.0273167727	0.001866319	-0.023671359399999998	0.13826269970000002	0.1427309366	-0.10376316869999999	-0.0415475062	-0.048129513	0.0688942459	0.030225617799999997	-0.0706301474	-0.0858026709	-0.1289747267	0.2015055206	-0.0326998269	0.0890302036	-0.028793252999999998	-0.0406976434	-0.0046634737	0.113054407	0.17453328989999994	0.14692019480000001	-0.0313143306	0.0238852713	0.09494103289999999	0.0388149372	-0.032702355	0.0300040553	0.10910936460000001	-0.1512383045	-0.0720473366	0.0321454336	0.0750915528	-0.1182058158	0.061161603700000004	0.0750519848	-0.0152833144	0.0121024343	-0.058285051799999994	-0.20620607359999998	-0.0496484858	-0.019274973799999998	0.019001522	0.017619566	-0.055262497	-0.1202604364	0.10708383949999999	0.0144804678	-0.0166421872	0.0797716302	0.056220693499999995	0.0335766376	-0.1218326289	-0.0397781765	-0.0738485656	0.0336638217	-0.0719804951	-0.0522645891	0.1176699185	-0.0160868225	-0.017352409699999998	0.023310800299999997	-0.0504702359	-0.0115611001	-0.0544469474	0.08516133599999999	-0.09509188980000001	0.0133365362	-0.08316463519999999	0.0002276604	-0.26218136870000003	-0.0345673448	0.0339395887	-0.049813543200000004	-0.0032872064	-0.0494617237	0.0995459872	-0.1124597153	0.0037899293	0.1005984175	0.0044834938	0.0395127658	-0.043552335	0.0180582	0.0040693000000000005	1.6559202489999993e-05	0.00032609858724	0.00455222	-0.03709858	2.07227069284e-05	0.0013763046380164	0.032658099999999995	0.016908899999999994	0.0010665514956099997	0.0002859108992099998	0.0011777300000000005	0.0002010160000000007	4.040743225600028e-08	1.3870479529000014e-06	0.00034277300000000005	3.5389000000000044e-05	1.1749332952900006e-07	1.2523813210000027e-09	0.000232307	0.000111077	1.2338099929e-08	5.3966542249000015e-08	0.0	0.0
8663.16641117749	-25.06937978464884	75050452.26775387	628.4738027869602	10512.764682128258	7.136749602272174	110518221.26180324	50.933194885532046	6399.181790944065	-7.551219731589298	57.02091943474357	40949527.59355009	6738.230938283989	9718.804398322794	1.037731	44.698681	0.06944473000000001	0.0349413	0.020358018500000002	0.0060408452000000005	-0.1713814855	0.001964054	0.0457658371	-0.0009082236999999999	0.0383282558	0.17025921559999999	-0.014346717299999999	0.1396761133	-0.0773322411	-0.0241394691	0.0659035368	0.0597757479	0.0969382487	0.0972579537	0.14206075210000002	-0.035926232999999995	0.12574500789999998	-0.0266488261	0.0751812433	0.1043421617	-0.0472226626	-0.14806424869999998	-0.0528759403	0.0703795933	-0.06395415480000001	-0.0216439506	-0.0006962188	0.0393162825	0.0667390409	-0.0272658947	-0.1970453152	-0.0269035824	-0.0332557867	0.074624908	-0.0017772755	-0.1493804003	0.023141873700000003	0.067101207	-0.013781306799999999	-0.0799703653	0.076565511	-0.0333973412	0.0217724802	0.0774844051	0.0604589207	0.0157977051	-0.0099487928	0.0879167382	0.043259845	-0.06403386650000001	0.0709581636	-0.0605543058	0.0835850999	-0.0117873869	-0.0008019936	-0.16732896960000002	0.0018773622000000001	0.1113910952	0.027908366299999997	-0.0184544907	0.07815717679999999	0.0318291025	0.0346309891	0.0508109734	0.1299516182	-0.0597390379	-0.0166427915	-0.0863808575	0.1497788912	0.0595679775	-0.0127930209	0.07549863799999999	-0.0602820487	0.0207070081	0.1249921897	-0.0574470258	0.1207607734	0.03624161	0.008780959100000001	0.0349810838	-0.0682380142	-0.006146605899999999	0.09327354289999999	0.0281351731	0.1469169831	0.0114186261	-0.1777635538	-0.12091270960000006	0.0015533346	0.0727578442	0.1317155612	0.013272586599999999	-0.0932025702	0.10198596210000001	0.0358748242	-0.0093214039	0.0687382639	-0.0631342548	0.0423456489	-0.0413820569	0.021130355	-0.028867120299999997	-0.0786520074	0.0363589748	0.0418636447	0.016683423	-0.21124350879999998	0.0781517685	0.0652920134	-0.0535541754	0.0033889390999999997	0.0786188308	0.1711030795	0.0316435729	-0.0080930033	-0.08329336679999999	0.08787617589999999	0.015981782	0.0397779516	-0.0172043117	0.034240897799999996	-0.0120097879	-0.0215845275	0.1034658057	0.007709646899999999	-0.1794119934	0.0675076495	-0.0456724096	0.1370243017	-0.044145752999999996	-0.06860287940000001	-0.130352854	0.062541136	-0.082334891	0.0072624606	-0.0196444746	0.2119141195	-0.0300847971	0.0151056895	-0.0771782332	-0.0464146492	0.0219931	0.003934899999999997	1.5483438009999985e-05	0.00048369644761	0.0290166	0.02446438	0.00084196307556	0.0005985058887844001	0.015753200000000002	-0.016904899999999994	0.0002481633102400001	0.0002857756440099998	0.00148762	0.0003098899999999995	9.603181209999967e-08	2.2130132644e-06	0.000372396	2.9622999999999947e-05	1.3867878081599998e-07	8.775221289999966e-10	0.000375605	0.00014329799999999998	2.0534316804e-08	1.41079116025e-07	0.0	0.0
8673.121942377973	9.955531200483163	75223044.22735827	99.11260148379377	10497.175714185554	-15.588967942703675	110190697.974487	243.01592151864287	6398.8787957440145	-0.3029952000506455	0.0918060912537307	40945649.84262237	6735.5820233770955	9523.64039435317	0.963371	41.495758	0.03220775	0.0173415	0.0167503486	0.079259078	-0.0996988212	-0.1525143198	-0.0585733143	0.0072377015000000015	0.057766020700000004	0.09324251089999999	-0.1327084392	-0.09071426380000001	0.093209931	0.0747123925	-0.0015471884	-0.0167127864	0.0789369849	-0.006093074699999999	0.0146238398	-0.0444878078	0.018325338400000002	0.024632974900000004	0.1350375873	-0.0139799255	-0.009946947	0.0501928292	-0.042054357300000005	-0.11501384880000001	-0.0673149377	-0.0148068875	0.0457116773	-0.1319323948	0.060219023499999996	-0.0113808844	-0.2644159534	-0.0092706405	-0.1386900673	-0.079731888	-0.0379087896	-0.1179383562	-0.08660554279999999	-0.1259669398	-0.0252298329	-0.0318418009	-0.0097500452	0.0818091581	-0.0393151198	-0.0038144843	0.10511603119999999	-0.023601121800000003	-0.059904285599999996	-0.0885088063	-0.0956137808	0.0670533101	0.1252503136	0.022026867000000002	0.0161045539	0.0550705892	-0.0540917086	-0.0078444966	-0.014667194	-0.048653816399999994	0.0337782884	-0.06525060860000001	-0.08212085599999999	-0.046992848600000005	-0.1281952345	-0.047174972999999995	0.171367377	-0.0962190436	-0.0824411558	-0.164478591	0.0230854803	0.0408561181	-0.0771271012	0.1904575334	0.060639731100000004	-0.0318437564	0.0332868938	-0.08739694699999999	0.0150589775	-0.0585887557	0.13228978560000001	-0.0770231758	0.17152007460000002	0.005258651600000001	-0.0046628186	-0.003278986	0.045470793499999995	-0.0259061467	0.0056206655	0.077579486	0.0311534824	0.052461224	0.0900535893	-0.1284849438	0.0338273813	-0.08203200320000001	0.0724719525	-0.055515116100000005	-0.025264733799999998	-0.1034433085	-0.0546622818	0.11679444859999999	-0.0404005558	0.0351982978	0.0827705261	0.0128865076	0.0118126272	-0.1545389438	-0.0569057292	0.011064145800000001	0.043870863499999996	-0.114635844	0.0025746645	0.0251332411	0.0150072502	-0.0240029509	0.0848057308	0.0621228162	0.10842309189999999	-0.12490567699999999	0.0738269108	-0.081109364	0.10988373929999999	0.0889223099	-0.059560993	0.0852986699	-0.13055668380000002	-0.2167149419	0.1409590769	0.0365539044	-0.0261883099	0.009211975	-0.0095649753	-0.0794959393	-0.063729645	-0.19295532640000002	-0.0030389268	0.0394942527	0.053678774000000005	-0.0792992102	0.0511285753	-0.0788757457	-0.049249005	0.0232826	0.0012895000000000024	1.6628102500000063e-06	0.00054207946276	0.0335122	0.004495599999999999	0.00112306754884	2.021041935999999e-05	0.0188722	0.003119	0.0003561599328400001	9.728161e-06	0.0011773	-0.00031032	9.62985024e-08	1.38603529e-06	0.0004297730000000001	5.7377000000000064e-05	1.8470483152900004e-07	3.2921201290000064e-09	0.00027722900000000004	-9.837599999999997e-05	9.677837375999992e-09	7.685591844100003e-08	0.0	0.0
8684.266110381333	11.144168003360393	75416477.87591773	124.19248048712154	10485.853420749148	-11.322293436405744	109953121.9614366	128.1943286600766	6399.86316255456	0.9843668105459074	0.9689780177043222	40958248.49942286	6736.29845084643	9661.630067246822	0.97789	42.121132	0.05380755	0.032208299999999995	-0.0834159537	0.013023237	-0.0582605155	-0.0317525623	-0.15807060109999999	0.0195842253	-0.0134843683	0.1082352323	-0.0156872456	-0.14900904439999998	-0.027547386899999998	0.024262251000000002	0.0656887627	0.0171823648	0.024659321600000002	0.0391096516	-0.010570606000000001	0.0507937362	0.020542014299999998	-0.058442222	0.075324341	-0.1111237548	0.0816601799	0.06755510099999999	-0.011896888100000001	0.09646478970000001	-0.0086799918	0.14924617169999999	-0.0256392195	0.1594899222	0.0753238688	0.0167300494	-0.140780831	-0.0420058513	-0.0658375566	-0.0942675707	0.041754485	-0.09606055880000001	-0.05091899	-0.1162700158	-0.0185692579	0.07800379360000001	0.0876910242	-0.0152454472	-0.0889577966	0.066960971	-0.1344084612	0.018020173400000002	-0.16941568210000002	-0.0323513703	0.1101075222	-0.0953220723	0.0693730763	0.0009137857000000001	0.0262318191	-0.0430007193	-0.1116049093	-0.0779195321	-0.014569539099999999	-0.0176658558	-0.0336706427	0.0293776468	0.041809822999999996	-0.07347449	0.12210902369999999	-0.1239913765	-0.2007418805	-0.0005789362999999999	0.0387354168	-0.0183854899	0.1155143211	0.12039688400000001	0.02524694	0.0454528876	0.1545358603	-0.0917343788	0.0996318791	-0.1512619137	-0.12586900410000001	0.1361173322	0.08463962369999999	0.1128488243	0.0497052052	0.0095259086	-0.0385958917	0.00020597759999999997	-0.023897037200000002	-0.0927234419	0.0024875598	0.068906153	-0.0419897196	0.047048653499999996	0.0975027058	-0.0638614294	0.0589651974	-0.043450008	-0.07879643830000001	-0.12763997230000002	0.104377333	0.049814288	0.023416284	-0.1227066318	0.0400208587	0.1068424666	-0.0030758188	-0.0116970522	0.048723660700000004	-0.027056626400000002	-0.1394008683	0.0027755655	0.0423110309	-0.005777800400000001	-0.044313155599999994	0.0215871396	-0.0088827083	-0.0843871924	0.041536127400000004	-0.1030913428	-0.20135087370000002	0.0070954336	0.0385848746	0.0543187262	-0.11861341539999999	-0.1135284194	0.12207929320000001	-0.043608343200000003	-0.1476334988	-0.16503367189999998	0.04035939	-0.11270081470000001	-0.1388329079	-0.008969221	0.0618579246	0.0709075854	-0.0314146788	-0.0230836252	0.0076177254000000015	0.0902512383	-0.0408107851	0.1368791954	0.014827034099999999	-0.0131268357	-0.052053695	0.0217298	-0.0015527999999999998	2.41118784e-06	0.00047218420804	0.0095484	-0.0239638	9.117194256e-05	0.0005742637104400001	0.0210716	0.0021993999999999968	0.00044401232656	4.837360359999988e-06	0.00161803	0.0004407299999999999	1.9424293289999987e-07	2.6180210809e-06	0.000435337	5.563999999999949e-06	1.89518303569e-07	3.095809599999943e-11	0.000352766	7.553699999999991e-05	5.705838368999989e-09	1.2444385075599995e-07	0.0	0.0
8691.414086423914	7.147976042580923	75540678.82168804	51.093561505310824	10496.839136103898	10.985715354749116	110183631.84924242	120.6859418555705	6395.48151074203	-4.381651812530436	19.19887260625125	40902183.75424316	6728.638692418033	9649.877343334274	1.013149	43.639832	0.04762334999999999	0.0341492	0.024274008700000002	6.0086499999999995e-05	-0.1579952031	0.063613955	0.0370274637	0.003318786	0.0591495493	0.08439684369999999	0.1336743818	-0.06508774099999999	0.10136102289999999	0.1239008784	0.0988494918	0.022506255699999998	0.006876731600000001	-0.0359716905	-0.0189924457	-0.1289328259	0.0257858002	-0.11384289019999999	-0.0068605674	0.0143264687	0.0571354642	-0.1276659915	0.0503836407	0.0668091247	-0.0925961027	-0.13354769789999998	0.037126979	0.0455459261	0.038891567	0.0379463576	0.1253003299	0.0659098958	-0.1273888551	-0.0192794776	-0.0401800317	-0.1264646988	-0.0334113919	-0.0406336402	-0.1499864631	-0.1589588321	0.027216288999999998	0.10984239529999999	0.0187667326	-0.047072566100000005	-0.0789656138	0.025603579799999998	-0.0747892686	-0.1289609615	-0.0666431915	-0.0057720609	0.04973853860000002	-0.0730151271	0.2035781065	0.1192317775	-0.0805635146	-0.026026386600000003	-0.0076780959	0.0747626779	0.0266421472	-0.012684320700000001	-0.0646987822	0.022941073500000003	-0.0247768154	0.1066593278	-0.0103872858	0.065504949	-0.0447767888	0.0933549559	-0.032514557	-0.052969750999999995	0.0361115689	-0.1229208919	-0.020327882	0.0044493013	0.0020973903	-0.0149160363	0.0032909733	0.011176370500000001	0.00821099	-0.17227783859999998	-0.10764131869999999	-0.045039456799999995	-0.1454561029	0.023489988599999997	0.1191018358	-0.0321360497	0.0605232408	0.0286502303	0.0417358996	0.059690975199999996	0.07373571179999999	-0.097026945	0.0359256793	0.1427620415	0.0946555467	-0.118471015	-0.0755796104	0.06132975070000001	-0.049769596500000006	-0.0042128749	-0.0763987793	0.0373274431	0.1369876864	0.0237123565	-0.0539144929	-0.0460068456	-0.13617428539999998	-0.1047110332	0.0230202913	-0.1567474858	-0.0363173742	0.0402685239	0.099310976	0.057781499699999996	-0.0259976284	-0.0133234778	-0.0683579569	0.08509436179999999	0.08612600880000001	-0.0177525421	0.11901403890000001	0.068623465	0.053487355800000004	-0.031316873700000004	0.07788730719999999	0.086697934	-0.0172164341	0.0462216035	0.0459993416	0.0028050851	0.0451086667	-0.0993934657	-0.1389197163	0.0645182814	-0.0370891966	0.09101050810000001	0.044126915	0.019476753500000003	0.0192703958	-0.1711522926	-0.0548270298	0.0208854	-0.0008443999999999986	7.130113599999976e-07	0.00043619993316000013	0.0431402	0.0335918	0.00186107685604	0.00112840902724	0.0263591	0.0052875000000000005	0.00069480215281	2.7957656250000014e-05	0.00152376	-9.42699999999998e-05	8.886832899999965e-09	2.3218445376e-06	0.000431173	-4.163999999999969e-06	1.85910155929e-07	1.7338895999999742e-11	0.000412325	5.955900000000005e-05	3.5472744810000047e-09	1.7001190562500002e-07	0.0	0.0
8707.302817540238	15.888731116323472	75817122.35634416	252.45177648682565	10509.042293739742	12.203157635844034	110439969.93161064	148.9170562852586	6406.342980119992	10.861469377961841	117.97151704840277	41041230.3789327	6743.51378850017	9811.299481985385	1.104931	47.593231	0.08455929999999998	0.0636167	-0.1492877127	-0.0533223421	-0.0479676516	-0.1240191177	0.0665298316	0.0022828882	-0.1330045142	0.0725263855	-0.1050691442	-0.0098387365	0.040350380899999996	0.0916407283	0.0136163951	0.0375287682	0.0063618871	-0.062990986	-0.0263862834	0.0292367833	0.0819932922	-0.0347522617	0.0553833732	-0.0560488866	-0.1509213435	-0.039612258399999996	0.0488851856	0.0006660129	-0.1566636626	0.0028568171000000002	-0.0710653324	-0.0684065385	0.034341684	-0.0673425718	0.0308930822	-0.2708529896	0.0848405025	0.0642502839	0.13583485480000002	-0.06540911719999999	-0.0684924403	-0.0728404242	0.048018213	-0.10130588859999999	0.023247022599999997	-0.0051323602	0.0520326615	0.0849049217	0.026862775800000002	0.0380999735	-0.0418155734	-0.067665867	-0.0072591956999999985	0.019757803600000002	0.1452952112	0.0720939051	-0.0164990053	0.011874983200000001	-0.0229148937	0.0689995244	0.019091837900000002	0.1173350745	-0.070716718	0.0477395984	-0.0030314153999999997	0.018394604199999998	0.0490179017	0.0797528451	0.0982584397	-0.0495577375	-0.0233720756	-0.08312527759999999	-0.1185843008	0.09826326710000001	0.0839701802	0.0761199347	0.20012549100000002	0.0121518409	-0.1011308031	0.090865295	0.0575725458	-0.0231348911	0.0432373963	0.0947070278	0.1513849647	0.0328489256	-0.0821407341	-0.0586701144	-0.0225480441	0.1259267148	0.019389188300000002	-0.0004996607	-0.1449002405	-0.0106176762	0.0538561817	-0.0805555899	-0.0522009266	-0.0409380466	0.12946594349999999	-0.0595134451	0.0415290412	-0.0403633576	0.1085120563	0.021509959	-0.0691858026	0.0617400808	0.0386822825	-0.0346228962	0.0642500218	-0.059468138	0.0203798487	-0.025943103	0.011784628	0.0015357459	0.0143223899	0.097222948	-0.0065901481	-0.028855625099999997	0.0563474346	0.061525551500000004	-0.0713499903	-0.0786103328	0.0948525302	-0.005364071800000001	0.0272679925	0.1632240208	-0.0650089638	-0.1360326833	-0.0153260251	0.0013767635999999998	0.0766549468	-0.0004779758	-0.07861134980000001	-0.0012606401	0.0415314563	0.0960854165	0.151904634	-0.1924916098	0.0100156247	-0.09442657369999999	-0.0181958796	-0.0873649523	-0.1032017495	-0.026605124900000002	-0.057567338899999994	0.0187045	-0.002180900000000003	4.756324810000013e-06	0.00034985832024999995	-0.0194898	-0.06262999999999999	0.00037985230403999985	0.003922516899999999	0.0319953	0.0056361999999999975	0.00102369922209	3.176675043999997e-05	0.00179041	0.00026665	7.11022225e-08	3.205567968100001e-06	0.000446767	1.559399999999996e-05	1.99600752289e-07	2.4317283599999866e-10	0.000412325	0.0	0.0	1.7001190562500002e-07	0.0	0.0
8715.911281236451	8.608463696213219	75967109.46238483	74.10564720902099	10499.94483429716	-9.097459442582476	110248841.5232836	82.76376830943306	6401.461182300083	-4.88179781990857	23.83194995446407	40978705.26849478	6736.652572649916	9791.032290017778	1.076742	46.379013	0.098187	0.06725160000000001	0.0327094047	-0.0854686456	-0.041530964100000005	-0.13074880949999998	-0.0582251011	-0.0101365526	0.046861159400000005	0.1083125524	-0.10545564210000001	-0.0743970746	-0.042323155599999995	0.0557599772	0.0393105936	0.1663277461	0.040903622599999995	-0.0392670497	0.1215281623	-0.08104978040000001	-0.0391378252	0.0515818729	-0.0861265753	0.0106868446	-0.066497875	0.030421651600000002	0.0917761411	-0.0406056565	-0.020611365700000002	-0.16812477329999995	-0.1425820838	0.0289217235	-0.0193655166	0.0067853392000000005	-0.028031411800000003	0.17205438969999998	0.0528153462	0.054256688399999996	-0.0174791724	-0.111320512	0.0604217967	-0.1313766255	0.072190422	-0.0344792073	0.0063399667000000005	0.0948758842	0.00048469400000000003	0.017302339	0.044327807000000004	0.0192616154	0.0651158745	0.0202781914	-0.01044224	0.059060536	-0.0814683498	0.0094267966	0.0909098349	0.0182861144	-0.0104015547	0.0575041571	0.0083429217	0.017422626599999998	-0.06517944349999999	-0.0590076517	-0.1002861053	-0.0606921365	-0.146680767	0.09374226140000001	-0.0117225226	0.0588152355	-0.030714050299999997	-0.1282942093	-0.041865499900000006	0.0423365829	-0.06781542980000001	-0.0543167901	0.0071715789	-0.046625113200000005	0.2172422866	-0.0322068545	0.025041142000000002	-0.1319602841	0.0823166733	0.24088029730000002	-0.0390315455	0.046406541399999994	-0.15843992939999998	-0.0698719142	-0.015383533500000001	-0.1895073569	-0.1430922974	-0.053628382599999996	0.019206574299999998	0.0469071585	0.1174860191	0.0022929202	0.0082918451	-0.1105245683	0.0903351993	-0.1178029842	-0.028316671600000006	0.010216803299999999	0.0168360195	0.0111849281	-0.042731570499999996	-0.1331615546	0.0532611151	-0.004382930300000001	-0.0531641391	0.042604843200000006	0.0074807419	-0.0877732552	-0.1076125314	-0.0245892293	0.0500010315	-0.0199496662	-0.0161432357	0.031015615	0.0121082831	0.0364062973	0.0446900958	-0.009329788299999999	0.0991534984	-0.0716901154	0.0510841407	0.028432611	0.012641021799999999	0.0025507557000000003	-0.0373027784	-0.1286120647	-0.1234765532	-0.0864731608	0.165595126	-0.0929050727	-0.11689810369999999	-0.095304535	-0.0998158793	0.011109918	0.0213817393	0.2146286972	0.1034806441	-0.0688367007	0.07953513570000001	0.1201672949	-0.0602729715	0.0207246	0.0020201000000000004	4.080804010000002e-06	0.00042950904516000004	0.0452427	0.0647325	0.0020469019032899995	0.0041902965562500005	0.016526599999999995	-0.015468700000000004	0.0002731285075599999	0.0002392806796900001	0.0017292000000000002	-6.120999999999991e-05	3.7466640999999884e-09	2.9901326400000006e-06	0.000541237	9.446999999999998e-05	2.92937490169e-07	8.924580899999996e-09	0.000248691	-0.00016363399999999999	2.6776085956000002e-08	6.1847213481e-08	0.0	0.0
8718.30383100059	2.3925497641394036	76008821.68963957	5.724294373883513	10499.30229424763	-0.6425400495299982	110235348.66599353	0.4128577152500126	6404.9992872913745	3.5381049912912204	12.518186929399846	41024015.87020302	6738.998624483166	9829.432959913716	0.9976060000000002	42.970379	0.033878050000000014	0.0152624	-0.0002169578	-0.09462952820000001	-0.0382632178	0.08284040349999999	-0.1124945408	0.0033529603000000004	0.0302738652	0.007372155999999999	0.06911956429999999	-0.1172054565	0.1047666775	0.0757087084	-0.1045521295	-0.0024874475	-0.041143958599999995	0.0703485574	0.0655026399	0.1056939554	0.08393098439999999	-0.0043666185	-0.011155368600000002	-0.1027571458	-0.0130333919	0.014399156699999999	-0.0508584297	0.0671387178	-0.07732612059999999	-0.1523789635	0.004866491	0.0376770089	-0.1828543247	-0.083430479	0.15283998740000002	-0.0458994069	0.13839948970000002	0.0065340739	-0.017529184399999998	-0.0593112988	-0.0670509168	-0.0739495205	-0.104940375	0.0500607175	0.003287055	0.1266859316	0.1776459078	0.0605717305	0.013148708600000001	0.037759551	0.029963418	0.0610926572	0.1292513394	0.10527338929999999	-0.10339881029999999	0.0347596382	0.1385182884	-0.0489517324	0.0182926455	-0.041307822200000004	0.0207523066	-0.0335237729	0.0212962482	0.012912608300000001	-0.07436204490000001	-0.026182823900000003	-0.0524533836	-0.039410949300000005	-0.0085878562	-0.0781106123	0.2944455957	-0.0960121135	-0.0025148868	-0.0433251542	0.047200262199999996	-0.114208975	0.014064212900000001	0.1260430881	0.15354824220000002	0.055256506399999995	0.0761480779	-0.0680533936	-0.121821913	-0.18572048	-0.029851614199999998	0.0374279719	-0.0127527881	0.031120827400000002	-0.037860257599999995	0.018110712	0.006415241899999999	-0.0267690179	0.022775492	0.0240512487	0.034860976200000005	-0.12185740279999999	0.129743665	0.032870560099999994	-0.0332422255	-0.0816004603	-0.1232207726	0.0128544708	0.1151128808	0.0168488539	-0.12573697949999998	-0.0780369476	-0.0657174081	-0.0893446062	-0.0442000794	0.1583802978	-0.06304534219999999	0.027687599	-0.0023316622	0.0141271114	-0.0116185697	-0.0869426329	-0.0662875193	0.09135796619999999	-0.1103348933	0.049555657999999995	0.12027867019999999	-0.1046563495	0.1051667751	0.13324747210000001	-0.0776410129	-0.1203052923	-0.014356795	-0.052241214	-0.025113610499999998	0.0007050803999999999	0.0696354877	0.1593833392	0.1100145047	0.0054721025	0.04415546099999999	0.0090516975	0.0588518787	0.10755375210000001	-0.072104649	0.1194923324	-0.1592984875	0.1400059526	0.067998493	-0.1150767624	-0.062942298	0.0249277	0.0042031	1.766604961000001e-05	0.0006213902272900001	0.0484132	0.0031705	0.00234383793424	1.0052070249999997e-05	0.0271272	0.010600600000000005	0.0007358849798400001	0.00011237272036000013	0.00185615	0.0001269499999999998	1.6116302499999953e-08	3.4452928225e-06	0.000632718	9.148100000000004e-05	4.0033206752399996e-07	8.368773361000005e-09	0.000348337	9.9646e-05	9.929325316e-09	1.21338665569e-07	0.0	0.0
8698.484773459057	-19.819057541533766	75663637.35409905	392.7950418346264	10511.317574668155	12.015280420526324	110487797.15552764	144.36696358388323	6408.384510015791	3.3852227244169626	11.459732893909006	41067392.028210334	6745.6353826168115	9900.863875569408	1.04177	44.872635	0.08465055	0.043555	-0.0776049732	-0.0899157751	-0.0934290917	0.0686139071	0.0834474654	-0.0068222949	-0.06741768570000001	0.1438352657	0.12067082289999999	0.0734366894	-0.018464621299999998	0.0063783022	-0.0626642671	0.1970229809	0.0421235206	-0.0217812117	0.0347837548	-0.0754768587	-0.0202861463	0.0167286688	0.1323902052	0.0257205125	0.056168603399999996	-0.10899876509999999	-0.0781577002	-0.0782424182	0.1167365284	0.16167086349999998	-0.040609431	-0.0112183361	0.032763625299999995	-0.1335100474	0.0618087591	0.09180479119999999	-0.0455310483	-0.09381009800000001	0.09765112880000001	-0.0794442508	0.0020108042000000002	0.0712826441	-0.0297556477	-0.1573597178	0.10259272960000004	0.13502824089999999	-0.0133422223	0.0632881866	-0.011854681799999999	-0.093808457	0.0625453929	0.11893197949999999	0.016423401	0.0517436226	0.1195730236	-0.094051629	0.0689443771	0.021134445699999997	0.0588498279	0.061036163899999996	0.058427107199999995	-0.0177035675	0.0015962379	0.012751717	-0.019526618500000002	-0.0306898274	-0.0052233617999999996	-0.0128542795	-0.08073503559999999	-0.18312856859999999	0.08716537460000001	-0.031218890200000002	-0.09716237900000001	0.08724299949999999	0.13260288439999998	-0.0839805607	-0.0843769225	0.0273903789	0.2135037366	-0.1226573343	0.0304934158	-0.026150640899999997	0.0648913776	0.0691634934	-0.0155844703	0.0190558712	-0.0013840498	0.08851118640000001	0.0191602617	0.08867375470000001	0.10875133869999999	0.0509663845	-0.0895249752	0.023698709300000002	0.09328044710000001	0.024304569300000002	-0.1103598548	0.126422267	0.0407010894	-0.1079112968	-0.0843035248	0.020692897	0.0217419522	0.011387893400000001	0.0547348887	-0.1514573234	-0.050981711799999996	0.0215823643	-0.0054737802	-0.0112186574	-0.048593462999999996	0.0211123725	-0.17074219989999995	-0.1140971424	-0.08605673230000001	0.07794768190000001	-0.0720167518	-0.09623650800000001	-0.0585301671	0.0261509087	-0.026311254	-0.0359800059	0.11113915279999999	0.1612302975	-0.1569747296	0.035415643399999995	-0.0164375398	0.1572519591	0.0767995855	-0.1449427726	-0.0964523983	0.0987797293	3.063e-06	0.062067625599999995	-0.1845596655	-0.0863079315	0.022928829300000002	0.0408271334	0.0386165469	-0.1359346271	-0.12480024099999999	0.019810323799999998	-0.0046193545	-0.0146268135	-0.0655737103	0.033564300000000005	0.008636600000000005	7.459085956000008e-05	0.0011265622344900006	0.0118071	-0.0366061	0.00013940761040999995	0.0013400065572099994	0.015146799999999997	-0.011980400000000002	0.00022942555023999995	0.00014352998416000004	0.00225551	0.00039936000000000013	1.5948840960000006e-07	5.0873253601e-06	0.000763131	0.00013041299999999999	5.823689231610001e-07	1.7007550569000002e-08	0.000329561	-1.8776000000000025e-05	3.5253817600000086e-10	1.0861045272099998e-07	0.0	0.0
8695.092240236962	-3.392533222095153	75604629.06622902	11.509281663019323	10509.8094587361	-1.508115932056171	110456094.85893878	2.2744136645216533	6401.390156304898	-6.994353710893848	48.92098383309453	40977795.93323724	6735.977500817181	9740.64524953245	1.1034620000000002	47.529949	0.15751089999999998	0.113184	0.097130115	-0.0191943075	-0.0408127106	-0.11364173960000001	0.042053014699999995	-0.019341335	0.10148657109999999	0.054125577800000005	-0.10311375140000001	0.0833279287	0.0153632663	0.0241550109	-0.0597379653	0.0059736708	0.018884091999999998	0.012681763700000001	-0.0024873036	-0.0647431072	0.07111197799999999	-0.056893161	0.0998233278	-0.1078639473	0.1659171243	-0.07711648269999999	0.1568077622	0.0386670677	0.021654495	0.0490210344	-0.08532035589999999	0.1667167383	-0.0400796708	-0.0470143346	0.0204995548	-0.0112125774	-0.0947667831	0.2143515932	-0.0801718933	-0.0934784758	0.07411848509999999	-0.0601894256	0.0521952128	-0.0998705207	0.005860639	0.016153523899999998	0.052106355	0.0243617971	0.034261430600000004	0.1008650441	0.1301914015	0.0692359826	0.001217592	0.1426931902	-0.0181621074	0.0619411566	0.1423307264	-0.019168533999999997	0.0227736471	0.12278250439999999	0.0477010484	-0.0649045753	-0.1444589161	-0.0374583887	0.1535779298	0.1186791242	-0.0732306123	0.14270800779999998	0.0754895045	0.0952992895	-0.0708745997	0.0416651668	0.17601928320000002	0.0345034319	-0.0818793571	-0.11155355539999999	0.06382581429999999	0.0891932413	-0.1161976349	0.004381584	0.0071140644999999995	-0.011314593700000002	0.041678391	0.0087166555	-0.0354221244	0.0201960278	0.0189827835	-0.0078160416	0.0068925049	-0.11014176869999999	0.1346679705	-0.026206933999999998	0.08259604799999999	0.044396755700000005	0.0957941158	0.0321592677	-0.0192080267	-0.0283487927	0.1081461117	0.0152835441	-0.0181775696	-0.0455618608	0.0443468496	0.0126663614	-0.1347278525	-0.17477338809999998	-0.0675863936	-0.0030692251	0.028174605	0.010507611100000001	0.0455082868	-0.079189489	-0.0636430529	0.0140677493	0.0214007124	-0.0326725158	-0.055605285899999995	-0.1438554755	-0.0702754057	-0.1579945338	0.0880669681	0.1359890362	-0.0196501465	-0.0805678727	0.1422587361	0.09113437419999999	0.1787803311	-0.10335378890000001	0.032633538	0.049146872	0.020466123500000002	-0.0492018771	0.0879073992	0.0478283818	0.09353144220000001	0.0015980667999999998	0.0668041821	-0.0336405402	-0.037295799	0.029866501	-0.0480893333	0.12261591220000001	0.0317521301	-0.0195073984	-0.0681656236	0.0261331	-0.007431200000000009	5.5222733440000134e-05	0.0006829389156099997	0.115037	0.1032299	0.013233511368999995	0.010656412254009998	0.0185912	0.0034444000000000037	0.00034563271744000005	1.1863891360000025e-05	0.00303705	0.0007815399999999997	6.108047715999998e-07	9.2236727025e-06	0.0007593269999999999	-3.804000000000155e-06	5.765774929289998e-07	1.4470416000001182e-11	0.000412325	8.276400000000004e-05	6.849879696000005e-09	1.7001190562500002e-07	0.0	0.0
8684.775987399978	-10.31625283698304	75425333.95131928	106.4250725965606	10499.938226622193	-9.871232113906443	110248702.76288201	97.44122344661787	6406.466125463595	5.075969158697262	25.76546290004579	41042808.21671253	6743.5190942823	9729.799230672472	1.092913	47.07556500000001	0.14084124999999995	0.09985550000000004	-0.0811811747	-0.005286105500000001	0.0027867671000000004	-0.008294799200000001	-0.1433379759	-0.0066537919999999995	-0.0449509312	0.0450132137	-0.0558462674	-0.1372844527	0.0824380195	0.040527520299999995	0.0023260756	0.1192916404	-0.0031828864	0.0575380696	0.0346660399	-0.0005328186	-0.0737589408	-0.047480017699999995	-0.0239818061	0.07441839530000001	0.0447632818	0.0058426623	0.0598617226	-0.060174180999999986	0.0122220717	-0.006999265500000001	-0.0997205075	0.1570803168	-0.0373409913	-0.0669767108	0.0855081701	-0.1489632229	-0.0685790001	0.0445404578	0.0664695196	-0.0236085432	-0.07070756660000001	-0.1310747477	-0.0217838951	0.08364226179999999	0.053846519800000006	-0.0265414287	0.0239271196	0.1203672017	-0.1143478106	0.0161510866	0.0673120828	0.0332821008	-0.06408372309999999	0.1137674234	0.0501210016	-0.0901867882	0.011719200400000001	-0.100198466	-0.2065860533	-0.0289722205	0.0762554427	0.0628076229	-0.0178652139	-0.10802332380000004	-0.05792095780000001	0.1422236563	-0.060235261799999995	0.1515161602	-0.1404462994	-0.0735129811	0.0503266029	0.09210710650000001	-0.13247827550000002	0.0687740803	0.0981161661	-0.009742381999999999	0.0457518037	0.1483061038	-0.049451270199999994	0.08925839199999999	0.026942346000000002	0.09428502130000001	0.2435556775	0.0672571718	-0.002095852	-0.1381606165	0.0410285363	-0.0678087284	-0.0723779301	-0.1232219873	0.0031027313	-0.0102688021	-0.0593256536	-0.0130993021	0.0451508697	-0.11409939220000001	0.1041872968	-0.0618405889	-0.062108207699999994	-0.045787125899999996	0.070089395	0.0842254031	0.08085096650000001	-0.0338959026	-0.09144994449999999	-0.0652929094	-0.0424630689	0.06058853230000001	-0.0872383258	0.0237567875	0.0726625409	0.12685684390000002	-0.0173451581	-0.0774205557	-0.0341515434	0.029138702599999997	-0.0660155174	-0.0180020985	-0.0118693461	-0.07742800679999999	-0.0564933464	0.08970585199999999	0.2406229769	0.14881579220000002	0.002339689	0.2304450293	-0.0027364023	0.0078097107	0.0348767003	0.094178385	-0.0531038203	0.1340482281	-0.0726900744	0.037467345	-0.0220966326	-0.11059134970000001	-0.047640550999999996	-0.13675475199999998	0.0485492218	-0.0200047995	0.0072443772999999986	0.1043017693	-0.0347652392	0.192873231	-0.0707164763	0.0261901	5.7000000000004957e-05	3.2490000000005656e-09	0.00068592133801	0.023002	-0.09203499999999998	0.0005290920040000001	0.008470441224999995	0.0387878	0.0201966	0.0015044934288400006	0.00040790265156000015	0.00247199	-0.00056506	3.192928036e-07	6.1107345601e-06	0.0007533339999999999	-5.992999999999927e-06	5.675121155559999e-07	3.5916048999999125e-11	0.000412325	0.0	0.0	1.7001190562500002e-07	0.0	0.0
8676.694570806856	-8.081416593122412	75285028.67506917	65.30929415159426	10488.264016149824	-11.674210472368939	110003682.07246324	136.28719015316864	6397.3991441025755	-9.066981361019318	82.21015100107171	40926715.80896437	6731.9079412824585	9607.64366994928	0.98779	42.547569	0.09208335	0.0541845	0.0014916735999999998	0.0316882348	-0.0653620159	0.1059642158	-0.074652897	0.0033763983	0.018751723999999997	0.057406965199999986	0.103751921	-0.0616523676	-0.0659410521	0.0450783145	0.1117619309	-0.05077258019999999	0.13777269179999999	0.0279077554	-0.0509044933	-0.049255797999999996	-0.052919151799999994	-0.0728967426	-0.0794092423	-0.1206564588	0.0740703514	-0.0434036007	-0.029526262	0.1217182708	0.07408828320000001	-0.0533179579	-0.131727719	-0.0550291341	0.0207333197	0.05866716440000001	-0.0529742238	-0.1496723758	0.040295616299999996	0.1047025943	0.0006458738	-0.053284011799999996	0.0110694518	0.011017679499999999	-0.0395889608	0.025016912999999998	0.1564952695	0.1248308996	0.1343097801	-0.1083373113	-0.0487936104	0.1746051291	0.1583951241	0.0132604395	-0.0827857184	0.027239893199999997	0.003151099	-0.0554226922	-0.04921846269999999	0.0283619693	-0.030739702999999997	0.0371632466	-0.0432077814	-0.14250887869999998	0.0040776849	0.0073856693999999985	-0.0891571595	-0.027643418	-0.0651250155	-0.13167859029999998	0.0037009975	0.1507674587	0.09804735869999999	0.1094534883	0.0305969547	-0.1428408274	-0.048595139	0.0609139738	0.0586551701	0.046929377599999995	-0.024271776499999998	-0.056503728499999996	0.0638060919	0.0004729876	-0.1106206949	0.0083153294	0.058044046900000014	0.1009910045	0.0180294391	0.0815049895	0.1348252431	0.0159054827	-0.04826593690000002	0.022740146699999998	0.000154516	0.0359841052	0.0682782342	0.0343812048	-0.0017578226	0.0672579128	-0.0923258841	-0.1172131912	-0.1215444157	-0.041948266	-0.0288188577	-0.0745985779	-0.20153013309999998	-0.0513571917	0.0535005495	0.1395537122	0.0750356537	0.0351321067	0.1106716239	0.0168790541	0.0012809208000000001	-0.1332642341	0.0702495145	-0.19400148690000002	-0.1385387708	0.0617467654	-0.0685054823	0.06783192519999999	0.0008907564	0.0045543595	-0.024551906800000002	-0.0724030489	0.0807983437	-0.1713158959	-0.0390759216	-1.73694e-05	-0.0334629786	0.025462307200000003	0.021251739	0.06134508480000001	-0.08362524639999999	-0.1103902024	0.07147565040000001	-0.0221141793	0.1185837644	0.1248366699	0.0560633524	0.09162862199999999	0.1175180929	-0.1117539882	-0.019021282900000002	-0.0771322324	-0.0732247322	0.0278677	0.001677600000000001	2.814341760000004e-06	0.0007766087032900003	0.0586247	0.035622699999999986	0.0034368554500899995	0.0012689767552899994	0.0171174	-0.021670400000000003	0.0002930053827600001	0.0004696062361600001	0.00312825	0.0006562600000000001	4.306771876000001e-07	9.7859480625e-06	0.0007593269999999999	5.992999999999927e-06	5.765774929289998e-07	3.5916048999999125e-11	0.000412325	0.0	0.0	1.7001190562500002e-07	0.0	0.0
8708.297024363492	31.602453556635734	75834437.06453805	998.7150707993187	10521.819880330188	33.55586418036364	110708693.59411156	1125.9960208910118	6395.898024933829	-1.5011191687462997	2.2533587587775816	40907511.54535246	6730.204732305236	9617.027235713356	0.99455	42.838722	0.0536247	0.034757800000000005	0.0126810731	0.0365477217	-0.0741326675	0.0432968304	0.0667733232	-0.0260845658	0.0218992648	0.0159593215	0.0785903439	0.0469226244	0.17708646260000002	0.0018667324	0.042944132	-0.0918293233	-0.015179563600000001	-0.0360001535	0.0644473896	-0.1079683724	0.0105837121	0.088023617	-0.0306365824	-0.037807667999999996	-0.044610483099999994	-0.0056844007999999994	-0.1812652361	-0.0196377695	-0.044782429699999994	0.039950930600000004	-0.1767542334	-0.08666132480000001	-0.086942837	-0.024918041000000002	-0.026314218700000003	0.0444373766	-0.097924359	-0.028727586	-0.0256894475	-0.0513904288	-0.0372535333	-0.0026359337	-0.12888276210000002	-0.1397760019	-0.0026896628999999997	0.027100142999999997	-0.0828552149	0.0098551343	-0.1401305109	0.027770056600000002	0.0650713005	0.0597104975	0.061794922099999997	-0.0493948415	-0.0183222821	-0.006020885699999999	-0.223434018	-0.1813994277	0.1202847834	-0.070490841	0.048860593099999995	-0.1410368756	0.0542431229	0.08931307849999999	-0.1584036858	0.0626542843	-0.0865624432	-0.0029645071000000004	-0.0327798982	0.027248751600000003	-0.0344228494	-0.025040157799999997	-0.0950987566	-0.042188302000000004	0.09353744259999999	0.0246124875	0.08450474390000001	0.025882579500000003	-0.0490703084	-0.0317434588	-0.0668464335	-0.12087842800000001	0.0279193637	0.1020962535	-0.1311286393	0.041680567599999996	0.19381052210000002	-0.0436305766	0.0298479257	-0.2429767758	0.0004702433	0.08480212449999999	0.0351957329	-0.0065126786	0.0096968851	-0.1094593021	0.0480839874	0.1683928581	0.1068414723	-0.029462405499999997	-0.028677809900000007	0.17300567320000002	-0.0624315078	-0.0421774753	-0.027227006	-0.0326494509	-0.0941348984	0.0514822976	0.0751230958	0.01773135	0.015398184799999999	0.11317932800000001	0.0249510796	0.1532078245	0.001450141	-0.0918829372	-0.1195821472	0.0469561795	-0.0621175909	0.2036908283	-0.007094169100000001	0.062374450199999994	-0.0529635084	-0.0380977282	-0.1188162316	0.1112651132	-0.0811225937	-0.0008884689	-0.0356233027	-0.0356345209	0.032776947	-0.06368881059999999	-0.10188181	0.020523425300000002	-0.0468119287	-0.0201485169	0.011219379199999999	0.1293896538	0.0514380274	0.0789292825	0.042289827800000006	-0.0056288887	0.1838445338	0.0916357268	-0.07568888019999999	0.0252475	-0.002620200000000003	6.865448040000016e-06	0.00063743625625	0.07989919999999999	0.0212745	0.006383882160639997	0.0004526043502499998	0.044579900000000006	0.027462500000000004	0.0019873674840100003	0.0007541889062500003	0.0030829	-4.534999999999999e-05	2.056622499999999e-09	9.50427241e-06	0.0007593269999999999	0.0	5.765774929289998e-07	0.0	0.000412325	0.0	0.0	1.7001190562500002e-07	0.0	0.0
8719.65293934174	11.35591497824862	76032347.38257106	128.95680499321136	10507.928527414491	-13.891352915696187	110416561.93725128	192.96968582842098	6406.232226806128	10.334201872298763	106.79572833742327	41039811.343769394	6742.539078425295	9856.908251416691	1.012575	43.61512000000001	0.1150217	0.06750260000000001	-0.0765671507	-0.0592903908	-0.0438292639	-0.0532350154	0.12049155689999999	-0.004053377800000001	-0.07437994719999999	0.0849998114	-0.0781489813	0.1004820727	-0.0697132126	0.0587670456	0.053269234900000004	0.106080489	-0.057539319400000004	0.0311930771	0.072429874	0.09939243060000001	-0.143615041	0.0556298787	-0.1069820185	-0.007015776	-0.10669924369999999	0.0022497898	0.1879732732	-0.0145094266	-0.041544584	-0.23091416780000001	0.1014697953	0.0752208206	-0.0484382613	-0.0211883394	-0.0289900507	-0.0009675642	0.0771263564	0.0722323175	0.0912647419	-0.043795859000000006	0.035711629	0.015943517	0.1022112733	-0.12369257689999999	0.0879448875	0.1014048935	0.09101054410000001	0.1159008816	-0.0479590787	0.0253269465	0.0677046559	0.040694188799999996	-0.0564596655	0.0821839113	-0.008388675	-0.0237127918	-0.25530224960000003	0.0626036031	-0.0425211416	0.0493512046	-0.16198331189999998	0.0645555773	0.0429817232	0.1060670908	0.0528644941	0.04708834480000002	-0.08075096679999999	0.0408383337	0.0199778629	-0.12046164320000001	0.0532598931	-0.0038312046999999998	-0.1586629249	-0.0265670883	0.0541407871	0.1759432096	0.0970048706	0.0401945923	-0.1502769833	-0.0378919202	0.038920831600000004	-0.0295097799	0.0856945132	-0.0108315522	-0.0774660762	-0.1391510918	-0.0178102667	0.068903559	-0.0739233643	-0.037527190499999995	-0.1203022478	0.0033828265000000004	-0.0922707891	0.0042996284999999995	0.048460082800000005	0.054123476799999994	-0.1299519557	-0.0130699371	0.1032374999	-0.1312690228	-0.0303487889	0.0321103463	0.1246202632	-0.0197340311	-0.0570610225	-0.051597600199999996	-0.0128991296	0.011355948999999999	0.0022902483	0.047620045	0.19261762829999998	0.025937158300000002	0.0851464218	-0.083794482	0.1531598558	-0.10078548890000001	0.09073457730000001	-0.0082825088	-0.044490951900000006	0.1162476708	0.0746043425	-0.0104099981	0.0012952703	0.10899177119999999	-0.0210078543	0.0878441049	-0.2211591638	-0.0939206885	-0.0289240396	0.0176287468	0.0114547746	-0.0519234731	-0.14550732119999998	0.0133970483	0.047684584800000006	-0.0459005505	-0.0179492033	-0.15895170720000001	-0.0212539804	-0.0455142757	-0.011362233400000001	-0.16938500210000002	-0.0703119937	0.0719597765	-0.078107436	0.0335372	0.008289699999999997	6.871912608999995e-05	0.0011247437838399995	0.0195962	-0.06030299999999999	0.0003840110544400001	0.003636451808999999	0.0192392	-0.025340700000000008	0.00037014681664	0.0006421510764900004	0.00294346	-0.00013943999999999982	1.9443513599999943e-08	8.663956771600001e-06	0.000871363	0.00011203600000000017	7.592734777689999e-07	1.2552065296000032e-08	0.000242035	-0.00017029	2.89986841e-08	5.8580941225000013e-08	0.0	0.0
8717.387762326476	-2.2651770152642707	75992849.39875941	5.131026910481552	10488.29063548816	-19.637891926331577	110004240.45446862	385.6467993102789	6398.7917821769115	-7.440444629216473	55.36021628043625	40944536.27165478	6733.9511057149475	9879.945194924714	1.051692	45.300045	0.12293375	0.0901235	0.0683349167	-0.09920851259999999	0.0196939601	-0.1197557974	-0.0238538023	0.0107494576	0.059127226	0.026988241	-0.0587713445	-0.0018430913000000001	0.0015971242000000002	0.08332289849999999	-0.071298154	-0.0237772542	0.08968617289999999	-0.0135994583	0.0481191941	-0.1487947783	-0.016662563999999998	-0.0326925791	-0.1619665168	-0.0669429908	0.1198343426	0.0641900358	0.0866838952	-0.1343103364	-0.0361951799	0.081572988	-0.0790537187	0.0891029316	-0.10881725810000001	0.029045123500000002	-0.0627820375	0.0921412044	0.0638192191	-0.055218035	-0.0733946323	-0.044979253899999995	0.0292400333	-0.0946196349	0.0214590148	-0.0360699657	-0.07768448929999999	0.152983705	0.0058224438	0.0958943443	0.016521831100000002	0.0737800374	0.12019394509999999	0.10084128310000001	-0.22486063190000002	0.0069146155	-0.094687159	-0.012804481599999999	0.0763328023	0.0668832138	0.1387174762	0.0082001281	-0.0361971382	0.040287074900000004	-0.20159837690000001	0.1100470732	0.0142838371	-0.0614687679	0.1420635948	0.0226035084	-0.060892644	0.0708569102	-0.0749472643	0.0034698451	-0.1951736186	-0.1055856133	0.0065849898	0.156879467	-0.052260418600000004	0.0004199174	-0.0165000004	0.0478862026	0.079786811	0.2405357561	-0.2105103954	-0.0675477672	0.0181475055	0.036191782900000004	-0.026237916	0.1388229304	-0.060351444000000004	-0.1779586093	-0.1087583933	-0.0756342749	0.0663056863	0.0329398807	0.033636409900000004	-0.0022604834	0.0209917365	-0.08554507289999999	0.08787734189999999	-0.0460707578	-0.0727902878	-0.0787061852	0.0371659028	0.0394506949	-0.0101785572	-0.2471833598	-0.0340402146	0.16944808960000002	-0.054012616500000006	-0.029095536800000002	-0.0450354087	-0.17154544230000002	-0.0365215983	0.0131852423	0.1317872277	-0.0677198444	0.053411501900000005	0.0320053366	0.0792172696	-0.1438531047	-0.0589781956	-0.048659706500000004	-0.0876489077	-0.053532049000000005	-0.1413557831	0.08627808669999999	-0.20157575079999998	0.0026750204	0.11715051580000001	0.0921023686	-0.08049839240000001	-0.0951116698	-0.140473994	-0.0473004396	0.11750522570000001	-0.030467439500000002	0.0402069952	0.0501658808	0.0120137186	0.10224570039999999	0.1596670238	0.0880991959	-0.1487237404	0.0107911413	-0.0804789429	0.033438699999999995	-9.850000000000135e-05	9.702250000000268e-09	0.0011181466576899997	0.104443	0.08484680000000001	0.010908340249000002	0.00719897947024	0.0155132	-0.0037259999999999967	0.00024065937424000005	1.3883075999999975e-05	0.00342733	0.00048387	2.3413017689999995e-07	1.17465909289e-05	0.000902452	3.1088999999999986e-05	8.14419612304e-07	9.665259209999991e-10	0.000412325	0.00017029	2.89986841e-08	1.7001190562500002e-07	0.0	0.0
8693.720431663758	-23.66733066271809	75580774.94392788	560.1425406984357	10501.846329376009	13.555693887848976	110288776.32582834	183.75683678106608	6402.586131912324	3.794349735412652	14.397089914626065	40993109.17655601	6742.284751116988	9981.63009509463	1.160115	49.970173	0.14381585200000002	0.108897	-0.1284518016	-0.10452008859999999	-0.0291470592	0.0751907857	-0.0833593716	-0.011199578799999999	-0.1119503243	0.0619147693	0.027825369300000003	-0.034617769900000005	0.0313544263	-0.0002565661	-0.1483970835	0.17643436140000002	0.0806349065	0.0662152949	0.0694461692	-0.1027791545	-0.011192076200000001	-0.08347185139999999	-0.053950044	-0.0290051885	-0.002790555	0.1880667846	-0.054112628499999996	0.0072428977000000005	-0.014246669299999999	0.0223785869	0.058438556600000004	-0.1382016027	0.039152605800000004	-0.047014267699999994	-0.0685742336	-0.0309181036	0.0454359053	0.10228019070000001	0.1153242106	-0.026988338900000002	-0.05157290230000002	0.0313376076	-0.0224541148	0.1023909233	0.0576688493	0.108654796	0.043419081	-0.0197579095	0.1198538211	0.1104611643	0.18316377960000002	0.08817671279999999	-0.038410340099999996	0.027131326400000003	0.0021896972	-0.0249800221	-0.0461974859	0.016252285	-0.039879185	-0.1036608092	-0.076489732	0.0038852378999999996	-0.21961615489999997	0.1774418935	-0.0343762844	0.1209928076	-0.1051570151	0.0485779604	0.012151886	0.0500293222	0.0303491592	0.0337944284	0.16834431190000002	0.033667608599999996	0.1302778107	-0.042038067400000004	-0.0090927552	-0.1002340438	0.1871806958	-0.1217474819	-0.0575727306	-0.0045024671	0.1278293522	0.045575301900000004	-0.07685089269999999	0.0492545962	-0.0723371993	0.0297215323	-0.0363926706	0.1232321954	0.0697348952	0.0135184251	-0.11521249210000001	0.0031979792999999998	0.0362329537	-0.0310800231	-0.0009956553	0.0067490684	-0.1070583076	-0.0554672763	-0.0818505573	-0.12056142630000001	-0.0085283263	0.0252449839	-0.045560670899999996	-0.1175816319	-0.0782013921	0.0728053078	0.024975657400000004	0.11103938199999999	0.0316673386	0.0633590943	0.0198967249	-0.0400610929	0.19575406059999997	-0.1659083419	-0.016344306399999998	-0.09981971519999999	-0.1405796333	-0.0106153317	-0.1151745991	0.0752809302	0.06477629900000001	-0.20320325379999998	-0.0632872333	0.0173587321	0.09052617130000001	0.0340279503	0.0954381158	-0.16650996380000002	0.0602857724	-0.0398097565	-0.0249789285	0.0395936339	-0.1452493001	-0.0148834085	-0.0981395681	0.018700975800000002	-0.0078004571999999986	-0.049502844299999994	-0.0865598927	0.0903471253	0.1133775831	0.0338481936	-0.0828019722	0.033339	-9.969999999999424e-05	9.940089999998849e-09	0.001111488921	-0.000980252	-0.105423252	9.608939835040001e-07	0.011114062062255506	0.00913425	-0.00637895	8.34345230625e-05	4.0691003102500015e-05	0.00308891	-0.0003384200000000003	1.1452809640000019e-07	9.5413649881e-06	0.0008442299999999999	-5.8222000000000135e-05	7.127242928999997e-07	3.389801284000016e-09	0.000653962	0.000241637	5.838843976900001e-08	4.27666297444e-07	0.0	0.0
8680.45550826639	-13.264923397367964	75350307.83099231	175.95819273804008	10515.52826181164	13.681932435631097	110576334.62495932	187.19527517317428	6394.583250277853	-8.002881634471121	64.04611445535521	40890694.94473408	6731.8721064759275	9725.518624926804	1.123282	48.383675	0.213119752	0.127132	0.056807592699999986	-0.007233821600000002	-0.10776472529999999	0.1222355247	0.0179536998	-0.0344875858	0.057121198899999996	0.08835263619999999	0.1523893369	0.0656861426	0.0031866967	-0.0816388782	0.0823736369	0.0365541941	0.12617437480000002	-0.0881556398	0.059721395	-0.1751556089	-0.0775021553	-0.0666243962	-0.0481653936	0.1356245445	-0.06719764639999999	0.013702156200000001	-0.0195487528	0.155099294	0.0516800562	0.19283474949999999	0.10985367730000001	-0.0371204057	0.0815566503	-0.062367807699999986	0.0119627984	-0.0700694674	0.0096017297	0.0249916029	-0.06046162	-0.07031679240000001	0.0361977878	0.06967221929999999	-0.0412111746	-0.0838223928	0.0713990726	0.1609998199	-0.0248321028	-0.0302472283	-0.0714255243	0.030892629900000006	0.10180867810000001	0.028936694199999998	0.0255012029	-0.024496551000000002	0.0283354213	0.1657045753	0.0737360866	-0.0889712648	0.12909901640000002	-0.0478658622	-0.0509040426	0.0358362756	-0.0286590114	0.0019075206	0.0149656472	-0.0910569129	-0.008926598	-0.0185244201	-0.0562203664	0.0185007169	-0.0965969299	0.031907793	0.017058215800000002	0.0617485658	-0.1774232111	-0.053331708600000007	-0.0667585577	-0.024933508599999998	-0.0563633459	0.09237260050000001	-0.1572775076	-0.0354865859	0.0449169947	0.1591709852	0.19250098899999998	-0.1095477099	0.2100686936	0.1518086231	0.0072985498	-0.1428367516	-0.0242706179	0.0802491326	0.057302105599999986	0.0402920553	0.08688432310000001	0.042019214299999996	-0.0699849041	0.1349542565	-0.0089368712	-0.050210999000000006	-0.1173466066	0.0730680813	-0.023348570099999997	0.0006530526	-0.0063727763	-0.18496184899999998	-0.0337756632	0.043733605099999996	0.0838451679	0.030429102000000006	-0.1339434477	-0.0886519027	0.024572476800000003	0.135204147	0.060225999	0.038581707400000005	-0.0541319942	-0.049443601799999994	0.09694675130000001	-0.009421898	-0.0241121624	-0.011931441899999999	-0.1247078218	-0.051475619900000005	0.0980575752	-0.0147568685	0.1231993515	0.0290685282	-0.15179773300000002	0.008483334300000001	0.014921063799999999	0.1312259546	-0.1053516347	0.046855561799999994	-0.1279881421	0.1828440171	0.0207538008	0.0090989491	-0.0822463294	-0.09937309230000001	0.1808052465	0.024519329399999998	-0.1513347618	0.2138168494	-0.0850751247	0.0365995	0.0032604999999999995	1.0630860249999996e-05	0.00133952340025	0.10596400000000003	0.10694425200000003	0.011228369296000004	0.011437073035839507	-0.0224483	-0.03158255	0.0005039261728900001	0.0009974574645025	0.00417071	0.0010818000000000004	1.1702912400000007e-06	1.7394821904100002e-05	0.000981735	0.00013750500000000022	9.63803610225e-07	1.890762502500006e-08	0.000861306	0.00020734400000000004	4.299153433600002e-08	7.418480256360002e-07	0.0	0.0
8691.97217434536	11.516666078969138	75550380.27959399	132.6335975744784	10498.0099501905	-17.518311621139222	110208212.91429876	306.89124205534137	6398.2439406920275	3.660690414174496	13.400654308429045	40937525.52460225	6734.062116116591	9646.188479459584	1.0083540000000002	43.433331	0.09131975	0.0516082	0.0148120701	0.027340072200000003	-0.0429138457	-0.1283365835	0.0242097764	-0.009540040999999999	0.0160658482	0.0345947324	-0.114552704	-0.0081294375	0.1451609949	0.0147081115	-0.037353326	0.0096594721	0.0343271732	-0.1346662572	0.0692929492	-0.09763915210000004	0.0776720224	-0.0200369117	-0.015006857299999999	-0.11024831869999999	-0.075066831	0.0646514763	-0.1079411226	-0.0078029013	-0.1067965217	0.0581550105	0.062482954	0.0545500279	0.0862253561	-0.0683554384	0.0740787053	-0.0461812533	-0.2350287071	-0.0831680566	-0.0363585417	-0.0369143085	-0.0403002403	-0.0953244115	0.0407364235	-0.0488096184	-0.0799067683	-0.0524793504	0.028028907599999996	0.070061061	-0.0827954463	0.1623841468	0.059364194400000014	0.0413219286	0.115140707	0.1086058737	0.0828587678	0.1618070472	-0.042613537800000004	-0.008059819000000001	0.1286189642	0.0581439303	0.0009066098	0.0103828532	0.0080142261	0.12079020210000001	0.0282788956	0.034055236600000004	0.1098968342	0.0894281819	-0.0576231868	0.0191198174	-0.0632571658	0.052838912099999996	0.0263302804	0.10710472900000001	0.0399024438	-0.3163996564	0.17619963579999998	-0.09951407720000001	-0.0794961815	-0.0270204538	-0.0960691156	0.0092106399	-0.0263800683	0.1487161622	-0.0369466538	0.0770696781	-0.0714612837	0.11439863730000001	0.0079853031	0.24115932269999998	-0.014106657199999999	0.1171679664	0.0277364832	0.0107685753	0.0375355194	-0.0783461575	-0.0032636790000000002	-0.06509183639999999	0.088539462	0.0719235963	-0.0032281396000000003	0.051683330599999994	0.0834062404	-0.0768277813	-0.1820581459	-0.1154321562	-0.15320706480000001	-0.0724903001	0.1219508284	-0.0814354207	0.0036463007	-0.1254476377	-0.0636475853	0.12891476529999998	-0.0094722869	0.0493505546	-0.07403949309999999	-0.0214560184	-0.0690373261	0.08076791309999999	-0.16196442119999999	0.0792965977	-0.033121499	0.006768914	-0.0085838493	0.07806139599999999	0.137954449	-0.2454273118	-0.0422429514	-0.0395923827	-0.0366414407	-0.158025957	0.127028618	-0.024540529199999998	-0.0077724224	0.1834637429	0.0171776996	0.0452604303	0.10124720289999999	-0.1895621953	-0.08556526029999999	-0.13387620779999998	0.046041903200000005	0.023551884500000002	-0.08729703119999999	0.036599	-5.000000000005e-07	2.5000000000050007e-13	0.001339486801	0.0758543	-0.03010970000000002	0.0057538748284900005	0.0009065940340900009	0.0145026	0.0369509	0.00021032540676000006	0.0013653690108100002	0.00380431	-0.0003664000000000001	1.3424896000000017e-07	1.44727745761e-05	0.000981735	0.0	9.63803610225e-07	0.0	0.0007425329999999998	-0.0001187730000000003	1.4107025529000067e-08	5.513552560889997e-07	0.0	0.0
8696.096075357682	4.123901012322676	75622086.95185128	17.006559559435996	10479.748744710954	-18.261205479546334	109825133.75227082	333.47162556621305	6402.567476491433	4.323535799405363	18.69296180873977	40992870.29102588	6738.834191706071	9739.458428444956	0.964961	41.564224	0.08498351999999999	0.0543009	-0.0530856993	-0.0316340525	-0.014918302900000001	-0.0981148202	-0.0693882074	0.0074813162	-0.0249513983	0.0841251158	-0.0737755739	-0.0375947528	-0.0919581204	0.028483855899999997	0.0799209737	0.0952118441	-0.014356518700000001	-0.1036862165	-0.0634057195	0.09964924609999999	0.1454763643	-0.0906624375	-0.0372572341	0.1432261534	-0.0173060178	0.0194956315	-0.0868488902	0.1019554424	0.042136188399999996	-0.0564674045	-0.0084324633	-0.009641929799999999	-0.1710368756	0.1149595159	0.0034694990999999996	0.065960564	-0.014053723700000001	-0.0844734075	0.0450854218	-0.048122299900000005	-0.0271751839	-0.0741088229	0.1256974005	-0.0377063186	0.0319014303	0.0823361676	-0.0572480499	-0.1256610866	-0.0677491053	0.0065907534	0.0689807543	0.1397901548	-0.0291547165	0.0032490602000000003	0.122698584	0.0381061278	0.0427705401	-0.0486555714	0.025999413399999997	-0.0378435897	-0.0768891921	0.0068933786	-0.024660093900000003	-0.1132123089	0.0203838961	-0.0460169706	-0.011110498799999998	-0.08553029460000001	0.0490042875	-0.0497551667	0.014136470600000001	0.0824114175	0.0474187866	0.11595738720000001	-0.09645589689999999	-0.0295698887	0.0038001863	-0.074254807	-0.0525696897	0.0073247697	-0.010532661499999998	-0.017532646000000002	-0.110477246	-0.0828938369	0.0012122657000000002	-0.0639232715	-0.0948699133	-0.0888461551	-0.1838040731	0.2405366989	-0.1566716618	-0.12024067949999999	-0.0454052236	0.0082867858	0.08169240059999999	0.0004835762	-0.0817383818	-0.09428179589999999	-0.014358936299999996	-0.0665111967	-0.0619680521	0.0060945687	-0.1069983857	-0.1165725537	0.0731605796	-0.11707965880000001	-0.0041390594	0.0155057983	0.1065497077	-0.0709978268	0.005410239200000001	-0.0070312010999999995	-0.0014207679000000002	-0.0473138928	0.08428678630000001	0.0320439611	-0.016521254	0.0541628055	-0.0402547839	0.014288268	0.039330965	-0.06960016849999999	-0.0250351995	0.0856629944	0.0776100096	-0.0078775294	0.11766409289999999	0.0936106331	-0.0021942649	0.057626895	-0.069576076	-0.0089447016	0.1364014821	-0.0612469162	0.08676449480000001	0.1601199265	-0.0639348229	-0.08652970789999999	-0.09292645349999999	0.06432839950000001	-0.1286014306	-0.165007356	-0.1277473577	-0.0307246042	-0.0894663532	0.0368577	0.0002587000000000006	6.692569000000029e-08	0.0013584900492899998	0.0282108	-0.0476435	0.0007958492366400001	0.00226990309225	-0.007563969999999999	-0.02206657	5.7213642160899985e-05	0.0004869335115649	0.003614	-0.00019031	3.621789609999998e-08	1.3060996e-05	0.000981735	0.0	9.63803610225e-07	0.0	0.000632548	-0.00010998499999999973	1.2096700224999942e-08	4.001169723040001e-07	0.0	0.0
8709.574798410089	13.478723052407075	75856693.16910014	181.67597512348996	10481.110212914264	1.361468203309414	109853671.29525568	1.853595668622564	6396.801212598022	-5.766263893410724	33.249799288452195	40919065.75349553	6733.428883335099	9710.804753779592	1.086126	46.783211	0.10575272	0.0527486	-0.0092284974	-0.054896847400000004	-0.0060164591000000005	-0.0149861576	-0.14976482230000002	-0.0071333798	-0.0068170719999999995	0.029739090099999997	-0.0154698523	-0.2174229075	0.1409434396	0.0082558038	0.031296890699999996	0.0870871165	0.0054486743	-0.039920169	0.09590000470000001	-0.17254589399999998	-0.0119486388	0.2253015791	0.0278009503	0.0190176619	0.0274230006	-0.0709757782	-0.0696860822	0.151058201	-0.002413523	-0.0187448322	0.1500673247	0.0412859649	0.07963204139999999	0.0794912246	0.054309480199999996	0.1092755959	-0.0348296543	0.1862971975	0.0177146653	-0.0188499244	-0.0887706914	-0.1742772521	-0.18375303710000002	0.0880604852	-0.0961618999	0.037434431000000004	0.0985420855	0.1843315529	-0.1460792717	-0.0059514128	0.0343936219	-0.0426336196	-0.0406539343	0.006527139699999999	-0.0572134983	0.0056593027	0.0525405075	-0.0048531247	0.14354368050000002	-0.0751241024	0.09817198419999999	0.161835683	0.0259464861	-0.1123751357	0.0785582494	0.0761371562	-0.0184512945	0.0030080606	-0.044332236399999995	0.1165515326	-0.127465834	-0.0847091587	0.0511543007	-0.0640319224	0.0689387408	-0.015423208600000004	-0.13201591070000002	0.037852181	-0.1082049901	-0.18411415960000002	-0.2030871852	0.066560787	-0.007338453399999998	0.07778625410000001	0.0126425417	-0.0054290798	-0.0116267647	-0.0666150737	-0.06100242700000001	-0.0192886611	-0.057485971	0.02437241	-0.0124313394	-0.0004144957	0.0042872345	-0.1603422431	0.21909421420000005	-0.0089157319	-0.027610700800000002	-0.0199606562	-0.06669400589999999	0.151402525	0.1864811942	-0.023577229900000003	-0.0819609534	-0.08798025779999999	-0.018502465200000002	0.0809122249	-0.09154100109999999	-0.0531527755	-0.039520209199999996	-0.037327680499999995	-0.0381609115	0.1185175216	0.0277961218	0.11115497630000001	0.1767344498	0.0071025846	0.027856959100000002	-0.0570274935	0.1392646338	0.0679385641	0.0516376588	-0.1044252172	-0.0416003131	-0.0554355976	0.08336293040000001	0.0802161458	0.017818609699999998	0.0659666971	-0.0871959695	-0.1015866774	-0.0531992642	0.1478781522	0.0751817606	0.11737885619999999	-0.056265393399999995	0.0703207256	0.07233257679999999	-0.1022331697	0.10914109820000001	-0.0103480434	0.06366256769999999	0.0158012451	-0.091581784	0.0341645	-0.0026932	7.253326239999998e-06	0.00116721306025	0.0629487	0.034737899999999995	0.00396253883169	0.0012067216964099998	0.015978700000000002	0.02354267	0.0002553188536900001	0.0005542573107289	0.00294532	-0.0006686800000000001	4.4713294240000007e-07	8.6749099024e-06	0.000906048	-7.568700000000006e-05	8.20922978304e-07	5.72852196900001e-09	0.00078376	0.00015121199999999996	2.2865068943999987e-08	6.142797376e-07	0.0	0.0
8738.60998748974	29.0351890796519	76363304.51345545	843.042204891137	10517.806759178016	36.69654626375268	110624259.02341077	1346.6365076877407	6434.073378309563	37.27216571154077	1389.2143368285554	41397300.23747184	6775.94320771746	9963.146739357851	1.591805	68.56456	0.2970823	0.194137	-0.3049415634	-0.1623059407	0.0483296838	0.0011283557	-0.0057041237	-0.0277973306	-0.3893025233	0.0410734427	0.0385551214	-0.07922387110000001	0.007507980999999999	0.036305035	-0.050343071100000004	-0.1938018864	-0.0171606103	0.09152017380000001	0.4072717268	0.023672147799999998	-0.0258983332	0.0051502789	-0.0767399334	0.1058697983	0.0948833391	-0.1203649049	0.095882249	-0.0652709187	0.12800326439999998	-0.0089116634	-0.19326268149999998	-0.07842718559999999	-0.0336022306	0.1636214845	0.1244836986	0.0552944765	-0.17891908609999999	-0.1511007169	0.4017291884000001	0.0895856895	0.0830078474	-0.17113447210000002	-0.1221748181	-0.0589006781	-0.1916837489	-0.0194479307	0.0769295716	0.1696456925	0.09786748029999999	-0.3088261422	0.0684148086	-0.0902118376	0.08699590509999999	0.1539588677	-0.1229301441	0.11607532279999999	0.1334079317	-0.11076800380000001	-0.0532497125	-0.11905679220000001	-0.1176829706	0.0288824789	-0.001571745	0.1141658071	-0.0921853887	0.0021376681	0.1397875019	-0.0048155753	0.0702545226	0.0560493249	0.0336689286	0.160489508	0.054107028200000004	-0.07490360559999999	-0.0778367236	0.0358085363	-0.1273784288	0.0299852279	-0.029163260299999997	-0.013017351699999999	0.0679317975	-0.0167534648	0.0394080783	-0.0247514118	0.0155448177	0.0440829035	0.0298247075	-0.0857397776	0.14940848710000001	0.0675248732	0.007028929000000001	-0.0304573946	-0.38957498939999996	-0.1050176435	-0.012947083500000001	0.009647421	0.2377196444	-0.013652945	0.1401630185	0.0730677165	-0.0364079068	0.08461354119999999	0.17277592320000001	0.3095741893	0.11484286140000001	-0.1802306385	0.015356356399999996	-0.22470556649999998	-0.142573584	0.0743410622	-0.16558732199999998	0.0978994032	0.18717444239999997	-0.0389116708	-0.0172312569	-0.004402449	-0.08078516349999999	0.1140222807	-0.0811431486	-0.1609231925	-0.0713837645	-0.0109926656	-0.10818018	-0.059723798099999996	0.09839650529999999	-0.14209176380000002	0.0260640239	0.028107795	0.0018998758	0.1439153375	0.027630014300000002	0.0464055066	0.0112120465	-0.0292551799	-0.0454912795	-0.12936381060000002	0.064270014	0.0005372269	0.10534172779999999	-0.09814468789999999	-0.0018466333	-0.1240581286	-0.08911158890000001	-0.075719545	-0.0936420493	0.0284666	-0.005697900000000002	3.246606441000003e-05	0.0008103473155599999	-0.124048	-0.1869967	0.015387906304000004	0.034967765810890006	0.0527145	0.0367358	0.0027788185102499995	0.0013495190016400002	0.00352939	0.0005840699999999999	3.4113776489999986e-07	1.24565937721e-05	0.000279512	-0.000626536	7.812695814400001e-08	3.92547359296e-07	0.000926192	0.00014243199999999995	2.028687462399999e-08	8.578316208639999e-07	1.0	0.0
8747.659186765024	9.049199275283172	76521541.24779452	81.88800752378549	10503.718511752448	-14.088247425568627	110328102.57413106	198.47871552404098	6429.93407112506	-4.139307184503196	17.133863967679773	41344052.15901489	6769.516461986339	9946.886165975053	1.935402	83.364494	0.3963261	0.346946	0.1187077095	-0.2211211336	0.0425185409	-0.025704975699999997	-0.0702022684	-0.0372275818	0.006785471899999999	0.0723977345	0.009403625799999999	-0.0003016695	-0.3742080203	0.2275079784	0.0667021071	-0.2871397037	-0.1203695395	0.0472368046	0.184848504	-0.0173208969	0.0755734397	-0.02020194	-0.1171541183	-0.011389336699999999	-0.09311681109999999	0.0903496946	0.0620478456	0.0320112048	0.0342996969	0.130430675	0.0532418738	-0.0229678135	-0.0448007979	-0.2126931309	0.0376804517	0.0383895615	0.0016901482000000001	0.07355694530000001	0.0941673088	0.0332004255	0.4561258386	-0.20233878670000002	-0.002189164	-0.0094915714	0.017381581200000003	-0.0244766126	-0.29386514350000004	0.0197094199	-0.08157858259999999	-0.0137336145	0.24572510960000002	-0.1072231808	0.0625338528	-0.1691607579	0.0540594687	0.0011216794000000001	0.06886060320000001	0.0157298144	-0.1098032592	-0.0898835466	0.0032019191999999998	-0.12833242460000002	0.045909240999999996	-0.0227078222	0.0310952156	-0.09114846730000001	-0.0934459398	-0.0262688485	0.0129067781	0.06626932	-0.0081594114	-0.13875988150000002	0.040063214	0.0177667103	0.021937070099999997	0.0477569001	0.0192456535	0.09193156570000001	-0.1607564602	-0.0137748308	0.1083437525	-0.018823006	0.0278555196	-0.1524941968	0.0055864166000000005	-0.050786121399999995	0.0032532009000000002	0.1187922375	-0.021213972	0.0118736147	0.1232548015	-0.027265182000000002	-0.061579524000000004	-0.0101736537	0.16082624880000002	0.3752771696	0.2941631434	-0.0840965866	0.1089086016	0.0086526883	0.1651002397	0.24709057129999998	-0.1578178972	0.06430269150000001	0.0352145448	-0.0241581025	0.0560749466	0.1957879355	0.22639482079999998	0.0871593784	-0.0768637407	0.0276246117	0.125011516	-0.07041403980000001	-0.0586327651	-0.0155368911	-0.14039744070000001	-0.0737729844	0.1984023496	0.043515323099999996	0.1696201486	0.07028605360000001	0.0731461085	-0.017634764	0.0185781587	0.017467683600000002	-0.07700273490000001	-0.0510046304	-0.0330484214	-0.0136162296	0.0228891412	-0.0548033824	-0.0162970435	0.14326803359999998	0.1202112984	-0.06573493080000001	0.016980554199999998	-0.0409366342	-0.060747389699999994	-0.040482034900000005	-0.13560579849999999	0.0342776165	0.0937335282	-0.0058596472	-0.0956459082	0.0201753	-0.008291299999999998	6.874565568999997e-05	0.00040704273008999994	0.222233	0.346281	0.049387506289	0.119910530961	0.059922	0.0072075000000000064	0.003590646084000001	5.194805625000008e-05	0.00339943	-0.0001299599999999997	1.6889601599999924e-08	1.15561243249e-05	0.000460928	0.00018141600000000005	2.1245462118400005e-07	3.291176505600002e-08	0.000546642	-0.00037955	1.440582025e-07	2.9881747616399995e-07	0.0	1.0
8736.92628267864	-10.732904086384226	76333880.8689608	115.19523012752316	10505.264617935518	1.546106183070151	110360584.69284788	2.3904443293277517	6414.883415920677	-15.050655204382565	226.522222081208	41150729.239854135	6746.569740729717	10052.163952706334	1.310462	56.446159	0.2993871	0.223273	0.1594565653	-0.19738491800000002	0.0176166397	0.1896964577	0.0468109818	-0.0141195353	0.0805394368	-0.11597617560000001	0.2457484705	0.1491844488	-0.09140403609999999	0.3524206382	-0.0818397518	-0.2962508256	0.0758928118	0.0885187133	0.0060192236	0.019162661	-0.1420406232	0.0844046258	0.1197678872	0.0730047034	-0.0724809421	0.2205370728	-0.034444538	-0.0174587802	-0.0417135156	-0.054648514800000006	0.049623298899999994	0.1341551643	-0.0018443151	0.2210596402	0.0331576319	-0.0378926215	-0.1253121029	-0.0192917689	-0.10469465439999999	0.0387717952	0.2919921613	-0.018107645500000002	-0.23953754030000002	-0.047584083	-0.00017127919999999994	-0.0017658924	-0.0001395533	0.0172230809	0.3290217637	0.0052174428	-0.026702349500000003	-0.0382034288	-0.07948437900000001	-0.20628738989999998	0.0727494385	-0.11762749199999999	-0.0384270402	-0.1585412488	-0.0874423034	-0.0669456522	-0.009272813100000001	0.0238870333	0.0845665468	-0.1033598416	0.0058432391000000005	0.1198078591	0.0294406727	0.0668344842	-0.1946397886	-0.13850784300000002	0.0134887299	0.0827915435	-0.024510462799999997	0.026640894100000003	-0.029847937999999997	-0.1158060402	0.0529411596	-0.0363064314	-0.0658075791	-0.031239993100000002	-0.006498105200000001	0.0020019662	-0.179825144	0.0425342554	-0.032020115099999996	-0.1450327002	0.0802170313	0.044429744699999996	0.099012412	0.1039065669	0.0182113928	0.0259078395	0.0794716581	0.0035251398	-0.0020844352	0.2253244914	0.2333841243	0.1997803282	0.13634503609999998	-0.0170626434	0.0665023128	-0.2616815839	-0.0627069182	0.1491135576	0.0323802017	0.1812295727	-0.0396278551	0.2108566422	-0.0789387944	0.0969662994	-0.0254079506	0.0633521871	0.0691897974	0.0176730631	-0.0400294977	0.0482692715	0.0070822356	0.0697444679	-0.0415322819	0.0672519951	-0.0022350245	0.1339799048	0.08620611619999999	0.20653701359999999	-0.0314739385	0.0718116513	0.19589482379999998	-0.0086409903	-0.0203330992	0.0458408462	-0.0771861251	-0.0345751998	-0.014876788	-0.1349315955	-0.019186888200000002	0.011653994099999999	0.0833315942	0.0541035128	-0.1522419533	-0.2123932796	0.0312995685	-0.030781962799999996	-0.0718193756	-0.038355084	-0.0975921536	0.0253641	0.0051888	2.6923645440000006e-05	0.00064333756881	0.437751	0.215518	0.19162593800099997	0.046448008324000006	0.072996	0.013074000000000002	0.005328416016000001	0.00017092947600000005	0.00421066	0.0008112299999999996	6.580941128999993e-07	1.7729657635599998e-05	0.000824383	0.000363455	6.79607330689e-07	1.32099537025e-07	0.000409201	-0.00013744099999999995	1.8890028480999992e-08	1.6744545840099998e-07	0.0	0.0
8687.797067371885	-49.129215306755206	75477817.88383552	2413.679796657511	10513.092820381524	7.828202446005889	110525120.64995754	61.28075353565258	6397.846305655439	-17.03711026523797	290.263126189877	40932437.35078895	6731.689297208043	9854.77042669484	1.134858	48.88225900000001	0.268883	0.234102	0.1383011075	-0.0892366362	0.009197077199999999	-0.0606530767	0.1060626643	-0.015891363999999998	0.061683305199999997	-0.1149873826	-0.0198488093	0.1715214661	0.0177446001	0.17623289539999998	-0.0788927593	-0.058897993899999994	-0.020002546	0.21687212949999998	-0.1931001463	0.0149424448	0.1252996102	-0.11895194519999999	0.10276441929999999	-0.1366801187	0.1437071803	0.000690453	-0.11399921310000001	-0.0043995839	0.0290514033	0.026346347000000003	-0.1083179731	0.060783029	-0.06689613059999999	0.020193046200000002	-0.014708853000000001	0.077471388	-0.029722250699999998	0.04093041	-0.1158779758	0.0246802216	0.083181971	-0.014092942800000001	-0.0063124734	-0.0627750409	-0.0351231072	-0.1237991001	-0.0119767321	0.09191313529999999	0.2439440413	0.12883233460000001	-0.0729909368	0.0618341809	0.013881010800000001	-0.0564512371	0.1470580879	0.0040507287	0.0395634471	0.055603392300000005	-0.0023593044	0.0296537946	-0.126924605	0.1186397493	-0.0063016643999999995	-0.022958814900000003	0.0685130779	-0.0539085879	-0.1726499138	-0.07718869469999999	0.0564205825	0.0534829343	0.0190801562	0.0736013755	-0.0696121951	0.0439879123	-0.0028310946999999995	0.046963010199999995	-0.130387958	-0.0885036523	0.0841465877	0.0820626808	0.0516383241	0.0766946651	-0.0046295951	-0.0771254875	-0.028585756099999998	-0.22093841179999998	-0.0282307602	-0.17628527859999998	-0.18109045920000005	-0.0772714006	0.021385888500000002	0.0453789025	0.0928914915	-0.0159463183	-0.0272870521	0.051468653499999996	0.023963518	0.0071397661	0.1479350675	0.06039523190000001	0.1560493928	-0.2739219305	0.0208255627	0.0877933744	-0.0050703709	0.11894624960000001	-0.1091590242	-0.0083765031	0.0897266431	0.0018222617000000002	-0.0469972055	-0.1039338524	0.0046769055	-0.14202769140000002	0.1597223353	0.0401303436	0.0699277564	-0.07529156349999999	-0.0219208667	0.0457342272	0.0169862405	-0.0253737373	0.05945215230000001	-0.0011252804	0.0325388023	-0.1108716731	-0.0673940978	0.08879199619999999	0.1040903388	0.1154415334	-0.0635655934	0.0678481658	0.0010250164999999999	0.022083509100000003	0.054614281699999996	0.059604877199999996	-0.12749232789999998	-0.0929375829	-0.1282023988	0.038583682	-0.15437376449999998	0.0782736072	-0.059230912699999985	0.1503821133	-0.0994796131	0.0318815	0.0065174	4.2476502759999984e-05	0.00101643004225	0.203479	-0.23427199999999998	0.041403703441	0.054883369984	0.075074	0.0020779999999999965	0.0056361054760000005	4.3180839999999845e-06	0.00457494	0.0003642800000000007	1.326999184000005e-07	2.0930076003600008e-05	0.000927894	0.00010351099999999991	8.609872752359999e-07	1.0714527120999985e-08	0.000461722	5.252099999999998e-05	2.758455440999998e-09	2.13187205284e-07	0.0	0.0
8643.730583324614	-44.066484047270926	74714078.39710127	1941.8550162883841	10494.32152101864	-18.771299362882928	110130784.18651499	352.3616797709691	6397.349023959199	-0.497281696239952	0.2472890854152839	40926074.53435172	6735.683441123084	9627.910093604609	1.110971	47.853405	0.15181039999999998	0.133322	-0.027583772799999996	0.0174091462	0.0565526765	-0.0812916209	-0.0707798012	-0.0139791325	-0.0366814069	-0.1020382697	-0.0901428403	-0.0142273366	-0.0080639405	0.1819153916	-0.041843751400000004	-0.04497398	0.08359023110000001	0.0776213734	-0.09667663289999999	0.09046874140000001	0.16547277259999998	-0.1364977128	-0.0447961558	-0.037370349500000004	-0.096536433	-0.1161230865	-0.095516959	0.0517883022	-0.0190502455	0.010609054199999999	-0.0539418615	0.080275431	0.0837031201	-0.1448869555	0.1244045724	0.2318105895	-0.09433794710000001	-0.0126262956	0.0340475447	0.0405815292	-0.0405839909	-0.0633888559	0.036433620699999995	0.0015340649	-0.0414715684	-0.1334688293	-0.1958022751	-0.0633344235	0.13717224320000002	0.1225729866	-0.0762523898	-0.1020065315	0.12180496240000001	-0.0487463288	0.0642913138	-0.1275958028	-0.0196392687	0.0228921478	-0.10512309730000001	-0.044508209400000005	-0.0986076392	0.0640494301	0.057541148499999986	0.1297326648	0.0982174767	0.0833249593	-0.036279005499999996	-0.07329512070000001	0.0981944207	0.060984875099999995	0.0263827833	0.1513817008	-0.08023447759999999	0.0801113002	-0.016609773300000002	-0.0485667407	-0.0143492407	0.27319651920000004	-0.001509915	0.0208722101	-0.10511299560000001	0.0071754133	-0.028114671400000003	-0.0061208359	-0.0473628317	0.0871519666	-0.022258391800000003	-0.06165775690000001	-0.18215766879999998	-0.1246294187	-0.128254655	-0.18843407920000002	-0.0383946608	-0.053686717	-0.0243208074	-0.0574536362	0.0446373338	-0.0842196225	0.0320870794	0.0434079763	0.19046881359999998	-0.08361636139999999	-0.19532698489999997	0.0407775667	-0.0116233075	0.17119114579999994	-0.1366124005	-0.0455375206	0.0699067993	0.1071020726	-0.1156771513	-0.0288223383	0.0741686907	-0.162801954	-0.0086461264	0.027808215499999997	0.1003843192	-0.08473166160000001	-0.21968051859999999	0.042362275	-0.0843694991	0.030646489500000002	-0.09404973359999999	0.0150233123	-0.0114722702	0.0347718265	-0.078440421	-0.0446914403	0.064102569	0.0439100271	-0.184203167	0.0875265634	0.0692230024	0.1652057794	0.046118747	0.0740294325	0.0161283911	0.0407380638	0.0782356602	0.1949320664	0.0429468118	-0.0691750705	0.025979491299999997	0.12831230119999998	-0.10130714980000001	0.033165	0.0012835000000000001	1.6473722499999996e-06	0.0010999172250000001	0.0711881	-0.1322909	0.005067745581610001	0.017500882222810002	0.07941369999999999	0.004339699999999988	0.00630653574769	1.8832996089999897e-05	0.0043807	-0.0001942400000000009	3.7729177600000354e-08	1.9190532489999994e-05	0.000981735	5.384100000000011e-05	9.63803610225e-07	2.898853281000012e-09	0.000431877	-2.9845000000000023e-05	8.907240250000013e-10	1.86517743129e-07	0.0	0.0
8629.71994715192	-14.01063617269392	74472066.36627173	196.29792596359937	10464.580682667078	-29.740838351563074	109507448.86404896	884.5174658538048	6389.368654311111	-7.9803696480885264	63.68629972013259	40824031.80069337	6726.836567943247	9496.773200472631	0.919637	39.61195	0.08151509999999998	0.0483502	-0.0368488841	0.1064148258	0.049556410999999995	-0.0134536825	-0.1115170903	0.0122871308	-0.0036772279	-0.0297991285	-0.0145781248	-0.0847951784	-0.11696086970000001	0.0286802346	0.1357873351	0.0455026767	0.074061248	0.17888016710000001	-0.0897808084	0.0578963511	0.0158099025	-0.0666040618	-0.0915294499	-0.0736182415	0.0162731828	-0.0923213807	-0.1123241612	-0.020674096200000002	0.140866408	-0.1723983853	0.0593224943	-0.0305837861	-0.1577815225	-0.098925617	0.0104890791	-0.1682114141	-0.1380291812	-0.0677236978	0.0491815022	0.029110333199999998	-0.055818945099999996	0.0388568817	0.0522754383	0.0896366943	0.1200346375	-0.0518899246	-0.2528611592	0.1293997838	0.11014869	0.045711614500000004	-0.11015493400000001	-0.040565298	0.0215050652	0.059785213399999995	-0.044304095099999996	0.0819583626	0.1868083854	-0.041340784	0.114082385	0.0983344743	0.0606848458	-0.054910184699999996	0.1429280319	0.103489753	-0.0129840425	-0.0093222025	-0.2233480059	0.1099604175	0.0479559933	-0.0356591447	0.1624861282	-0.0828957234	-0.1250453419	-0.081971047	-0.19752169949999998	0.0543958853	0.0169386836	-0.009713059599999999	-0.0423682263	-0.2287159322	-0.120483836	0.0024635992	-0.11803033019999999	0.0461157443	0.038432560899999996	-0.025805013199999997	-0.2237477815	0.017216421200000002	0.16245476960000002	0.0979571664	-0.1425365714	-0.0878125292	-0.0353188694	-0.0169344029	-0.0102698553	0.0060528056999999994	-0.052806676100000005	-0.0537649123	-0.1260383111	-0.0810811292	0.22559328760000005	0.0220761913	-0.0588360238	0.11530190480000001	-0.0246501321	0.0355982781	-0.1336697607	-0.0652711571	-0.075338871	-0.041750072799999996	-0.1333728699	-0.2521518364	-0.0636536276	0.015150768200000001	-0.0805635351	-0.0674653692	-0.0385540279	0.011110529199999998	-0.1664450575	0.09989116349999999	0.2623139168	0.0675321933	0.0498767598	8.199479999999999e-05	-0.0030075291999999997	-0.0093333225	-0.20177809079999998	0.0038513047999999997	-0.18807521719999998	0.0193360698	-0.0055653232	0.0847618307	0.0955543343	-0.09514589400000001	-0.05697113490000001	0.0596600926	-0.0696284417	0.025098910800000002	-0.0513826453	0.07469015009999999	0.149960803	-0.1791460845	-0.14092457949999998	-0.1535831395	-0.1030736628	0.0304552	-0.0027097999999999983	7.343016039999991e-06	0.00092751920704	0.0637703	-0.007417800000000001	0.00406665116209	5.5023756840000025e-05	0.0578259	-0.02158779999999999	0.00334383471081	0.0004660331088399996	0.00523945	0.0008587500000000001	7.374515625000001e-07	2.74518363025e-05	0.00103753	5.5794999999999977e-05	1.0764685009e-06	3.113082024999997e-09	0.000350428	-8.144899999999993e-05	6.6339396009999876e-09	1.2279978318399998e-07	0.0	0.0
8638.085694191675	8.36574703975566	74616524.46019888	69.9857235331806	10469.387520959304	4.80683829222653	109608075.0640184	23.105694367615264	6386.341804832848	-3.0268494782631024	9.161817764061617	40785361.64815568	6722.039023388962	9367.959496798405	0.953154	41.05566	0.0903469	0.057793100000000014	0.005774021	0.1716283959	0.0235041912	0.0959182884	-0.062416540599999994	-0.0044671863	0.0229126196	-0.0994299768	0.0746990174	-0.1250452173	0.0005979253	-0.0077086931000000004	0.0714137071	-0.0446431959	0.0953255276	-0.0108745745	-0.1318284482	-0.009663323100000001	-0.0023140446	0.1063985482	-0.09287678220000001	-0.2591506207	0.0435584354	0.0717252475	0.0476768368	-0.0016687274	0.1263151844	0.1400368282	0.0166595618	-0.09536025199999999	-0.10094785519999999	0.0812433989	0.032852772200000005	-0.0914616575	0.0509148497	0.1277227965	-0.0418244615	0.0444662741	-0.0722621562	0.0224592075	-0.0696546796	0.160940373	0.0623264642	-0.08482748720000001	-0.0152390341	-0.0832308634	0.19970107920000002	-0.023801309399999998	-0.005836441600000001	-0.199700075	-0.17108882469999998	0.10168714949999999	-0.0219950844	0.0036124837	-0.0052622623	0.0319095784	0.0975528886	-0.0759148503	-0.0705209652	0.11235425140000001	-0.016898460900000002	0.12111732	0.1161533053	-0.1136170063	-0.0816244171	-0.0072165123	0.0201109297	0.1367028242	-0.1234552465	0.0437577325	-0.021358093999999998	0.13330500039999998	0.1543956217	-0.1109718785	-0.1098328331	0.0444834417	-0.110068817	-0.0468342483	0.050773310300000006	-0.0285015547	-0.047863345700000004	0.0745540238	-0.011890900900000001	-0.078022617	0.1313570155	0.0679912133	0.0221207634	0.021914262200000003	0.0209699328	0.0689443565	0.0404021499	-0.0203784682	-0.0307300163	-0.0381254333	0.046138434699999994	0.0272675361	-0.1825436197	0.0357345312	0.0464632308	-0.10307954609999999	-0.0551519802	0.24627830109999999	-0.0959641942	0.0484046338	0.100504422	-0.064901083	-0.1396698838	-0.09686128880000001	0.0021682457	-0.0629796732	0.043504390700000006	0.041334074500000005	0.1355682746	-0.059344794299999996	0.083249089	-0.0809714586	0.1344908111	0.1479692408	-0.0873386987	0.1310609287	-0.090100099	-0.05730812900000001	0.0273143687	0.0061807471999999995	0.0030371139	0.0132790893	0.11084834439999999	-0.0449303334	-0.10534097210000001	-0.13427321849999999	0.0854699024	0.1925344823	-0.0068966698	0.0379960226	0.09840815720000001	0.0193131887	-0.0427591301	-0.0468920898	0.0736279011	0.08995704759999999	0.025087666499999998	0.010769794099999999	-0.10477808820000001	0.031098400000000005	0.0006432000000000035	4.1370624000000454e-07	0.0009671104825600004	0.11428	0.05050969999999999	0.0130599184	0.002551229794089999	0.047784	-0.0100419	0.002283310656	0.00010083975561	0.00569847	0.0004590200000000001	2.1069936040000007e-07	3.24725603409e-05	0.00112529	8.775999999999988e-05	1.2662775841e-06	7.701817599999978e-09	0.000314166	-3.626200000000001e-05	1.3149326440000011e-09	9.870027555599999e-08	0.0	0.0
8651.564698069567	13.479003877891955	74849571.72488357	181.6835455402264	10485.935649422352	16.54812846304776	109954846.44382656	273.8405556295314	6400.819274791417	14.4774699585696	209.59713640128524	40970487.38854133	6736.941149126793	9490.877120093515	1.009312	43.474598	0.13733626	0.119228	-0.1248766498	0.1403855225	0.0084410897	0.0650193336	0.033651880099999996	-0.005151774699999999	-0.1207581892	-0.0348123793	0.0969121807	-0.0204448416	-0.0151399158	-0.0847054833	0.073027672	0.08474399460000001	0.0012406582	-0.0145993915	-0.0851953321	0.106731055	0.0753215693	-0.10781660039999999	-0.009376088000000001	-0.0488256471	0.0544204301	0.06700256269999999	-0.0268605945	-0.1566559829	-0.1551896984	0.1401551593	0.057599116299999996	-0.1409415752	-0.1424025753	-0.0550428672	-0.0722361254	-0.0137816802	0.046717009299999994	-0.041070269900000005	0.1105386934	0.04690919019999999	-0.08340248360000001	0.1046091747	0.0101940706	0.045035180300000005	0.1236266333	-0.0383548895	-0.0905991402	-0.10936655699999999	0.022335933	-0.0766166851	-0.028490976600000002	0.01931571	-0.0339564558	0.1890540438	-0.0370250746	0.1378073979	-0.013145199	-0.1877702451	0.042919861100000005	0.0986599426	0.0805738484	0.0212439341	0.1975489406	0.1492320794	-0.0119683024	0.0729656385	0.0657012498	0.0314577744	-0.0982998693	0.1009522342	0.049656378200000004	0.06419773	-0.0268625394	0.0629619956	0.1343815266	0.1483725184	-0.0168031984	-0.008525358299999999	0.0735678197	0.043362606799999995	0.034728348199999995	0.1293045989	-0.08176812280000001	-0.0660643677	0.06736184769999999	-0.1298291536	0.0501371776	-0.0894799701	-0.0148587657	-0.034020221600000004	-0.13980551759999998	0.0489651207	-0.1054873424	-0.0356935296	-0.0311479064	-0.0086660626	-0.09195085550000001	0.0465150825	-0.1347710851	-0.0438031588	0.0227699301	0.0074917308	-0.1410642519	0.08638087400000001	-0.030518367799999998	-0.0872216703	-0.0050699677000000005	-0.1570839429	-0.1116375962	-0.1388460886	0.0893849966	-0.043096990599999996	0.0900522719	0.1301657082	-0.06863404769999999	0.0371722414	-0.11465641039999999	0.057359602	-0.0916103262	0.0589914078	-0.0882498359	0.1452219532	0.0784849155	0.0775982576	-0.1261429747	-0.047355517800000003	-0.22069205670000008	0.0241224077	0.0851678353	-0.0155465873	-0.0317772363	0.0390578882	-0.025790731600000002	-0.041210908399999996	0.09162935189999999	0.1189423173	0.017522706399999997	-0.2127907176	0.0030171068	0.0043881162	-0.0421168818	0.024016106000000002	0.0530906533	-0.0237917625	-0.1064193991	0.030819	-0.00027940000000000603	7.806436000000337e-08	0.000949810761	-0.00369646	-0.11797646	1.36638165316e-05	0.013918445114131598	0.049468300000000014	0.0016843000000000064	0.0024471127048900005	2.8368664900000217e-06	0.00549587	-0.00020259999999999983	4.1046759999999934e-08	3.02045870569e-05	0.00108776	-3.753000000000003e-05	1.1832218175999998e-06	1.4085009000000022e-09	0.0004219580000000001	0.00010779200000000004	1.1619115264000011e-08	1.7804855376400003e-07	0.0	0.0
8646.698825225478	-4.865872844089608	74765400.57415566	23.676718534848696	10483.016483049749	-2.9191663726032857	109893634.58389272	8.521532310937825	6394.643804921933	-6.1754698694840044	38.13642810890479	40891469.39182646	6729.5456108555445	9503.52015306519	1.0123719999999998	43.606373	0.17862131000000006	0.137621	0.028842785699999998	0.1358415585	0.0004450894000000001	0.09352766859999999	0.07731059929999999	-0.0090449608	0.0290580462	-0.0083964674	0.1342611834	0.10793397960000001	0.0186255688	-0.10903621710000001	0.080983072	0.1911097523	0.0887302182	0.0533805738	0.0477675522	0.0680054306	-0.0461793423	0.1588269659	-0.10622290179999999	0.1161706777	0.0141100401	0.0002890063	0.0419320469	-0.1127224831	0.0385252973	0.1606931796	0.0383744917	0.04149801	-0.12067341109999999	-0.0543578578	0.0754931744	0.051678617999999996	0.1213115671	0.0785233104	-0.0377606333	0.0338634283	0.0026800539000000003	0.125107176	-0.027635876400000002	0.0239077714	0.1025259924	-0.11994766	-0.1029646421	0.027471286600000002	-0.0543861487	0.0593099801	-0.0319388764	0.0177332615	-0.0825194929	0.0482135801	-0.32786918589999997	0.0539775523	-0.0127710446	-0.12772367210000002	-0.024198883199999997	0.0041351454	0.0504697428	0.0846521224	-0.0419642423	-0.011944169099999999	-0.0349111442	-0.0195541811	0.1309102187	-0.0824214272	0.0213609914	0.058312102699999986	-0.0244768858	0.0962346077	-0.0957819061	0.0489317851	0.076527031	-0.0121569639	0.0223163569	-0.0890768349	0.0527714795	-0.111504881	0.1827586963	0.0710923888	0.0380219801	-0.10554871519999999	0.0365271617	0.0845703853	0.0839578652	0.0767812986	0.062946233	0.01218525	-0.0807765426	-0.0441106042	0.0405818431	-0.0038623053000000004	-0.015066776799999999	0.0355561231	-0.0615166757	0.10723957349999999	-0.1018958153	-0.0003560032	0.15416219109999998	0.0845505702	-0.0950926619	-0.023150225	-0.0552397084	-0.1009960508	-0.0470504721	0.0033570884000000004	-0.2053830247	0.010469039	0.0768474416	-0.0111700748	0.1023080491	0.22817707829999997	0.0004704423000000001	0.014859554099999997	-0.0212539184	0.039521938199999995	0.0025227714	-0.08572090210000001	-0.1295581917	-0.054051819699999996	0.032398276600000005	-0.00019987080000000002	0.0340803988	-0.0706436059	-0.0610120482	-0.014417745	0.0925064042	-0.0486152977	-0.0378284034	-0.12443749679999999	-0.037253272000000004	-0.0404648466	-0.0871261049	-0.23005704	-0.013363684099999999	0.0449001211	-0.0538693415	0.0034526640000000003	0.056316601200000004	0.0026809154	-0.0314653859	-0.10433950619999999	-0.107996607	0.035211800000000015	0.004392800000000009	1.929669184000008e-05	0.0012398708592400009	0.12900699999999998	0.13270346	0.016642806048999998	0.0176102082959716	0.0450931	-0.0043752000000000105	0.00203338766761	1.9142375040000084e-05	0.00605242	0.0005565500000000003	3.097479025000003e-07	3.66317878564e-05	0.00117403	8.627000000000005e-05	1.3783464409e-06	7.4425129000000086e-09	0.000321781	-0.00010017700000000008	1.0035431329000013e-08	1.03543011961e-07	0.0	0.0
8632.638333308132	-14.060491917345646	74522444.593701	197.69743295774217	10511.567260003763	28.550776954014513	110493046.26158305	815.146864677886	6401.914169646066	7.270364724132378	52.85820322190846	40984505.03551507	6739.163922706694	9434.970751226068	0.937239	40.370129	0.07024090000000004	0.0364245	0.0031487344	0.1636632859	0.0397491447	-0.05808172070000001	0.0895074184	-0.0229458566	-0.023851964500000003	-0.0538475983	-0.054734435899999996	0.1316450201	0.12362651460000001	0.027458298500000002	-0.009470861700000001	0.10596198109999999	0.1065028139	0.023239234100000002	-0.0741859602	0.013201460600000001	-0.0545111716	0.1798375283	0.05875045900000001	0.0139373647	0.0473303621	-0.1417946236	0.10668524859999999	-0.0227273768	0.09218571699999999	0.1875665434	0.0676961431	-0.1307032388	0.0262730641	0.040539024	0.19468552600000005	-0.17892930010000002	-0.0898077531	-0.0039840313	-0.0028923813	0.0488658458	-0.059374829299999994	0.0732348141	-0.0343011875	-0.021883822799999997	-0.0500202876	-0.14443263650000002	0.037841563700000004	-0.08126226730000001	0.0264247034	-0.0371363876	-0.080901831	0.0598161262	0.09453531650000001	0.1576959819	0.042902460499999996	0.08577754060000001	-0.061019977300000014	-0.1301575046	-0.061173367699999995	-0.0613182903	0.0521634739	0.12858360900000002	0.044318120700000005	-0.031302559300000005	0.0121524745	0.0678751313	0.0714017997	0.1223866832	0.1391375635	0.0808518186	-0.1488942052	-0.1616935769	-0.0167713952	-0.0966801724	0.0634172631	0.0104134561	0.0745024444	-0.0396741998	0.1166280901	-0.037829434	-0.044616526	0.011799385	-0.064804983	-0.12299039390000001	0.0017218251999999998	-0.1225997385	0.10437636689999999	0.1257250305	-0.0424277629	-0.0167528169	0.15883327220000001	-0.0685609159	0.0014044942000000001	-0.0414362261	-0.0358871926	-0.0501862435	-0.026882068999999998	0.0204494644	-0.0166313057	0.14270756210000002	0.023850379300000002	-0.0242456708	-0.0645890804	0.01207294	-0.10163455730000001	-0.0264334923	-0.0998071392	-0.192028036	-0.057770547400000004	-0.0861491653	-0.0015874638	0.18251705510000002	0.09866601679999999	0.1755320083	0.0225942048	0.20150068210000002	0.1276272498	-0.0384493084	0.0599639983	-0.0093646432	0.09924621609999999	0.10309422630000001	0.1175531414	-0.0995221776	0.018388826299999998	0.0314144456	-0.0238237194	-0.1383955365	0.1145160647	-0.17145887280000002	0.040633552	0.100507871	-0.0504798583	-0.1040629816	0.0498556913	-0.0108547995	-0.0795576971	0.0813278471	-0.1555310651	-0.0380517051	-0.0902438321	0.009470708100000001	-0.13835288380000002	-0.0440974874	-0.10950876179999999	0.0330594	-0.0021524000000000053	4.632825760000025e-06	0.0010929239283600002	0.109892	-0.019114999999999983	0.012076251664	0.00036538322499999915	0.0728048	0.02771170000000001	0.00530053890304	0.0007679383168900004	0.00596269	-8.973000000000054e-05	8.051472900000097e-09	3.55536720361e-05	0.00107088	-0.00010315	1.1467839744e-06	1.0639922499999995e-08	0.000554137	0.000232356	5.398931073600001e-08	3.07067814769e-07	0.0	0.0
8612.101034973151	-20.537298334980733	74168284.23658563	421.78062290000236	10476.493705192432	-35.07355481133163	109756920.35493664	1230.1542471034845	6399.019177623499	-2.8949920225668397	8.380978810725638	40947446.43559332	6738.014910831221	9351.095947616725	0.941097	40.536331	0.05834930000000003	0.0298412	0.0020470499	0.18083513980000002	0.07379181559999999	-0.06645016150000001	-0.0308671166	0.006247854000000001	-0.0204272293	-0.0041786503000000004	-0.0928026293	0.031134035299999998	-0.1132399333	-0.0162035955	0.0854104432	-0.045660213399999997	0.115145809	-0.0777058968	-0.1303743054	0.2100654637	-0.08483402949999999	-0.0371695131	-0.0368572318	0.09757826609999999	0.06572338059999999	0.028973479500000007	0.061555663899999995	-0.029941613399999997	-0.1527737427	0.024338019199999998	-0.12059874640000001	0.06651420849999999	0.09334253070000001	0.0097181281	0.1277884089	0.1458280165	0.14084171	-0.0081667093	0.011919660600000001	0.071146662	0.0082148593	0.0202714062	0.1516951688	0.0074156717	0.0799249846	-0.059175717300000014	-0.1704091627	-0.1785146638	-0.0773917636	0.1578469857	0.1330944274	0.0019141119000000001	-0.13436876679999998	-0.00033581349999999997	0.002012325	0.0679210584	-0.1162591506	-0.07904265440000001	0.0239958992	-0.1436555728	-0.0433027793	-0.087633616	-0.0318937693	-0.1196746132	-0.038317781	0.007605993599999999	0.0824376984	0.0249398128	0.1394777512	-0.060147490899999996	-0.0672484934	0.013726151399999999	0.0670621408	0.0185823227	0.10506956939999999	-0.0434675327	0.0254839646	0.05081103	0.0589853454	-0.1599463791	-0.18286139329999998	0.028583436	-0.0326956609	-0.042010417599999995	0.07987312740000001	-0.04564861519999999	-0.0744239833	-0.19609474920000008	0.037718241	0.09819504150000001	0.0668615684	0.0713734647	-0.0037354853000000003	-0.0355041818	0.0200670232	0.0737667815	-0.10747761480000001	-0.1046108667	-0.0702075711	0.0489563814	0.0929687486	0.0573019943	-0.25586088079999997	-0.0590360931	-0.052260750999999994	-0.0942077735	0.0275850508	0.1084630142	0.0886522963	-0.0790931372	0.0514887785	0.12615681380000002	0.091157495	0.0749831742	0.10834922699999999	-0.0552928855	0.046468825199999994	0.10660576640000001	-0.0838576551	-0.0141892825	0.0652353733	-0.0545328176	-0.10582453380000001	-0.015542378700000001	0.022890455299999998	0.047008867	0.1418645384	-0.0385229096	0.1265399198	-0.022511035899999997	0.0298168654	0.0267504778	-0.0626048267	0.22755625670000001	-0.034078019300000005	0.0929749208	-0.051316556	0.0160604292	0.065453527	-0.0158496365	-0.0361859367	0.0267518704	-0.0947289318	-0.19572843760000005	-0.1109549526	0.0369351	0.0038756999999999962	1.5021050489999967e-05	0.0013642016120100002	0.110255	0.00036299999999998833	0.012156165025	1.3176899999999152e-07	0.0564826	-0.016322200000000002	0.0031902841027600004	0.00026641421284000005	0.00634131	0.00037862000000000046	1.4335310440000038e-07	4.02122125161e-05	0.00112694	5.606000000000014e-05	1.2699937636000003e-06	3.1427236000000157e-09	0.000875225	0.000321088	1.0309750374399998e-07	7.66018800625e-07	0.0	0.0
8627.947137775116	15.846102801964662	74441471.81224182	251.09897401043233	10461.497773771644	-14.995931420788109	109442935.67062904	224.87795917698008	6386.759773809545	-12.259403813954124	150.29298187359288	40790700.40835175	6720.704544704666	9176.866782850291	1.047841	45.134174	0.22481145	0.17013499999999998	0.0934651795	0.2403756555	0.0900111768	0.046879936	-0.10270734390000001	-0.0100809778	0.093104336	-0.1070095568	0.047665228600000005	-0.1018371906	-0.0460610117	-0.0783195408	0.1455922524	-0.0787796997	0.0089629382	-0.0619853639	0.0198672419	0.228494665	-0.0766237503	0.1486075002	0.0367714854	0.144809006	0.1373455599	0.025593912599999998	-0.1261939999	-0.0193048864	0.0600539051	0.0529120196	-0.0342268119	0.0444216116	0.1776478971	0.114659039	0.0080306861	-0.1193462077	-0.0006727284	-0.008194239	-0.1176304368	0.06734727730000001	-0.0069688349	0.023083911800000002	0.0262377931	0.2418565048	0.0095074938	-0.0544351817	-0.0884864059	0.1721524531	-0.017389854099999998	0.0981779736	0.09557137800000001	-0.11926154679999999	-0.10061688070000001	-0.000509827	-0.0800732887	-0.058529738399999996	-0.2008454677	-0.1626293524	0.05797641150000001	0.0463475411	0.09756171039999999	-0.043646856799999995	0.052999740700000006	-0.0494858992	-0.09790309720000001	0.015481262800000001	0.048149010199999995	-0.052486762199999995	0.0748293077	-0.1887523584	-0.0994910541	0.07793762230000001	-0.047660175199999995	0.027958163900000003	-0.1021231537	0.0395848691	0.0776626992	-0.029129704500000006	0.1160289501	0.09380418439999999	0.0799841525	-0.2034363139	0.1287239866	-0.1028381066	-0.1862954395	0.0653892779	-0.1247481902	0.0438766291	0.046774414400000006	-0.0758726491	-0.1007490792	-0.0899528283	0.1116972922	-0.0109808805	-0.0648072386	0.0204976984	0.06005792190000001	-0.0509785399	-0.1713708024	0.0430356012	0.1769885207	0.09486504550000001	0.0566855886	0.1166980794	-0.042734671200000005	0.0414082904	-0.06210327230000001	0.21980822960000002	-0.09143647769999999	-0.0560505559	0.1389221175	0.13017201890000002	-0.083638647	0.1596363973	-0.0081046143	0.0475737607	-0.0480646896	0.06985769650000001	-0.1078008117	0.052739584299999996	-0.0595625586	-0.1520620246	-0.22412528550000002	0.1336676817	0.0892424701	0.1384221286	0.020011546	0.0306444714	-0.0370071245	-0.0397601054	0.0804008132	0.0807760006	-0.044762909000000004	-0.08915716970000001	0.0062028518999999996	-0.1645152088	-0.1040871398	-0.022859787599999997	-0.0379494381	0.1403245749	-0.0026009262	-0.0730094318	0.1982279114	0.0021081310999999997	-0.1123343082	0.0382301	0.0012949999999999975	1.6770249999999937e-06	0.0014615405460099995	0.271697	0.16144199999999995	0.07381925980899998	0.02606351936399999	0.0639168	0.007434199999999995	0.00408535732224	5.5267329639999926e-05	0.0071899	0.0008485899999999998	7.201049880999995e-07	5.1694662010000004e-05	0.00134524	0.00021829999999999983	1.8096706576e-06	4.7654889999999924e-08	0.00090114	2.591500000000005e-05	6.715872250000028e-10	8.120532996e-07	0.0	0.0
8646.918932022147	18.971794247030626	74769207.01696302	359.9289769516645	10486.41842759639	24.920653824747205	109964971.43863316	621.0389870528875	6389.4349377236485	2.6751639141039045	7.156501967323724	40824878.8234036	6722.693167355752	9230.726982644874	0.9888	42.591042	0.15514104999999995	0.102915	0.032942986800000004	0.2123837144	0.0076744219	0.1035173051	0.0771713959	-0.0105879948	0.0084430989	-0.09447602529999999	0.1263787078	0.0567843346	0.0788854534	0.043559715	0.1315113934	0.0008071764999999999	-0.0060113245	-0.1488273525	-0.0161447215	0.10383612939999999	-0.0532647642	0.1288968084	-0.044281985	0.0594757067	-0.0349363153	0.007017454100000001	-0.11396398560000001	-0.0183138679	0.0195236795	-0.0785861907	-0.18486311170000005	-0.0100760306	0.0018359162	0.0310970002	0.053439126600000005	-0.1358902441	0.16979280530000002	-0.11305235039999999	-0.0386393393	0.0745207827	-0.0381922889	0.09897180650000001	-0.12819831380000002	-0.0460402089	-0.0006401057	-0.058099584	-0.1812896929	-0.0340627191	-0.0005901619	-0.0295819742	0.116383082	-0.0670467721	0.1500724634	0.1611574892	-0.170752505	-0.1616339333	-0.0001309232	0.031712315899999996	0.09359599519999999	0.0757929636	0.0854141538	-0.0374142556	-0.0694247013	-0.1555011979	0.009389809499999999	-0.0377539089	0.021712726499999998	0.0181242301	0.0633308931	-0.0388166765	-0.0496404433	0.0049850289	0.23069322879999998	-0.0082263661	0.026879497000000002	0.0665761808	-0.0299047119	-0.0001788472	-0.054217034299999994	0.09065106199999999	0.0051079101	0.21008641739999998	-0.0058033351	-0.0122632885	-0.10435180869999999	0.055809643	-0.0637616553	0.0896827134	0.08653378130000003	-0.0869731791	0.176372096	0.1746930933	0.0355648956	-0.0406833442	-0.0825899053	-0.039738974100000005	0.0163828868	0.13874545630000001	-0.0119247747	0.0338904517	0.12708598640000002	0.12243317109999999	-0.1459347478	0.1122517447	0.0207507826	-0.0156907572	-0.0517814849	-0.0564849165	-0.0276127436	0.0585101011	0.1281927466	0.0799038564	-0.2595013718	0.0117416983	-0.1010416126	-0.04966084230000002	0.0585830549	0.026400280099999996	0.0531403778	-0.1632115793	0.0599431069	-0.037539092	-0.04415919980000002	-0.053458302199999995	0.1056959727	-0.0978271449	0.0697757868	0.0361994109	-0.0219860021	-0.087104032	0.09666066179999999	-0.059681396	0.012632281	-0.0033117310999999997	0.0991798071	0.0167797022	-0.0223389919	-0.0692440426	0.1486462121	-0.0227299164	0.0600626099	0.0950303577	-0.0743295412	-0.0943855422	-0.11364599789999999	0.0373508	-0.0008792999999999926	7.73168489999987e-07	0.0013950822606400002	0.178377	-0.09331999999999996	0.031818354129000005	0.008708622399999992	0.08038779999999998	0.01647099999999999	0.006462198388839997	0.00027129384099999955	0.00650398	-0.0006859199999999996	4.704862463999993e-07	4.2301755840400014e-05	0.00120377	-0.00014146999999999988	1.4490622129000004e-06	2.0013760899999965e-08	0.000963165	6.202499999999995e-05	3.847100624999994e-09	9.27686817225e-07	0.0	0.0
8643.977852944201	-2.9410790779456875	74718353.12218983	8.649946142729856	10495.43629758786	9.017869991468617	110154183.07672475	81.32197918303015	6386.851527912069	-2.5834098115792585	6.67400625456398	40791872.439592734	6720.825081275561	9357.05157375549	0.925353	39.858192	0.08602589999999992	0.0425066	0.0746913443	0.1569487695	0.0494846425	-0.0050035327000000004	0.1164196976	-0.021625807900000002	0.0595803721	-0.055082325099999996	-0.0573701991	0.1038557474	-0.0525978181	-0.0339887065	0.0607727938	-0.0007183987	-0.050794795499999996	-0.04575399980000002	-0.1352571067	0.044017475800000004	0.1658306314	0.25698911539999997	-0.18670381079999998	0.0545643965	-0.067408719	-0.0119838216	0.20559901460000002	-0.0419991379	0.0453227386	-0.0937662802	-0.08518544210000001	-0.1472804022	0.09877373310000001	-0.0053334218999999995	-0.020964541899999998	0.0178679288	-0.11017268779999999	0.2105643695	-0.0733760493	0.0988940757	0.0082024113	0.17509289079999998	0.0222101094	-0.056445157999999995	0.044019295800000004	-0.0700146516	-0.023586497999999997	0.1024372259	-0.0372481321	0.0554628722	0.035611135	-0.1040412607	-0.0253156294	0.0698843577	0.0347437796	0.1216393395	-0.0804717006	0.0258123976	-0.0028929396000000004	0.07813371940000001	0.0644469751	-0.0117604712	-0.056836968099999996	-0.10202739640000001	0.10652134869999999	-0.0441133692	-0.13682296189999998	-0.0636984618	-0.0360491022	-0.1014891786	-0.0173714561	-0.0613431783	0.08767987630000001	0.0825311485	-0.09909347339999999	0.0581864181	0.0136011606	0.0469192874	0.0347346335	0.1691172464	0.020072601699999998	0.035588026200000004	0.0686625483	0.04632792349999999	0.1552662992	0.1482607682	0.1067769951	0.0561968285	-0.0421796341	0.1396460763	-0.0081838559	0.001391655	0.0720311098	-0.0385128488	-0.08082474190000001	0.0720431074	-0.1329697227	0.0594116695	-0.018528116100000002	0.055885635	0.12791342990000001	0.0891923435	0.0534097442	0.08144719480000001	-0.0974066489	0.0217344894	0.0851169316	-0.011672817	0.056598627199999994	-0.04938241610000002	0.0886327472	-0.020664860400000002	-0.0670455407	0.023447543199999997	0.08805825210000001	-0.0382644887	-0.0578216475	-0.2084644322	0.066343137	-0.0005125218	0.016565303	-0.0894635693	-0.0042379593	0.07894619809999999	0.11933432460000001	0.0099143098	0.0554598235	0.1464854968	-0.11330351150000001	-0.1027161807	0.10090337320000001	0.0836060055	0.042299739100000004	-0.039837554500000004	0.0104413554	0.0448162629	0.14202106820000002	-0.0007032249000000001	0.1439232816	-0.0823161708	0.10088363	0.07138229089999999	-0.0568859966	0.0624379849	-0.11488923150000001	0.0427793	0.005428499999999996	2.946861224999996e-05	0.0018300685084900001	0.201395	0.023017999999999983	0.040559946025	0.0005298283239999992	0.0555893	-0.02479849999999998	0.0030901702744900003	0.000614965602249999	0.00697638	0.0004723999999999996	2.2316175999999963e-07	4.86698779044e-05	0.00129562	9.184999999999987e-05	1.6786311843999996e-06	8.436422499999978e-09	0.000871797	-9.136799999999997e-05	8.348111423999996e-09	7.60030009209e-07	0.0	0.0
8653.091865553171	9.11401260897037	74875998.83370246	83.06522583647089	10471.521329755	-23.914967832859478	109652758.95951392	571.9256864467034	6392.3160675040845	5.464539592015171	29.86119295270133	40861704.70687088	6725.545521949077	9352.26551302136	0.879792	37.895714	0.047581350000000036	0.0286685	0.08541718	0.1604601836	0.1061417659	-0.071711741	0.021205904700000004	-0.0014379542999999999	0.0677433747	-0.1122536284	-0.044740321	-0.0100819654	0.0149920085	-0.0136959263	0.0258330743	-0.1341548871	-0.0177851523	-0.0702363416	-0.116946674	0.011023857	-0.0505899044	0.083899437	-0.037864126	0.0781558746	0.0216596189	-0.0471218028	0.05747965450000001	-0.06662051990000001	-0.0268659902	0.0711002837	0.0234666595	0.11172498630000001	0.0498934271	-0.0317951104	-0.1836793822	0.0252637829	-0.0214758274	-0.0233108608	-0.1194860063	0.1067675948	-0.009046038499999999	0.008050516800000001	0.0791404423	-0.0209956037	-0.14912050699999999	-0.0590009225	-0.0304245619	-0.1300225513	0.0626466588	-0.0397562628	0.1392682164	-0.1018571829	-0.1455130406	0.0778127895	0.005860438199999999	-0.020257242800000002	0.050074794900000004	0.059215982699999996	-0.1402973602	0.0601075399	0.0130127226	0.035612575	-0.018412582	0.2278208399	-0.11713572039999999	-0.0053325127	-0.0780251649	-0.0809565174	-0.0833020921	-0.18565999719999998	0.1101061919	0.0019969314	0.1052347724	-0.054783930599999996	0.0854582802	0.0011136702	0.0938001342	-0.0554490581	0.0545051858	0.0565704426	0.0039903279	0.1509844835	0.0774390745	0.0409383046	0.0545056945	0.1632509899	0.044867060800000004	-0.047988228099999995	0.052201214800000006	0.0507593858	0.0474714595	0.0007792576	0.10703381669999999	-0.038178472000000005	-0.0906623681	0.001327471	-0.010317931800000001	-0.10324287039999999	0.04570204519999999	0.1323135653	0.0170176574	-0.0006515697	-0.1493636647	0.1257447461	-0.0082429666	-0.046290911500000004	0.17690736199999998	0.0459901424	-0.09098913550000001	0.0355586311	0.0400963254	-0.0039894167	-0.065960429	-0.166188716	0.0558538598	-0.0266489414	-0.039005609	-0.0330471439	-0.1058649094	0.0949197929	-0.12649846550000002	0.0063446097	-0.000892452	-0.0133101799	-0.1251632009	-0.0530645296	0.0142885267	-0.0574196751	-0.07965555099999999	-0.0303925475	0.2383347383	-0.0315655025	-0.0058371076000000004	-0.0677475801	0.0051993141	-0.0523159888	0.0112943218	0.0935807899	0.1272204675	-0.0838371539	-0.039693047	0.1931483393	-0.17060833379999998	-0.019747373500000002	-0.1160632601	0.042842800000000014	6.3500000000008e-05	4.0322500000010145e-09	0.0018355055118400008	0.225507	0.024112000000000026	0.050853407049000016	0.0005813885440000009	0.0513304	-0.004258900000000003	0.00263480996416	1.8138229210000025e-05	0.00721134	0.0002349600000000002	5.5206201600000096e-08	5.20034245956e-05	0.00128247	-1.3149999999999967e-05	1.6447293009e-06	1.7292249999999915e-10	0.0007369679999999997	-0.00013482900000000026	1.8178859241000072e-08	5.431218330239997e-07	0.0	0.0
8662.232685453573	9.140819900401764	75034275.09694022	83.55458845158095	10472.4466700253	0.9253402702997846	109672139.25652398	0.8562546158384784	6400.513851562177	8.197784058092111	67.20366346310917	40966577.56403929	6733.104569419605	9465.9634734377	0.967311	41.665436	0.1645936	0.121957	-0.0180567386	0.1145541319	0.1117548525	-0.0138933767	-0.057780202999999995	-0.001744643	-0.0161996952	-0.046410775700000004	-0.0216672425	-0.054271435199999996	-0.0458214608	-0.0421396118	0.08958744	0.0267793246	-0.0979988643	0.0532634397	-0.030121859900000002	0.0963353809	0.0136102049	0.1181788683	0.0434085418	-0.028856387200000007	0.0058815953	-0.0971342225	-0.0358665387	-0.22768034550000002	0.0687376437	-0.1352588329	0.0295661974	-0.0709521714	-0.052553401500000006	-0.2278756173	-0.0087732526	0.08669220970000001	0.0001412211	-0.0801750586	0.0230760442	0.1050263572	-0.0240548334	0.014931556100000003	0.026837421299999997	0.1003164275	-0.0335264355	-0.0417382647	-0.1394082051	-0.0198180445	-0.0075555251	0.037715020499999995	-0.0603984276	-0.0474141847	0.1470100294	0.0055592235	-0.024130846	-0.0055643878	0.11230755199999999	-0.006470964300000001	-0.0323122703	0.09285548869999999	-0.0073027549	0.057479742800000004	-0.3528700594	-0.00853992	-0.065331359	0.11316958279999999	-0.0850355592	0.0173583675	-0.11027266349999999	-0.048108277000000005	0.0642540234	-0.0302395629	-0.1030403139	-0.0788894457	-0.0903890148	0.035218837200000006	-0.1878404825	-0.047692785999999994	-0.047500814100000004	0.1969625334	-0.0743284021	-0.0552810001	0.08331199190000001	0.0146240195	-0.1462653421	0.020039155	0.1501747906	0.0179317079	-0.0824797031	0.11800229470000001	0.0186436819	0.09279550119999999	-0.010034741600000001	-0.0598203384	-0.09504403060000001	-0.0028342302	0.013611195900000001	-0.0766703207	-0.0705901016	-0.009243923900000001	0.1267135613	0.0690710648	-0.073887703	0.0327274227	0.0239993492	0.0758443326	-0.0135786529	-0.1454774444	0.007872767099999999	0.11850447160000001	-0.0082496572	-0.11405378990000001	-0.1613301708	-0.021043276899999998	0.1263845982	-0.0412576523	-0.10879538970000001	-0.1034630869	-0.0043549686	-0.1501690067	0.013125206	-0.142207798	0.1653662364	-0.1115754819	-0.08535472029999999	0.18530791859999998	0.0153359069	0.1682239477	0.0220253473	0.1914494398	0.046361045999999996	0.0083233325	-0.026338891	-0.1537174894	-0.029230975699999998	0.0493971007	-0.0915952109	0.0307204295	0.0974465196	-0.1090937625	-0.0721744189	0.011535169199999999	0.0642449297	0.1005996201	-0.1171673765	0.036125	-0.00671780000000001	4.512883684000013e-05	0.0013050156249999998	0.113291	-0.112216	0.012834850681	0.012592430656000004	0.0506446	-0.0006858000000000003	0.00256487550916	4.703216400000004e-07	0.00640623	-0.0008051100000000004	6.482021121000006e-07	4.10397828129e-05	0.0011881000000000005	-9.436999999999944e-05	1.4115816100000014e-06	8.905696899999894e-09	0.0007369679999999997	0.0	0.0	5.431218330239997e-07	0.0	0.0
8669.70620840908	7.473522955506269	75163805.74012694	55.853545366479146	10482.814211860601	10.367541835301381	109889393.8003866	107.48592370672434	6397.817073158061	-2.696778404115321	7.272613760902778	40932063.30159278	6729.15923681091	9510.978147529211	0.953606	41.075115	0.17024365	0.0968805	0.0552313046	0.0858499699	0.0740729583	0.1556563252	0.014007963200000001	-0.0184448142	0.058379942000000004	-0.09119528539999999	0.1163752916	0.0159468785	-0.024925966	-0.10582218460000001	-0.004739920999999999	-0.052631680800000004	0.0719321732	-0.115394656	-0.0720971415	-0.0293039734	0.0193393947	-0.0453562197	0.0011689683	-0.012901773200000001	-0.0695492127	0.0440036027	-0.0385854833	0.1119879693	-0.0722740719	-0.1872845896	-0.0367830953	-0.2439972727	0.054331967300000006	0.0376480359	0.0992872866	-0.0865691425	0.0211984622	-0.052494419699999996	-0.0897473461	0.1211058457	0.0031183514000000002	0.09975474779999999	-0.0713354171	0.11235811789999996	0.0636858361	-0.0185278925	0.0166460443	-0.0263639924	0.0623359307	-0.1708084654	-0.0385524052	-0.0472136159	0.0563379373	0.0351759632	-0.0210924662	-0.0968191051	0.0025811869	0.17654145510000002	-0.0579294505	-0.0076628626000000005	0.0314070793	-0.0680624042	0.0343422352	-0.2208163318	-0.0984903842	-0.0619057183	0.0211244945	0.004123391	-0.0505727724	0.0811878652	-0.0716139603	-0.0014942581	-0.1006953711	-0.0170774373	0.0676274273	-0.033952622599999996	0.0887661082	-0.0115441426	-0.049529725	-0.0794602277	0.1410986931	-0.14077393859999998	-0.0239322019	0.27056632329999997	0.0081878943	0.005108838	-0.0028827371000000003	0.0517401959	-0.0826738002	-0.0336072801	-0.0800679268	-0.0369544375	0.0830613587	-0.0450072133	-0.1011147144	0.0457752834	0.0111643026	0.0889146944	-0.1214258713	0.0013900838000000001	-0.0157999931	-0.0323631708	0.0160424772	0.0467630118	0.0973806321	0.0791431475	0.07995269969999999	-0.0814420439	-0.025691554300000002	-0.014248526000000001	0.0588892002	0.0550789249	-0.1180770687	-0.041702692	-0.1304453315	-0.0655674099	0.025971911099999998	0.0661150766	0.1625295268	0.06347856980000001	0.002157914	-0.010866351699999999	0.1265490901	0.0048890084	0.1182673386	0.0158796151	0.0647978333	-0.0401453848	0.0833597956	-0.0486894955	-0.1258144548	-0.0884137577	-0.0801749234	0.0319767034	-0.0135855352	-0.10355169550000001	0.1462327849	0.10729382259999999	0.039643006200000004	0.0450828654	-0.0019779574	-0.1806790016	0.0106701674	0.2012826596	-0.1182009157	0.0426603	0.006535300000000001	4.271014609000001e-05	0.00181990119609	0.194109	0.080818	0.037678303881	0.006531549124000001	0.0305784	-0.0200662	0.00093503854656	0.00040265238244	0.00725827	0.0008520400000000001	7.259721616000002e-07	5.26824833929e-05	0.0014421499999999995	0.00025404999999999894	2.0797966224999987e-06	6.454140249999946e-08	0.000887361	0.00015039300000000032	2.2618054449000087e-08	7.87409544321e-07	0.0	0.0
8675.231791058612	5.525582649532225	75259646.62859401	30.53206361681157	10500.34236297187	17.528151111269835	110257189.7396217	307.23608137951	6403.758674420634	5.941601262572477	35.30262556340284	41008125.16021751	6737.688232127855	9576.312671092708	0.973696	41.940468	0.14349334999999994	0.0954108	-0.005275255600000001	0.07401542009999999	0.06213868700000001	-0.0385039175	0.1451050121	-0.0179053578	-0.0194858813	-0.0943816725	-0.07084391400000001	0.0927815932	0.072242387	-0.064601518	0.010804899599999999	-0.0090822253	-0.0080161593	-0.0394554898	-0.045978653700000004	0.119257999	0.09527007289999999	0.0511054811	-0.1088180875	-0.12173759070000001	-0.049230601799999996	0.0192460653	-0.059940648099999994	0.0311065814	0.0422914492	-0.0214327662	0.047292993600000006	0.0178802891	0.0396692176	0.055351726399999995	0.0315348374	-0.09558430789999996	-0.08319118980000001	0.044249651200000004	-0.0052013457	0.0768727183	-0.0313817313	0.06936447009999999	-0.0097313174	-0.1092948582	-0.015764203100000002	-0.194592531	0.09630117269999999	-0.0025417792999999998	-0.033110791699999996	0.1125036309	-0.0106576827	0.0368518347	0.0355352108	0.0514664	-0.17566979559999998	0.0532257161	0.0834682798	0.0369348698	-0.19506321969999998	-0.0265286117	-0.1051243206	-0.1128841066	0.08725062609999999	-0.060105919699999996	0.0727747703	-0.028372057599999997	0.0419569713	-6.74828e-05	0.0235747031	0.029758390699999998	0.0657832275	-0.1609265625	-0.026493781	-0.10025478560000001	0.030011300299999998	0.011079238200000001	0.0233481715	-0.0697697992	-0.06858582070000001	-0.0020951426	-0.07253758889999999	0.047333167300000006	-0.0724791604	0.0534082494	0.0801022282	0.0143209016	-0.0036478807000000003	0.0498015746	-0.09019569359999999	-0.0749990562	-0.0273867871	-0.0796642127	0.0044104667	-0.0557434395	-0.0816312897	-0.0143843053	-0.0654829622	0.0595171064	0.0389910939	0.1449958662	0.1317754343	-0.011453577099999999	0.011126164499999999	-0.1414796828	-0.1203443519	-0.0454649561	0.044200253700000004	-0.118487761	0.0160025397	0.11204761	0.0698788698	-0.0240144336	0.1646372565	-0.0793925192	-0.0783052443	-0.028159405499999998	0.0290861227	0.0587330265	0.0879609128	-0.0493408241	0.1455234947	-0.0228353571	0.0097046415	0.048548292800000004	-0.028111307400000004	-0.1189682874	0.004491353	-0.1095169276	0.028539512799999996	0.0038547177000000004	0.0402230949	-0.12874012880000002	0.0210844812	-0.0534887667	0.0499491196	0.0566368501	-0.045061048799999996	0.09756400529999999	-0.0204929958	0.0803148395	0.0969485811	0.008772919	-0.0196688759	0.0455660492	-0.119163255	0.042583800000000005	-7.649999999999324e-05	5.8522499999989655e-09	0.0018133800224400004	0.110172	-0.083937	0.012137869584000002	0.007045419969	0.045664300000000005	0.015085900000000006	0.0020852282944900003	0.00022758437881000015	0.00651186	-0.0007464099999999994	5.571278880999992e-07	4.24043206596e-05	0.0014421499999999995	0.0	2.0797966224999987e-06	0.0	0.00102883	0.00014146899999999986	2.0013477960999958e-08	1.0584911689e-06	0.0	0.0
8670.859119826831	-4.372671231780259	75183797.87588413	19.12025370123869	10476.449380336282	-23.89298263558885	109755991.61874849	570.8746192245502	6407.968747966132	4.210073545497835	17.724719258500713	41062063.47491063	6742.744664781393	9590.575297854492	0.950442	40.938866	0.0626874	0.035801	-0.0211708329	0.0564717114	0.109087959	-0.0804845683	0.0052791377	-0.0061259803	-0.015787278000000002	-0.0200469995	-0.12413250470000001	-0.025837474500000002	-0.1155105198	-0.0390533246	0.041094393	0.0150663499	-0.0071473676	0.0067637551	-0.048423378600000004	0.0303362594	-0.0042301088	-0.1169733205	0.0857899807	0.19915792920000008	0.0227885117	0.0734423175	0.1181819258	0.0211464892	0.1565065088	0.0066408964000000004	0.0512359783	-0.0070954503	-0.1708791476	0.1076790284	-0.08182770610000001	-0.0484550266	0.10949537289999996	-0.0893198784	0.027005185600000002	0.1161231227	0.0096710379	-0.0169125516	0.213858565	-0.023096833799999997	0.067382556	0.058426949699999994	0.029729379900000002	-0.1783399747	-0.1217988081	-0.0377766634	-0.0296867968	0.14237116449999998	-0.0177219649	0.0065178274	-0.014396895900000001	-0.06751515059999999	-0.015673269899999998	0.0724008396	0.0690489178	-0.1330820326	0.0916702714	0.008099505600000001	0.0258668063	0.046602579400000003	-0.005720015	-0.019172293700000002	0.0554248128	-0.035656729	0.0033988555	0.2076012031	-0.0169801703	-0.0417252512	-0.0347626484	0.0442928624	-0.112382719	-0.056409489800000004	-0.1625333264	0.0206851909	-0.0178070566	-0.005311587800000001	0.1949140544	-0.1274868589	0.0532099663	0.0744043093	-0.0742559357	-0.0824708695	-0.0156566615	-0.0685575267	0.060541041	0.1452196654	0.0286863249	0.0670027878	-0.021682604900000003	-0.07088684599999999	-0.0305246736	0.0945247409	-0.1248745467	-0.1606884443	-0.0353188985	-0.0279565649	-0.0829115015	0.0199249156	-0.111882404	-0.1624217048	0.044184528499999993	-0.1020586898	0.0573585298	-0.0078028019999999984	-0.0171081131	-0.0410901916	-0.0033138231	0.11929853539999999	0.0134409097	0.0012808395	-0.09282771710000001	-0.041364540400000004	0.0243723979	0.08916036150000001	0.09727757890000001	0.06653786610000001	-0.0829182876	-0.0010519492999999998	-0.022026292200000002	-0.1199204566	0.07133959690000001	-0.0799857145	-0.09028347839999999	0.12758599369999998	-0.021036545	0.12971916349999998	-0.219126087	0.037298376099999996	0.17023317219999998	-0.0558118628	-0.0639193758	-0.0436720205	0.1049904708	-0.0543292149	-0.0246344861	-0.1107970527	-0.1142985432	-0.0135677676	0.0489778443	-0.0203179195	-0.1200538149	0.0425517	-3.210000000000712e-05	1.0304100000004572e-09	0.0018106471728900001	0.086465	-0.02370700000000001	0.007476196225	0.0005620218490000003	0.0203495	-0.025314800000000002	0.00041410215025	0.0006408390990400003	0.00673254	0.00022068	4.86996624e-08	4.532709485160001e-05	0.0014421499999999995	0.0	2.0797966224999987e-06	0.0	0.00108082	5.1990000000000016e-05	2.7029601000000025e-09	1.1681718723999998e-06	0.0	0.0
8690.660215102154	19.80109527532295	75527574.97435942	392.0833741024168	10477.30351507181	0.854134735527623	109773888.9469361	0.7295461464348425	6403.073223095235	-4.8955248708962245	23.966163761563497	40999346.70031921	6733.00927229927	9543.04271844228	1.003499	43.224209	0.1537041	0.10926300000000001	0.0512941756	0.06428778019999999	0.109128023	0.1304359633	-0.05503295440000002	-0.0172753195	0.0465195977	-0.1476649535	0.0892096853	-0.0730648488	-0.0318098057	-0.1492739659	-0.0375814844	-0.04625793	0.026589829900000004	0.0478054791	-0.0093177835	0.06577892860000001	0.0360953158	0.07904487730000001	0.17233707469999998	-0.0583575301	0.0226822932	-0.18889354739999997	-0.028105890499999998	0.1029474733	-0.090159633	-0.0369185958	0.0572830238	-0.031137841	-0.100127503	-0.0091573722	-0.0313731213	0.1651251443	0.0578100155	-0.1119249722	-0.0592775396	0.142043997	0.005270835799999999	0.061756385999999996	-0.0465324271	0.1168719	-0.015068401200000001	0.1023504834	0.1792281755	-0.0030466807	6.65869e-05	-0.10323699310000001	0.047791027800000004	-0.0595911378	0.14312054130000001	0.0340966251	0.0732317132	0.1001305749	-0.0917389025	0.008945869	-0.035502931099999996	-0.0330762757	0.0174241864	0.06642447309999999	0.0059095177	0.0625330803	-0.0428214325	-0.078411484	-0.0879669494	-0.0782070312	-0.0207991214	-0.0630957851	0.0381292454	-0.0304678635	0.1183819115	0.0985747515	0.0456705012	-0.010597351599999999	0.0414586834	-0.0912877505	-0.0779973036	-0.015096478799999999	-0.0346541555	-0.1299812343	-0.0793543007	-0.1397850899	-0.031787344	0.09295708859999999	-0.17925999980000001	-0.0880509644	0.0037868963	-0.1106563765	-0.0474977708	-0.057034795599999986	0.070879287	-0.0632655254	-0.12489589849999999	0.0448120419	0.0422552731	0.0278228198	-0.1195789523	0.0093090282	-0.16447955150000002	-0.0110103661	0.1319197694	0.0820156784	-0.0051595705	0.048075965899999996	0.077973448	-0.0894528882	0.0813999613	0.03449453	-0.0146874621	0.12380681939999999	-0.0158986525	-0.0124737071	0.062108547300000004	0.0357215304	0.017736978799999997	-0.024153237	-0.0765989546	0.0632359867	-0.0209323655	-0.0641570424	0.0047930905	0.0265021119	-0.08960262449999999	-0.0236884446	0.0349332136	-0.017620208000000002	-0.1677370551	0.0507404592	0.13073962460000002	-0.0925193728	0.1178466858	0.15401696269999998	0.0694398997	-0.0013135393	-0.0966472639	-0.024307038599999997	-0.1573634842	0.1316850346	-0.0593268146	-0.0369536097	0.0085287727	-0.050087451	-0.12087205890000001	0.0424348	-0.00011689999999999617	1.3665609999999106e-08	0.0018007122510399999	0.187357	0.100892	0.035102645449	0.010179195664	0.0123353	-0.008014199999999999	0.00015215962608999996	6.422740164000002e-05	0.00741125	0.0006787099999999999	4.6064726409999993e-07	5.492662656250001e-05	0.00165258	0.0002104300000000006	2.7310206564e-06	4.4280784900000255e-08	0.00107634	-4.479999999999849e-06	2.0070399999998643e-11	1.1585077956000002e-06	0.0	0.0
8713.53423274197	22.87401763981507	75925678.82516618	523.2206829865709	10513.47186842204	36.16835335023097	110533090.72810164	1308.149784067164	6410.368419915988	7.295196820752608	53.219896653518965	41092823.2790562	6743.640909389834	9695.337471623065	1.058969	45.613461	0.1844195	0.124113	-0.050328954	0.010760484499999999	0.0631783808	4.94428e-05	0.1672189839	-0.0427162099	-0.0855057121	-0.0963135955	-0.0675309149	0.1565030673	0.031355081	-0.16904304239999998	0.1009297543	0.051457641299999995	-0.0277706025	0.1742885961	0.1593918526	0.002362245	-0.0064884059999999995	-0.026426755299999997	0.049403965700000003	-0.2596354312	-0.11169589210000001	0.0751924825	-0.0083977421	-0.0430887035	0.0164481023	0.056664407199999996	-0.0116941951	-0.0208403031	0.15123704599999999	-0.0815953655	-0.0289116792	0.09883350810000001	-0.0125024557	-0.0313749441	0.0511192489	0.0990422154	-0.0682254737	0.0997599613	0.0754186946	-0.15763796619999998	-0.0099230962	-0.0379668534	0.0797176284	0.0169372499	-0.1338283385	0.0074144571	-0.11937495349999999	-0.019292513100000002	-0.0060479836	-0.107762525	-0.1358975684	0.050153416799999996	0.0073081435	0.0911694911	-0.2007869246	-0.1304049648	-0.2894326505	-0.1388629398	-0.0056967938	0.0693438309	-0.0960980875	0.0777020404	0.0648344986	0.131513293	-0.1244462915	0.0164820203	0.0011919578999999999	-0.0194402399	0.0819270182	0.19343461469999998	-0.009717164399999999	0.0698472225	0.0827868548	-0.0683059028	-0.0249795491	-0.0143007787	0.0332244958	-0.023356784	-0.0508621878	0.0387304304	-0.08928471199999999	-0.1326970008	-0.027474137599999997	-0.027260162400000003	0.0492431283	-0.0417822281	0.0566500779	0.0474765275	-0.051246060700000005	-0.0925423069	-0.1079374171	-0.0238776803	-0.15883636869999998	0.0467670249	0.0880531269	0.005779784699999999	0.046600847199999997	0.0780078464	0.0597398221	-0.1639220824	0.0407368044	0.0257859845	0.0288399283	-0.0803470571	0.0087935489	0.16925618109999999	0.0184585291	-0.0528456185	0.30466760379999996	-0.1258696447	0.0143818704	-0.169975266	0.0060991584	0.1476204536	0.045596201100000004	-0.06672416540000001	-0.19387319890000002	0.0746142938	0.0546146759	0.0535500795	0.0262513706	0.083270108	0.08628712779999999	-0.0232126153	-0.1255631419	-0.1139233582	-0.025114304599999998	-0.1809303857	-0.044537567699999996	0.0654355242	0.0418645833	0.0398987268	0.0004317689	-0.09319270550000001	-0.0774695277	0.0391562998	0.0487999353	0.058706952699999995	0.1517917221	-0.0460339899	-0.121617494	0.0425893	0.00015450000000000186	2.387025000000057e-08	0.0018138484744900003	0.0747276	-0.1126294	0.005584214201760001	0.012685381744359998	0.0301129	0.017777600000000005	0.00090678674641	0.00031604306176000017	0.00658813	-0.0008231200000000001	6.775265344000002e-07	4.340345689690001e-05	0.00140525	-0.00024733000000000003	1.9747275625e-06	6.117212890000001e-08	0.00106963	-6.710000000000048e-06	4.502410000000066e-11	1.1441083369e-06	0.0	0.0
8715.164144538923	1.6299117969538202	75954086.06625687	2.6566124658492307	10471.135113309409	-42.33675511263209	109644670.56118125	1792.4008334669793	6409.378100383348	-0.99031953263966	0.9807327767276344	41080127.63367366	6737.401731907517	9702.9157977961	1.0697530000000002	46.077965	0.25074935	0.15673800000000002	0.07796351900000001	-0.0320380926	0.14598459589999999	-0.058908480199999995	0.07402324240000001	-0.005936357099999999	0.0523132618	-0.13438639759999998	-0.08532882289999999	0.0253508614	-0.110702823	-0.114125295	-0.0385657063	-0.06973359629999999	-0.0675043831	0.0007497239999999999	0.0740076545	-0.20347989800000002	-0.05714622940000001	-0.1249830327	0.0423715327	0.028877815	0.0438950123	0.1466020489	-0.0919426584	-0.17501707719999998	-0.1721404522	-0.039975186600000004	-0.0120543104	-0.0389128949	-0.049683440599999996	0.0060016914	-0.003406633	-0.1899517214	0.0198809608	0.2324389488	-0.0582875675	0.11319615449999999	0.04662683769999999	0.0401076577	0.10573267369999999	-0.0409453199	-0.10836482210000001	0.1352142716	0.0155605585	0.0268241959	-0.0882356743	-0.0372670273	-0.056154153899999996	-0.0289190769	-0.0590932523	-0.21941086199999998	0.1892237025	0.053444205700000004	0.0032176024	0.0393495618	-0.000494392	0.2133979431	0.0544822002	0.09677330460000001	0.1378835748	-0.1242360707	0.0789057361	0.09285506519999999	0.0686851101	0.1500437091	-0.0531313206	0.1919829141	0.0959912137	0.0610975382	0.0041958871	-0.0160184812	0.0029018447999999996	0.0881958194	-0.009152803900000001	0.1135208713	0.2221514559	-0.1227895094	-0.0437343172	-0.0419628742	0.015710641100000002	0.0128623326	-0.0351912256	0.0346738598	0.17661395100000002	-0.0004934907	0.0952056107	0.0103588849	-0.0679830899	0.0543872635	0.0767449367	-0.044506135599999996	-0.122053946	0.10501498349999999	-0.0657299075	-0.0851988118	0.0451213801	-0.0066002752	-0.18375591600000002	0.058042415199999996	0.066901087	-0.0399848253	0.0662363021	0.1166554684	0.0408783679	0.134294432	0.1387996648	-0.1239413237	-0.0174499989	-0.1077215624	0.03435172	0.048348124400000005	-0.038866615699999996	0.17412748809999998	0.002019183	-0.0782207184	-0.10410635539999999	-0.1139441775	-0.0204626153	0.17064386850000002	0.1442694474	0.0484657441	0.0358694773	-0.10598856289999999	-0.0469438342	-0.026421980699999997	0.0223493729	-0.0745086851	-0.17438781949999999	0.1279044446	-0.12491775470000001	-0.0131775811	-0.1804029675	-0.0517862838	0.105141256	0.0772222751	0.051480503899999995	0.0694012383	0.1314269802	0.0293474684	0.1550370954	-0.1387683	-0.12228967130000001	0.0424346	-0.00015470000000000067	2.393209000000021e-08	0.0018006952771600004	0.208375	0.1336474	0.043420140625	0.017861627526759998	-0.008482349999999998	-0.03859525	7.195026152249996e-05	0.0014895933225624995	0.00787436	0.0012862300000000002	1.6543876129000004e-06	6.200554540960001e-05	0.00161462	0.00020937	2.6069977444e-06	4.383579689999998e-08	0.00114107	7.144000000000009e-05	5.103673600000012e-09	1.3020407449000002e-06	0.0	0.0
8746.689455928406	31.525311389483253	76504576.43844916	993.8452582038824	10488.773783357863	17.638670048454514	110014375.47845522	311.1226810782464	6415.191383433218	5.813283049869825	33.7942598179038	41154680.486075796	6746.719975627565	9802.538399674997	0.993169	42.779263	0.20084865	0.109616	0.0061182164	-0.0771990329	0.1726238463	-0.0301473936	-0.0062399612	-0.0284294513	0.012924369599999999	-0.11166119869999999	-0.038165988	-0.0881553029	0.0128212599	-0.0454747613	-0.025216948599999997	-0.04575592480000002	-0.2062591738	0.0202571494	0.0320151717	-0.1074117415	0.2596919348	0.0085010378	-0.0036637045	0.0137973708	-0.042453194699999995	-0.08738071039999999	0.016594296799999998	0.0151410108	-0.024060529	0.059932469	-0.018377359	0.0336326976	0.0940758719	0.1551547085	0.0409104467	0.07487582549999999	0.1529666109	-0.0451382676	0.0115441462	0.16040058810000002	-0.013489389499999999	-0.0790959914	0.024980053199999998	5.346560000000001e-05	-0.11282811710000001	-0.0157058547	-0.062369370300000004	-0.2227181594	-0.0902603176	-0.1155528449	0.0324334166	0.015417829199999997	0.100158976	-0.0337192474	-0.0276727235	-0.1054403056	-0.0139946095	0.0449300578	-0.0838807363	0.1665459161	-0.0106131027	0.027627126499999998	-0.033532163	0.0407833711	0.08944189109999999	-0.079320222	0.0772371337	0.0782758943	0.10428415380000004	-0.031071112999999997	0.0667496026	-0.0077335325	-0.10814253019999999	-0.0530226172	-0.08976492039999999	0.10559792400000001	-0.09072374539999999	0.1341541178	0.0836679124	-0.0080783177	-0.105410941	-0.0566586412	-0.14385433460000002	0.1450491364	0.0221981775	-0.061601246	-0.047736663799999995	0.0133618947	0.0713971575	-0.0207614503	0.0574609912	0.0220357498	-0.0002222577	-0.1114520827	-0.1062654717	-0.0075848239	0.0686954511	-0.0816442015	0.0123023115	0.0515816125	-0.0706875296	0.0708734934	-0.1356772746	-0.09621235550000001	0.1587416188	0.0263194941	0.0895922576	-0.11913870539999999	0.0267618412	0.094211864	0.012778361799999999	0.016690571499999998	-0.11967227119999999	-0.14760175279999999	0.0604006389	0.1223416231	-0.0162523766	-0.0033740876	-0.1159621667	-0.10823341730000001	0.1009353235	0.0234098082	-0.11111093960000001	0.0611972603	0.015420494299999999	-0.0562851798	-0.155252909	-0.08524575460000001	0.0740686079	-0.0461507534	-0.1251873299	0.0023022099	-0.06021788030000001	-0.0192166241	0.0303553568	0.1095728541	0.18027084079999997	0.0924942388	-0.0773635574	0.0019297786999999999	0.17568192489999998	0.0990026551	0.1060455007	0.0034579171	-0.1228881859	0.0426186	0.00018399999999999667	3.385599999999877e-08	0.00181634506596	0.145591	-0.062784	0.021196739281	0.003941830656000001	0.0586438	0.06712615	0.0034390952784399994	0.0045059200138225	0.00673937	-0.0011349900000000009	1.2882023001000014e-06	4.54191079969e-05	0.0013727	-0.00024191999999999985	1.8843052900000005e-06	5.8525286399999916e-08	0.00110289	-3.8180000000000065e-05	1.4577124000000057e-09	1.2163663521e-06	0.0	0.0
8749.249827296448	2.56037136804116	76549372.54044692	6.555501542284963	10491.674738661515	2.900955303652154	110075238.82186817	8.41554167378756	6414.485728752528	-0.7056546806898041	0.4979485283794294	41145627.16436985	6743.496389437694	10010.06645755844	0.985602	42.453304	0.16757718000000002	0.08931509999999998	0.053699590199999994	-0.1570553914	0.1574917746	0.1328150488	-0.0460991041	-0.0187972803	0.0418476974	-0.1266312777	0.06308159740000001	-0.0487684964	-0.1294339134	-0.0704921032	-0.1663082508	0.0375366234	-0.09258636869999999	0.1577333903	0.0170100571	-0.059895588099999994	-0.1499013243	0.0363862565	0.0627133041	0.0098159781	0.0702515656	-0.10252137859999999	-0.0038508761	-0.0291923703	-0.002429047	-0.0933085963	0.10002963320000001	0.007742861899999998	0.17377980440000002	0.1103904218	-0.026399554500000002	-0.0450937304	0.1745704725	0.0622450041	-0.0378730469	0.1243382477	0.0769640079	-0.0174093159	-0.0001003235	0.1263524846	0.022201667	0.0942404194	0.1211254532	0.0864537091	0.0392421501	-0.0129899627	-0.0064214639	0.1511548768	0.0135219332	-0.19476777969999998	-0.0107868427	0.0967461152	-0.1440868511	0.1627657749	0.0695554149	0.009940170699999999	0.0418958932	0.0171044242	-0.0815748604	-0.0219441766	0.029216751099999997	-0.0285863727	0.11732128369999999	0.0656531587	0.0824516459	0.0259177033	-0.008241804	-0.0476286374	0.12329720820000001	0.0762437288	0.1382042724	0.1576065754	-0.022558850800000002	0.0151575069	0.0262116583	0.0747203649	-0.1310224035	0.11709979359999999	0.036355382	-0.100170508	-0.190892932	-0.0179194593	-0.0492743678	-0.009030927099999999	0.0305589511	0.0696418388	0.0372394125	-0.033358553900000004	0.0462997023	-0.0578377742	-0.103228733	0.1254854423	0.0591611557	-0.0287983175	-0.0708739368	-0.0791141091	-0.061549361399999995	-0.14645156480000002	0.2087193041	-0.0635208453	0.1485550931	0.0266765675	-0.0173938446	0.05787253410000001	0.1612134432	0.010970721599999999	0.05539172	0.0104417949	-0.0363413502	0.15851355849999998	0.082998276	-0.0166366182	0.1547656879	0.007113700400000002	0.0411175657	-0.1348057564	-0.0314779793	-0.0392136075	0.0075075975	-0.0158913421	-0.033655893	-0.0013828521	-0.1192898131	0.0721769197	0.0407566149	-0.0562673548	0.041293483799999996	-0.0057824040000000005	0.0554831071	0.0774202892	0.1633821463	-0.03362016	-0.1697124977	0.0315834551	0.1250405117	-0.08737919109999999	-0.0030369179	0.025543092000000003	0.006911097299999999	-0.1862701307	-0.12341267730000001	0.0424219	-0.00019670000000000104	3.8690890000000414e-08	0.0017996175996099996	0.201508	0.055917	0.040605474064	0.0031267108889999995	0.00163632	-0.05700748	2.6775431424e-06	0.0032498527759504	0.00746688	0.0007275100000000008	5.292708001000009e-07	5.57542969344e-05	0.0016072599999999995	0.00023455999999999933	2.5832847075999983e-06	5.501839359999969e-08	0.00122994	0.00012704999999999986	1.6141702499999966e-08	1.5127524035999996e-06	0.0	0.0
8738.894236910022	-10.35559038642532	76368272.4838992	107.2382522514245	10504.411535892104	12.736797230589216	110342661.71538313	162.22600369314517	6403.8698209511795	-10.615907801347928	112.69749844671983	41009548.683689296	6736.55223513251	10048.799689669246	1.013377	43.649681	0.10302878000000004	0.0515557	0.0955018473	-0.1523928799	0.09536330929999999	0.0265274423	0.19676542309999998	-0.0222663858	0.0628260937	-0.1342807948	-0.0197868039	0.16195008800000002	0.020781151299999998	-0.0805206533	-0.1908853716	0.021165715699999997	-0.1066709778	-0.0438314846	0.06262147259999999	-0.0776587541	0.0689313896	-0.0026811961	-0.05914211320000001	-0.0701267098	-0.0454148636	-0.1340356385	0.0130180503	0.0687511107	0.205341525	-0.041318205	0.10186008619999999	0.16359227839999999	0.1247999334	0.0667145994	-0.0739712646	-0.022632412	0.0560013058	-0.0052075339	-0.10558901529999999	0.11346978279999999	0.0244399816	0.1397987309	-0.0037137909	-0.0651937539	-0.08779840929999999	-0.0133086427	0.1324259853	0.1077551667	0.0110030401	-0.1018666229	-0.1215409167	0.0195129439	-0.020016594	0.0198698587	0.025723501	0.0680100168	-0.09507163210000001	-0.07816169519999999	-0.0164663331	0.0031610969	0.0925187669	-0.0215494115	0.0079467024	-0.0385685268	0.072389436	-0.021427332799999997	0.0008863097	-0.1311509302	0.08693392220000001	0.0175042359	-0.0296187047	-0.0612912253	0.0649863449	-0.16970758960000001	0.0260953597	-0.0917050083	-0.005917237	0.012328288100000001	0.0398798058	0.0818852214	0.0659360244	-0.0546386004	-0.0604039547	0.0929399573	0.0273901437	-0.0830777082	-0.10455528759999999	0.1353706454	-0.0503620687	-0.055922718200000006	-0.0540161142	-0.0635216875	0.09534309279999999	-0.039779946000000004	-0.1317653711	0.0633067671	-0.0595336104	0.0544304678	0.0615265646	0.0975557672	-0.0700620587	-0.051373243799999996	0.1522523697	-0.042431194900000004	0.0286918059	0.0159017391	-0.0108576847	-0.0451216759	-0.0760224744	-0.10355455429999999	0.014169853799999996	0.0834977258	0.0926337092	0.043022029100000005	-0.0577103241	0.07135777759999999	-0.028550037200000006	-0.1186246573	0.0499249786	0.046140263099999995	0.0709008592	-0.117246862	-0.0652606262	-0.0186016282	-0.0708207237	-0.0791706001	0.052911863899999995	-0.0187525726	0.0599805303	-0.0751390497	-0.0014855529	0.1318614902	0.08553550630000001	-0.030571795099999997	0.1143324107	-0.0804000671	0.0038928308	0.017628266	-0.0441573839	0.0168735899	0.1125415534	-0.1051958083	0.060794175	0.2178357772	-0.1238628294	0.0471411	0.0047192	2.227084864e-05	0.0022222833092100003	0.24177	0.040261999999999985	0.058452732899999985	0.0016210286439999994	0.0111079	0.00947158	0.00012338544240999996	8.971082769639998e-05	0.00785307	0.0003861899999999998	1.4914271609999984e-07	6.16707084249e-05	0.00184591	0.00023865000000000062	3.4073837281000007e-06	5.69538225000003e-08	0.00157662	0.00034668000000000004	1.2018702240000002e-07	2.4857306244e-06	0.0	0.0
8699.571456724998	-39.32278018502439	75682543.5306643	1546.2810414797464	10475.837428542822	-28.574107349282713	109743169.82925868	816.4796108083324	6403.3831742391785	-0.486646712001857	0.2368250223022183	41003316.07612941	6738.933177055824	9977.863496818969	1.098749	47.326935	0.194074	0.138045	-0.0204822382	-0.1111559007	0.1463511887	-0.0172537197	-0.027332686600000003	-0.006994386	-0.054958432	-0.0721683469	-0.01046311	0.0214283578	-0.0611201753	-0.0364054063	-0.1141915988	0.19300735230000002	-0.10375707990000001	-0.1294566226	0.0977432979	0.0626302747	-0.0010759839999999999	-0.192652773	-0.2555338769	0.09890289099999999	-0.029466128900000006	-0.024958238900000002	-0.1409038318	-0.050911354000000006	-0.0028774538	0.0394862469	-0.0330577985	-0.0582177892	0.0569653547	-0.023388478900000002	0.0086995062	0.0152334996	-0.1114789678	0.0126609127	0.0227177573	0.1194547717	-0.027170173	-0.010538543000000001	0.0677527633	0.0137344261	0.009364568299999999	-0.020323078799999998	-0.09453999380000001	-0.0120820616	-0.0985539725	0.0702851032	-0.2013475111	0.0180205406	0.052742266399999994	-0.0557366633	0.0446417382	0.1287996398	0.1199194379	0.1315976778	0.0753991443	-0.0924786523	-0.0823019206	-0.1366223989	-0.0653229121	-0.0097031675	-0.0063577126	-0.0366938091	0.0636520713	-0.08451919810000001	-0.1518058514	-0.09105682009999999	-0.0102267242	-0.1275306602	-0.09514529	0.1396831141	-0.0076885934	-0.0046439649	-0.0831424646	-0.0958514774	0.0813939642	0.0177721484	0.1007144992	0.06421879280000001	-0.008135923100000001	-0.0304876262	-0.00656385	0.1606241848	0.0113107762	-0.0814586986	-0.013804876200000002	-0.059386819199999996	0.12151593320000001	-0.11653497800000001	-0.0212151573	-0.0761923307	-0.084467344	0.0189424012	-0.0245082742	-0.0718008342	-0.0433339432	0.0106965336	0.0561263946	0.0179019699	-0.0303924184	-0.1574675062	0.0697600135	0.0341354262	-0.0365236703	-0.09646946029999999	0.1143299413	0.0022770807999999997	-0.1151367718	-0.1790650216	0.07667098559999999	0.0011399385	-0.12100797699999999	-0.0658546763	-0.0109501734	0.033475097999999995	0.1149589276	-0.0546771384	-0.1320286117	-0.1896358174	-0.026188420499999997	0.0615199498	-0.1198659274	0.1046102965	0.0061357519999999995	0.202975627	-0.0120904724	-0.10593172949999999	0.0300155431	-0.0003496757	0.0686410187	-0.0515885891	-0.1305110167	-0.0080411384	0.0357955474	0.1187850091	-0.047556109299999996	0.0391647042	-0.12336744390000001	0.021113034500000002	-0.12042587460000001	-0.0335294493	-0.12423837130000001	0.0461536	-0.0009874999999999953	9.751562499999908e-07	0.00213015479296	0.111903	-0.12986699999999998	0.012522281409	0.016865437688999996	0.0189954	0.0078875	0.00036082522116	6.221265625e-05	0.00715212	-0.0007009500000000005	4.913309025000006e-07	5.11528204944e-05	0.00148546	-0.00036045	2.2065914116e-06	1.299242025e-07	0.00153138	-4.524e-05	2.0466575999999997e-09	2.3451247044e-06	0.0	0.0
8678.356149531135	-21.21530719386283	75313865.45810486	450.08925932996783	10482.018625626153	6.181197083331425	109872714.4679736	38.20719738298493	6392.345362881084	-11.037811358094585	121.83327957688186	40862079.2383473	6723.799842918778	9726.336799171564	1.074385	46.277512	0.2696099000000001	0.150044	0.0627441569	0.0082676342	0.0871456572	0.1937298871	0.0051884698	-0.023595459300000003	0.0652749136	-0.1106095191	0.13014618990000001	-0.010298556700000001	-0.0531206828	-0.20976801890000002	-0.0873322901	-0.0386435226	0.08547745470000001	-0.059917255	0.0776093779	-0.0666171763	0.078946759	-0.0638001155	0.10911955150000001	0.1166522104	0.0134919661	0.0171888005	0.0816712155	-0.017057945300000002	-0.0140095657	0.0805903984	-0.0271225016	0.0027481561	-0.08928664	-0.1338020682	-0.0255561124	0.12598124619999998	0.008421013199999999	-0.0589313239	-0.088797149	0.0946361504	0.0124477309	0.12946657720000002	-0.09073207330000001	0.0774392538	0.0243739534	0.060627986900000014	0.0969013524	-0.0117439594	0.006939559200000001	-0.0316095935	0.0021523662	0.058053054699999995	-0.041244473399999995	-0.12053755960000001	0.1388804937	-0.08568689410000001	0.1724309607	0.0632549569	0.0283308731	-0.0539096545	0.0634121046	-0.0074870382	0.047622575599999994	0.0430189602	0.0887344076	-0.0170499458	0.094645405	-0.0666438477	0.1629264657	0.0400676073	0.0311380437	-0.0578195941	-0.1551623665	0.0014270097	-0.0239292908	0.010876524399999999	0.09623061880000001	0.0513641396	-0.1431108033	-0.06160155570000001	0.0715064175	-0.0792617944	0.0984969503	-0.1291916352	-0.0713653734	0.1230730948	-0.0125438323	-0.09960472869999999	0.0038695392	0.0159215106	0.0529933432	0.2326821745	0.09037563130000001	-0.028770128	-0.1111401717	0.06813176139999999	-0.0078413909	0.1111207706	-0.116373533	0.0692378556	-0.1351898083	-0.1018024536	0.0477511947	-0.0230050556	0.044786386	-0.0006428243	0.013974756299999998	0.13476650140000002	0.0284961904	-0.0455949069	-0.1415233887	-0.015857468	0.0319189848	-0.042147672000000004	-0.1692506788	0.0616710193	-0.0026873894000000002	-0.0055585441	0.0788284954	-0.035347863199999996	0.0670836401	-0.1289824986	0.0519326021	-0.0723144103	0.06388821139999999	0.0345131924	-0.1666576864	-0.1518634506	0.0031550182	0.1302776679	0.046588253600000004	-0.012643452099999999	-0.0238555127	0.0287703021	-0.0975310513	0.0044628854999999995	0.015520961399999996	-0.0631781167	0.12384599589999999	0.0625461014	-0.18921486199999998	0.0416198378	0.11662744039999999	-0.0219893087	-0.1245390765	0.054585400000000006	0.008431800000000003	7.109525124000006e-05	0.0029795658931600012	0.236832	0.124929	0.056089396224000006	0.015607255041000002	-0.0276172	-0.0466126	0.0007627097358400001	0.0021727344787600003	0.00831421	0.001162090000000001	1.3504531681000024e-06	6.912608792410001e-05	0.00192382	0.00043835999999999983	3.7010833924e-06	1.9215948959999983e-07	0.00172366	0.00019228	3.697159839999999e-08	2.971003795599999e-06	0.0	0.0
8693.404480550627	15.048331019492252	75575281.46245772	226.45226647221276	10502.808822002804	20.790196376650783	110308993.15153992	432.2322653797034	6399.265530824753	6.920167943669185	47.888724368586594	40950599.33400181	6732.4436340870825	9634.4358929317	1.020599	43.960728	0.1941380000000001	0.113448	0.0079556714	0.0427993008	0.0886051132	-0.0375986023	0.13496133710000002	-0.0296193106	0.021179605299999998	-0.07099170519999999	-0.0705841476	0.0612860789	0.0656958126	-0.140855279	-0.0069280626	-0.059675557699999986	-0.06485586480000001	-0.1573435097	-0.045382915499999996	0.0175294925	-0.0006865302	-0.0186693471	0.0832483822	-0.10397723560000001	-0.09391704070000001	0.0618933778	0.014370698400000001	0.08587780810000001	0.0246190058	-0.0596919939	0.035926355699999996	0.0465983004	-0.1312352974	-0.021998296	0.0401071304	0.0247197439	-0.0672983009	-0.1350474069	-0.0133226309	0.1178274858	-0.0553639953	0.1106138277	0.0419379115	-0.0302722434	-0.05975867150000001	-0.026231462	0.1303140393	0.0625179434	-0.027370657000000003	-0.0107541319	-0.005872476999999999	0.0207702448	-0.0205464643	0.0562859134	-0.06039207200000001	-0.0826728322	-0.0401978402	0.0722212638	0.1407370412	0.0038137349	-0.052051663600000006	0.0746941748	0.0258886352	-0.19508459620000002	0.09633874199999999	-0.0302652759	-0.0651125056	0.010526008	-0.1913539941	-0.1145922374	0.204499629	0.0394474381	-0.0087990849	-0.1699645955	-0.1902637828	-0.17343852210000002	-0.032178537	-0.0020002826999999997	0.006521060899999999	-0.12124582519999999	-0.0687904672	-0.0677599802	0.23282906350000002	-0.10403446599999999	0.1012941197	-0.062479206100000004	0.0312219932	-0.042273757099999996	0.0354641871	-0.0630649147	0.11468713720000001	-0.0346740919	0.0228490986	-0.067914065	-0.1150110191	-0.013805436200000002	-0.1039102773	0.017746040600000002	0.015230765700000001	0.1077929267	-0.0703433834	0.0620787041	0.1194820591	-0.033761993500000004	-0.068653441	0.0368081721	-0.0101646267	-0.0003031928	-0.058238695199999996	0.0032980091	0.0597851097	-0.0320504364	-0.13776204150000002	-0.058965576299999996	0.0080336991	-0.1278346831	0.1112911323	-4.6072399999999996e-05	0.0365691515	-0.008107909699999999	0.1930110793	0.006848919	0.0327227821	0.13747973089999999	-0.0737939446	-0.1298399848	0.1704873575	-0.043918273099999995	-0.2332628705	0.1391940376	-0.11998470439999999	0.1081575323	-0.10839243550000001	0.028959022799999998	-0.23631431079999998	-0.0739479302	-0.1029924024	-0.07713978980000001	-0.1408809123	-0.0402828197	-0.039601394500000005	0.0262734602	-0.0044147985999999995	0.0098514758	-0.1247647641	0.0504042	-0.00418120000000001	1.7482433440000078e-05	0.0025405833776399995	0.143564	-0.09326800000000003	0.020610622096	0.008698919824000003	0.0223391	0.0499563	0.00049903538881	0.0024956319096900003	0.00760295	-0.0007112600000000009	5.058907876000011e-07	5.78048487025e-05	0.00171366	-0.00021015999999999982	2.9366305956e-06	4.416722559999992e-08	0.00171043	-1.3229999999999926e-05	1.7503289999999802e-10	2.9255707849e-06	0.0	0.0
8702.691617747823	9.287137197195987	75736841.39361823	86.25091731954137	10483.910553748292	-18.898268254512004	109912380.4989948	357.14454301949615	6409.112055125502	9.84652430074857	96.95404080523213	41076717.33515503	6740.231920604228	9717.463574099296	0.92597	39.884769	0.06857849999999997	0.03902	-0.0082678656	-0.0114625289	0.1468193151	-0.0697071745	0.028279212	-0.016077358	-0.0268764764	-0.0823152739	-0.1341328403	-0.0053224264	-0.0691788938	-0.1551449633	0.0380452159	0.0643346734	-0.0496257701	-0.122054649	-0.0569208238	-0.0561766102	-0.13713369720000002	-0.1650380693	0.025611174599999998	-0.044741355	0.031007378399999997	0.0619363766	0.0818941069	0.0369662832	-0.046562902	0.0556044434	-0.0894291434	0.0571340863	0.0859831038	0.0762873102	-0.07825870900000001	-0.0436549373	-0.08532947119999999	-0.054369954500000005	0.0083915337	0.1180762145	0.0267739172	0.0027686995	0.1316074364	0.036266230499999996	-0.0565899954	0.08119318269999999	0.0086835139	-0.1280702767	-0.036263224100000005	-0.0159449849	-0.0338789871	0.051520213499999995	0.0030309853999999996	-0.0652309273	0.060877087	-0.0680839679	0.006364028199999999	0.0534585835	0.051100764800000004	0.043992199	0.1188787229	0.0990584208	0.08736869289999999	0.09567357039999999	-0.09739454130000001	0.0633179478	0.0113561749	0.1346727411	0.038911185	-0.1480893589	-0.08875834939999999	0.08603430869999999	0.123604139	-0.1730987766	0.061285552300000004	-0.0932888482	0.0420553249	-0.0620312668	-0.0254424372	0.0792616186	-0.0393897526	0.13018010060000001	-0.0035418152000000007	-0.1025890165	0.256908287	-0.19964590149999997	0.0587230191	0.0035451026000000007	0.0456000963	-0.0847623344	-0.0355554148	-0.19945753800000002	-0.0012856349	-0.0715153717	-0.10086756919999999	0.0816169371	-0.087355332	-0.14821962619999998	-0.0118383976	-0.0526851516	-0.1496491771	0.0031252224	-0.0368976752	-0.0690138337	0.0786928123	0.004888705300000001	0.0296835873	0.01011544	0.0141025981	-0.0247690533	-0.0353441009	0.0152365925	-0.1442807424	-0.0081013413	-0.0166654103	0.0690444662	0.0693823376	0.10027265199999999	-0.0347745272	0.1013166219	-0.046337248399999996	0.17540066280000002	-0.0681406641	-0.0983171177	-0.0631223488	0.0190488675	0.0658307462	-0.1122503531	0.0890673644	0.06267115940000001	0.19225619600000002	0.1479738143	0.0072145885	-0.051652269699999996	0.0444942616	-0.0144581006	-0.0192533603	-0.1729875796	-0.1661943709	-0.1474617346	0.0937009001	0.020622049	-0.0701974233	0.0546401625	-0.1249152981	0.0502663	-0.00013789999999999636	1.9016409999998995e-08	0.00252670091569	0.123546	-0.020017999999999998	0.015263614116	0.00040072032399999976	-0.010213	-0.032552099999999994	0.00010430536899999999	0.00105963921441	0.007749619999999999	0.00014666999999999892	2.1512088899999684e-08	6.005661014439998e-05	0.00184591	0.00013225	3.4073837281000007e-06	1.7490062499999998e-08	0.00167194	-3.848999999999997e-05	1.4814800999999973e-09	2.7953833636e-06	0.0	0.0
8710.903297274308	8.211679526484659	75879836.25446442	67.43168064568731	10480.762042613902	-3.148511134389992	109846372.99389634	9.913122363377752	6400.107398176275	-9.004656949226955	81.0838467732613	40961374.70819069	6730.146915916156	9816.348720416689	0.990293	42.65538	0.1407091	0.0963261	0.0434089617	-0.0411234981	0.121821656	0.1681237009	0.0135150622	-0.014817211399999999	0.048888697	-0.1261490583	0.09381124130000001	-0.00723862	-0.0291088401	-0.12798976380000002	-0.1391384483	-0.0684712181	0.06610918269999999	-0.022737157400000003	0.019522933899999997	-0.0942189641	-0.1808453316	0.017081026000000003	0.025702653	0.12687555650000001	0.0815942375	0.0538628222	0.0699104384	0.15894497859999998	-0.0845646742	-0.1138724815	0.0896496943	0.09607528189999999	-0.0380564633	-0.1709833839	-0.1229200142	0.0981258205	-0.0820680512	-0.027256113199999998	-0.0895257698	0.1437416588	-0.0120363823	0.0364317786	-0.0781920326	0.050001523799999996	-0.028261948500000002	0.128349603	0.1259054276	0.052238771100000005	-0.0527928175	-0.06478308	-0.0931338951	0.1025231775	-0.08637881130000001	-0.0748925824	0.08843473140000001	-0.1599621642	0.1645749283	-0.1340149345	0.0038723375	-0.043297206100000006	-0.06985336240000001	-0.18899066579999999	0.055442062300000004	0.1432326911	0.060937505	0.012949516000000001	-0.049395817300000006	-0.0655581422	0.0363448559	0.0799607292	-0.14616999449999998	0.1588089307	0.0651726493	0.0038929724	-0.1145648849	-0.0182817542	0.050545933499999994	-0.060135875	-0.1230904258	0.025179903700000002	-0.0033524686999999997	0.0033467552000000004	0.0092957883	0.05913856400000001	0.1127170881	0.2019624996	-0.0424538108	-0.031869785299999995	-0.1163704429	0.0140355317	-0.1089779291	0.0579676601	0.0902037126	-0.055542029400000005	-0.1352450793	0.0257291571	0.0171852904	0.0444727708	-0.0900411094	0.0078615895	-0.17804631440000002	-0.06635446269999999	0.12724077220000002	-0.0814723724	0.0666975925	-0.0184158647	-0.0537648775	0.1551650769	-0.12821049699999998	-0.0428974304	-0.17308260260000002	-0.0412784964	0.0671480102	-0.11634073619999999	-0.1109908095	0.0032978656	-0.1090222842	-0.0617083476	0.0314423126	0.0448982955	-0.0363049603	0.1259033316	-0.1742152855	-0.0409720717	0.1153980049	0.059548224000000004	0.08067367360000001	0.0458889966	-0.0070537224	0.1147898589	0.09926174230000001	-0.1690751586	0.0327793961	-0.057149860999999996	0.025185874700000003	0.09196782490000001	-0.0656394369	-0.1066358303	0.18312904010000008	0.1491083219	-0.1276878789	-0.135328573	-0.0908696408	0.0321089434	-0.12499058769999999	0.0509778	0.0007115000000000037	5.062322500000054e-07	0.0025987360928400004	0.21191	0.08836399999999997	0.044905848099999986	0.007808196495999997	-0.0305986	-0.0203856	0.0009362743219600001	0.00041557268736	0.00830259	0.0005529700000000017	3.0577582090000174e-07	6.89330007081e-05	0.00178267	-6.324e-05	3.177912328900001e-06	3.9992976e-09	0.00166319	-8.750000000000077e-06	7.656250000000134e-11	2.7662009761e-06	0.0	0.0
