global_signal	global_signal_derivative1	global_signal_power2	global_signal_derivative1_power2	csf	csf_derivative1	csf_derivative1_power2	csf_power2	white_matter	white_matter_derivative1	white_matter_power2	white_matter_derivative1_power2	csf_wm	tcompcor	std_dvars	dvars	framewise_displacement	rmsd	t_comp_cor_00	t_comp_cor_01	t_comp_cor_02	t_comp_cor_03	t_comp_cor_04	a_comp_cor_00	a_comp_cor_01	a_comp_cor_02	a_comp_cor_03	a_comp_cor_04	a_comp_cor_05	a_comp_cor_06	a_comp_cor_07	a_comp_cor_08	a_comp_cor_09	a_comp_cor_10	a_comp_cor_11	a_comp_cor_12	a_comp_cor_13	a_comp_cor_14	a_comp_cor_15	a_comp_cor_16	a_comp_cor_17	a_comp_cor_18	a_comp_cor_19	a_comp_cor_20	a_comp_cor_21	a_comp_cor_22	a_comp_cor_23	a_comp_cor_24	a_comp_cor_25	a_comp_cor_26	a_comp_cor_27	a_comp_cor_28	a_comp_cor_29	a_comp_cor_30	a_comp_cor_31	a_comp_cor_32	a_comp_cor_33	a_comp_cor_34	a_comp_cor_35	a_comp_cor_36	a_comp_cor_37	a_comp_cor_38	a_comp_cor_39	a_comp_cor_40	a_comp_cor_41	a_comp_cor_42	a_comp_cor_43	a_comp_cor_44	a_comp_cor_45	a_comp_cor_46	a_comp_cor_47	a_comp_cor_48	a_comp_cor_49	a_comp_cor_50	a_comp_cor_51	a_comp_cor_52	a_comp_cor_53	a_comp_cor_54	a_comp_cor_55	a_comp_cor_56	a_comp_cor_57	a_comp_cor_58	a_comp_cor_59	a_comp_cor_60	a_comp_cor_61	a_comp_cor_62	a_comp_cor_63	a_comp_cor_64	a_comp_cor_65	a_comp_cor_66	a_comp_cor_67	a_comp_cor_68	a_comp_cor_69	a_comp_cor_70	a_comp_cor_71	a_comp_cor_72	a_comp_cor_73	a_comp_cor_74	a_comp_cor_75	a_comp_cor_76	a_comp_cor_77	a_comp_cor_78	a_comp_cor_79	a_comp_cor_80	a_comp_cor_81	a_comp_cor_82	a_comp_cor_83	a_comp_cor_84	a_comp_cor_85	a_comp_cor_86	a_comp_cor_87	a_comp_cor_88	a_comp_cor_89	a_comp_cor_90	a_comp_cor_91	a_comp_cor_92	a_comp_cor_93	a_comp_cor_94	a_comp_cor_95	a_comp_cor_96	a_comp_cor_97	a_comp_cor_98	a_comp_cor_99	a_comp_cor_100	a_comp_cor_101	a_comp_cor_102	a_comp_cor_103	a_comp_cor_104	a_comp_cor_105	a_comp_cor_106	a_comp_cor_107	a_comp_cor_108	a_comp_cor_109	a_comp_cor_110	a_comp_cor_111	a_comp_cor_112	a_comp_cor_113	a_comp_cor_114	a_comp_cor_115	a_comp_cor_116	a_comp_cor_117	a_comp_cor_118	a_comp_cor_119	a_comp_cor_120	a_comp_cor_121	a_comp_cor_122	a_comp_cor_123	a_comp_cor_124	a_comp_cor_125	a_comp_cor_126	a_comp_cor_127	a_comp_cor_128	a_comp_cor_129	a_comp_cor_130	a_comp_cor_131	a_comp_cor_132	a_comp_cor_133	a_comp_cor_134	a_comp_cor_135	a_comp_cor_136	a_comp_cor_137	a_comp_cor_138	a_comp_cor_139	a_comp_cor_140	a_comp_cor_141	a_comp_cor_142	a_comp_cor_143	a_comp_cor_144	a_comp_cor_145	a_comp_cor_146	a_comp_cor_147	a_comp_cor_148	a_comp_cor_149	a_comp_cor_150	a_comp_cor_151	a_comp_cor_152	a_comp_cor_153	a_comp_cor_154	a_comp_cor_155	a_comp_cor_156	a_comp_cor_157	a_comp_cor_158	a_comp_cor_159	a_comp_cor_160	a_comp_cor_161	a_comp_cor_162	a_comp_cor_163	a_comp_cor_164	a_comp_cor_165	a_comp_cor_166	a_comp_cor_167	a_comp_cor_168	a_comp_cor_169	cosine00	cosine01	cosine02	trans_x	trans_x_derivative1	trans_x_power2	trans_x_derivative1_power2	trans_y	trans_y_derivative1	trans_y_derivative1_power2	trans_y_power2	trans_z	trans_z_derivative1	trans_z_power2	trans_z_derivative1_power2	rot_x	rot_x_derivative1	rot_x_derivative1_power2	rot_x_power2	rot_y	rot_y_derivative1	rot_y_power2	rot_y_derivative1_power2	rot_z	rot_z_derivative1	rot_z_power2	rot_z_derivative1_power2	motion_outlier00	motion_outlier01
8612.972819075634	n/a	74183300.78213568	n/a	11006.262238755957	n/a	n/a	121137808.46826528	6268.25404531279	n/a	39291008.77658015	n/a	6337.203560328298	10273.949156891134	n/a	n/a	n/a	n/a	-0.0005947773	-0.0038938615999999995	0.0800205143	0.1562975937	-0.083189684	-0.2441987909	0.3772596866	0.5353183348	0.1141354892	-0.15865148210000002	0.1898481542	-0.1807213636	0.0049225054	-0.0303654171	0.0005729567	-0.038297057200000005	0.1095081242	-0.1375659308	0.037244381	-0.0780529247	0.0059890454	-0.0145659442	0.0641634899	-0.0529861839	0.0519716994	-0.042022690599999996	-0.0345039771	0.0258879603	-0.10203062140000001	0.0922765334	0.08113228139999999	-0.09900644619999999	0.1089621474	-0.059751245	0.0948211156	-0.2164759968	0.018859170800000002	-0.0544940453	0.0556364171	-0.08693034349999999	-0.0531039632	0.0872553734	-0.09663262689999999	0.026776033799999998	-0.0598025157	0.0793207675	-0.0650932542	0.2849491242	-0.10876317070000001	0.14531531539999998	-0.038747825	0.1342623184	-0.1464050409	0.0726897413	-0.0338499933	-0.0280351727	0.0541944482	-0.10334577140000001	0.1115837366	-0.09729917800000001	-0.060115349299999996	0.0393896752	0.0215720554	0.0234757427	-0.0882837653	0.0547092285	0.0159232788	0.10201393019999999	-0.10610865679999999	-0.06298242009999999	0.1533544948	0.1620574584	-0.037616771800000004	-0.0412639594	-0.0354037744	-0.1063964729	0.056100630199999994	0.0831309539	-0.1537600233	-0.011703934099999999	0.0575985779	0.001744132	0.0526906697	0.021647914	-0.0142306359	-0.0021164896	-0.1660316897	0.0299269575	0.08436073359999999	0.028766859500000002	-0.0105724326	-0.047896426299999996	-0.114616891	0.056190953700000004	0.0207140887	0.0253833958	-0.053337366	-0.029053197599999997	-0.0458717796	0.0486487974	0.051681688200000006	0.009685591700000001	-0.0072360342000000015	0.1600926158	-0.007145668100000001	0.0187332807	-0.0937278832	0.3970147541	0.20844194859999998	-0.0002799872	0.0917442627	-0.2951828186	0.1735628014	-0.28260254100000004	0.0862233032	-0.0110867794	0.29687591210000003	0.061765941500000004	-0.0370763291	0.030895629900000002	-0.112744712	0.0100632095	-0.1771420563	0.0111159765	-0.0152160999	0.0318127054	-0.0506200605	0.059809588	-0.0083679149	0.0298011648	-0.0217649904	0.1026077592	-0.1134584599	-0.0627885551	0.091777577	-0.0386736033	-0.0378010502	0.0701514687	0.0888296037	-0.1554187705	-0.0156846865	0.04267462440000002	0.0343482093	-0.0625292898	-0.083084616	0.0029919228000000004	0.0123024895	0.07226736730000001	-0.0074167061	-0.0236696754	-0.0408647234	0.037228716099999996	0.0560567499	-0.0222158268	-0.0167914732	-0.0587365857	0.037194846600000005	0.039639961200000004	0.038426184700000005	-0.0527060631	-0.0382313258	-0.044601286600000005	0.014887669	0.012453623600000002	0.035168458900000005	-0.044532385599999995	-0.028108226400000002	-0.0317293218	-0.0127034023	0.0090427552	0.0352714264	0.052855920099999995	-0.0056287005	-0.0544139837	-0.0362650732	0.104253408	0.104242011	0.10422301699999999	0.0	n/a	0.0	n/a	-0.00443933	n/a	n/a	1.97076508489e-05	0.0461208	n/a	0.00212712819264	n/a	9.02182e-05	n/a	n/a	8.13932361124e-09	-0.0	n/a	0.0	n/a	0.0	n/a	0.0	n/a	0.0	0.0
8588.494164782469	-24.478654293165164	73762232.01850252	599.2045160042932	10755.288208895614	-250.97402986034282	62987.96366434026	115676224.45640902	6274.9667466871215	6.712701374332028	39375207.67202916	45.06035974095909	6331.46829207179	10238.145954936008	1.14923	42.639202	0.08590745999999999	0.0515391	0.0334269418	0.0588724142	0.0527876492	0.1160854392	0.0180735596	-0.0882222455	0.18743524109999998	0.2859740032	0.0912286334	-0.1306702133	0.0498605645	-0.054226835599999995	-0.0522179503	0.048908172300000004	-0.1610141648	-0.08334492360000001	-0.0335057329	-0.0653875616	-0.1012975934	-0.0285947683	-0.0124807222	0.0821826207	-0.0171681253	0.054306372199999994	-0.0014124247	0.053521113700000005	-0.028390835099999998	0.058995363899999986	-0.077637213	0.002699332	0.1381806024	0.10121561220000001	0.0704019174	-0.02480569	-0.0001524831	-0.0474697041	-0.0223852807	0.0521204142	0.1645725028	-0.15114156980000001	0.009707435300000001	-0.1333733098	-0.032707254	-0.0289128804	-0.0341978188	-0.0485339475	0.0795964087	0.1341072522	0.0966732342	0.058668644299999996	0.0029890283	-0.018614889199999998	0.0354992761	-0.08025341429999999	0.10331476789999999	0.071318418	-0.0032614971999999996	-0.0068776246999999995	-0.0349622186	0.006373628100000001	0.07508982089999999	0.0207397759	-0.0519471409	0.2131508472	-0.1297570243	-0.1673991654	-0.1391687341	-0.014418659399999999	0.0177866424	0.0389915217	0.025092054199999998	0.048813698499999995	0.0469418925	-0.0114627651	-0.0351489261	-0.0550880205	-0.2352236241	0.09405408650000001	0.0621803701	-0.0317277724	-0.1065942166	0.10492218880000001	-0.0828090781	-0.1520850516	-0.012812424099999999	-0.045842456	-0.099706499	0.09920081310000001	-0.053226352000000005	0.0397360569	0.0029669845	0.1597310156	-0.045302897300000006	-0.0144313853	0.10794388490000001	0.0427186659	-0.0280558292	0.0582142587	0.153214839	0.11073883279999999	-0.0688178817	0.0110431501	0.0628872011	0.0447050289	-0.028414213900000002	0.0706047337	-0.19700994149999998	0.170768007	0.0609067851	0.09288499439999999	-0.0132240599	-0.1365575244	-0.004314180900000001	-0.2561845794	-0.0156945619	-0.08714834789999999	0.058098975199999986	0.0223804135	0.1258834768	-0.0860265435	0.0462964646	0.0567848346	0.0575269694	0.0221411904	0.0124208797	0.0884440766	0.038015873	-0.0054838978	-0.0224688763	0.10765618560000001	-0.0872843153	-0.0911169374	0.05888980360000001	-0.0511700405	-0.0722064429	0.24430000149999997	0.032021351600000005	0.0077848414	-0.0335656901	0.12284946529999999	0.0617648885	-0.2097514079	0.059586418499999995	0.0921843518	0.10693619289999999	-0.0668861691	0.0454982189	0.11419865779999999	-0.0730314346	0.0275919292	0.1321856977	-0.1471470925	-0.0809228699	-0.0303618681	0.0153506226	-0.0481274684	-0.0873712256	-0.0087215075	0.0464920217	0.0859545339	0.0626621324	-0.0818988162	-0.022543657999999998	0.020863033899999998	-0.0607946946	0.17833174420000006	0.0154682574	0.0383505677	-0.0100016102	0.0055789865	-0.0940374569	0.0468018171	0.0544896169	0.0403635272	0.0067560666	0.10422301699999999	0.10412046949999999	0.1039496317	0.0	0.0	0.0	0.0	-0.024378	-0.01993867	0.00039755056136889987	0.000594286884	0.0742052	0.028084399999999995	0.0055064117070400004	0.0007887335233599997	0.000847906	0.0007576878	5.7409080226884e-07	7.189445848360002e-07	-0.0	0.0	0.0	0.0	0.0	0.0	0.0	0.0	0.0	0.0
8580.586337862767	-7.907826919701621	73626461.90151718	62.53372659195761	10605.516242358217	-149.77196653739702	22431.64196047917	112476974.76692396	6269.161288050955	-5.8054586361668035	39302383.25559671	33.70334997624373	6321.671766978003	10253.168586680993	1.045779	38.80090300000001	0.033557199999999995	0.024184200000000003	-0.0027528248	0.052150229900000004	-0.0546215864	0.1633262482	0.0060657931	-0.011123458300000002	0.097441977	0.1766128118	0.138350511	0.0209688836	-0.0308892823	-0.0328898632	-0.0619816796	0.0184643256	0.038113012	0.0999493537	0.0376327822	0.050215347199999996	-0.0019199265	0.0380012091	0.0417960017	-0.0341190497	-0.09624317449999999	0.0730307305	-0.08269637860000001	-0.0067775223	-0.0612364201	0.041372150499999996	0.0170436144	0.0394096782	0.19934154129999998	-0.0625494419	0.0819867499	-0.1220474984	0.0296881737	-0.031586730099999995	-0.1562646284	-0.043598283200000004	0.1187916598	0.0379792519	-0.012123038999999999	0.0274217246	-0.0827478199	0.1291890184	-0.031411542599999995	0.0697056106	0.1199337146	-0.0948795853	-0.1236982616	0.0997241123	0.050730969400000006	-0.0249282646	0.028406897400000002	0.0061775269999999995	-0.05835133610000001	-0.0288143017	-0.0039245952	0.0089939159	0.1237615173	-0.0666140354	0.0648314206	-0.08618326330000001	-0.0882469818	-0.013461433500000002	0.07138812259999999	0.0275015159	0.0782360796	-0.0414468816	-0.0368322871	0.0070024619	0.0142413024	-0.0776995343	-0.024081754500000004	-0.0645180092	0.0933599506	0.0621306527	-0.0536431255	0.022257337999999998	0.11347632099999999	-0.09429026970000001	0.1378955642	-0.037892888900000005	-0.028059315	0.11393470189999999	-0.0203227944	0.029372158399999997	0.0224831613	-0.0864924245	-0.041538774900000006	-0.0040600229	-0.0792678887	0.1165178605	0.073073014	0.0178787656	-0.0729085806	-0.0749606306	-0.0091901435	0.0060855216	-0.0104365887	0.052951055999999996	-0.031176070499999996	-0.0401465553	0.0582515865	0.0087249024	0.0732542613	-0.0294609296	-0.1573115689	0.1920707316	0.1378216135	-0.0326151831	0.0112680355	-0.0169675985	-0.0913150836	0.0244597807	0.0232701931	-0.0396886158	0.0422761452	-0.013986531200000001	-0.005358105500000001	0.1683288982	0.0458240907	0.0123393478	0.0959302216	-0.0629090508	-0.11386707869999999	-0.0321444579	0.0680895619	-0.034897901099999996	-0.0572200056	-0.07912485080000001	0.0731085155	0.0061575745	0.0159381985	-0.047422666100000004	-0.057511003399999996	-0.0727738562	0.0016852151000000001	-0.092523066	-0.0208154849	0.0888672488	-0.0077249493000000015	0.0287228127	-0.007827167900000001	-0.0912367347	-0.0075373813	-0.075644532	0.113214163	-0.18521502480000002	0.1276381966	-0.0139507272	-0.0035378374	0.0147978576	-0.003157485	-0.0645505545	0.0756681397	0.17484151739999998	0.0709659711	0.022020927200000002	0.046155004000000006	0.0263887596	0.0374573629	0.0536495604	0.0847053619	-0.0956826418	-0.034798305099999996	0.0364792609	0.0122017554	0.051270453	0.0481476025	-0.0354415117	0.0154018545	-0.074721651	0.0810123452	0.008985113000000001	-0.0429147724	0.1041622441	0.1038775282	0.10340357800000001	0.0	0.0	0.0	0.0	-0.0109033	0.0134747	0.00018156754009000006	0.00011888195089	0.0541227	-0.020082500000000003	0.00292926665529	0.00040330680625000017	0.000847906	0.0	0.0	7.189445848360002e-07	-0.0	0.0	0.0	0.0	0.0	0.0	0.0	0.0	0.0	0.0
8560.60150460228	-19.984833260486997	73283898.12059882	399.39356044946715	10544.72674446583	-60.789497892386855	3695.363054008507	111191262.11545296	6268.618835574387	-0.5424524765676324	39295582.10571799	0.2942546893343578	6318.620152457136	10260.136894907297	1.029654	38.202637	0.0512861	0.0384145	0.0234253985	0.0507683198	-0.008755611600000001	0.074204518	0.0775049487	0.041797634	0.0643115075	0.08540872769999999	0.0740361553	-0.0562102344	-0.010980921299999998	0.06475223320000001	-0.0538059904	-0.041600323700000004	-0.036023401000000004	-0.0243892301	-0.060210683	0.09360886980000001	-0.0679757763	0.0840878086	-0.0649784712	0.0821606178	-0.0701603495	0.0169337967	-0.10646947609999999	0.0505962631	-0.0499944816	0.0275887352	-0.0537498413	-0.0561237824	0.1243036261	0.0724841208	0.0371087191	-0.0692528788	-0.022558531	0.0280349456	-0.1094618236	0.009155798	0.051351556500000006	0.0361542117	0.0814268977	0.0089642163	-0.0865479259	0.0732734427	-0.0106078601	-0.0710507827	0.0311281994	-0.0759148708	-0.0140648472	0.0638309218	-0.1563994983	0.0166813118	0.034097561	-0.0319374537	-0.007514525	-0.032840354599999996	-0.0222446325	-0.0200725375	-0.0607575091	-0.0476797364	-0.011185398000000001	-0.0239763994	-0.09231569949999999	-0.09576881779999999	0.0770883846	0.0042773336	0.0825655059	-0.0181459021	0.07859644610000001	0.0415388587	-0.032940865699999995	0.0886842279	-0.0051956265	-0.0026349194	-0.08885668210000001	-0.008638944499999999	-0.1360504703	-0.010360897800000001	-0.0855540075	0.0608837886	-0.0277461295	-0.11509868960000001	-0.0047751033	-0.0040316187	0.0374670248	-0.0777749196	0.0039049419	-0.0425114295	0.027818573	-0.1106697936	0.0781666525	-0.0615283042	0.0268123496	-0.0151211817	0.043889113	-0.1708103875	-0.0626560571	-0.0938744976	0.0565767191	-0.0013987914999999999	0.077793442	-0.0430470472	0.0449055846	-0.0123096472	-0.0681167241	0.0115632738	-0.1487597175	0.046275133499999996	0.0533972259	0.025741710299999998	-0.0432603405	0.0143645703	-0.1180402655	0.037539423100000004	-0.010313646800000001	-0.1155664043	0.0090706556	-0.0326645031	-0.0013695594	0.0951925321	0.0196143672	0.0082458761	0.0296406308	0.1157324884	-0.027994684	-0.09208496769999999	0.0755802713	-0.0760959343	0.1069457864	-0.0818812748	0.0862691255	0.044209287400000005	0.0219202527	0.020288963700000003	-0.0637693904	0.0140273969	-0.0038995327	0.042300511	-0.050229149800000004	0.0247211435	-0.00030766290000000003	-0.0410192886	-0.08762902060000001	-0.10914961949999999	0.004291419	0.0139572373	-0.0093002713	-0.0301993538	-0.0290895305	-0.1269501603	0.11471365300000001	-0.0861852586	-0.0751737661	0.0292433242	-0.0549568111	-0.0414077475	0.0567060173	0.026232869199999998	-0.059822985099999997	0.029935092400000002	0.012327351	0.06865533139999999	-0.023593755	0.0037526487	0.11016647140000001	-8.94562e-05	0.010277203	-0.1901284671	0.0211617478	0.0099043168	-0.1152644026	-0.0782208876	-0.09687348609999999	-0.06444939549999999	-0.006532245600000001	0.1040711067	0.1035134703	0.1025862884	0.0	0.0	0.0	0.0	-0.0275868	-0.016683499999999997	0.0002783391722499999	0.0007610315342399999	0.08872530000000001	0.03460260000000001	0.007872178860090001	0.0011973399267600007	0.000847906	0.0	0.0	7.189445848360002e-07	-0.0	0.0	0.0	0.0	0.0	0.0	0.0	0.0	0.0	0.0
8534.464956279078	-26.136548323202074	72837092.08995564	683.1191582510774	10494.840822593327	-49.88592187250288	2488.605201069461	110141683.8915714	6260.697152530356	-7.921683044030943	39196328.83570171	62.753062250087325	6310.087001236579	10227.011369813117	1.013021	37.585537	0.030606039999999987	0.0220194	0.0181124187	0.0593020237	-0.053948280700000004	0.1069820031	0.0108238417	0.060078002699999994	0.0231584471	0.059215049400000004	0.11596688880000001	0.029419870499999997	-0.10331570039999999	0.0539753538	-0.09366871060000001	-0.0789202249	0.0117666947	0.08687408939999999	-0.056514888799999996	0.0626770339	-0.043569468	0.013693363899999998	0.0992434932	-0.09970083800000001	-0.021551912200000002	0.1415656866	-0.005281023199999999	-0.0499352893	-0.0562936028	0.0165762134	0.032743447099999996	0.025825588599999998	0.1219894102	-0.0578863747	-0.0242397216	-0.0109938158	-0.0224605032	0.0063302617	-0.029821675099999997	-0.0423340309	0.07279242009999999	0.1072176824	-0.0552904183	-0.08618368480000001	0.0251571656	-0.0918828704	-0.1611269052	0.0002788125	0.0070363935999999995	-0.0312696768	-0.22514876960000002	0.0296499086	-0.1019161135	-0.0317933299	0.052281134400000005	-0.0036143276000000003	-0.0701401722	-0.0032683287	0.085254025	-0.0826987967	-0.0664243506	0.1651687839	-0.074544768	0.1104652208	-0.022825859599999998	-0.0253428225	-0.12525532550000001	0.012012261599999999	-0.0600751678	-0.054807111299999996	-0.0044521924	0.09758820859999999	-0.009958549399999999	0.0022527798999999998	0.031274247000000005	-0.011467187299999999	-0.1357472672	-0.048421533200000005	-0.06515560940000001	0.0409496423	-0.0118468052	-0.0755120555	-0.0795146233	-0.0694512878	0.0078699275	0.1216764713	-0.1213254938	0.0207967276	-0.039160702799999995	0.0490412093	-0.1513704588	-0.1104932722	0.0666029788	-0.1346169281	-0.0607857338	-0.0919775481	-0.08425919050000001	-0.0677639224	-0.0547991427	0.1093969608	-0.09072771	-0.0281797269	0.0084062817	-0.049153463	0.0264948177	-0.0134200365	0.0561013588	-0.0634768152	-0.1059282108	0.0334560874	0.0375471029	-0.0790108609	-0.05904488400000001	-0.004968545	0.04636194440000002	0.09035774619999999	-0.028525437200000007	0.0873647868	0.0318688623	0.0498371688	0.0552901467	-0.0390852644	0.0347867354	-0.0798032138	0.03470186	0.14304981560000002	-0.1893826907	-0.08982629369999999	-0.06971180589999999	-0.0506151873	-0.0628999479	-0.16547245	-0.010539004	0.0565662505	0.0680677507	0.0549359968	0.0365666347	0.0717183662	0.047254112300000005	0.1580910706	-0.0015545348	0.0908444445	0.1141672264	0.0515726221	0.039195739	-0.034519994	0.0865413173	-0.11299549140000001	-0.035326216800000004	-0.0071149676	-0.067200233	0.0220947722	-0.036166843500000004	-0.1386799449	-0.1390372498	-0.1020999949	-0.1235174119	0.0370481103	0.0709569085	0.0367129405	0.0048435476	0.1079913619	0.0995440693	0.10343373869999999	0.005941953000000001	0.0277600523	0.1355066326	-0.1270367757	-0.0368287253	-0.005510022	-0.1711833806	-0.0239587004	0.14399067210000002	-0.010702174699999999	-0.0461509671	0.0092798033	0.009889322800000001	0.1039496317	0.10302872029999999	0.1014999067	0.0	0.0	0.0	0.0	-0.00941236	0.01817444	0.0003303102693136	8.859252076959999e-05	0.0762937	-0.0124316	0.00582072865969	0.00015454467856000002	0.000847906	0.0	0.0	7.189445848360002e-07	-0.0	0.0	0.0	0.0	0.0	0.0	0.0	0.0	0.0	0.0
8519.925757483259	-14.539198795819175	72589134.91302669	211.3883016243497	10437.991239811568	-56.84958278175873	3231.8750624600384	108951661.12238304	6251.097822394148	-9.599330136207756	39076223.98514086	92.14713906390641	6299.4864790684005	10108.686207535833	0.966152	35.846558	0.011687240000000008	0.0115595	0.0071126177000000014	0.07609931389999999	-0.081788606	0.1093700942	-0.058421583	0.0632686373	-0.024737439500000003	0.0401895185	0.1260146657	0.0992178692	-0.1166515053	0.0328679036	-0.0706495842	-0.0450158903	0.029315881600000007	0.07067022519999999	-0.08061123419999999	0.1677563235	-0.01496034	0.0331829815	0.0449353065	-0.031134405499999997	0.106780178	-0.0319048216	0.0368578544	-0.0802221806	-0.1108467268	0.0734997083	0.0244176431	0.0097361637	0.033323304399999996	-0.1378629973	-0.0024769060999999997	-0.10815236130000001	-0.0016839332000000002	-0.0040244978	-0.08409094	-0.0571555156	0.17331643079999998	0.053597259800000005	-0.11280775800000001	0.0712614365	-0.0877443392	-0.17113973899999999	0.16932459789999998	-0.0534287418	0.07992783269999999	0.0263142826	-0.0013885683999999999	-0.0984215049	0.018980001399999998	-0.0164216952	0.0402006238	-0.0074337221	-0.1729363251	-0.17820385170000005	-0.1130841527	-0.0389028107	-0.0030384604	-0.0735355667	0.005314099300000001	-0.1980223857	0.1637727401	0.050331065999999994	0.0822409446	0.004963728	-0.0926325568	0.05864901860000001	0.0401638843	0.1140791677	-0.203108499	0.0023748096	-0.0608422692	-0.007453336	0.1308448887	-0.0504637566	0.013079831100000001	-0.13140026800000001	-0.0006751343	0.0043978090999999995	-0.09218493859999999	0.034749852000000005	0.005604159599999999	0.0054738328	0.0314282971	0.0638334067	0.0620858601	-0.0822988834	0.0269859531	-0.0036373656	0.0649309349	0.0125443609	0.0548972793	-0.0234468021	0.0214990218	0.10704042009999999	-0.0087133388	-0.0118695101	-0.068465149	0.0280079583	-0.0902347657	-0.07432200139999999	0.0791821682	-0.025784503700000003	0.082560934	-0.0808915482	-0.034143026	0.0732806506	0.08645842320000001	-0.0920362046	-0.025791224100000003	0.002761495	-0.0725246846	0.058849284	-0.0931895848	0.0642209824	0.0069560076	-0.3211842761	0.0072378248	-0.1289696424	0.14583213960000002	-0.0097265313	0.014653928899999996	-0.0228319383	-0.0060526579	0.0177927284	0.0009177271	-0.0509028935	-0.0055459685	-0.0785326329	0.1579722574	0.08576147710000001	0.028856453599999998	-0.1150599806	0.0386149846	0.047843863	-0.0582372182	-0.254812183	-0.20750522079999997	-0.0454823105	-0.06435645400000001	0.0036281276000000003	0.08663798	0.2110969071	-0.1051648999	0.116367883	-0.0845860567	0.0822882933	0.07790384610000001	-0.0824543462	-0.050007244400000005	0.1079444699	-0.0374464048	0.0257758883	-0.019342786	0.002242427	-0.021513247200000002	-0.018812808400000002	0.00017708779999999998	0.0746030163	-0.0046599195	-0.045638850700000004	0.0506840384	0.0515623568	-0.015491949	0.0030887064000000002	0.0076327217	0.0384894746	0.0577096731	0.1023062467	0.031209558999999998	0.062010742199999996	0.014173458	-0.0920135705	0.10625538820000001	0.1037978542	0.1024238435	0.1001472826	0.0	0.0	0.0	0.0	-0.0095408	-0.00012843999999999876	1.649683359999968e-08	9.102686463999996e-05	0.0647349	-0.011558800000000008	0.004190607278009999	0.00013360585744000018	0.000847906	0.0	0.0	7.189445848360002e-07	-0.0	0.0	0.0	0.0	0.0	0.0	0.0	0.0	0.0	0.0
8594.782739437094	74.8569819538352	73870290.33812581	5603.567747236809	10522.33906929788	84.34782948631073	7114.556339051751	110719619.48927256	6281.8953020785875	30.79747968443917	39462208.58627703	948.4847549134433	6333.3672677588465	10305.663098672749	1.217982	45.190079	0.07032490882657999	0.0503361	-0.1250263996	0.044523429	-0.10502027580000001	0.1312673482	-0.0239732709	0.10440645800000001	0.10403924949999999	0.0962231336	0.0112766368	0.12243042550000001	-0.0735324953	-0.12470716150000001	-0.0270034894	0.048831470999999994	0.0196582088	0.1547248417	-0.08886704570000001	0.2194588342	-0.0660266942	0.10888635769999999	0.1152138608	-0.24320136550000002	0.0096498302	-0.0481415401	0.0899296201	0.058368713499999995	-0.1946582319	-0.06043395610000001	0.084527331	0.09107944470000001	0.11313208539999994	0.0605471595	0.1624989025	-0.168460384	-0.1463938303	-0.012542546399999998	-0.1228612643	-0.20229060100000001	-0.1903707147	-0.062365621600000004	-0.2148904198	0.0886958075	-0.0043818691	0.0944134306	0.13833149720000001	0.08561126710000001	-0.0025252453	0.042275668899999994	0.024896953	-0.12026254509999999	-5.11874e-05	-0.021063289300000003	0.12457822550000001	0.0338555362	0.0352869674	0.1171739873	0.0631450654	-0.1126214929	-0.038566955699999995	-0.11780619980000001	0.0283082983	0.040454539	-0.0332662279	-0.09931492089999999	-0.0035776155	-0.0198754621	0.07687595030000001	-0.17675033899999998	0.0947876522	0.007827761400000001	0.023712897	0.0813528465	-0.0068092003	0.0308457317	0.08550964949999999	0.017960146	0.030055239900000006	0.1150946651	-0.001711224	0.10566275230000001	0.0465456913	0.0324517203	-0.0443943321	-0.0868459939	0.011776328999999999	-0.0229022218	-0.0757301601	-0.0711072302	0.0534486463	0.0924838942	0.0156724525	-0.0188864259	-0.0346357367	0.0693043178	-0.0527782754	0.1042410155	0.1209970168	0.013968669599999999	-0.0259387171	-0.0090891889	0.055819409199999996	-0.1655477971	-0.001647251	0.0730150442	0.1369281213	0.048613819	-0.08766631400000001	0.1251576926	0.0416849631	0.10302245970000001	-0.1034985771	0.0030917473	-0.1534810634	0.1649129228	0.2917110577	0.1195305308	0.0339266909	-0.1254458243	-0.1260581121	-0.051311186200000004	-0.005802240500000001	-0.0296335079	-0.1685848023	-0.12448046060000001	-0.043562011	0.06420947440000001	0.1415056867	0.0141168072	0.036357735	0.1279100744	0.0184421977	-0.041591065	-0.0862575423	0.136228601	-0.1569106801	-0.0376380265	0.0286003313	0.0392269622	-0.09444541099999999	-0.00020297580000000002	-0.0262834812	-0.0269411605	-0.1430203964	-0.0794001783	0.0965851593	0.0832770868	0.013663523300000001	0.0257309319	-0.0773767197	-0.056547576900000014	-0.009303070600000001	0.0852922253	0.0706088742	0.013645863500000001	0.0565281867	-0.0034583219	0.0051661778	-0.1402815552	-0.0129905521	-0.130945607	-0.06576066700000001	-0.061509535899999995	0.0147952895	-0.0877486356	-0.00221646	-0.0508643337	0.05218147	0.0538705185	0.0092290978	0.00662605	0.0192023214	-0.12794892060000002	0.0130026311	0.1148687477	0.0402317767	0.10361581859999999	0.101699545	0.098531964	8.826579999999999e-09	8.826579999999999e-09	7.790851449639998e-17	7.790851449639998e-17	-0.0225297	-0.0129889	0.00016871152321000006	0.0005075873820899999	0.0173783	-0.0473566	0.00030200531089	0.00224264756356	0.000648318	-0.000199588	3.9835369744e-08	4.20316229124e-07	-0.0	0.0	0.0	0.0	0.0	0.0	0.0	0.0	0.0	0.0
8547.317446997258	-47.46529243983604	73056635.53974372	2252.953986399157	10460.84658879149	-61.492480506389256	3781.3251588286626	109429311.35423055	6255.785347477747	-26.109954600840865	39134850.31371727	681.7297292579709	6306.615454494805	10215.450847135937	1.285369	47.690277	0.01835355795882	0.0140125	-0.150436128	0.042668112800000005	-0.0680658269	0.0537847796	0.0110169227	0.1640077284	0.046567956900000006	0.0214446854	-0.13555355759999999	0.11816018390000001	-0.0214536585	-0.0404843688	0.0026801332	-0.0598194127	0.2442944402	0.10732840390000001	0.0837586835	0.1628972623	0.0068493091	0.0633072634	0.2280453	-0.0568756807	-0.042636703	-0.1436971233	0.0539690272	-0.0001223859	-0.1844341709	-0.0995991759	-0.1534547147	-0.0650636121	-0.10776543050000001	-0.1410168625	0.0856569439	-0.0241298591	0.0773114423	-0.1293977613	0.0080346675	0.2101226696	0.0314121147	0.0035756711	-0.2005265886	0.0977534464	0.08727410869999999	0.19966640440000002	0.055872190700000005	-0.08521084470000001	0.0148058506	-0.0117887145	-0.1407108128	-0.1602989333	-0.08836939939999999	-0.0931911497	0.0351481253	0.0028840091	0.061970056600000004	0.0227207094	-0.0438131176	0.0426295455	-0.0588109047	0.09345118960000001	-0.026910511800000002	-0.1231381064	-0.0753489972	-0.009211709399999999	0.0662326803	0.1088042607	-0.028234487599999997	-0.024078284	0.0503972924	-0.0267016106	0.0337292852	0.1184031362	-0.035882054100000005	0.0975328244	0.0657763032	0.042022658600000005	0.1521298497	-0.0198689527	-0.022258175800000002	-0.0200381755	0.01058238	-0.0563891327	0.1001634824	-0.0249791709	0.017852031299999998	-0.0711782421	0.0618551443	0.06985158129999999	-0.052607931100000005	0.0244821318	0.0180726356	0.0387557567	0.0687948609	0.0729197741	0.0414607123	-0.0423208752	0.0032821459	0.0829620799	0.0640024006	0.0135665633	0.0106886836	-0.17437155	0.0324101358	0.1328077508	-0.0805155862	-0.08562210460000001	0.1858591205	0.1003958449	-0.007332201999999999	0.0243040279	0.16173214130000002	0.009717903	-0.1921648029	0.0553977378	-0.16144060130000001	0.2670737336	-0.0753715682	-0.023466358399999998	-0.0005381764	0.1642118074	0.088573765	-0.14089651849999998	-0.09560729779999999	0.10703682880000001	-0.1152817353	0.09839615550000001	0.0201539622	-0.07996529570000001	0.064266192	0.1041968266	-0.06260401389999999	-0.0113394371	0.059049309	-0.05833324190000001	-0.0256966019	-0.013236270900000001	0.0367080188	-0.015039194399999999	0.06477368230000001	-0.0157044449	0.011847263500000002	0.0586950121	0.07764971379999999	-0.0656471104	0.0625250797	0.1185769274	-0.08976034279999999	-0.048749022999999995	-0.1107559219	-0.08107180000000001	-0.0103037801	0.1427949446	0.090006484	0.0868321916	-0.0507122706	-0.0488713967	-0.0354536249	0.1222574124	0.0014779246	-0.011522288899999998	0.0406558837	0.0482934811	-0.007773460500000002	0.0726939348	-0.08670767630000001	0.044257336900000006	0.0779852805	0.0744585821	-0.0034038385	0.013238268899999999	-0.0887220464	-0.008821876	0.023093042999999997	-0.0170662254	-0.13198837789999998	0.10340357800000001	0.1008566694	0.0966581881	1.6785400000000003e-08	7.958820000000004e-09	2.8174965316000014e-16	6.334281579240005e-17	-0.0275881	-0.005058399999999998	2.5587410559999976e-05	0.0007611032616099999	0.0304423	0.013064	0.00092673362929	0.00017066809599999998	0.000652941	4.622999999999932e-06	2.137212899999937e-11	4.26331949481e-07	-0.0	0.0	0.0	0.0	0.0	0.0	0.0	0.0	0.0	0.0
8575.25185819237	27.93441119511226	73534944.4314317	780.3313288176132	10465.806562592614	4.9599738011238514	24.601340107834982	109533107.00560662	6261.319964439027	5.534616961280335	39204127.697082736	30.63198490809197	6308.782932911557	10238.26355373803	1.326226	49.206181	0.0524847667854	0.0440029	-0.042888553499999996	-0.0158614381	-0.0411328324	-0.0047560712	0.0670017409	0.0490839116	0.0126119512	-0.0333676041	0.0232764161	0.005983985600000001	0.0175126056	0.12625938679999998	0.09532929470000001	0.020832028500000002	-0.0259162042	-0.0555277366	-0.0421487171	0.1200599478	-0.0311796252	0.0135580518	0.0724685568	0.13730301050000002	0.029857668900000002	0.0736376033	0.0041654621000000005	-0.0468766433	-0.024416808999999998	-0.0059257432	0.12174377480000001	0.026450769	0.025097339700000002	0.0570009241	-0.0531841367	-0.1013273033	0.0194919101	-0.1216022966	0.0910104988	-0.0351803288	-0.0133241419	-0.0236577824	-0.028241366400000002	-0.1551374702	-0.0200409961	-0.0905801034	-0.0329891626	0.024337588900000002	-0.1176249847	-0.0188060766	0.0803022442	-0.1283042864	0.1843908102	0.0226101723	0.1106486864	-0.0505887081	-0.17518926129999998	0.0440072668	-0.0206480892	-0.1457953228	-0.09880815	0.09636323349999999	0.0470087292	-0.0329832246	-0.05788672230000001	-0.0824144397	0.0463256238	-0.0669141374	-0.0410112035	-0.039280767200000004	-0.1563111412	-0.048751234299999995	0.1270798138	-0.1036877074	0.044344539100000004	0.0362249798	-0.105039986	0.0930487008	0.1808386459	0.0208443892	0.033229333300000004	0.041554818	-0.06382090809999999	-0.06276566389999999	0.149654284	0.0730708424	0.052265628	0.0176999802	0.0707042732	-0.0606422199	0.0440628217	0.020635749199999998	0.0213742148	0.0112040122	0.012853159	-0.060956729	0.04924012	-0.0321581047	0.0445315859	-0.0347312583	0.09720523199999999	-0.1003213476	0.0928159111	-0.0178945096	-0.0028210889	-0.0552876405	0.0661248448	-0.0337682682	-0.0031759478999999996	-0.0590955259	0.0550385415	0.1731416461	0.038962247	-0.012624285700000001	0.0843007496	0.1336380552	0.0482753775	-0.009199246	-0.064715065	-0.045054007699999996	0.1515559035	-0.1409889085	0.0600275908	-0.1614699896	-0.021405322	-0.10351119800000001	0.0736308091	0.0395237429	-0.0540249162	-0.0303806561	-0.14371131199999998	-0.13218970619999998	0.029511548500000002	-0.0399324431	-0.0612140538	0.025798269900000004	-0.1348918161	0.0123050851	0.014984646599999997	0.1318931051	0.1983161258	0.045061784400000006	-0.08689503369999999	-0.0118244878	0.018142876999999998	0.07537918769999999	0.0486082787	0.0609816018	0.0205637522	-0.1862896923	0.0031803501000000002	0.1515865332	-0.16489775880000002	-0.014704586499999997	0.0568616621	0.10560348619999999	-0.0413740548	-0.1237330079	0.028103927400000003	0.0481444809	-0.0180222571	0.0385732977	0.0100715171	0.047557717400000005	0.0699819148	0.0342796836	0.0091227689	0.0205576451	-0.060243407400000004	-0.0128456778	0.0188740338	0.0312641079	-0.10045972759999999	-0.015123853799999996	-0.0368982168	0.0012602169999999999	0.0021502996	0.1031611942	0.09989619949999999	0.0945308701	0.0	-1.6785400000000003e-08	0.0	2.8174965316000014e-16	-0.0275868	1.2999999999992184e-06	1.6899999999979683e-12	0.0007610315342399999	0.07317749999999999	0.0427352	0.00535494650625	0.0018262973190399997	0.000847906	0.00019496500000000007	3.801135122500003e-08	7.189445848360002e-07	-0.0	0.0	0.0	0.0	0.0	0.0	0.0	0.0	0.0	0.0
8574.390002859698	-0.8618553326723486	73520163.92114033	0.7427946144557647	10453.923278857867	-11.883283734747238	141.2124323205083	109284511.9202464	6264.3642040659615	3.044239626934541	39242258.88118297	9.267394906198552	6311.982621462867	10300.520499261147	0.985961	36.581547	0.02449500000000001	0.0181096	0.0098948417	-0.051133442	-0.0872785953	0.1025264018	0.0305945553	0.015725027199999998	0.0028016982	-0.0526072767	0.07996694110000001	0.0638229085	-0.022431369500000003	0.0798197264	0.1197164969	0.0376886903	-0.0545916526	-0.09079883300000001	-0.08378903	0.0787470837	0.0029325315999999997	0.011777892	0.053102600599999994	-0.0301735814	0.0110122935	0.1078999953	-0.0607476342	0.07154857120000001	-0.0261975292	-0.022703570099999997	0.0768077546	-0.036173022	0.1584907988	-0.030076589	0.0705818221	0.0802296161	-0.0100319037	-0.043490623099999993	-0.0335174031	0.0897998612	-0.0526988333	-7.54238e-05	0.0915640116	-0.13491867	0.111377755	-0.10013036970000001	0.058518969299999994	-0.0082189878	-0.0208746799	-0.0583559131	0.12216937800000001	-0.125964674	0.0703867641	0.10434370859999999	-0.127123446	-0.06843934	0.0235814827	-0.10689410939999999	-0.0314833143	-0.005868814599999999	-0.2051956323	0.040244611	-0.0040102214	0.1184217544	-0.0600475583	0.0666717128	-0.044390638600000004	-0.1188925831	-0.00019416409999999999	0.009138135300000001	0.0369958465	-0.028683024100000006	-0.005662621	0.0357425771	-0.1280882814	-0.0164196501	0.0257364149	-0.0780241256	0.0543282067	-0.0764914399	0.107197244	0.101785794	0.0349392597	-0.0009069642	0.0608486725	0.1536094492	-0.0743777724	-0.008522915899999999	-0.0186560461	0.0064582684	0.0087541177	-0.0148973682	0.026395654700000003	-0.059343704000000004	0.08404401630000001	0.0816654737	-0.0106013963	-0.0780133053	0.058729635599999996	-0.018680015300000002	-0.0429821688	0.047781776500000005	-0.0965236315	-0.027598560499999997	-0.0435143475	-0.0639554428	0.0575523029	-0.12456904880000001	-0.0910712841	0.0417045349	-0.1571783206	0.06327752980000001	0.0413960454	0.08628087699999999	-0.0450838905	0.06901183179999999	-0.0457420038	-0.10632348529999999	-0.0442630046	0.0695984208	0.0204073086	-0.1153871717	0.11849263300000001	0.0026542387	-0.024574938799999998	-0.0103205515	0.0392960265	-0.0690760206	-0.1370805953	0.0660114888	-0.056175204699999995	0.0230731127	0.0801018739	-0.09837228099999999	0.09684401039999999	-0.0123665779	0.0108859719	0.0948046162	-0.12588970789999998	0.12415914210000001	0.056941954800000014	-0.0053164983	0.0692637262	-0.0770905336	-0.091811534	0.0634466355	-0.049199177000000004	-0.0534676974	0.0564985911	0.029353477700000002	-0.08844867990000001	0.0306245141	0.0519394866	0.1324321608	0.0367730297	0.0312616535	0.1233828891	-0.0442902337	0.125386143	0.0318004297	-0.0092029109	0.0436433479	0.0598654327	-0.0728371676	0.024582714199999998	0.0427595682	-0.0244681523	-0.09005996320000001	-0.0005905523	-0.0359889129	0.0781343809	-0.038095605899999996	0.0261004701	0.0106502899	-0.1020367025	-0.0638949167	-0.08688473710000001	0.10288873779999999	0.0988192551	0.0921555899	0.0	0.0	0.0	0.0	-0.0116006	0.0159862	0.00025555859044000003	0.00013457392036000002	0.0646687	-0.008508799999999997	0.00418204075969	7.239967743999995e-05	0.000847906	0.0	0.0	7.189445848360002e-07	-0.0	0.0	0.0	0.0	0.0	0.0	0.0	0.0	0.0	0.0
8582.633468813476	8.243465953777559	73661597.25999723	67.95473093108976	10505.830471276677	51.907192418810155	2694.3566248033826	110372473.89120552	6277.89396504174	13.529760975778116	39411952.63630749	183.05443206168843	6327.000225728771	10334.231781722194	1.069851	39.694065	0.030726500000000007	0.0218638	0.0047201279	-0.0144859255	-0.0615799367	0.0643119291	0.08451584570000001	0.09467721300000001	0.051982447599999995	-0.0071781673	-0.010952325300000001	-0.0363048689	0.0186153097	0.12032747960000001	0.0545647671	-0.1527966972	0.0284499639	-0.0367284466	0.014166875	0.08635716789999999	0.1142216873	0.05287050150000002	0.0052920247	-0.0079533824	-0.0418488707	0.014744071899999999	0.0617136853	0.0461315762	-0.052762578899999996	-0.0553914625	-0.10497679230000001	-0.1286242823	0.12450410869999999	-0.0240447566	0.0180430608	-0.009664744	0.009977541	-0.0658900982	0.0187754617	0.0143616985	-0.1605167123	-0.0276090804	0.0111911168	-0.0819821116	0.037777715499999996	-0.08882420519999999	-0.0072315787	0.0200804633	-0.0469369757	-0.0378985708	0.0045626326	-0.1035567382	-0.0701212158	-0.0006711086999999999	-0.0646157255	-0.012527944899999999	0.0407930132	0.0237168496	0.0941489526	0.071136483	0.0742980243	-0.0637435037	-0.0750780622	-0.0348373806	-0.0045133931	0.0656900519	-0.0175610585	0.0717674353	0.05083460309999999	-0.0325054375	0.055248717	0.014933674499999999	0.0718167745	-0.128274286	0.0788996163	-0.032171400499999996	-0.0559977468	0.0406134156	0.011102840800000001	0.0350177947	0.0306557769	-0.0828747084	-0.1470537152	-0.1115865375	-0.066742522	-0.1515262905	0.0925643951	0.0015729189999999999	-0.0396286863	0.0529739589	0.22811295539999998	-0.1276002874	0.0632047361	-0.0023471025	0.0002975295	0.0596888925	-0.0525968593	-0.07640484480000001	-0.0253903293	0.0443657009	0.040657322	-0.0185576381	0.0358078886	-0.06821674679999999	-0.013029470900000001	0.0004518673000000001	-0.1420115903	-0.12943612289999998	-0.058032458499999995	0.0552520064	-0.051208895899999995	0.0575865309	0.049014534000000005	0.041994042999999995	-0.0197278113	0.10796089939999999	0.0181652467	-0.023046107599999997	-0.029020937799999997	0.0641985892	-0.0025363081	-0.11937945359999999	-0.046643431900000004	-0.07383709969999999	-0.0128850751	0.0086303747	0.0151522573	-0.0392848782	-0.0858239915	0.0367583515	0.0481459246	0.0488366275	-0.10343568759999999	-0.0530434147	-0.0783237093	0.019377523	0.0727973522	-0.054798514000000006	0.0230230331	-0.0008711213000000001	-0.12066391470000001	-0.0271410806	0.0202619526	0.032490725	0.058683976299999996	-0.1679569468	-0.0393196069	-0.0739834452	-0.0902767033	-0.10851738529999999	-0.0522445396	0.0486987583	0.0358439105	-0.0188225266	-0.056454135499999995	0.0622185491	-0.0227009198	-0.1088875985	-0.0734774168	-0.0933678759	0.0962030253	0.056523642699999994	-0.0320079044	-0.0773667829	-0.18983507600000002	-0.084576216	0.0830854848	0.0768478276	0.0677593824	-0.0991372084	0.0596851965	0.08413992740000001	-0.0746541029	-0.0590420138	-0.0122272182	-0.0345212079	-0.011275387900000001	0.1025862884	0.0976270918	0.0895385782	0.0	0.0	0.0	0.0	-0.0252361	-0.013635499999999995	0.00018592686024999992	0.0006368607432099999	0.0817597	0.01709100000000001	0.006684648544090001	0.0002921022810000003	0.000847906	0.0	0.0	7.189445848360002e-07	-0.0	0.0	0.0	0.0	0.0	0.0	0.0	0.0	0.0	0.0
8549.83866605804	-32.79480275543574	73099741.21562113	1075.4990877679356	10437.409553702857	-68.42091757381968	4681.4219616434275	108939518.19172768	6266.215693411574	-11.678271630165911	39265459.11635749	136.38202826793793	6315.371672825463	10224.442819535405	1.06908	39.665451	0.033173964960799995	0.02029	0.0811606506	0.0076386219	-0.0644159884	0.0651795511	0.0393217145	0.0413698875	-0.015712628500000003	-0.0735689647	0.1180202242	0.0035976724	-0.10549941199999999	0.12129888650000001	-0.030597208900000002	-0.05657137230000001	-0.0718353674	-0.1287923968	-0.0061771426	0.1088684765	0.0449845166	0.0032617618	0.0710890704	-0.0432473666	0.116485035	0.0695129053	-0.0251033989	-0.0043562803	0.029849965200000002	0.0330740792	0.0021297777	-0.0975191979	0.171585485	0.070510617	0.0508805295	0.0539272675	-0.10387369449999999	-0.0167343324	-0.0720611426	0.0898459319	0.0702004968	0.0606926595	-0.053091701500000005	-0.0167522527	0.0379189188	-0.11272791800000001	0.0240797994	0.1339169688	0.0272932075	-0.0442682138	-0.025918507900000002	0.0889678124	-0.1002151438	-0.0006377652	0.043019644	0.0559407617	0.1381182352	-0.0785930173	0.0409342262	0.11869209230000001	0.0787267946	0.0047755598	-0.1551263839	0.1687678688	0.1527765032	-0.0257468082	0.028972545099999997	-0.038376185099999995	0.040256306400000004	0.10124129650000001	0.0379468461	-0.1495087436	-0.1045439782	-0.1506411846	0.08995082199999999	-0.09275624019999999	-0.1331616521	0.17769718829999998	0.0753763076	-0.078446024	-0.013215915200000001	0.0243545053	-0.1160937607	-0.021375604700000002	-0.0237111567	0.0709754744	0.022852107000000003	-0.016869238	-0.0179513879	-0.050319894500000004	0.08776157960000001	0.0898879892	-0.1496010973	-0.0052969437	0.0107697131	0.008650259	-0.0169948696	0.1308897297	-0.0030625999	-0.0788022387	-0.109836171	0.0564573707	0.1312038068	-0.008751609399999999	-0.0078730403	-0.0967564947	-0.0521158417	-0.0138707395	-0.185528605	0.018513058500000002	-0.0807245937	0.0166392367	-0.0709882037	-0.0346195299	-0.0881709495	0.0810025391	-0.1588051368	0.11108989550000001	-0.0386001373	0.040805872400000005	0.0429350349	-0.042066567199999995	-0.1011527732	0.044755465999999994	0.09360490449999999	-0.0663043333	-0.0589665147	-0.1214366153	0.0461714841	0.024799878900000003	0.13365994	-0.0037994677	-0.0679768309	-0.009380291899999999	0.09311514929999999	0.11219962439999999	0.2627708368	-0.08826648220000001	-0.0434484324	0.0825582473	0.0013016994	-0.0806277016	-0.1181639431	0.027815867400000003	-0.0238078099	0.0036216279	-0.04363023519999999	-0.0958079731	-0.1523174208	0.0298134329	0.188512185	0.2071433404	-0.0103194515	-0.050764902699999996	0.0671664983	0.1009731791	-0.0802149085	-0.0108156233	0.0888306911	-0.1220834418	0.005787005400000001	0.0184547554	-0.0396974036	-0.11124703679999999	0.0359522787	-0.0187083484	-0.0709860394	0.0485804845	0.0158431619	-0.0141744755	-0.06277185860000001	-0.1115497814	0.1291491843	-0.00790682	0.09639714320000001	0.022203895499999998	0.0099560366	0.102253934	0.09632109970000001	0.08668669949999999	1.49608e-08	1.49608e-08	2.2382553663999996e-16	2.2382553663999996e-16	-0.0114695	0.0137666	0.00018951927556	0.00013154943024999994	0.0958555	0.01409579999999999	0.00918827688025	0.00019869157763999977	0.000741675	-0.00010623100000000003	1.1285025361000007e-08	5.50081805625e-07	-0.0	0.0	0.0	0.0	0.0	0.0	0.0	0.0	0.0	0.0
8552.058876539475	2.2202104814350605	73137711.02779762	4.929334581874104	10437.698336789492	0.28878308663479396	0.08339567112631895	108945546.56981812	6267.677840793632	1.4621473820579922	39283785.51597552	2.1378749668590404	6313.320969760321	10001.581303253412	1.12801	41.851887	0.040950324960800005	0.0271723	0.11350075720000001	-0.0035169695	-0.0815130301	0.015336875	-0.0352110125	-0.028172065899999998	-0.0406865145	-0.07983857309999999	0.1543883326	0.010845388899999999	-0.042241425	0.1077465372	0.0569772167	0.050946087300000005	0.08677965689999999	-0.0980994368	0.0742075211	0.0781543309	-0.0493246684	0.060196415499999996	-0.18598274210000001	0.0768646129	0.053478709299999996	0.1143816009	0.0583713164	-0.0150624428	0.0951064241	0.0546912842	0.0732086347	-0.022501087799999996	0.047835189199999996	-0.06664316070000001	0.0325008516	-0.0403773424	0.10163372220000001	0.041469355299999996	0.0644933454	-0.1218066033	0.0219857279	0.0131634645	0.12091942160000001	0.0349286526	0.1334514328	-0.0202714313	0.1104876074	-0.1338597537	-0.013394546	-0.1135626001	-0.0324429783	0.07185804929999999	0.0268344412	-0.0327725652	-0.29742474329999996	0.1501786791	-0.0694272036	0.0327891852	-0.1273448015	-0.0355802746	0.0656206226	-0.10538791269999999	0.0727427112	0.1034504194	0.1015606082	0.0116370723	0.061260177400000004	-0.07015154280000001	-0.0601356829	0.033843580899999996	-0.08434727939999999	-0.07644169519999999	-0.0058503587	-0.0191504896	-0.0432291113	0.0520100383	-0.0639066871	-0.004521615	-0.1085740737	0.06665100780000001	0.0503527863	-0.030063037999999997	-0.054415404699999996	0.118748022	0.0136598129	-0.1684980847	0.0690237093	-0.1446862221	0.13246816220000002	0.1014822281	0.0402158127	0.0932342599	0.049610015300000004	-0.0248883325	-0.1193702881	-0.053374560999999994	-0.0626332384	0.06214135730000001	-0.027292293500000002	0.055467820300000005	0.040398311299999996	0.0066159196	0.0404902894	0.08014952040000001	-0.0044932209	-0.11795780609999999	0.030267033399999997	-0.038566763999999996	-0.022745969799999998	0.046456649800000006	0.0145983827	-0.0460841249	0.060494598	0.0915634273	0.100824914	0.1166219581	0.012318436499999998	-0.0900633931	-0.1507602752	-0.048693015199999995	-0.0220994604	0.05246314059999999	0.0224146804	0.2430399692	-0.0368115945	0.09781312800000001	-0.049016295300000005	-0.0189324674	-0.1381425909	0.1129612643	-0.0769560103	0.0791305533	-0.002869653	0.2190084875	-0.1915123344	0.0003786322	0.0833071507	0.010440689	-0.045034251799999994	-0.1088979892	0.0600763438	0.0589965976	-0.1449268482	-0.1041194234	-0.0313424922	0.0916951651	-0.0242096821	-0.0730215909	0.0878213708	-0.0215261442	-0.0142439202	-0.0005338547	0.1020026831	0.003597095	-0.056974378099999994	0.19279844149999997	-0.0514971761	0.031149955299999997	-0.1506634251	0.0016024903	0.0025020582	-0.07580206910000001	-0.0235333437	0.0013868563	-0.036880035	-0.04769096	0.07668263780000001	0.0386037864	-0.0689405195	0.1351853011	-0.1276482541	0.0516890833	-0.0204598192	0.0456745508	0.05740369240000001	0.1300732104	-0.0277885949	0.1018917716	0.09490280150000001	0.0836074347	0.0	-1.49608e-08	0.0	2.2382553663999996e-16	-0.00505274	0.00641676	4.117480889759999e-05	2.55301815076e-05	0.120495	0.02463950000000001	0.014519045025000003	0.0006071049602500004	0.000543794	-0.00019788099999999998	3.9156890161e-08	2.95711914436e-07	-0.0	0.0	0.0	0.0	0.0	0.0	0.0	0.0	0.0	0.0
8561.080770355926	9.021893816450756	73292103.95655802	81.39456803531239	10440.489648653158	2.791311863666124	7.791421920243249	109003824.10363376	6259.146730415953	-8.531110377678488	39176917.79287672	72.77984427613359	6307.25828921761	10229.287386390915	1.150611	42.690445	0.03592766834329001	0.0236412	0.0247404373	-0.0594082328	-0.0395962279	0.0400996042	-0.0319629502	0.0091293807	-0.006859968100000001	-0.07075639110000001	0.0016444756	0.0649825004	0.018617138300000002	0.1677135635	0.0253331195	-0.013647128500000001	0.15727558279999998	-0.0230564126	-0.046316458899999996	-0.0489474621	0.034462188	0.08303789290000001	-0.0273138388	-0.0267993964	0.0371656234	-0.0339259664	-0.0742560865	0.0028302953	0.0126886716	-0.0535594379	-0.017692903	-0.0274802239	-0.1021323727	-0.1497141019	0.0861849785	-0.067739964	-0.027223264900000002	0.0175923812	0.0996989501	0.071674424	-0.1260176844	0.0555590607	0.0670315729	0.09369342480000001	-0.0013609328	-0.14385974029999998	-0.013623438799999998	0.059275536	-0.07900017990000001	0.07291818679999999	0.053437174000000004	-0.009075816	0.013438216999999999	-0.0686996648	-0.107349956	0.0771372716	-0.11914697880000001	0.1636319768	0.007248609899999999	0.0004604333	0.0568816027	0.09429611619999999	0.0495271551	-0.0368661923	0.0044154127	0.073337757	-0.0568384199	0.08701157039999999	0.12632083189999999	0.0500332893	-0.0580592509	0.0046438249	-0.026464530400000002	-0.0005313185	-0.05799137400000001	0.0780181954	-0.1149253482	0.0207595133	-0.1188463621	0.10306767720000001	-0.057689147300000014	-0.045855170099999995	0.0481176492	0.029267801099999997	0.007619314499999998	-0.00011933219999999999	-0.0099310939	0.024880929500000003	0.1330862831	-0.1264726663	-0.0814649082	-0.10304061449999999	-0.0824934405	0.0043296053999999995	0.0491698139	0.011780816999999999	0.06352445309999999	0.0449237476	0.0056322954	-0.0469480442	0.024398930299999996	0.15776675710000002	-0.026298587000000002	0.0045941809000000005	-0.05550007	0.0062393287	-0.0253180652	-0.089486834	0.183707864	0.0751800206	-0.050441484800000005	0.0208551676	-0.0527823109	0.1295958566	0.054206606399999996	0.0479667939	-0.0638023236	0.0130983299	0.057758814900000004	-0.028983672000000002	-0.1168565599	-0.0532362464	-0.07836785389999999	0.005671626999999999	-0.0313216615	-0.0699527124	0.08379626429999999	0.0568914085	-0.1243875911	0.1004512107	-0.0658115635	-0.044941365	-0.06681182969999999	0.1510137458	-0.0193613453	0.0141382525	-0.0329807883	0.0634666731	0.0680966311	-0.10537918689999999	0.020532032	-0.0134136113	-0.0554554562	0.11933981140000001	-0.0256698315	-0.013075978799999999	0.0189326049	-0.036689657	0.0717274819	0.0120166115	-0.0239784135	0.027878865899999997	0.1155394617	-0.17592070070000002	0.0627911266	-0.0781202366	-0.11197922199999999	0.0375585362	-0.0057970172999999995	0.0034639057	-0.0437550455	0.10055763720000001	-0.0987727199	0.1080360806	0.0349932998	-0.0782191976	-0.0954151335	-0.1531954818	0.0434344104	-0.0030492634	0.0664519572	-0.1030735806	-0.0233861352	0.0596838108	0.0741244437	-0.0460643906	-0.0052132029	0.1014999067	0.0933738509	0.0803088607	8.34329e-09	8.34329e-09	6.96104880241e-17	6.96104880241e-17	-0.014919	-0.00986626	9.73430863876e-05	0.000222576561	0.0995035	-0.02099150000000001	0.009900946512249998	0.00044064307225000036	0.0006451919999999999	0.00010139799999999994	1.0281554403999988e-08	4.1627271686399993e-07	-0.0	0.0	0.0	0.0	0.0	0.0	0.0	0.0	0.0	0.0
8557.866800647791	-3.213969708134755	73237084.17762966	10.329601284807802	10454.388304270915	13.898655617756958	193.17262798100705	109294234.8164765	6263.894161598064	4.747431182110631	39236370.06770231	22.538102828876344	6314.881064875094	10331.739572661872	0.998928	37.062649	0.03372410834329	0.0197491	0.012797508300000001	-0.0844252284	0.018539602	-0.0035433975	0.0545555067	-0.0208364066	0.0069789625	-0.07569192200000001	-0.0688968159	-0.0157201904	-0.0031969049	0.1536018231	-0.017091208	0.0167021929	0.0280294088	-0.0572043088	-0.12243435230000001	-0.086213485	-0.042254905499999995	0.047414867199999995	0.0036173456	-0.0445334458	0.0230632673	-0.0772736799	-0.0898764951	0.0383115271	0.07431970639999999	-0.0380217816	0.0097769984	0.019483676999999998	-0.026868585	0.185197903	-0.051899264900000006	-0.0644357075	-0.2019316158	0.038521801800000005	-0.0037383158	0.0963787465	-0.12207893310000001	-0.024316466600000003	-0.0799873433	-0.028485369700000002	-0.041560596899999996	0.1118088701	-0.1451116497	0.046090602	0.0587801118	0.0024081771	-0.0974638597	0.041488638700000004	-0.054637448	0.06822033820000001	-0.1118638711	0.030175509700000002	-0.0692933871	-0.0825735298	-0.0028942	0.1156098366	-0.057991771399999996	-0.022723827999999998	0.0777152533	-0.0189503853	0.0566596766	0.056734533399999995	0.09139690550000001	0.0705430049	0.050727315099999996	-0.030757205699999998	-0.0022236452	0.17727931170000005	-0.0248258571	-0.059087413899999996	-0.2152851207	0.0776482101	-0.006203516	-0.052147575700000004	0.0549801861	-0.058318962	0.10388474869999999	0.0781380018	-0.027139403599999997	0.0660146932	-0.0059916998999999995	0.0254550981	-0.1160766867	0.0200909719	-0.0286431259	0.1166442701	-0.013340441399999998	-0.056916442699999986	0.0096017328	-0.0332675674	-0.0544246966	-0.0368177437	-0.1048140516	0.023348570699999998	0.0503992095	-0.2125421312	-0.0721824052	0.014093566	0.027394380099999997	0.034716955099999995	-0.0786711893	0.011826198100000001	-0.045098605800000004	0.07897226	-0.0115662837	-0.1352064946	-0.0183631405	0.1491058215	-0.21555464989999998	-0.0104579915	-0.0377033643	0.0218408617	0.0755031369	0.0847142107	0.1108184319	0.16810663539999998	-0.0007632692	0.0929908728	-0.0272707905	-0.0775938663	0.018662671999999998	0.027185004500000002	-0.034526372400000005	-0.0758650167	-0.0236756165	0.0163236966	-0.0106910827	-0.023895960499999997	-0.0014875185000000001	0.0406434429	0.0315264255	0.0234900869	-0.0111232474	-0.0018113567	-0.1401628	-0.1957847989	-0.0928797385	-0.0425496067	0.0550942644	0.0941223924	0.007526004	0.036272451000000004	-0.1170568224	-0.0264559189	0.06507701219999999	-0.1276071273	-0.0953686521	-0.1678996019	-0.0089179788	0.0163137587	0.0529000647	-0.0044955442	0.0728991788	-0.0969523265	0.08877943560000001	-0.0189205982	-0.0751009848	-0.0480183554	0.07619274940000001	-0.0818484569	-0.1202119936	0.07867246309999999	-0.0775131235	-0.0854581844	-0.0489937799	-0.0179098987	-0.0093856272	0.0361541617	0.18668572879999998	0.1049567691	-0.0742000194	0.0785839735	0.067224267	0.10107845359999999	0.09173603050000001	0.0767996302	0.0	-8.34329e-09	0.0	6.96104880241e-17	-0.0248909	-0.009971899999999999	9.943878961000003e-05	0.00061955690281	0.11312	0.013616500000000005	0.0127961344	0.0001854090722500001	0.000847906	0.0002027140000000001	4.109296579600004e-08	7.189445848360002e-07	-0.0	0.0	0.0	0.0	0.0	0.0	0.0	0.0	0.0	0.0
8534.486523391519	-23.380277256272173	72837460.21795146	546.6373645801575	10428.605128933385	-25.783175337530338	664.7721304858328	108755804.9352157	6255.5273431314245	-8.366818466639415	39131622.3406649	70.00365125369834	6304.337591673324	10144.480067119677	1.042403	38.675644	0.076866535	0.051694	0.054694590099999996	-0.08110469599999999	-0.0136668081	0.022313554500000003	-0.08643631369999999	-0.12218842460000001	-0.0503650744	-0.0691583356	0.028300220299999998	0.0818826804	-0.0299116303	0.0793102979	-0.0709215769	0.071138715	0.0287747091	-0.0675418102	-0.012906288200000001	-0.1059276418	0.0655136113	0.028334039100000007	0.018078055	0.0363614535	0.0073091217000000016	-0.0654924017	-0.015171371000000001	0.036387764700000005	0.1013527797	0.0136560391	0.11823225109999999	0.0301201598	0.0419028821	0.1866119598	-0.0425965726	-0.0059622040000000005	-0.14378068630000002	-0.0815096532	0.038145145899999996	0.0400161972	0.0114774575	0.0389673295	-0.0080667006	0.1193698312	0.0340879377	0.0118937833	-0.1541857765	-0.0710966995	-0.1161277693	0.0046768988	-0.0250072587	0.061541532	0.0789447995	-0.04593801	-0.0506113343	-0.0283195986	-0.015199138899999999	0.0625126894	-0.05735350490000001	0.0738087382	-0.06550572639999999	-0.0208242176	-0.0783030093	-0.0628711112	0.08624681890000001	-0.060446638399999995	0.0901669967	-0.09607907210000001	0.10376058619999999	0.0669098061	-0.0836703076	-0.0875365707	-0.0109875442	-0.0411266833	-0.0061753199	0.0555815999	0.1718601088	0.09858168240000001	0.0177995814	-0.018890398200000002	-0.18357281260000002	-0.031187851800000006	0.044945219	0.10339846109999999	0.0645483481	0.0863337627	0.014730946699999999	0.0065646811	-0.0611714317	0.1111349393	-0.0737837733	0.0013422089000000002	-0.0563011249	0.044412936900000005	0.0653245766	0.0760744894	0.0945458666	0.0978854866	0.001296172	0.1211919009	0.1140229524	-0.16258281300000002	-0.0888650927	0.0869893734	-0.0573071396	-0.0607794895	0.0742121841	0.0687187613	-0.050281368	-0.1014107443	-0.001304888	0.1449890296	-0.1175997383	-0.0887690686	0.0084580137	0.0603186264	-0.037925790699999996	0.1007030942	-0.0398520587	0.0822390906	-0.0306834194	0.109505836	-0.1288523916	0.0062439113	0.0229587934	0.1263215088	0.1126361798	0.0400864263	-0.050147137800000005	0.0778874404	-0.0507559551	-0.105201079	0.0081253828	0.0016484863	0.1110890781	-0.0084109963	-0.0415713105	-0.1124082431	0.08858977330000001	-0.024211171200000003	0.0079825426	-0.1541523605	-0.1049437564	-0.06702786549999999	-0.11198013679999999	0.0045427283	-0.0253965079	0.1167563226	0.0958460847	0.0478750661	0.0947694568	0.0819776049	-0.012843555500000001	0.0770328017	0.14765934220000002	-0.0867422624	-0.038850042	0.1386913391	-0.0533402092	0.14109366140000001	-0.0175737146	0.015687714	0.024967881600000002	-0.1274982012	-0.020613964499999998	0.0494737187	0.022676724900000004	0.028729404500000007	0.0481099042	0.0354984317	0.0361362946	-0.018014049	-0.18179700079999997	-0.0127389051	0.09486253609999999	-0.0673362481	0.11389862460000001	0.100627535	0.0899912501	0.0730889481	0.0	0.0	0.0	0.0	0.00569906	0.03058996	0.0009357456528016	3.24792848836e-05	0.108294	-0.004825999999999997	0.011727590436	2.329027599999997e-05	1.88945e-05	-0.0008290114999999999	6.872600671322501e-07	3.5700213025e-10	-0.0	0.0	0.0	0.0	0.0	0.0	0.0	0.0	0.0	0.0
8531.174303463558	-3.312219927960541	72780934.99607693	10.970800851178932	10419.741455110918	-8.863673822466806	78.56471363108335	108571011.99135698	6258.711264607371	3.1839214759465904	39171466.6937232	10.137355964993914	6306.176948696433	10036.661366571292	0.931536	34.562222	0.037518785000000006	0.0215864	0.0213888028	-0.0590116427	-0.05710888240000001	0.0201999914	-0.1353627605	-0.0824375991	-0.027681714	-0.0486358444	0.044935194299999995	0.09242076710000001	0.027873247099999998	0.051367908899999995	-0.0051737566	0.0665916116	0.0494158783	-0.0894035966	-0.0291471996	-0.0689272604	0.018182301499999998	0.023265944	-0.1362453783	-0.0446379908	0.014260473700000003	0.0208461772	-0.11789984960000001	0.0365214698	0.0313973183	0.0104121439	0.0572018746	0.0154464121	0.014780626100000001	-0.06293474240000001	0.003571715900000001	0.0072325257	-0.1212024049	-0.0331197194	0.0307378768	0.0043085481	0.0501818364	-0.026019112999999996	0.10412911400000001	-0.1453893092	-0.0320752346	-0.0320384058	-0.0603427749	-0.1751169802	0.1290637266	0.051448657099999996	-0.033948305299999995	0.1346686818	0.0663017249	0.0386320604	-0.061597342199999995	-0.1162912475	0.07977392679999999	0.08866076810000001	-0.0175424997	0.0233594088	-0.04557411769999999	0.0114485693	0.0324017396	0.0028564904	0.0295844627	0.0164016401	0.0472843246	0.0569701763	-0.0169638453	0.0510149335	-0.11764132390000001	-0.056884753600000004	-0.09844517230000001	-0.0648994661	-0.0360463382	0.0819451687	-0.0183703552	0.013217783600000001	0.0837362687	-0.043304659	-0.0158359026	0.0668800888	0.0459247139	0.0088826693	-0.0877797292	-0.1251640706	0.0679435842	0.011443044599999999	0.0246051483	-0.070289836	-0.0509792774	-0.0964400423	-0.010812124499999999	-0.0379587397	0.0621680774	-0.1167452168	0.012030777900000001	-0.1168277145	0.0001387924	0.08864177210000003	-0.0818639035	-0.0744373858	0.11132753150000001	0.048577920700000006	-0.0403884568	-0.0319989633	0.058808369900000004	-0.06535844219999999	0.049223906399999996	0.0343218217	-0.0407316752	0.0232868535	-0.1081649329	-0.0170629623	0.055797972800000005	-0.0023858646	-0.0109881857	-0.13408637140000002	0.0305926955	0.0648506469	0.0809280568	0.0190238299	0.0875451761	0.142584596	0.1314832424	0.1615847051	0.008661485200000001	0.0062903076	-0.0595706563	-0.0532025566	0.0021478949	-0.0295830873	-0.0012848401	-0.0841837645	0.0985317114	0.1075493508	-0.0260261512	-0.054865255599999996	0.053007762800000004	-0.1121183127	0.044393010999999996	-0.031760374	-0.0770112636	0.07423605259999999	0.0298773591	0.1091065644	-0.0022197867000000003	0.043290939800000004	0.0053854048	0.004180763499999999	0.0243604824	0.0111759934	-0.0407352735	0.0569114869	0.025599794500000002	0.0023286877	0.015450918999999999	-0.010574596399999999	-0.1148396381	-0.055736738099999995	-0.0150926738	-0.0736733487	-0.0304106471	0.08345840339999999	-0.0644206914	-0.06661597450000001	0.0119962593	0.0156908477	-0.009677120899999999	-0.042162537800000004	-0.08114552629999999	-0.07137788860000001	0.0446233554	0.0327069936	-0.1481550001	-0.0136618977	0.028964274300000002	0.1001472826	0.08814154390000001	0.06918654769999999	0.0	0.0	0.0	0.0	-0.006671300000000001	-0.01237036	0.00015302580652960002	4.4506243690000013e-05	0.09423689999999997	-0.014057100000000015	0.008880593321609995	0.0001976020604100005	0.000240721	0.0002218265	4.920699610224999e-08	5.7946599841e-08	-0.0	0.0	0.0	0.0	0.0	0.0	0.0	0.0	0.0	0.0
8519.74264985743	-11.431653606128748	72586014.81979969	130.68270417051642	10414.01557847616	-5.725876634758606	32.78566323647454	108451720.46874411	6257.8845883523645	-0.8266762550065323	39161119.52113804	0.6833936305916252	6306.657721779074	10047.40868099186	0.948297	35.184086	0.06420665	0.0388657	-0.0127727677	-0.0287112547	-0.042869612	-0.0540440901	-0.0645535866	-0.0093816413	-0.0077561213	-0.11552598019999999	-0.0488420248	0.0678236592	0.050953724900000004	0.10509655300000001	-0.0052342397	-0.0017142675	-0.0427516034	-0.18246989940000002	0.0197472362	-0.0572539612	-0.0239204885	-0.0165547164	-0.0459159432	-0.0903876735	-0.053749284	-0.009029610300000001	-0.0502079296	-0.0151857256	0.0258907288	-0.0650594666	-0.0060679035	-0.0710194573	-0.0608440813	0.0022803013	-0.0334205831	0.0251881684	-0.0634533748	-0.021369600099999997	0.0957790963	0.13043815460000002	-0.0667876792	-0.060557115599999996	0.0854097466	-0.1701619278	0.029909435699999997	0.054138635899999996	-0.010577814199999999	-0.0988951068	0.0188342869	-0.1245175698	-0.0367691914	0.0898685685	0.1242079985	0.0536945497	0.1532994707	0.0465588087	-0.0147556224	0.1362700539	0.0046286205	0.0189639777	0.07167259969999999	0.029429417200000002	-0.0970239334	0.10282187890000001	0.0701121128	0.0137732058	-0.1055715367	0.09589427369999999	-0.1193410677	0.0180021095	-0.0146968698	-0.08411040789999999	0.0248417723	0.07097894610000001	-0.10373337	0.0435958052	0.0046021485	0.012918443600000001	0.06286875459999999	-0.1858140819	-0.0215113827	0.1224982452	-0.0413235758	-0.0017598126000000001	0.038240020699999995	0.08662444080000001	0.04425527940000002	-0.013385415500000001	0.1030337959	0.0238770064	0.040494035299999995	0.0406212358	0.0873970956	0.079997826	-0.0813148479	-0.037395916099999996	-0.0150709048	0.0021882736	-0.0750165662	0.10168114060000001	-0.0399537553	0.0671517811	-0.0521895313	0.005296252800000001	-0.0789836912	-0.0083665327	-0.0656712899	-0.0374939639	0.07832912980000001	-0.0562010939	-0.09750565259999999	0.0874678684	-0.06630408139999999	0.021483591200000002	0.0264676038	0.0188113489	-0.06413990879999999	-0.1254011526	-0.0231553014	0.1010290358	0.1320426518	0.059151917400000004	-0.0004274186	0.0680830999	0.04652231230000002	0.014155943999999997	-0.0275257112	-0.010745961799999999	0.08068646780000001	-0.154967987	-0.1538579262	-0.0047108427000000005	-0.0698617982	-0.038829569	-0.1000547916	0.0453955163	0.020290354	-0.030675001400000002	0.10012225460000004	0.0526325658	0.0211266496	-0.079299262	-0.010312613100000001	0.12231250070000001	0.14365758439999998	0.0096774936	0.0185376719	0.010987114	0.0269463219	0.2215322682	-0.0592606623	0.0070513436	-0.07017378269999999	0.061568180800000004	0.055582252699999994	0.15047040009999998	0.0085195382	-0.0317643964	0.06241259740000001	-0.014194918400000001	-0.0398822095	-0.018332628700000003	0.1109539901	0.0177759916	0.0076660553	0.0392005895	0.0119464583	0.0368924756	-0.0339443803	0.1233713608	0.056399146399999996	0.0406019323	0.064522287	0.0866946508	-0.0948057805	-0.07601852740000001	0.0078130462	0.09963783609999999	0.0861890685	0.0651026654	0.0	0.0	0.0	0.0	-0.0241496	-0.017478299999999995	0.00030549097088999986	0.0005832031801599999	0.110606	0.016369100000000008	0.012233687236	0.0002679474348100004	0.000847906	0.0006071850000000001	3.686736242250001e-07	7.189445848360002e-07	-0.0	0.0	0.0	0.0	0.0	0.0	0.0	0.0	0.0	0.0
8527.188412891275	7.445763033845651	72712942.22894722	55.43938715618239	10427.959812384677	13.944233908518072	194.4416592954652	108742345.84870988	6255.8346252446545	-2.0499631077100275	39135466.85840993	4.202348742972154	6304.047758947369	10015.926240517025	0.978295	36.297085	0.07205360999999999	0.0420314	0.0246712675	-0.0048832034	-0.09260856349999999	0.035835303900000004	-0.120319171	-0.0318018627	-0.0023132098	-0.079199134	0.0924053581	0.1334538583	-0.007735164799999999	0.0447688245	-0.0168381696	-0.0479729069	-0.0033784146999999995	-0.1840271288	-0.0136583019	0.023644735899999998	-0.018397328	-0.1293666927	0.0028496356	-0.0483999963	-0.0576422675	-0.0565742907	0.021440174399999998	0.0081917806	-0.032164957599999995	-0.0255122809	0.0813309532	-0.02270054	0.0722791039	-0.0787041245	-0.0141920733	0.0357805346	-0.0208078199	-0.011832093899999998	0.0224580081	0.1202154857	0.0310411975	-0.0281716183	0.0801514176	0.0203296238	-0.0268067674	-0.0976551122	-0.034745285099999995	-0.0647021442	-0.0033040298	-0.1281974407	-0.0389399676	0.13865454789999998	0.005818569	-0.0398325095	0.067510522	-0.033012396299999996	0.1451677032	0.1122784087	0.0568823521	-0.030869531699999998	-0.052780962	-0.0445369429	0.0670564773	-0.067151211	-0.08555751710000001	-0.0534319379	-0.000583887	0.0200144273	0.07033262009999999	-0.0150655653	0.0172435833	0.0055844678	-0.0649364835	-0.035725013	0.0541947853	0.0504176538	0.0477863641	-0.1171729638	-0.0877766541	0.049475052699999994	-0.0107904853	-0.1576414136	0.0935291361	-0.058471453799999996	-0.0208140049	-0.035192067	-0.0071146616000000015	0.058437013899999994	-0.0198094678	-0.0331357827	-0.0247777938	0.18258774260000002	-0.0550779419	0.0512723476	-0.0150695691	0.095310958	-0.0017259401	0.037596582999999996	0.0308577377	0.008828236	-0.04247836519999999	-0.0937485469	-0.0894482168	-0.0243209473	-0.0521574689	-0.061483168899999996	0.0772859674	-0.1244633733	-0.0125402762	0.0286984458	-0.0433056747	0.0200356161	-0.0071496131000000004	-0.0002326202	0.0030820449	-0.0379545935	-0.1326621489	-0.0834376466	-0.0190045634	-0.018504908400000002	0.017457081699999998	-0.001988578	-0.0982206333	0.09362030210000001	0.11752990699999999	0.0963601593	-0.0429393687	-0.0725936366	0.0431994104	-0.0098647516	-0.013413328300000001	0.0048693370000000005	-0.035899413	-0.0732627278	-0.0082224257	0.0534213819	-0.1121709689	-0.007177814	0.1225512168	0.0536625768	-0.017368526699999998	-0.044339877300000004	0.07284016509999999	0.029721005499999998	-0.047938372199999996	0.0044668626000000005	0.0141117346	0.0732510763	0.023846644900000002	-0.0442611632	-0.0041451991	-0.0392272516	0.0289103576	-0.0024199367	-0.1155742043	-0.1414626363	0.014404079299999999	0.11866401970000001	0.0222032267	0.076485553	0.0428995567	-0.08676614619999999	-0.175556297	-0.0024858723	0.041554420099999996	-0.014507756100000001	-0.11171522630000001	0.0527067126	0.049316208	0.0607047301	-0.0400554299	0.0219221748	-0.0498886824	-0.0736804177	0.0726761172	0.0160216646	0.0414650303	0.0990993443	0.0841361006	0.0608480136	0.0	0.0	0.0	0.0	-0.00346944	0.02068016	0.0004276690176255999	1.2037013913599997e-05	0.08315739999999999	-0.027448600000000004	0.0069151531747599975	0.0007534256419600003	0.000369409	-0.000478497	2.2895937900900002e-07	1.36463009281e-07	-0.0	0.0	0.0	0.0	0.0	0.0	0.0	0.0	0.0	0.0
8549.750450360278	22.562037469002465	73098232.76343577	509.04553475267096	10455.845856245904	27.886043861226426	777.631442230244	109324712.56957464	6268.1554234460755	12.320798201420985	39289772.41247645	151.80206832013857	6316.319556920852	10073.412010550375	1.044574	38.756222	0.07043390999999999	0.040756699999999986	-0.045055817699999993	0.0194561405	-0.05338332480000002	-0.0504223124	-0.012994193700000002	0.06955128299999999	0.0294545142	-0.0750645435	-0.025573606699999998	0.0217060083	0.11034221470000001	0.009733356	0.081748159	-0.071707621	0.0667030475	-0.0479381309	0.0367255165	0.0118823537	0.0136310851	-0.18175040969999998	-0.1117726885	0.0460134646	0.0380230097	-0.0656594984	0.0133802843	0.0063155752	-0.0451411275	-0.0257988572	-0.0101798765	-0.1146936477	0.041334820099999996	-0.1199213789	-0.0874919367	0.0461306567	0.024119523700000003	0.0296653604	0.073778049	0.0180569751	-0.0548375935	-0.0091098373	0.014052476000000001	-0.0448294955	-0.0084908738	-0.0012124327999999999	0.0119479099	0.0398890944	0.0194418958	0.0534977496	0.021067759900000003	-0.043086266399999996	0.0076749553	-0.0515916596	-0.0759987713	0.1724670088	0.1003167654	0.008101719200000001	0.0633729092	0.09444513210000001	-0.0715449443	0.052525093099999996	0.006010065699999999	0.004283855	0.0690656154	-0.0074970892	0.072689325	0.0338404617	-0.0758967787	-0.0152119596	0.0694152549	-0.0376357037	0.0738146025	-0.13997002349999998	0.0768393335	-0.0372484081	-0.0394562979	-0.021187007	-0.028607747599999997	-0.1655652358	0.0559917255	-0.10927177029999999	0.1470757045	-0.0150357009	-0.0052377451	-0.0034918512	-0.1969848327	0.0097428101	0.1156432137	0.0617028393	0.0614093655	0.0330380386	-0.0406012683	0.0249214702	-0.0124631223	0.008095958	-0.0388550121	0.046695477699999995	0.0793894176	-0.0599384892	0.1385698702	-0.1376707012	0.09636317429999999	-0.06296422980000001	-0.0297212098	-0.044704194800000006	-0.0618446154	-0.166434679	0.0452885537	-0.024329134199999998	-0.0448705182	-0.0102423706	0.0418423206	0.0579612054	0.0437710197	-0.0013206161	-0.0110300281	-0.021180620600000002	-0.0310850082	0.0318488845	0.019050134399999998	-0.0349973517	-0.0212647601	-0.0388628197	0.049675963499999996	0.0019246444	-0.038686361	0.021389925	0.022505442999999997	0.1778270707	-0.0136370772	0.09492588	-0.0714751283	0.0766858933	0.0538337972	0.0427827382	0.09412037529999999	-0.06575733190000001	-0.08496122019999999	-0.041174733	-0.013569009	0.050483364100000004	0.0674955052	0.012795988500000001	0.10317730369999999	-0.011643355	-0.0185029412	0.0061733064	0.0184428178	-0.0416274502	0.057136151600000004	0.09667607519999999	-0.1108007723	-0.058031426500000004	-0.1301190072	-0.0865840562	0.11980516199999999	0.0036071760999999997	0.036805407400000004	0.0168684862	0.045294302800000005	-0.2006967847	0.046162817	0.0142721676	-0.1307182159	0.0822080876	-0.1245399428	-0.04675559519999999	-0.07148468969999999	0.0250052165	0.14377881439999998	0.0091847205	-0.0877308958	-0.0816103816	-0.0392473798	0.0499684568	0.0855182576	0.098531964	0.0819850338	0.0564337526	0.0	0.0	0.0	0.0	-0.0274659	-0.02399646	0.0005758300925315997	0.0007543756628099999	0.10567	0.02251260000000001	0.011166148899999999	0.0005068171587600004	0.000847906	0.000478497	2.2895937900900002e-07	7.189445848360002e-07	-0.0	0.0	0.0	0.0	0.0	0.0	0.0	0.0	0.0	0.0
8549.687178019014	-0.06327234126365511	73097150.84198274	0.004003389168984433	10455.923058323342	0.07720207743841456	0.005960160760806959	109326327.00157776	6268.192832009753	0.03740856367767265	39290241.37925845	0.0013994006364264893	6315.829984849893	10172.571203394202	0.986774	36.611679	0.06082240000000001	0.0360335	-0.0023658388	0.0206383113	-0.0762885614	0.0418645544	-0.0040253146000000005	0.04896438349999999	0.0145177003	-0.0631782832	0.051021740700000005	0.0328812168	-0.0420705905	0.0495925137	0.0016827	-0.0580879824	-0.07111292400000001	0.0116026525	-0.0179598152	0.0396363903	0.0499726089	-0.1462049166	-0.030244791899999998	0.0472253965	-0.0450637825	-0.16595244039999998	0.0669315778	-0.0300709988	-0.0420704296	-0.0027766490000000004	0.0442752874	0.0070351208	0.09759324650000001	0.0305096335	-0.0740632236	0.0471895126	0.0243006945	0.0415875201	0.041420334700000006	0.11159368730000001	0.0255991828	0.0328860605	0.0070533659	0.0314610133	0.0338008974	-0.029505383	-0.0330309514	0.016059303799999997	-0.0784898794	-0.0494361064	0.09991872130000001	-0.0587631242	-0.0772161111	0.0118020606	0.0794065083	-0.0005867024	-0.0230781573	-0.1016580652	0.0740838525	-0.0662824744	0.0104930468	-0.0311706303	-0.0688538027	0.1149643251	-0.07835585610000001	0.0100182721	0.0397202779	0.0210840241	-0.0198716972	0.13085230039999998	-0.101937551	0.0276339301	0.1151103098	0.1032133521	0.23226107769999998	0.075148544	0.0647243745	-0.1600500939	0.032499797000000004	-0.0276230885	0.037251450299999996	0.0316629337	0.0970028668	0.0329167474	-0.0047060276	-0.08410618460000001	0.040132272000000004	0.0527659156	-0.0285654773	-0.0672731335	-0.0388598849	-0.0751903588	-0.04575973690000002	-0.0077416965	0.002404094	-0.1843077841	-0.0753851687	-0.02862503	0.0160296276	-0.0390469174	-0.0425153879	0.0372898802	-0.0224736229	-0.0450754171	-0.0040698134	-0.0468179961	0.042255811799999994	-0.06672968530000001	-0.10434451269999999	-0.0651111006	-0.026139679199999998	0.021790493799999998	0.013945976100000002	0.023745940400000002	0.0136145674	-0.053016977699999995	-0.1304480213	0.045574310599999994	-0.0309404361	0.0148544707	-0.012006545	-0.0046388229	-0.0377156931	-0.044918019100000005	0.0097389513	-0.022538699500000002	0.0899889915	-0.0476005495	0.044592672699999995	-0.0076224337	0.0565987796	0.0132226031	-0.0378620359	-0.053065236200000004	-0.11245160970000001	-0.13510755800000002	0.013122985	0.042177867800000005	-0.1497017881	0.20041097160000002	0.0568851978	-0.041465343700000004	-0.0150755153	0.0044497957	-0.0282904156	0.0344047067	-0.0206277384	0.1552238571	-0.0179744633	0.0160740123	0.021607942999999998	-0.0134412877	-0.030478939500000007	-0.0363738517	-0.05764595030000001	-0.0629472242	0.0729443661	-0.033666338	-0.18514201859999999	0.0160152921	-0.0265519139	-0.036939521600000004	-0.0095130713	0.1713186286	-0.0081354459	-0.12220040369999999	0.09938629060000001	-0.0098385987	-0.1208563165	-0.025701115099999998	-7.44e-08	-0.0812301257	0.1228721663	0.0377900294	-0.023977372200000003	-0.0406812134	-0.00038448739999999995	0.09793586060000001	0.079738376	0.0518714612	0.0	0.0	0.0	0.0	-0.0078796	0.0195863	0.00038362314768999986	6.208809616000001e-05	0.0904147	-0.015255300000000013	0.008174817976089998	0.0002327241780900004	0.00032829	-0.0005196160000000001	2.7000078745600014e-07	1.0777432410000003e-07	-0.0	0.0	0.0	0.0	0.0	0.0	0.0	0.0	0.0	0.0
8546.835181076229	-2.851996942785263	73048391.61248234	8.133886561656487	10460.855903245018	4.932844921675496	24.33295902129973	109429506.22845612	6266.2597740120655	-1.9330579976876836	39266011.55540174	3.7367132224243162	6315.0281910049325	10155.161644605902	1.006936	37.359741	0.06299250509075	0.0381462	-0.063641587	0.052114310899999995	-0.0188078321	-0.026519704300000002	0.0419133604	0.0968994556	0.0031944317	-0.0260738652	-0.050570496900000005	-0.0113048911	0.0508570821	0.026753369500000002	-0.0301241044	-0.024825552799999998	0.0469070058	0.1206597175	0.0313009055	-0.0469863962	0.131166367	0.011892511599999999	-0.11397966109999999	0.09220929720000001	-0.10451964039999999	-0.0692648837	0.056086890300000004	-0.1032082412	-0.0568288257	-0.005155588	-0.07925100360000001	-0.0656432963	0.024707529300000003	-0.0523491571	-0.1041794763	-0.011345405800000001	0.08506195050000001	-0.0514418476	0.0415105273	-0.09592177560000001	-0.0874124885	-0.0689905181	0.037652685899999996	0.041455316	0.09925625310000001	-0.0374962145	0.1155449668	0.0147330024	0.0185692279	-0.0158968764	-0.0245995463	0.0326714833	0.020737776200000002	-0.04666873	0.07142574089999999	-0.0976548873	0.0850117035	-0.0835810867	-0.0433867343	0.07272740059999999	0.1017129557	0.1210888125	-0.010516043400000001	0.0149724508	-0.080253933	0.0115016627	-0.051867148200000004	-0.1029804277	-0.1113176335	-0.0163696009	0.0953853751	-0.0125875477	-0.045983933899999996	-0.047486821900000004	-0.06561187269999999	0.0893652223	0.0241344644	0.0369155256	-0.1143818316	0.0209865122	-0.18393019670000002	-0.058012074800000014	0.0238341279	0.0497235166	-0.055108059400000006	0.11715448769999999	0.022787070899999998	0.10600985630000001	-0.0135455699	-0.0006999082	0.0159101757	-0.1262261235	0.0433731394	0.0965642414	0.025085489199999998	0.00043440730000000004	0.1080606457	-0.038755072	-0.1359969419	-0.0646248524	-0.09551370140000001	-0.0039563631	-0.1513010152	-0.0670046222	0.0351969151	0.0026375566	-0.085679564	-0.1136977296	0.0309833852	-0.042230433	0.0714840518	-0.0093254001	0.08965432949999999	0.0012856866	0.0573076787	0.025836258100000002	0.05839959030000001	0.0008887522999999998	-0.1028279974	0.025521103399999998	-0.08433900539999999	-0.0524391433	-0.0276883502	0.10982403439999999	0.013607461699999998	-0.0447204686	-0.052448239	0.058780686299999996	0.017256219099999998	-0.11140598119999999	0.044314062	0.0378670714	0.0531368667	-0.10465113359999999	0.12347154800000001	-0.0404547537	0.1020985133	0.0274493619	0.035584336	-0.042373172199999996	-0.022566940499999997	0.13024335509999999	0.0253898407	0.028074133900000003	0.0180731119	0.0598742247	-0.033272749	-0.045419437300000004	0.0415317495	0.1256913194	-0.108920175	0.0416893772	-0.0001583198	-0.040290536200000004	0.06829054030000001	-0.1046750406	-0.1797615236	0.0730747541	0.0246827486	0.047694460599999995	0.0071751762	0.0510511709	-0.043290611900000005	-0.019403971399999997	0.031066137400000002	0.0029902152	0.0229542586	0.0143842459	-0.0168259186	-0.054090022300000005	0.064889789	0.14484830070000002	0.00037285519999999997	0.0872006218	-0.027876159100000002	-0.0870962807	0.1435482656	0.09731120800000001	0.07739874690000001	0.047173106799999996	5.09075e-09	5.09075e-09	2.5915735562500003e-17	2.5915735562500003e-17	-0.0205272	-0.012647600000000002	0.00015996178576000006	0.00042136593984000014	0.11754800000000006	0.02713330000000007	0.013817532304000013	0.0007362159688900037	0.0007925219999999999	0.0004642319999999999	2.1551134982399992e-07	6.28091120484e-07	-0.0	0.0	0.0	0.0	0.0	0.0	0.0	0.0	0.0	0.0
8539.288323061512	-7.546858014717145	72919445.06437469	56.955065894300404	10408.213117565667	-52.64278567935071	2771.262884082052	108330900.30066602	6259.315102916247	-6.944671095818193	39179025.55759543	48.22845662909268	6308.969716393675	10178.942007861562	0.986979	36.619316	0.01685200173365001	0.0122868	-0.0447327687	0.0849198276	0.0265661182	0.0078365925	0.02881512	0.09266750230000001	-0.0671325157	-0.0139437469	0.029458918100000002	0.0146610001	-0.0048585394	0.0406678206	-0.1001590637	0.0294268075	-0.0451029878	0.023774580899999998	-0.0715784559	-0.1280535417	0.024260606400000002	0.0032925873999999997	-0.1378893587	0.049730188200000004	0.0011471937	-0.0270656626	-0.040064554700000005	0.0033202942999999998	-0.0644729775	0.0762638825	0.035821534	0.0057107341	-0.0111613589	-0.0272911502	-0.16070859740000001	-0.0306688968	0.0868672382	0.19675960309999999	0.0496911388	-0.0560454247	-0.1019739158	0.0378692865	0.0906646759	0.0295905248	0.025937535699999997	0.0762613853	0.1141799906	0.06364885440000001	0.044879112199999995	-0.1016668942	0.0873946501	-0.1168438222	0.0004825308	-0.06258039	0.079925607	-0.0417311537	-0.08858986070000001	-0.0772186568	0.1344402125	0.0685594829	-0.0240699117	0.0175511421	-0.0499895151	-0.09334810519999999	-0.021708452200000002	0.042703722199999995	-0.0339102564	-0.081550651	0.032468163700000004	0.0110316602	-0.0647230511	-0.029139858199999997	-0.0037557676	0.0063511214000000005	-0.078980678	-0.0380263499	0.020858519	0.0094568786	0.0188279711	0.0809623473	0.0562634925	-0.0805676868	-0.0038488677	-0.08466701789999999	0.0851706264	-0.0727567147	0.0361090333	-0.0370194296	-0.0842919881	0.0686149371	-0.1134625494	0.07153300280000001	-0.0185028976	-0.16423850199999998	0.0732182887	0.07250059980000001	0.0549587156	0.043306648499999996	0.0407455841	-0.0358850099	0.08418897410000001	-0.08566546230000001	-0.0807880881	-0.0583366087	0.0912081639	-0.048114953499999995	0.0218092451	-0.0234593448	0.0030139137	-0.1508738867	0.0710178573	-0.0846086897	-0.0289256371	0.1708809781	0.0204819886	-0.0102681492	0.0662099312	-0.07064131900000001	-0.09355995789999999	-0.0354025211	-0.0743312	0.0027858425	0.0064880725	-0.054166929800000006	0.0006428008000000001	-0.1587378319	-0.017250075400000002	0.0934892622	0.05892573070000001	0.0249505565	0.0681565937	-0.0820149911	-0.08871193880000001	-0.060036305199999994	-0.035585215	-0.1191857593	0.0776973016	0.059520183399999996	0.0073955889000000006	0.0734195418	-0.0249963513	-0.0631554974	0.107050785	-0.0448333618	-0.0035443281	-0.0169603389	-0.029377040099999998	-0.0348363427	0.07267510519999999	-0.053825695800000004	-0.0226380911	-0.0315656993	0.032837888100000004	0.081817186	0.0017594635000000001	0.0120806893	0.0417374856	0.0011122736	-0.0161392774	0.131346585	0.083876794	-0.0397295777	-0.0621425293	-0.0025584212	0.0095866179	0.09382654859999999	-0.063629237	-0.0211761968	0.0782007454	-0.1208897719	-0.072517268	-0.0524546989	-0.0437631285	0.0430325874	0.0695911669	0.05947391110000001	0.0361321539	0.0966581881	0.0749688743	0.0423510136	3.3571e-09	-1.7336500000000003e-09	1.1270120410000001e-17	3.0055423225000016e-18	-0.0151349	0.0053923000000000035	2.9076899290000032e-05	0.00022906519800999997	0.128591	0.011042999999999956	0.016535645281000003	0.00012194784899999902	0.000784188	-8.333999999999924e-06	6.945555599999874e-11	6.149508193439999e-07	-0.0	0.0	0.0	0.0	0.0	0.0	0.0	0.0	0.0	0.0
8533.652306263646	-5.636016797865522	72823221.68419884	31.76468534582234	10408.566825877168	0.3537083115006681	0.12510956962465364	108338263.36875068	6260.323494549292	1.0083916330449938	39191650.25640586	1.016853685595149	6308.224099762823	10061.898698194856	0.974009	36.138096	0.011605903357100008	0.00725118	-0.0445765671	0.10471011390000001	0.0849819043	0.0208418644	-0.05231070559999999	0.0704972446	-0.1015239408	0.0322633999	0.0002697971	0.0139991381	0.040620418	0.0377207778	-0.0669711304	0.06920608519999999	0.16239706539999998	-0.020915858	0.015488616	-0.1530652658	0.11527404220000001	0.0276576009	-0.0925433241	0.0387667508	0.08996069960000001	-0.0019304736999999998	0.1490116591	0.0628400137	-0.0596978108	0.0962057427	-0.0194769219	0.0613065639	-0.13375076630000002	-0.11251486349999999	0.0031463191	-0.1247280279	-0.0267419569	0.1350100425	0.17840207730000002	-0.0851703987	-0.11148285050000001	-0.019785742	0.10629814369999999	0.1116069586	-0.0028006784	-0.0205038029	0.0285728456	0.1086227897	-0.0111926727	-0.09277630949999999	-0.0343331466	0.03230562	-0.0095760462	-0.0851021184	0.0890794784	-0.0862482673	0.005456064300000001	-0.0274204417	-0.0269349927	-0.0169916459	-0.05917355780000001	0.021366264	0.0789250638	-0.0700845625	-0.049037002999999996	-0.0209321874	-0.0900923809	-0.1325615283	-0.0340588198	0.0953343111	0.055144453600000004	0.0296184133	0.0375539448	-0.09238168710000001	0.1376722882	-0.12261562599999999	-0.0624200571	-0.0781822466	0.0265500932	-0.0582964303	0.0932537917	0.1618223001	0.043240636900000004	0.11802874990000001	-0.040908161	0.0164442058	-0.037590094500000004	0.08881856699999999	0.11178177560000001	-0.0141857405	0.0386774553	0.0402354511	0.0452314669	-0.041808165	-0.11465128769999999	0.11671802449999999	0.0750606108	-0.0521236816	0.0103011413	-0.0215109159	-0.0008840136999999998	0.0434425691	0.1023377944	-0.0107554202	0.14019989759999998	0.0214486877	0.0279342037	-0.014156103	0.182090289	0.0122209104	0.0759114914	-0.0203056726	-0.10890504880000001	0.1587138222	0.1557113143	0.0099369723	0.0586112221	-0.0054427087	-0.0866179961	-0.035607923300000004	-0.1594230614	0.0132167242	-0.153210334	0.0155525585	0.0402376206	-0.11538824789999999	-0.038684262999999997	0.005774929200000001	-0.031470613599999996	-0.076650581	0.0656796	-0.0179919293	0.010710603300000001	-0.0496815257	0.0023279876	-0.09463114630000001	-0.0685742531	0.070415384	0.035948737200000004	0.0697025148	0.0069239485	-0.011030825	0.0788698344	-0.0945319501	-0.033163031	0.1447662041	0.0250034507	0.0084486836	-0.041677643199999996	-0.011471483999999999	0.0696219866	0.0519105148	-0.0477112138	-0.1515812687	-0.048303981600000004	0.0441637257	0.1779035188	-0.0073226617	0.0435183873	-0.1860622149	-0.1291185426	-0.043140165	-0.0330173352	-0.0432155633	-0.0117006425	0.0750367627	-0.068982191	-0.1037652212	0.0064760803	0.0023882304	0.0826414077	0.1232159261	0.0278411187	0.0210218947	0.0186684248	-0.029181464700000007	-0.1437777378	0.0959769915	0.0724515914	0.0374178302	0.0	-3.3571e-09	0.0	1.1270120410000001e-17	-0.0127979	0.0023370000000000005	5.461569000000001e-06	0.00016378624441	0.122508	-0.006083000000000019	0.015008210063999997	3.700288900000023e-05	0.000847906	6.371800000000004e-05	4.0599835240000046e-09	7.189445848360002e-07	-0.0	0.0	0.0	0.0	0.0	0.0	0.0	0.0	0.0	0.0
8551.531693820238	17.87938755659161	73128694.31041202	319.67249939880287	10451.728753682672	43.16192780550409	1862.9520118875475	109238633.94055714	6268.331281199007	8.007786649714943	39291977.05085798	64.12464702735289	6316.414369641797	10124.467571665504	1.118909	41.51421	0.03950909999999999	0.0306936	0.0168191689	0.017948452099999998	0.1501706791	-0.0358288938	-0.0012291172	0.0324285571	-0.08104681820000001	0.021277493300000002	-0.0539887028	-0.1056170592	-0.0010623953	0.0528925726	0.057821532599999996	0.1005045499	-0.0874272201	-0.09969501060000001	0.045020953899999994	-0.09729319300000001	-0.103362323	-0.0177710035	0.0541906923	-0.00659596	0.16171357779999998	0.0100450747	0.1859786743	-0.0506014868	0.045136658499999996	0.053830376799999996	-0.0987407933	0.0646939334	-0.026503132599999996	0.2036906495	-0.010368322099999999	0.0283919129	-0.0272712145	0.047170049299999996	0.155117148	-0.0295924438	-0.0328838783	0.0858317432	-0.0215233002	0.0880594919	0.0789211403	0.0752407	-0.0603276487	-0.010531966299999999	-0.07456780610000001	0.0785952874	0.121855327	0.1069124721	-0.027785225400000002	0.051712289	0.000447205	0.1276308104	0.0292307012	0.043194200300000006	0.0639436816	-0.014941846200000001	0.0345955956	-0.035102883599999996	0.0669278504	-0.0965068435	0.0152298251	-0.0464444604	0.0609513685	-0.1081744957	0.0502328328	-0.0323471173	0.049766009900000005	-0.0186139014	0.0217412048	-0.0321285665	-0.010067649599999999	0.0015543	0.074905689	0.0447850983	-0.0269476879	0.0673084118	-0.0049276065999999995	0.0256284168	-0.0562915263	-0.1608206288	-0.0585787498	0.0227710563	-0.0826757772	-4.38848e-05	0.1013210001	0.0009368044	0.0044267176	0.0349353079	0.0750525503	-0.0381364095	0.0121248874	-0.0994911297	0.0955837325	-0.030567362400000006	-0.0158371814	-0.0056868922999999995	0.0700630825	0.0058592486	-0.0447974349	0.0636379339	0.0813230336	0.059357676	-0.0742201805	0.1244242489	-0.05697229230000001	-0.1371199976	-0.0798728892	0.1008181465	-0.0459593074	0.013467881999999999	0.15703379539999998	0.0072618998	0.0042770462	0.0725750947	0.0274642934	-0.0017876517000000001	-0.0396204784	0.06707121490000001	-0.0619539889	0.0724935146	-0.10362483310000001	-0.0084228076	0.0702122069	-0.0417941452	0.191287034	0.1364119248	-0.0094036842	0.0134705266	-0.0731766176	0.0502376992	0.0582907057	-0.0057056154	-0.0416520845	-0.0183397345	0.0766235726	-0.0456785038	-0.023145556600000002	0.0970333754	-0.0118909233	-0.07202008509999999	-0.0310279313	-0.0340782885	-0.0143064823	0.0177225706	-0.0429968143	-0.0861810466	-0.0198128216	0.0174460136	0.0786200443	0.0699362881	-0.013909091799999999	-0.012499783700000001	-0.0233987134	0.0176979081	0.013290639699999999	-0.1216060775	0.11588084359999999	0.056484055899999996	-0.0021661582999999997	0.1367028005	0.0632993806	0.11165832310000001	0.055295558	-0.033314011	-0.0300746503	0.0238983363	-0.0115411222	0.0268299133	-0.12269526789999999	0.041015542599999996	-0.054861922199999996	0.011751006000000001	-0.0403417966	0.0952678165	0.0698498331	0.032386496800000004	0.0	0.0	0.0	0.0	-0.023564	-0.0107661	0.00011590890920999995	0.0005552620959999999	0.151251	0.028743000000000005	0.022876865001	0.0008261600490000003	0.000847906	0.0	0.0	7.189445848360002e-07	-0.0	0.0	0.0	0.0	0.0	0.0	0.0	0.0	0.0	0.0
8514.664869216247	-36.86682460399061	72499517.83506534	1359.1627563814072	10389.552064818065	-62.176688864607065	3865.9406381661515	107942792.10756531	6227.32213432673	-41.009146872277604	38779540.96467561	1681.7501271920355	6274.5951523039685	9996.528407419471	0.992527	36.825153	0.08246851	0.0566655	0.026802335099999998	0.013138800400000001	0.1324008241	-0.0552949092	-0.0525270158	-0.013240062700000001	-0.1686043382	-0.0140977103	-0.0317911456	-0.0371235195	-0.056350472	-0.0575510604	0.0892266877	0.0893336427	0.0324899142	0.057116371	0.1259399152	-0.0667436388	0.0483137746	-0.10574331349999999	0.0077873856	0.0513070701	0.0975173332	0.023944336299999997	0.09851302210000001	0.1408496577	0.0687293249	0.1068266382	0.05969310940000001	0.1581361615	-0.2023372704	-0.0437686088	-0.0377982034	0.0322886212	0.17632636559999998	-0.1821576023	0.1100655019	-0.0020516922	-0.0835135103	0.1819480963	0.0083931771	-0.0555860313	0.030792592599999998	0.11257840039999999	0.055719019800000005	0.10906283039999999	0.0321918125	0.1411340713	0.0041388583	0.0339892861	0.099538937	-0.026585677599999996	0.1039229683	-0.0066397565	-0.047750348399999996	0.0850272379	0.0753905027	-0.0455528387	-0.0925379628	-0.0696653501	-0.029070702200000006	0.09448117789999999	0.09605680679999999	-0.151164097	0.0465379387	-0.015390433200000001	-4.02777e-05	-0.09896735300000001	0.03435086	0.0317120084	-0.1201934182	-0.0659576841	0.0192184195	0.09208032220000001	0.0465789391	0.015461261899999999	-0.04404511059999999	0.1085642845	-0.0405532244	0.0430069642	0.0682822388	-0.0878169532	-0.0643231261	-0.1232042751	0.067776226	0.0118189547	0.026888262200000002	-0.0749384463	-0.0415759647	-0.035508920299999996	0.0135244504	-0.0704759683	-0.011797239099999999	-0.0625581929	-0.0486700038	0.001775376	-0.0203536598	-0.0348204913	0.0628523528	0.1142020356	0.0420826674	0.1253441343	0.0960758573	0.014383092	0.1140690889	0.0575608628	0.16927075649999998	-0.10204272240000001	-1.5005999999999993e-05	0.0057768318999999995	0.17588515149999998	-0.0055041330000000005	0.18765256719999998	0.1306857782	-0.0103911409	0.016841569	0.1721369333	0.0652597432	0.00010042639999999999	0.07236014190000001	0.10345250710000001	-0.0516897583	-0.0520549955	-0.1520230175	-0.042167087	0.1793122861	0.1099186573	0.0222808438	-0.0073192503	-0.0500634384	0.010803156699999998	0.0481319114	-0.0023305939	0.2603370264	-0.026978348500000002	-0.0523811865	0.035991367999999996	0.0958000978	-0.08914522679999999	0.0855930871	-0.09163870199999999	-0.0382321915	-0.0324263463	0.0776359764	0.0181176929	0.04325095019999999	0.0625688308	0.028413648700000002	-0.0281800219	-0.0210219393	0.10949008380000001	0.0361543899	-0.0317086486	-0.11028982539999999	-0.0341284955	-0.0923419707	-0.0233466264	-0.0593572017	0.007834685899999999	-0.0448520482	-0.0402117784	0.0694340527	0.038196371	-0.040409493	0.025683278599999998	0.0639291537	0.0199466006	-0.1031587677	0.0271153161	-0.0393160687	0.0354272704	0.0090644387	0.06653548849999999	-0.0196903041	-0.0266897648	0.0945308701	0.0671666331	0.0272702111	0.0	0.0	0.0	0.0	0.00561556	0.02917956	0.0008514467217936	3.153451411360001e-05	0.156142	0.004891000000000007	0.024380324164	2.3921881000000065e-05	-0.000120053	-0.0009679589999999999	9.36944625681e-07	1.4412722809e-08	-0.0	0.0	0.0	0.0	0.0	0.0	0.0	0.0	0.0	0.0
8565.044621658843	50.379752442595425	73359989.37100707	2538.119456177199	10456.825574320783	67.2735095027183	4525.725080812329	109345201.09176916	6252.150451769695	24.828317442965268	39089385.271564	616.4453470486536	6299.565869017055	10176.653865211116	0.996155	36.959751	0.03818672	0.034833800000000005	0.014559133600000001	-0.0734533308	0.0952578762	0.007944087399999999	-0.035821370400000004	-0.056206319299999995	-0.0915876902	0.031359500299999996	-0.0511047341	-0.023375611600000002	-0.0760416251	-0.0192291446	0.136255848	0.0624085981	-0.03723973	0.0282292991	0.0701224937	-0.0029803103000000004	-0.0001418609	-0.0403940748	-0.0520288687	0.0750418199	0.020147648400000003	0.0219722681	-0.059348354699999994	0.0697595443	0.0959282406	-0.0062372115	-0.0298396033	0.1492282448	-0.0348915971	-0.033314800000000006	-0.083552026	0.1029109041	0.027588506000000002	0.0352329673	-0.18438496370000002	0.19732213199999998	-0.10080678300000001	0.035855046099999996	0.0421734641	-0.09274570289999999	0.0927135732	0.09676973720000001	0.06421679549999999	-0.0306789342	-0.0517295304	0.1097137691	0.0184616849	-0.0635251697	0.06721012280000001	-0.014323289099999999	0.1460204397	-0.0040294067999999995	0.0341458616	-0.0346145002	-0.0512849268	0.005784937800000001	0.0814119709	-0.12577991759999999	-0.0132247901	-0.0345324961	-0.0135667202	-0.1077533685	0.0297432683	0.0166114809	0.0800318024	-0.050215470400000004	0.0352594271	-0.0355874794	0.1401763375	0.0587314147	0.1253687891	-0.061770955499999995	-0.06438842639999999	0.07609362480000001	-0.0167329824	-0.059841584	-0.0057628591	0.0173809934	-0.1373622739	0.0638051513	0.0749610515	0.0143086242	0.016527474099999998	-0.0956062987	-0.012110820500000001	0.1234845725	-0.050050619000000005	0.0432470634	-0.0409077464	0.0604626058	0.0432549572	0.0575876089	0.0229399629	-0.0428059083	0.0835090391	0.024924976499999998	-0.1219601177	-0.0630002082	0.0035637892	0.1234192373	0.0206024988	0.0729950478	0.0662514394	-0.017958653	0.0075851867000000005	-0.1265871738	-0.0893581908	-0.0731725072	0.047891682000000005	0.0279030093	-0.1328225755	0.0022123372	-0.09367447949999999	-0.06761789139999999	0.1229311039	0.1563958918	0.0023872925	-0.0112308971	0.0065414337	-0.0515843537	-0.1088830082	-0.0405341134	0.0021835462	0.16002406689999998	0.1286931274	-0.1064744338	-0.00016853299999999998	0.0963704197	0.1004902816	-0.0424240834	-0.09654201529999999	-0.0375504307	-0.0170027785	-0.1550835678	-0.0097539675	0.0111098042	0.0318478501	-0.0077525402000000005	-0.017410694299999998	-0.0831099263	-0.000202631	-0.1522771627	0.053235759900000006	0.0643175841	-0.036644679900000005	-0.042187497000000004	0.09338123720000001	0.054521571500000005	-0.0120455197	-0.0423503838	-0.043206528200000004	0.154630134	-0.030781252999999998	0.0179383228	-0.0195080739	0.0538561317	-0.0330977516	-0.02897716	0.0476466079	-0.0699815376	-0.0458334189	0.0149691398	-0.0453412533	0.0001374402	0.0382675735	0.0035141198	-0.073459701	-0.0077692115	-0.042301337300000005	0.0730962277	-0.0315281584	0.013104226100000001	0.0342316862	0.0937663669	0.06440511980000001	0.022082393399999997	0.0	0.0	0.0	0.0	0.00555254	-6.302000000000044e-05	3.9715204000000555e-09	3.08307004516e-05	0.121548	-0.034594	0.014773916303999999	0.0011967448360000001	-0.000190647	-7.059400000000001e-05	4.9835128360000024e-09	3.6346278608999996e-08	-0.0	0.0	0.0	0.0	0.0	0.0	0.0	0.0	0.0	0.0
8553.760636096487	-11.283985562355154	73166821.01963378	127.32833017143959	10482.476801095128	25.65122677434556	657.9854350289025	109882319.88549756	6255.142767569099	2.992315799404423	39126811.04267201	8.953953843365332	6303.467166639857	10229.502370562192	1.002523	37.196026	0.07226049944508997	0.0543736	-0.0271829425	-0.11595519859999999	0.0667157773	-0.0654943237	0.024591825699999997	-0.0733800451	-0.0315576964	0.0096239037	-0.1189765094	-0.016234826299999998	-0.0420170245	0.027715590499999998	0.0564809829	0.029628585899999997	-0.0198992183	0.0045235659	0.0129493373	0.0051164425	-0.1119197541	0.082488789	-0.062411809299999996	0.1018588546	-0.0894307465	0.0826927623	-0.004742297899999999	-0.0778442988	0.0950123949	-0.0860858353	-0.0164157217	0.0157183516	-0.0600821182	0.0343598002	-0.049270293300000004	0.0504503017	-0.022998624199999998	0.1892027044	0.0191289441	0.0226425058	0.0433694457	-0.0601251899	0.0295664596	-0.16899129670000002	0.0399707175	0.0891232751	-0.0300222678	0.0437870011	-0.0769710473	0.069277135	0.0764071964	0.0116907101	0.056517405	0.10942032210000001	-0.0727918192	0.10462374099999999	0.022301814500000003	-0.0874581485	0.0366635093	-0.045323666500000005	-0.1050778043	-0.0032546706	0.0466299684	-0.0497019844	0.09171281960000001	-0.0664494073	0.040506288700000004	-0.0018531794	0.0187113255	0.0403444071	0.178336225	-0.027141368199999998	0.1014620749	0.0600797752	0.0868199181	0.0005400953	0.0423621175	0.0217452635	-0.0279417207	0.017341838000000002	-0.1004161192	0.0220074042	0.0997170229	0.1299184216	-0.0763996802	-0.024517348900000003	0.1310020894	-0.006349711	-0.0459660283	-0.033886161899999996	-0.20651605690000002	-0.022676669	0.1013032964	0.0387748969	-0.063618439	0.060040000499999996	-0.0593110891	-0.002495092	-0.016555263100000002	-0.0540191892	-0.1136489324	0.0012734992	-0.0145365494	0.08873905210000001	-0.060380116	0.0631747638	-0.030154182999999998	0.030587974599999998	0.0074786891000000015	-0.08897508220000001	-0.040589877999999996	-0.036742751000000004	-0.0521532547	0.0903837104	-0.0039242864	-0.1322351333	0.0488942483	-0.0875139208	-0.019697096299999998	0.0722343386	0.17986806739999994	0.01394043	0.0166076465	-0.0229145777	-0.12527295189999998	-0.015456749399999999	0.0175515759	-0.023584772599999998	0.0306618637	0.10752637109999999	-0.0339635228	0.0704558794	0.1202631527	0.0412821789	0.0170206512	0.0236716644	0.0122432176	-0.043249698499999996	-0.0726669717	-0.0103140906	0.0197407367	0.0072178259	0.0698667426	-0.16972266800000002	0.007164244300000002	-0.05679136730000001	-0.0536643891	0.15340670539999998	-0.0643766592	0.09657915130000001	0.008687056	0.0612176001	0.012186448600000002	-0.0874551815	0.0961573183	-0.0808661598	-0.04402168099999999	0.08988132230000001	-0.1070241129	0.0380267064	-0.1539400088	-0.0517408963	-0.0031574055	0.10193311740000001	-0.0388927488	-0.0005002337	0.0360536313	0.0614057309	0.1438492036	-0.039333490299999996	0.0172976979	0.0533228025	0.16767850509999999	-0.0492401378	0.0361768469	0.0245699802	-0.0721649607	0.0929745299	0.061568513	0.0168366517	9.44509e-09	9.44509e-09	8.92097251081e-17	8.92097251081e-17	-0.0167835	-0.02233604	0.0004988986828816	0.00028168587225	0.122052	0.0005039999999999907	0.014896690703999996	2.540159999999905e-07	0.0007977619999999999	0.000988409	9.76952351281e-07	6.36424208644e-07	-0.0	0.0	0.0	0.0	0.0	0.0	0.0	0.0	0.0	0.0
8538.604692159113	-15.155943937374106	72907770.08896163	229.70263663282688	10459.374301993104	-23.102499102024012	533.7254647590203	109398510.78919372	6258.246643418543	3.1038758494432837	39165651.04985946	9.63404528875727	6305.290458914228	10030.37227531744	1.1099850000000002	41.18310200000001	0.07233822944508997	0.0543237	0.037199185499999995	-0.0923565051	0.0166930274	-0.0507875584	-0.0487530642	-0.15875049759999998	-0.057268543	-0.0283696209	-0.009900330300000001	0.034928782	0.008199076500000001	-0.0255914617	-0.0171882097	0.05727838070000001	-0.030818142200000002	0.068759969	-0.02690379	-0.0237092149	0.06543127280000001	0.0690932085	0.0325377735	0.082471191	-0.0411306587	-0.036279199399999996	0.1258290417	0.1223139542	0.1053209052	0.0128085979	0.09686546369999999	0.0782617239	-0.0761800576	-0.0103155004	0.13008951400000002	0.0281000074	0.0685327392	0.1151000872	-0.0132813601	-0.0684848367	-0.1594757569	0.043832813600000006	-0.1009121481	-0.031263735699999996	-0.2307288574	-0.029926438	0.0127224445	-0.19004247579999997	-0.0233320166	0.0656424306	0.1624201634	0.0673582364	-0.0794521993	-0.0754887712	-0.061848337300000014	-0.0869927683	0.0588118804	-0.0033093608	-0.0914677117	0.0059141932999999995	0.012465881399999998	0.16902507460000002	-0.1025583724	-0.0224556614	-0.005548100500000001	-0.051807882400000005	0.0187346175	-0.0641361905	-0.0271187565	0.1489614151	-0.0656176778	-0.1458151389	0.0330382967	0.055038702	-0.0162085867	0.1260070064	0.0331701375	-0.0337698831	0.0694977898	0.0544553359	0.0202207565	0.1289638845	-0.0335539718	-0.15286651910000001	0.0829991058	0.09215609640000001	-0.0113980528	0.1381790477	-0.0381234066	0.0681982446	0.0384093082	0.0230741572	-0.03081141	0.0713910962	-0.0253613826	0.1812375386	-0.1519596714	-0.0436781544	0.031529146099999995	-0.0070146554	-0.09693389869999999	-0.0083097697	0.08783310949999999	0.127352623	-0.0360209181	-0.0225958665	0.1320417219	0.0893917927	0.08614402869999999	0.0352585122	-0.01430311	-0.0058942003	0.0476155969	0.1226872441	-0.051511557300000003	-0.015821807	0.20487169940000002	0.0501564147	0.1100018683	-0.09289053609999999	0.029292545299999997	-0.0901542486	-0.0594154796	0.0343243338	0.09607420300000001	0.1196136389	0.22086168050000002	0.028804414	0.0011502473	-0.0967460848	0.178290488	-0.0508067779	-0.0813863703	0.1036164752	0.0784960244	-0.05867287230000001	0.1429237695	-0.022089915499999998	0.10987861880000001	0.0731833227	0.2533125134	-0.044756478899999994	0.0072216726	-0.0321449045	0.047489806100000004	-0.0016452110000000002	-0.06091052230000001	0.1361932858	-0.0127992514	-0.0340232953	-0.093662889	0.031861912799999996	0.0230066273	0.112172651	0.1202110473	0.0407137647	0.04288974	-0.050127797	0.182486521	0.0461268979	-0.0434349813	0.0877737465	-0.0662838427	-0.0037985632	-0.10328119460000001	-0.0673178625	-0.0499996991	0.0233816907	-0.040640964700000004	0.0243313427	-0.0593352932	0.09133076279999999	0.0921935599	-0.1057749368	-0.07012455	-0.0332105371	-0.0528261857	0.0921555899	0.05866012	0.011546746200000001	0.0	-9.44509e-09	0.0	8.92097251081e-17	0.00466627	0.02144977	0.0004600926330529	2.17740757129e-05	0.120876	-0.0011759999999999965	0.014611007376	1.382975999999992e-06	-0.000196487	-0.000994249	9.88531074001e-07	3.8607141169000005e-08	-0.0	0.0	0.0	0.0	0.0	0.0	0.0	0.0	0.0	0.0
8544.124256718504	5.519564559390347	73002059.31424552	30.46559292527795	10418.771661954146	-40.60264003895827	1648.5743781332176	108550802.94393876	6248.0553763066455	-10.191267111897103	39038195.98539438	103.86192534603556	6295.396876635656	10111.328499053468	1.141867	42.36600900000001	0.05915856999999999	0.0360489	-0.06638911019999999	-0.0787799961	0.051253966799999995	-0.073448935	-0.0077544654000000005	-0.059060330700000004	-0.0535480746	-0.013326166	-0.1501783548	0.0598842905	0.0746774154	-0.0534675109	0.047660200199999996	0.0212351927	-0.0182330406	0.0674543389	-0.1021743382	-0.0508696388	-0.0096112473	-0.0183928199	-0.1188349721	0.0345383842	-0.045952409400000005	0.0306887694	-0.0150376633	-0.1259771991	0.04870993690000002	-0.0639138336	-0.0090760353	0.0692249959	-0.1241255056	0.011424421799999999	-0.014305630500000001	0.0318246757	-0.0098927565	0.0259962335	0.0176202063	0.013595499399999999	0.0311473717	-0.0772362005	-0.0624291696	-0.16340052160000001	-0.0221253607	0.1531005245	0.0645076672	-0.016300378100000002	-0.0753850256	0.0365948939	0.0014665398	0.0017654951999999996	-0.0771181125	0.0309805522	-0.0178973444	-0.0214761989	0.06505403309999999	0.0568894807	-0.014958466	0.0171151875	0.0370699469	0.028551802999999997	0.0056136171	0.058694513499999997	0.0080685426	0.0325723942	-0.0487877751	-0.0206893053	-0.1774037698	0.0916018608	0.0307663687	0.0713120716	0.0005288959999999999	-0.0012560858	-0.0767370585	-0.0297694854	0.046516818200000004	-0.09469647640000001	-0.0725691754	0.0897599183	-0.0191980425	0.0500089329	0.0356404719	0.2317779166	0.0757799146	0.0014609811	-0.0139094498	-0.012868331799999999	0.053035606299999996	-0.2766248685	0.1070783994	0.024052874100000003	-0.0947775138	0.020322205	0.1470191035	0.0337652658	0.069150615	0.1347390987	0.039329585099999995	-0.1288444916	0.0289109059	-0.0319472421	-0.0200043547	0.0608273007	-0.04502061	0.0734423712	0.0223649475	0.0222314423	0.1104075781	-0.0570488143	-0.0206361803	0.0134297967	0.0124241277	0.0102882234	-0.051901377	-0.0841376926	0.0659722477	-0.0368555869	-0.0056097075	0.048653149900000005	0.1648266031	0.043218552699999996	0.0670712923	-0.0055240425	-0.06472574769999999	0.0279954373	0.043144120300000005	-0.0206633273	0.031583921	-0.0828854129	0.06529869440000001	0.1308802688	-0.051785563	-0.0053696883	0.0157046762	-0.0011398786	0.0478335008	0.0552614034	0.0450447606	-0.0124904231	-0.0327176724	0.0794218389	-0.0010014689	0.0177261206	0.0220854248	0.16723650880000002	-0.0850920148	-0.0372928733	0.0961121093	0.11082213269999999	0.0502644241	-0.018885981	0.006599664200000001	-0.1023056541	0.0734911838	-0.0323667931	0.0441825532	-0.060507972699999996	-0.1157345578	-0.021022792400000004	-0.1395889275	0.0267444871	-0.0712198399	-0.0854509799	0.122228024	-0.0687966886	0.0014847856	-0.1880730209	-0.023217315899999997	0.1402946217	0.0773472539	-0.0222460855	-0.08432112580000001	-0.1492316883	0.0684329568	0.0654710632	0.0072512283	0.0913097856	0.055683332	0.0062265527000000005	0.0	0.0	0.0	0.0	-0.0112041	-0.01587037	0.00025186864393690004	0.00012553185681	0.107032	-0.013844000000000007	0.011455849023999995	0.00019165633600000024	0.000392397	0.000588884	3.46784365456e-07	1.5397540560899995e-07	-0.0	0.0	0.0	0.0	0.0	0.0	0.0	0.0	0.0	0.0
8570.81596809695	26.691711378445692	73458886.35898565	712.447456310247	10463.587695036476	44.81603308233024	2008.4768212365195	109486667.45171876	6265.918339307657	17.862963001011853	39261732.63487203	319.08544717551825	6313.654588869652	10275.281809222268	1.013778	37.613594	0.07396145	0.045485500000000005	-0.0859139617	-0.0979061835	0.1045210743	-0.1313185003	0.1247175753	-0.008138350899999999	-0.0146333163	-0.010314143100000001	-0.2465518272	-0.0715818791	0.08897601279999999	-0.0099812489	0.06600722440000001	0.036564679700000005	-0.0479077272	0.0680390684	-0.10395869449999999	0.024066245899999998	-0.0832009067	-0.0127412878	-0.08156638620000001	-0.0753009867	-0.0662531913	-0.055572904400000005	0.013160244	-0.12167770800000001	0.0195240827	-0.1191617887	-0.1496167847	-0.0071896686	-0.044197046600000005	0.0665418141	-0.0245210519	-0.0547709725	0.0227404239	0.0542059687	-0.0428110728	-0.0438215209	0.0206328998	-0.023219532999999997	0.05075998650000002	-0.028404001499999998	-0.0512119694	0.08944679050000001	0.1057062116	-0.0601633137	-0.0908132101	-0.0299208459	0.12887768619999998	-0.004711313	-0.1555316182	0.1453219477	-0.1182447813	-0.1545265955	-0.0992186212	-0.0168391082	-0.0645920411	-0.054583408099999994	-0.0629830289	0.015986828999999998	-0.1187807048	-0.0668601669	0.0511662208	0.0171414105	0.0392317467	0.1216339808	0.0063433068	-0.0878671491	0.0213723897	0.0760800373	-0.1178555187	-0.0376684251	0.1293206625	-0.042099030700000005	-0.0377307992	0.055073221	0.0269138754	0.0661063297	0.0430992359	-0.1541994165	0.019266296000000002	0.0277474987	-0.1256373951	0.13383752570000002	0.0237471687	-0.0207693251	-0.005755983199999999	0.0576341772	0.049318250300000005	0.0369749535	0.0081961116	-0.062451933099999996	-0.0910920956	-0.0661836249	-0.037980871400000005	0.0994324748	-0.0726260527	0.0730851976	-0.0200186157	0.010070855600000001	-0.1379673938	0.0164322978	-0.037001447400000005	0.1399884499	-0.1364970378	0.0202237846	0.032794611800000005	-0.07377218	0.0155297296	0.0242258531	0.0050103784	0.07648309269999999	-0.0718481928	-0.018638760900000002	0.0734083379	-0.1329067288	-0.0627786474	-0.0510289075	0.0450892434	0.0326713218	0.1003619691	0.0323228692	-0.16990790530000002	0.0546287348	0.2073538342000001	-0.0863973611	-0.11187080619999999	-0.059318253099999996	0.15382531019999998	-0.1177532593	0.0544021992	0.0693559653	-0.0025887918	0.0707430572	0.0092179363	0.0765571588	-0.0617947955	0.0035220124	-0.1088833199	0.0157565694	0.0306132398	0.0395419604	0.0545327012	-0.0715651845	0.1398201411	0.0060865085	-0.0977680799	-0.1173386758	0.0099127624	-0.017869725700000002	0.022571053799999997	0.0083789502	-0.0971644875	-0.0715338298	-0.0292523123	0.16883196949999998	-0.005718456899999999	-0.0148505177	0.004162468	0.0467469428	0.0283247238	-0.0671300019	0.1553087734	0.028534215499999998	0.0704037133	0.0529112054	-0.058756383499999995	-0.0108925147	-0.022588125299999998	0.0064865808999999995	0.07867759440000001	0.0584870884	0.10059496789999996	0.025932820899999997	0.039513407599999995	0.0904373636	0.052641619699999996	0.0008900264	0.0	0.0	0.0	0.0	-0.0263861	-0.015182	0.000230493124	0.0006962262732100001	0.143036	0.036004000000000015	0.020459297296	0.0012962880160000006	0.000847906	0.0004555090000000001	2.0748844908100012e-07	7.189445848360002e-07	-0.0	0.0	0.0	0.0	0.0	0.0	0.0	0.0	0.0	0.0
8564.176808091574	-6.639160005375742	73345124.40025358	44.078445576980826	10484.806787224536	21.219092188059218	450.24987328535593	109931173.36542968	6268.675591577898	2.7572522702403153	39296293.67244451	7.602440081745371	6317.986546075653	10355.506087162741	1.060446	39.345112	0.05474744999999999	0.0331518	-0.0478483062	-0.1215380249	0.0948384599	-0.0538337782	0.0778863623	-0.083060075	-0.0036639308	-0.021458969700000004	-0.1506608286	-0.0225593121	-0.0807469367	0.0016322251	-0.033648802400000004	-0.0009449203	-0.11891662230000001	0.0466130231	-0.15479779330000001	-0.09229771369999999	-0.0575689245	-0.0521961732	-0.0329714655	0.0052668999	-0.0366179455	-0.06391395379999999	0.0359773719	-0.23633294170000002	0.047558579000000004	-0.0946018674	0.0016065463	0.0768541267	0.0189029868	0.015269576000000003	-0.0915319091	0.0264257829	0.006860651	0.1770932627	0.0023710826000000003	0.016400611399999997	0.11695871449999999	0.0043243186	0.06277984240000001	-0.0122418328	0.1656532541	0.09233096869999999	-0.0689243013	-0.0133130186	-0.0693460525	-0.013992448000000001	0.0333158217	-0.0015974117000000002	-0.052800172	0.0430141037	-0.068803759	0.1640543056	-0.0349277448	-0.1033016082	-0.1257061427	-0.0198231757	0.091002445	0.0230196581	-0.0690464984	0.0116059612	-0.0099257535	0.0350352644	-0.1574446257	0.06298415639999999	0.0193305476	-0.014097258	0.0118344825	0.0758896179	-0.0320803807	-0.040931063399999995	-0.13678235689999999	-0.0798255053	0.0520265824	-0.0693411637	0.1821946854	0.0021992188	-0.0371966348	0.0514575235	0.208658337	-0.10259710179999999	0.0066157424	-0.04966260559999999	0.0414833725	-0.00019952529999999998	-0.0316431873	-0.046671678700000004	0.15637042880000002	0.021661805099999997	-0.1304826123	0.0146188871	0.0609164794	-0.1325333215	0.06663203349999999	0.0934267577	0.1637515366	0.055464864	0.0190785713	0.1120861458	0.0040935593	0.0378401645	-0.0755308761	0.0860260418	0.0279664385	0.0407782723	-0.0745919464	-0.1055184266	0.0274377723	-0.10642016039999999	-0.0683628441	0.0761931524	0.0373080644	-0.09747160560000001	-0.0745107686	-0.0277452846	-0.12000585130000001	0.10442081449999999	0.0421436975	-0.0004123075	0.0639179226	-0.0212084188	-0.1439353837	0.012479223400000001	0.0972767193	-0.0766523057	0.047479089800000006	0.0439416049	-0.044426618200000004	0.0815759232	0.046471223	0.1244424575	-0.027758454300000002	-0.18394466760000008	0.0721727363	-0.0584559204	0.0100704929	-0.0199481832	0.0010872596000000001	-0.0408619207	0.1380187104	0.0948257045	-0.0506339686	0.029242149900000007	-0.0421942275	-0.149737799	-0.0012422809	0.0355473751	-0.0171197083	-0.0902461166	-0.0690453118	0.1029445727	0.1068236426	-0.12286204029999999	0.033813968300000004	-0.0662234055	0.0396528047	-0.0610389266	0.0192912168	-0.1299255402	-0.038192038500000004	0.00176659	0.1389598719	-0.082570616	0.0161604228	0.055012848899999994	-0.0395584826	0.0907196425	0.0800054379	-0.1605631449	-0.0997608355	0.11210084810000001	0.0647042197	0.0577467542	-0.0784141311	0.0895385782	0.0495385296	-0.0044488346	0.0	0.0	0.0	0.0	-0.0107656	0.0156205	0.00024400002025	0.00011589814336	0.117014	-0.02602199999999999	0.013692276196	0.0006771444839999994	0.0005858069999999999	-0.0002620990000000001	6.869588580100008e-08	3.4316984124899987e-07	-0.0	0.0	0.0	0.0	0.0	0.0	0.0	0.0	0.0	0.0
8542.667087183241	-21.509720908332387	72977160.9624438	462.66809355435134	10484.734332510589	-0.07245471394708147	0.005249685573153403	109929654.02332626	6264.3448954531505	-4.330696124747192	39242016.96918994	18.754928924900344	6315.7428023644225	10225.972816952924	1.111568	41.241848	0.019546957712019985	0.0128383	-0.0513995353	-0.0724762568	0.0268695204	-0.10712616369999999	0.0410007231	-0.0143598349	0.0490842753	-0.0571424001	-0.1964408286	-0.028244600699999997	0.0270994758	0.0569418955	-0.055930291900000005	-0.0655469097	0.2031670514	0.0187749327	-0.0021490866	-0.1024190224	0.017257168899999998	0.0282697864	-0.024189460299999997	0.0074772513	-0.0506936163	0.0881270691	0.1055819891	-0.0695273135	0.030982714100000006	-0.1347705157	-0.0669717846	-0.0149247748	-0.1580037641	-0.0667608023	0.0307161436	-0.1600225519	0.0244238399	-0.0002045766	0.1724607454	-0.1198389485	0.0671176644	0.0072895133	0.011996518700000002	0.0720759147	0.1372071518	0.12323620710000001	-0.1926187948	-0.0642680784	0.08154349030000001	0.033668251600000004	-0.0178788556	-0.08527665470000001	-0.0998125352	0.11909529960000001	0.0158296969	-0.0654663516	-0.052232483600000004	-0.0668506257	0.0749553537	0.044729247800000003	0.1754376664	0.0609743196	0.10382043490000001	0.0084419328	0.1045000848	0.0649712184	-0.179854558	-0.0452070324	-0.002693589	-0.031328131099999997	0.0938557114	0.04226565349999999	-0.0367776982	0.1125505331	0.1183509323	-0.11157128699999999	0.063295909	0.0793227105	-0.0742654286	-0.1622301001	0.0306822147	0.055625771799999994	-0.0907360834	-0.021803855299999998	-0.0306264004	-0.058349177099999996	0.0489404716	-0.0287801428	-0.0419067414	0.0040134346	0.1102414804	0.1025822267	-0.042154627	-0.053013058099999996	0.0737275122	0.0177747036	-0.0703051908	-0.051857770899999996	-0.0163757693	0.0278108321	0.0138426907	-0.10558862990000001	0.09801411480000001	-0.0194626507	-0.1077532607	0.1137027867	-0.110648581	0.0556083441	0.1681496067	0.046653260999999994	0.14063867130000002	-0.0341281115	-0.0618242235	0.0621934714	0.2133065125	0.0335686039	0.013292387099999999	0.1026535992	-0.1215116214	0.0934971083	-0.0689147107	0.11137960429999999	0.15349884789999999	-0.09133982460000001	-0.0516324686	0.0390391275	0.0640611219	-0.0504656798	0.0379155223	-0.0101035988	-0.0049177735	-0.0410445564	-0.09896393949999999	-0.1354339452	-0.072784813	-0.0678832306	0.0319937961	0.0522996945	-0.0368308649	-0.1623564892	-0.07176155440000001	-0.0009662781	0.1360931212	-0.042095187199999995	-0.047794838099999994	-0.0194549558	0.0621852107	-0.031389400299999995	-0.18376100280000002	0.169131901	0.1191067834	0.0738773655	-0.0782561593	-0.041195653799999996	-0.0750720206	0.1851398407	0.0399075447	0.0585469488	0.048360313499999995	-0.06122496030000001	0.06367359389999999	0.010903202399999999	-0.034612738	0.0072860336	-0.0344480211	-0.11066617470000001	0.0949431635	0.0518309412	-0.0037221684000000002	-0.005565898499999999	-0.12086550759999999	-0.046135828600000005	-0.0953827641	-0.1245649989	-0.0513225395	0.0201953458	0.0096731302	0.0886136913	0.0463776798	-0.0097760258	7.712019999999998e-09	7.712019999999998e-09	5.947525248039996e-17	5.947525248039996e-17	-0.0158709	-0.0051053	2.606408809e-05	0.00025188546681000003	0.128347	0.011332999999999982	0.016472952408999996	0.0001284368889999996	0.00064798	6.217300000000011e-05	3.865481929000014e-09	4.198780804e-07	-0.0	0.0	0.0	0.0	0.0	0.0	0.0	0.0	0.0	0.0
8531.963611488889	-10.703475694352164	72794403.06777053	114.56439193958755	10560.396940960642	75.66260845005309	5724.830317466044	111521983.55065088	6273.923296285372	9.578400832221634	39362113.52767231	91.74576250270405	6327.746661397144	10066.874650642336	1.353953	50.234936	0.10141360771202	0.0828051	0.077880466	-0.014205336	0.0830533902	-0.2533416337	0.1767860657	-0.0431753588	0.0920963541	-0.17539734780000002	-0.1571049211	-0.3110079971	-0.029145139900000002	-0.0834716248	-0.0852895427	0.0212324675	0.021593684900000003	-0.12374388730000001	0.12377945550000001	-0.1068343262	-0.0422171395	0.08652203539999999	-0.08086209400000001	-0.1895371203	-0.0835261208	-0.0555846329	-0.0365851009	-0.1270270122	0.08917377480000001	-0.07515569679999999	-0.1160060386	-0.1827619107	-0.058644298899999996	0.20632174399999997	0.1684391316	0.0219416957	0.0058750519999999995	-0.0157312228	0.027848914	-0.0776144582	0.0564955431	0.2126146573	-0.0185141812	0.0341567842	-0.0624259032	0.017597561	-0.0388889192	0.08933420869999999	-0.0722664865	0.033893941600000005	0.09745928640000001	0.0524508053	0.069595358	-0.09558455939999999	0.0517968505	-0.017079231299999997	-0.033818224300000005	-0.0407174764	-0.0128728525	0.07052770280000001	0.09872703220000001	-0.0896194642	0.1425886459	0.08803162640000001	-0.055078987999999995	-0.010137100500000001	0.046418107199999996	0.1062663237	-0.11141571900000001	-0.0372109027	-0.180335964	0.0418488853	-0.0200240005	-0.017256746200000003	0.07521936530000001	0.055207775300000005	-0.0454776069	-0.0061099221	-0.0141082975	-0.0368276565	0.0091758967	0.0444877367	-0.0648406513	-0.019589446200000003	-0.0726774303	0.0346228579	-0.0270923629	0.0889806586	0.0687443383	0.0759058557	-0.0249755779	0.0396427617	0.06402365559999999	0.0378527515	0.0281204973	0.0876259202	-0.0146238599	0.0487831394	0.0943330412	0.0324330549	0.079906877	-0.0511835518	-0.2409660401000001	0.0033267112	-0.11560466429999999	-0.0146329071	-0.26316376469999997	0.25870999899999997	-0.0571530517	0.0299123896	-0.07664588580000001	-0.006611987299999999	0.0112343846	0.015795227	0.06489038849999999	0.105228611	-0.0427024751	0.0451835723	0.10376929609999999	-0.09775818230000001	0.0352136694	0.0852469177	-0.1140310355	0.0229431572	0.07850780269999999	-0.0827065217	0.1358932497	0.0468137148	0.038012202	0.0659422862	0.0532503874	-0.0229757566	-0.0254916475	-0.0684716408	-0.0546383392	-0.0405290734	-0.0603446704	-0.0680957475	-0.11195572880000004	0.0090549445	0.0751670479	0.0627974383	-0.1576577529	0.1255988714	0.0891777402	0.0951889538	0.0585345543	-0.0427165592	0.06265090549999999	0.0127265588	0.0257256054	-0.0765698632	-0.0558304185	-0.0174470573	-0.0787554529	-0.0314848308	-0.0164297326	-0.0064888178	0.0615670308	-0.0714514745	0.016320351299999997	0.0922320862	0.0083088085	0.0118640721	-0.0644042303	0.0869456546	-0.024568926600000002	0.0668346225	0.0261719609	0.049472691500000006	0.0847238833	0.0084580266	-0.1048641825	-0.016737052	0.0714298858	0.0396177687	-0.053796019900000006	0.0876629727	0.0431627558	-0.015077573799999999	0.0	-7.712019999999998e-09	0.0	5.947525248039996e-17	-0.0258382	-0.009967300000000002	9.934706929000003e-05	0.0006676125792400001	0.209797	0.08145	0.044014781209	0.006634102499999999	0.000847906	0.00019992599999999998	3.997040547600001e-08	7.189445848360002e-07	-0.0	0.0	0.0	0.0	0.0	0.0	0.0	0.0	0.0	0.0
8534.096617942007	2.1330064531175594	72830805.0843692	4.549716529041151	10538.296138391104	-22.100802569537333	488.44547421766816	111055685.50042886	6262.8362653746935	-11.087030910678552	39223118.08689244	122.92225441434164	6315.963190009963	9963.884735196212	1.189889	44.147747	0.10105467	0.056953	0.1809307071	-0.0036269463	0.0663640851	-0.18599539329999998	0.1084973527	-0.1079533845	0.0185951694	-0.16497654679999998	-0.029313298199999997	-0.2508881649	-0.1429087283	-0.1748713871	-0.1320765584	0.0137925587	0.07554907129999999	-0.1059900331	0.19025212649999998	0.044322601600000004	0.1603833512	0.0354156241	-0.0026309268	-0.048750107300000005	-0.0052993593000000005	0.0010278823	-0.12394527289999999	-0.0713903213	0.18112258260000005	-4.6512000000000005e-06	-0.028509680099999997	-0.09564701699999999	-0.0653501465	0.0055711618	0.1552321385	-0.0032233809000000004	0.1749630561	0.0844642462	-0.08774398230000001	-0.083131383	0.043591649100000004	-0.0052562041	0.0083526116	-0.0002777807	0.0143462337	-0.0026952723	0.0453824045	0.0319649347	-0.12714514789999998	0.0566139749	0.0328479188	0.0022708467	0.0717965291	0.0524685992	0.071365994	0.0183109339	0.07507525150000001	0.10684641980000001	-0.0960042511	0.11819619890000001	0.0780828641	0.0523237417	0.021092112000000003	0.0428214747	-0.07046055080000001	0.06253535860000001	-0.058688860999999995	0.12770339220000002	0.0795814348	-0.1261928124	-0.0392998448	0.1117892787	-0.052390553	-0.08966356939999999	0.0877834542	-0.0015976084	0.0590272143	-0.007406323199999999	-0.0123697127	0.051996373600000007	0.05820174190000001	-0.0386042349	0.0206134582	0.0600973175	0.11554360609999999	0.11043013189999999	-0.0865900494	-0.0776823654	-0.0177581622	0.0321563812	-0.10934109880000001	-0.0649120607	0.0069210301	-0.06782860219999999	0.0150123224	-0.10520417550000001	-0.0518114329	-0.010951363200000001	-0.1871211478	-0.1579786483	-0.0437332467	-0.1582964466	0.007248113299999998	0.1025222949	-0.07814033690000001	-0.0785544656	-0.11134435150000001	0.2324804544	1.76416e-05	0.1043662407	0.016723306599999998	-0.1771294511	0.15292704810000002	0.0785105198	-0.014245911799999999	0.0177625086	-0.0374626028	0.025105131800000003	-0.052282608	-0.0050821248	0.06655476469999999	-0.0085910524	-0.1577875035	0.0545992844	-0.0335355519	-0.07700512129999999	0.14219622310000002	0.0858421974	0.0125803715	-0.0762745521	-0.1314540991	0.0831685724	-0.050708758099999994	-0.0529366784	0.037538842200000005	0.0508213585	-0.0292991386	-0.049325985	-0.032309474399999996	-0.0878863258	-0.018682102	0.0732373708	0.10822967550000001	0.1576885153	-0.0754963209	-0.019126757299999998	0.1772405719	-0.055532335499999995	0.0661995791	-0.09443377480000001	0.0346451276	0.0425875979	0.08592451400000001	0.0009709721000000001	-0.08699722509999999	-0.034518705499999996	0.0351352057	-0.041590466	-0.040511438399999995	0.13666905210000002	-0.0859703293	-0.0036336353999999998	0.1149427587	-0.027403241499999998	0.0415592065	0.050155826699999996	0.037231728799999995	-0.0671056937	-0.048406407	-0.1109542493	0.0369709056	-0.0166982938	0.10834634970000001	0.0164904428	-0.11296053699999999	-0.1325852925	0.2838431745	0.08668669949999999	0.039897505800000004	-0.020339572099999998	-0.00772326	-0.00772326	5.96487450276e-05	5.96487450276e-05	0.00780493	0.03364313	0.0011318601961969	6.09169323049e-05	0.214623	0.004826000000000025	0.046063032128999995	2.329027600000024e-05	-2.43466e-05	-0.0008722526	7.608245982067601e-07	5.927569315599999e-10	8.27181e-25	8.27181e-25	6.84228406761e-49	6.84228406761e-49	-0.000224993	-0.000224993	5.0621850049e-08	5.0621850049e-08	0.0	0.0
8539.66560240922	5.568984467214251	72925888.60097124	31.013587996073586	10480.18024247058	-58.115895920524046	3377.4573586451843	109834177.9146707	6250.804470667233	-12.031794707460904	39072556.530513465	144.7640838824842	6300.065512282273	9988.86348279332	0.997071	36.993748	0.07235615	0.0489228	0.2039092089	-0.0245702666	0.05966917980000001	-0.1704175757	0.12111028789999999	-0.1272923365	-0.052035759	-0.15698899859999998	0.0237149021	-0.1913419924	-0.1171098528	-0.1628125274	0.0083195555	0.1686605978	0.0317233294	0.0758407547	0.1527438498	0.1501601094	0.0431042229	0.0963952761	0.0858092177	0.0193168081	0.1151304023	-0.036917672900000004	-0.1504020112	0.0793751216	0.22276224649999998	0.0219101798	0.08470815960000001	-0.0946545425	-0.106427685	0.0259448373	0.2109841332	0.1324168474	0.1618534833	0.1012386817	-0.1213222899	-0.0081209152	0.07977006240000001	0.0225919469	-0.1430982715	0.020928587	-0.042161699000000004	-0.0967463244	-0.032761388100000004	0.055072618200000006	-0.0860392492	-0.04673424809999999	-0.21576578780000005	-0.0404365572	0.029805684199999998	-0.0136344936	0.025521874700000002	-0.0227580291	0.0293647642	-0.0515214644	0.0246732756	-0.022263909300000002	-0.1165356522	-0.0496229426	0.1337335064	0.0178628722	-0.07453689150000001	0.009065295	0.0089585546	0.0927776536	-0.10834492720000001	0.043398239000000005	0.08571395550000001	-0.09984928380000001	0.1412001327	0.0650405794	-0.0553082395	-0.1589008338	0.050997214400000004	0.0326163079	0.0155185077	-0.0229493979	0.0767371204	0.070131019	0.1201539727	0.07463424540000001	0.0426101397	0.0825800456	0.1098103698	-0.07250878200000001	-0.0776300645	0.014995031200000003	-0.150564309	0.032680478900000004	0.0728483791	-0.0113956952	0.0116920235	-0.0170302993	0.0861123532	-0.0418945135	-0.0028667487	0.1168117822	0.0810525569	-0.0164285698	0.0393963216	0.1572327343	-0.0777083959	-0.1427150641	-0.0230952081	0.2450079613	0.0382442596	0.0564744428	-0.0981400897	-0.1682323754	0.184153111	0.0809000532	-0.09737205630000001	-0.0175428464	-0.022221857200000004	0.1226661163	0.032098870099999996	-0.0791746987	0.029102208100000002	-0.014825336599999999	-0.1056337083	-0.075285828	-0.0049538816	0.0676033671	-0.23591240559999999	-0.0989198194	-0.0998930275	0.0099880179	-0.0739433687	0.0149166973	0.1292527427	-0.0567600754	0.0557314696	-0.02142822	-0.12401354640000001	0.0315675181	-0.0839229697	0.0580236206	0.08275302679999999	0.0246039283	0.0858628963	-0.0402635702	0.14894172349999998	-0.0425390287	-0.0228014532	-0.0057733718000000005	0.08571088369999999	0.0567816975	0.101747819	0.039983286800000004	-0.0389617357	-0.019879491200000002	0.10927134109999999	0.0833573694	0.1806074872	0.0862904762	-0.0349428571	0.0569361142	-0.10105699509999999	-0.012837392900000001	0.0459608721	0.09070524099999999	0.060515061900000014	0.0347457724	0.12274851369999999	0.042420729299999994	0.1036466947	0.0028628278000000004	-0.0791877129	0.0499526933	-0.0734491459	-0.047288646	0.0128807378	0.04990195309999999	-0.0095838813	0.08568515619999999	0.0365857372	-0.025548217999999998	0.0	0.00772326	0.0	5.96487450276e-05	0.00313651	-0.00466842	2.1794145296399995e-05	9.8376949801e-06	0.261268	0.046644999999999985	0.068260967824	0.0021757560249999986	1.70498e-05	4.13964e-05	1.7136619329599996e-09	2.9069568004e-10	-0.0	-8.27181e-25	0.0	6.84228406761e-49	0.0	0.000224993	0.0	5.0621850049e-08	0.0	0.0
8555.352928711385	15.687326302164367	73194063.73481047	246.09220651057788	10471.391001381317	-8.789241089263669	77.25075892520081	109650029.50380962	6256.9698221723265	6.165351505093894	39149671.355575204	38.011559181363566	6303.8386394491845	10114.371250241566	1.062923	39.437008	0.03431728	0.0212284	0.1554176693	-0.0657223165	0.0042568614	-0.1165729678	0.0817079529	-0.14909255130000001	-0.030904172999999997	-0.12199388359999999	0.0696598752	-0.10129097949999999	-0.043842777400000005	-0.026795590600000002	0.0007143239	0.2531909018	0.0028562821999999996	0.1756966657	0.1284066181	-0.0351481087	0.04431836769999999	0.12234482869999999	0.2581087371	0.015296381999999999	-0.0559118613	0.0286051167	-0.09387114390000001	0.0298849444	0.1728688356	0.0506574024	0.0953041517	-0.0607871704	-0.06232976320000001	-0.043389108200000005	0.18714154370000002	0.0413027942	0.0367770979	-0.0183535155	-0.11817858449999999	-0.0211130175	-0.026026279700000002	0.1066434871	-0.0177699705	0.13537136589999998	-0.0350967139	-0.0600992056	0.043404363700000004	-0.09819731289999999	-0.013774611599999998	-0.057600235	0.0654216165	-0.10783465019999999	0.0565478623	-0.0494204359	0.0429748246	0.0223044991	0.0824147157	0.010563913000000001	0.0484505786	0.0565973988	-0.022847753	0.0391793963	0.0986860316	0.0167731804	0.1075702628	0.0147572472	-0.0489228891	-0.071151122	-0.021155290499999996	0.0156697689	0.061638773	0.1559729078	-0.057006712699999997	0.028422611400000002	-0.07606908820000001	-0.10508207509999999	0.0104149515	0.0615966521	0.025448761299999997	-0.0700676967	-0.0361675646	-0.1367619064	0.035336041400000004	0.03370515	-0.1870725243	-0.0895405483	0.0282364652	-0.0354743123	-0.1374252343	0.0003118789	0.0024463501	-0.0510330945	-0.0352148615	0.0315490048	-0.0663552847	-0.0010533057	-0.007546660699999998	-0.0680202806	0.024289575499999997	-0.0300240409	-0.10230989039999999	-0.0738619623	0.0014793474	0.1404430179	-0.059465535	-0.1446596941	0.038261321800000005	0.1464971927	0.061994371	0.1015506367	-0.056911567999999996	-0.0962153033	0.091167336	0.0321666197	-0.0912518628	0.0668615671	-0.0159352759	0.057588214400000004	0.043581635099999995	-0.10937342060000001	-0.14571500939999998	-0.0393147383	-0.0026521445	-0.0277023812	0.0262621219	0.09516866619999999	0.0435417296	0.0349274488	0.0244605833	0.0757565966	-0.0325309843	0.0349921331	0.020900902	-0.1043696911	0.0010277893	0.0857112948	0.012145421699999999	0.0797813184	0.0047416571	-0.0628735522	-0.0777139486	0.0162209069	0.0956399634	-0.1206119997	-0.0372726253	0.0017435326	-0.09975646140000001	-0.1149388521	-0.1303536848	0.09622927710000001	0.0697534688	-0.1610235844	-0.09715639949999999	-0.0824178351	0.0637120376	-0.08460391910000001	-0.10339310199999999	0.12059856990000001	-0.0298895664	0.0045180129	0.08703168369999999	-0.08973013839999999	0.0554603713	-0.0980675595	-0.0755622939	-0.0806145484	-0.080522069	0.072265762	-0.0542618948	-0.1001775378	-0.0603855224	0.016925389199999998	0.0625100396	0.05124647	-0.0647604539	0.0376521322	-0.0157866371	0.0846586349	0.0332313112	-0.0306898489	0.0	0.0	0.0	0.0	0.0197238	0.01658729	0.00027513818954410005	0.00038902828644	0.255552	-0.005715999999999999	0.065306824704	3.267265599999999e-05	-0.00022323	-0.0002402798	5.7734382288039995e-08	4.98316329e-08	-0.0	0.0	0.0	0.0	0.0	0.0	0.0	0.0	0.0	0.0
8534.40146250798	-20.95146620340529	72836008.32325834	438.963936072434	10458.788369720838	-12.602631660478435	158.82632476969346	109386254.16260786	6245.464296867735	-11.505525304591176	39005824.283449605	132.37711253458784	6295.03179534691	10277.081776695768	1.369403	50.808163	0.17229071174050006	0.13915	-0.0510311461	-0.0726934239	-0.0490311786	-0.0641170144	0.0614774646	0.0066237873	0.055522777300000006	-0.1240616825	-0.0126693429	0.0033116271999999998	-0.0362816355	-0.0765966112	0.0824984283	0.117485887	-0.1364815915	0.1532076485	-0.0121096732	-0.1316615667	0.011553228	-0.1863911902	0.1398527383	-0.05930309440000001	0.0747811962	-0.027310013199999997	-0.1899281089	0.1704070742	0.0074694679	-0.014519981299999997	0.15583500779999998	0.0462223252	-0.11202194210000001	-0.017624495100000002	0.0460450814	0.1788357576	-0.0013155203	0.11393665929999999	0.015576161299999999	0.044119432300000004	0.08871501220000001	0.012131959	0.0352138424	0.06903864700000001	0.0392825593	-0.0907467362	0.0590674312	0.0060022637	0.1637057623	0.1089890258	0.06716058280000001	-0.029053177200000002	-0.0434431572	-0.1169488976	0.0456605454	0.0208897585	0.0298957514	0.1164877688	0.0002456535	-0.1042043583	0.0024614935999999997	-0.0171144205	-0.0687461721	-0.089666595	0.0030136748	0.0347226408	-0.0173968472	0.0904618318	0.1247301672	-0.0283285167	0.0856084976	0.009478713599999999	-0.078446615	0.0994138429	-0.0307323157	-0.14801866789999998	-0.0790154277	0.1036522331	-0.0932039099	0.1239042734	0.1380771127	-0.0052088394	0.0024525867000000003	-0.0157655765	0.0709487463	0.0294018739	0.0602540982	-0.0839003899	0.0868031856	0.0756266713	0.0908170107	0.0257202618	-0.0936494258	-0.0404248331	-0.0620744811	-0.1314690424	-0.0022072416	-0.1016523892	-0.0503207362	0.0966448699	-0.0307397442	0.08665733810000001	0.0539601354	-0.0238314368	-0.0656168425	-0.0536313569	0.1445962875	0.08122468990000001	0.0563344579	-0.051275641	-0.163269086	-0.1127989573	-0.0024586801	0.0215556691	0.0567247991	-0.152055939	-0.0660469474	0.0084431743	0.0182258523	-0.0544246076	-0.1057991318	-0.0954664537	0.1580082466	0.0584727378	0.0238446206	-0.015383116200000001	-0.0536375574	0.11559544669999999	0.0247315675	0.0404990083	0.0610400204	0.0531086462	0.0511584407	0.0781108673	-0.0015878107999999999	0.07522188519999999	-0.1052227175	0.0604916392	0.1268678341	-0.0032873653	-0.0255061735	-0.0405806991	0.0215178154	0.0345893012	0.011226985200000001	-0.20136691339999999	0.1250129181	-0.084244107	-0.0972272418	-0.0670007053	0.0810883813	-0.073520052	0.148654584	-0.030197226	-0.0270666154	0.1213700732	0.0636007951	0.059984329	0.041634163599999996	0.0171708448	0.0398261907	0.0242363649	-0.055289387599999996	-0.058430024500000004	0.0625448546	-0.0489753005	0.0038499133	0.00542734	-0.1383388431	0.039664875499999995	-0.009972641400000001	-0.0526070261	0.0128879054	0.12353993	-0.0834855674	0.0186469719	-0.1436504895	0.0836074347	0.0298381391	-0.0357509779	1.17405e-08	1.17405e-08	1.3783934025e-16	1.3783934025e-16	0.0297253	0.0100015	0.00010003000225	0.00088359346009	0.11977	-0.13578199999999999	0.0143448529	0.018436751524000004	-0.0007533739999999999	-0.000530144	2.81052660736e-07	5.675723838759997e-07	-0.0	0.0	0.0	0.0	0.0	0.0	0.0	0.0	0.0	0.0
8505.989892895934	-28.411569612046147	72351864.05804777	807.2172878201442	10457.927169606186	-0.8612001146520925	0.7416656374767772	109368240.68478726	6240.891890450492	-4.5724064172436565	38948731.58829072	20.90690044445096	6294.256943091572	10350.844605374816	1.158454	42.981434	0.10214725825950001	0.049807800000000006	-0.1238366368	-0.0019649254	-0.0422895372	-0.0354662558	0.0868449381	0.1294914619	0.0750200167	-0.0741814783	-0.1335813788	0.024755378199999997	-0.045020790899999996	-0.041824525099999996	-0.003049917	-0.12772006589999998	-0.1155342084	0.0849715422	-0.0397286689	-0.0490650796	0.060960386100000014	-0.1764305046	0.08257830769999999	-0.0638422709	-0.0589683946	-0.0084973734	-0.082131705	0.1344789578	-0.1309536111	-0.05664289030000001	0.08380057169999999	-0.0088446651	-0.10312261019999999	-0.008764145899999999	-0.125618576	0.0999880301	-0.033270389500000004	0.007226383399999999	0.0011221132000000002	-0.0018949705	0.1812955262	0.0280803939	-0.0696404851	0.0364620837	0.08635360880000001	-0.0636574007	-0.0222269685	0.012196858	0.0523707858	0.0557823768	0.12359801	0.0628137492	0.0716104774	-0.0073789680000000005	0.008633983000000001	-0.094162224	0.0368945222	-0.0201994418	-0.0380601022	-0.0802414248	0.002236137	0.028065072799999997	0.0450327634	0.12183144900000001	-0.0122100051	-0.025775258	-0.008536466	0.0075897373	-0.0255902065	0.0473273012	-0.014158183700000004	-0.041073543399999995	0.0153807855	0.11025459720000001	0.0155537848	-0.0414268498	0.0294491919	-0.0015347318	0.08572039960000001	0.0906196746	-0.0551626266	-0.0896911432	-0.0519255495	0.014509609199999999	-0.09391374570000001	0.0288259964	-0.0647618799	0.0138418239	0.2052935111	-0.0777272905	-0.0060086314000000005	0.051192126500000004	0.014556175900000001	-0.1420393667	-0.04526034809999999	0.080725744	-0.1127298343	0.0633985664	0.0744776493	-0.0306677629	0.0579384686	0.0099837308	-0.1397983662	-0.1717775396	-0.0562958971	0.0090032148	0.0360020575	0.0176632954	0.0201741528	-0.1196431352	-0.014666751899999999	-0.107263625	-0.035973063300000004	-0.1140386907	0.0966830867	-0.11159013429999999	-0.0946105442	0.1090288352	0.0227359614	0.0097189203	0.06605859230000001	-0.07303337480000001	0.10624889369999999	0.096753857	0.0447090621	-0.0487615869	0.11210812869999999	0.034505733399999995	-0.017385600600000002	-0.0015506434	0.0479454868	0.0043086345	0.0823388233	-0.0578334724	-0.0701943984	0.1029221324	-0.0485969618	0.0271699756	-0.046028685599999994	0.09095003310000001	0.15716791619999998	-0.0037667218	-0.0358611085	0.0122615075	0.018806012	0.045046158899999994	-0.022794880299999997	-0.0640885283	-0.0896606085	0.0372981782	-0.0192609599	-0.06958208099999999	0.023167697799999998	0.06508740269999999	0.0113279991	0.010036980400000001	-0.0532281691	0.13254040050000002	-0.04359924019999999	-0.104919329	0.0104663999	0.0322284738	-0.0607271537	0.0820665518	0.011268881599999999	0.11683320779999999	-0.0038864648	-0.1512785421	-0.07230864969999999	0.0100075515	0.098760272	0.046928589699999995	0.0180756815	-0.1386399747	0.1193986695	-0.010396197	-0.0876860867	0.082531862	0.0264101769	-0.0407183291	0.00708486	0.0070848482595	5.01952412196e-05	5.019507486014018e-05	0.00447114	-0.02525416	0.0006377725973055999	1.99910928996e-05	0.08819969999999999	-0.03157030000000001	0.007779187080089999	0.0009966838420900003	-0.000217267	0.0005361069999999999	2.8741071544899983e-07	4.720494928900001e-08	0.000228652	0.000228652	5.2281737104000006e-08	5.2281737104000006e-08	0.0	0.0	0.0	0.0	0.0	0.0
8494.460061594862	-11.52983130107168	72155851.73803018	132.9370098311723	10410.760889986566	-47.16627961961967	2224.6579331561497	108383942.30847389	6250.289606615747	9.397716165255588	39066120.16656883	88.31706912270619	6303.6039807165735	10139.293159068771	1.14919	42.637722	0.23770174595958	0.128278	-0.1125425066	0.0837377592	0.025104159700000003	-0.1581768432	0.0908287312	0.1646255046	-0.0101193375	-0.0494160351	-0.19546483760000002	-0.016480186799999998	0.1255909401	-0.0648576793	-0.1338745499	-0.1378028749	-0.0008656302	0.06323669030000001	0.005297942	0.014679878	-0.0030352184000000003	-0.047353865300000006	0.15126864439999999	0.1578316428	0.07559076070000001	0.0550343012	0.0755417361	-0.0087092888	-0.125168824	-0.0512029012	-0.1377372794	-0.1336720029	-0.1673943984	0.10918124109999999	-0.1497513341	0.0418941898	-0.0010560584	-0.0417877478	-0.01610081	0.0479734823	0.043804546500000006	-0.08513327820000001	0.0093109547	0.0223983941	0.05860120730000001	-0.08139154679999999	0.0017263327	0.0428779374	0.0254831552	0.0026297384999999997	-0.0241041133	-0.038463439700000004	-0.0672346792	-0.1196991018	0.0224531349	-0.09913087529999999	0.1718789212	-0.0147539991	-0.0853538588	-0.1375568562	0.08515359980000001	0.0772916208	0.0721287036	-0.0448274839	-0.0309385667	-0.17588366670000002	0.0395958545	-0.0180841724	0.0215551675	0.0208926469	-0.0401687103	0.0391007384	-0.0528765831	-0.1286072067	-0.1296217098	0.1336098373	0.0225666702	-0.066386849	0.0253361364	-0.0305973665	0.14791985789999998	-0.014863613400000001	0.0053853647999999995	0.0745124251	-0.0160432072	-0.012634628600000001	0.0265065205	-0.0492560245	-0.0825453233	0.1324497483	-0.030189116499999998	-0.0028831103000000005	0.051224407199999995	-0.013791487600000001	0.037912721	-0.1001960667	-0.0085121156	0.0756809351	-0.0044443203	0.0021891662	0.11123284259999999	0.0250869278	0.0383960482	-0.16782541190000005	0.0169414694	0.0619381066	-0.1975309764	0.039340363999999996	0.0928962637	-0.1404488935	0.0509398345	0.0023141193	0.021156379700000002	-0.1234576207	-0.0377722726	-0.06153851780000001	-0.1022873817	0.0769975418	-0.0602495125	0.030621714100000006	-0.046518467800000005	-0.1391762769	-0.0023105631	-0.0020379423	0.0428696207	-0.0220930239	-0.0444010168	-0.0166252135	-0.044642003799999996	-0.0815893012	0.1420233444	0.0878088615	0.0957013519	-0.07093903019999999	-0.0157790059	0.0487252379	-0.03376998	-0.0125244343	0.1852878459	-0.0573111189	0.07902314860000001	0.11884706269999999	-0.015481551999999999	0.0857749205	-0.0898331655	0.1247087639	-0.1293436073	0.0647641677	0.09053617609999999	-0.088827819	-0.07210046690000001	-0.029583352099999998	0.0496970969	0.0065233751	-0.0766907661	0.0019669610999999997	0.0677607368	-0.024610763799999998	-0.0469744496	0.0414627434	-0.0056600716	-0.0269125612	0.1779210688	-0.028242036600000006	-0.07202667809999999	0.032809809100000004	0.0607246729	0.1226879786	0.066753879	0.021493434	-0.0035831063	-0.0448250129	-0.006219084200000001	0.0659578032	0.042107150999999995	0.0919945643	0.042494972699999994	0.0814322305	0.0229514217	-0.0455788729	4.04042e-09	-0.007084855959580001	1.6324993776399998e-17	5.019518396799624e-05	-0.0665405	-0.07101164	0.0050426530154896	0.00442763814025	0.15232	0.06412030000000002	0.0232013824	0.004111412872090003	0.00146378	0.0016810470000000002	2.825919016209e-06	2.1426518884e-06	-0.0	-0.000228652	0.0	5.2281737104000006e-08	0.0	0.0	0.0	0.0	0.0	0.0
8505.502379449217	11.042317854355133	72343570.7268163	121.93278359661016	10357.874990741331	-52.885899245235116	2796.918338977161	107285574.32382472	6252.361969592672	2.0723629769245235	39092030.19880875	4.294688308127474	6302.6040225361085	9958.577329029857	1.02924	38.187275	0.055817204040419975	0.0419224	-0.0412369122	0.10621724769999999	0.0148729523	-0.179048368	0.037953270899999995	0.1161616932	-0.0555032147	-0.041320080099999996	-0.042159155499999997	0.024686168900000003	0.1436341774	-0.1462755031	-0.09786674390000001	-0.0213144224	-0.1269780191	0.0014927205999999999	-0.031807805	0.0904981211	-0.0611694597	-0.045951675	0.1075925445	0.0602963489	0.1124866515	0.0962498382	0.0376553017	-0.11539982210000001	-0.0387578377	0.0718648779	0.019796311299999998	-0.0854652959	-0.049827980599999995	0.1974194684	-0.1390525869	0.0301928354	-0.009291628199999999	0.0341673556	-0.0659399292	-0.0432946946	-0.045626174400000004	0.0397160785	-0.0232463912	0.0515475262	-0.054491748	-0.048602300099999995	-0.08514982689999999	0.05746937940000001	-0.035396499500000005	-0.036848889100000004	0.0141945686	0.0792373785	-0.1208157972	0.0135085858	-0.040196847200000003	-0.1352962393	0.0906483121	0.0616308053	-0.07226211769999999	-0.0034478551	0.025703705099999998	-0.0596931056	0.0329754717	-0.0654562345	0.0621016737	-0.1222253514	-0.09009322550000001	-0.0832200264	0.0414053758	-0.1018542475	-0.070667707	-0.074843571	0.0372146238	0.0541970455	-0.1503672717	-0.14313288359999998	0.1264734472	0.015281623400000001	0.0299641192	-0.0554982892	0.028279600699999997	-0.10645845820000001	-0.0096159911	-0.1134510647	0.0165303934	-0.1306232952	-0.1329614237	0.0460474304	-0.0183823868	0.06180487940000001	0.0108065423	-0.12050832019999999	0.042622187699999994	-0.013783631299999998	-0.0146959946	-0.12196982039999996	0.0852386024	0.1216728201	0.0026851505	0.0845583442	-0.0199079583	0.09452025210000001	0.0820503547	-0.077108352	0.0521954839	-0.0768659538	-0.0601615387	0.10512343460000001	-0.0260653318	-0.1824335414	0.0725984806	0.0282195179	-0.0071194221999999995	-0.09443028070000001	-0.058066942999999996	-0.0270830202	0.052721259000000006	0.0463913413	0.0543324519	-0.0041898097999999995	-0.0350945003	-0.032441417400000006	-0.10512702130000001	0.0475613696	0.0132731932	-0.0075389863	0.0339759334	-0.1295318941	-0.0574032377	-0.0584896591	0.1406936587	-0.021231063199999997	-0.0039531348	-0.0003371975	0.0590635861	0.0561918808	-0.0945440008	-0.09574961470000001	0.15272345439999999	-0.0472829082	0.0174396359	-0.0249122742	0.0240737976	-0.1368930891	-0.059014708799999996	-0.0398021638	-0.08868928289999999	-0.1724827956	0.0266497401	0.06395486660000001	-0.010846568899999999	-0.0178474044	-0.1003192589	0.1644249861	-0.039632141	-0.052813118799999996	0.0246203179	-0.053148214900000004	-0.048521376	-0.0061509997	0.2516054205	0.0742511235	0.0930990455	0.15331510140000001	-0.033247062	-0.012634845700000001	0.0189605978	-0.059736192	0.0230181576	0.1321287218	-0.1188580316	-0.0031382698	-0.0018515358	0.1596945428	0.0261799619	0.10392754650000001	-0.017784267700000002	0.0803088607	0.0194659062	-0.0503198596	0.0	-4.04042e-09	0.0	1.6324993776399998e-17	-0.0498598	0.016680700000000003	0.00027824575249	0.00248599965604	0.19079	0.03847	0.036400824100000014	0.0014799409000000006	0.00145045	-1.3329999999999982e-05	1.7768889999999953e-10	2.1038052025000003e-06	-0.0	0.0	0.0	0.0	0.0	0.0	0.0	0.0	0.0	0.0
8506.643468104136	1.1410886549183488	72362983.09343876	1.3020833183833664	10377.53148519876	19.65649445742929	386.3777743549484	107693159.72629158	6247.182377287697	-5.179592304974904	39027287.65509396	26.828176445755233	6293.085466360598	9863.564643699878	1.010162	37.479454	0.05670265065452401	0.0396169	-0.0051933376	0.1364673243	-0.0067854644	-0.1392376786	-0.012476506000000002	0.0640042931	-0.0981076833	-0.0416767381	0.037024216	-0.0077715898	0.0766324705	-0.1275087669	-0.0357122791	0.0617445413	-0.04978788519999999	0.1184524758	0.0404064888	-0.0247506665	-0.1135176287	-0.1179221859	-0.0635579028	0.09700855289999999	0.042293724299999995	0.0731085554	-0.035573472099999996	-0.1164632652	-0.0106597815	0.0844560095	0.0983933533	-0.01155727	-0.0696919404	0.0866026977	-0.10907305279999999	-0.0743431096	0.027598814	-0.0302448242	-0.0310973927	-0.1074130203	-0.12960570529999998	0.0786846577	0.0229572868	-0.021379733999999997	-0.0988292467	-0.061358832599999996	-0.1148475536	-0.0518189726	0.0871147353	-0.0664800601	0.048921315199999996	-0.1032101864	0.0695176844	0.0471014786	-0.0718643474	0.035300124100000004	0.0295452565	-0.011295062199999999	0.0051324402	0.0110032591	-0.0348062844	-0.0803755072	0.06566171030000001	-0.0085650273	-0.07440288269999999	-0.022147837099999998	-0.1364146514	0.1217912685	-0.0232191026	0.0385358232	0.0332880911	0.0694578226	-0.163617485	0.0695238072	0.1194523777	-0.011416666200000002	0.007454124300000002	0.0490729922	0.053449996799999996	-0.0714846747	0.0182376341	-0.0152354876	0.0418509949	-0.035631568100000004	0.1070473892	-0.0007206099000000001	-0.12553446810000002	-0.1117337069	-0.0123783881	-0.0471690113	-0.024707827	-0.0878823075	0.0647142378	0.0410161418	-0.1086916919	-0.0483777858	0.1389527725	-0.1308323652	0.0165410297	-0.043807789699999995	-0.0243263106	0.0412459982	0.0074431514	-0.011420085200000001	0.0680493931	-0.103728315	0.0401285277	0.0463175663	0.0545270923	-0.123870575	0.1123052016	0.0165162609	0.0064854624	-0.0256805249	0.003014367	0.0724120083	0.1435597946	-0.0737709532	0.11757785050000001	-0.0469655136	-0.0623116326	-0.05810019	0.054194657699999996	-0.08911344460000001	0.1139027087	0.04334143519999999	0.0580072688	-0.1111452429	-0.0815616087	0.0931595133	-0.0704513398	0.013369223799999998	0.0279864107	-0.0457272821	-0.043375085300000005	-0.07261519150000001	-0.122081075	-0.1078215121	-0.0190630332	0.0491811979	-0.0729624233	0.0182886695	0.0158425871	0.10199506009999999	0.0039233389	0.0625697376	0.1168475015	-0.0676783621	-0.1802739267000001	0.0867738711	0.0208383132	-0.040890166	0.0835171749	-0.0348235188	-0.0140600549	-0.060174548200000004	-0.0091520523	-0.11662502960000001	-0.0312170346	0.1119365269	0.05936856190000001	-0.045997530300000006	0.139434108	0.0601233609	0.0676857412	-0.09085788689999999	0.0038812006	-0.0628921049	-0.0013908254999999998	-0.0693340214	-0.0020640312	0.028023506299999997	0.0498364316	0.0634916356	-0.1036503345	-0.0064825696999999995	-0.1553111135	0.0791620801	0.0159576943	-0.054928853300000004	6.54524e-10	6.54524e-10	4.2840166657599996e-19	4.2840166657599996e-19	-0.023869900000000003	0.0259899	0.0006754749020099999	0.0005697721260100001	0.190097	-0.0006929999999999992	0.03613686940900001	4.80248999999999e-07	0.0008500549999999997	-0.0006003950000000003	3.604741560250004e-07	7.225935030249996e-07	-0.0	0.0	0.0	0.0	0.0	0.0	0.0	0.0	0.0	0.0
8509.753051732618	3.1095836284821416	72415897.00147259	9.669510342524164	10397.501085357526	19.969600158765388	398.7849305009626	108108028.82001092	6259.024034173071	11.841656885374505	39175381.86035615	140.2248377909374	6304.957741937667	9973.533614553526	1.002611	37.199276	0.05131274999999999	0.0311695	-0.0192404705	0.1189807132	0.0631123625	-0.045973397699999995	-0.0425353354	0.058491483899999995	-0.0864575142	0.0152757333	0.018276819399999998	-0.0115635801	0.0497617705	-0.0240343314	0.018590743700000002	0.051871042	0.017147133300000002	0.027287718199999998	0.0362408197	-0.0824092963	-0.0788363124	-0.0577858156	0.0064498833	-0.0271346017	0.041659294900000005	0.0151076955	0.056259313600000006	0.0613670495	-0.0536991913	0.08545822189999999	-0.003110404	0.010696966100000002	-0.0380586257	0.046123383899999995	-0.0321291398	0.0248517765	-0.050426439	0.08926086150000001	0.0289714663	-0.0628635087	-0.071400747	-0.10406959689999999	0.06731634660000001	0.0544792139	0.061225512300000014	-0.0731815631	0.061581144500000004	0.061718753099999996	0.0243506069	-0.0549893886	-0.0286808463	0.07476958110000001	-0.035229417400000004	-0.0629685971	0.1019445206	0.0136667186	-0.0042141272999999995	-0.1105063984	-0.133808272	0.0782005187	-0.0607782205	-0.055879181900000005	0.0857378597	0.008822611	0.0655108951	0.0784105072	0.09414491109999999	0.0700980623	0.0445398087	-0.0755604944	-0.0950894403	0.0172124774	-0.0596762983	0.1386672156	-0.001843566	-0.0452396528	0.059421767800000004	-0.0219253627	-0.0223551944	-0.0005779132	-0.0371769177	-0.025977702400000004	-0.07856374599999999	-0.0078426014	0.0267945323	0.013849813700000001	-0.0470475939	0.0554183745	-0.0705215464	0.045824371600000004	-0.007655121	0.0019677455	-0.045944969100000004	0.1598190165	-0.0028110340999999996	0.1751957637	-0.0704555634	-0.0166994257	-0.052296732	-0.0621577013	0.1194921847	-0.0303133975	0.0047198297999999994	-0.0273689411	0.1089925527	-0.0118126542	-0.0002761659	0.0472417641	0.0353637387	-0.0618056213	-0.0140532429	0.0035865741	-0.0798181581	0.023254084100000003	0.0355894889	-0.028415691400000002	0.061208207800000004	-0.026186569500000003	-0.0939680014	0.0051965252000000005	-0.0639504081	-0.0673632788	-0.1131628378	0.0947327564	0.0197803537	-0.058226445599999996	-0.0988485127	0.0190067784	0.06947528139999999	-0.0715412196	0.0534185902	-0.0138749625	0.0768226529	0.0515664063	-0.0133201654	-0.0593883112	-0.0593480359	0.027389248300000002	-0.14876842640000001	-0.0724123637	0.060722695	-0.1436032982	-0.0458910124	-0.0437551017	0.026116515099999998	-0.026611469199999998	0.0757803672	-0.04915756599999999	0.00012597729999999998	0.022058603599999997	0.0708438869	-0.1286444497	0.024599565	0.0537500805	-0.0386528238	-0.048840552599999996	0.0042634457	-0.0444478938	0.0032001839	0.0658148676	0.0340514784	0.06338822870000001	0.0135094232	-0.0642152518	-0.1026404746	0.0234496331	-0.1021012772	0.0586287221	0.024583589	0.009603011	0.0262068648	0.0516962946	0.0216788223	-0.1425703567	0.1159137288	0.0010188473	0.054189035	0.0779922229	0.012430876399999999	-0.0593937641	6.54524e-10	0.0	4.2840166657599996e-19	0.0	-0.0105318	0.013338100000000006	0.0001779049116100001	0.00011091881123999998	0.1654	-0.024697000000000024	0.02735716	0.0006099418090000012	0.000584502	-0.0002655529999999997	7.051839580899987e-08	3.4164258800399995e-07	-0.0	0.0	0.0	0.0	0.0	0.0	0.0	0.0	0.0	0.0
8479.46043937957	-30.292612353046927	71901249.34300318	917.6423631719716	10376.812278630376	-20.688806727150226	428.02672379337633	107678233.06593412	6250.443842954259	-8.580191218812615	39068048.23392481	73.61968135138912	6297.002276055829	9916.048723334245	1.037676	38.500275	0.04419164885452403	0.024421	-0.0319700549	0.0191977852	0.12079828529999999	-0.09286574289999999	-0.117462809	0.04863319940000002	-0.1445852494	0.0399740191	-0.046914682699999995	0.005221196599999999	0.0684868156	0.0008760969999999999	-0.0172360127	-0.0366832252	-0.0740915604	-0.0702154074	0.16930701329999998	-0.074630484	-0.049401760499999996	-0.0902242319	0.0360896894	-0.046115799000000006	-0.0293470396	-0.0155241504	-0.0643378079	-0.08247599280000001	0.0177491728	0.0335720353	-0.090234815	0.0365236708	-0.045793563600000003	0.060911291900000004	-0.0700396031	0.1014993181	-0.0105730654	0.0423889744	0.0973610519	-0.011592259799999999	0.0680790593	0.16639614960000002	0.0053611614	0.0589437399	0.0018522225	-0.0726527257	0.0696087863	0.027706525299999996	0.1057523225	-0.0325656875	0.0217025673	0.0464431978	0.0333060388	-0.0283307763	-0.10799391800000001	0.0365893889	0.02908781	-0.1308367845	-0.0205842427	0.04033544	0.0093571951	-0.0093962537	-0.0199645424	-0.0680569682	-0.1166061656	0.035779040299999995	0.0473460847	0.0161506319	-0.0421852296	-0.039556937599999994	0.0343827313	-0.0928784261	0.0992467767	0.0327286358	0.053242560599999995	-0.0492788237	0.033956744	-0.0739393568	-0.10101078960000001	-0.0071747140000000004	-0.0292009758	0.0231726375	-0.08465355029999999	0.0379462812	0.0484623371	-0.0685232802	0.0361831677	0.0673834507	-0.0667565305	-0.015449693700000001	0.0072265051	-0.1738290157	-0.025761166600000003	0.0264912168	0.1122453942	-0.037636111	-0.0444232873	-0.1238637199	0.0694361818	-0.1009012423	0.0184160017	-0.07737179820000001	0.1186159793	0.0326501297	0.0794578407	0.0566833851	-0.0394176072	0.007850349599999999	0.0076208666000000015	-0.126160928	-0.0510844691	-0.0475110616	0.013220646899999999	-0.005488680699999999	0.09682114380000001	-0.0382711295	-0.0773573184	-0.0082525773	0.053728762400000005	-0.12415619509999999	-0.0330629277	0.0771766166	0.0031066558	0.1101653783	0.0811650587	-0.044103995599999994	-0.0520513186	-0.0182715406	-0.0424620442	0.06328454730000001	0.0364547646	0.0044009190000000005	0.0913893065	-0.013198510600000001	0.0859512518	-0.17916976329999998	0.0312081981	-0.0405375643	-0.0544302486	-0.0100314996	0.0170399829	0.0535477075	0.0248109178	-0.0590275138	0.0122898901	-0.145400861	-0.07675381769999999	0.0387922188	0.0018847478	0.0432672808	-0.026294026800000002	0.0462711455	-0.0396476238	0.0251385345	-0.0195954604	-0.0031207754	0.0072494589	-0.1344987248	-0.09034248460000001	0.0588213915	0.0040594177	0.1124581133	-0.0737091849	-0.0544500301	-0.1694113848	-0.0625251622	0.048409603200000005	-0.0707948161	-0.0137945898	-0.1160352462	0.055999058600000005	-0.0870669494	-0.015478773799999996	-0.1448831567	-0.1572790101	0.0561754472	-0.0081032373	0.0767996302	0.0088895647	-0.0637028804	-1.44282e-05	-1.4428854524000002e-05	2.0817295524e-10	2.0819184287475528e-10	-0.0206391	-0.0101073	0.00010215751329000004	0.00042597244881	0.178491	0.013091000000000021	0.031859037081000005	0.0001713742810000005	0.00093069	0.00034618800000000004	1.1984613134399998e-07	8.661838761e-07	7.33904e-05	7.33904e-05	5.38615081216e-09	5.38615081216e-09	0.0	0.0	0.0	0.0	0.0	0.0
8469.447198350581	-10.013241028989796	71731535.84564851	100.26499590464464	10335.849242698123	-40.96303593225275	1677.97031278703	106829779.56778336	6245.256791866013	-5.1870510882454255	39003232.39634857	26.905498992068054	6290.8109678982055	9738.13253216019	1.081817	40.138016	0.06219596885452401	0.0427772	0.038697727	0.0068354858	0.0679154876	-0.0680717156	-0.2358260778	-0.0660713603	-0.1763048659	0.026813838599999997	0.0145604523	0.1047653667	-0.008370342900000001	-0.0687795946	-0.0971801181	-0.07466828269999999	-0.1236708758	-0.0735696543	0.16067780199999998	0.0660552621	0.0132312771	-0.1953558705	-0.0278573802	-0.012460208600000001	0.1076592638	0.050871599100000005	-0.0950808427	0.0712536904	0.0647301215	0.0065296977	-0.0835215973	0.1561808437	-0.024138382000000003	-0.1298342931	-0.1465872316	0.2113678338	0.1942218891	-0.0810923499	-0.1170371166	0.0507765195	-0.0043089896	-0.039788441800000005	-0.0419275349	-0.0310858729	-0.09756718130000001	0.0853976018	-0.11392512769999999	0.084461207	-0.049951275499999996	-0.17345639329999998	0.012822751100000002	0.0774791058	0.0415803969	-0.10493545779999999	-0.0470878825	-0.013517204	-0.08857292509999999	-0.0802448541	0.0651927665	0.1653774162	0.0251415703	-0.0587380829	0.0122718269	-0.044516279699999994	-0.0045126852	0.032347387400000004	0.0084515332	0.0005437616	0.0332582912	0.0417474685	0.0307724994	-0.061369174400000004	-0.0349211855	-0.0785641156	-0.019987278600000002	0.08434883650000001	0.0542396315	0.0063592959999999995	-0.01868554	0.0441614875	0.0404887677	0.0037030609	-0.1367590299	0.0059930546	-0.0724948626	-0.053855977400000005	-0.0919707473	0.065553505	0.075927214	-0.0335439826	0.0716803724	0.0012403437	0.030581360099999996	-0.0947608107	0.0661693674	0.0161791246	-0.036530635299999996	-0.0656723993	0.022063793999999998	-0.0842518091	-0.06477225589999999	0.0684801704	-0.0047666869	0.10716957449999999	0.0524454913	0.0816714588	0.0734124885	-0.0820596086	0.0354232217	-0.1025463392	-0.0198584116	-0.1797131519	0.234185714	-0.0890604312	-0.06572756769999999	-0.018871576100000002	-0.036887851	-0.010907248000000001	0.028267059100000002	0.1140419677	0.0967677155	0.1049348125	-0.1419812618	-0.0523241736	0.1421125708	-0.0458332914	-0.0491224942	-0.011319985900000001	0.025676778799999998	0.0599415189	0.047920890199999996	-0.1674674757	-0.0400327924	-0.022063092799999996	-0.08566784359999999	-0.1093233917	0.0025575411	-0.020187902	0.0180254457	-0.063509992	-0.0942451583	-0.0020404556	0.0092355832	-0.0030361813	0.028740365499999997	0.027398895	-0.058234455199999986	-0.017018454199999998	0.0054794036	-0.0561597725	-0.0586665952	-0.0040569121	0.16984872510000001	0.0812942168	-0.0272858766	0.0435532896	-0.050698772999999996	-0.053443660999999996	-0.0629975116	-0.2002951755	0.1176930808	-0.0303197119	-0.0168885082	-0.1265818752	-0.010954213300000001	0.0624172637	-0.057364969	-0.09826383849999999	-0.0392857829	-0.043853774500000005	0.0898344218	-0.0178941305	0.0781181079	0.003619748	-0.045134771399999996	-0.09169574400000001	-0.0301040536	0.0755846496	0.0053378881	-0.0678448988	6.54524e-10	1.4428854524000002e-05	4.2840166657599996e-19	2.0819184287475528e-10	0.00142337	0.02206247	0.0004867525825009	2.0259821569e-06	0.17848699999999998	-4.000000000031757e-06	0.03185760916899999	1.6000000000254048e-11	0.000201779	-0.0007289110000000001	5.313112459209999e-07	4.0714764841000016e-08	-0.0	-7.33904e-05	0.0	5.38615081216e-09	0.0	0.0	0.0	0.0	0.0	0.0
8495.65360990457	26.2064115539888	72176130.25948454	686.7760065370377	10360.766045619765	24.91680292164165	620.8470678359297	107345473.0520674	6240.622324168966	-4.634467697047512	38945366.99291606	21.478290834976875	6286.8829727710145	9703.87931869597	1.003001	37.213737	0.02479023934547601	0.0138187	0.0122897519	0.010469790500000001	0.0323520246	-0.10350605199999999	-0.22484831670000002	-0.093639915	-0.1436947372	0.03433167	0.0280705535	0.10499502460000001	0.059899410800000004	-0.1192271107	-0.0645677542	-0.0008072829	0.029268550600000002	0.0079224958	0.0572354891	0.1159929296	-0.031492429599999996	-0.0030852987	-0.0699866235	0.0083727752	-0.059357016900000004	-0.0295312531	0.029116485600000002	0.0300328066	0.0851555991	0.013163241899999999	-0.0055395531000000005	0.0901803945	-0.113810615	-0.0967705294	-0.0661277808	0.0027100639000000003	0.011457108700000001	-0.09046194199999999	-0.12646116570000002	0.1148847105	0.055504799400000006	-0.0440171928	0.0433815975	0.0095304203	-0.0821606584	-0.014926913799999999	0.1497698898	-0.0429973421	0.08151543230000001	0.0055505013	-0.0163317946	-0.0274502913	-0.1001304385	0.0197730889	-0.0248955825	0.027875877	-0.0350446407	0.045135189900000004	-0.0057105842	0.0439826692	0.019524983500000002	-0.1809460979	-0.044966959199999997	0.08592527	-0.1047982241	-0.0552232691	-0.0283894095	0.049842061900000005	0.0393533104	0.1093880859	0.0506534983	0.0090146946	-0.009861142	0.0195617097	-0.008504930899999999	0.0370534706	-0.0790721959	0.030799936200000006	0.0690263809	-0.1346431527	-0.022337931499999998	0.0333590843	-0.0998832353	-0.0335390624	-0.0009198127999999999	0.01177202	-0.09916114919999999	0.0751148482	-0.1023810533	-0.0312809043	0.0013272714000000002	0.0094592085	-0.152484864	-0.044500553600000006	-0.1512342182	0.0152438646	0.0144208201	0.062479291799999996	0.0823398801	-0.0289807608	0.1701234184	-0.0345857641	0.005695461999999999	0.1255228131	0.0193714285	0.0213241146	0.0758742715	-0.051425134500000004	0.1212282325	-0.0212094694	0.0644530163	-0.053382779500000005	0.0614625507	-0.1125060521	-0.149854493	-0.0366640327	-0.1033132837	-0.10500484939999999	0.036904209900000005	-0.0581182244	-0.0225590104	-0.0019260042000000001	0.0381338585	0.0367726735	0.0138115794	0.0531323689	-0.045274512999999995	0.0107662099	-0.032294417	-0.0626927417	0.060128043	0.0468087883	-0.08920160939999999	0.0270531083	-0.0440277116	-0.0336791819	-0.030442409900000002	-0.1344130278	-0.0968795693	0.10637090960000001	-0.1225025613	-0.0219557034	-0.0546506516	0.11659958779999999	-0.0440329124	0.0261819858	0.0089722885	-0.036476292599999995	-0.04802635190000002	0.0475133588	-0.0144086164	0.049666677400000005	-0.0367973865	-0.0157162224	0.044101742400000005	0.06336732440000001	0.0153872954	-0.0249144523	0.097126893	-0.06792325639999999	-0.0205482485	-0.0050560269	0.034789922	-0.005853105999999999	-0.0071477458	0.0690270095	-0.10773392300000001	-0.02511396	-0.1185654384	-0.1203237053	-0.0996561915	-0.079468552	-0.0344979828	-0.01931871	0.19231861120000002	0.1187792092	0.0187916661	0.0743476354	0.0017799878	-0.0718089546	0.00216222	0.002162219345476	4.675195328399998e-06	4.6751924979506614e-06	-0.00398435	-0.00540772	2.9243435598400006e-05	1.58750449225e-05	0.174086	-0.004400999999999988	0.030305935396	1.9368800999999898e-05	0.000224503	2.2723999999999978e-05	5.163801759999991e-10	5.0401597009e-08	0.000233662	0.000233662	5.4597930244000004e-08	5.4597930244000004e-08	0.0	0.0	0.0	0.0	0.0	0.0
8526.29197772601	30.638367821440625	72697654.88943492	938.7095827618884	10390.820914068134	30.054868448369238	903.2951174487804	107969159.26823571	6249.972957293202	9.350633124236085	39062161.96689633	87.43433982406107	6294.4406689535435	9905.568799875451	0.939154	34.844871999999995	0.008399119999999996	0.00558553	0.0215628288	-0.025721461	0.0233833819	-0.0625785911	-0.12442961849999999	-0.1041228785	-0.1116917093	0.0203542647	-0.032440775	0.054095085700000003	0.031740392	-0.0765479819	0.031159439700000006	0.017026580700000002	-0.0342386854	0.130351951	-0.053520625599999996	0.0647086213	-0.061773717699999994	0.0075182566	-0.0183772712	-0.0508319392	-0.0751151775	-0.16306365039999998	-0.014368904299999999	-0.0371719695	0.1036840339	-0.0572615985	-0.0083189145	0.0828230445	-0.0366521005	-0.0364459989	-0.0829184948	0.0553153111	-0.012980133500000001	0.0072936954	-0.09139124859999999	0.1094045233	-0.015235803300000001	-0.0983792966	0.044511573799999996	-0.0434196986	-0.055527556500000005	0.0255093692	0.0553145584	-0.0603115137	8.43862e-05	0.0202287327	0.014364249499999999	-0.0655485311	-0.0509206942	-0.0031148983	0.0047502698999999995	0.0363138162	-0.0536964537	-0.0161544473	-0.0743420584	-0.0675906216	-0.0507188661	-0.0721815103	0.0707517102	-0.0594392266	-0.0407360512	-0.0316410888	0.0034406694	0.0359760428	-0.058267245499999995	-0.1327725861	-0.0045974483	-0.0122472651	0.023458171099999998	-0.0905688908	-0.006519230799999999	-0.0321370881	-0.053639716399999995	-0.0467692697	-0.044414969699999994	0.0089378658	-0.046161328	-0.0435686099	-0.01462366	-0.13003808039999998	-0.0388511395	0.0347966294	0.0311666107	0.0085915325	-0.0581697454	-0.07729110139999999	-0.05815357230000001	-0.0085756543	0.09933208810000001	0.0326717916	0.0559556967	-0.0261391446	0.1556987608	-0.0296812743	-0.0116550349	-0.039800822	-0.0007754767	-0.0349272806	0.0859483086	0.1253234709	-0.0336213878	0.05097409730000002	0.0572137017	-0.0750456079	0.0375900238	-0.0851001234	-0.0395043354	-0.0101367135	0.0376302201	-0.0205256863	-0.1501413024	-0.0815308084	-0.0059365741000000005	-0.1224393778	0.0091517871	-0.0198325906	0.011117997099999999	-0.0348740157	0.0321106978	-0.0627827959	-0.0590741491	0.0654076411	-0.0302304223	0.0193837461	0.021659163999999998	-0.0268660032	0.0430135737	0.04239937059999999	0.0824541697	0.0557701424	-0.045482206	-0.0486647635	-0.103777495	-0.019507513100000002	-0.0294660685	-0.029556128900000006	-0.0084995708	0.060990982	0.004065905900000001	-0.0178482268	0.0540111169	-0.011218601000000002	0.040619584900000005	-0.0222324991	0.0523019754	-0.0109004101	0.0042773091	0.0168491014	-0.10671875730000001	0.0107602822	-0.0723755413	-0.09478866529999999	-0.0345238962	-0.057526598	0.0629126646	-0.0041350818	0.0094389238	0.0560055856	-0.0611265805	0.0044309588	0.049955867699999996	0.0433643155	0.0261010541	0.0158748313	0.1871823162	-0.070499578	-0.0020503336	-0.0271906761	-0.0464987716	-0.0452164913	-0.1022631718	0.0379117404	-0.0407957232	0.0730889481	-0.0017799878	-0.0755846496	0.00232777	0.00016555	5.4185131728999986e-06	2.74068025e-08	-0.00396493	1.9420000000000028e-05	3.7713640000000113e-10	1.57206699049e-05	0.172006	-0.0020799999999999985	0.029586064036	4.326399999999994e-06	0.00032533	0.00010082699999999998	1.0166083928999996e-08	1.058396089e-07	0.000255518	2.185599999999997e-05	6.5289448324e-08	4.77684735999999e-10	0.0	0.0	0.0	0.0	0.0	0.0
8536.697444135569	10.405466409558358	72875203.25271074	108.27373120044729	10424.856900782072	34.035986713937746	1158.4483915913468	108677641.40178356	6258.743784628034	8.770827334831665	39171873.76162005	76.92741213743034	6305.16765470342	10030.431660414672	0.964956	35.802174	0.03829309	0.0260652	0.0329640044	-0.0541155133	-0.0367670073	0.0080922426	-0.1160687099	-0.1259291803	-0.0214971234	-0.024384588	0.010791386200000001	0.11396169240000001	0.0346717693	-0.011802454799999999	0.0444961693	-0.039786890400000004	0.0636854847	0.0796754253	-0.0321666831	-0.0859924892	-0.0119660271	-0.0098631048	-0.0027914196	0.0434613707	-0.13990478050000002	0.0312401007	0.0045753656	0.0709336593	0.09141330449999999	-0.046994056	0.0239115181	0.0755390879	-0.0442546718	-0.0599211637	-0.0044632905	-0.047617644800000004	0.0007432391000000001	0.050986084	0.0294020456	0.004111148	0.0329676968	-0.12464753810000001	-0.0173434527	0.0687935054	-0.1406331389	0.0134195023	0.041713247099999996	-0.0170609841	0.0074716699	-0.16116884439999998	-0.1619381115	0.053823292	0.0927045276	-0.0191079646	0.05698767900000001	-0.0308039528	0.030252980899999997	-0.0066444255	-0.0303808782	0.055873976299999996	0.0028769383	0.0157121954	-0.029663396600000006	-0.0158112134	0.0117711771	0.0493120543	-0.0814948442	0.0309760542	-0.0164697702	-0.09345700859999999	0.038631494700000005	-0.06423091709999999	0.0729899021	-0.0684404438	0.0827425902	0.0043963657	-0.0251541702	0.09386909759999999	0.0723401909	-0.0100876901	0.0214610977	-0.1288970089	-0.0520288752	0.0528196051	-0.0427246167	-0.0399779998	0.0238726261	-0.045317770599999994	-0.0484473163	-0.0204232731	0.033083883700000004	-0.0474393188	0.025692703799999998	-0.156645711	-0.0005091641	0.0289004878	0.0268802382	0.1560059693	-0.043389957	0.057609366399999994	-0.104775825	0.1297240118	-0.051444389900000005	0.0958258493	-0.05803123280000001	0.0294769297	0.0630243154	-0.045072773499999996	0.09259972679999999	0.0255380798	0.0451565018	0.002112592	-0.0355575058	0.016283734299999998	-0.0452477754	-0.09218620400000001	0.054743219800000006	-0.0187825511	-0.0883080009	-0.0890531119	0.0071192532999999995	0.09293735789999999	-0.10181532539999999	-0.023039792599999998	0.1068579298	0.0310675328	-0.1191203312	-0.012904299	-0.0463120926	-0.1000704206	-0.0707955143	-0.0165392895	0.0446423705	-0.0545796899	-0.045010561799999994	0.097249406	0.0351609427	-0.0156664679	0.0369686372	-0.006534107700000001	-0.0042591143	-0.0560807954	0.055142567	-0.0053462888	0.054371937	-0.0459569085	0.029825623500000002	-0.07751866889999999	-0.0610820424	-0.0574244559	-0.0735633577	0.12180235460000001	-0.11214771779999999	0.0089815821	0.0073566817	0.0031173616999999997	-0.0492039301	0.0488996454	-0.0741883106	-0.0636623831	0.0743416663	0.0043185891	-0.0180330379	-0.1578870224	0.1147953966	-0.0639441528	0.041077212099999996	-0.0564090662	0.1080107071	-0.018420913100000002	0.0558104413	0.0039757437	0.0488078012	0.0825224597	0.1299427032	-0.08619271199999999	-0.0536612174	0.0718089546	-0.0053378881	-0.0791620801	0.00339889	0.00107112	1.15524532321e-05	1.1472980544e-06	-0.00392966	3.527000000000044e-05	1.2439729000000313e-09	1.5442227715599993e-05	0.147319	-0.024686999999999987	0.021702887761000003	0.0006094479689999992	0.000455314	0.00012998400000000006	1.6895840256000008e-08	2.07310838596e-07	0.000375528	0.00012001000000000005	1.4102127878400002e-07	1.4402400100000009e-08	0.0	0.0	0.0	0.0	0.0	0.0
8530.16516623765	-6.532277897918903	72763717.76329419	42.6706545356398	10452.552700723074	27.695799941002413	767.0573343720288	109255857.96139322	6259.597173267379	0.8533886393452121	39182556.77157696	0.7282721697634725	6308.900833532024	10083.682407103486	1.0595230000000002	39.310871	0.05805334229999998	0.0307003	0.0061729911	-0.004866504099999999	-0.0917694503	-0.0349216798	-0.013465217199999999	-0.03049236	0.0574975657	-0.0772041392	0.022488119100000002	0.0426847229	0.118369415	-0.0618485833	0.0139782576	-0.0772374668	-0.1147167566	-0.0198511697	-0.00631819	-0.0841269567	-0.0797832673	-0.045168987199999996	0.0794820379	-0.1005057523	-0.014201536399999999	-0.06301002559999999	0.0380850673	-0.0629409045	0.016614927800000002	-0.0090279136	0.037487768500000004	-0.1230696024	-0.0072317473	-0.0031567012	-0.0407425552	0.08525594460000001	-0.0890913032	-0.0177176745	0.0406704766	-0.047303118	-0.0361049162	-0.0615859555	0.0915646985	-0.0099443361	0.0831660621	0.023489375899999998	0.0077202573	0.0244557002	0.0661453042	0.09446436720000001	-0.0789968662	-0.0749161341	-0.0807987112	0.0985141361	-0.0831594922	0.0233034922	-0.032589601	0.0002924329	0.1151928405	0.0250960228	-0.0731219359	-0.051393915899999996	-0.0224221657	-0.045712067599999996	-0.0456440924	0.0033739632	0.0988928601	-0.0636111402	0.031428021800000004	-0.1774583964	-0.11132309720000001	0.028047522000000002	0.0362318317	0.0375575168	0.0420668805	-0.1189327564	-0.0754475179	-0.0399595228	0.09193548230000001	0.0115998152	-0.07969924639999999	-0.0685555252	-0.0625655141	-0.0022222133	-0.0022761664999999998	0.0063298858	0.1168833325	-0.028689404900000007	0.05880247070000001	-0.042547673200000004	-0.0944106232	-0.014804347800000001	-0.0230704704	0.150069374	-0.0283884094	0.0427627249	-0.1046533592	-0.048021420599999996	-0.052103190099999995	-0.0238980337	-0.0571234762	0.1254919376	0.1064298029	-0.028336199399999998	-0.0757074749	-0.0776711645	-0.056264895	-0.0268390105	0.0215307941	-0.0151742803	-0.0650108645	0.0082118509	-0.0626851234	-0.06902597419999999	0.0662121561	-0.0770181021	0.0783520913	-0.0650594278	-0.0018467851000000001	0.0653580089	-0.0826770667	-0.0330086867	0.0804545052	-0.0468464412	-0.1038580135	0.0337197248	-0.1120317165	0.009322728	-0.013750586100000002	0.0748217997	0.0093727679	0.0495113769	-0.1026874323	0.0048449108	0.0656967664	-0.0278946869	-0.013148813	-0.0021828003	-0.0625495898	0.006767583299999999	-0.0168802102	-0.0473314857	-0.10927428019999999	-0.09040941050000001	-0.0845653617	-0.0823124734	0.0696189328	-0.0490626716	0.0076291084	-0.1175373683	0.0650443661	-0.09956932130000001	-0.1349172655	0.0395841766	-0.0550339086	-0.0032416075	-0.1128011896	-0.0379314456	-0.060445425199999986	0.0742898879	-0.09142759460000001	0.0535581739	-0.0329279447	0.0359439467	0.0454095205	0.0142882221	-0.1369374049	0.1075422731	0.0445039771	0.0001316687	-0.0028644684000000004	0.0051382243	0.1342416781	-0.0421175783	-0.0980513142	-0.029228961499999997	-0.0216394494	0.070508028	-0.0088895647	-0.082531862	1.54427e-05	-0.0033834472999999996	2.3847698328999997e-10	1.144771563187729e-05	-0.0103942	-0.00646454	4.179027741160002e-05	0.00010803939364000002	0.171503	0.024183999999999983	0.029413279009	0.0005848658559999992	0.000629971	0.00017465700000000002	3.0505067649e-08	3.96863460841e-07	6.97579e-05	-0.0003057701000000001	4.86616461241e-09	9.349535405401003e-08	0.0	0.0	0.0	0.0	0.0	0.0
8519.630665846382	-10.534500391268011	72584106.68243006	110.97569849362587	10445.053772377027	-7.498928346047252	56.23392633915096	109099148.30784756	6252.2929539626075	-7.304219304771322	39091167.18217047	53.351619652194074	6301.763544094379	9983.022092870366	1.049883	38.953175	0.0138276277	0.00839691	0.0067524609999999995	0.0785937791	-0.09222499449999999	-0.0014408669	-0.028385334100000006	0.045365472999999996	0.0156486953	-0.014072563100000001	0.0711426498	0.0049444547	0.08602941089999999	-0.087567398	-0.0522643063	-0.0868639069	0.0193637996	0.1196683134	0.1153742532	-0.0504527862	0.138001843	0.0123124325	0.0204813785	0.0415577957	-0.07089644	-0.0013687891	0.054261319	-0.0034598805	-0.04379128349999999	0.0065904321999999994	0.0130838249	-0.100564414	-0.0586350641	-0.1187923488	-0.10671162140000001	0.0159539786	0.0236781691	-0.015051344199999999	0.0078548025	-0.0862161364	0.0821806399	-0.0168088639	0.0044695584	0.0996640773	0.0365542193	-0.0216893174	0.0210050892	0.0107763293	-0.061653901799999994	0.0736235186	-0.0841579274	0.0175978254	0.07522795360000001	0.021739905499999997	-0.0446513808	-0.17615536780000002	-0.0267089461	-0.0518740966	-0.013022815900000002	0.1018372625	0.0209046691	0.1669418935	0.0469004973	0.028121917799999997	-0.072046775	-0.0659359749	0.20045414179999999	-0.0061844256000000005	-0.07301802889999999	-0.0692278483	0.029299407599999997	-0.028735299500000002	-0.1214199641	0.09976535480000001	0.0784441722	0.0356393916	-0.09318463199999999	-0.0164495883	-0.0016854073000000002	0.0555865799	-0.1272109222	0.1212004778	0.012344753200000001	-0.0330466257	0.046974073	0.013484842	-0.056528552999999995	0.0933373349	-0.0588438478	-0.1221264362	0.0159155427	0.1925366642	-0.011019757	0.0243360059	-0.093705488	-0.0692240593	0.028036055	-0.0021303847	-0.0238427292	0.145651165	-0.0771636989	-0.0020450941	0.0799411496	-0.0761889668	0.0156001689	-0.0679858518	-0.0427436597	-0.0899240976	0.11071724029999999	-0.0187167678	0.09042275470000001	-0.11819622380000001	0.047665371500000005	-0.084812714	0.0506823025	-0.0396560391	0.0218974905	0.0319950758	-0.0470724551	-0.0288398258	-0.0244458349	0.0196408725	-0.036801102	0.0348283796	-0.0621844078	0.0344876449	-0.010799803799999999	0.040567383	-0.0965636349	-0.0510491784	-0.0019094132999999999	-0.1147526574	0.0046352538	-0.1373512607	0.1537827877	0.012708208700000001	0.0367609037	0.0047565258000000004	-0.0997013216	-0.06076130530000001	0.1278732547	0.150032633	-0.1789509802	-0.0379995248	-0.0316198958	-0.048576477699999995	0.0500921233	0.12462673070000001	-0.023342881	0.0717141317	-0.009516891999999999	-0.11574542609999999	0.0108110502	-0.0883111967	0.0178344304	-0.0924408286	0.0211268795	-0.0173725397	0.1481628256	0.0167054173	-0.024153047900000002	-0.0540491269	-0.177384025	-0.0256898554	0.1618458343	0.0376505948	0.0841645158	0.0363909368	-0.0170298128	0.1032621307	-0.17156798620000002	0.0323077279	0.027213196600000003	-0.0605853643	0.0294915581	-0.0690199935	-0.0232560871	0.06918654769999999	-0.012430876399999999	-0.08568515619999999	1.5424999999999995e-05	-1.7700000000004933e-08	2.3793062499999986e-10	3.132900000001745e-16	-0.00391644	0.006477760000000001	4.196137461760001e-05	1.53385022736e-05	0.176278	0.004775000000000002	0.031073933283999995	2.280062500000001e-05	0.000578474	-5.149699999999996e-05	2.6519410089999957e-09	3.346321686760001e-07	6.97579e-05	0.0	4.86616461241e-09	0.0	0.0	0.0	0.0	0.0	0.0	0.0
8522.041978519226	2.4113126728443603	72625199.48364389	5.814428806219813	10425.640771960145	-19.413000416881914	376.8645851858574	108693985.50595772	6247.877828499981	-4.415125462626747	39035977.35986164	19.49333285073505	6294.5742920137045	10019.47568965095	1.06054	39.348579	0.06620056020000001	0.040808099999999986	0.0157674401	0.1299236911	0.0044203507	-0.0199984307	0.0338385907	0.06740342769999999	-0.0333792176	-0.0182155428	0.023474144199999998	-0.0487298609	0.0671051621	-0.12033965740000001	0.0163138745	0.013172333799999998	-0.032400732	0.047134794	0.0055856891	-0.014556846200000001	-0.0276395259	0.08299864679999999	-0.0065824423	-0.1092236188	-0.0124620093	-0.0721209648	0.0672460334	0.0750279323	-0.022451548300000002	0.0794761841	0.0016677335999999998	-0.0677648184	-0.0763597994	0.11078281539999996	-0.08764375390000001	0.08490126869999999	-0.0717919175	0.015845775700000002	-0.0760022081	0.0093107899	0.0706027823	-0.028177440499999998	-0.0709788685	-0.0108804388	0.0242077958	0.0424122442	-0.019021039099999998	0.09660101970000001	0.0377025555	-0.1022535093	-0.0680125905	0.0328806164	-0.0638437563	0.0101559564	-0.0763579864	0.0270296512	-0.07454903610000001	0.0818269791	0.1045292241	0.0469374944	0.0077949691	0.0572997442	-0.07795703080000001	-0.1488477059	-0.17961865719999998	-0.0521737158	-0.020847365700000002	-0.0934282342	0.1363531999	0.095550157	-0.068702663	-0.051068387800000004	0.009880858900000001	0.124554931	0.035408422099999996	-0.059046146699999996	0.0210585706	0.052065506399999996	0.0614824563	0.0447214517	-0.021512351000000002	0.0672422675	0.092133071	0.0857751372	-0.0458880719	0.0155853759	0.1458487228	0.0975433073	0.034927675299999995	-0.0377113553	0.1270351471	-0.0282360121	0.0778113797	0.0291748173	-0.0783903317	0.0658682242	0.0883122531	0.060398246399999994	-0.0351292078	0.1207519615	-0.0842872124	0.0135048841	0.029326785	-0.035145415299999996	0.0795423901	-0.0684652392	-0.0510727149	0.0768092059	0.014485308999999997	-0.0997220396	-0.0130833357	-0.0010209678999999999	-0.0426721482	-0.10466388230000001	-0.1050342439	-0.075865185	0.0396700338	-0.0007866533	-0.0076657157	0.0248564194	0.048448902099999996	0.0715786608	0.0317187209	0.0326274342	-0.0456434728	-0.0677057637	-0.0958759549	-0.095564598	-0.0634584649	0.0731893186	0.0090573751	-0.1023512737	-0.15418776039999998	0.006508789	0.0839736618	-0.1515789	-0.054845073	-0.059903557	0.1551484124	0.0839034987	0.035468965899999996	-0.1060363633	-0.037493164100000004	-0.0269616419	-0.1100379799	-0.07510983610000001	-0.0222971475	0.0682656713	-0.0218693033	-0.0201915653	0.0042718573	-0.0450746555	-0.0350210282	-0.06400260349999999	0.0995776289	0.0384578801	0.0460177975	0.1351851567	-0.0346043299	-0.0466285353	-0.0404094956	0.0359539433	-0.1621019362	-0.045574847599999996	0.0705104552	-0.1256067924	0.049413950400000003	-0.0055466261	0.0065998394	-0.0004035152	0.1003905281	0.08263167099999999	0.05688245	0.1206563159	-0.11157042800000001	-0.013329841499999998	0.0153132323	0.0678448988	-0.0159576943	-0.0886136913	1.54252e-05	2.000000000038267e-10	2.3793679503999997e-10	4.000000000153066e-20	-0.0246402	-0.02072376	0.0004294742285376	0.0006071394560400001	0.189289	0.013011000000000024	0.035830325520999996	0.0001692861210000006	0.00122779	0.0006493159999999999	4.216112678560001e-07	1.5074682841000004e-06	6.97579e-05	0.0	4.86616461241e-09	0.0	0.0	0.0	0.0	0.0	0.0	0.0
8533.369369595308	11.327391076081767	72818392.79794742	128.30978859049685	10419.028415422246	-6.6123565378984495	43.72325898428837	108556153.1213762	6246.378863809928	-1.4989646900530715	39017248.9102514	2.2468951420259007	6291.363702213629	10024.129815251237	0.982511	36.453541	0.06049670000000003	0.036318300000000005	0.0217863208	0.120276552	0.034677267799999995	0.0602687296	-0.0212120166	0.0354128183	-0.0649590641	0.0316568927	0.0708643328	-0.0017499076000000002	0.035742748	-0.1595197488	0.0650695484	0.0795502355	0.0081315011	0.0092699088	-0.0813926552	-0.0341766948	0.018778313799999998	0.022698486	0.017863518999999998	-0.0402367994	-0.0840286699	-0.045285921900000005	0.0513229479	0.0667773367	-0.0417950496	0.13010943960000002	-0.005200521699999999	0.025412359500000002	-0.088130786	-0.045971520999999994	0.0727145767	0.024503985699999998	-0.054540596	0.0843157788	-0.10868596400000001	0.07283456	0.0447752792	-0.0098428436	0.0171305062	0.0365287865	0.0072747962	-0.0011456050999999999	-0.0677859319	0.0395183311	0.012264875900000001	0.0734597236	0.0113011927	-0.1305027407	0.0423346726	0.0856941312	0.044436976600000004	0.052581869	0.0662995353	-0.0381306307	0.07853899339999999	-0.04284469849999999	0.0318306795	-0.0062242974	-0.0223027742	0.0330287822	0.0052568471	0.0270660425	0.1163458715	-0.022618432400000003	0.0768117115	0.0793523787	-0.11130295779999999	0.0070247374	0.028544204	-0.0186953251	0.036145007	-0.0321840059	-0.103476347	-0.0512018584	0.07703043400000001	-0.06265307120000001	0.0334411648	0.1152202735	0.040744737999999996	-0.1108899567	-0.1303505687	-0.08510192	-0.10098752220000001	-0.0116049175	-0.0159155991	-0.0194379149	0.0420747571	0.022995105499999998	0.0824732563	0.1293616589	0.057450055300000004	-0.0307991315	0.0652527783	0.0395931708	-0.1613123468	0.0957874034	0.0341804883	0.0592525809	-0.19630692789999998	0.013391988899999999	0.1272044646	-0.035563782	0.0375356869	0.041017268100000004	0.09331061060000001	0.0486072736	-0.0606481693	-0.04339739150000002	-0.0688102254	0.0185277595	-0.1133143639	-0.0945899083	-0.0391746272	-0.0347223689	0.0144760883	0.012250829	-0.0463240096	-0.049764833499999994	0.0476359146	-0.10762919	-0.0328941586	-0.029011775299999997	0.013288316000000001	-0.0596259684	0.0514539741	0.103824488	-0.0744584739	0.0699517484	-0.0308137288	-0.0796554818	0.0317825675	-0.026863881000000003	0.060405919599999996	0.0339882305	-0.038856606	0.06699542879999999	0.0667354833	-0.0720237103	-0.17602583489999998	-0.0091944074	-0.0271215623	-0.015916806000000002	-0.0504878574	0.0086974208	-0.0344114732	-0.0645363367	0.0634115274	-0.0796474935	-0.042719445	-0.0396214097	-0.0713781518	-0.0198753952	0.0611343842	-0.026496277599999996	0.073216085	-0.16847429600000002	0.02951274	-0.052229024699999994	0.1280661891	0.0851553607	0.038318573	-0.0050877888000000005	0.0750131659	0.0856723566	0.0065344461	0.08982928949999999	0.016931668799999997	-0.0364416745	-0.0777664116	0.1024587867	0.0372302682	-0.1520242883	0.1283930383	0.06648347240000001	-0.0194659062	-0.0913097856	1.54252e-05	0.0	2.3793679503999997e-10	0.0	-0.0042147	0.0204255	0.00041720105025	1.776369609e-05	0.17603	-0.01325900000000002	0.0309865609	0.00017580108100000055	0.000691546	-0.0005362440000000001	2.8755762753600005e-07	4.78235870116e-07	6.97579e-05	0.0	4.86616461241e-09	0.0	0.0	0.0	0.0	0.0	0.0	0.0
8540.220425166923	6.851055571614778	72935364.9104383	46.936962445353906	10414.081160433629	-4.947254988617715	24.475331922402862	108453086.41609864	6243.268870504903	-3.1099933050245454	38978406.18941557	9.672058357297496	6286.034738509998	10142.279547558124	1.005997	37.32490900000001	0.05243843441699999	0.0292001	-0.026381472799999996	0.0318493157	0.100507927	0.0641583258	-0.0033774004999999998	0.0426560465	-0.0777350057	0.0504315288	-0.0174189323	-0.005726505400000001	0.0704027563	-0.0867280808	0.1671271201	-0.036284488399999995	0.0393476597	-0.0301516146	0.0093575439	-0.014937878600000001	0.0584153137	-0.008687374599999999	0.059810178	-0.0703132094	-0.0964213751	0.0334651904	0.0237028517	-0.045887745599999995	-0.0641915838	0.07118204980000001	-0.1055769175	0.0142292142	-0.107701882	0.013334389299999999	0.0130256901	0.046480887699999994	-0.0376202857	-0.0023163362	0.028969985499999996	0.048523426900000007	-0.0332065148	-0.1031725778	-0.005890153100000001	0.0364588981	-0.1376873351	-0.13770359710000002	-0.0006024937	-0.12291513679999999	-0.0137841608	-0.0155580502	-0.0435121921	0.0243529975	0.0662627873	0.0218194121	0.0124319724	0.0682094304	-0.0434169425	0.1260743508	0.11582205150000001	0.0024113694	0.0164342879	0.0550692761	-0.0729508782	-0.1039247491	0.1220009966	-0.046964433	0.0112164091	0.01455636	-0.053742663499999996	-0.1031582072	0.0860084399	0.0094348813	0.0128737096	0.1240686901	-0.1131587463	0.0249666232	-0.0973345124	-0.0758181981	-0.0011072619	-0.0434246835	0.0414939968	0.0265921808	0.0154300661	0.0182565944	-0.0078671443	0.0466121297	-0.046115320099999996	0.1316346813	-0.11071295869999999	0.0195637357	-0.0071432826	0.0676996256	-0.08339253	-0.0319816296	-0.0975446623	-0.0371973249	-0.055676301100000006	0.063630083	-0.025445789500000003	-0.008186531	0.0712857163	-0.0705214757	-0.0438405128	0.0184619258	0.1386345549	0.0422028133	-0.027586347200000003	-0.0340802339	0.1164327577	-0.0008935891	-0.0953685542	0.0746771218	0.0082681862	-0.0531494392	-0.0491896686	-0.0702656854	0.027822007200000002	-0.023168154500000003	0.00852865	-0.10066396970000001	-0.0083817325	-0.0812669496	-0.0585122536	-0.0104823578	0.0410931702	0.1009033949	-0.0040490976	-0.044579473	-0.0080304458	-0.0278118067	-0.12310136210000001	-0.09654182859999999	-0.0358256283	0.0214354844	-0.0502365773	0.1182441927	0.0730583373	-0.0175948176	0.09290204070000001	-0.068150917	-0.0554260982	0.0098302122	-0.0365071153	-0.025471946000000002	0.1075786271	-0.1038226229	-0.0077879555000000015	0.0512151234	0.019532408	0.0978251723	-0.16807979469999998	-0.0260145339	-0.0978095034	-0.0785546163	0.027434853	-0.048369314000000004	0.1468749962	0.0098012376	0.0889615423	0.0316622669	-0.0423449503	0.0410582399	-0.0187757996	0.06865091450000001	-0.0020393925	0.0774527379	0.028713267200000007	0.0372411565	-0.1574962256	0.032471340099999996	-0.0694545978	-0.10757906630000001	0.0452818114	0.0102016698	0.0695184327	0.2052519421	0.0464307192	0.0651026654	-0.0229514217	-0.0937663669	-6.54217e-07	-1.6079417e-05	4.27999883089e-13	2.5854765105988904e-10	-0.0141425	-0.009927799999999999	9.856121284e-05	0.00020001030625000005	0.152539	-0.023490999999999984	0.023268146521000004	0.0005518270809999992	0.000967523	0.0002759770000000001	7.616330452900005e-08	9.361007555290001e-07	0.000173852	0.0001040941	3.0224517904000005e-08	1.0835581654809999e-08	0.0	0.0	0.0	0.0	0.0	0.0
8569.828882522377	29.60845735545445	73441967.07571474	876.6607469697645	10417.722416184695	3.6412557510666375	13.25874344467586	108528940.34067708	6265.0227592797155	21.75388877481237	39250510.17429282	473.2316768269075	6306.8285473714795	10262.985060134444	0.96894	35.950016	0.033240654216999996	0.0225341	-0.0014076976999999999	-0.0413348807	0.093580775	0.1412501058	-0.0255713644	-0.0018475768	-0.09646599289999999	0.08390657480000001	0.022704515499999998	-0.0021075039	-0.0064315874	0.0057119713	0.1695033499	-0.041659684100000004	-0.0965962231	-0.07134604509999999	-0.0117943626	0.0135443773	-0.0311533339	0.0337378342	0.014263325700000001	-0.0830081511	-0.09155464	-0.0478987075	-0.0154316151	-0.0127589304	-0.0017730948	0.0428273625	-0.0667754357	0.0945203347	0.12243533699999999	0.0016297614	-0.027379881600000003	0.1475436658	-0.05672866450000001	-0.022746031400000002	0.09022700210000001	0.0390761732	-0.034322924399999996	0.016039918400000002	-0.015700765	0.1386446617	-0.0781159301	-0.0322342693	0.0667436845	0.0181768686	0.10691262160000001	0.0163067576	0.07255241379999999	-0.1009622424	0.0750602091	0.1973574284	-0.015540589799999999	0.0629552604	-0.10982947679999999	0.0871202115	-0.0668355974	0.0040150409	0.0341929207	0.0112500368	0.0976914539	0.0126627163	0.0327553602	0.0806876524	0.08469255789999999	-0.040013434199999996	0.012352106100000001	-0.0473219072	0.1123999485	0.0507553232	0.039312695	-0.1256948694	-0.0136771698	0.2035259736	0.0480637117	0.0742820149	0.0157128749	0.0203895266	-0.0388953344	0.0372200053	0.0770757587	0.0138592176	0.098843302	-0.015414212	-0.0284527748	-0.1487654183	-0.0519193624	0.0343933725	-0.1122568698	0.043939392699999996	0.0300446459	-0.0247662547	-0.0655604731	0.1400341319	-0.0073135774	-0.0402509628	-0.0273726421	0.047376004699999995	-0.0259594677	0.0534718868	-0.054203137900000004	0.0612237456	0.086886017	0.0564127934	0.04652045849999999	-0.10100113869999999	-0.0804907061	-0.0348309651	-0.1629601767	0.0364920136	0.0286572158	-0.0674714391	0.0221721825	-0.0486165191	0.0013778745999999998	-0.008268238	0.0027866564000000003	-0.1052692313	-0.12247366189999999	0.0684519097	0.0264852726	-0.011190137099999999	0.0162002124	-0.1150375914	0.10398263740000001	-0.0423037678	-0.0174959952	-0.0389436088	-0.13440508	0.0366206549	-0.0767944564	0.056667524500000004	-0.0161392737	0.0752112032	-0.0482682716	-0.0058967601000000005	-0.1313338251	-0.1613842962	-0.0341783407	0.0513840809	-0.0025680111	-0.0193921358	-0.0095760646	-0.0233326664	-0.0144050591	0.11159925949999999	0.019434186699999998	-0.058490072699999986	-0.0712769087	0.1278660783	0.0258526215	0.0424188594	0.11775815369999999	-0.047110315	-0.0207707755	-0.0219084713	0.07176542	0.10892141949999999	-0.032250255299999996	-0.0855471191	0.0628040025	0.0031490648	-0.030131608100000002	-0.0171414433	0.011443377900000001	0.0051008207	0.0885728083	-0.0428241283	-0.1706832007	0.1092482427	0.040975916	-0.0123430447	0.0271437428	-0.0086887328	-0.13049085359999998	0.0637028804	-0.0264101769	-0.0959769915	0.00513795	0.005138604216999999	2.63985302025e-05	2.6405253298970176e-05	-0.0120279	0.002114600000000001	4.471533160000005e-06	0.00014467037841	0.130891	-0.021648	0.017132453881	0.000468635904	0.00093683	-3.069300000000004e-05	9.420602490000024e-10	8.776504489e-07	0.000229948	5.6096000000000006e-05	5.2876082704e-08	3.146761216e-09	0.0	0.0	0.0	0.0	0.0	0.0
8540.629764337951	-29.19911818442597	72942356.77149533	852.5885027480754	10414.959287077754	-2.763129106941051	7.63488246162485	108471376.95148715	6247.680381701805	-17.342377577910153	39033510.15190162	300.75806005480086	6291.890172819732	10197.530552352444	0.970833	36.02026	0.03912011000000001	0.0200555	-0.0369927987	-0.0703607285	0.079745715	0.0536001829	-0.023585787599999998	0.007931338100000001	-0.0818039768	0.0690411534	-0.0839566489	0.0033890733000000004	0.0333520757	0.0081523728	0.1114508973	-0.067133342	0.0761308639	0.0013854658999999999	0.050183601200000004	0.0740031547	0.0518684176	0.0120081356	-0.0666444149	-0.0086706013	-0.0625499243	0.0086878487	0.0100538865	0.0619843069	0.029124151	-0.025684317999999998	-0.0958606794	0.08739147470000001	-0.0044619605	-0.0461005717	-0.07832328200000001	0.0091120381	0.0906971493	-0.1397475674	-0.028044431	-0.0098616271	-0.1180198807	-0.0138818676	0.058210718200000004	-0.0598686834	0.013639396299999999	0.0176645122	0.0093995316	0.1417291953	0.0030305007	-0.0776439439	0.06909019179999999	-0.0015590451999999999	0.1037984326	-0.04534737900000002	-0.1024639039	-0.0018207939000000001	0.1303067639	-0.0683565574	0.0184176078	-0.2290717084	0.0571942578	0.1214404611	-0.11238438769999999	-0.0191674422	0.08573208869999999	0.148465301	-0.0079684328	-0.029393873799999998	0.0985718383	0.0166186214	-0.1019329367	0.037357876899999996	-0.0137612599	0.0533986687	-0.054034379699999996	-0.0254808033	-0.018208136200000002	0.07202343509999999	-0.0092429316	-0.026136546299999997	0.0111592774	-0.001456866	0.0255363032	0.1059630003	0.0436824205	-0.0292765561	0.0149958115	-0.0516002889	-0.027244915800000002	-0.022755583500000003	0.0088899332	0.0300356871	-0.0917733616	0.0755397791	-0.0005337182	-0.0044042614	-0.0483170916	-0.045696002	0.003518565	0.0242430833	-0.0737711193	-0.1140217451	-0.0796526736	0.058522815199999995	0.0296697014	0.10962296560000001	-0.0136542144	-0.10198496480000001	0.0396731273	-0.0406299238	0.011993123799999998	0.0195724868	0.1275259005	-0.0474881	-0.0060551184	0.077446041	0.047918015599999995	-0.0871050242	0.01572395	0.0900240318	0.020379563899999998	0.021827497799999998	0.0093447825	0.0038846345000000003	0.061739843899999994	-0.1512259054	0.0239387242	0.0074777049	-0.0594142344	0.1068418431	0.0050553993	0.06534755099999999	0.17512834559999998	-0.0134251134	-0.0631104339	-0.011301719699999999	0.1831117955	0.1977237746	0.1729681003	-0.0058666361	0.0435772735	-0.0928487678	0.001037867	0.0595333755	-0.11350462900000001	-0.021004103599999997	0.0578071729	-0.0121019348	-0.0191673153	-0.0015197467999999998	0.048950996399999995	0.0146656893	-0.025955077400000002	-0.0371378949	0.0643592701	0.0265304554	0.0019711794	0.05071232690000002	-0.0193605269	0.11503762099999999	-0.0157085477	0.0048859741	0.022572037000000003	-0.0074350161	-0.0576727121	-0.0459726091	-0.0597283413	0.054908849100000004	-0.0514772854	0.0644521178	-0.06442674820000001	-0.0023986801000000003	-0.0259481579	-0.048925126299999996	-0.0507704307	-0.051495617199999996	0.05689549980000001	0.062284525300000004	-0.0298381391	-0.09793586060000001	0.00465274	-0.0004852099999999998	2.16479895076e-05	2.3542874409999984e-07	-0.0248259	-0.012798000000000002	0.00016378880400000004	0.0006163253108100001	0.139222	0.008331000000000005	0.019382765284000004	6.940556100000008e-05	0.00106878	0.00013195000000000004	1.7410802500000008e-08	1.1422906884000002e-06	0.000448116	0.000218168	2.0080794945599998e-07	4.759727622399999e-08	1.0587899999999999e-22	1.0587899999999999e-22	1.1210362640999998e-44	1.1210362640999998e-44	0.0	0.0
8547.804474916416	7.174710578465238	73064961.34140112	51.47647188474099	10462.460817438658	47.50153036090342	2256.395386627829	109463086.3564392	6258.1895820604195	10.50920035861418	39164936.84500957	110.44329217749642	6304.798582758239	10281.592536091206	0.943818	35.017906	0.028264539999999994	0.0160497	-0.0043447325	-0.09200932210000001	0.05916015650000001	0.035461385299999995	0.019234114899999998	-0.056225486799999995	-0.0176871402	0.05621977190000002	-0.0652707352	-0.0040782773	-0.048636919199999996	0.029126825699999997	0.029071784399999998	-0.10017518449999999	-0.0982384835	-0.013985323300000001	-0.06355548700000001	0.0312513751	-0.05069553	0.0360600076	-0.0981628273	0.0350124334	0.0291969779	-0.0266735175	0.0053252036	0.0582791266	0.0393679832	-0.0628394313	-0.030212633399999998	0.08092245070000001	0.0092919176	-0.0105999376	-0.0786367092	0.00037380660000000017	-0.0195345205	0.0389792667	-0.0558932005	-0.084874964	-0.12326404390000001	0.0361141129	0.0661219089	0.0199559902	-0.105929386	-0.1299221411	-0.0757233306	0.0755023294	0.1635973905	-0.0043715140999999996	-0.0195438696	0.05868875320000001	-0.0329283331	0.0955915075	0.1268278423	0.0194163273	-0.07624027650000001	0.0838310859	-0.0527495259	0.034808484	0.1101234972	0.0419363334	-0.0345089927	0.093304416	0.0548372912	0.0705733112	0.0888011027	0.0628576534	0.040565474500000004	0.11538014960000001	-0.0157701274	0.027312477400000004	0.010289883199999999	0.0633981115	0.0227660305	0.0217125554	0.1150947983	-0.1275938443	-0.112802359	0.0187792197	0.0314392057	0.029674524100000002	-0.0171832878	-0.1029255688	-0.0043265519	0.054310240700000005	0.14225343669999999	0.0419897465	0.0312100345	0.0462598479	0.0323336126	0.0030614621	0.0681723095	-0.0568771247	0.1811009164	0.0195099036	0.0392622674	-0.0178938739	0.0755912956	0.0757437807	0.056368373799999996	-0.0341523278	-0.0244182773	0.056938840199999986	-0.034582975	0.0931635209	0.018715421399999998	-0.0299964436	-0.052019967699999996	-0.0646534203	0.023704655800000002	-0.0594401299	-0.0321712648	-0.0102048841	0.0088392481	0.0340633548	0.0526411938	-0.0513447524	0.05360532639999999	0.0286730387	-0.09874558050000001	-0.0659714235	-0.0322996146	0.009029773199999999	0.1738932401	-0.152337099	0.0176742893	-0.08508106039999999	0.0477820678	-0.1586299752	-0.07763431030000001	-0.0183009841	-0.0979588975	0.1116055351	0.0066702568000000005	0.0409948694	0.0053335561	0.0731959744	-0.0658234158	-0.0287699586	-0.015637721599999998	-0.1102565601	0.0293249481	0.0793184516	0.043677033399999995	-0.0177901272	-0.0945486584	0.13926788199999998	0.0265749916	0.0569466557	0.0756802253	-0.0673826065	0.073837233	0.042388677699999995	-0.09986334179999999	0.037998008	0.0055189633	0.056317525	0.0435425967	0.0056509363	0.0221637316	0.2009284067	-0.0712967762	0.0901420817	-0.0193379648	-0.0426011251	0.1826376832	0.047074230599999996	0.0877781268	0.0272211328	0.040321268	-0.0511203433	-0.1323403211	-0.0473999842	-0.0267809248	0.0170354558	-0.030417056	0.0608480136	-0.0332313112	-0.09963783609999999	0.0036277	-0.0010250399999999996	1.3160207289999999e-05	1.0507070015999992e-06	-0.017187599999999997	0.007638300000000005	5.834362689000006e-05	0.00029541359375999984	0.150629	0.011406999999999973	0.022689095641	0.00013011964899999938	0.0012251	0.00015631999999999994	2.443594239999998e-08	1.5008700100000002e-06	0.00045568	7.5639999999999965e-06	2.076442624e-07	5.721409599999996e-11	0.0	-1.0587899999999999e-22	0.0	1.1210362640999998e-44	0.0	0.0
8542.001687296653	-5.8027876197629675	72965792.82577887	33.67234416007435	10451.429037056132	-11.03178038252554	121.70017840827532	109232368.91662006	6261.348337776749	3.1587557163293236	39204483.00697966	9.977737675443182	6308.722765376872	10221.445510855141	0.92996	34.503772999999995	0.04515926000000002	0.024659200000000003	-0.0060515751000000005	-0.08910598800000001	0.0067431068999999995	0.0273203452	-0.0251410387	-0.0812241724	0.0021458088	0.0387225208	-0.0292089004	0.0745691686	-0.028773090299999998	0.04746944610000002	-0.0231943085	-0.0592147476	0.0637378449	0.0884181866	-0.054398975	-0.0594279421	0.0141420829	0.0820622506	-0.1115252694	0.040408260099999996	-0.0927019219	0.07280705629999999	-0.08475939240000001	0.0682719131	0.0533461237	-0.0588056925	-0.0088864946	0.036811955800000004	0.0400803517	-0.0294567547	-0.0572699671	-0.0838626941	-0.0031394564000000002	-0.0016474851999999998	0.1132342607	-0.1244681915	0.059368263399999996	-0.1075685409	-0.0005952133	0.0880370248	-0.0830788328	-0.0231315622	0.009053314	0.0825000704	-0.059560697	-0.00215931	-0.0360800181	0.006749225	0.0128315626	-0.0756298897	-0.0134083091	0.0043245922	0.0490811424	0.0711742068	0.0549531507	-0.1174985269	0.0744366539	-0.1099908596	-0.0440156379	0.0974943386	-0.0945001857	0.1366276601	0.10826346769999999	-0.0692148089	-0.029615446200000006	-0.0373386405	-0.052219415	-0.033732742999999996	0.014294038500000003	-0.010396349899999999	-0.10257220759999999	-0.0379120201	0.037470604500000004	0.0961400643	0.0746991183	-0.139809701	-0.1249192812	-0.0151171284	0.0438186615	-0.0453186295	0.0160066921	0.020244398400000002	0.0467786827	-0.0022716685	-0.0584551966	0.0392794868	-0.0207714144	-0.0722835771	-0.0885891533	-0.0512845439	0.0024171001	-0.06333763190000001	0.013908388	-0.044682458700000004	-0.0423739791	-0.0841748411	-0.0304999143	0.0164655301	-0.0522742514	0.051546573	-0.06003106480000001	0.0598927477	0.0088943785	-0.052933626100000006	-0.0054318282	0.024264718900000003	0.1098755595	0.0012696107	-0.027062076299999998	-0.023831653300000002	0.0839626598	-0.060255351299999996	0.0857574694	0.015441478400000003	-0.1151893107	-0.095132525	-0.0006133769	0.0440598107	-0.09267540279999999	-0.036494417599999995	0.050781155599999996	-0.054906581399999994	-0.039504654199999996	0.0081305435	-0.0217985285	0.037367465499999995	-0.0211978792	0.09447174439999999	0.013009158500000001	0.008502564399999999	0.0011498004	0.0470320422	-0.0097357049	0.1423700401	0.044073042199999996	0.0439369665	-0.08429441039999999	0.0413537965	-0.1416314424	0.0995664102	-0.06673090940000001	-0.0510624483	-0.052055368899999996	-0.0655625145	0.057526836	0.006130379	0.0570044247	0.0616920676	-0.1669422233	0.1362982091	0.0928030225	0.0348044185	-0.0460506697	0.059479109100000004	0.013440907299999999	0.0694801375	0.0024049101999999998	0.0208419383	-0.030933819700000007	0.034057284900000005	-0.032241820299999994	0.052648716100000006	0.0606424004	0.0062493489	0.009820462700000001	-0.10584947089999999	0.0102788287	-0.0583567671	-0.0037706706	0.0961261114	-0.0200088299	-0.04184681	0.0563480949	0.0593937641	-0.0365857372	-0.10107845359999999	0.007593909999999999	0.0039662099999999995	5.7667469088099976e-05	1.5730821764099988e-05	-0.0103515	0.006836099999999998	4.673226320999997e-05	0.00010715355225	0.148519	-0.002109999999999973	0.022057893361000003	4.452099999999887e-06	0.000846959	-0.00037814099999999997	1.4299061588100002e-07	7.173395476810001e-07	0.000722478	0.0002667980000000001	5.219744604840001e-07	7.118117280400003e-08	0.0	0.0	0.0	0.0	0.0	0.0
8528.749852864543	-13.251834432110627	72739574.05273697	175.61111581607278	10457.60831330501	6.179276248878522	38.183454959954226	109361571.63450606	6265.064724642162	3.7163868654133694	39251036.00395557	13.81153133341701	6314.612512300071	10152.077513458033	0.958562	35.564964	0.05075308	0.0288796	-0.0031323533	-0.056608027699999994	-0.0482457152	-0.0411445951	0.0046764091	-0.06306957839999999	0.0681988523	-0.058383695199999995	-0.026050881600000002	0.0214508242	0.048898257199999996	0.026061825	-0.0238247529	-0.0361657879	-0.017280905200000002	-0.0697733129	-0.0766151458	-0.1052244143	-0.0663811081	0.0230922348	-0.0202319925	0.0125600259	-0.0206436686	0.056065538	0.046063659400000005	0.0901993405	0.029281566499999998	-0.06712563490000001	0.028565129900000007	-0.0170598326	-0.0230924642	0.042874895	-0.0218999222	0.012517540300000001	-0.0254036151	0.0095589101	0.062456933799999996	-0.1109009467	-0.0353035784	-0.0052703401	0.1266487477	-0.047995524000000005	-0.018259290900000003	0.0044499987	-0.0371611749	0.0481891804	0.0734548012	0.0367098568	-0.110688311	-0.048052658	0.1612978849	0.0047669587	0.0421541641	-0.0463041964	-0.0288165565	-0.08861086609999999	-0.0024727753	-0.1020542071	0.0896329749	0.007152509200000001	0.0092050513	0.0386053772	-0.14399928	0.051174961799999995	0.0491783402	0.033300724	-0.0135428525	-0.0052880213	-0.0085125038	0.0026976034000000004	0.1321354921	-0.0310907716	-0.09274334070000001	0.0344436467	0.0818269001	-0.0583496081	0.023919244300000003	-0.0587394119	0.0390979611	-0.061256403200000004	-0.031072476	-0.0640388524	0.031559143	0.09897152890000001	-0.0016043197	-0.16795922789999998	-0.0486203246	-0.0928969784	0.019832426599999998	0.137389144	0.0064867292	-0.0593657124	0.029810078900000002	-0.1052606045	-0.1893723925	0.0720111108	-0.0446599529	-0.043249082800000005	-0.068034607	0.017296078200000002	-0.0303980663	-0.000856361	-0.11440084689999999	0.0057003902000000006	-0.029291519300000006	0.038942784	-0.0027400060999999997	-0.024639382799999998	-0.0126960456	0.0042379237	-0.0904266686	-0.020351827700000002	0.13536628	-0.0423971671	0.07026752650000001	-0.09903354589999999	0.0180278844	0.0252745669	-0.046335533600000006	-0.0029646003	0.0195522957	-0.0501511892	0.0921356391	-0.0704000057	-0.09808879429999999	0.0653200682	-0.0291442919	-0.058946603	-0.12455478800000001	0.0639835867	0.057702995800000004	-0.0843662917	-0.0050159023	-0.0674165663	0.0158532659	0.0495291957	-0.0303736051	0.0166792773	0.035321466	0.0798783297	-0.0072019293999999985	0.0849017153	-0.007245493	-0.0011997492	-0.0956605739	0.0635263023	0.0540132843	-0.101756054	-0.0393519149	0.0001242641	-0.043927385	0.1326819379	-0.053380844000000004	0.0976847679	-0.0524882632	0.0474265635	0.0372300026	0.0406845414	0.0330275852	-0.07211468139999999	0.11328209550000001	0.0221803673	0.1258144297	-0.0286275458	0.0683932121	-0.0218801256	-0.0151068379	0.0254097149	0.011085930700000001	-0.0647778086	0.0771721523	-0.14727140390000001	0.0640173417	-0.024080703999999998	0.059140549800000004	0.057922200800000004	-0.039897505800000004	-0.102253934	0.00579233	-0.0018015799999999988	3.35510868289e-05	3.245690496399996e-06	-0.01841	-0.0080585	6.493942224999999e-05	0.0003389281	0.168748	0.020229	0.028475887504000007	0.0004092124409999999	0.00121305	0.000366091	1.3402262028099998e-07	1.4714903025e-06	0.0007696669999999999	4.718899999999989e-05	5.923872908889999e-07	2.2268017209999894e-09	0.0	0.0	0.0	0.0	0.0	0.0
8512.059868135815	-16.689984728727726	72455163.19872831	278.5555902451646	10436.983938761674	-20.62437454333667	425.3648253038337	108930633.73796916	6253.90093732362	-11.163787318542745	39111276.93385725	124.63014729365581	6301.674322776285	10014.342131907237	1.006725	37.351921	0.06629782000000001	0.029309	-7.16509e-05	0.0023109491	-0.1214950343	-0.000523024	-0.0778670429	-0.013622500800000001	0.0618773612	-0.052093620099999995	0.0881357931	0.088806267	0.021136172999999998	0.024620415299999997	-0.0396947927	-0.0625552184	-0.0810920448	-0.09399942619999999	0.023539607400000002	-0.06586954190000001	0.0731879009	-0.1201897966	-0.0016896325	-0.0033746428000000005	0.04811341190000002	0.059378431900000014	0.0044688415	0.028778243	-0.0331743102	-0.015796536899999998	0.1333362605	-0.010591405900000002	0.0537742145	-0.030705971800000002	-0.07140199650000001	0.0329856147	-0.0041675005	0.0182331367	0.0930759603	0.0007272523	0.0328489198	-0.014720504099999997	0.047225201200000004	0.044806321600000004	-0.06768246019999999	-0.0393636763	-0.0880273322	0.0987579837	-0.0692651958	-0.022704400899999998	-0.0262045725	-0.0858810431	0.051461310999999996	0.0129672555	0.0326565968	-0.0191188656	0.149983895	0.0927500815	0.0658790669	-0.042018677000000004	0.0079694708	0.0060924620999999995	-0.0030046608	0.1400068236	0.030487717799999998	0.10694732189999999	-0.0998267125	-0.0062463185	0.1289281776	0.0397695352	-0.0083492787	0.0947121401	-0.148698957	-0.0434625579	-0.0444644254	0.0654113161	0.051309170300000005	-0.0564045267	0.06430655610000001	0.0572631068	0.0721684912	0.077249405	-0.0015682378	0.0152231402	-0.0423814594	-0.0262166309	0.0266935477	0.0104157893	-0.0001722866	-0.1258453728	0.0013068226	-0.0715051474	0.0230887477	0.1279212159	-0.011275311699999999	0.2082707432	-0.059117011799999994	0.0095255136	-0.0720687122	0.0614880769	-0.0319264889	-0.0902173126	0.1089600635	-0.0589786611	-0.0673806882	-0.0764714693	0.0926855765	-0.0541097646	-0.0393305018	-0.037080277099999996	0.0110079625	-0.024814886	-0.028883404300000002	-0.0271338481	0.11007286710000001	-0.0718389095	-0.0446187596	-0.005192303499999999	-0.0292829755	-0.0375402263	-0.0236794013	0.0045211401	-0.0849694253	-0.1150976306	0.0776756695	-0.025068240800000002	0.0380760446	-0.0080275415	-0.0565083103	0.0375041963	-0.0910039243	0.1254452314	-0.0628144028	-0.07191899389999999	0.0026096277	0.09970193150000001	0.0028783470000000003	0.10806738130000001	0.0487652621	0.0511438392	-0.0623336767	-0.0688317091	0.0081763147	0.099851848	-0.1425682619	0.0719477764	-0.0071015936	-0.022402632000000002	-0.0032543389	0.037785361	-0.0323300098	-0.0455844929	0.08572664279999999	0.049298365700000006	0.0478121134	-0.0519735306	0.0523820067	-0.0198781931	0.053264731100000004	-0.041324480499999997	-0.06943492309999999	0.0180752705	0.0435424108	-0.026163847900000002	-0.0377497125	-0.2019351058	-0.0876916394	-0.0036234546999999997	0.0786529035	0.057637457	-0.05974857	0.08036484099999999	0.045877194	-0.1309673147	0.0045239204	-0.0142737379	0.049233868099999994	0.0564337526	-0.0431627558	-0.1031611942	0.0110888	0.005296469999999999	0.00012296148543999998	2.8052594460899988e-05	-0.0017986	0.016611400000000002	0.0002759386099599999	3.23496196e-06	0.154825	-0.01392300000000002	0.023970780625	0.0001938499290000005	0.000905622	-0.000307428	9.451197518400001e-08	8.20151206884e-07	0.000963292	0.000193625	9.279314772639999e-07	3.7490640625e-08	-0.00010828600000000004	-0.00010828600000000004	1.1725857796000009e-08	1.1725857796000009e-08	0.0	0.0
8507.444974394157	-4.614893741658307	72376619.99234441	21.297244246797007	10429.758783242669	-7.225155519005058	52.20287227380922	108779868.27662759	6247.595691257896	-6.305246065723623	39032451.92142423	39.75612794932322	6295.056923409231	9880.028552575981	1.014276	37.632076	0.07742267000000001	0.0357702	-0.029920223	0.0793494423	-0.0931499249	-0.0803282467	-0.0401116422	0.0591929612	0.0352857897	-0.0495398405	0.0370739017	0.0218289031	0.1033781308	-0.0829014639	0.023404520699999997	-0.0286111906	-0.073714485	-0.006242165	0.12780410109999998	-0.035462825499999996	0.0333269985	0.07961277230000001	-0.0962432258	0.0173335225	0.08001239980000001	0.0476985427	-0.06103717860000001	0.05819093860000001	-0.0518643617	0.034698682	0.024543486200000002	-0.07499898320000001	-0.0396453153	0.0028366109999999997	-0.07627225559999999	0.010854371100000001	-0.047297222699999995	0.0118098601	0.028382601	-0.1168623399	0.0622112784	-0.06721870769999999	0.009629520400000001	-0.0529375514	-0.2035044209	-0.0442391988	0.1374224686	0.0933856418	0.0271733481	0.11115706380000001	0.14414662949999998	-0.0267410537	-0.0243526882	-0.038600912	-0.1213987616	0.0355541554	0.0437093058	0.051846284000000006	0.0314633961	0.031194506	-0.008031599300000001	0.003525877	-0.16983762989999998	-0.015882806399999998	-0.0265160054	-0.012309259	-0.08476449359999999	0.0512891427	0.010810561299999999	-0.09865413460000001	0.1002491143	-0.035867009	0.1616104864	0.0026028418	-0.0016832328	0.03029785	-0.0705932994	0.068999042	0.0135570557	0.0058556993	-0.1442495571	-0.0171982886	-0.024679013700000002	0.1399986548	-0.1474697824	0.1010781633	-0.0643394483	0.0299881919	0.1016119931	0.0183211464	-0.0791365185	-0.0033782001	-0.045202144699999995	-0.0121571131	-0.0358741234	-0.0666753658	0.0400059211	-0.0164154175	-0.0295070831	0.0005497983999999999	0.117883414	0.042798451900000006	0.0370849905	-0.0655743992	0.0064837004	-0.0761519957	-0.024918683100000002	-0.025424910099999996	0.0333288917	-0.044183145199999996	0.0180911814	-0.0204654471	-0.0067465471999999995	-0.0939933589	0.0204265317	-0.09259536089999999	0.09841636960000001	-0.08159439240000001	0.026597429300000003	-0.1499486436	0.0565609427	-0.0534797354	0.0013872846	0.009152432	0.0497009997	-0.096558978	0.0616148151	0.0529800566	-0.058737018099999996	0.11023714529999999	0.1288853011	0.0614124935	-0.00019512040000000002	0.0645728954	0.0754400502	0.0767107108	0.0576674732	-0.062082727000000004	-0.0115833081	0.040743934700000005	-0.09062937230000001	0.0411149087	0.051834840300000004	0.0051095368	0.0092166723	-0.16691002189999998	0.1573391663	0.035817604100000004	0.0634933979	0.0334079358	-0.1144982623	0.0889577135	-0.06401444099999999	-0.06088505900000001	0.059384977400000004	0.0180655082	-0.11406183519999999	0.08880570480000001	-0.0794101682	-0.1424248492	-0.13176713	-0.0198491388	0.0928037237	0.0096720052	0.0188929099	0.2005352331	-0.0369074797	-0.0050012151	-0.1414759317	0.0474783242	0.0684708336	-0.0217814192	-0.0598893476	0.0230771098	0.0496210808	-0.0057821244	0.0501564146	0.054928853300000004	-0.0463776798	-0.1037978542	0.00581998	-0.00526882	3.38721672004e-05	2.7760464192399995e-05	-0.0124386	-0.01064	0.0001132096	0.00015471876996000006	0.177842	0.02301700000000001	0.031627776964	0.0005297822890000005	0.00066577	-0.00023985200000000006	5.752898190400003e-08	4.432496929e-07	0.000541493	-0.000421799	2.9321466904899997e-07	1.7791439640099995e-07	0.0	0.00010828600000000004	0.0	1.1725857796000009e-08	0.0	0.0
8520.824844968663	13.37987057450664	72604456.03863525	179.02093659054864	10409.736684066469	-20.022099176199845	400.8844554215825	108362617.83159916	6236.789968747	-10.805722510895977	38897549.11426321	116.76363898248405	6283.029566541437	9825.847227216329	1.045399	38.786816	0.05725899999999999	0.0278436	0.0103176264	0.0984164889	-0.0721444779	-0.0449322304	-0.045280580099999995	0.0274322304	-0.0114342605	-0.0561345589	0.1467039006	0.010447891400000001	-0.0098685049	-0.1563916363	-0.0138829785	0.0816676146	-0.09856555480000001	0.0444811793	0.0512122984	0.06291450950000001	0.0551403647	0.1257597673	-0.024178777599999996	0.0804617847	-0.08976359800000001	0.0090371366	0.048480311500000005	-0.0547671374	0.011790503600000002	0.17635204	0.2724119925	0.0683116129	-0.0120269695	0.2166319787	-0.0624562892	-0.0616134157	0.046657320099999997	-0.1977102506	-0.0359433432	-0.1051775445	-0.081882292	-0.0326915654	-0.0709130546	0.1437610216	0.091734569	0.0922087591	0.0212496148	-0.14319163099999999	0.0147309096	-0.0173280774	0.0520478824	0.066186926	-0.07316459639999999	-0.0195301582	-0.05439215519999999	0.1407477307	-0.0585419807	-0.0922157117	0.0151905471	-0.037527396	-0.0176157115	-0.0373337133	-0.0446493033	-0.0073152964	-0.08265959169999999	0.1808926717	-0.110810168	0.0706447921	-0.1348760692	0.0508736558	0.0695072518	-0.08910494740000001	0.0260806609	-0.1057027409	0.0646960474	0.0602542587	-0.0410215306	-0.0474097299	-0.0604860843	-0.0679515189	0.0181329681	-0.0799993342	-0.1039709509	-0.051958815	0.0995470803	-0.0066303237	0.0132788124	0.1027254424	0.0539359875	-0.04390406980000002	-0.056749377999999996	0.16789720309999998	0.0522274867	-0.014940880600000001	0.07114566559999999	0.0632874667	-0.0092414722	0.005270254499999999	-0.0936915165	0.0433273771	-0.0318336635	0.0453455196	0.0633771264	0.005515272	0.059531813899999994	-0.197433926	0.20116288289999998	0.1491355891	-0.036104285699999995	-0.10258481970000001	0.1298937191	0.1608024509	0.0775973537	-0.1653219888	-0.0065266088	0.12376881699999999	0.1036111607	0.0710817472	-0.0307599967	0.0318705031	-0.11362805279999999	0.0919426241	0.0334933937	0.14220601119999998	-0.035728337	0.1369563844	0.0255917069	-0.0084860562	0.0629465089	0.1031820964	-0.0125424472	0.049817031500000004	0.0230808021	0.0773143214	-0.0931243932	-0.15790045390000002	0.06415952230000001	0.10255027039999999	-0.0794491735	0.0250742802	-0.0412296637	0.0169535666	0.0695555267	0.11741529220000001	0.1641912643	0.0545197616	0.0308837488	0.017534131100000003	0.0049782861	0.0082910724	-0.0725629086	0.21017504399999998	-0.009712675300000001	-0.0154934956	-0.0683697736	0.10095123060000001	0.0251346555	-0.0780834973	0.0062434922	0.017603459	0.0832121957	0.0532737555	-0.10873746880000001	-0.017172552	0.0532460608	0.1191508607	-0.0428149827	0.0038954477	0.0885759457	0.0754364585	-0.046466744299999994	0.0714546944	0.0822361419	-0.0710751798	-0.026980653599999998	-0.1273085977	-0.023204011899999998	0.053407941699999996	-0.0495385296	-0.1041622441	0.00802596	0.0022059800000000006	6.44160339216e-05	4.866347760400003e-06	0.00310092	0.01553952	0.00024147668183040005	9.6157048464e-06	0.195341	0.017499000000000015	0.038158106281000005	0.00030621500100000047	0.000853385	0.00018761500000000005	3.519938822500001e-08	7.282659582250002e-07	0.000496414	-4.507899999999995e-05	2.4642685939600003e-07	2.032116240999996e-09	-0.000207596	-0.000207596	4.3096099216000005e-08	4.3096099216000005e-08	0.0	0.0
8549.080488257045	28.25564328838118	73086777.1946973	798.3813776402403	10432.240293362576	22.503609296107246	506.4124313518443	108831637.53845768	6253.407228841455	16.617260094455563	39105101.96972657	276.1333330467852	6302.131213463015	10037.603303897697	1.143817	42.438377	0.09421956999999996	0.0495358	0.015265397	0.05757034730000001	-0.0803000629	0.019331468799999998	0.028131567200000002	0.0873889738	0.005704225699999999	-0.0318908914	0.0239929736	-0.0088939739	0.06644647719999999	-0.0778258046	0.0691025484	-0.0777679241	-0.08661282619999999	0.05586808099999999	-0.0787596438	0.09801514880000001	0.0034147204999999997	-0.0207598157	-0.0401044615	-0.122968522	0.005789365	0.128958148	-0.0378298491	0.035711779900000004	-0.0589660628	0.0356179417	-0.0254259039	-0.1218552048	0.013909526699999999	0.0324233053	0.032431596800000004	0.1584607224	0.0200116959	-0.1230993274	-0.0884110931	0.1006077619	0.17697413350000002	-0.1079909394	-0.1126807947	0.0041608072	0.011342214299999999	0.1412118542	0.0348290718	-0.0779804457	0.0409994665	-0.0414766827	-0.0120625618	-0.12273146929999999	0.041418045699999996	0.0330593588	-0.0298824561	-0.1020350176	-0.17288700559999998	0.0809899388	0.013476938899999999	-0.0351262148	-0.10249980560000001	0.056131798899999995	0.1037837298	0.0272092175	0.0109659416	0.17395811100000005	-0.0921610952	0.07257302019999999	0.0941293688	0.0709788438	-0.107461401	-0.023420598799999998	0.046180563099999995	-0.09166403070000001	-0.0140097803	-0.0536898799	-0.0826759327	-0.0011253536	-0.1214779161	0.051994808600000005	0.0315087666	0.08611154060000001	-0.0248799348	-0.0036835490999999995	-0.0553419391	-0.042072619000000006	-0.047463494	0.08961551109999999	-0.009123820500000001	0.062348283899999996	-0.0040494645	-0.0392260137	0.1195023277	-0.1284146893	0.09491275199999999	0.0154884196	-0.0715341981	0.0598007533	-0.013990948999999999	0.015038032	-0.0135704455	0.0408449415	0.09159874779999999	-0.0844538296	0.0150077418	-0.06312660610000001	-0.066751104	-0.0093487061	-0.0471979545	0.0247472207	-0.10872546	-0.0097540691	0.0982233152	-0.1244920999	-0.1523075968	-0.11467678279999999	-0.0335383377	0.0353497634	-0.041453214599999996	-0.0188532801	0.0555544159	0.11378851050000001	0.2220576021	-0.037043376600000004	-0.09410065890000001	0.054596554299999996	0.0032346859000000005	0.0786582856	-0.1224793034	0.014839323799999997	-0.0811442527	-0.1108195201	-0.025085488700000002	-0.0427844347	-0.050145332199999997	0.022964958100000002	-0.11569316710000001	0.14981189960000002	-0.014180222	-0.061587733099999986	0.059625823499999994	-0.1678397347	0.0456599982	0.0280383679	0.0400238313	0.0522500947	-0.0076785775	-0.0674428562	0.1158666601	-0.08227248820000001	0.0052141089	0.0962528095	0.0903562618	-0.07654195030000001	0.0105257445	0.014756909399999999	-0.0031933019	-0.060048058	0.026903757599999998	-0.21691564440000002	0.044038817	0.0427384855	-0.0079887671	-0.0298765271	-0.12903731289999998	-0.0082323763	0.0821591885	-0.1166925865	0.10928202710000001	0.0195592167	0.045154195700000004	-0.094819264	0.0743206981	0.0017123282999999998	-0.0078747495	0.0034905266999999997	0.025015106800000003	0.0518714612	-0.052641619699999996	-0.104253408	0.00440812	-0.0036178400000000006	1.94315219344e-05	1.3088766265600004e-05	-0.0154038	-0.01850472	0.00034242466227839995	0.00023727705444	0.156833	-0.03850800000000002	0.024596589889	0.001482866064000001	0.00133458	0.0004811949999999999	2.3154862802499992e-07	1.7811037763999996e-06	0.000532045	3.5630999999999944e-05	2.83071882025e-07	1.269568160999996e-09	-5.26418e-05	0.0001549542	2.77115910724e-09	2.401080409764e-08	0.0	0.0
8581.703583406392	32.62309514934714	73645636.39345011	1064.2663371233566	10486.797764970435	54.55747160785904	2976.5177082423456	109972927.36338893	6265.117715775584	11.710486934128314	39251699.99252507	137.1355042343899	6313.008818128871	10273.038584597154	1.0380280000000002	38.513359	0.03831057000000001	0.0236394	-0.022902361	0.007134062900000002	-0.0831591638	0.036380975	0.11345448050000001	0.1063033141	0.07871396580000001	-0.009053554	0.0005044267	-0.0277595887	-0.0071089413	0.0073162597	0.0847409792	-0.1299917949	0.052720075	0.0667890768	-0.0537748641	0.045605084500000004	0.00038924699999999995	0.033986493199999995	0.0319313125	0.0455274867	-0.10880643400000001	0.0186921598	0.1603685652	0.053546640300000004	-0.0509293505	-0.0478518918	-0.0138470447	-0.08751408470000001	0.0811451309	-0.0699360118	-0.0148006206	-0.016494983799999998	0.0616458345	-0.024138162	0.098018428	-0.0429195414	0.0035329984999999996	-0.0550631396	-0.0360025369	0.1100655367	-0.0242622636	0.093698486	-0.0153220904	-0.0687904521	0.042156154800000005	0.0374538995	-0.012507157	-0.075835027	0.096704414	-0.0338277679	0.045102358700000005	0.1870902146	-0.0506201598	-0.0270866988	0.005550034200000001	0.0217115091	-0.036907496	0.0858283539	-0.1242499692	0.1253729253	-0.0504463629	-0.0950224226	0.0698724626	-0.0673268967	-0.0022082029999999997	0.059050708499999986	0.0136889975	0.0861386686	0.0806826497	0.0277788368	0.0387014243	0.0504831867	-0.0275552738	-0.0365246933	-0.050796874400000004	-0.0013982864999999998	0.072416112	-0.0570523716	0.0634932624	0.0085262131	-0.12284274099999999	-0.0958535559	0.0496768049	0.0626843546	-0.0105016596	0.1256080668	0.015627259299999998	0.0153347671	-0.0079372756	0.0400707585	0.1265588191	-0.046783770999999995	-0.012190643000000001	-0.1076163316	0.0433786337	0.049521555099999996	-0.0348774762	-0.053484396	-0.0311517262	-0.0917215588	-0.018715586	-0.020874046299999997	-0.0629422723	-0.10498662880000001	-0.028330705499999997	0.052267250700000004	0.0006779158	0.007547497399999999	0.0610992909	-0.0083107036	0.0295787475	-0.030220525800000002	0.0776794038	0.0859296048	-0.13551938300000002	-0.0322781665	-0.075467344	0.0924135035	0.05574734519999999	-0.1029229617	0.04978458	0.011200776	0.030381635499999997	0.12529976539999998	0.06466039929999999	0.005644155	-0.1500397847	0.0162346801	0.0117004607	0.1300781143	-0.0368180131	0.0502346657	0.08859266589999999	-0.036730094	-0.0605391895	0.140018958	0.0313038368	0.05396434730000002	0.0638297924	-0.0168208678	-0.0360215187	0.0033543190999999997	-0.0838226608	0.11133695710000001	0.0184143146	-0.026954120800000002	-0.083629118	-0.0562681182	-0.022517095299999998	-0.0756006672	-0.065959336	0.0139445293	0.025992006600000003	0.0500930847	-0.0881045042	-0.0547563982	0.0678389937	-0.0225998002	-0.0506979637	-0.0120545105	-0.1342618297	0.0234759308	0.0839441264	0.09541361949999999	-0.0244962277	0.0337054279	0.0171738944	-0.0951650409	-0.013859168500000001	0.0008949327	-0.0325233834	-0.0641617183	-0.0037103228999999997	0.0503198596	-0.055683332	-0.1040711067	0.0058066	0.0013984800000000006	3.371660356e-05	1.955746310400001e-06	-0.014549	0.0008547999999999977	7.306830399999958e-07	0.00021167340100000006	0.135818	-0.02101500000000001	0.018446529124	0.00044163022500000017	0.00137072	3.614000000000005e-05	1.3060996000000033e-09	1.8788733184e-06	0.0007441089999999999	0.00021206399999999987	5.536982038809996e-07	4.4971140095999946e-08	0.0	5.26418e-05	0.0	2.77115910724e-09	0.0	0.0
8578.86114787097	-2.8424355354218283	73596858.59445001	8.079439773028772	10483.86720645312	-2.9305585173151485	8.588173223408361	109911471.60254316	6264.373732323897	-0.7439834516871997	39242378.25822963	0.5535113763843998	6313.144317970177	10365.617407063772	0.971212	36.034313	0.04188835	0.0204414	0.0119999279	0.0080197693	-0.09102310359999999	0.0852862411	0.1381821002	0.0710975944	0.07857149440000001	-0.006932700500000001	0.0797444738	-0.045684985899999996	-0.0248134688	0.0690715376	0.0562238556	-0.0797893082	-0.1070382058	0.11750527039999999	-0.08784262779999999	-0.0316409958	0.0105316955	0.0951500444	0.0364854984	0.0977674484	-0.0012695761	-0.027207566000000002	0.0502229596	0.0385794581	-0.0360916763	0.0164071395	0.0396080203	-0.0671890817	0.1640052678	0.04250620099999999	-0.0322973462	0.0656125749	0.021655789100000003	-0.000656207	-0.0530795213	0.0463366117	-0.029780436299999997	-0.0478403668	0.0402717314	0.0408268586	-0.0563537932	0.0193335505	-0.0787956091	-0.0571515451	0.0707052507	0.05557590019999999	-0.039588335	-0.014599326000000001	0.0384185052	0.027712353500000002	0.1560358928	-0.0371750791	-0.029211314199999998	-0.0017562923000000001	0.0476584984	-0.0680390433	-0.027262398900000002	0.0264837029	-0.0480822537	0.0053035745	0.1712324961	-0.0039018965000000004	0.056575607800000004	0.0413234108	-0.052268133	-0.070281101	0.0081866287	-0.0452686999	-0.06826672219999999	0.057986673899999994	0.1217818654	0.0087637966	-0.0681166626	0.0957598006	0.006473625500000001	0.029413366200000002	0.0198346277	0.0411573643	-0.0158484945	-0.032488964	-0.0081436641	-0.0414192138	-0.0511250098	-0.10865599699999999	0.0560212733	0.0786809961	0.107949425	0.0090526999	-0.1608762671	0.0928675622	0.1425696617	-0.0649544682	-0.0448018531	0.0618213801	0.019135606200000002	-0.1040994281	0.0414500489	0.0276541068	0.013665283	-0.07599039190000001	-0.0057372406	-0.0845706122	-0.0175634286	-0.0359885233	-0.16058124880000002	-0.024256919900000003	-0.0178264914	-0.000868046	-0.0011957965	-0.0185476571	-0.0426045482	-0.0196266804	0.0115472801	0.0097270989	-0.0178384694	0.0654107161	-0.0923776597	-0.017420745	0.007082082900000002	-0.09558931359999999	0.04881894480000002	0.048959727	0.0015419854	0.0438257357	0.090104756	-0.0864147425	-0.034469989300000003	-0.1108180359	0.026093700499999997	-0.0168915545	-0.0687366974	0.11926560119999999	0.0687208572	0.0060264533999999995	-0.0028775247999999996	-0.0160763548	0.0645298687	-0.0140637956	-0.0793330655	-0.035971289100000005	0.1037526566	-0.008053425	0.1483482367	0.013727104399999999	-0.1490912437	-0.0343812882	0.0557113842	0.0595172807	0.0335652611	0.034215875800000004	0.0168109505	-0.0232057329	0.0238598531	-0.0412438181	0.0214974964	-0.0353169439	0.0179966457	-0.0345094594	0.0308563325	0.012625391100000001	-0.0729451961	-0.0350267993	-0.1103216434	0.0720969786	-0.043298538	0.09307549650000001	0.0205170594	-0.1403747635	-0.09252997939999999	-0.0147718299	-0.0350439361	-0.0018174617	0.074896799	0.0487535893	-0.05866012	-0.10361581859999999	0.00957852	0.00377192	9.17480453904e-05	1.42273804864e-05	-0.00766617	0.00688283	4.737334880890002e-05	5.87701624689e-05	0.152139	0.016321000000000002	0.023146275321	0.0002663750410000001	0.00143061	5.9889999999999937e-05	3.586812099999993e-09	2.0466449720999995e-06	0.0008628219999999999	0.00011871299999999999	7.444618036839997e-07	1.4092776369e-08	-0.000119649	-0.000119649	1.4315883200999998e-08	1.4315883200999998e-08	0.0	0.0
8549.878957869578	-28.982190001392155	73100430.19422098	839.9673372767953	10468.798801294432	-15.06840515868862	227.0568340263938	109595748.34198372	6257.564309775415	-6.809422548481963	39157111.09097506	46.368235443774566	6306.587837206334	10277.647658796708	0.978292	36.297001	0.03961931	0.0237462	-0.027243680899999997	0.0611556043	-0.0560295882	0.1072730728	0.0645927319	0.09556915	0.049170829699999995	0.04245529940000002	0.033609972099999996	0.0123208729	-0.0544146358	0.0285759271	-0.058806437	-0.0406737884	-0.030120891	0.0445467788	-0.07084774190000001	-0.101782594	0.0847252585	0.118930337	-0.0671148498	0.054193142400000005	-0.0369584409	0.019088145600000002	-0.0068548164	0.0038925907000000003	-0.11630729	0.0349661606	-0.0031005252000000003	-0.0228435388	0.0829332704	-0.0160600641	-0.0812035564	-0.0522061148	-0.0030993347	0.025313826299999998	-0.0286761628	-0.031060221800000006	0.0030395915999999997	0.0505565845	0.0520041403	0.0131726265	-0.022998189300000003	0.21183549329999998	0.0026603967	0.042975322	-0.016337525500000002	-0.0787272407	0.0169006175	-0.0343320349	-0.008468027900000001	0.0609455867	0.055431594699999996	0.0547587416	0.0372124748	0.0701937364	-0.0784125726	0.145627926	0.1496722436	0.0797175442	0.0204274906	0.062133203399999996	0.0374934126	0.030364339700000006	0.0744141527	0.0162587106	0.0002324297	-0.074093881	-0.0651794479	-0.033395262599999996	-0.0660316698	0.0787243261	-0.1324050465	-0.0307650363	-0.1347110125	0.038311197400000004	-0.0751268625	0.10010485390000001	0.0729788435	0.0818557975	0.068174259	0.1209840609	0.0352547116	0.052138088099999993	0.0161462643	0.011456215300000001	-0.11760740119999999	0.059651637199999996	-0.055984638499999996	-0.0767459473	-0.051891426500000004	-0.0558487358	-0.1020101469	0.11078978939999999	0.017868804	-0.1874081166	0.049593205	0.0109801384	0.0003470737	0.0305604563	-0.0825566928	-0.1180978731	0.058987791500000004	-0.019933063799999998	0.0007167597	-0.042370564900000005	-0.068831905	-0.0159414492	0.10179506099999999	-0.050160310199999995	-0.032365093	0.0083305021	-0.0333801023	0.033915908599999996	0.0346643058	-0.043217642199999996	-0.0431903008	0.0478889318	-0.0073973373	0.1991558907	-0.0072034119999999984	-0.0299064878	-0.0048180385	-0.10304546070000001	0.08428019240000001	-0.0096754715	0.0566596452	-0.1166674742	-0.0289378083	0.0383116183	-0.0603299321	0.009888491999999999	-0.0095505586	0.0359402005	0.0876848708	-0.0008473242	-0.0047622826	-0.08385582700000001	0.1266696248	0.0055927778000000004	-0.0279138399	0.0052902668	0.0061169467000000005	-0.1063255181	0.013045176499999998	-0.12251098560000001	0.11860023119999999	0.0522955223	-0.030116354900000007	-0.0939627044	0.1089853084	-0.1197498535	0.0688124513	0.0035214476000000002	0.054855809000000005	0.040734736800000004	0.067986643	0.1045620449	-0.0867832124	0.056267849	0.0639643581	-0.1467468758	-0.0525566772	0.0070167560999999995	-0.0741439454	0.0486986046	0.0058063272	-0.1713397194	-0.0054200892	0.0432509438	-0.06464612139999999	0.0549407525	-0.058587236699999996	-0.0245195244	-0.1240505685	0.047173106799999996	-0.061568513	-0.10288873779999999	0.011282899999999998	0.0017043799999999984	0.00012730383240999998	2.904911184399994e-06	-0.0126616	-0.00499543	2.4954320884900006e-05	0.00016031611456	0.13199	-0.020149	0.017421360099999998	0.000405982201	0.00142783	-2.77999999999997e-06	7.728399999999833e-12	2.0386985089e-06	0.00109599	0.00023316800000000015	1.2011940801e-06	5.4367316224000074e-08	-0.000100187	1.9461999999999984e-05	1.0037434969e-08	3.7876944399999937e-10	0.0	0.0
8523.6638566653	-26.215101204277744	72652845.54142238	687.2315311505245	10433.706331340056	-35.0924699543757	1231.4814474987613	108862227.80864556	6255.945734119354	-1.6185756560607842	39136857.02824614	2.6197871543925983	6305.666679590681	10139.075791490372	1.009634	37.459839	0.102615285	0.0593947	-0.0121614353	0.09926588160000001	0.0446114955	0.019568752	0.0542295313	0.09169021599999999	-0.0031733314000000003	0.0149103449	0.0298869972	-0.046876245	0.027999946	0.0123288075	-0.048968867199999995	-0.0131551651	-0.0622021737	-0.0668227141	-0.060422051	-0.1449883178	-0.0598754058	0.1382761488	-0.0625371445	0.1003660644	0.008467985	-0.0010008533	0.042839151299999996	0.0578621392	-0.0642460326	0.0818798823	-0.0607334497	-0.08813095050000001	-0.006625690500000001	0.044394333200000004	0.0077133264000000005	-0.030866488900000006	-0.0753318058	0.06955655940000001	-0.104045855	-0.0548075675	0.023895999700000004	-0.015026140600000001	0.0764771922	0.0242215339	-0.16193088960000002	-0.0130089312	0.0134590551	-0.033498847000000005	-0.055067768600000004	0.035631655299999995	-0.0965663727	0.0049241183000000004	0.027633747200000003	0.0266956779	-0.0238837467	0.0605047982	-0.09906874140000001	-0.0480226092	-0.09358197289999999	-0.02239654	0.0324206649	0.0102193041	0.0841370909	0.0245159247	0.050994033499999994	-0.042554517800000004	-0.0171496551	-0.030745647200000007	-0.046077477400000004	0.021521937999999997	-0.0412233864	0.1164358431	0.0569351824	-0.1465925281	-0.0053509086	0.0707609693	-0.1447217626	-0.0271214103	0.0668742704	0.0258613532	-0.09061031380000001	0.0073017476	-0.0027178759	-0.0008013302	0.1390526993	-0.0935969278	0.0720059788	-0.0061999325	0.08206284559999999	0.07443269570000001	0.035281560499999996	-0.0946094422	-0.0222990285	0.1266443381	0.0598662184	0.1028144466	-0.048698674000000004	-0.0132868173	0.0635413388	0.0516767838	-0.09028480789999999	0.053092163600000006	-0.1195837993	-0.0700316193	0.08180139269999999	-0.0390001732	-0.0997152047	0.0653686274	-0.0372253165	0.0042051687	0.0132270077	-0.0467270186	-0.11852483529999999	-0.0237837705	-0.0632997708	-0.023417947799999998	0.0307698952	-0.10801647029999999	0.0254690262	-0.0689873914	-0.0075894493	-0.0232774779	-0.0838717951	-0.0553150175	0.0141514611	0.051537886399999996	0.0037075487	0.0209146505	-0.0623750407	-0.0298032439	-0.0546569453	-0.014120278799999999	0.0237818226	0.13960476859999998	-0.0503984054	0.0265022982	0.0454244861	-0.0592210369	-0.06759094389999999	-0.0779752905	0.0525993872	0.030053989700000002	-0.005163545	0.0133850562	-0.0187251058	0.1533295375	-0.0759783267	-0.0508897797	-0.0276316596	-0.1447258644	-0.00035278550000000005	0.026029693399999998	-0.0813850293	-0.0605406221	0.022319759900000003	-0.0023006599	-0.15978424	-0.1370385791	0.0049904697	0.0233984185	-0.0806998597	-0.026949292599999997	-0.024733966800000003	-0.0028197469	-0.0682044339	-0.1000026611	-0.0584795418	0.0758556329	-0.025727328100000002	0.0773474614	-0.0104606924	0.0788548954	-0.093625246	0.0616862919	0.0039717782	-0.0735362731	-0.0415514587	0.0455788729	-0.06440511980000001	-0.1018917716	0.00859048	-0.0026924199999999988	7.379634663039997e-05	7.249125456399997e-06	-0.0307938	-0.0181322	0.00032877667684000003	0.0009482581184400001	0.184684	0.05269399999999999	0.034108179855999995	0.002776657635999999	0.00176247	0.00033464	1.1198392959999997e-07	3.106300500899999e-06	0.0008628219999999999	-0.00023316800000000015	7.444618036839997e-07	5.4367316224000074e-08	-8.606169999999997e-05	1.4125300000000039e-05	7.406616206889994e-09	1.9952410009000112e-10	0.0	0.0
8517.765684461407	-5.8981722038934095	72552332.25538829	34.78843534678084	10430.236201259051	-3.4701300810047537	12.04180277909406	108789827.21405484	6252.155808868492	-3.789925250861416	39089452.25836803	14.363533407116964	6298.730001061045	10000.13307257843	1.0114820000000002	37.528435	0.07682864499999999	0.0420001	0.0201662496	0.11629557789999999	0.0290131903	0.0845998909	-0.0456135645	0.045330826	-0.0359850028	0.0534329438	0.10957190369999999	0.0064220756	-0.043946230999999995	-0.0531567265	-0.0533039788	0.0180541202	0.0382583061	-0.0833160904	-0.1008846569	-0.054257393499999994	0.030432118199999997	0.027868896	-0.13050142609999998	0.0727010165	-0.0709807126	-0.0574181902	0.11882857449999999	0.0772150571	-0.0388189763	0.138387354	0.0088837189	0.0903206078	0.037597427200000005	-0.0105741352	0.09824311349999999	-0.0500292859	-0.1191243705	0.0334817427	0.0293121647	-0.0546868432	0.0198677801	-0.1593652939	-0.010752038500000002	-0.0674568114	0.057785507	0.0397754648	-0.06790639650000001	0.0444379537	-0.0301785142	-0.1215611808	0.0467738949	-0.0081496185	0.0257956568	0.0305982324	0.0246873369	-0.057692384299999996	0.043772026	-0.0439581742	-0.0041050028	0.1279288569	-0.0649712576	-0.0381232848	-0.0479165404	-0.0510619301	0.0089340224	0.0246752012	0.026176054100000002	0.0651041492	-0.0263458768	0.0160320575	-0.0796396748	-0.07104673269999999	-0.0950703302	0.1206124769	0.0699264666	0.0435490167	-0.0310074825	-0.1117572276	0.0689870467	0.047913403	-0.035661714	0.0045573511	0.0139176401	-0.08102698	0.0295096046	-0.043757552699999994	0.0030508027000000003	-0.1263093788	0.1022401229	-0.0347394289	-0.0810245568	-0.09320372140000001	0.0570963325	-0.1262660558	-0.0328325649	-0.0654752266	-0.1040166651	0.0164355079	0.0753223007	-0.022991932000000003	0.0831914067	-0.0534488629	-0.048794711	0.0117580032	0.1356371217	-0.022056992200000004	0.08552200089999999	0.0340896449	-0.0247717913	0.11229520050000001	0.0028451064	0.0282765576	-0.12270396310000001	-0.0221772239	0.0082279439	0.012052526200000002	0.06941743410000001	-0.0043948940999999995	-0.17788250120000001	0.0604914335	0.12415423310000001	0.0158665423	-0.0222197855	-0.0020748488	0.014463162	-0.041353847799999996	0.0208091923	-0.048291355099999995	-0.0103604958	-0.0003547836	0.019781746399999998	-0.0399221739	0.012049757	-0.0952958652	0.0209378877	-0.0078467681	0.0096222585	-0.0437243194	-0.045703340300000006	-0.0095000296	0.0202216705	-0.1202694191	-0.0948688541	0.013502120900000001	0.0750780739	0.0163788697	0.1060213394	-0.0474854446	-0.0737857025	-0.0053805902	-0.0474277105	-0.1604965006	0.0734674386	0.1010596071	-0.0697105043	-0.0113629766	-0.0359287479	-0.0377030581	-0.0846465683	0.0247014997	-0.11009915769999999	-0.11287586470000001	-0.0555248782	0.1357216115	-0.1065399409	0.0228270938	0.0837612886	-0.1284420416	0.0046129935999999995	-0.1071443369	0.037377897	-0.0020155461	0.04237727769999999	-0.0573689539	0.0624304864	0.09223572320000001	-0.0878851031	0.0439713523	-0.0671666331	-0.100627535	0.008868539999999998	0.0002780599999999984	7.865100173159996e-05	7.731736359999911e-08	-0.00178948	0.02900432	0.0008412505786624	3.2022386704e-06	0.15668399999999996	-0.028000000000000025	0.024549875855999992	0.0007840000000000014	0.00161065	-0.00015182	2.30493124e-08	2.5941934225e-06	0.00103631	0.00017348800000000007	1.0739384161e-06	3.0098086144000025e-08	-0.000151679	-6.561730000000003e-05	2.3006519041e-08	4.305630059290004e-09	0.0	0.0
8543.270323972336	25.504639510929337	72987467.82846639	650.4866365824579	10445.352972879888	15.116771620836515	228.51678423652828	109105398.72805072	6241.1818015570825	-10.974007311409876	38952350.28008731	120.42883647087746	6290.319105149742	10075.157026251347	1.048704	38.909439	0.13385933	0.0659705	0.014238254799999999	0.07949764320000001	0.0872499692	-0.0087028957	0.05840177980000001	0.0651153554	-0.0344985027	0.0294098214	-0.037061894399999996	-0.0678816794	0.0435282565	-0.06378858150000001	0.0899234124	-0.024632798799999998	0.09937959460000001	-0.0286071799	-0.1280917643	0.0442498938	-0.0448642199	-0.0492585029	0.0687924771	0.05427878690000002	0.0141060402	0.0318265894	-0.0395033731	0.0725219908	0.0059253302	0.098782954	-0.1052292788	-0.0288549458	-0.1214086463	0.073534883	0.0825806851	0.0496175622	-0.00019971709999999998	-0.0513336225	-0.057110841600000004	0.0569297414	0.0287275954	-0.057217640199999996	-0.0611883663	-0.034933778799999995	0.030091722400000007	-0.0637262695	0.0601988329	0.0083475715	0.0226263308	-0.0530697406	-0.0048773882	-0.0122567586	-0.0924235876	0.027500026099999998	0.0003758392	-0.0186378084	-0.0478563523	0.017137551	0.11170923890000001	0.047897921100000004	0.10118762939999999	0.0722151606	-0.0521843672	0.08807744349999999	0.1198095976	0.023943236200000002	0.0418675451	-0.08993256960000001	-0.0583095182	0.0130838729	-0.07912442410000001	-0.0085729671	0.0989236219	-0.063654498	0.0621274202	0.0203646822	-0.0025865706	0.030844704	-0.07488116019999999	0.0640656341	0.035598765899999996	-0.1209935029	0.0838297912	-0.1841708664	0.0875986242	0.0673786754	0.0948007914	-0.09395863869999999	-0.017477724	-0.026170752400000004	0.08706449960000001	0.015797749	-0.047546114800000004	0.0197786078	-0.0445219993	-0.0059862142	0.05635824900000001	0.0420882962	0.145543877	-0.1308708574	-0.0682021771	-0.1028426537	-0.0713937788	0.019837894499999998	0.1031260233	0.0159376319	-0.09226346630000001	0.1209993624	0.0726887891	0.0350120684	-0.1041465358	0.0460816053	0.0148510864	-0.0656982824	-0.060978668300000004	0.0023092973	-0.0373758119	0.0361648569	-0.012617307900000001	0.014476360700000001	0.0307379663	-0.0808076609	0.07486894969999999	0.0194846671	-0.0205450092	-0.0355908244	-0.0541431508	-0.0286622693	-0.0130490733	-0.0345262449	0.0525527463	-0.0737130352	-0.1599491734	0.0163509912	-0.1162539676	0.0767344926	0.1840876837	0.0578822708	-0.037322506	0.0003566026	0.040755883199999995	0.0148036166	0.012084131699999999	-0.056699998099999996	0.0822042318	-0.0305646407	0.0040022739000000005	-0.0072547731	0.050086951399999996	-0.0725835309	0.0601494077	0.0690514057	-0.0061264499	0.0188055297	-0.0313101733	0.021322859700000002	-0.08806109699999999	0.0401163457	0.032464504	0.1081285689	0.046410827599999996	-0.0598408023	-0.0783922774	0.0800044177	0.09013627369999999	-0.1785215541	-0.0106317024	-0.043042566100000006	0.0293234027	-0.09300662189999999	0.0598955067	0.0162886674	-0.023095576099999997	0.014807045100000001	0.0390383497	0.0603372916	0.0862987101	0.0423510136	-0.0698498331	-0.0990993443	0.00399433	-0.004874209999999998	1.5954672148899998e-05	2.3757923124099974e-05	-0.0308152	-0.02902572	0.0008424924215183999	0.0009495765510399998	0.205144	0.04846000000000003	0.042084060736	0.002348371600000003	0.00188293	0.0002722800000000002	7.41363984000001e-08	3.5454253849000006e-06	0.000430281	-0.0006060289999999999	1.85141738961e-07	3.672711488409999e-07	0.0	0.000151679	0.0	2.3006519041e-08	0.0	0.0
8573.964957031594	30.694633059258194	73512875.08440578	942.1604986425059	10464.152594432242	18.79962155235444	353.4257705117495	109498489.51956302	6243.650673958188	2.4688724011057275	38983173.73841854	6.095330932941559	6289.670046506386	10251.57497404806	0.995982	36.953327	0.04669772	0.0258177	0.0298136802	0.0424876321	0.0679564423	0.083854069	0.0907823844	0.0052512139	-0.030113615899999998	0.0411065156	0.025870978	-0.058069587400000004	-0.06791323860000001	-0.054467742300000004	0.091181434	0.0303767065	0.0630684157	-0.0017830379999999996	-0.12199665119999999	0.0074536690000000004	0.010825041	-0.028417010899999998	0.0869892826	0.1065929958	-0.0108375794	0.0466086542	0.042505813600000004	0.08694066240000001	0.0306715462	0.1494624215	0.1197236639	0.0791980833	-0.0470721614	0.0839167901	0.04836092980000002	0.0087739323	0.022489225800000002	-0.11879718859999999	0.08849776320000001	-0.0256471761	-0.11125449529999999	-0.0736136369	-0.0658157594	-0.084179561	0.0038162356	-0.010842341100000001	-0.0748373786	0.0776993623	-0.07459766179999999	0.053755882000000005	-0.1798259496	-0.1473803796	-0.0607986608	0.0703622018	0.0273750075	-0.0007116197	-0.0485396499	-0.1160977277	-0.0416201899	0.0965370341	-0.1518528156	0.00044271349999999997	-0.0164768283	0.0414356901	-0.09002551730000001	-0.09740836259999999	-0.09721296019999999	-0.038986378599999996	0.08663516560000001	-0.0262905192	0.06836144200000001	0.10483670980000001	-0.11745890070000001	-0.0119025005	-0.024066963900000002	0.013161062900000001	-0.0029582569	-0.0023988254	-0.09257562949999999	-0.0155226017	-0.0038239821999999997	-0.0972036669	0.0180229546	0.064163759	-0.0128973557	0.08456072939999999	-0.0194486351	-0.0189998727	0.0317751406	0.0198922399	0.083315137	0.0839700437	0.031200474	0.1041953666	0.0385699151	-0.09385220699999999	-0.0180648528	0.0316493418	0.0506105707	0.049878387999999996	-0.0715247091	0.0180675321	-0.0147698819	0.0626589008	0.0914466283	-0.07381379980000001	0.1059400488	0.1053136172	0.0428503217	-0.0129076799	-0.0269826717	0.161755925	0.0545028192	-0.0774672105	0.08631710849999999	0.039166401600000005	0.0849597917	0.0798348698	-0.0289262622	0.0942255742	0.0222772787	-0.0622655348	0.006382726700000001	-0.22855420850000002	-0.0974806961	0.0422119951	-0.1031921491	-0.0552633185	-0.0746166662	-0.072269524	-0.03514733	-0.052412985	0.0458532441	0.0193994669	0.1174114577	-0.0203104487	-0.001096861	-0.0922200033	-0.1227842725	0.0561224707	-0.10336810630000001	0.0086753504	0.1222028501	0.0302513618	-0.1290700082	0.0797666225	0.034431798300000004	-0.028343944399999998	0.0132658777	0.0299428892	-0.0196048875	-0.0532262825	0.0751263825	-0.0523218882	-0.0968495977	0.014578581699999999	-0.09364913820000001	0.05560462	0.0546700504	0.038063451400000003	0.0575930576	-0.0395409026	-0.011018373799999998	-0.09406213640000001	-0.0104981706	0.024336115699999997	-0.0228814081	0.05197426769999999	-0.0008906353999999998	0.1509842329	0.08817818949999999	0.0164518218	-0.0061159125	-0.0065033348	0.0243801854	0.0254230446	0.0518894712	0.0407183291	-0.0724515914	-0.09731120800000001	0.0105615	0.00656717	0.00011154528225	4.31277218089e-05	-0.007568499999999999	0.023246700000000002	0.0005404090608899999	5.7282192249999975e-05	0.200078	-0.005065999999999986	0.040031206084	2.566435599999987e-05	0.00182729	-5.564000000000002e-05	3.0958096000000035e-09	3.3389887441e-06	0.000492028	6.174700000000007e-05	2.42091552784e-07	3.812692009000009e-09	-0.00011897	-0.00011897	1.41538609e-08	1.41538609e-08	0.0	0.0
8594.375432442495	20.4104754109012	73863289.07377113	416.58750649900253	10478.125983855323	13.973389423081244	195.2556119690788	109791124.13354409	6260.6144966406955	16.96382268250727	39195293.87554763	287.7712800035482	6303.719736029745	10492.029812574989	1.033548	38.347118	0.08862644999999998	0.0584222	0.016427073799999997	-0.0553028298	0.0640265991	0.2094891849	0.0971676559	0.0012407003999999999	-0.0077787034999999985	0.0797469976	0.0295076461	-0.0400262192	-0.1565197284	0.036489683599999996	0.2012479448	-0.0112345724	0.0016883434	-0.008279584	-0.0758872023	-0.0188181057	-0.0627136403	-0.06194983110000001	-0.0402232264	0.0005659667	0.0180663571	0.054395986900000005	-0.1026931289	0.026267758399999997	-0.0098527274	0.028485439799999998	-0.0509503228	0.0804961959	0.0976917555	-0.058752056500000004	0.071224606	0.0566474909	-0.0290349203	0.0021845516	0.143161752	0.0093387606	-0.023568956800000002	0.032225270800000004	-0.012771182800000001	-0.0033849479	0.11782891849999999	0.0314333983	0.0932045915	-0.06559183360000001	-0.0460807966	-0.016729857	0.0443477778	-0.12197716199999999	-0.087710304	-0.0051838675	0.1273904709	0.0503136708	-0.1088687117	0.08417502380000001	-0.07776676860000001	0.0101303735	-0.0605470165	-0.1530428679	-0.1130423148	0.1143977952	0.055694268600000006	-0.01958534	-0.048535814299999994	-0.056153879500000003	0.0492348542	0.1081693019	-0.0582335115	0.0085998641	0.024345891499999998	0.0444032971	-0.2055119721	-0.0578370851	0.0005741422	0.0673107341	-0.0371575352	0.022928638900000003	0.0098241783	-0.0923221484	-0.0677391048	0.0552588741	0.05414557440000002	0.0480755209	-0.08975426380000001	0.0527814063	0.025337430499999997	0.0031336461	0.0779305525	0.0283043848	0.0024375433	0.0531091025	-0.0374422619	-0.07935485980000001	0.048735418200000005	0.0586481216	-0.0911426966	0.1093920121	0.0018834877	-0.18248808239999997	0.0155797082	0.0391744167	0.06612658219999999	0.05678744	0.049985892999999997	-0.0672421242	-0.0745698258	0.061393415599999994	-0.1627712433	0.0250844024	-0.0038811721	0.0463730129	0.07430559839999999	0.0647888777	-0.0022537013	0.0403916198	-0.10272235269999999	-0.0456038761	-0.0185148016	-0.0076282629	0.10873349460000001	-0.05546367519999999	-0.11964803480000001	0.0203909757	0.0491580821	0.0369543222	0.057869591799999995	-0.0831298446	0.0161684545	0.028855571099999998	-0.0475902831	0.1072970737	-0.0418615137	0.0082680312	-0.0510538592	-0.043431369500000004	0.0008748714999999999	0.1441689081	-0.0903868015	-0.1241306655	-0.0356924345	-0.034331423300000004	-0.0124625717	0.0108650707	-0.0658339552	-0.12137345769999999	0.14820492	0.08063221429999999	0.0486113396	-0.0423645074	0.0337184928	-0.031066410299999996	0.0940194414	0.10008091449999999	-0.0364505583	0.0460422479	0.0024825078	0.08673314130000001	0.1211082148	-0.0033856714	0.0487304575	-0.06322651480000001	0.015749829099999998	0.0735792585	-0.0300557823	-0.0879767745	-0.1273767007	0.1252124683	-0.029686689500000002	0.0035451204	-0.0071568811	-0.0069269751	-0.05887523030000001	0.0087161476	0.1781218646	0.039073774900000004	-0.0749688743	-0.0952678165	0.0149157	0.004354200000000001	0.00022247810649000005	1.8959057640000008e-05	-0.0019468	0.0056216999999999994	3.1603510889999985e-05	3.7900302400000006e-06	0.14434	-0.05573800000000001	0.020834035600000002	0.0031067246440000013	0.00184201	1.4719999999999966e-05	2.1667839999999902e-10	3.3930008401000007e-06	0.0008025639999999998	0.0003105359999999997	6.441089740959996e-07	9.643260729599982e-08	-0.000251965	-0.000132995	6.3486361225e-08	1.7687670025000002e-08	0.0	0.0
8582.427807169493	-11.947625273001904	73658067.06527616	142.74574966407386	10486.692486466065	8.566502610741736	73.38496697984498	109970719.30570382	6261.876218622451	1.261721981755727	39211093.77734941	1.5919423592455992	6307.4450393473035	10568.443316056108	1.051771	39.023232	0.09330175	0.0578875	-0.050180600199999995	-0.1457518168	0.042977796299999996	0.22261328219999998	0.0495244745	-0.0173354594	0.022293107000000003	0.10159293230000001	-0.0218288392	0.0391068078	-0.19218824829999998	0.1134738264	0.09459158279999999	-0.0116699886	-0.0373592021	0.0021386621	-0.042188194500000005	-0.0325781393	0.0394555471	-0.012552964599999999	0.0391145773	-0.0333910675	0.11933106619999999	0.0438961872	-0.194978195	0.0382740207	-0.0253568614	-0.0669658595	-0.021482837400000003	0.1521539684	0.131512224	-0.0218850879	0.0377863317	0.0689855196	-0.0321771732	-0.1286997379	-0.13476519609999998	-0.0190108177	-0.0162902911	0.0477626293	0.0651594683	0.0085267002	0.0120847042	-0.015472900500000001	-0.096854121	0.0580610097	-0.049041019299999995	0.1002821281	0.0041056356	0.026983855499999997	0.0926747967	-0.1478897651	0.0184561848	0.005917062900000001	0.0113104398	-0.0761324729	0.09630620109999999	0.022840012599999997	-0.0294922836	0.07374747179999999	-0.028875103	-0.0726131684	0.0348524989	-0.045795537000000004	0.032163187200000005	-0.07268227969999999	0.0024460532	0.2016090094	0.06437527929999999	0.0090979514	-0.0035707825	-0.0871865381	-0.10817575480000001	-0.11162557039999996	0.0223541291	0.0395043161	0.1014951462	0.09137557439999999	0.0287082144	-0.0958548255	-0.0208988931	0.0753201346	-0.0183564258	0.0101287286	-0.0461980624	0.0528829715	0.14371879999999998	0.0026367559	-0.0532024399	0.09447582759999999	0.0220104992	0.0187775674	-0.0597848209	0.0308529833	0.1226764318	-0.1229540653	-0.0880018335	-0.09308610029999999	0.1805134461	0.1188708127	-0.023115506	0.0051829173	-0.0180589032	0.1368194962	0.1051346097	-0.0478404165	-0.132038193	0.040785710600000004	-0.060850903399999996	-0.021458104	0.0127627952	-0.0856847	-0.035029428700000004	0.11138158109999999	-0.0338778242	-0.0047262101	0.040218401099999995	0.0964756031	-0.0637238328	-0.0647713072	-0.0146118915	-0.08459046710000001	0.0828688838	-0.023056481299999997	0.008146339300000001	0.1380356922	0.0132789527	0.1508332543	-0.0281688809	-0.0966929422	0.0494023394	-0.0264010394	0.1056746489	-0.0005845707	0.0737066494	0.0024856804000000002	0.09825168640000001	0.055029726699999996	0.025122889300000003	0.0668894977	0.056442152999999995	0.0324845454	0.0436755479	0.0686714666	-0.1496033742	-0.0363907059	-0.006500956600000001	-0.0900253307	0.0936698451	-0.0264058251	0.054567365599999994	-0.0341772315	0.0816227709	0.0188606593	0.0564300871	0.0903458639	-0.1344160114	-0.046056962800000004	-0.07695064509999999	0.027155563799999997	0.0026258689000000003	0.0392987752	0.1483454077	0.19136614030000001	-0.1003102797	-0.019784480400000002	-0.0497973149	-0.026046512200000004	-0.0101260994	0.1678074356	-0.10127367779999999	0.016080323400000002	0.0168007815	0.0157671758	-0.0442417792	0.0374178302	-0.07739874690000001	-0.0929745299	0.014397299999999997	-0.0005184000000000022	0.00020728224729	2.687385600000023e-07	-0.00917125	-0.00722445	5.21926778025e-05	8.411182656250001e-05	0.093664	-0.050676	0.008772944896	0.002568056976	0.00134602	-0.00049599	2.4600608009999995e-07	1.8117698404e-06	0.000964603	0.00016203900000000032	9.30458947609e-07	2.6256637521000104e-08	-0.000291594	-3.962900000000001e-05	8.5027060836e-08	1.5704576410000008e-09	0.0	0.0
8556.599212843768	-25.82859432572513	73215390.0892386	667.1162848428806	10502.38626120815	15.693774742085225	246.29456565531217	110300117.17961372	6258.964252687926	-2.9119659345251425	39174633.51642533	8.479545603834884	6306.725262841643	10343.57598838641	1.106899	41.068615	0.110495	0.0553684	-0.053967768799999996	-0.12478862369999999	0.0401164162	0.0457694796	0.0160514317	-0.0486101434	0.0321698974	0.0993672391	-0.0762311113	0.014222933200000001	-0.0038326252	0.0905575767	-0.0080774395	-0.0660581287	0.0837903931	0.044459302400000004	0.09467702160000001	0.0893503224	0.0222256768	0.0863896851	0.0600406229	0.0713961318	0.08271240519999999	-0.0155928998	-0.07386840089999999	0.0149531766	-0.0024165478	-0.13335675630000002	-0.0746467834	0.021306341200000002	-0.025236049500000003	-0.0041148361	-0.0374010823	0.0010122939	-0.0681144874	-0.10173916640000001	-0.1514947765	-0.1504217911	-0.14981956189999998	-0.09582019119999999	-0.1161496248	-0.0330351407	0.0872072299	-0.08236300690000001	-0.0797120904	-0.0426791928	0.025570082	-0.07620620480000001	0.006235914499999999	-0.0019943613	-0.0552713387	-0.0272002465	-0.0224381637	-0.1036404177	-0.0233974538	0.0171630257	0.037236842799999996	-0.0540281155	-0.0374485112	-0.0528644659	-0.0233170185	0.09655413449999999	0.11654012400000001	-0.0278534016	0.1262956143	-0.09332667019999999	-0.09314804609999999	0.0761029192	-0.031977682400000006	-0.0215503135	0.035765342	0.0035831316999999996	0.026223327299999998	0.0302483246	0.0842694414	-0.1037074432	-0.0907983499	-0.0410369754	-0.0746457695	-0.049119729	0.0630682922	0.0328981283	-0.08193174980000001	-0.0638830126	-0.026031031099999997	-0.0987972828	-0.0490927387	-0.0341759893	0.0003653629	-0.10466878060000001	-0.0023000559	-0.0644254491	-0.0878645686	-0.033056647599999996	0.1554261153	-0.09890210470000001	0.039708753199999995	0.11710498009999999	-0.0335368037	-0.0769269924	0.05415856559999999	0.0054560257	-0.0672436188	0.1353188511	-0.032371232	-0.0556031001	0.0318561376	0.0045809805	0.047052572300000005	0.0024197414	0.0311532942	-0.120088195	-0.1183963794	0.11728014029999999	0.1664708969	0.0726507835	-0.0309903167	0.1443642647	-0.0199601725	-0.1285960517	-0.0007558403	0.0839566389	0.072618659	0.0450029054	-0.024091069399999998	-0.08153890379999999	-0.0144563026	-0.0022672320999999997	0.028827785	0.0028022599	-0.0203059102	-0.0333127385	-0.0413825326	0.006382260799999999	0.0008130126	0.1205134857	-0.0505847829	0.0675192807	-0.0409295357	-0.0259915831	-0.0847683326	-0.15176126550000002	0.0393653638	0.0326744744	-0.0992648186	0.0841033118	0.08943269109999999	0.1067323743	0.0630138645	0.0139390204	-0.024261645800000002	0.005158869	-0.0801217067	-0.10515706710000004	-0.0705775973	0.0720984304	-0.0858101679	0.0006520569	-0.029386184	-0.059860238499999996	0.0508087886	0.0030688172	0.0096545865	-0.0779655848	0.0190428077	-0.0383502238	-0.0189348746	-0.0942409515	-0.11090210199999999	0.02716006	-0.1840782791	0.054340964000000005	-0.0654937254	-0.0206945052	6.935430000000001e-05	0.0357509779	-0.079738376	-0.0904373636	0.0090975	-0.0052997999999999995	8.276450624999999e-05	2.8087880039999987e-05	-0.0307411	-0.02156985	0.0004652584290225001	0.0009450152292100002	0.137654	0.043989999999999994	0.018948623716	0.0019351201	0.00173915	0.00039313	1.545511969e-07	3.0246427225e-06	0.0006617719999999999	-0.0003028310000000001	4.379421799839999e-07	9.170661456100008e-08	-0.000194848	9.6746e-05	3.7965743104e-08	9.359788516000002e-09	0.0	0.0
8550.59799973193	-6.001213111838298	73112726.15301968	36.01455881369989	10504.889787997465	2.503526789314492	6.267646384815327	110352709.45797342	6268.667281867995	9.70302918006928	39296189.49076228	94.14877526927592	6317.707907807645	10138.965503441801	1.1582150000000002	42.972572	0.17938941	0.0921469	0.0482607759	-0.064692798	0.0551463392	-0.0804657841	0.0797600772	-0.0555368008	0.011670786	0.0382412917	-0.0816522309	-0.11328557730000001	-0.039422210299999996	0.0228099533	0.0331854756	-0.058111694400000004	0.0470576063	-0.0295475171	0.0806036847	0.17998530829999998	-0.065162836	0.0660973416	-0.0648211174	0.013702823000000001	0.112822086	0.02192341	0.0587662879	-0.0149868565	0.0605932275	-0.09747970710000001	-0.1665266526	-0.0672196326	0.0189769664	0.06071049570000001	0.0663048323	-0.0024432021	0.0196797069	-0.0570565564	-0.0202720646	-0.1356217298	-0.0300880636	0.0567375134	0.053454455899999996	-0.0184215081	0.1360251633	0.0603587376	0.0552831326	-0.060310245400000004	0.0626655265	-0.0681593095	0.0199959339	-0.042195118200000006	-0.0576473031	0.067116566	-0.0043466879	-0.1151640716	0.0365102778	0.1039348054	-0.0577312896	-0.0031917679999999998	-0.1869636233	-0.0103685607	-0.0039748304	-0.13241371529999998	0.0200766444	-0.0764910983	-0.1600185777	0.0368493529	-0.0955607044	0.1138538714	-0.051342215999999996	-0.0526597446	-0.0401368618	0.0097176054	0.0028837377	-0.0425631708	-0.0070347853000000005	0.0252170909	-0.0278871767	0.0799769697	-0.0204259969	0.047014745999999996	-0.0841049665	-0.0038304346999999996	0.18342883780000002	-0.1702093164	-0.025280652200000003	0.0248214378	0.0942866032	-0.0123162032	-0.0740051734	0.0807703987	-0.1484571194	0.057859126799999994	0.13539852900000002	0.0237261446	-0.013150972	-0.0627392133	0.010264801	0.087825555	-0.0463342518	0.045542124	-0.08666148609999999	0.0379902791	-0.05770325730000001	0.0926715297	-0.1732357535	0.0453204889	-0.0642555576	0.045149985	-0.012450201000000001	-0.0388088835	0.052808647	0.0045230958	-0.0016067079999999999	0.12503150970000002	0.0790869371	-0.0704439606	-0.056432282800000004	-0.0161799191	-0.0574944206	0.0101086843	0.132825144	0.0870756099	-0.0786448618	0.0244842093	-0.0014324025	-0.0567774341	-0.0832682821	-0.0410831621	0.0693933816	0.0212982442	-0.030597159300000006	-0.0464515095	0.0702881351	-0.0283743146	-0.10700195539999999	-0.0785780274	0.14683683919999999	0.0635247996	-0.0034721253000000005	-0.1031298281	0.0876301652	-0.10751691279999999	0.11596820109999999	0.1582580725	0.1207600741	0.0235187062	0.0258572338	0.0227240189	0.06004497070000001	0.0093261434	0.11116522849999999	-0.0135319768	0.024557414	0.0535122165	-0.0059435329	-0.1542804252	-0.0763789506	0.0767209488	0.016160518000000002	0.0247353546	-0.059231218499999995	0.0206328674	-0.0343144435	0.059466567699999986	-0.1464396363	0.0379746169	-0.0608048364	0.0809669286	-0.1169312003	-0.0505398732	-0.08188541469999999	-0.0244474693	0.070931564	-0.1582461566	-0.0938061896	0.0340737038	-0.0819850338	-0.0876629727	-0.0014932	-0.010590700000000002	2.22964624e-06	0.00011216292649	-0.045472000000000005	-0.014730900000000003	0.00021699941481000012	0.0020677027840000006	0.210483	0.07282899999999999	0.044303093289	0.005304063241000001	0.00254247	0.0008033199999999997	6.453230223999995e-07	6.464153700899999e-06	-2.49308e-05	-0.0006867027999999999	6.215447886399998e-10	4.7156073552783995e-07	-6.00946e-05	0.0001347534	3.61136094916e-09	1.8158478811559998e-08	0.0	0.0
8575.519532749726	24.92153301779581	73539535.25657208	621.0828079570867	10527.477941836476	22.588153839011284	510.22469385484015	110827791.81585357	6270.852489377287	2.185207509292013	39323590.94352932	4.775131858666204	6318.7882856917	10245.247050113758	0.99645	36.970703	0.08279733700000001	0.050239	0.0912420805	-0.0509879543	0.0584499245	-0.0226227789	0.116706567	-0.0393367134	0.0249968939	0.023777865699999998	-0.0425625683	-0.1361589126	-0.1775491688	0.014123102	0.10960604	-0.0435268426	0.0569305351	-0.039999191499999996	0.0701242297	0.0783864286	-0.0564391747	0.0061481290000000004	-0.1314911999	0.0839747092	0.0266644122	-0.014778135100000001	0.0233517025	-0.1368206494	0.0673971063	-0.0301949986	-0.0798663378	0.0085508485	0.0952680974	-0.0024092932	0.1297689557	0.0328255218	0.036120766299999996	-0.0367895344	0.0085523265	-0.040112653399999997	0.0012914504	0.090460314	0.0088108344	0.0365338209	0.077860285	0.028182043599999998	0.047086053899999994	0.045404371900000004	-0.022920797200000002	-0.0387809617	0.0241130706	0.0739928243	0.1002351445	-0.0216657325	-0.0703873201	-0.0442285313	-0.048677483099999995	0.0780709746	0.074049814	0.0119168984	0.0055606416	0.013104421299999999	-0.0207816928	-0.0974762889	0.047654281	-0.0405738398	-0.0616126441	0.07189703830000001	-0.0028121985	0.0621615063	0.09147208789999996	0.08096541139999999	-0.0888082699	0.0342700512	0.0706093486	0.0926784915	0.0018537521	-0.1342948014	-0.0432152383	-0.1458732434	-0.0351136562	-0.0612646505	0.11501168939999999	-0.040543720299999995	0.19097201390000001	0.0385999634	-0.0118130477	0.1146815149	-0.0578458522	0.08956300560000001	-0.0076683424	-0.112483868	-0.0809251636	0.0289584079	0.0682382644	-0.0114424488	0.0499709062	0.1301046332	0.028827924100000006	-0.0311035136	0.1667427665	-0.0072764684	0.1352377635	0.0564925605	-0.0458891771	0.0655412742	-0.046217502	0.0538637474	-0.1230948848	0.1048015214	-0.0647538318	-0.0614774562	0.06806105259999999	0.0322603641	0.02502534	0.09806071960000001	-0.0264680885	0.015966645800000002	-0.0175691879	-0.0197742285	-0.0173463284	0.059269012999999995	-0.014930001699999999	0.08762377310000001	-0.042918285199999996	-0.0786299914	0.045951488	0.0511735269	-0.0690542445	0.0636480262	0.0124096772	-0.0847790227	-0.0013246125	-0.0396710673	-0.0281419421	-0.0114135386	0.0058497628	-0.07494733860000001	0.056098700599999995	-0.0081437198	-0.1268216643	-0.0135006501	0.0590978972	0.0985998289	0.0412997893	0.0563403013	-0.0348684673	0.1596880093	-0.1036052807	0.0809047066	-0.0286821009	0.0084009716	-0.0392605728	-0.0272917522	-0.08228882280000001	-0.1130706488	0.0495953134	-0.11782971310000001	0.0811286038	0.2347368789	0.0186045105	-0.0062755007	-0.056457872	0.0473914243	-0.08930413720000001	0.0169568822	-0.0539869213	-0.0784494783	0.0434338448	0.0875952998	0.1060268433	-0.0658590225	0.014693144699999999	0.11643570710000001	0.0744610626	0.1304309041	0.0229309223	0.032386496800000004	-0.0841361006	-0.0846586349	-0.00387039	-0.00237719	1.49799187521e-05	5.6510322961e-06	1.6477e-05	0.045488477000000006	0.0020692015397795298	2.714915290000001e-10	0.194181	-0.01630200000000001	0.037706260761000004	0.00026575520400000033	0.00235763	-0.00018483999999999992	3.416582559999997e-08	5.558419216899998e-06	-2.49308e-05	0.0	6.215447886399998e-10	0.0	-0.000247848	-0.0001877534	6.1428631104e-08	3.525133921156e-08	0.0	0.0
8571.758472091627	-3.761060658098359	73475043.3038746	14.14557727389526	10558.819923492676	31.341981656200005	982.3198141375776	111488678.17674588	6265.917261477874	-4.935227899413802	39261719.12768637	24.35647441915238	6316.580111189114	10418.736990652053	1.028776	38.170082	0.085841203	0.041399	0.0776218779	-0.1043168456	-0.022309019700000002	0.0465594893	0.10599862289999999	-0.09408398300000001	0.127109358	-0.0064790961	-0.014625659499999999	-0.0678958927	-0.2135770425	0.0681969885	-0.0451884113	-0.058554326500000003	0.0338296318	0.0961402384	-0.0682399025	0.0055417668	-0.0893961957	0.0347393411	0.0242682953	0.044655510700000005	0.0704768189	-0.0293863423	-0.048717383200000006	-0.0777658934	0.0568530021	-0.1125855582	0.025870153700000002	0.0025491714	0.11662825539999999	-0.0588147923	0.1168923236	-0.0327238663	0.0118804525	0.1780565482	-0.033114351	-0.0704619828	0.0484029639	-0.0233213701	0.021546407400000002	0.0069940818	0.0507375825	0.0313914095	-0.10307780949999999	-0.044529352300000005	0.043741432999999996	0.017509026299999998	0.0451346495	-0.0461700645	0.0576348706	-0.0758589329	0.0682065986	-0.029693785299999997	0.009550794	-0.0145858002	-0.0744985319	-0.0140575676	-0.011828957	0.0345031592	-0.17869304149999998	-0.0246549489	0.054263599	-0.08584047460000001	-0.0191800541	-0.0735879277	0.0108178294	0.0502775	0.1695217523	0.0691269015	0.08785918960000001	-0.18061307899999998	-0.0479654895	0.1340359308	0.09955485369999999	0.0125581405	-0.09239187160000001	-0.0025191915	-0.1105993718	0.0437080063	0.0115504109	-0.1218080931	-0.057184880999999986	0.0443479742	0.0466591566	-0.1191375189	0.0863558301	0.0863313797	-0.08440376720000001	-0.0351769063	-0.024076535299999997	-0.0773501619	-0.014032124699999999	-0.0261998104	-0.0061703671	0.025601963399999997	-0.0802510917	-0.0105658766	-0.023257927799999998	0.1491186919	0.0415952032	0.013655261100000001	-0.1344805865	0.0375421117	0.017690688899999998	0.0382839331	-0.1328502995	0.11789718199999999	-0.0006302586	-0.11992209599999999	-0.0857513963	0.1346725746	0.005300793000000001	-0.0057105542000000006	0.0188701895	0.0609414374	-0.1293928402	0.055460851	-0.023132141499999998	-0.0403654986	0.029802189399999998	-0.0357289058	0.07960782570000001	0.0178874028	0.0662781904	0.0749026772	0.0869125108	-0.0135652062	-0.048114369000000004	0.00048413629999999997	0.0902095148	0.0556643014	0.0494381997	0.0196071827	0.0428869812	-0.0422006699	0.11122562779999999	0.0498366243	-0.08377194589999999	0.0744028065	0.1159526375	-0.0920897899	0.038631436899999996	0.0079347203	-0.053374921500000005	0.1705116459	0.0705287984	-0.019873774599999998	-0.0289588816	0.0752696908	0.0370181355	0.1045488199	-0.0200714507	0.0162594107	-0.270072647	-0.013851266299999998	0.0922451835	-0.0743043435	-0.0150291456	-0.08727381710000001	0.0843003968	0.094362374	0.0380860408	-0.0042453988	0.0591717853	-0.021042246	0.044101575	-0.0088723426	-0.0358321094	0.0132293465	0.0834614692	0.1450127343	0.0311795893	-0.0138664135	-0.1309888072	0.0306898489	-0.0861890685	-0.0814322305	-0.0012219000000000002	0.00264849	1.4930396100000005e-06	7.0144992800999984e-06	0.0162659	0.016249423	0.000264043747832929	0.00026457950281	0.167959	-0.026221999999999995	0.028210225681	0.0006875932839999997	0.00226096	-9.667000000000009e-05	9.345088900000017e-09	5.1119401216e-06	0.000467723	0.0004926538000000001	2.18764804729e-07	2.4270776665444013e-07	-0.00047295	-0.000225102	2.236817025e-07	5.067091040399999e-08	0.0	0.0
8536.381178060254	-35.37729403137382	72869803.61714137	1251.5529329822778	10549.546911892381	-9.273011600294922	85.9887441392042	111292940.04621808	6258.882306049978	-7.034955427895511	39173607.720985495	49.49059787247651	6310.06658428104	10363.575008589267	1.116295	41.417225	0.07535093999999998	0.0366166	0.013708011200000002	-0.0008986847999999998	-0.1041966127	0.0770228464	0.0819014641	0.037710478799999995	0.1477706074	-0.006705410699999999	0.0575708407	-0.013345101299999999	-0.1632378044	0.0620080578	-0.0775736797	-0.0638360904	-0.0022504622	0.107391725	-0.0032173909000000004	-0.1453122086	0.053122040999999995	-0.0895889448	0.1037619407	0.07537513	0.1248888897	-0.0454776446	-0.1279802876	-0.08883945210000001	-0.0575904016	-0.032262326200000004	0.0943259737	-0.0390932111	0.0958118138	-0.0461800251	0.0037803468	0.0279096384	-0.10958480539999996	0.0787970462	-0.0667392665	-0.046258147199999995	-0.0046088556	0.050629250300000005	-0.10209320449999999	0.037157867000000004	0.1510484787	-0.185452373	-0.0743565663	-0.14301085859999998	-0.0292597227	0.1064712534	-0.1117938303	0.0327481798	-0.0476218401	-0.1140863864	-0.0313990098	-0.030732566800000007	-0.0876567536	0.03866724	-0.20318303129999998	0.051896491100000004	0.199930584	0.06411630360000001	-0.0425051247	-0.0406594835	0.0477243632	-0.1662523662	-0.0797826047	0.005921271800000001	0.11825296369999999	-0.0395938696	0.06559241099999999	-0.045817055	0.0803044936	-0.0826192601	0.033346677000000005	-0.0145290229	-0.0365772865	-0.0292729451	0.0250882079	0.0155311357	0.0188153853	0.1230097623	-0.10432684140000001	0.1534247122	0.0064017532	-0.12741788939999998	-0.0460009452	-0.015107886499999999	-0.0721593088	-0.0650074138	-0.1040235733	-0.0538682984	0.0100376436	-0.06297207860000001	-0.043804687	0.0024605386999999998	0.039061972	0.0055366311	0.06888077769999999	-0.031794218	-0.046127143899999994	-0.07601942190000001	-0.0551220871	-0.1027684424	-0.0606473883	-0.0366945411	0.054287767300000005	-0.0059440255	-0.1105621867	0.0345821771	0.005690592800000001	-0.1236584334	-0.12525411220000002	-0.0187280909	0.0481539361	0.0351233165	-0.0427232397	0.2136195334	0.021412581400000002	0.07454616780000001	-0.0734639949	-0.2085170686	-0.022296674300000003	0.09519636529999999	0.0064069085	0.1078414382	0.0315380887	0.09915414460000001	-0.0793759126	-0.1615836397	-0.0113435828	-0.025074168100000002	0.0508536979	0.0745408667	-0.0241430454	-0.0821030803	-0.0111907764	-0.2049950453	0.10262944289999999	-0.13256238439999998	0.0156752916	0.0187940029	-0.0007923689999999999	-0.0677024738	-0.1017674703	-0.13964317699999998	-0.0509564727	-0.0012123255	0.0349869451	0.083362181	-0.0259011889	0.0888232538	0.009819354300000001	-0.1336292284	-0.026433412000000003	0.018468706	0.0477336853	-0.1146766226	-0.0818264075	-0.1016450598	-0.1515012975	-0.0190986678	0.066156707	-0.0499945236	0.0398843228	0.0245441064	0.0032585028	-0.047772523399999996	0.0208291258	-0.07778570530000001	-0.0296087308	-0.0464196038	0.0165947895	0.0176544064	0.0029614181	-0.0027829771000000003	0.0443917947	0.0289842546	-0.08814154390000001	-0.0779922229	0.0119162	0.0131381	0.00014199582243999999	0.00017260967160999998	0.00699186	-0.00927404	8.600781792160003e-05	4.88861062596e-05	0.151652	-0.016306999999999988	0.022998329104000004	0.0002659182489999996	0.0021537	-0.00010726000000000008	1.1504707600000017e-08	4.638423689999999e-06	0.00102831	0.000560587	1.0574214560999998e-06	3.14257784569e-07	-0.000408161	6.478899999999999e-05	1.6659540192099998e-07	4.197614520999999e-09	0.0	0.0
8496.443548664745	-39.93762939550834	72189552.97564676	1595.0142417329714	10513.84690625333	-35.7000056390516	1274.4904026283155	110540976.76813272	6241.525017602689	-17.357288447288738	38956634.54536025	301.27546224238307	6294.363786073954	10140.637732403133	1.119532	41.537338	0.07951550999999997	0.0461636	-0.0150588879	0.1124393117	0.0114809579	0.013509500700000001	0.0194006033	0.0819397204	0.0702807931	0.0219662714	-0.011488395700000001	-0.07171207219999999	-0.0764557738	0.036569301400000004	-0.1479929258	-0.0183459345	0.1518443528	0.0116986942	-0.0109841852	-0.1162524559	0.0367801524	-0.0410916154	0.0412637534	0.0902698393	0.2139777076	0.10126062890000001	0.0166264353	-0.0415755741	-0.10668663269999999	0.0266714291	-0.0489275054	-0.045408906799999996	-0.12254609300000001	-0.105219881	0.0524579716	-0.0966534087	-0.0169314221	0.047897679699999994	-0.0136567901	-0.0041028075	0.0900632592	0.0580717004	-0.0626130907	0.0013221551999999998	0.1579803492	-0.0605726556	-0.1676044524	-0.017348834599999998	0.1264832752	-0.045168435	-0.056029347400000006	0.025491164700000003	-0.0086905276	0.0646681477	-0.051198674699999995	0.046257902999999996	-0.0690049373	0.1238429609	0.0681871696	-0.1355747341	-0.1588146604	-0.0493490751	-0.0564572996	-0.0648124854	0.016119757	0.10894687210000001	-0.0380827462	0.015136317600000001	0.0148529241	-0.0650508511	0.0075631901000000005	-0.051737672900000004	-0.0472726483	-0.15001586849999998	0.09075614119999999	0.1001988072	0.0666854821	0.1072265542	0.1528428093	0.10478235080000001	-0.0424643989	0.019354410500000002	-0.0328533489	0.0299955654	-0.0809617462	0.0328841624	0.0567341913	0.0215533163	-0.0698149754	0.056690200499999996	-0.0732918894	-0.00039636410000000016	0.054446416	0.0403825787	-0.0537099547	0.0254230177	0.0012491584	-0.0008230363000000001	0.0148101675	-0.2631157258	0.054666449699999994	-0.0907899275	-0.0222856477	-0.1197219958	0.0501168926	0.030162353	-0.05865284110000001	0.057107115300000004	0.087384876	0.10692429839999999	0.09069503599999999	-0.1398085315	-0.0973065754	0.0392510686	0.0732722361	0.012662693000000001	-0.0930362681	0.1159568239	0.0348820966	0.0980324801	-0.0109824524	-0.0392592326	0.1460444884	0.0557114878	-0.0134753923	0.0076230954	-0.0276087071	-0.11467281929999999	-0.0532429739	0.1056435568	-0.10974281529999999	-0.0609594675	-0.0323617514	0.0730746296	-0.0566311486	0.033759741499999996	-0.10652638019999999	0.0165118871	0.054338818600000005	0.044286901100000005	-0.0771245125	-0.10697194460000001	-0.031777151600000005	0.005233670300000001	0.0094310664	0.024198512000000002	0.1482086942	0.0572143203	-0.0434595682	-0.0862915574	-0.0810133987	0.135894194	0.023548561699999998	0.0883980383	0.1074365015	-0.1465278791	0.0125622645	-0.0575743644	-0.0703031525	-0.0390007009	-0.0630158974	-0.0240346746	0.0008081306	-0.0115109198	0.0037811796	0.09146220050000001	-0.0485016617	0.163588429	0.06876319730000001	-0.1688812836	0.1047532685	0.0903491092	0.08728982630000001	-0.0408252714	-0.047366460199999995	0.09752017140000001	0.0808028747	0.0272702111	-0.0899912501	-0.0743476354	0.0105023	-0.001413900000000001	0.00011029830528999998	1.999113210000003e-06	-0.029915	-0.03690686	0.0013621163150596	0.0008949072249999998	0.177402	0.02575	0.031471469604000005	0.0006630624999999997	0.0023036	0.00014990000000000012	2.2470010000000035e-08	5.30657296e-06	0.000995514	-3.2796000000000084e-05	9.910481241959998e-07	1.0755776160000057e-09	-0.000281962	0.00012619899999999996	7.950256944400001e-08	1.5926187600999992e-08	0.0	0.0
8489.567704978446	-6.875843686299048	72072759.817413	47.277226398418506	10425.522462066503	-88.32444418682644	7801.207440911819	108691518.6070532	6246.319722213971	4.794704611281304	39016510.07211921	22.989192309442206	6294.588504082967	9962.128037970684	1.009496	37.454727	0.051968590000000016	0.0251943	0.0073048568000000005	0.1225007985	0.04979799519999999	-0.0065190775	-0.061350604800000014	0.0470281246	-0.014167001499999997	0.0290903996	0.021798670699999998	-0.0101565821	-0.0750932151	-0.0401782028	-0.1305758075	0.0538411316	0.0528180217	-0.197810543	-0.0982035144	0.029565010699999998	-0.0762753452	-0.0180636904	0.0667635121	0.0359328019	0.1969055151	-0.013580699	0.0461552891	-0.1143144734	-0.033642424500000004	0.0720303455	-0.057205663899999995	0.0260400375	-0.0367636989	-0.00036784370000000004	0.1281978935	-0.0370655495	-0.0093476578	0.0338385531	0.0160207928	0.09118969130000001	0.0855263621	0.0270717141	-0.0506773667	-0.09391374779999999	0.040895886299999996	-0.0783211742	-0.0420074841	-0.035385487599999994	0.00474535	-0.1089678586	-0.050534095999999994	0.062269248799999996	0.0087089535	0.0164647393	0.0640162099	0.1010709085	-0.045147315	-0.0565975629	0.0620035476	0.0127175472	0.015879789	0.0276886994	-0.016275770800000002	0.015456293999999999	0.0472130548	0.012348919299999999	0.019791691599999998	-0.25728279239999996	-0.1062763254	-0.0226760744	0.0421024722	0.057489339	0.0009317669	-0.051188236399999996	0.0069343771999999994	-0.1038075873	0.0561616111	0.024622889300000003	-0.0151046952	0.0504618057	-0.0401663871	0.0299324275	0.096996865	0.0173012484	-0.0048053246999999995	0.0294727367	-0.0363480352	0.0265050186	0.0102882977	-0.014599265600000001	-0.03210381	-0.0392410231	-0.021095992400000003	-0.021686916	0.009383027	0.11819897119999999	-0.049513411900000005	-0.07617924059999999	0.051253462300000004	0.0084273261	0.14750222289999998	0.05994554940000001	0.156521306	-0.0130998795	0.0813715024	0.0284636788	-0.005251528	0.09595411949999999	0.020214691	0.1042451825	-0.0130067242	0.0165992316	-0.058733283399999996	0.030063130499999997	-0.0217203898	0.0166183017	-0.12830572269999999	0.090166755	-0.010840474899999999	0.0169513199	0.11663658810000001	-0.0348248954	0.018219021999999998	0.0231745606	0.0531429541	-0.0027616140000000003	-0.0818708284	-0.0526509856	0.1135698808	-0.0125211193	-0.10774347279999999	-0.0593219879	-0.08869061310000001	0.0356428421	-0.045974107400000006	-0.0334095361	0.1045673083	0.04511820440000002	0.0174451344	0.0286702135	-0.049713785999999996	0.1170075493	0.022577726	-0.1950749787	-0.08860413140000001	0.0702455174	-0.0120063269	-0.052582399800000006	0.0047345454999999995	-0.022690912400000002	0.0788520823	0.0065671398999999995	-0.046448772400000005	0.0015075229000000002	0.10027601300000001	-0.0897739783	0.0243352227	-0.0008238881	0.0544191855	0.023848577200000002	-0.0290729473	-0.011313251699999999	0.009355142299999999	-0.0072512728	-0.055829122599999996	0.05841243910000001	-0.1156207996	-0.0266575896	0.0227364433	-0.0449482583	0.08042057150000001	0.0591755146	-0.0517213693	-0.0630797315	-0.0725610503	0.0946165294	-0.1090591318	0.025548217999999998	-0.09173603050000001	-0.070508028	0.00111271	-0.00938959	1.2381235441000002e-06	8.816440036809999e-05	-0.0122822	0.017632799999999997	0.00031091563583999983	0.00015085243684	0.179729	0.002326999999999996	0.032302513441	5.41492899999998e-06	0.00236579	6.219000000000016e-05	3.867596100000021e-09	5.5969623241e-06	0.000863151	-0.00013236299999999982	7.45029648801e-07	1.7519963768999953e-08	-0.000539793	-0.000257831	2.9137648284899997e-07	6.647682456099997e-08	0.0	0.0
8509.51121618337	19.943511204923198	72411781.13835056	397.74363918089716	10367.649993007719	-57.87246905878419	3349.2226749599336	107488166.37751296	6241.191891252805	-5.127830961165273	38952476.22343977	26.294650366285172	6283.824482840393	9849.97769849445	0.9589240000000002	35.578373	0.08162032000000001	0.038725	0.0056588943999999995	0.1262370027	0.006728030699999999	0.0330675166	-0.1065684837	0.0291960193	-0.06990087440000001	0.0494205837	0.0662475695	0.0710678123	-0.0345869859	-0.07866559070000001	0.0171973755	0.12194060720000001	0.1341610008	-0.0909434756	-0.08980668130000001	0.1210125618	-0.029507736899999998	0.022527863500000002	0.056119084699999995	0.0243521212	0.058020958399999996	0.0252316739	-0.0051516927	-0.1507157683	-0.0403629286	0.0968982078	0.0066336584999999995	0.06036791	-0.0501738306	-0.07805233730000001	0.1388301537	-0.070173633	-0.0231259571	-0.019219116100000003	0.0043669443	0.10551306810000001	0.019164904099999998	-0.0663254543	-0.043825916500000006	-0.1412930246	-0.010285353	0.0047995581	0.0505747255	-0.0258195472	-0.0748858341	0.0506434733	0.045993947	0.0771689844	-0.023680606899999998	0.0688543955	0.052784875999999994	0.0127492386	0.049384728200000005	-0.1171641411	-0.0505569118	-0.0420223771	0.1951608448	-0.0682278471	-0.009390697	-0.0193440558	-0.12900000279999999	0.016248603799999997	0.0371633382	-0.09631290599999999	0.1563283651	-0.0319312869	0.006078732900000001	0.0043957123	-0.115258222	-0.0964928669	0.12394149980000001	0.0372101219	-0.051604109100000004	0.0955653891	0.0643504004	-0.0941035076	-0.0291312296	-0.070579603	-0.0617687716	0.044641171699999996	0.0310162141	-0.0306977046	-0.0417095896	-0.0777246446	0.0902070228	-0.0356436884	-0.08934792230000001	-0.0933248667	0.1386043393	-0.05265326730000002	0.1069617234	0.007890093	-0.025137846800000002	0.046523076399999995	0.1542117869	0.1304979427	0.05610195269999999	-0.0853269588	0.09435858859999999	0.026049449500000002	0.0986247351	-0.0142989185	0.0797236637	0.0043939301	0.1080892034	0.1524752626	-0.0194655547	0.0986489363	-0.010776741299999998	0.01968211	-0.053698795099999995	-0.0375655726	-0.0562087246	-0.0011182480999999999	0.0264189531	0.0119380975	0.16934955969999999	-0.056247892	-0.0062623226	0.0229401859	-0.0213067052	-0.0052875342	0.0648343904	-0.0175970961	0.1299237735	-0.1022242479	0.040051982400000005	0.018713239099999997	0.0794647415	-0.0379086695	0.018256355800000002	-0.1040877614	0.0705463761	-0.0701279831	-0.024456131000000002	-0.0289580046	-0.0990830416	0.0960228353	-0.1271910425	0.1529883212	-0.2403922227	-0.0034351111	0.0152875844	-0.0492637747	-0.1454082383	-0.09419536390000001	0.074212793	0.1531420439	0.0069118033	-0.0099881847	-0.0417818985	0.0497668328	-0.0725206959	0.0284767306	-0.05131537519999999	0.021189121499999998	0.038902455499999995	0.0669770216	0.0369171008	0.0574654437	-0.0576400047	0.0405423055	0.058298692	-0.0715656017	0.1168952473	0.0626181488	-0.0503707568	-0.0088462338	-0.0431072449	-0.0338959302	-0.0835481455	0.0985149152	-0.0891338275	0.0238187774	-0.0933738509	-0.06648347240000001	0.0153392	0.01422649	0.00023529105664	0.0002023930177201	0.007994529999999998	0.02027673	0.0004111457794929	6.391250992089997e-05	0.171308	-0.008421000000000012	0.029346430864	7.091324100000019e-05	0.00226532	-0.00010047000000000009	1.0094220900000017e-08	5.1316747024e-06	0.0014180000000000006	0.0005548490000000006	2.010724000000002e-06	3.0785741280100066e-07	-0.00042119	0.00011860299999999999	1.774010161e-07	1.4066671609e-08	0.0	0.0
8569.77708177265	60.26586558928103	73441079.23127577	3631.974555225286	10446.672207919399	79.02221491167984	6244.510449547714	109132960.21971557	6268.120680874798	26.92878962199302	39289336.870010346	725.1597105055589	6311.7566815919145	10132.408011625783	1.005125	37.292568	0.07347552000000003	0.041731300000000006	-0.0260054854	0.0661848315	0.0537385138	0.0512688904	0.020027848799999998	0.050820238600000005	-0.0113733799	0.0728890225	0.0226008262	-0.0114309446	0.0663361671	-0.0231734416	0.1176345801	0.032255303900000004	0.0874747254	-0.1210397018	-0.10834310550000001	0.0346122594	-0.0982776434	0.043653932400000005	0.0123420096	-0.0028401884999999997	0.0808748953	0.0177369401	-0.1153213723	-0.08802898619999999	-0.0466375829	0.0492674097	-0.078568928	-0.024343486299999998	0.0411094086	0.0748984869	0.19390944870000001	0.026987592	-0.060338431799999995	0.0058800464	0.0627808783	0.0512589901	0.0389805404	-0.0986594365	-0.042971648099999996	-0.0191766047	0.051089982	-0.0067773589000000006	0.0023853847	0.019720995	-0.059884531799999995	0.0550638646	0.0560174013	0.009621250500000001	0.027659009	0.0057568603000000005	-0.1128769845	-0.0011190814	0.0602565969	-0.1477195379	-0.061016387400000004	-0.0792294034	0.0881771762	-0.001860855	0.077831409	-0.0678834207	0.0158446873	0.0187500809	0.1003813525	0.012524653600000001	-0.0372495947	-0.0637199884	-0.015601858400000003	0.013957542600000001	0.023704597200000004	0.011407323	0.004112054600000001	0.00031444759999999997	0.0023047593	0.1120625985	0.0065355003	0.1559176247	0.0784416239	-0.11950183689999999	-0.0070474667	-0.0813792066	0.1202076234	-0.0334892631	0.010091901700000001	0.1010675	0.022587878399999997	-0.19628113870000002	-0.007692275799999999	-0.0047964842	-0.0080376462	0.1342750943	-0.11151011179999999	-0.0747403201	0.0167425772	-0.0562933514	0.051275009	-0.0428011482	-0.06708816349999999	-0.0200689117	0.04856954559999999	-0.013643043700000001	0.0694636976	0.030406978900000006	-0.0545187425	0.042415065	-0.0065998744	0.1356960974	-0.1421842153	0.1441241741	-0.025768465	0.013324521499999999	-0.018510464299999998	-0.06783349080000001	0.020455121200000002	0.0170777909	-0.0652274402	-0.004770916	0.0555466626	-0.037229865699999996	-0.0117050147	0.0183962302	-0.0709391425	0.0110875553	0.0141921039	-0.0481902942	0.0086661431	0.07160301690000001	0.0747850557	0.0408923809	0.1684404937	-0.032666682999999995	-0.0345846225	-0.0322225525	0.0346846376	-0.015094816799999999	-0.0402904505	-0.1480459741	0.0677654532	0.11272380859999999	-0.0610891433	0.0042485319	-0.0009527117999999999	-0.0381798077	-0.044527384	-0.034431602	-0.0205492502	-0.11798209400000001	0.0158313246	0.0176076407	0.0227338558	-0.039683349799999997	0.09920951369999999	-0.0708847915	0.006574515899999999	-0.0842790667	-0.0534786042	0.04378475849999999	0.1505960102	0.0976706155	-0.1165573839	0.09572646609999999	0.1467823036	-0.1195100867	-0.0592763882	-0.017043401200000002	-0.11963378179999999	-0.025099584700000004	-0.0119575979	0.08478089550000001	0.0536728853	-0.1352965542	-0.0773457828	-0.027253065899999998	0.0375712912	0.022082393399999997	-0.09490280150000001	-0.062284525300000004	0.00911896	-0.0062202399999999975	8.315543148160001e-05	3.8691385657599984e-05	-0.0302008	-0.03819533	0.0014588832338089	0.00091208832064	0.177479	0.00617100000000001	0.031498795441	3.8081241000000125e-05	0.00236813	0.00010281000000000004	1.0569896100000011e-08	5.6080396969e-06	0.00128129	-0.00013671000000000058	1.6417040641e-06	1.8689624100000167e-08	-0.000202931	0.00021825900000000003	4.1180990761e-08	4.7636991081e-08	0.0	0.0
8547.459662724472	-22.317419048178635	73059066.68590194	498.0671929720066	10437.562122898107	-9.110085021291523	82.99364909516021	108942703.06935725	6264.558315802445	-3.562365072353714	39244690.89208956	12.690444908725679	6306.752829103352	10287.648492367509	1.013615	37.607563	0.08620796000000001	0.0415365	-0.016928068	-0.0253486924	0.0621771271	0.152026928	-0.0153713628	0.028220133199999997	-0.0204363318	0.08175941889999999	0.028945211000000002	0.0356046911	-0.0661901453	0.09889343710000001	0.041970961200000004	0.0106599396	0.024494531400000002	-0.0976320803	-0.006172176999999999	-0.0355173972	0.041842706699999996	-0.0301525602	0.028548023500000002	-0.0432242937	-0.054070369900000005	-0.0480542742	-0.0542845363	-0.0864717119	-0.0439993645	0.04429205730000002	-0.029394402099999998	0.0571433666	0.1005719999	-0.021430505	0.0458370133	-0.0424331583	-0.11273181539999999	-0.0185258276	0.14841354199999998	0.0194310626	0.0445184097	0.0282467511	0.0722355186	0.0382550829	-0.0610472112	0.0278265592	-0.0471038835	-0.1559106635	-0.012893874	-0.0289187162	0.0786667907	-0.021198486000000002	0.0674024075	0.0064175665	0.0628588201	-0.0166744385	0.0342053893	0.008920092099999999	-0.029199621000000002	-0.0331514582	-0.0234932321	-0.0776576158	0.073618176	0.0534748574	-0.0011014655	-0.1546476313	-0.0286355079	0.1102207177	-0.09700487039999996	-0.0494867219	0.0108517709	-0.0207213544	0.0071221631	-0.0149544394	-0.0069574418	-0.1284976601	-0.0390515763	-0.0055574262	0.0094086793	-0.027661412799999997	0.0503895293	-0.031933887200000004	0.0649521882	0.041424109	-0.1152165782	0.10374051890000001	-0.0044463075	0.0159082174	-0.0151417575	-0.045154319299999995	0.1054016781	-0.0244854279	-0.0317763607	-0.0744427916	0.0042290876000000005	-0.0033366389	-0.1254551495	-0.0946393108	-0.09153149039999996	0.025536976099999997	0.11906999160000001	-0.07002680230000001	0.0018119892999999998	0.0059019876	0.07147524820000001	0.0351983709	0.0404222415	-0.0768951592	-0.0474604146	0.049843138099999997	-0.0655726626	0.0723589382	-0.0940642667	0.0426252863	0.0981516939	0.0328483794	-0.038478347	-0.034850327599999995	-0.0424935403	-0.086923664	-0.0165135982	0.0744204613	0.015440097199999999	-0.0216745805	0.046616036799999996	0.1271050615	0.1156427442	-0.0268178556	0.029008059300000007	-0.0052245795	-0.0068977445	0.00226048	0.0677648519	-0.0853437117	-0.1040193929	0.09053932619999999	-0.12019844029999999	-0.10116943869999999	-0.011015925900000001	0.0504152208	0.042436641100000005	0.053123641	0.0297909621	0.0176436655	0.08624072619999999	0.0235381583	-0.008712896099999999	-0.061982724100000004	0.0209895993	0.0215814685	0.040644417	-0.037508771499999996	-0.0756095284	-0.051930629699999994	-0.050306363	-0.0216948762	0.0827023112	0.10796065349999999	0.0709470314	-0.0134707421	-0.0403571971	-0.0003085977	0.056136613099999996	-0.0883776847	-0.020999113	0.0332614676	0.0424751075	0.0547330133	-0.0698502132	-0.1340726574	0.0802688363	-0.0139434555	-0.053541692	-0.1347738509	0.0101441646	-0.12375620650000001	-0.0294300548	0.020339572099999998	-0.09632109970000001	-0.057922200800000004	0.011791200000000005	0.0026722400000000045	0.00013903239744000013	7.140866617600025e-06	-0.00663993	0.02356087	0.0005551145951569001	4.4088670404899985e-05	0.15067	-0.026808999999999996	0.0227014489	0.000718722481	0.00208815	-0.00027998	7.83888004e-08	4.3603704225e-06	0.00159178	0.00031049000000000007	2.5337635684000005e-06	9.640404010000004e-08	-0.000275778	-7.284700000000003e-05	7.605350528400001e-08	5.306685409000002e-09	0.0	0.0
8523.180252020722	-24.279410703749814	72644601.60843602	589.4897841213613	10432.580580110423	-4.981542787683793	24.815768545524417	108838737.56049712	6262.581000847997	-1.9773149544480475	39219920.7921823	3.9097744290838836	6309.224757138275	10223.413621524282	0.991901	36.801918	0.08304231	0.043328	-0.0415659673	-0.0758345337	0.07756256730000001	0.0363415246	-0.0354271374	0.013233809499999999	-0.031419898700000004	0.07704189040000001	-0.0578174	0.01726044	0.044923180099999994	0.1322958453	-0.0298388557	-0.0715622381	-0.044340938899999995	-0.08892238279999999	0.0421907975	-0.0016633209	-0.0005752847	0.0188030766	0.0294492021	-0.0810158522	0.087439379	-0.0090022335	0.0001164719	-0.0564151867	-0.0220685868	-0.0480472272	-0.1269954268	0.045279868499999994	0.1160219398	-0.0109553242	-0.019648162900000002	-0.031179092000000002	-0.05872342730000001	-0.0241320177	0.0246333242	-0.0182326459	0.07496533059999999	0.1233769629	0.019442428	-0.1221745858	-0.0380006129	-0.0070978414	0.0955423021	-0.056358543	0.0717187282	0.07648521259999999	0.0964498096	0.1437160066	-0.0442237046	-0.09007103039999999	-0.0679400488	-0.017721683999999998	-0.0403294864	-0.1896416832	0.1161450166	0.049302917	-0.0181398019	0.0552505958	0.053727766100000005	0.027410974100000002	-0.07069562509999999	-0.053680673899999996	-0.1090769449	0.0272841612	-0.0276001153	-0.09816762150000001	0.009535601	0.0107007831	-0.08288778620000001	-0.184428347	0.0400260052	-0.0932869575	0.013055350700000001	-0.1096283337	0.08422414689999999	0.0264767797	0.025640935899999998	0.050071965700000005	0.0245760362	0.0196360561	0.16507830029999998	0.1306622901	0.0796570239	-0.052744169900000006	-0.121503963	-0.033478975099999995	-0.021225383900000002	0.0679027227	0.031114241299999998	-0.0071647302	-0.0961272243	0.0799052591	-0.0812509501	0.0028864045	-0.0649353089	0.149079351	0.017801674099999998	0.0203366546	0.021023896	-0.0044562683	0.0021958881	0.1218752142	-0.0631379554	-0.0841061458	-0.0944932983	-0.0033166225	0.0046506844	-0.0014467494000000001	-0.0657657139	0.0081610269	0.070779356	0.057169245599999995	-0.0248920651	-0.0608296755	0.1123732848	-0.0634596313	0.1000992986	-0.0035480081	0.0662217022	0.11904451880000001	0.013000608799999999	0.046178848200000004	-0.0361860807	0.06531759320000001	0.0617985566	0.10908827199999999	0.1389476244	-0.1647762391	-0.0056774096	-0.0431639525	0.0658216084	-0.0724996302	0.046739354500000004	-0.043748050700000006	-0.0809132491	0.0096245228	0.0369245192	0.1031371631	0.1634009013	0.062249647699999994	-0.0703293659	0.0184031847	0.0151258833	-0.1205183619	0.0035906125	-0.0472076855	0.050656151399999995	0.0691260912	-0.06667595	0.0728974776	-0.030937564900000002	0.0298677764	0.0790117359	-0.08697355890000001	0.0945368307	0.0796410273	-0.13995032529999998	-0.0498000431	-0.0206032661	-0.1250083576	0.1097660593	-0.0784943539	0.043347648899999994	0.0732449243	-0.0087121842	0.06849347730000001	-0.0383047835	0.0391059561	0.07801601179999999	-0.0389555419	0.0627541521	0.0035769271999999998	0.0113623293	0.018590821599999998	-0.0976270918	-0.053407941699999996	0.008650309999999998	-0.0031408900000000073	7.482786309609998e-05	9.865189992100047e-06	-0.0368027	-0.03016277	0.0009097926940729002	0.00135443872729	0.176441	0.025771000000000016	0.031131426481000007	0.0006641444410000008	0.00241178	0.00032363000000000015	1.0473637690000008e-07	5.8166827684e-06	0.00151862	-7.316000000000008e-05	2.3062067044e-06	5.352385600000009e-09	-0.000193215	8.256300000000003e-05	3.7332036225e-08	6.8166489690000025e-09	0.0	0.0
8500.674023059653	-22.506228961068697	72261458.84632121	506.5303420480475	10421.785480486798	-10.795099623624992	116.53417588398844	108613612.60128544	6253.276341363101	-9.304659484895637	39103465.00145149	86.57668812985834	6301.776237070118	10005.412402069294	0.97177	36.054996	0.05878170000000003	0.0331907	0.005791692199999999	-0.0694678816	0.0369646324	-0.00048238080000000003	-0.14032759039999998	-0.0771834102	-0.0512904476	0.0767825662	-0.0290690673	0.09361319359999999	0.021899139300000002	0.07305488389999999	-0.1211834049	-0.0715703261	0.0319382754	-0.0061433164	0.1342548229	0.0583466639	0.093701355	0.0418405368	-0.0023383171	-0.0815157841	0.0015489453	-0.0635750447	0.0349910278	-0.0468945209	-0.0097022852	-0.070323467	-0.043381416	0.0765973087	0.0279646426	-0.058167218099999994	-0.052732856200000004	-0.13605819730000002	-0.0332423544	-0.030248397200000002	-0.0890397267	-0.025124510299999996	-0.029321612200000007	0.0670664782	-0.0280798685	0.10879550369999999	0.0855109674	-0.0118000048	-0.0159692505	-0.040328982	-0.10244697189999999	-0.12262120929999999	-0.0008057759	0.0818354175	-0.0879827294	-0.016210668799999998	-0.0029039563	0.025590964900000002	0.0030087968	-0.0167465779	0.0465581278	0.0171531896	-0.06255094559999999	-0.0165886677	0.06661708179999999	-0.0250066144	-0.0182105238	0.0580501143	-0.0570032436	-0.0173781172	-0.0179523041	0.0085673061	-0.0651275748	-0.0083872618	0.08752610779999999	0.1020711515	-0.022277931	0.13115943730000001	-0.007261639100000002	0.0103109269	-0.1353592124	-0.1062508818	0.1651348523	0.0594882195	0.0518302479	0.06999428519999999	0.0567645038	0.1490832968	0.0323882171	-0.0234744945	-0.0055253062	-0.013619703200000001	0.08648819279999999	0.0835116204	0.0261861543	0.1260305764	-0.1091742215	-0.22773632300000002	-0.055508834900000005	-0.028504949900000007	0.0049990134	-0.0403270561	-0.0379663274	-0.0713883998	0.0480253844	0.0174181662	-0.0191838388	0.1005892773	0.0177408389	-0.0739570759	0.005276450899999999	-0.0017328789	0.1288047027	-0.041746916099999996	-0.0423112426	-0.0161350506	-0.058429250700000004	0.1553931127	-0.037707893799999996	0.0429926803	0.023329255	-0.0010042178999999998	-0.0460920359	0.0389478147	-0.1371432632	0.0698154127	-0.09329713519999999	0.0681406791	-0.0242855721	-0.1264610009	0.0672620097	0.057190612599999996	-0.0074249536	-0.0292074432	-0.0019010978	-0.0515907991	-0.0223398179	-0.0764315976	-0.046250978899999996	0.1127255026	-0.0264468377	-0.0191998101	0.0071900997	-0.0086686612	0.0171936035	-0.0056672036	0.0006990217	0.020278926	0.0708538468	0.0697925921	0.1263708546	0.0356342422	-0.0763536405	-0.0220237309	0.0193789521	-0.0884448242	-0.0273226433	0.1446080176	0.0810530101	-0.0039712261	0.0634412692	0.0820512595	0.0730042067	-0.0780915429	0.0872834619	0.0178517463	0.0528864865	-0.0801306274	0.044118904800000004	0.0284563091	-0.2279583975	0.08502947359999999	0.08140342910000001	-0.04480322269999999	0.1189480216	5.67646e-05	-0.098128497	0.1468043793	0.04934362	0.0168366517	-0.0988192551	-0.0487535893	0.00976793	0.0011176200000000015	9.541245648489997e-05	1.249074464400003e-06	-0.008685619999999998	0.028117080000000003	0.0007905701877264003	7.543999478439996e-05	0.187123	0.010681999999999995	0.035015017129000015	0.00011410512399999993	0.00245763	4.5850000000000064e-05	2.1022225000000047e-09	6.039945216900001e-06	0.00176862	0.00025	3.1280167044000007e-06	6.25e-08	-0.000274665	-8.145e-05	7.5440862225e-08	6.6341025000000005e-09	0.0	0.0
8510.095298780414	9.421275720760603	72421721.9943245	88.76043620659324	10409.707335144903	-12.078145341894924	145.88159489993802	108362006.8033696	6255.428860069525	2.1525187064244165	39130390.22339072	4.633336781507043	6301.071881133275	9915.682664037535	0.949052	35.212124	0.03714047	0.020844	0.0228823726	-0.0583310363	0.0012267509	-0.0605355784	-0.131690944	-0.1001188379	-0.0335979993	0.037648687400000005	-0.0423038192	0.08657992199999999	0.028965172400000006	0.0166533153	-0.177846013	0.0298991279	-0.0346695842	-0.050400142800000006	0.0396775281	0.0989505326	-0.006642685400000001	0.09721972109999999	-0.0166882816	-0.0323545875	0.0865738482	-0.11676248689999999	0.0885809853	-0.0107690303	0.0704805094	-0.09216798400000001	-0.047737377000000004	0.0105300658	0.0050856031	0.0264409103	-0.0002002366	-0.1033029284	-0.0065939151	-0.0134421177	-0.0924689766	0.0313893663	0.028913216600000007	-0.042099787300000004	-0.008992047900000001	-0.0390341824	-0.020593159099999998	0.05787400650000001	0.0937120769	0.042835959699999995	0.0427449326	0.06840709639999999	0.0096764865	0.0344129104	-0.0343469848	-0.0924255756	-0.0411242353	0.1178485471	-0.021953329	-0.09968684189999999	0.0124154556	-0.1057766534	-0.1620613313	0.0950880899	0.1325867079	0.019706135700000002	-0.1270342537	0.0224839685	0.0001528697	-0.0560949332	-0.0119014449	0.1869975383	0.0730262894	-0.1177531316	-0.11951098980000001	0.06466657370000001	0.0215874083	0.050338723099999996	0.0801355678	0.019858728	-0.012306086	-0.059857195499999995	-0.0388423145	0.08939081369999999	-0.1105985882	0.0008456284	-0.1415808116	0.0335392252	-0.0671234488	-0.029516030899999997	-0.056455816900000004	0.0617914767	0.0733623065	0.038423670699999996	-0.0631524116	0.0043996474	-0.0018364517999999999	-0.027439311	-0.1091081258	0.0029698878000000003	0.0965687811	-0.0596033671	0.036705984	0.08953450789999999	-0.0524605056	0.0751394462	-0.070463844	0.0727575284	-0.0275554956	-0.0017283103	-0.0113584577	-0.0009217432000000001	0.0832935506	0.0430797452	-0.0093080004	0.022840527200000002	-0.1277560994	0.0097190876	-0.0190483839	-0.043234288200000005	0.0304421831	-0.0424257308	0.0563481653	-0.0035211790999999997	0.0128676547	0.0463632115	-0.0452982091	0.0007190575	-0.14410054619999998	0.0598504087	0.0596158644	0.1280939127	0.0421904126	-0.0041391598	-0.0183816409	0.0692684131	0.1213357231	-0.1085911281	-0.0838136294	0.1130567134	-0.0308442471	0.0463867642	0.0922844145	0.061148480199999994	0.0097921065	0.044049987400000004	-0.0791566933	0.1781557182	-0.0429294317	0.1058708052	-0.1356283985	0.11898520230000001	-0.025015885	0.0352633696	0.11355093849999999	0.09389144560000001	0.0155620793	0.0238070013	-0.001092059	0.063492857	0.1033123202	-0.13247605210000002	0.026659727999999997	-0.0694206121	0.0777296657	-0.08809961279999999	-0.0839164285	0.0868461852	-0.0164828749	0.09201126789999999	-0.12993804779999998	-0.073334833	0.0520455316	-0.0911296315	0.0429688129	-0.050309732	0.0034561206	0.039385124900000006	-0.0171911105	0.015077573799999999	-0.09989619949999999	-0.0439713523	0.0105251	0.0007571700000000015	0.00011077773001	5.733064089000022e-07	-0.00662802	0.002057599999999998	4.233717759999991e-06	4.39306491204e-05	0.196973	0.009849999999999998	0.038798362729	9.702249999999996e-05	0.00255464	9.700999999999979e-05	9.410940099999962e-09	6.5261855296e-06	0.00142217	-0.00034645000000000015	2.0225675089e-06	1.2002760250000003e-07	-0.000320719	-4.605400000000002e-05	1.02860676961e-07	2.120970916000001e-09	0.0	0.0
8538.54779768558	28.452498905166067	72906798.49336126	809.5446939484763	10424.908244112148	15.200908967244684	231.0676334304599	108678711.89815743	6249.752075290572	-5.676784778953332	39059401.002598815	32.225885426556246	6296.093696420602	9977.567655818615	0.991628	36.791798	0.09067317	0.0454818	0.016155308400000002	-0.0679370954	-0.060025980300000004	0.0119254352	-0.1426906556	-0.14625510630000002	-0.0049777624	0.0200320388	0.0421639412	0.13788584550000002	0.022493351	-0.0151974542	-0.0820696244	0.1059830344	0.0328170252	0.016896988300000002	-0.0297127134	0.049950176299999996	-0.0075135851	0.0310872435	-0.0597551617	-0.013993415	0.0751623231	0.007498966700000002	0.014963323700000001	0.105063664	0.052811969699999996	-0.0327552095	0.1595201633	0.0966844508	-0.0084974413	0.0786347939	0.010178003	-0.1833124516	0.0430722639	-0.0479967394	0.11703923	0.061625204100000004	0.08554706949999999	0.0085349459	-0.0383402791	0.0682073781	-0.023076717200000003	0.0226830271	0.0625314674	-0.0125122809	0.0020427006	-0.0140996102	0.071226003	-0.09648044210000001	-0.041293063	-0.0200472414	-0.0934931341	0.0489698938	0.0946803882	0.037302402400000004	0.055826452900000004	0.11826485839999999	0.0568575526	0.061230766	0.0170329191	0.0371872609	0.0800549681	-0.1932086623	-0.041154171	0.0172568645	0.040059734900000005	0.0168558262	0.007707534	-0.0388531141	0.016718138100000002	0.0415719645	0.0389832061	-0.072223274	-0.1112245085	-0.046501485700000005	0.1256133516	-0.050447667800000005	-0.0089375833	0.0394348996	-0.062042316500000014	0.052195910899999996	0.0810104926	-0.0504297448	-0.0130428514	-0.0372010398	-0.1976412803	0.0077748322	0.051670533899999996	-0.10969061880000001	0.1917604252	0.1247702258	0.1134734664	-0.0213474012	-0.0548336799	-0.023057501299999998	-0.0605475163	-0.0320414219	0.10968537390000001	0.1982410655	-0.11316386070000001	0.0722000089	-0.0707982955	-0.0167650282	0.15133803699999998	0.0318142523	0.0335533896	0.000295117	0.1578480989	0.1661506224	-0.0063119369	0.049811010999999995	0.0041401117999999995	-0.0171995928	-0.054134635	0.043984656	-0.040988389	-0.1478619197	0.005362861899999999	0.06270378730000001	0.0398465925	-0.0520623928	-0.041982149100000005	0.027924872400000002	0.036897881800000004	-0.0092129276	-0.0182226012	0.1150420224	0.1077355849	0.045553302000000004	-0.0752703	-0.0333503084	-0.0339700555	0.0762669454	0.0491322032	-0.1665604204	0.0330095167	0.0027952084999999997	0.0943147083	-0.0201749552	-0.0038191556	-0.0315018566	-0.0152839427	-0.0979534051	-0.14028044439999998	-0.0817952493	-0.08670303050000001	0.10493594980000001	-0.0150561476	-0.011205616399999998	0.0511254207	-0.1113089977	-0.0297228481	0.0051039616999999995	0.0449629811	-0.1887065315	-0.023419048199999997	0.048816110999999995	-0.0531950129	0.021017690099999996	0.19963331469999998	-0.0473892816	0.0712659644	0.0154191851	0.11053351189999999	0.1300391129	0.0752692785	-0.014478598700000001	0.11749498439999999	0.0388822248	-0.05890677320000001	0.006627105699999999	0.0368245819	-0.1639429332	0.006955128299999999	0.0133141006	-0.1008566694	-0.039073774900000004	0.013688	0.003162899999999998	0.000187361344	1.0003936409999987e-05	0.015145600000000004	0.02177362	0.0004740905279044	0.0002293891993600001	0.161896	-0.035077	0.02621031481600001	0.0012303959289999998	0.00231067	-0.00024397000000000004	5.9521360900000025e-08	5.3391958489e-06	0.00125133	-0.00017084	1.5658267688999996e-06	2.91863056e-08	-0.000519102	-0.000198383	2.69466886404e-07	3.9355814689e-08	0.0	0.0
8564.290418245431	25.742620559851275	73347070.3680505	662.6825132884776	10476.446705178569	51.538461066420496	2656.212969094941	109755935.56644689	6263.625600515005	13.873525224433253	39233005.66342696	192.47470215298569	6309.0719893406995	10182.017227451062	1.09649	40.682419	0.0990895	0.0557122	-0.018143145	-0.0818954801	-0.0742587606	-0.02993362	0.0133606913	-0.0762144152	0.1072179924	-0.039525093	-0.0871161438	0.0425818417	0.1149297356	0.053021193700000004	0.0286691423	0.014459120700000001	0.1500095077	-0.0242309561	-0.06865927990000001	0.0476082866	-0.0306831248	0.0681974567	0.0337313688	-0.1416893259	0.0747482651	-0.0133871334	-0.0795502749	0.030295905499999998	0.0256425525	-0.152193346	-0.062316322800000004	-0.0837825967	-0.0613877492	-0.0143312656	0.0862430853	-0.0745677956	-0.0863501497	-0.0630104567	0.0336971585	0.0454501583	-0.08846188630000001	0.10611256390000001	-0.1903522238	0.005566110799999999	0.0044186709	0.030862316	-0.011800026399999998	0.0776648128	0.0306461684	0.0248671721	0.0032981675	0.0099970753	0.0644895034	-0.0744889084	-0.012627651399999999	0.0758952658	0.1212954075	-0.0034007049	-0.0094409756	-0.060686968499999994	-0.0501219192	-0.0117266608	0.0680395633	-0.0331447325	-0.023090664	0.0278333515	-0.11672394800000001	0.06209628070000001	0.0848409017	-0.0200047199	-0.155728717	-0.1159006787	0.0612511369	-0.1189264025	-0.09894110240000001	-0.10584000029999999	-0.042284833	-0.1608384934	-0.0580217918	-0.0544449813	0.009876591	0.0674637938	-0.0117034916	-0.08398635480000001	-0.06584918299999999	-0.0514019472	-0.0415073078	0.0037914141	0.10928060070000001	-0.0509607588	-0.0395303657	0.0287354636	-0.1823351796	-0.1456195971	-0.0634904303	0.0543996629	0.044255408600000004	-0.018955033700000002	-0.0595242058	-0.0339456156	-0.1326858658	-0.056308948899999996	-0.057621782999999996	-0.01197275	-0.1264744942	0.0516423862	-0.10715058849999999	-0.0433084855	0.10641739439999999	0.0749047405	-0.027715712200000003	0.1176165778	-0.026515156499999998	0.0592674886	-0.0593869178	0.0968614817	0.011012796200000001	0.14452694289999998	0.134619485	-0.06236794530000001	-0.0041016633	0.0386102376	0.0107476455	0.021262637	0.0122608581	-0.0353311304	-0.0394569837	-0.0021295881	0.0135970091	0.11674638009999999	-0.0050388893	0.1131569608	0.0712766717	-0.0183722497	0.048170946900000004	-0.043572995999999996	-0.0615749784	-0.0058084802000000005	0.1061346403	0.0074304013	0.0817122475	-0.13160021189999999	0.0963680661	0.0678963261	0.0229409984	0.014614191499999997	-0.0484958412	-0.1407376309	0.1556110533	-0.0359743961	-0.0114699159	0.054018496799999996	-0.049741702699999994	0.0251102717	-0.15305375300000001	-0.0045163778000000005	0.0168320055	0.0357063815	0.048290013300000004	-0.1439598811	-0.0835481055	-0.013444206499999998	-0.1423311542	0.0617195546	-0.0394648315	-0.0538841968	-0.0410286756	-0.1357156808	-0.0236261327	-0.097424136	-0.1679208622	-0.0782680643	-0.0104060221	0.0465229158	0.0312279712	-0.0606714992	0.0076190843000000005	0.011546746200000001	-0.101699545	-0.0340737038	0.0104111	-0.003276899999999997	0.00010839100321000004	1.0738073609999983e-05	-0.0349054	-0.050051000000000005	0.002505102601000001	0.0012183869491600005	0.175481	0.013584999999999986	0.030793581361	0.00018455222499999958	0.0024557	0.00014503	2.10337009e-08	6.0304624899999985e-06	0.000917614	-0.000333716	8.42015452996e-07	1.1136636865599997e-07	-0.000354316	0.00016478600000000004	1.25539827856e-07	2.7154425796000016e-08	0.0	0.0
8550.9949761289	-13.295442116530467	73119515.0817817	176.7687810740121	10481.546170825834	5.099465647264879	26.00454988763461	109862810.13115367	6253.378798419153	-10.246802095852216	39104746.39651817	104.99695319156142	6301.074916021463	10270.76970497337	1.008284	37.409763	0.08333530999999998	0.046996800000000005	0.0369719393	-0.1024643876	-0.097036145	0.0151837242	0.030372864399999998	-0.105122315	0.09840164789999999	-0.1050196942	0.0090038854	0.0173977746	-0.0099137405	0.0415374523	0.014399273300000001	0.051425783200000005	0.0325054983	-0.0773424719	-0.0527541405	0.0058620442	-0.0214699422	0.0362199338	0.0851629986	-0.047576222	0.0072243687	-0.026142067	0.104685636	-0.07351935150000001	0.055194031100000006	-0.0928838557	0.0758281229	-0.042150805199999995	-0.052438550199999996	-0.0456542807	0.1084150642	-0.047351977999999996	-0.08392479970000001	0.0426527045	-0.081106857	0.0928791924	-0.0641616842	0.1483374733	0.041956462300000004	-0.0543999185	0.1318716513	-0.0217633221	0.011240067099999999	0.0211738775	-0.0217402493	0.0344554567	-0.034911262900000004	-0.0714930905	-0.0081673576	0.014105911	0.0368651231	0.16673695560000001	-0.039794807	-0.0309084648	0.0474777346	-0.0311557713	0.0505808751	0.0089305824	-0.1360618089	-0.0217296321	-0.1370324399	0.0365183661	0.1711815096	0.0119370108	-0.09139556210000001	-0.022465608999999997	-0.0236829878	-0.0195001574	-0.09133128410000001	0.0651964045	0.0331395486	0.0118027898	0.0562673328	-0.15863704539999998	-0.0527548179	-0.0364837664	-0.051628472599999996	0.0060578235	-0.022491228	0.0748180549	0.0096134133	-0.1449168092	-0.0015000818	0.0584214908	0.0174769702	0.1102074929	0.0085647101	0.010752999499999999	-0.0094232108	-0.011019749399999999	-0.10117648800000001	0.0732130074	0.0502136509	-0.0333974913	-0.0408090535	-0.024986048900000002	-0.0792370187	0.039548381699999996	0.0305386437	0.01241001	-0.1314397089	-0.0398315216	0.0151562391	0.022425784100000002	0.0540362016	0.0438644283	-0.055468825599999994	0.0206282637	-0.0777958728	0.0993912641	-0.0635215311	0.1122123273	-0.11427212619999999	-0.001893067	0.0771055144	0.0432529779	-0.0418934961	-0.0305159892	0.0600442981	-0.023595674100000002	-0.07302389940000001	-0.0562567435	-0.0418236021	-0.0123264797	0.061925605599999996	0.0046907123	-0.1200906763	0.0714027567	-0.0408162668	0.06737635559999999	0.0316089769	-0.18868880789999998	0.09625957689999999	0.050516518200000006	-0.0167818798	0.062463649800000014	0.002028305	0.07060720570000001	-0.1297698024	0.0248271592	0.0251380665	-0.0819472871	-0.0008546532000000001	0.0698456789	0.0298666459	0.0813873422	-0.0328852512	-0.0890041691	-0.0134216372	0.044827934400000005	-0.103708027	-0.1109782314	0.0900449038	0.0264132526	-0.1281228837	-0.0026950292	-0.0471570232	0.044623770800000004	-0.1190660343	-0.0816776382	-0.1117412307	-0.029213833300000002	0.048835319	0.006105001600000001	-0.0405058349	-0.0043113842	-0.1494067533	0.0741111499	0.0085205471	0.0711984865	0.050767169699999996	-0.0907001299	-0.0515849609	0.0097760258	-0.1024238435	-0.0289842546	-0.00143137	-0.01184247	2.0488200769e-06	0.0001402440957009	0.007349739999999999	0.04225514	0.0017854968564196003	5.401867806759998e-05	0.188303	0.012822	0.035458019809	0.00016440368399999998	0.00252048	6.477999999999996e-05	4.196448399999995e-09	6.3528194303999985e-06	0.000818866	-9.874799999999997e-05	6.705415259560001e-07	9.751167503999992e-09	-0.000519102	-0.00016478600000000004	2.69466886404e-07	2.7154425796000016e-08	0.0	0.0
8532.490198578258	-18.50477755064276	72803388.98883404	342.42679219877215	10457.716271508529	-23.829899317304807	567.8641014728843	109363829.61537424	6240.893365400648	-12.48543301850532	38948749.99830183	155.88603765958285	6288.687883995592	10192.370177740166	0.926328	34.369011	0.05841886	0.027878500000000004	0.022116829700000003	-0.0728055379	-0.1408038491	0.0373229694	-0.0113897976	-0.050848618899999996	0.0897900325	-0.0949644217	0.0538214549	0.0656314435	0.0592520422	0.0435139808	0.0487628891	0.038459352599999996	0.060624985199999995	-0.0749369819	0.0256547854	-0.0046107041	0.0619786631	0.0043183664	0.0635602018	-0.041940449500000004	-0.1379768017	-0.059992963899999995	0.003961735	-0.1370312598	-0.0158474751	-0.0331972002	0.15504246230000002	-0.0483520276	-0.0394498766	-0.09839105460000001	0.07427656049999999	-0.11030549029999999	-0.055094064299999995	-0.1239633051	-0.01576455	0.1418383517	-0.0208691601	0.1197035294	0.0965693657	0.019037210500000002	-0.0404315086	-0.0629024046	0.1350912925	-0.1056071006	-0.12072365289999999	-0.0266858759	0.053507609500000004	0.1098618672	-0.0309723616	0.0921614118	-0.053922567000000005	0.0030288565	0.0458147905	0.0610837079	0.041270162	0.0472520337	-0.0526363191	0.1423099282	0.0745068497	0.0632195171	0.012015855700000001	0.023453212200000004	0.0098971538	-0.0372618531	0.1010166167	-0.1320363003	0.0592198955	0.0371011069	-0.0052732021999999995	-0.0935144857	-0.0036559676	-0.051204963	0.2057156865	0.0251184402	0.0482625567	0.0324906284	0.07307007160000001	0.014109582399999999	-0.0828737366	0.0207030291	0.0140634212	-0.0619679807	0.1290705835	0.0436882397	-0.009805218499999999	-0.0247888066	0.0735226813	0.034918657400000004	-0.0372539979	-0.0465711217	-0.0087812671	-0.1651062467	0.1483204773	-0.0554850091	0.07765000429999999	0.0264316008	-0.0039463309	0.0578583646	-0.1018281875	-0.027179263199999998	-0.0981600358	-0.09954951050000001	0.0750648703	-0.0579159118	0.1014685608	0.0858057722	0.0017845514000000005	0.08105246990000001	-0.031588786800000004	0.021476428	-0.0225144462	0.1261697784	-0.1529177574	-0.0857333704	0.10493106699999999	-0.0602954151	-0.0436937453	0.016530744	-0.0150874053	0.10663975490000001	-0.0927745676	0.049779900099999996	0.09168990099999999	-0.019142667	-0.0180062159	-0.0400884299	-0.0380539791	-0.0449999189	-0.0674645478	-0.0140978101	0.0424356325	0.1900592575	0.0097566505	0.0763377985	-0.0135909202	-0.0668851416	0.0045472836	0.071985121	0.1459500857	0.005975659699999999	-0.1616556477	-0.0388771189	-0.0201984622	-0.0174946234	0.011813317	-0.001688601	0.0050941922	0.025715527000000002	-0.0113876747	0.078428401	0.036321721099999996	-0.0148329075	0.08712058019999999	-0.0919141649	-0.1760462031	-0.063425485	0.0710402633	0.082439895	-0.0785313471	-0.0286392252	0.1291142891	-0.0070600353000000015	0.06967044559999999	0.1039032492	-0.0329859706	-0.0324502051	0.061436972699999995	0.012122055500000001	-0.0350512872	0.0650895006	-0.0315936352	0.025158218	-0.11239138509999999	0.0080024557	-0.10302872029999999	-0.0238187774	0.00979253	0.011223899999999998	9.58936438009e-05	0.00012597593121	0.0118013	0.00445156	1.98163864336e-05	0.00013927068168999998	0.17338599999999998	-0.014917000000000012	0.030062704995999993	0.0002225168890000004	0.00256331	4.2830000000000205e-05	1.834408900000018e-09	6.5705581561e-06	0.00120881	0.000389944	1.4612216161000004e-06	1.5205632313600006e-07	-0.000395348	0.000123754	1.56300041104e-07	1.5315052516000003e-08	0.0	0.0
8546.444184733906	13.953986155647724	73041708.20277199	194.7137296320084	10479.89587735396	22.17960584543107	491.93491545868005	109828217.60018052	6262.348132124464	21.454766723816647	39217004.12792277	460.30701517339014	6309.836319827576	10192.743594671834	0.960761	35.646538	0.04331499999999997	0.024737400000000003	-0.0013072799	-0.0364722288	-0.1357040466	0.0011174836999999999	0.032433113799999996	-0.0047884293	0.1197157715	-0.0837130914	0.060776783499999994	0.030535520099999998	0.0324965824	0.057749633099999996	0.0427211051	0.0325266189	-0.10113241449999999	-0.0681346887	0.0480465731	0.008422288100000001	0.039370478	-0.0015868579	-0.0028916109999999997	0.0385705447	0.0719219087	-0.043141409400000004	0.014464937800000001	-0.0399396142	-0.022823654199999998	-0.05931009690000001	0.049402300499999996	-0.08904356320000001	0.10883119779999999	-0.0010028831	0.0428519567	0.0272020754	0.0235972663	0.0292843235	0.0611803671	0.062056292400000004	5.9415e-06	0.0229388234	-0.10016642630000001	-0.1048909316	-0.1017472682	-0.10547363539999999	0.0268122883	0.036819339300000004	-0.0420979514	-0.0598453367	0.1322586973	-0.05137455230000002	-0.0391758814	-0.0674559256	-0.0041528027	-0.027084755699999997	-0.0364546729	0.0693364392	0.0768141861	0.0266123123	0.027160961400000003	-0.092470775	-0.0115913415	-0.061426123799999996	0.042937085800000004	-0.0470990488	-0.0623697696	-0.005303435400000001	-0.0949766058	-0.062213248099999986	0.0323701333	-0.0372353543	0.026215056	0.0707170554	0.0100385372	0.10787345429999999	0.0250396983	-0.059952433099999994	-0.05743925530000001	-0.146408055	0.0115818653	0.027108116499999998	-0.10024749179999999	-0.0960713497	-0.0164380267	0.0031398194	0.061936702300000014	0.0345273308	0.06547124900000001	0.006107585400000001	-0.051305177	0.026936859900000002	-0.0818360944	0.0149480229	-0.1176819365	-0.0382886853	0.005873733199999999	-0.018211225600000002	-0.0323572633	0.0066295468	-0.0992639166	0.0754574741	0.0055805074	-0.061609238899999995	-0.09888393179999999	-0.0767831966	-0.013782496200000001	-0.0499660841	-0.0808416846	0.030220767599999997	-0.0793007246	0.0565535592	0.0441197935	0.0714521185	0.0147982619	-0.0193605552	-0.0257826104	0.0100491217	0.05035898900000002	-0.10185074279999999	0.1433405085	-0.0959320276	-0.0699760719	-0.0656528184	0.0379158163	-0.0403284342	0.0219317954	-0.0161039789	0.0215205299	0.0195822366	0.10085319849999999	-0.0194971514	-0.0815169366	-0.0321915542	-0.0826023458	-0.016811936200000002	-0.0568719716	-0.0046344521	0.0256226365	-0.034818742400000005	-0.1127105518	-0.003193956	0.009634234200000001	-0.0614321739	0.0594609709	-0.0286348546	0.0312864161	0.0636154449	0.0544330758	0.1173732982	-0.10111052699999999	-0.0135395977	-0.062301222	0.0260951096	-0.095926254	0.0659566638	-0.0518776949	-0.0279354737	0.04864719730000002	0.0049858009	0.0047754291	-0.0031726582	-0.050374804800000006	0.021554551800000002	-0.0085033451	-0.07041946019999999	-0.1464538098	0.030176731499999998	-0.1584059289	-0.0201052687	-0.0529201278	-0.0100155399	0.09205510880000001	0.0961763836	0.005429218100000001	-0.042139013899999994	-0.1056345681	0.0062265527000000005	-0.1035134703	-0.018590821599999998	0.00682603	-0.0029665000000000004	4.65946855609e-05	8.800122250000003e-06	-0.0102244	-0.022025700000000002	0.00048513146049	0.00010453835536	0.180368	0.006982000000000016	0.032532615424	4.874832400000023e-05	0.00259519	3.187999999999976e-05	1.0163343999999844e-09	6.7350111361e-06	0.00135795	0.00014913999999999986	1.8440282025e-06	2.2242739599999963e-08	-0.000349552	4.579600000000002e-05	1.2218660070399999e-07	2.097273616000002e-09	0.0	0.0
8532.618311579003	-13.825873154903093	72805575.25109331	191.15476849547002	10469.337753735721	-10.558123618238824	111.47397433801248	109607033.00179613	6254.987821500492	-7.360310623972509	39124872.64711947	54.17417248136259	6303.246109141383	10141.443439796456	0.953391	35.373089	0.07150922000000001	0.0357167	-0.0307879651	0.0243100345	-0.1408267576	0.047487286399999995	-0.0048360903	0.038674066	0.0889387368	-0.0236961654	0.0913273514	0.0427995879	0.0061747426	0.0284850448	-0.027192181099999997	0.0006411446	-0.0477816604	0.010835638600000001	0.0557487979	0.0692526779	0.0941246243	-0.0440294064	-0.0465032973	0.0093152413	-0.0756162403	-0.0077426125	-0.011696258000000001	-0.0182541462	-0.0702070874	-0.021869538900000002	0.0969598577	-0.0554514444	0.0452622704	-0.046392510199999994	-0.0719144706	-0.0113598999	0.0340596648	0.0235405069	0.016468039099999998	-0.0096117073	0.0532659312	-0.012423093400000002	-0.044847291	-0.0202392027	0.015366365600000001	0.026666601800000002	0.0839178217	-0.0075546954	-0.0651162295	0.0498445559	0.0027497394	0.0456904517	0.002935803	0.0107539431	-0.0602818507	-6.56606e-05	0.14778309550000002	0.043433514699999995	-0.12444589539999999	-0.033867356800000005	0.0550189392	-0.19768556620000002	0.0724517407	0.08707425460000001	-0.0918741274	0.0034442437	0.0170497104	0.1135528826	0.0348591524	-0.030855065499999997	0.0340574625	-0.0858878235	-0.06888336519999999	-0.008127959799999999	-0.0185322551	0.0606542491	-0.050993479800000005	0.0705108983	0.0347066151	-0.0079779382	0.0513270293	0.045079935700000004	0.1126809116	-0.0474831604	-0.0347457685	-0.0211499458	-0.08601490380000001	0.1407953779	-0.0114747856	-0.0065859531999999995	-0.07919573690000001	0.0693074242	0.0046115569	-0.0169098907	0.2075656118	-0.056490036500000014	0.0851116618	-0.08292075410000001	0.040905890099999995	-0.007749837	-0.0658535843	-0.1471376882	-0.006733234300000001	-0.09215726169999999	-0.0368205926	-0.0826156061	0.048654555599999996	-0.08343663650000001	-0.0317184629	-0.0111621185	0.0699062071	-0.021509371200000002	0.0468340553	0.0089381589	0.006635469200000001	-0.0308174884	-0.029702271000000002	-0.007219935899999998	-4.9798e-05	-0.0347025074	0.0913811365	0.05078283980000002	-0.056645447599999996	0.0977786584	-0.0577874579	0.0394276343	0.0463781371	-0.0450754408	0.010553868999999999	-0.054030493	0.0617549527	0.2139971219	0.107495408	0.0030772226	0.0127413646	0.0405022177	-0.07038219679999999	-0.1042285801	-0.0717680319	0.005528604	-0.0280601671	0.0864677909	-0.0786674088	0.10696207769999999	0.0051806039000000005	0.0062035166	0.0369296811	-0.0154836714	0.0450313292	0.00042113519999999996	-0.0089609077	0.0782530111	0.032614430800000004	0.023141580699999997	0.07570128799999999	-0.0149262602	0.146771796	0.08531993269999999	0.046982311299999996	-0.023942049700000002	0.0810338414	0.0099714706	-0.1170174292	0.0708567763	-0.0441849923	0.0414140108	-0.024568560299999997	-0.0356273482	0.0806924336	0.023667719	-0.0861557434	-0.11125181630000001	-0.0446909153	0.025726694300000002	-0.0884655743	-0.0522934109	0.0198530475	0.0044488346	-0.1038775282	-0.0133141006	0.00996423	0.003138199999999999	9.928587949289997e-05	9.848299239999992e-06	0.00539642	0.01562082	0.0002440100174724	2.91213488164e-05	0.154028	-0.02634	0.023724624784	0.0006937956000000001	0.00233785	-0.00025734	6.62238756e-08	5.4655426225e-06	0.00161612	0.0002581700000000001	2.6118438544e-06	6.665174890000003e-08	-0.000362246	-1.2693999999999996e-05	1.31222164516e-07	1.6113763599999993e-10	0.0	0.0
8530.886884812298	-1.7314267667043168	72776031.04146248	2.9978386484601653	10468.938852993588	-0.3989007421332644	0.15912180207446913	109598680.7077187	6257.185286882303	2.1974653818115257	39152367.714376375	4.828854104260075	6303.7566345946325	10160.665106052988	0.956664	35.494556	0.08963060999999999	0.0495338	-0.05452111230000002	0.06739333269999999	-0.06039505980000001	-0.0064482612	0.0402828621	0.0862093823	0.0570100475	-0.010068839	0.0314514537	-0.0059362597	0.030937300299999998	0.0397157366	-0.0583916987	0.0230036669	-0.0408285707	0.0141664753	-0.024810311800000002	-0.0072696765	-0.0358344782	0.02928796	-0.0590254072	-0.0450271881	-0.114830537	-0.0113875592	-0.1093794007	0.040642314	-0.0739280505	-0.0374752336	0.022096488199999997	-0.08171452530000001	0.031119025	0.0283369136	-0.0763961488	-0.0104048887	-0.0180463014	0.0156639009	-0.047495896399999994	0.0461344022	-0.0463122168	0.0336841984	0.0571691162	-0.00024897259999999996	-0.13410930140000002	0.0462615625	0.0424642957	-0.045391912	-0.0680761037	0.0056834361	0.0189010312	0.0562965567	-0.0332279958	-0.021371534100000002	0.052414406100000005	0.0096748864	0.0469097806	0.0105561308	0.0135982068	0.0234054503	-0.09590988460000001	-0.0345768525	-0.011919369499999999	-0.0328578304	0.0958423242	0.0094197905	-0.046870076	-0.0344292936	0.0152201304	-0.0742362038	-0.1459082816	0.1168890235	0.13391420369999998	0.1139201725	0.044995070899999996	0.0104839807	0.1455791484	-0.12120829960000001	0.1098660931	-0.007382609	0.0824149055	-0.1179177966	-0.0446302291	0.2061924266	-0.0668418314	0.0457000864	-0.019786932	0.013758771599999999	0.0024199245	-0.10511378960000001	-0.088809132	-0.0391212356	0.009946191	-0.0183517224	0.1129351667	-0.0164963077	0.0095334085	0.0154393394	-0.090142407	-0.037218856	-0.0167659033	0.0773869903	0.1649670094	-0.0959334734	-0.0102608399	-0.0413473044	-0.039029526099999996	-0.0404152949	-0.0278147911	-0.0415135266	0.0296510378	0.029155275	-0.013792221399999999	0.013714614299999999	-0.0768678571	-0.0013315470000000002	0.007157505600000002	-0.0861289304	0.09959479269999999	-0.0217648564	0.024783656600000002	0.0569651912	-0.0979464572	-0.0166801751	0.0319488792	0.0609247909	0.0506753276	0.042008287199999994	0.0754599641	-0.0026122339	0.0311630132	0.0145203923	-0.0040492999	0.021398065600000002	-0.016743293899999998	0.054064010700000005	-0.0161397742	0.038940853500000004	-0.021015652599999997	0.0171440433	-0.0137805048	-0.1301588149	0.1001206608	-0.0789081088	-0.033326261499999996	0.0442096557	0.0043888161	0.0586875256	0.0358761866	-0.024582856	-0.0129935458	-0.0938270763	-0.171439707	-0.028590937099999998	-0.0386017113	-0.0613974868	0.0784869025	0.0785167538	-0.24015767699999999	0.0627170088	-0.020384011599999998	0.1237545028	0.140318806	-0.07399515570000001	0.1105857453	0.0028874634999999996	-0.0374823711	-0.1077264302	0.0540733703	0.0520835974	-0.0106234244	-0.0704451816	0.0901632345	-0.09263494130000001	-0.0943064741	0.0085287668	-0.0013218553	0.0026698196	-0.10412046949999999	-0.0080024557	0.00788349	-0.0020807399999999998	6.21494145801e-05	4.329478947599997e-06	-0.0361062	-0.04150262	0.0017224674668643994	0.00130365767844	0.17611	0.02208199999999999	0.0310147321	0.0004876147239999996	0.00260207	0.00026422000000000034	6.981220840000018e-08	6.7707682849000015e-06	0.00154181	-7.430999999999996e-05	2.3771780761e-06	5.521976099999994e-09	-0.000221471	0.000140775	4.9049403841000005e-08	1.9817600625e-08	0.0	0.0
8529.64423996004	-1.242644852258309	72754830.8602835	1.5441662288440738	10437.712812098305	-31.226040895282487	975.0656299938547	108945848.74784109	6249.175087851878	-8.01019903042561	39052189.27862853	64.1632885070314	6296.470338535112	10137.672790316024	0.935599	34.712963	0.06890361999999997	0.0426147	-0.0204232994	0.0857128347	-0.043896186799999994	0.0731351876	-0.0082603057	0.052063907300000004	0.0141340293	0.0153643254	0.09394214810000001	0.0464575491	-0.0188823233	0.0124223683	-0.0662800446	0.0566557295	0.0367547932	-0.0130023547	-0.1159915394	-0.0198275926	0.06437143320000001	-0.0072763008	-0.0346540852	-0.0689960133	-0.0332527258	-0.1325946683	-0.043658044699999995	0.0169917139	-0.060457805199999985	0.0511625775	0.046852281100000004	-0.0050425470000000005	0.0252432467	-0.0136689729	-0.0277949733	-0.0956180933	0.0073534568000000015	0.0442958425	-0.08638407710000001	0.117692826	0.0048516975	-0.0031843444	0.058586188899999996	0.037529132	-0.0451799272	0.1069979108	-0.0097120653	-0.0094254797	0.0320766942	0.1446255376	-0.0310835798	0.0457799852	-0.040646805099999996	-0.0738384123	-0.0174457766	-0.0625840125	0.020813321	0.0424013675	0.016176331999999998	-0.0754563005	0.0042834266	-0.0112697852	0.09194418160000001	0.0539062054	-0.0369909925	-0.0263098063	0.09692145939999999	0.0263473096	-0.0709945557	0.0979944588	-0.0023925645	0.2132077281	0.06523278519999999	0.0339517605	-0.0034575941999999997	0.046828960999999995	0.0348153339	-0.0695806719	0.0740088718	-0.0810386476	0.07023968400000001	0.0694857866	-0.044444207199999995	-0.1462891241	-0.0371793676	-0.060204117	-0.015578336399999997	-0.0758437029	0.0637671487	0.0894117051	-0.049405038899999996	0.08916519349999999	0.0016523370999999999	-0.059649770899999996	-0.04771057769999999	0.012875362	0.0910350168	0.0971181701	-0.1444473125	-0.007953455699999999	-0.021142437400000002	0.0093054663	0.0295747552	-0.0545509691	0.0453757215	-0.0555505931	0.0464436777	-0.0055089247999999995	-0.0181489093	0.0320416983	0.09009358099999999	0.0107232142	-0.0328213611	0.043049446100000006	-0.0855444252	-0.0634134158	-0.0604808041	-0.045536361500000004	0.0826667145	0.061705549400000004	-0.0327953785	0.0521069396	-0.0227563616	-0.0026774678000000005	0.009373994699999999	0.0518986813	0.0108188029	0.1164059799	-0.0016394776999999999	0.0033467283000000003	0.07514518070000001	0.06922089769999999	-0.063111965	0.038517729	-0.0191085318	0.0339131962	-0.0781460264	0.058136331299999996	-0.020732555	0.025087696099999997	0.0007271072	0.11533689400000001	-0.0004638353	0.051811772199999995	0.0340955259	0.0917658724	-0.0844708198	0.1311002665	-0.068031938	-0.0991963811	0.026303452400000003	-0.17090763890000002	-0.0793052854	0.023542340099999996	-0.0497372143	0.0922033192	0.0669796506	-0.0238121388	0.020187336	-0.0582306594	-0.0384430943	-0.006423875999999999	0.0806388683	0.1143652818	0.0164935089	-0.014640966799999999	0.0078574496	-0.0233694882	0.0961558681	-0.012117885200000001	-0.12495600230000001	0.0181101032	0.0005300473000000001	0.0708618375	0.0725177987	-0.0978043908	0.1043077733	0.0008900264	-0.104242011	-0.0026698196	0.0096838	0.0018003099999999996	9.377598244e-05	3.2411160960999983e-06	0.00373851	0.03984471	0.0015876009149841	1.39764570201e-05	0.172959	-0.003150999999999987	0.029914815680999997	9.92880099999992e-06	0.00247977	-0.0001223000000000001	1.4957290000000026e-08	6.1492592529e-06	0.00176862	0.00022681000000000006	3.1280167044000007e-06	5.1442776100000016e-08	-0.00035451300000000004	-0.00013304200000000005	1.2567946716900006e-07	1.7700173764000013e-08	0.0	0.0
8539.063955658647	9.419715698606524	72915613.23882869	88.7310438425742	10432.648153631475	-5.064658466830224	25.65076538563508	108840147.49747024	6261.638670001556	12.463582149678588	39208118.83365886	155.3408800017867	6305.5078067075965	10159.447971256432	0.94529	35.072533	0.061773350000000025	0.0399695	-0.0629077381	0.0761206701	0.0422558018	0.0501169831	0.0114526456	0.0726090124	-0.0040540047	0.0439197831	-0.0059268137	0.0336215906	0.0761120468	0.0124032472	-0.043940125	0.0692525241	0.09048205869999999	-0.0397622414	-0.0642984474	-0.0243189067	0.0728888478	-0.025859594399999998	-0.0341461267	-0.0243004517	0.0260891475	0.0020596864	0.0346775647	0.048974816799999994	-0.0568817724	0.010069124799999999	-0.0678857979	-0.0086608667	0.0162920802	-0.0223782729	0.054573295599999995	-0.1141842064	-0.0209032702	0.0881632037	0.053119481600000004	0.00693295	-0.0698930088	-0.042645388799999996	0.038932414500000005	-0.025311180699999998	0.09055907980000001	-0.0314140798	-0.07946143280000001	0.0697543477	-0.1104863944	0.0449013648	0.0611284809	0.12356077019999999	0.047919425	-0.0046209692	-0.029841106200000002	-0.1009250853	0.057276753	-0.07507612599999999	0.0681376197	0.011471228200000001	-0.1193000867	0.023878273	-0.098431763	0.0226236481	-0.0746660313	0.0605107324	0.0136774016	0.0790454766	0.0105598	0.1015371768	0.12322972439999999	0.06674545559999999	-0.0391034525	0.1257506684	-0.0223146854	0.0215527008	-0.0333691354	0.1532430296	-0.0319179675	0.006875474300000001	0.033626212200000005	-0.0486433745	-0.0126566727	0.0575488617	0.0184859104	-0.0714621345	-0.071760913	0.0071631559	-0.0005402775	-0.0383989324	-0.0062973701000000005	-0.049010072300000006	0.1342586642	-0.043238088200000004	0.1085202905	-0.0174618376	-0.0266752254	0.11829018570000001	0.0498584153	0.0564748117	-0.0709945362	-0.0421573862	-0.0598338471	-0.0250696806	0.0722615236	0.0406819676	-0.0356085419	-0.0201559433	0.0409739962	0.0636172247	0.0242340648	0.062176347300000004	-0.0597814147	0.1207296393	0.0212077219	-0.0222771648	0.0213214009	-0.0330260589	-0.053917778799999996	0.0962870192	0.0522674874	-0.0270079869	-0.10370108130000001	0.0351121461	-0.0270034804	-0.0006407813	0.0323226679	-0.0245313294	-0.0327727709	0.0832448994	0.0093342592	-0.0616789707	0.1637021126	-0.05945293650000001	0.1531039663	0.007819248	-0.0237072249	0.0727702915	-0.012286378200000002	0.124665443	-0.08824722410000001	0.042706580599999995	-0.018743383	0.0850984685	0.0412772654	-0.0478344658	0.007120690600000002	0.0147237368	-0.13283724119999998	0.0742182428	-0.0363718045	-0.06903583190000001	0.1117511293	-0.0867320412	0.1169531218	0.0653840957	-0.0042301442	0.0018425841	-0.12102807759999999	0.0256479985	0.1279928521	0.041636615099999996	0.0458909154	0.0040850921999999994	-0.065041867	0.023231257999999998	0.0641222556	-0.0934703308	0.0779331207	0.0790533856	0.0317561932	-0.0259980654	0.0090049269	0.0002835464	0.058745243899999994	-0.0405400011	0.0379680684	-0.0008900264	-0.104242011	0.0026698196	0.00795491	-0.0017288899999999983	6.328059310810002e-05	2.989060632099995e-06	-0.0340688	-0.03780731	0.0014293926894361007	0.0011606831334400002	0.171695	-0.0012639999999999876	0.029479173025000006	1.597695999999968e-06	0.00258425	0.00010448000000000012	1.0916070400000022e-08	6.678348062500001e-06	0.00163281	-0.0001358100000000001	2.6660684961e-06	1.8444356100000025e-08	-0.00017534	0.00017917300000000005	3.0744115600000004e-08	3.210296392900001e-08	0.0	0.0
8541.306151998706	2.242196340059309	72953910.78217094	5.027444427375358	10425.917795711925	-6.730357919550443	45.29771772525535	108699761.88294259	6254.381520662573	-7.257149338983255	39117288.20600549	52.666216528305085	6298.083480647912	10219.00578526766	0.963396	35.744312	0.06934784000000001	0.0316635	-0.0367484959	0.0085837634	0.0706397022	0.0970878004	-0.021178191699999998	0.031672253399999996	-0.0321416857	0.0561121563	-0.0098407152	0.040037349300000004	0.0065625516	0.0336044633	-0.015781712399999998	0.09796161519999999	-0.0195569968	-0.1134716441	-0.039182404500000004	-0.0520447819	0.045378238700000004	-0.0467859646	0.07169977799999999	-0.1394971975	-0.009650522	-0.0475434996	0.0121046773	-0.0648972334	-0.0716528639	0.0621634271	-0.0468060321	0.0670753691	0.006559702299999999	-0.0207565111	0.018628251999999998	-0.050937239	-0.0289190303	-0.0077306675	0.0446132532	0.0104115476	0.0176345961	0.0386616163	-0.028400936800000002	0.051617574400000005	0.034380057400000004	-0.0277428948	-0.0447496289	-0.07574147839999999	-0.0996925557	-0.034360090600000004	0.0936576167	-0.0405181259	-0.084717846	0.0618083478	-0.0754310899	-0.0514992305	0.0177628917	0.0425490043	-0.06569206179999999	0.0561439442	0.029906299	0.0753910646	0.054154802599999996	0.0699332834	-0.09338713380000001	-0.0599861413	0.0194729188	0.043386893600000004	0.006968889399999999	-0.016459156699999998	-0.0768194974	-0.0613533169	-0.006249536	-0.0058059598	0.007837147099999999	-0.052662605	0.0085741671	-0.0115295294	-0.1101070201	-0.0486650913	0.0760385597	-0.0193635586	0.15159468369999998	-0.1248877861	-0.0716980894	0.1259203489	0.106893704	-0.0705879633	0.1037179755	0.046644649100000005	0.051104286900000004	0.0324320939	0.0481844901	-0.0269328837	0.0566007162	0.11514875210000006	0.0997935319	0.0473445131	-0.0376285019	-0.1984599535	-0.0292880568	0.0904602618	0.0708358096	-0.0065165068	0.08591760890000001	0.0546837769	0.0295779889	-0.0257746685	0.011446004199999998	0.0295376061	-0.0076542582	0.0477153975	-0.0340486207	0.0374197333	0.03751222	0.0410985153	-0.0565179762	0.0778881366	-0.0078089186	-0.0225368877	0.0082580435	-0.0311054653	-0.01373875	0.0394991973	-0.0699413606	0.0669987349	0.1438486889	-0.0795806172	-0.056560552300000004	0.0248187817	0.0430682079	-0.007668621	-0.0912823591	-0.010532661	-0.001203207	-0.0161405454	-0.0076516227	0.028136759	-0.0444956552	-0.0094751509	0.1640803259	0.0452217475	0.0407159109	0.0092792268	0.037065725	-0.0296803704	0.0031276859	-0.0021827089	0.10622635529999999	0.0005385394	0.0526812654	-0.0625017529	0.0578374486	0.0400985202	-0.1319644304	0.0795785275	0.0023370573	0.1241670451	0.11525172789999999	-0.0099216561	0.0607647825	-0.05369396059999999	-0.0100002197	0.017911658700000003	0.0585932849	-0.052901838099999994	-0.0914030757	-0.0336806467	0.1707532088	-0.0548996708	0.1905774113	0.0382640932	0.019782916499999997	0.109972536	-0.0439718983	-0.00152285	0.0728306583	-0.0026698196	-0.10412046949999999	0.0080024557	0.0143082	0.006353289999999999	0.00020472458724	4.036429382409999e-05	-0.010777900000000002	0.023290900000000003	0.0005424660228100001	0.00011616312841000005	0.160321	-0.011374000000000023	0.025702823041	0.0001293678760000005	0.00241204	-0.0001722100000000003	2.9656284100000113e-08	5.8179369616e-06	0.0014532	-0.00017960999999999994	2.1117902400000004e-06	3.225975209999999e-08	-0.000390113	-0.00021477300000000005	1.5218815276900002e-07	4.6127441529000006e-08	0.0	0.0
8552.394397715389	11.088245716682652	73143449.93407357	122.94919307353113	10447.169548849944	21.25175313801992	451.6370114393396	109143351.58241756	6261.844575678906	7.4630550163328735	39210697.48995934	55.697190176811276	6306.935324815107	10214.159022393642	0.962579	35.713985	0.020426399999999977	0.00962208	-0.0636863541	-0.044662580599999994	0.0896705748	0.0644309471	-0.0425972039	0.027847063199999997	-0.0379548916	0.08862749460000001	-0.0398854744	0.0246988635	0.04623367900000002	0.0783460359	0.013876763799999999	0.0357445906	0.0362498787	-0.0639953455	0.1352589251	0.0484982611	0.0791662796	-0.0487584474	-0.0137192976	-0.1323727903	-0.0595006866	0.0162374369	-0.0645829408	0.021970106	-0.0339625358	-0.0141501727	-0.0933319707	0.0527450599	0.0769481227	0.0177097372	0.0636811666	0.0364416863	0.0110569617	0.0051042629999999995	0.15212726869999998	-0.0024226327	-0.0211408407	0.11023338630000001	0.030413947599999998	-0.0325847746	-0.0454031038	-0.013211646200000001	0.0738324022	-0.0055862015000000004	-0.0207735149	0.071162302	-0.1506739463	0.08891023699999999	0.0176673871	-0.0487922308	-0.0194933453	-0.0179775853	-0.0477437853	0.010638375700000001	-0.0544390951	0.0353629187	-0.1224400183	0.022135381000000003	-0.0819493525	-0.1719516073	-0.035459756099999996	0.0840167387	0.10206558689999999	0.11544996	0.1218620042	0.0350520484	-0.05186034269999999	-0.1008156566	-0.1072268848	0.042575048	0.0637681809	0.011724605	-0.0175909855	0.08116149730000001	-0.0675637758	-0.0493772105	-0.0630068067	0.09044717960000001	0.148988715	0.0593627055	-0.11693584539999999	-0.0440651046	-0.0200693702	-0.0677716386	0.0465741588	0.011847276399999999	0.0521000181	0.0478123964	0.0869129438	0.0179089068	0.0993499614	-0.0317372383	-0.0323849894	-0.0099109222	0.0378097606	0.129399016	0.0002969044	-0.022292157599999998	0.0716076744	0.0072429399	0.0504877859	0.10026223199999999	-0.0170848574	-0.056576981900000003	-0.0364837841	0.017781048600000002	-0.088632234	0.0723946433	0.0434408957	0.071834103	0.1049363157	0.045155427000000005	-0.0073955597	0.008948869699999999	0.0339787004	-0.06786136400000001	0.0298436526	0.0895893439	-0.043876592	0.0583708033	0.009272407199999999	0.06824940980000001	-0.091481287	0.0858737781	-0.0686984291	-0.0172052888	-0.015215345900000003	-0.0750522852	0.057082659699999996	0.0794778635	0.2364109859	-0.0750318052	0.023133401	0.0172418581	0.0153832507	-0.0326843769	-0.0292425722	-0.0979122223	-0.1511611698	0.0657427939	0.004181389000000001	-0.0684400491	0.1340599248	0.0871995942	-0.039479580800000004	-0.0354657247	0.06766779719999999	0.0073065401	0.056826518300000003	-0.0631804609	0.0468376347	-0.048548782900000004	0.0360438966	0.08735091800000001	0.0184682365	-0.047359690700000005	0.021426111299999998	-0.0885218197	0.0384635262	0.0246940816	-0.11216987449999999	-0.045013476100000005	0.0767093096	0.0370091181	0.0831832708	0.1083227398	-0.0203379613	-0.0557411846	-0.10583574800000001	0.014886481299999999	-0.10566912619999999	0.0283152411	-0.0649533806	-0.0044488346	-0.1038775282	0.0133141006	0.0129565	-0.0013517000000000008	0.00016787089225	1.8270928900000026e-06	-0.0172679	-0.0064899999999999975	4.212009999999997e-05	0.00029818037041000003	0.15601199999999998	-0.004309000000000007	0.024339744144	1.8567481000000064e-05	0.00233201	-8.003000000000002e-05	6.404800900000005e-09	5.4382706400999985e-06	0.00152182	6.861999999999991e-05	2.3159361124e-06	4.70870439999999e-09	-0.000406977	-1.6863999999999952e-05	1.6563027852899999e-07	2.8439449599999834e-10	0.0	0.0
8551.263787350688	-1.13061036470026	73124112.36085524	1.2782797967676551	10434.314788437276	-12.854760412668838	165.2448652671179	108874925.10420084	6257.933315205471	-3.9112604734345955	39161729.377558544	15.297958491051812	6302.573505355842	10228.631785411673	0.923772	34.274174	0.0275281	0.016067500000000002	-0.0342852877	-0.0737442867	0.08241872360000001	0.07440735009999999	-0.0594748917	-0.0249644808	-0.0553934032	0.0761215045	-0.034163864599999996	0.0187389248	-0.0512232067	0.0468253662	0.0319097587	0.0416003318	-0.1038035777	-0.11825153529999999	0.0747968221	0.0468021365	0.0288009371	-0.024870609100000003	0.024458405	-0.0964683616	-0.0818171738	0.0312658269	-0.0249360135	-0.058079699299999996	0.0057766662	-0.0190205048	-0.060985658	0.12030406029999999	0.0807524883	0.0314723916	-0.0252216532	0.065503278	-0.0184968808	0.0113931491	0.1156534906	0.09525933119999999	0.0705773626	0.1529429327	0.093374855	0.003621123	-0.1004399577	0.1111486087	0.0332393551	-0.0978967864	-0.0418664975	0.0299065565	-0.0662050909	0.0089778674	0.0694562757	-0.0487006873	0.06422963450000001	-0.06526109719999999	0.11200358740000001	-0.0175967095	0.0214247936	-0.0066993718	0.0376034025	-0.0142092503	0.026069002200000004	-0.0476914323	-0.010392552099999999	0.048079749299999995	-0.15778637380000002	-0.0377186775	-0.023313396	-0.010773751399999998	-0.006356258399999999	0.0405778148	0.0095317951	0.10680193789999999	0.010625114599999999	-0.067881156	0.06706293940000001	0.0671320846	-0.0579905499	0.0181726572	-0.0418939008	0.0140594779	-0.060934031	-0.15070610310000002	0.0030797151000000003	-0.06465624240000001	-0.0243104754	0.014479931000000001	-0.025848420499999997	0.0109313539	-0.0610088487	-0.0504738489	0.10882730119999999	0.1062743664	-0.0982010092	0.0298485367	0.0992835636	0.0862132118	-0.0392451353	-0.1226290959	-0.053204912800000004	0.041550978100000004	0.019097128799999998	0.038363279900000005	0.030654839	0.1005734332	0.0415522366	-0.0314257033	-0.0920628126	-0.0425595816	-0.0759523031	0.0182652552	-0.012295738899999999	0.039938551600000004	0.09926635140000001	-0.0263559933	-0.0855901716	-0.0521732396	0.08751307859999999	-0.0777594963	0.029250584	0.1685789441	-0.0451717684	-0.0251128896	-1.32773e-05	0.0512651194	0.0321536983	0.1417784447	0.0127081214	-0.0755853946	0.0021034185	0.059001432300000003	0.0007673118	-0.1007464091	0.0108193287	-0.068516176	0.0103789729	-0.014462928600000001	0.1279545216	0.0087123095	-0.0171224169	0.0001444394	0.0677552576	-0.09849554279999999	0.0312455879	0.0443579111	0.1031509352	-0.0853547576	-0.0668744764	0.0590484638	0.0266320826	-0.0536162149	-0.0093336394	-0.0013341693	0.0454186434	-0.0203544358	-0.0137595887	-0.060968069800000003	0.007087287800000001	-0.07698246190000001	0.088425155	0.0445979262	0.0041988276	0.1624142171	-0.0004487307	-0.0203902057	-0.0106580779	0.0015768871	0.0767818307	-0.0195986099	0.0030369995	0.1503106546	0.0562221333	0.0277451783	0.0094575668	0.0006189004000000001	0.1933744584	-0.0062265527000000005	-0.1035134703	0.018590821599999998	0.0129913	3.479999999999976e-05	0.00016877387568999994	1.2110399999999834e-09	-0.0028313	0.0144366	0.00020841541956	8.01625969e-06	0.153067	-0.0029449999999999754	0.023429506489000003	8.673024999999856e-06	0.00235455	2.254000000000015e-05	5.080516000000066e-10	5.5439057025e-06	0.0014312000000000005	-9.061999999999936e-05	2.048333440000001e-06	8.211984399999887e-09	-0.000317903	8.907400000000002e-05	1.0106231740899998e-07	7.934177476000003e-09	0.0	0.0
8549.518303621266	-1.7454837294226309	73094263.22395505	3.046713449679136	10457.05095921722	22.73617077994459	516.9334617348061	109349914.76366578	6253.1638119917025	-4.769503213768985	39102057.6596026	22.748160906152677	6299.956214549288	10199.113085943643	0.922924	34.242709999999995	0.014173386800000009	0.00655653	-0.042300744800000005	-0.1092658041	0.0625208803	0.0437437064	-0.08777709800000001	-0.0378834948	-0.0358231663	0.09662016960000001	-0.0578792745	0.057153153899999996	-0.0036054685	0.0699870632	0.0235227729	0.0116866826	0.029666668599999998	0.0212928171	0.11555296279999999	0.0618055162	0.150887513	-0.0064583007999999996	-0.0006334579	-0.14125801699999999	-0.029636491600000002	0.0682200197	0.047867095199999994	0.06119434	0.0100581592	-0.0575538934	-0.0645129075	0.1193109648	0.059017326399999986	-0.1031392818	-0.060725873099999994	-0.027457092000000002	0.06352495450000001	-0.137496537	-0.0652881085	0.085076816	-0.0600353724	0.050946159299999995	-0.0818714942	-0.0287434663	0.0391400421	-0.0396809152	-0.0178491917	0.0400572586	-0.035959934900000004	-0.0544884951	0.0358478088	0.1432310774	0.10124606539999999	0.11717775400000001	0.0668521872	-0.0773586066	-0.0724803432	0.0282304504	0.0010981133999999999	0.0834923013	0.009840448100000001	-0.0336319359	0.058018994299999994	-0.0247804421	0.0364372893	-0.019629440800000002	-0.0279549264	0.1475798569	0.0010390195	-0.0704682376	-0.1040059095	0.0255629817	0.022906268599999998	-0.0076629792	-0.09350185970000001	-0.1165455377	0.032069214900000004	0.0897755191	-0.0032580441	0.0720073028	-0.0410409052	0.0303141392	0.0552718873	0.07897868400000001	-0.0837750893	0.000332261	0.0266846163	0.0884914557	-0.018518095800000002	0.0875316484	0.0109933435	0.013853209299999999	0.0177253955	0.07486701559999999	0.03798977	0.0246272906	-0.07382930019999999	0.0397974519	-0.0181720742	-0.0139034426	-0.059143600199999986	0.0753633632	0.0278153617	0.0512379022	-0.0029241664000000003	0.1191317875	0.0338288763	-0.138082255	-0.0007977580000000001	0.0026483984000000003	0.05638990610000001	0.0066731517	0.1078452163	-0.0271040038	-0.0152845664	0.08002440570000001	-0.0612138035	0.0285270994	0.12427200699999999	0.08242630000000001	0.041826848	0.0015937722	-0.0422927141	0.0908920603	-0.0370018685	-0.10804185890000001	0.0557204566	-0.0274472812	0.0024016913	-0.0464117791	-0.0909895005	-0.13538843550000002	0.0198757135	-0.1010299251	-0.0364777304	0.06432553070000001	-0.1066489908	-0.0410606894	-0.0204842488	-0.0636050505	0.015726377	-0.0790568133	0.052088807599999995	-0.0036651338	0.0895143441	-0.0347844187	0.0404452562	-0.0996651306	0.0799926412	-0.0339466573	0.10135849779999999	-0.0865655815	-0.0423496665	-0.017934121299999998	0.1103782832	-0.0056511899	-0.0399109905	0.039251392	-0.0297044945	-0.0556732874	0.0017982954999999996	-0.0060214512	-0.0424083231	-0.0751103896	-0.0525908049	-6.847010000000001e-05	0.00485627	0.08111947259999999	0.0542204906	0.11688693019999999	0.0163852374	0.0192736928	0.0899210656	0.0173607772	0.0264589262	-0.0306431153	0.0612341255	-0.0080024557	-0.10302872029999999	0.0238187774	0.0159898	0.0029984999999999994	0.00025567370403999995	8.991002249999997e-06	8.633679999999997e-05	0.0029176367999999998	8.512604496714242e-06	7.454043034239994e-09	0.148855	-0.004212000000000021	0.022157811024999998	1.7740944000000178e-05	0.00234531	-9.23999999999977e-06	8.537759999999574e-11	5.500478996100001e-06	0.0013931700000000006	-3.802999999999988e-05	1.9409226489000016e-06	1.4462808999999907e-09	-0.00035153800000000003	-3.363500000000007e-05	1.2357896544400006e-07	1.1313132250000044e-09	0.0	0.0
8544.827152823134	-4.691150798131275	73014071.07162352	22.006895810807706	10465.14528659336	8.094327376138608	65.51813567210692	109519265.86950721	6258.474503131484	5.3106911397817385	39168503.10634688	28.203440382156263	6305.097509223348	10232.570208257415	0.959694	35.60696	0.0565030368	0.0304421	-0.0344952765	-0.1393028582	0.03269508	-0.0129131996	-0.047675550899999995	-0.0883660984	-0.0162119048	0.0541663943	-0.0674626374	0.0414833832	0.0085014079	0.0963139933	-0.0568222107	0.026446661899999998	-0.0952980586	0.014929743	0.0028898774	0.0704649485	-0.0185169411	0.0402756858	0.0438398625	-0.0403571323	0.0314984712	-0.0818212142	0.0156890101	0.1379360375	0.0661776618	-0.09838711509999999	-0.0146779602	0.0563599532	0.0813486529	0.0278240253	-0.0554759362	-0.0217119983	0.033671854	0.09603223179999999	0.0049300177	0.08497975960000001	0.0335767138	-0.0297032452	0.0551862971	0.0127496785	0.0607705775	-0.0031890975	0.1092345888	0.1554910344	0.0028927793	0.06379988290000001	-0.0461364731	0.0798487623	-0.134760614	0.0091476011	0.0655576772	0.061661189299999995	-0.0911025396	0.1189799478	0.0066530602	0.1025207422	-0.1126251542	0.0551664375	0.0823535831	0.0900146456	0.1132021608	-0.0354588053	-0.0168695682	-0.0564418343	0.0773747301	-0.09876408460000001	0.06705544599999999	-0.0840400698	-0.0043673172	-0.0256679428	0.0647221396	0.0778565274	0.076370729	-0.09181654880000001	-0.0414559276	-0.0434545888	0.073227839	-0.101533115	-0.018177327099999998	-0.0250145345	0.0403773353	0.0372114988	-0.179225692	-0.0600250522	-0.0438501796	-0.03594154	0.06512049360000001	0.0715521824	0.07545984509999999	-0.0656269742	0.041529684500000004	0.1280339802	0.0500977425	-0.0002123704	0.11249719109999999	0.1027206295	-0.0529382149	0.04905602110000001	0.0584010518	0.0629782488	-0.0828534826	0.09473103849999999	0.0067017402	-0.04309731	-0.0766292024	-0.0775284942	0.0309147039	0.0050116725	-0.023197472	0.065667478	-0.029679257799999997	-0.0344992625	-0.09073123720000001	-0.0172364552	-0.0530782865	0.0298329065	-0.009017533000000001	-0.0044836966	-0.0668243983	0.040067945699999996	-0.0945484744	-0.07758690879999999	-0.1360756867	0.048407384500000004	0.058099078099999986	-0.023902743900000002	0.0856638642	-0.0801613455	-0.1447724403	0.1484514528	0.076146399	0.1658013693	-0.0414211186	-0.003508172	-0.1361562218	-0.0211706712	0.0221812276	-0.0533130722	0.0225968992	-0.0466075631	-0.039649099	6.46416e-05	-0.0123153758	0.0010773983	-0.0329846743	0.0517940575	-0.0991567211	0.1217460133	0.049009353	0.0077284445	-0.153385575	-0.0663898454	0.0536743533	0.0097421401	0.054312799800000006	0.0427042522	0.1132706553	-0.0258727737	0.1277920693	-0.0150405454	0.0754505502	0.0055912576	-0.0726158989	-0.1461620874	0.0959816687	0.08734894359999999	-0.0983429007	0.09368039130000001	-0.0380305093	-0.0640137208	-0.0259103335	0.013747584699999999	-0.09843003210000001	-0.0097760258	-0.1024238435	0.0289842546	0.0106204	-0.0053694	0.00011279289615999995	2.883045636e-05	-0.0181786	-0.0182649368	0.00033360791630799414	0.00033046149795999983	0.171648	0.022793000000000008	0.029463035904000002	0.0005195208490000004	0.00242587	8.055999999999992e-05	6.489913599999987e-09	5.8848452569e-06	0.00142708	3.390999999999941e-05	2.0365573264e-06	1.14988809999996e-09	-0.000264494	8.704400000000004e-05	6.995707603599999e-08	7.576657936000008e-09	0.0	0.0
8540.756001346721	-4.071151476413434	72944513.07454003	16.57427434390328	10449.882624847964	-15.262661745395233	232.94884355435116	109200046.87309936	6259.435002015733	0.9604988842484091	39180526.54445969	0.9225581066424386	6304.91967760292	10152.960536580169	0.93922	34.847332	0.07695106000000003	0.0410406	-0.0439470535	-0.1290807567	-0.0101292163	-0.005624405600000001	-0.1075829588	-0.1271952469	-0.018608366299999998	0.0254587661	-0.0347866411	0.1014068219	-0.01938422	0.044695289400000004	-0.0512332758	0.0554834843	0.0047975154	0.0808430384	0.0046280022	0.0631471463	0.11191991849999999	-0.0487694135	-0.044712217699999994	-0.0549223155	-0.053900061799999996	-0.0039142007	0.0270585333	0.015016678500000004	0.0411558447	-0.1181958999	0.0544715813	0.1154098168	0.043705593	-0.0646092028	-0.0396759145	-0.082236822	0.0298676637	0.0444868266	0.0633532408	0.0337059969	-0.0214150894	-0.0101070979	-0.0763928168	-0.0772338684	-0.055782705999999994	0.003215907	-0.054954769400000006	-0.0036048265000000004	-0.0064013343	-0.039414642400000005	-0.0183925972	-0.0525768772	0.0281701651	-0.0541410369	-0.0722034065	0.0669226945	0.18629333539999998	-0.026723396200000003	-0.061062210199999994	0.08042837679999999	-0.1012659773	-0.0084957837	0.10295411369999999	-0.0393714935	-0.004565909	0.1070889509	0.0685843493	-0.0485639477	-0.0196232787	0.0192155286	-0.0589742797	0.17456386399999999	-0.021834665	0.044949961399999995	-0.0940741667	0.0620284903	-0.1103885705	0.09457518570000001	-0.0343629763	0.07015714370000001	-0.0703835121	-0.0433027092	-0.0396767076	-0.1253629181	0.0248555968	0.0041916593	0.0734998982	0.1119703827	0.0186338336	0.0045894242	0.005071958400000001	-0.11603418300000001	0.0696921404	-0.0911030096	-0.15612411539999999	0.0038050288	-0.0072497874	0.1308272091	0.0074720156000000005	0.08110424150000001	-0.007636768	-0.052125566500000005	0.0925288558	0.0647229507	-0.09414674949999999	0.07055676129999999	0.10994096880000001	-0.09329596650000001	0.0112542805	-0.022895263399999997	0.09300324289999999	0.0336733003	0.014968425300000001	0.0990372885	-0.0200457064	-0.006628048100000001	0.0276643012	0.06735444809999999	-0.0122270647	0.001832025	0.1180346586	0.0239275804	-0.0550617717	-0.055051297400000004	0.0977638634	0.0650272551	-0.0113131403	-0.029884917400000002	-0.0229933075	0.0837299609	-0.029946565499999998	0.1660154063	-0.003879947	-0.0212774535	0.09905684990000001	0.044622170999999995	-0.0047606828	0.042691169	-0.0033283981	-0.0501045806	0.0192980299	0.0118263639	-0.013178639499999999	-0.0134882135	-0.023032574	0.0874498975	0.05821710400000001	-0.0875136266	0.0008664597999999999	-0.0870428847	-0.0745173405	-0.16071784220000002	0.0222597754	-0.08637532380000001	0.1098505544	-0.0113622328	-0.1020888619	-0.0599955241	0.028415113	0.0132523677	0.0878756991	0.10655308029999999	-0.0576406536	0.040844697799999996	-0.1014183091	0.023767254900000003	0.0672327372	-0.0403176816	0.027462159500000003	-0.091834162	-0.0122975273	0.0593558661	0.06819846389999999	0.0299126758	0.12170140869999999	0.10009394560000001	0.012499774699999999	-0.011546746200000001	-0.101699545	0.0340737038	0.0115073	0.0008869000000000011	0.00013241795329000002	7.865916100000022e-07	0.00983741	0.028016009999999997	0.0007848968163200996	9.67746355081e-05	0.144182	-0.02746599999999999	0.020788449124	0.0007543811559999995	0.00228512	-0.00014075000000000025	1.9810562500000072e-08	5.2217734144e-06	0.00159474	0.00016766000000000006	2.5431956676e-06	2.810987560000001e-08	-0.000367727	-0.000103233	1.35223146529e-07	1.0657052289000001e-08	0.0	0.0
8553.851306923589	13.095305576867759	73168372.18095839	171.48702815154385	10476.746046231645	26.863421383681267	721.6434084372241	109762207.7172304	6263.620972121354	4.1859701056209815	39232947.68239845	17.52234572515253	6310.820697067011	10158.295513393292	0.934874	34.686081	0.08775266000000001	0.0498192	-0.0469473628	-0.1193150918	-0.0166713415	-0.0788571846	-0.0574023931	-0.10892055960000001	0.043822943600000004	-0.0265819766	-0.07567304030000001	0.0504419458	0.0863440566	0.08036232730000001	-0.015753696799999998	0.1348612383	-0.0624787392	0.075360056	-0.0488241825	0.0108228046	-0.0766817393	0.0249274529	0.0257243524	0.022866814500000002	0.0187156352	-0.0160520301	-0.015560568500000004	0.0654511102	0.061122878600000013	-0.1336929965	0.0141360574	-0.0121537777	0.0181861906	0.063400005	-0.0477038269	-0.047879681699999996	0.0645756909	0.10471028550000001	0.0693131726	0.08967718390000001	-0.0812786632	-0.1338646097	-0.1072337463	-0.1354004463	-0.023041062999999997	-0.06736609519999999	0.0505261487	0.0440789152	0.1151436197	0.0395465931	-0.096629151	-0.0020544237	-0.0469281676	-0.0058527951000000005	0.027878234300000002	0.0354850139	-0.0363282267	0.1166003303	-0.040683530600000004	-0.0869434798	0.013167532	-0.0877209146	0.18228885949999998	-0.0122492974	-0.0319352578	0.0122721946	-0.0073991158999999985	-0.023374353599999998	0.025087819	0.0666713981	0.010974578300000001	-0.0465146152	-0.0203807654	-0.035610280099999995	0.07809700530000001	0.08648148619999999	-0.0481327338	-0.0339346382	-0.0006784267	0.029636324500000002	-0.0177380555	-0.0717133431	-0.054356141	0.0393718014	0.0472198958	0.0693853955	0.1700744478	0.0204507719	-0.0094512177	0.029646314700000002	0.1094593605	-0.022615146800000003	0.0718873281	-0.0017824907	-0.0515823834	0.071579623	0.09827664960000004	-0.060840129000000014	-0.018139592	-0.10504086259999999	0.0057379656000000005	-0.0335506736	-0.10351441380000001	0.0462317097	-0.1197373053	0.0452707812	-0.0198797458	-0.0101694236	-0.010893857	-0.0560295154	0.0366432598	0.1068053674	-0.0014911982999999999	0.124532282	-0.038866528399999996	-0.12918567539999998	0.06493590269999999	0.022814589399999998	0.0395652394	0.015176003300000001	0.0584221626	-0.08427168199999999	-0.009587361899999999	0.0004610635	0.0140509943	-0.026066914	-0.1849113098	0.018107576	-0.0233923711	-0.06548196519999999	0.0077521556	0.0911794105	-0.1033893892	0.08968525869999999	-0.1071813762	0.021503203	-0.1660233657	-0.02358381	-0.017423635	-0.038318378199999996	-0.0028997416999999998	-0.029259816400000006	-0.035716442200000004	0.0587785974	0.021757682200000003	0.10459557800000001	-0.041834244900000005	0.059743932199999995	-0.0941103933	-0.0487187729	-0.05982585150000001	0.1236085224	0.0603197232	-0.060317826799999995	-0.0490605095	0.0685591928	-0.0590779204	0.0362757698	-0.014679231899999999	0.072765006	-0.042643298899999994	0.0516024368	-0.1004810528	-0.1080824428	0.0074594417000000005	-0.0179540405	0.0410131981	0.0385644135	0.0726261067	-0.0939400267	0.1239484651	0.1339269059	-0.0261233806	0.0683153655	-0.09267278720000001	0.0240672154	0.0352147302	-0.0133141006	-0.1008566694	0.039073774900000004	0.0116599	0.00015259999999999926	0.00013595326800999998	2.3286759999999777e-08	-0.0256947	-0.03553211	0.0012625308410521	0.0006602176080900001	0.175295	0.031113	0.030728337025000007	0.000968018769	0.00257812	0.0002930000000000003	8.584900000000018e-08	6.646702734400001e-06	0.00157855	-1.6190000000000128e-05	2.4918201025e-06	2.6211610000000415e-10	-0.000257818	0.000109909	6.6470121124e-08	1.2079988280999998e-08	0.0	0.0
8553.94492750454	0.09362058095211978	73169973.82278067	0.008764813177812414	10502.419638468284	25.6735922366388	659.1333383331997	110300818.26248428	6261.673183596799	-1.9477885245541984	39208551.05817527	3.793880136385021	6309.596828165878	10196.680059571874	0.962473	35.71006	0.09487603	0.0500447	-0.043465391799999996	-0.1055264965	-0.1005081687	-0.018494203	-0.06829772	-0.11574431810000001	0.10223749630000001	-0.0531730562	-0.023993949100000002	0.0800130318	0.0509660641	0.011660232900000001	-0.0061393763	0.0409628331	0.027762902000000002	0.0440139527	-0.0432636005	-0.0703473768	0.0724574777	0.0032816636	0.0667055072	-0.0166480346	-0.1115619751	0.0751864463	0.0124118404	-0.0693216086	0.0161056595	-0.0916120458	0.0982897722	0.021883001200000002	0.0250551843	-0.0273892959	0.053382077699999995	-0.0247109312	-0.0473054459	0.0705863137	0.024186492400000002	0.0617307862	-0.0664333538	-0.0225376607	0.0459025795	0.058113198899999996	0.0721497261	0.0099340161	0.029796023199999997	-0.029997873799999998	0.1610625973	0.12272513119999999	0.0053846331	0.0547612463	0.040665539300000005	0.1078903531	0.0286735523	-0.23444172510000005	-0.012558843	-0.0149421529	0.0415498414	0.0994478339	0.09958169630000001	-0.07848766160000001	-0.005944750600000001	-0.0559941833	-4.176e-07	0.1159191517	0.0340335062	-0.0864139376	-0.14531898769999999	-0.0721646868	0.0082951799	-0.0335707654	0.1132674542	-0.0077079047	-0.033111400000000006	0.0625551516	0.0116708659	0.0969484134	0.0393258374	0.0667512713	0.0302651721	-0.0075718416	0.0151600958	0.0231438768	-0.0200039418	0.043074145700000004	-0.1357772338	0.06924328540000001	0.0399667023	0.0560667525	0.0828048585	0.0597510358	0.07245303410000001	0.0376445644	-0.018627872099999998	-0.067621081	0.0122461122	-0.0472496538	-0.0036656154	-0.043405295700000006	0.08877162720000001	-0.10914618640000001	0.021983868700000003	0.0057966284	-0.129574721	-0.0024823587	0.0651314188	-0.021998348100000002	0.017071860600000002	0.0523871395	0.0016854449	0.0403459787	-0.0923915729	0.0633873919	0.0417651836	-0.0976913609	0.0006974341000000001	-0.0142733197	0.0621268284	0.1008086507	-0.14045099800000002	-0.0003736211	0.0456030116	0.1144095925	0.0014402807	-0.0544101145	0.035195876	0.0369719986	-0.0031545584999999998	-0.1299765558	-0.008411743000000001	-0.0285513402	-0.0777586469	-0.18203428789999998	0.0528968432	-0.0051127207	0.0319426663	0.012990466499999999	-0.0991341452	-0.06173325900000001	-0.071181667	0.0772399212	-0.0666282622	-0.1029669098	0.15309144800000002	-0.0167146649	0.046290936	-0.014063298500000002	0.0021118114	-0.1202673468	-0.10660568460000001	0.058763445199999986	-0.025819559900000004	0.0498630523	0.09031637699999999	0.0587951621	0.024885534700000003	0.04532435889999999	-0.0058680268	-0.0110101175	0.050773104900000005	0.029755749100000006	0.0473890981	0.0666281929	-0.0165178939	0.0800381863	0.0540848963	0.0095039722	-0.0977545276	0.0829744801	-0.0080553534	0.0724768396	-0.0506300377	-0.0072494735	-0.0250771159	0.0845238019	0.0663270932	-0.015077573799999999	-0.09989619949999999	0.0439713523	0.0138421	0.0021822000000000005	0.00019160373241000001	4.7619968400000016e-06	0.009371730000000005	0.03506643000000001	0.0012296545129449007	8.78293231929001e-05	0.14332700000000004	-0.03196799999999997	0.02054262892900001	0.001021953023999998	0.00233444	-0.00024368000000000005	5.9379942400000014e-08	5.449610113600002e-06	0.00176861	0.00019006000000000011	3.1279813321000007e-06	3.6122803600000055e-08	-0.000337266	-7.944799999999998e-05	1.1374835475599997e-07	6.311984703999996e-09	0.0	0.0
8549.49962111428	-4.445306390260157	73093943.77143323	19.76074890328779	10522.835041984108	20.41540351582444	416.78870071393686	110730057.32080868	6263.3059545720835	1.6327709752840749	39229001.48057812	2.6659410577301084	6313.525650759813	10215.871027100777	0.976675	36.237011	0.09268153	0.0471767	-0.0692963372	-0.053195592699999995	-0.11970957539999999	-0.07672095129999999	0.0168976084	-0.0171438615	0.12331483230000001	-0.07907316980000001	-0.0341762612	0.0153930473	0.0730550245	0.08198136019999999	-0.0231695381	0.0465062167	-0.0915675348	0.0552933476	0.0293849527	-0.042186019400000004	0.0035671073	-0.0634224379	0.041217288399999996	0.0061947955	0.0443914086	-0.0390715561	0.0866932387	0.0085034841	-0.0100035347	-0.09543681150000001	0.0525700874	-0.0740847719	0.0009179514	0.048312213	-0.0807181154	-0.0425909363	0.0415984666	-0.008770347900000001	0.0348449411	0.0889984249	-0.1013744759	-0.0112069146	-0.0227825366	-0.028186969500000002	-0.0413463194	-0.081956221	-0.055038702099999996	-0.0389287163	0.0860958776	0.0442619475	-0.0333116754	0.045187842400000004	-0.0473770652	0.0132487634	0.0844588808	0.0009415192999999999	0.0391900279	-0.1223652649	-0.0037482827	-0.0220249613	0.0757263028	-0.0797319148	0.0064069296	-0.050847377699999995	0.0174300344	0.033779142799999995	-0.0021045732000000003	-0.0082487373	-0.0274003358	0.022286469700000002	-0.041608457	0.0203215312	0.0616128864	0.0791732805	-0.015190751399999999	-0.0409430336	-0.09770523130000001	-0.0473997982	0.0075969038	0.1428816377	0.0092770632	0.047641905199999994	0.059279798200000004	-0.0022106873	0.0033747670000000003	0.1172589694	0.022725397	-0.2234454161	0.0655227375	-0.1352247926	0.0076843499	-0.011559085600000001	-0.1276198456	-0.1081974108	0.09057816810000001	0.1506603023	0.057257095	0.009108783	-0.11437964519999999	0.1103010915	0.0953411099	-0.017896881599999998	-0.0673044071	-0.0617271569	-0.1221115091	-0.0332625082	-0.0448684756	-0.0382338132	-0.013536008300000001	-0.057504126600000004	0.041132277099999996	0.0874143149	-0.0035953476000000002	0.0209972882	0.0464774802	-0.0585889327	-0.0016240745	0.009261986600000001	0.13757244789999998	0.0280750982	-0.0254799594	-0.0868769269	-0.0260480286	0.0012023973	0.09727677050000001	0.026480289900000002	-0.0702096829	-0.0383453083	0.0878895276	-0.053698794400000006	0.0052929693	0.045291488899999996	0.0134071053	-0.0126794569	-0.0866399702	-0.0711160462	0.0438949141	0.027492075499999998	-0.030129869500000007	0.0082771917	0.0291465513	-0.0531068998	0.0045625138	-0.062400606399999996	0.08621783599999999	0.0015261277	0.0821677802	-0.0597686789	-0.0369469647	-0.08925294210000001	0.0475017467	-0.0608465804	0.0583441312	0.0069252307999999995	-0.0007398692	0.0842584985	-0.0578130769	0.0493306928	0.0520341609	0.069339896	-0.1457393487	-0.0411854246	-0.0014750688	0.0226820784	0.1346840761	-0.0565362421	-0.0186114174	-0.0999966188	0.0165873668	-0.049402576	0.0233670136	-0.1051886939	-0.123839514	-0.013493695600000001	0.0925239985	-0.0580450352	-0.037533472799999995	-0.0168366517	-0.0988192551	0.0487535893	0.0104097	-0.0034323999999999986	0.00010836185409000002	1.1781369759999989e-05	-0.025704	-0.035075730000000006	0.0012303068350329005	0.000660695616	0.168956	0.02562899999999996	0.028546129936000003	0.0006568456409999977	0.00249794	0.00016350000000000002	2.6732250000000004e-08	6.239704243600002e-06	0.00145451	-0.00031410000000000015	2.1155993401e-06	9.865881000000006e-08	-0.000243978	9.328799999999996e-05	5.9525264484e-08	8.702650943999993e-09	0.0	0.0
8530.602556319438	-18.897064794842667	72771179.97388373	357.09905786048205	10484.04611927793	-38.78892270617871	1504.5805247059063	109915223.03114662	6251.436823510492	-11.869131061591359	39080462.35834295	140.87627215723288	6299.941060714991	10139.951546363152	0.978753	36.31411	0.05365615999999999	0.031638799999999995	-0.0528479476	0.0037249915	-0.1313387117	-0.04302845860000002	-0.024971760099999997	0.0158159256	0.0837719708	-0.0422167195	0.0351293227	0.053081348099999995	0.0589995782	0.047796890099999996	-0.07480392599999999	0.027156947	-0.0669393305	0.077385007	0.0200687445	0.0305780303	0.0894499856	-0.10418350359999999	0.0684955434	-0.0522853863	0.058200352000000004	-0.0628537325	0.1164048716	-0.0011591371	-0.0548604796	-0.0459835324	0.0990389845	-0.0074544373	0.0312640809	-0.008523557099999999	-0.1356469703	-0.0970079771	0.1252706743	0.0410848417	0.0098117233	0.0688780799	-0.0428845611	-0.041504724300000004	-0.0193548281	0.0465463953	0.0220968748	-0.1291058539	-0.009863199100000001	-0.027235153300000002	-0.034720736	0.058380256100000014	-0.022112467900000002	-0.1072009652	-0.08164204230000001	-0.1259498765	-0.044465421500000005	-0.0223545423	0.0675171108	-0.0591700349	-0.0030050623	0.0036239763	0.0158750922	-0.1775238163	-0.0072550951	-0.0536193223	0.0706190403	0.0385249513	-0.0313960196	0.0554952732	0.0528983725	0.0072374579	-0.12487361470000001	-0.07303044759999999	-0.08531616970000001	0.0592616841	0.11970502849999999	-0.0747628428	0.0400005545	0.1019751518	-0.1348936304	0.0875226152	-0.12753446570000002	0.12119885710000004	0.0712708202	-0.047337431799999996	0.014476154199999999	0.0596482718	0.0395430268	-0.0190351817	-0.0774874339	0.112918348	-0.0851184133	0.0402158322	-0.0411867487	-0.0900674449	0.0075341225	-0.038052594	-0.12362038759999999	-0.0226145437	0.06441900240000001	-0.1450371754	0.0607021758	0.0887953054	-0.0629760347	-0.0742800321	-0.0550358518	-0.0543272346	0.0584023937	-0.06377698450000001	-0.0144586041	-0.08455176369999999	0.1391911127	0.0256446521	0.0531647756	0.07226483410000001	0.041400792	-0.061847838499999995	-0.049082029699999995	0.056198581500000004	0.046275897	-0.0184379476	-0.0277875953	-0.1465437255	-0.0994932725	-0.042577528600000004	-0.015506413600000001	0.0567012875	-0.0129482784	0.0851690383	-0.0236408895	0.0768199686	0.1284550793	0.026828651499999998	0.0018340075	-0.031123701099999998	-0.1103654867	-0.0715371825	0.0239333706	-0.032711998	0.0009287361	-0.0306469948	-0.0323154769	-0.1237682784	-0.061373412999999995	-0.0427640655	-0.0235527377	0.0186496564	0.23061262440000002	0.0308304219	0.0860111457	0.017448046499999998	0.16916934600000005	-0.014194986599999999	0.16227338	0.0733938412	0.0461906942	-0.026563591	-0.028243237400000006	0.0278410902	0.0984620385	0.0471627258	0.0323814666	-0.0507337966	-0.0454386195	0.0248599858	-0.0198893505	0.08833542779999999	0.1252159213	0.032283737	-0.0544740375	-0.1638680468	-0.0065970931000000005	-0.0568582184	0.016665301599999998	0.038298432400000006	-0.0405816121	0.0877215227	0.0599626965	-0.018590821599999998	-0.0976270918	0.053407941699999996	0.0108568	0.00044709999999999883	0.00011787010623999999	1.9989840999999898e-07	0.00183061	0.02753461	0.0007581547478521	3.351132972100001e-06	0.156453	-0.012502999999999986	0.024477541209000003	0.00015632500899999966	0.00255654	5.859999999999979e-05	3.433959999999976e-09	6.5358967716e-06	0.00150459	5.008000000000009e-05	2.2637910681000003e-06	2.508006400000009e-09	-0.000398727	-0.00015474899999999998	1.58983220529e-07	2.3947253000999992e-08	0.0	0.0
8539.166811120616	8.564254801178322	72917369.82814384	73.34646029950594	10492.471762957484	8.425643679554923	70.99147141482383	110091963.69646014	6254.364145988574	2.927322478081805	39117070.87062738	8.569216890683002	6302.75705805923	10054.568079727738	0.978408	36.301289	0.058467020000000015	0.0284875	-0.0536460364	0.0536426262	-0.0964438665	-0.0775983633	-0.014648996599999999	0.049163008499999994	0.0774347642	-0.0296920204	0.0100680156	0.0013280845000000002	0.1129078106	0.0044087269	-0.04270906	0.000625867	0.0523435453	0.0575604221	0.0644588534	0.0996684707	0.0633250964	-0.0133344217	-0.0541441413	0.0667489654	-0.021209958199999997	-0.016782014799999998	0.0083207436	-0.0082442614	-0.0385323756	-0.0052395846000000005	0.049894527800000005	-0.054269794	0.0028726841	0.0268297206	-0.07120984179999999	-0.0464880395	0.15915816160000001	-0.07777824629999999	0.0705350913	0.0251749106	0.0120629652	0.0055156795	-0.0266759855	-0.053694547999999995	0.0108581228	0.055944469100000005	0.0114382071	0.0642856562	-0.0046752153000000005	-0.09211234869999999	0.0089587087	0.013276451100000001	-0.0051082922	-0.0538411192	-0.0237880769	-0.0682260156	-0.0764630004	-0.0682107783	-0.1263771609	0.013980018899999998	-0.0044853357	0.0619586635	0.0025786917	0.0108756527	0.0721259146	-0.08387085080000001	-0.0099860131	-0.09319458800000001	-0.0013248045000000001	-0.0141021201	-0.0374489714	-0.18109007929999998	-0.033241388399999995	0.0112984495	0.1382374188	0.0179714118	-0.0778642197	0.0271969811	-0.024138119	-0.0549890145	0.128556207	0.0451678957	0.1411381461	0.0925322227	-0.07101862540000001	-0.0476453892	0.0607525786	-0.0799335558	-0.0449931216	0.08318175900000001	-0.0180929749	-0.10187225050000001	0.044633739900000004	0.0670081944	-0.10788828589999999	0.1303358534	0.042878300599999995	0.0868929534	-0.10862483070000001	0.0050705347	-0.0289153847	-0.009691153000000001	-0.0503510111	-0.0625691856	-0.0043743757000000005	-0.0678194159	-0.0165962131	-0.0219485234	0.0222837377	-0.046495851799999995	0.1200169675	0.0800287215	0.1587699691	0.023852312599999998	0.0361936765	0.0191735432	-0.0041395668	0.0285870752	-0.057248909699999996	0.023727798799999998	0.0692373303	0.0860711649	0.0133139955	0.0249057812	0.030884957400000006	-0.06782553059999999	-0.0114271963	0.0016917991	-0.06661396929999999	-0.0585818675	0.08739236439999999	-0.061557703	0.0808561538	0.0350164901	-0.0506117263	-0.042741259000000004	0.0408767488	-0.0375177868	-0.019593852	-0.0152529627	0.13703941279999998	-0.0333367983	-0.0886895011	-0.1676066497	-0.0032831252	0.021784643399999998	0.0688410876	-0.0404862176	0.0098149596	0.06549235440000001	-0.0136598871	0.0962762901	0.0189198861	-0.0805414358	-0.0492596316	-0.016242253300000002	0.0744710451	0.1034547974	-0.0286273319	-0.0253886912	-0.0389921727	-0.08598216480000001	0.1221585853	-0.0203775385	-0.0439025428	-0.1244512179	0.0271645298	0.07995269740000001	0.10138791400000001	0.0030169069	0.0835980536	0.08086817290000001	0.0514039846	0.1604981918	0.0727829564	0.0485016301	0.0083585138	-0.020339572099999998	-0.09632109970000001	0.057922200800000004	0.00849804	-0.00235876	7.22166838416e-05	5.563748737599998e-06	-0.0172817	-0.01911231	0.0003652803935361	0.00029865715489	0.172218	0.015765	0.029659039524000005	0.00024853522500000005	0.00264358	8.704000000000002e-05	7.575961600000004e-09	6.9885152164e-06	0.0012548	-0.00024979000000000017	1.57452304e-06	6.239504410000009e-08	-0.000310938	8.778900000000001e-05	9.668243984399998e-08	7.706908521000001e-09	0.0	0.0
8542.457786127343	3.2909750067265118	72973585.02776766	10.830516494898568	10492.610119762954	0.13835680546981166	0.019142605619811303	110094867.12535197	6255.5177015016625	1.1535555130885768	39131501.71380064	1.3306903217770498	6304.1508546505065	10016.081992256659	1.117405	41.458424	0.16168519999999995	0.0907369	0.0187390454	0.028870119500000006	-0.044321985599999995	-0.16029272519999999	0.0703256428	0.030008254300000002	0.0356308957	-0.086186908	0.017538513000000002	-0.11702643089999999	0.1272633481	0.0582784308	0.0038668514000000003	0.051658819	-0.0903249241	-0.0164951893	0.062246598	0.12952844019999998	-0.0775016439	-0.005356495	-0.0088630354	0.0802620736	-0.0147869505	0.1168372023	0.0917386317	0.07005433900000001	0.025176415299999998	0.0233285965	0.0140514455	-0.1450382579	0.008427878599999999	0.0870193055	-0.0362649126	-0.010140335600000001	0.149529353	0.00010136639999999999	-0.089889417	0.005165804	-0.020842037	0.016661084099999997	0.05863964360000001	-0.0546148196	-0.1334801493	-0.0821079717	0.1107543568	0.017256768000000002	-0.0711464959	-0.0449768891	-0.0837255993	-0.0615577215	0.1528514124	0.18674332300000002	-0.1591804603	0.0046351228000000005	0.0592514651	0.1237561468	-0.0716376681	-0.0882289687	0.0127852546	-0.0660123065	-0.1111578156	-0.1838941905	-0.025873056499999998	-0.061076665999999995	0.0425538098	-0.1053323543	-0.0644274767	-0.0155032584	0.0052999820999999996	0.1122266591	-0.027685009500000003	-0.0267267809	0.054322287000000004	-0.0771726297	0.0786138462	-0.0674528233	-0.1545014287	-0.0294020125	0.0020240462	0.0426480893	0.0759520903	-0.09132331910000001	-0.0919497144	-0.024914010299999997	-0.1244205791	0.0016575118	-0.0039593299	-0.0796756732	0.1311842923	0.1290607802	0.020722661899999998	0.0016390916	-0.0802376132	0.08657845310000001	-0.1654838758	-0.020555243600000002	0.1078186564	0.0850047815	-0.0047974574	0.0301940209	-0.0055663226000000005	-0.0120489505	-0.020245615	-0.1205336652	-0.1043018165	0.035788073999999996	-0.0370201339	-0.0530862511	0.058430229800000004	0.054768211500000004	0.1576326699	0.0216319504	-0.0610969321	-0.0699283714	0.013428633999999998	-0.1697847625	0.0916217186	-0.10659631970000001	0.0208925422	-0.0526335823	-0.035955327200000005	0.0088511968	-0.0801242522	-0.02396395	0.048892053899999996	-0.0924643871	-0.1843990037	-0.0418435061	-0.182484973	0.0624667199	0.0126836752	0.0124234602	0.0373080795	0.0072286952	0.11341865289999999	-0.0317302525	0.17947341390000002	-0.029539066	-0.1273168917	0.0526155704	-0.0345562593	-0.1710730063	-0.0173678644	0.0149079129	0.0495162182	0.1261322914	0.0300394127	-0.07096304	0.0836290917	-0.0537501337	-0.012942085	0.0914203686	-0.1440568848	-0.017829761	0.0490995928	0.027946136200000003	0.15578095890000002	-0.1068711795	0.0744627234	-0.1280375003	-0.034925068999999996	-0.040876177799999996	-0.0682614804	-0.0002846065	-0.0376686506	-0.0701926146	-0.0459371899	0.0144328856	0.0867442653	0.08294167690000001	-0.0123092364	-0.1668529223	0.0545664914	-0.0381599957	-0.09352208460000001	-0.022082393399999997	-0.09490280150000001	0.062284525300000004	0.00348804	-0.0050100000000000006	1.21664230416e-05	2.510010000000001e-05	-0.0243239	-0.0070421999999999985	4.959258083999998e-05	0.00059165211121	0.246884	0.07466600000000001	0.060951709456000015	0.0055750115560000025	0.00351012	0.0008665399999999997	7.508915715999997e-07	1.23209424144e-05	0.0007746009999999997	-0.0004801990000000002	6.000067092009995e-07	2.305910796010002e-07	-0.000158337	0.00015260099999999996	2.5070605569000004e-08	2.3287065200999988e-08	0.0	0.0
8594.54581370586	52.08802757851664	73866217.74388891	2713.162617020309	10514.655606778246	22.04548701529166	486.00349774139295	110557982.5291532	6278.558571378148	23.040869876485885	39420297.73422602	530.8816846651547	6325.392942441565	10147.2138607843	1.01212	37.552078	0.08975015	0.054794600000000006	0.0477289635	-0.031276405800000004	-0.0911192144	-0.0783539204	0.053395642400000005	-0.0453166343	0.0803975096	-0.08414575699999999	0.1030637854	-0.0548620085	0.1061631919	0.0415456738	0.09111204519999999	0.17603349629999998	-0.0701700897	-0.0384145787	0.0706122353	0.1713562983	-0.0249471993	0.0293842811	-0.0151040861	0.0502284502	-0.1120662784	0.0671463659	0.1181359442	0.0202565276	0.0720888752	0.014370406499999999	0.10045917039999999	-0.11556286630000001	0.0707934631	0.10212045439999999	0.108314599	0.042351872699999994	0.0796167524	0.0781965585	0.050726067400000005	0.0055150495	-0.1161269009	-0.0453215913	0.039698193799999996	0.0497279488	0.0623919808	0.1132236851	0.16787223489999994	0.052462592599999996	-0.0150415878	0.0124283578	-0.0458510434	0.0603237837	0.0264715967	-0.0140879673	0.0015860978	-0.10026913949999999	-0.16652456359999998	0.00952012	0.0958294027	-0.026359445	-0.028357316400000002	0.0321190613	-0.0410320506	0.0578986264	-0.17942494280000001	-0.0707522378	-0.0046373203	0.0019455674	-0.0714987362	0.1028517457	0.0398912741	0.0503010721	-0.0164453083	-0.0064401386	-0.0281266197	-0.1294621604	-0.043880467400000005	-0.0029888932	0.1092660084	0.13523015359999999	0.0371567921	0.0382277247	-0.053293934800000005	-0.0784993848	-0.2152973518	0.0327745958	0.0226586607	-0.0292002036	0.0072761728	0.023434969500000003	0.1351294713	-0.1847130752	-0.0737581031	0.055876675099999995	0.0190220943	-0.0446741037	0.0374032328	0.021995369900000002	-0.045414220199999994	-0.0574935367	0.017886171200000002	-0.1615246093	-0.0367322079	0.0285203808	-0.0699202	-0.1567742425	-0.021128348199999997	0.0583794754	-0.0713103763	0.027198359199999998	-0.04606673360000002	0.1031150993	0.1106459189	0.1147920265	-0.0202890951	-0.042473993499999994	0.1025890373	-0.06826862980000001	-0.0605629776	-0.0049336368	-0.10931519699999999	0.051353582099999996	-0.0156440501	0.09512058890000001	-0.1738123818	-0.06474760660000001	-0.08596452869999999	0.0726514682	-0.079165126	-0.0706940237	0.025143847599999998	-0.12951695289999998	-0.060294898099999994	-0.0111299408	0.0413814005	-0.048316511900000005	-0.0304683938	-0.013326960300000001	-0.008572888399999999	0.2506853196	0.0096605108	0.1146605693	0.0096181552	0.032416442999999996	0.0674838108	0.0018920715	-0.0992966067	-0.10256538949999999	-0.1300226094	-0.052371115	0.0067771106000000005	-0.1299309639	-0.0405997946	0.0723244276	0.0656240338	0.00020944349999999997	-0.0651740859	0.0432649998	-0.0102969188	-0.1502418005	-0.1147588442	0.045640703	0.011801009199999999	-0.0175352207	-0.0500233187	-0.1508891335	-0.011426769299999999	0.0248263605	-0.0467009479	-0.0411760015	0.0504235836	-0.0743676824	-0.0772219188	0.0209616288	-0.039833400299999995	0.08899126289999999	0.164032266	-0.0238187774	-0.0933738509	0.06648347240000001	0.00364539	0.00015735000000000008	1.32888682521e-05	2.475902250000004e-08	0.0245995	0.048923400000000006	0.00239349906756	0.0006051354002499999	0.22689	-0.01999400000000001	0.0514790721	0.0003997600360000005	0.00335508	-0.00015503999999999995	2.4037401599999985e-08	1.12565618064e-05	0.000805543	3.0942000000000376e-05	6.488995248490001e-07	9.574073640000237e-10	-0.000385863	-0.00022752599999999998	1.48890254769e-07	5.176808067600001e-08	0.0	0.0
8599.458090546446	4.912276840586856	73950679.45106474	24.13046375856598	10538.16606631577	23.51045953752509	552.7417076656046	111052944.04124922	6274.563639372269	-3.994932005879491	39370148.864532575	15.959481731600338	6320.025438833098	10346.405129207198	1.019872	37.839699	0.09655901	0.046552	-0.0034099477	-0.05407850980000002	-0.12020255070000001	-0.0258701592	0.1026637923	0.0116503392	0.0967467463	-0.048314034000000006	0.0607607349	-0.0366670539	0.0807495971	0.1519605787	0.1383703856	0.0549329636	-0.0023366274	0.1142088101	0.1449199898	0.0853304547	0.052224102300000005	-0.1556605797	-0.0938991881	0.19502891649999998	-0.058840888200000004	-0.005826390600000001	-0.0517800437	-0.0658838755	0.016064976499999998	-0.0299222398	0.05137287559999999	-0.10638723720000001	0.13350801199999998	-0.0643811951	-0.016921166499999998	0.0959814516	0.2192337003	-0.047859537300000005	0.1319967736	-0.078957462	-0.0006444685	-0.051730474400000004	-0.0421737793	-0.022055921099999997	-0.006972049100000001	0.0281758766	-0.10295266550000001	0.1483494276	-0.08955205029999999	0.0014800132000000001	-0.058509804900000004	-0.0345914773	-0.1260733775	0.0860932442	0.0884662747	-0.0039844295	-0.018696441499999997	0.0944779108	-0.0778634666	0.0732331935	0.0655494054	-0.042939459699999995	0.0523457509	-0.1603350277	-0.011922531100000001	-0.0053813839	0.16178079869999998	-0.0164395271	-0.0400001427	0.09111590050000001	0.0864580855	-0.0289003652	-0.0231788026	-0.0742698326	-0.09994122050000001	-0.0246600988	0.0333545019	-0.030175380499999998	0.09994447390000001	-0.1539966559	-0.0389167136	0.0310810106	-0.1719483048	0.0001784968	0.0424085127	0.0348625383	-0.0166899384	-0.06250226589999999	-0.0110469726	-0.12393419289999999	-0.0736325393	-0.043807869900000004	-0.0588915285	0.1134541741	-0.0173511929	-0.0544121031	-0.0520116739	0.0747283157	-0.0659514311	0.0661134568	0.07452006509999999	-0.00335957	-0.0166931879	-0.019202960800000002	-0.052912202400000004	-0.0982253519	-0.0365032624	-0.0989550099	-0.060300960599999995	0.0291076755	0.0122122003	0.0025702335	0.2435016107	0.042193695499999996	0.1524479723	-0.0374533573	0.0661066724	0.0030696552	-0.0707565035	0.047187166100000004	0.021304292000000002	0.0132185575	-0.075315352	-0.1915903127	-0.0578359542	-0.0495939654	-0.051846611900000006	-0.1397204592	0.0531939482	-0.0851944048	0.0281294524	0.0189441587	-0.07404956089999999	0.000290159	0.1579358259	-0.0559410914	-0.1451772152	-0.038370282900000004	0.054273994000000006	-0.16381412039999999	-0.089746193	-0.0049708111999999995	-0.1433051892	0.027578601	0.028808711400000006	-0.029440688399999998	-0.1702018618	-0.011150353500000001	-0.048670387999999995	0.0022852969	0.1157657883	0.0247299918	-0.0381735063	0.0409821847	-0.013894209199999999	0.0308938479	-0.0882319785	-0.052718468600000006	-0.0278548728	0.017853169199999998	-0.08837049300000001	0.0200833556	0.0746798313	-0.007824309	0.10488735630000001	0.0061971906	-0.0550729039	-0.0088261661	-0.1168865707	0.049461798	-0.02527199	-0.0743084819	0.0931951316	-0.0550902664	0.0616408334	0.024671008799999998	-0.0415984923	-0.025548217999999998	-0.09173603050000001	0.070508028	0.0106257	0.00698031	0.00011290550048999999	4.87247276961e-05	0.0116799	-0.0129196	0.00016691606415999998	0.00013642006401	0.20436	-0.022530000000000026	0.04176300959999999	0.0005076009000000009	0.00319624	-0.00015883999999999996	2.523014559999998e-08	1.02159501376e-05	0.00151862	0.000713077	2.3062067044e-06	5.08478807929e-07	-0.000596528	-0.000210665	3.5584565478400005e-07	4.437974222500001e-08	0.0	0.0
8545.775810660913	-53.68227988553372	73030284.20607717	2881.787173708778	10496.42988773104	-41.73617858473153	1741.908602856603	110175040.38805345	6252.327360404686	-22.23627896758262	39091597.42166504	494.45210232415724	6298.905274482087	10383.302486237866	1.0416459999999998	38.64756	0.10581198999999997	0.057088	-0.0298133519	0.012239991399999999	-0.0400392727	-0.05755261740000001	0.1565709932	0.0759808852	0.0505797797	-0.0655936465	-0.010831394099999999	-0.0904313098	0.060526962999999996	0.1619255312	-0.0151580658	0.0910412676	-0.0936996609	0.0643145368	0.0305476905	-0.0424130284	-0.0398205214	0.0190488248	-0.015923474099999998	0.0652683618	-0.0381744078	-0.0839527583	-0.030319756099999998	0.00032418	-0.002040091	0.0008427695	0.0408672576	-0.1000803474	0.0099587524	0.0579604963	-0.0672356897	-0.0129246976	0.1562861421	-0.0151191811	-0.0385836798	0.0363915042	0.0110555107	0.1374035959	-0.0193105421	-0.042337640700000005	0.0460494678	0.11745874380000006	-0.0083739075	-0.0555598957	-0.0082650506	0.0472787966	-0.0004696274	0.0421842025	-0.009814166	0.0389667812	0.0468676188	-0.0698243834	-0.046444391200000004	-0.0775539376	0.029591619	-0.032738632000000004	0.036251806	-0.0062773171	-0.07814161730000001	-0.1035742509	0.1873624925	0.00013383459999999998	0.0428213135	-0.131818049	0.0640734439	-0.124545959	0.0635778853	0.0146644429	0.0695453239	0.10567550369999999	-0.1208459325	-0.015767630300000002	-0.084990244	-0.0314883716	0.0409546705	-0.08834262789999997	0.044240252199999996	-0.043148151399999994	0.0010707463000000001	-0.0377718659	-0.004857509	-0.028171341800000006	0.1003788187	0.1443890566	0.0939527369	-0.0420896699	-0.0526865827	0.0590595351	0.060535662000000004	-0.1295721149	-0.1505912491	0.015624531399999999	-0.09434002220000001	-0.051743560999999993	0.1080780812	0.00830855	0.010128946	-0.0607361848	-0.1131173238	-0.0471168621	-0.009636309000000001	-0.0885205493	-0.06811605150000001	0.0159955014	-0.0523495996	-0.104415328	0.0557843661	0.0038402499	0.1147102926	0.0918227817	0.023601231	0.0506734337	-0.0438411344	-0.0175756725	0.1130798559	0.0666095436	0.0173387924	0.0940438014	0.0834520198	-0.0578777898	-0.073014255	0.036287977799999996	0.012858958200000001	0.0261079059	0.0988739832	-0.0556750458	0.0153615353	-0.08576717240000001	0.0995770282	-0.026499919	-0.0068709451	0.049822629800000004	0.0987203959	0.0640974805	0.0486974809	-0.09361989949999999	-0.0745178527	-0.1311969022	-0.039906640099999995	-0.136940368	-0.0357741087	-0.0686617238	-0.1454065952	-0.0169653023	-0.0038330249	0.0065105243999999994	-0.1333310832	-0.0344169412	-0.10957210740000001	-0.0196151601	-0.0079844149	0.1110194958	0.0655880827	0.050495835700000005	-0.0050081388	0.00934017	-0.011161896499999999	0.049617284500000004	-0.111137949	0.1371561844	0.0519896517	0.09901841039999999	0.0046713526	0.0238222644	-0.0630855831	-0.1194846087	0.0229641627	0.1346546364	0.048273658899999995	-0.0334209755	0.0915806368	-0.038527457	-0.0167724169	-0.0272702111	-0.0899912501	0.0743476354	0.00350681	-0.00711889	1.22977163761e-05	5.06785948321e-05	-0.0282544	-0.039934300000000006	0.0015947483164900007	0.0007983111193600003	0.206945	0.002585000000000004	0.042826233024999986	6.682225000000021e-06	0.00314122	-5.50199999999998e-05	3.027200399999979e-09	9.8672630884e-06	0.0008383569999999998	-0.0006802630000000003	7.028424594489996e-07	4.627577491690004e-07	-0.000208335	0.00038819300000000006	4.3403472225e-08	1.50693805249e-07	0.0	0.0
8512.958975083366	-32.816835577546954	72470470.51145242	1076.9446973237516	10453.766175384304	-42.663712346735345	1820.192351204977	109281227.24960898	6242.703308189872	-9.624052214814585	38971344.59408477	92.62238103347748	6290.470752632436	10264.7505800445	1.040055	38.588531	0.09836602	0.054891599999999985	-0.0139477974	0.07464168139999999	-0.0146715448	-0.0079175251	0.033022604	0.08237479360000001	0.0033917011	-0.04796889730000002	0.043003208	-0.0228157218	-0.06700462480000001	0.0902276708	-0.1320969983	0.0341411326	-0.0090691295	0.0709678407	0.0182439239	-0.1053080825	-0.053980337999999996	-0.0445293137	-0.09956699949999999	-0.0012998576	-0.09959048960000001	0.016881055500000002	0.077603757	-0.0062968669	-0.0503745189	0.09291684439999999	0.06609492389999999	-0.016677471	-0.0438820618	-0.0214908119	-0.0357784597	-0.023322390699999997	0.0877837533	0.0727683542	-0.0090828842	0.031263030899999995	0.0625147397	0.0921727351	0.0586705353	-0.0440596184	0.0641892151	0.1134886752	-0.049578068899999994	0.0401869348	-0.0044889008	0.0153128124	-0.0389924222	-0.038768955699999996	-0.069694903	0.1181174726	-0.159413379	-0.029942164900000002	0.0333498962	-0.0095967039	0.0381354835	-0.0701065305	-0.0034530948999999997	-0.0110633385	0.08142509469999999	0.11278202949999999	0.1086252164	-0.039884397	-0.023606536400000003	0.0685402668	0.011315705700000001	0.11626084460000001	0.0065541257999999995	0.0662363587	-0.0602868279	0.039502363900000004	-0.0368151915	0.1245647808	0.0160205302	-0.024092598399999998	0.0056518072	0.0425858728	0.0028214904	-0.0305753622	-0.16766524189999998	-0.0136198676	-0.09137013960000001	0.0833190152	0.1472418162	-0.036483681000000004	0.1021189203	0.0185264464	-0.10637716300000001	-0.0826899336	-0.1695266381	0.10774870689999999	-0.0357298078	0.0761809467	0.0766232566	0.0475354279	0.052188271900000006	0.0624458584	0.0530800146	-0.0490175262	0.1052508279	-0.052144787000000005	0.05934534690000001	-0.0786062203	0.0261632313	0.040277823500000004	0.0053370255	-0.0404067034	0.0706964437	-0.09359964890000001	-0.0055577176	0.0887556268	0.0671219442	-0.0183352447	-0.0697434589	-0.039218132999999995	0.0600541728	0.11290700599999999	0.0470175945	0.0958388001	0.0636394749	-0.0339229514	-0.0807018474	0.035993378199999995	0.0046785505	-0.0856532884	-0.1052778066	0.0687720644	0.052891944	0.0645193988	-0.015958819699999998	0.0370068181	-0.0688279439	0.0870972193	0.049545196900000005	-0.0039172028	-0.0509011282	0.0005696312	0.0298263179	-0.0462303863	0.021654085400000002	0.0764851512	-0.0293982237	0.1318243258	-0.07221140179999999	0.1010822474	-0.011187158400000001	0.0281879527	-0.0142246927	-0.043186968099999994	0.08261615950000001	0.0196415821	0.0320838038	0.047565381799999994	-0.1605101007	0.07221748360000001	-0.0011577982	-0.025126270899999997	-0.12402188019999999	0.1622883392	0.0320688089	0.0810336943	0.0036675248	-0.0817218089	-0.1943796428	0.0866891541	0.0382823677	0.0222370727	-0.1309987257	-0.0506183562	-0.0643264357	-0.059460024800000004	-0.006853082900000001	0.121653946	0.0205308515	-0.0289842546	-0.08814154390000001	0.0779922229	0.00357853	7.171999999999994e-05	1.28058769609e-05	5.143758399999992e-09	0.0103996	0.038654	0.001494131716	0.00010815168015999999	0.17078199999999996	-0.03616300000000003	0.02916649152399999	0.001307762569000002	0.003006	-0.00013522000000000013	1.8284448400000037e-08	9.036036e-06	0.00108945	0.0002510930000000003	1.1869013025e-06	6.304769464900015e-08	-0.000291568	-8.323299999999998e-05	8.501189862399997e-08	6.927732288999994e-09	0.0	0.0
8516.685626002341	3.7266509189757926	72533934.05215491	13.88792707190312	10500.474533643288	46.708358258983935	2181.670731249593	110259965.43169124	6250.762501398133	8.059193208261602	39072031.84888504	64.95059516808996	6301.805845732034	10132.484262467093	1.005939	37.322742	0.10464173	0.053575	-0.024797178	0.1085548806	0.08184468980000001	-0.12347211539999994	0.0293853721	0.0991847357	0.0110845867	-0.0099347231	-0.025129211499999998	-0.12001696560000001	0.0123890605	0.048184063099999994	-0.1641690791	0.0796524849	0.0488603677	-0.0055746353	0.0322029531	-0.0334711261	-0.1081312313	-0.09098847310000001	-0.0250582904	-0.0805589685	-0.0540325255	0.0018625101999999998	0.09581043369999999	0.24561315579999998	-0.0293980261	0.0562588108	-0.0353335412	-0.0295317224	-0.0684135643	0.0826922468	-0.0176511653	-0.118280426	0.062796134	0.09315674019999999	-0.018053519599999998	0.0416303964	0.0152358857	0.163381271	0.07696458070000001	-0.1115445159	0.0798054606	-0.0661416991	-0.021660864	0.1478851601	-0.0153914253	-0.1266257941	-0.0665316317	0.024671119900000003	-0.0192838371	-0.0300890631	0.013677164399999999	0.0823993416	-0.060084053099999986	0.052149063899999994	-0.0983880035	-0.1411628346	0.0363846788	0.08861082279999999	-0.0455351721	0.08420572470000001	0.027842348	0.0568893313	0.0339605222	0.1318550848	0.007854689599999999	0.0199517229	0.0040683216	0.132573235	0.10488582789999999	-0.0162489773	-0.0341164708	-0.0532884837	-0.07463659519999999	0.04001452	0.06548875030000001	0.10902517949999999	-0.1084420083	-0.0826297072	-0.0490657058	-0.0466493824	0.0030820390999999996	-0.0376638211	-0.0291054423	0.1115071074	-0.1653107999	-0.0339961166	0.0156621728	0.15594008439999998	0.0561783788	-0.0011104272	0.0324901073	0.0702021084	0.0041006728	-0.0008927119999999998	0.032476403	0.0732969855	0.0042174682	0.005940671800000001	0.1126656624	-0.043155157400000005	0.06144231820000001	-0.0052071658	-0.0816613883	0.11357008789999999	-0.023879106299999998	-0.0555373991	0.0791065061	-0.0245104279	-0.049490138200000006	0.1261823185	0.0407188816	0.0873146742	-0.1319642387	-0.0509757313	0.0624002528	0.053815839299999994	0.0479203072	-0.029283404	0.0048090134	-0.0159883043	0.014504178400000001	-0.112932636	-0.0710647637	-0.0438321983	-0.1276085593	-0.0454578431	-0.04486852190000002	0.0900382576	0.0507754463	0.18201343	-0.11012653509999999	0.0102485001	0.0007773561	0.09655051810000001	0.035443407	0.07623491660000001	0.0416456477	-0.0541294897	0.0366888635	0.0687486917	0.0066664538	-0.12411400449999999	-0.0469460895	-0.0179240218	-0.0054987166	-0.0369980087	0.0370886651	-0.07704211400000001	-0.1081382741	-0.1099338608	0.09078823820000001	-0.1036802109	-0.0481229934	-0.0890368387	0.0456942177	-0.038761559	0.1455365546	-0.0288303371	-0.0798684155	-0.11309209390000001	0.0506685279	0.098196707	0.0780923204	0.0380336432	0.0686582993	0.0839960014	-0.1336059312	0.009377725600000001	0.0478336919	-0.12810844400000002	0.0604821507	0.0175268138	0.0092781532	-0.0306898489	-0.0861890685	0.0814322305	0.00831036	0.004731829999999999	6.906208332959999e-05	2.2390215148899995e-05	-0.0274564	-0.037856	0.001433076736	0.0007538539009600001	0.204913	0.03413100000000005	0.041989337569	0.0011649251610000035	0.00323683	0.00023083	5.3282488900000006e-08	1.04770684489e-05	0.000947499	-0.00014195100000000008	8.977543550009998e-07	2.015008640100002e-08	-0.000477245	-0.00018567700000000006	2.27762790025e-07	3.447594832900001e-08	0.0	0.0
8519.79965105856	3.114025056218452	72586986.09417756	9.697152050756332	10493.490586293963	-6.983947349324808	48.77552057814101	110113344.68464002	6245.9135053851805	-4.848996012952738	39011435.516753	23.51276233363156	6295.960075996582	10148.421823500812	0.954403	35.410641	0.10656021	0.06108830000000001	0.0232441361	0.10964572269999999	0.0733179169	-0.06072881610000001	0.0028866255	0.0411577724	-0.028177359500000002	-0.0070125498	0.0073444934	-0.10007812320000001	-0.1117564318	-0.0355179787	-0.11153389289999999	0.067361563	0.047003271299999996	-0.018948176599999998	-0.0459807606	-0.0046468137	-0.0674816386	-0.15756590539999998	0.0869316511	0.007455479799999999	-0.0787097403	0.0997282114	0.0685660369	0.09188642949999999	-0.0150045959	0.09311650689999999	0.0378868053	0.0214088922	-0.0198038221	0.0041790807	0.019738008600000002	-0.032252919500000005	0.0311177294	0.022560092900000002	-0.0302242292	-0.0052442165	0.018540251	0.0561386209	-0.0095208319	-0.09483447689999999	0.0705562271	-0.103582904	-0.0519529993	0.0323147627	-0.0089438347	0.037529834	-0.0164237825	0.0207446137	-0.0105642922	0.0749001106	-0.0432172359	-0.0078599421	-0.059660199299999994	-0.00040406	-0.13260491789999998	0.028776202799999998	-0.0401238589	0.029724889900000002	0.0944314296	-0.0351399793	0.0353021619	-3.2007e-06	-0.053477694900000004	-0.0733475976	-0.0310434256	-0.0177590017	0.0817708694	-0.0656326608	0.0940102114	0.1319414741	-0.0162317294	0.0142171706	0.0631368427	-0.031069651	0.0840234405	-0.0253463246	-0.2684404876	-0.0196707129	-0.0372957553	0.0168521555	-0.030623388900000006	-0.0876593193	-0.0693548722	0.050960643099999994	0.013449178999999999	0.0221509142	0.07104708629999999	-0.0391071354	-0.1036054376	-0.0463084361	0.1285260728	-0.054148506799999996	-0.1001860108	-0.0827178462	-0.1754815283	-0.0590897395	-0.0207369736	-0.0202681888	-0.12322983	0.0035584723999999997	0.06647028519999999	-0.0359044257	0.031207122900000002	0.0981147508	-0.026536643399999997	0.0345113386	0.0338679821	-0.0448120074	-0.0207282464	0.026209947400000003	0.0767260174	0.0407641611	-0.0717732908	-0.0004176424	0.0654177376	0.0713855806	0.06399826389999999	-0.1088658527	0.0020902626	-0.0008876503	-0.0128008228	-0.045706224000000004	-0.0163560193	-0.024845629100000002	-0.0758049091	-0.0614719409	-0.027416623799999998	0.0202935612	0.0060541554000000004	0.0419044948	0.015366889299999999	-0.05201638559999999	-0.0914970711	-0.050218911	-0.040569062	-0.099748516	0.0266923098	-0.0686242457	0.050587560499999996	-0.13725092349999998	-0.0318175301	0.0110204294	-0.0350828132	0.0065071523	-0.1078488141	0.08751481189999999	-0.1145629206	0.0401854988	-0.0943566986	0.075141133	0.0723904913	-0.0376764005	-0.1207319874	-0.0033485217	-0.0719743726	-0.012459069199999999	0.0110843507	-0.0539642905	-0.071514785	-0.0194625801	-0.0695968743	0.1224590216	0.0869628191	-0.0527607056	-0.11745560140000001	0.0298416125	0.0143312525	-0.1053164143	-0.06781790230000001	-0.0741731041	-0.0453754649	-0.2202576825	0.0857085383	-0.032386496800000004	-0.0841361006	0.0846586349	-0.007474749999999999	-0.015785109999999998	5.587188756249998e-05	0.00024916969771209994	0.0276694	0.0551258	0.0030388538256399997	0.00076559569636	0.19763	-0.0072830000000000126	0.0390576169	5.304208900000017e-05	0.00336275	0.00012591999999999982	1.5855846399999964e-08	1.1308087562499997e-05	0.00106269	0.00011519100000000004	1.1293100361e-06	1.3268966481000013e-08	-0.00080346	-0.000326215	6.455479716e-07	1.06416226225e-07	0.0	0.0
8528.796549680848	8.996898622288427	72740370.58584794	80.9441848197354	10464.191792273828	-29.298794020134665	858.4193310342787	109499309.86549096	6249.454126422937	3.5406210377568637	39055676.87826468	12.535997333006494	6298.256413824735	10165.171799257569	0.894134	33.174534	0.042275160000000006	0.0258745	0.0018950370999999998	0.0780899409	0.07814841089999999	-0.029063432	-0.0217914533	0.037089015499999996	-0.0507052653	0.022805480299999997	0.0061221070999999995	-0.0397586344	-0.0658201722	-0.027185916299999998	-0.0463140263	0.10091335439999999	0.0996415304	-0.0144295523	-0.0625406889	-0.006876523000000001	-0.0441243979	-0.2311588329	0.1011160102	-0.0715250871	-0.08319607429999999	0.19654517010000008	0.0747041819	0.0317084026	-0.0093685572	0.09703399050000001	0.0440871082	0.0485154517	-0.0366597447	-0.012696466399999998	0.0247966233	0.0182156105	0.0695399308	0.0315608293	0.0129290806	0.0915973174	-0.0064441411	-0.0799801958	0.0706253172	0.06387578769999999	0.0030856796000000002	-0.0489843429	-0.04673515599999999	-0.0728354898	-0.1031084	0.0291360473	-0.046634983	0.0578475184	-0.016194319199999998	-0.1613858502	-0.0489136341	-0.0501984919	-0.0693326929	0.0018806679	0.0205835207	-0.0522917409	0.0235232537	0.1191234615	-0.0189114547	0.0727781229	-0.0210379004	0.052135426799999995	0.0568484368	0.06007006650000001	-0.0547038058	-0.1261032333	0.1618506712	-0.1179402598	0.0347627721	0.1770655184	-0.072698764	0.0347618242	0.0529599972	0.0465448729	0.0951543759	-0.036669699900000005	0.12060897970000001	-0.18375121	0.0303226419	0.0260658042	0.0854318409	-0.023222996099999997	0.010934238	-0.054915178499999995	0.0377635554	0.048839464400000004	0.030813543199999998	-0.0420053684	-0.0090732615	0.0753091771	0.0363564231	0.0585479194	-0.1487068926	-0.0356426835	-0.0523370349	-0.10925638619999999	-0.0643277135	0.0374430351	-0.0041869594	0.0129876073	0.0684476245	-0.0202002537	0.057931509400000004	0.0637727003	0.0264958327	0.0087158592	-0.0085734422	0.0011374194000000001	0.0019361212	0.023635289599999998	0.0486293187	-0.0599112239	-0.0770525482	0.030445441	-0.0382679783	0.08781105269999999	-0.0275604072	-0.0493313573	-0.0923907082	-0.041100274	0.0016351246	0.10740855939999999	-0.0578214424	0.110115231	-0.059178687699999996	-0.0467578185	0.044543009800000005	-0.0885251031	0.08839340119999999	0.0672282925	-0.1098570576	0.058152654299999995	-0.0266039675	0.1304368344	-0.0021927392	-0.0160555491	0.0710535855	0.1134863789	0.015596236299999996	0.0416921112	0.0382629061	-0.1804257252	-0.0334325341	-0.0332763379	-0.10793741359999999	0.057948433	-0.1328233961	-0.0177974504	-0.0043555018	0.1560171431	0.0440538293	0.073215419	0.0616460185	0.0713499253	-0.0719392945	0.1555850424	0.0536825628	-0.0595277903	0.0181024817	-0.0359015531	-0.07579491769999999	-0.0542819358	-0.1492298089	-0.012365885900000002	-0.0649820022	0.0640554213	0.17652423420000002	-0.0376525759	0.0901954583	-0.059950734400000004	0.0367633541	-0.0645731791	-0.055664214299999994	-0.0340737038	-0.0819850338	0.0876629727	-0.00806461	-0.0005898600000000012	6.50379344521e-05	3.4793481960000127e-07	0.0200946	-0.0075748000000000005	5.737759504e-05	0.00040379294916	0.175285	-0.022345000000000004	0.030724831225	0.0004992990250000001	0.00316887	-0.00019388	3.7589454400000006e-08	1.00417370769e-05	0.00102126	-4.143000000000007e-05	1.0429719876e-06	1.7164449000000056e-09	-0.00080346	0.0	6.455479716e-07	0.0	0.0	0.0
8514.889260715669	-13.907288965179761	72503339.12225102	193.4126863610107	10458.828543666006	-5.363248607822243	28.764435629307226	109387094.5058028	6245.219637073494	-4.23448934944372	39002768.31528838	17.930900050552303	6293.676414564249	10161.19444055009	1.069477	39.680168	0.07206224000000001	0.0383563	0.0506885702	0.0767189092	0.0567242149	0.005259876899999999	-0.0009445556	0.013340783600000001	-0.0737380168	0.006421255799999999	0.0467849704	-0.043981748499999994	-0.0497449466	-0.0210375798	0.0070518523	0.0664365163	0.1118121573	-0.051042364800000004	0.012497041	-0.0070460825	-0.10440622779999999	-0.036034230800000004	-0.06912580759999999	0.0816942065	-0.09141243560000001	0.1929241905	0.0308109296	0.0872661674	-0.0156358311	0.1505172829	0.0844942147	0.0696848942	-0.09675731859999999	-0.0458735184	0.0853778493	-0.05761953230000001	0.13706549980000002	-0.0561489575	0.007804983499999999	-0.226860261	0.0087870449	-0.0029008740000000003	0.059037645599999994	-0.2755682002	-0.04278043	-0.0866143015	0.0258335175	-0.0438558462	0.08798878310000001	0.0515146289	0.045374831399999996	-0.0412785178	-0.1044251983	0.0580739759	0.1797781146	-0.0092564349	0.0513592305	-0.1807941996	0.1329491369	-0.0831154652	0.1283706675	0.0649362418	-0.017151258500000002	-0.1293301772	0.0703476309	-0.0251016377	-0.0292182897	0.18227304789999998	-0.007658031	0.0017482776000000001	-0.106086921	-0.06828920620000001	0.0500271903	-0.1072853228	-0.1345812994	0.0548507654	0.0136661248	0.025836752	-0.0194207047	-0.0125004702	0.0439352175	0.0257225347	0.0796669377	0.0703819284	-0.0783113926	-0.055898612400000006	-0.0429263777	0.0136116108	-0.0699738557	0.2101998168	0.0197525472	-0.0182146948	-0.0659912961	0.0052298481	0.0504245381	0.0334989782	0.1477462778	0.06457865139999999	0.0659340789	-0.013440458	-0.0388224523	0.025121324700000003	0.0738280166	0.0200084185	0.0980469457	-0.0474645389	0.09843109359999999	0.11607314519999999	0.07277588389999999	0.0871921281	0.060264444699999996	-0.0386491144	0.0597105817	0.0365274096	0.2018370934	0.08967279980000001	0.13724956130000002	-0.15899283779999998	0.0974212096	-0.06429311	0.1018575992	-0.2489115577	0.2102088105	-0.08768919730000001	0.0220076413	-0.015303624699999999	-0.0674762034	-0.058157431600000004	0.1940736225	-0.0693711508	0.12419433640000001	-0.0749460658	0.0494781695	-0.1145493097	-0.0308284246	-0.0125642693	0.1286148061	0.0169106727	0.071325482	-0.0852200991	0.081244418	-0.0633706584	0.0778112504	0.1568725992	0.0819864429	-0.0299736144	-0.0430943445	0.0612962957	0.11941614630000001	-0.0733894357	0.0077207128000000005	0.023134314	-0.0140789572	-0.0010651438	0.0649848704	-0.0800175061	0.08786151730000001	0.049949522999999996	-0.0429283464	-0.0615219112	0.0351852127	-0.0059225009	0.0498296051	-0.1161368887	-0.12727766810000002	-0.0044523871999999996	-0.024911015699999997	-0.0103855366	0.1354285176	0.044960207599999996	-0.0611969861	-0.112401501	-0.048758830700000005	0.15321993150000002	-0.0221718357	0.07724242440000001	-0.0002630669	-0.0357509779	-0.079738376	0.0904373636	-0.0194702	-0.01140559	0.00037908868804000006	0.0001300874832481	0.0198262	-0.000268400000000002	7.203856000000105e-08	0.00039307820644	0.193384	0.018099000000000004	0.037397371456	0.00032757380100000016	0.00375098	0.0005821100000000003	3.388520521000003e-07	1.40698509604e-05	0.000983625	-3.7635000000000056e-05	9.675181406249998e-07	1.4163932250000042e-09	-0.0010295	-0.00022604000000000005	1.05987025e-06	5.109408160000002e-08	0.0	0.0
8524.365526641941	9.476265926272392	72664807.63180153	89.79961590543112	10433.131349380394	-25.697194285612568	660.3457941525193	108850229.75342396	6256.057528646587	10.837891573093655	39138255.80173565	117.45989375013451	6303.920238401615	10166.697002404338	1.104288	40.971733	0.12676511	0.0618425	0.0400513573	0.09046132009999999	-0.016293108	0.0200103128	0.0072332223	0.043855371100000005	-0.0552930542	0.0014945305	0.010216220500000001	0.014690363	-0.0030440514	-0.06583741580000001	-0.0316197337	-0.12425552320000001	0.0706434613	-0.0644514087	0.027444799900000004	0.0008998552	-0.0345101657	0.1196675006	0.0314087719	0.0236286393	-0.060947667999999997	0.155033848	-0.052795425099999994	-0.0676546114	-0.0367075154	0.0445438759	-0.06262571759999999	-0.0579740272	-0.043346495199999995	-0.022610602900000002	0.0147329601	0.0362095604	-0.0093723602	-0.0222848706	-0.0768688518	-0.0040164239	0.0037178466999999997	-0.0059927178	0.0146411346	0.0008073474000000001	0.052640634900000004	0.0169048961	-0.0305732638	-0.0289422935	0.0776320417	-0.0390200021	0.12147314570000001	0.0683606293	0.046627481	-0.08927391289999999	-0.0392825772	-0.0371152287	-0.0695349207	0.0602712745	-0.105333314	0.0421362118	-0.0266429977	-0.1905290098	-0.0828241854	0.0254769177	-0.07266951070000001	-0.0499783168	-0.0840953147	-0.024831201299999998	-0.0732894682	-0.026229230299999996	0.002317943	0.1610680233	0.0326672802	-0.038805419300000005	-0.0449826949	0.0917265081	0.0022844675	-0.0060943876	0.06861896690000001	0.1109878038	-0.0124261087	0.1614239733	-0.0022958884	0.0332573731	0.1456935778	0.0748571572	0.06114499070000001	-0.0055539354	-0.069063492	0.0463101289	0.0703373717	-0.047136828	-0.0029520186	-0.0606620275	0.0955692806	-0.0630851064	-0.0925018655	0.0951827034	0.00040694959999999997	0.0077250503	-0.0155119024	0.09845573460000001	0.0759311068	-0.0331110644	0.0617302058	-0.0073275276	-0.0568341746	0.012231223700000002	0.037432266	0.0389795702	-0.0219658858	-0.07604745660000001	0.0043365102	-0.0569192716	-0.062068484199999996	0.0240065047	-0.0234944479	-0.0112444314	-0.0609614666	0.06475477660000001	-0.0053270559	-0.0070837461	0.0614628667	0.0816133531	0.0766794222	-0.012810019399999999	0.11149768019999999	0.0231684812	-0.0038572891	-0.0041570078	0.0349046692	-0.019669335700000002	0.0325339671	0.0692489977	-0.07080544400000001	0.013312145	-0.1041167085	-0.0799680913	0.0260478102	0.08675704199999999	-0.1280016598	0.068449492	0.0182454696	-0.07502746490000001	-0.0017502256	0.0956942615	0.0273612156	-0.0181707067	0.0746429552	-0.09115666609999999	-0.0884840325	-0.0623870162	-0.015457147	0.05868810980000001	0.1083671424	0.0572049417	-0.0036840205	-0.1259054904	0.11123625039999999	0.1014106089	-0.10436931769999999	0.1243323699	-0.0264305346	-0.1459697389	-0.0210358215	-0.0744668667	0.2250130256	-0.0384119195	0.061008882800000004	0.1192932507	0.0057360753	-0.1341468663	0.0325623209	-0.011697838200000001	0.0918608495	0.0139148916	-0.09880612720000001	-0.0374178302	-0.07739874690000001	0.0929745299	-0.00644098	0.01302922	4.14862233604e-05	0.00016976057380840002	-0.00898924	-0.02881544	0.0008303295823935999	8.080643577760001e-05	0.165964	-0.02742	0.027544049296	0.0007518564	0.00465231	0.0009013299999999996	8.123957688999993e-07	2.16439883361e-05	0.001077	9.337500000000013e-05	1.159929e-06	8.718890625000027e-09	-0.000874196	0.000155304	7.642186464160001e-07	2.4119332415999998e-08	0.0	0.0
8556.457694681718	32.09216803977688	73212968.28087798	1029.9072494932766	10504.431029307907	71.29967992751334	5083.64435776585	110343071.24948676	6279.113704121068	23.056175474480373	39427268.90928099	531.5872275100302	6329.579401840999	10165.76958129584	1.010175	37.479935	0.09591426	0.0438887	0.0612798833	0.061288297900000004	-0.0410218373	-0.055238854500000004	0.065454383	0.0469758251	0.0233952648	-0.016314809099999997	0.026159730200000002	-0.06965020450000001	0.0559523313	-0.016585166000000002	-0.0291809702	-0.1145754558	-0.0655297514	0.0298334431	0.0448263217	0.0796166906	-0.1464376721	0.0697718142	-0.04611434	0.08701527810000001	-0.0657836789	0.12021197800000001	-0.1436711588	-0.0643552923	0.0417186747	-0.0019799419	-0.0441931194	-0.1605222583	0.0532417537	0.0292610417	-0.018975769	0.0840085572	-0.0446768862	-0.0774689609	-0.021587372599999998	-0.1279566767	-0.0037131641999999998	-0.0886434881	0.0775375834	0.0677677849	0.0070270428	0.0573775264	-0.0517938189	-0.0104520181	0.1077773949	0.0016116251	-0.009849752	-0.0346361329	0.0523228663	-0.0651408884	0.0587999497	0.11470302550000001	0.055030274500000004	0.0016646194000000001	-0.0651878776	-0.0712755162	0.0401782758	0.0393877949	0.008299537099999999	-0.044712840499999996	-0.029365468999999998	-0.0448504346	0.0412124955	0.015822281599999998	-0.0560252428	-0.0592280015	0.1284370452	-0.0813511822	-0.10321496210000004	0.0628901322	0.0406186219	-0.1012301793	0.0714940394	-0.0488106168	0.0428349919	0.0752285976	-0.0308576863	0.0793344591	0.028977564900000002	0.08996959939999999	0.09558254949999999	0.1182616539	0.054810109800000006	0.0072770791	0.0840778689	-0.07407224559999999	0.09607748099999999	-0.0321978867	0.0227874768	-0.13715454470000002	0.0038865002000000003	-0.0100740711	0.1172988925	0.1304387712	0.057230324900000004	-0.1436224398	-0.0963805034	0.058244808099999996	0.0606392758	-0.0280276194	-0.0225250988	-0.0665552252	-0.151806778	0.0035925779	-0.0626101192	0.0005885606	-0.0321938601	-0.0291493125	-0.0132783968	-0.1175447755	-0.010384535	0.0246003821	0.0985451351	-0.0361318425	-0.1172364641	0.0195445284	-0.1215390086	0.0295637435	0.0719464757	-0.0352057051	0.0736086246	0.006892250999999999	-0.0766617173	0.0188094346	0.1108307007	0.028969918799999998	-0.0163538895	0.0566737982	0.0661572588	0.0175661279	0.022203975499999997	-0.006844721	-0.0435438516	-0.0168847839	0.0937456448	-0.0603542966	0.09651049490000001	0.101136731	-0.0162983954	0.0166483409	0.0207522526	-0.022967867200000002	0.0267989967	0.0317022067	-0.1014086193	0.1361968718	0.0866656819	0.0204760568	0.0525290877	0.1061421261	-0.0001474386	-0.0382015238	0.0329514902	0.0026675598999999998	0.0280089367	0.0173404501	-0.15224708480000002	0.0676884813	-0.1346297265	-0.13910081900000001	0.1394538706	0.0208922672	0.055313541699999996	-0.21065598	0.0438198726	0.0378043687	0.1741314827	-0.0137396417	0.0634587631	0.1028641799	-0.0461035288	0.0553151053	-0.0071876056999999995	-0.039073774900000004	-0.0749688743	0.0952678165	0.00362052	0.0100615	1.3108165070399997e-05	0.00010123378225	-0.0287133	-0.019724059999999998	0.0003890385428835998	0.0008244535968899997	0.191164	0.0252	0.036543674896	0.00063504	0.00459851	-5.379999999999968e-05	2.8944399999999663e-09	2.11462942201e-05	0.0007846989999999999	-0.0002923010000000001	6.15752520601e-07	8.543987460100009e-08	-0.000401723	0.00047247300000000006	1.6138136872900006e-07	2.23230735729e-07	0.0	0.0
8526.008201133578	-30.449493548139802	72692815.84579703	927.1716573382073	10447.187228081773	-57.24380122613365	3276.852778817101	109143720.97859491	6253.6026555956605	-25.511048525407205	39107546.1740731	650.8135968656811	6301.267991514204	10150.029277897149	0.999742	37.092842	0.15392538	0.08509669999999997	0.07451135910000001	0.0572989246	-0.0945926534	-0.012786385	0.0120329615	0.0274344755	-0.0174541255	-0.059504407	0.081079156	0.0186686577	-0.0441588257	-0.0401128327	-0.07787714059999999	-0.0957890041	-0.0733025751	0.1371953251	0.0582853981	0.06357912519999999	-0.09820009769999999	-0.0395416808	-0.0320171608	0.0776941084	-0.061484647	0.0136128747	-0.05668651650000001	-0.14042836220000002	0.0207735365	0.0192080699	0.0919568177	-0.0278362552	0.0050387797	-0.020213777	-0.1121112161	0.0654028582	0.0171179519	-0.0304036515	-0.049157667	-0.0190290579	0.0484069187	0.0572673062	-0.014108096799999999	0.0753765221	0.0273436226	0.0266894957	-0.030799472999999997	-0.08616942	0.0088285492	0.0624119905	-0.017523591	-0.052581189199999996	-0.0496837257	0.0447327007	0.0821570262	0.070435123	0.0249477289	0.06700226719999999	0.016598261399999998	0.0532775426	-0.0517519159	0.0527458228	0.1037668258	0.0749207272	-0.0847326639	0.015440922900000001	-0.0632262525	0.014676436599999999	-0.17011881339999999	-0.09303335539999999	-0.021983788799999997	-0.0994185764	-0.0115481925	-0.1166909566	-0.0857219962	0.0059355076	-0.0666304779	0.05840141610000001	-0.081566136	-0.0184610221	-0.1280031416	-0.10965281130000001	0.12307275960000001	-0.049989646900000004	-0.07186030360000001	-0.0616724987	0.0096220366	-0.0158675196	-4.8314799999999994e-05	-0.1361285635	-0.022115580699999998	-0.0535119817	-0.0756851935	0.0333905087	-0.0218268425	0.0438180915	-0.1539823465	0.166124229	0.154595807	-0.024289784900000003	0.058932609000000004	0.013442935100000001	-0.0267163417	-0.016585434399999998	-0.0057068393000000005	-0.10575859160000001	0.0455037041	-0.022235629500000003	-0.0152101608	-0.09800148449999999	0.033562727	-0.09591980970000001	0.0440309146	-0.061718330599999996	0.0037171589000000002	0.0123471938	-0.024000730499999998	0.018854931999999998	0.0063006062	-0.0128270181	-0.07092762799999999	0.0215609785	0.0664832928	-0.046591950800000004	-0.0726821398	0.1035098965	0.006661934499999999	-0.0344106374	0.10540189800000001	-0.014289118600000001	-0.0416415037	0.0377143614	-0.057740799599999997	-0.0267944485	0.06975745	0.0335817358	-0.0500506125	-0.0413695977	0.002405445	-0.0373554975	0.0502062805	0.1170517196	-0.0299896117	0.06425126	0.09348660630000001	0.050084816100000006	0.0385762026	-0.14046687759999998	0.1250721534	0.0985368707	-0.0191800359	0.0941185763	-0.0768542289	-0.011393200800000001	0.0370724319	-0.1410361133	-0.1375277619	0.039142922000000004	0.011871411699999999	0.0009046766000000001	0.0609680876	-0.06996745089999999	-0.10238046529999999	0.0331468437	-0.0720400405	-0.0557960976	-0.0463302424	0.0048040958	0.0341824396	-0.0352507192	0.1331254489	-0.0924763692	-0.0019681823000000003	-0.12409403880000001	0.0506371375	0.0742446773	-0.08796575039999999	-0.0407183291	-0.0724515914	0.09731120800000001	0.0130789	0.00945838	0.00017105762520999994	8.946095222439997e-05	0.0464467	0.07516	0.0056490256	0.00215729594089	0.173075	-0.018088999999999997	0.029954955625	0.0003272119209999998	0.00415129	-0.0004472199999999999	2.0000572839999992e-07	1.7233208664100002e-05	0.00132049	0.000535791	1.7436938400999997e-06	2.87071995681e-07	-0.000443072	-4.134899999999993e-05	1.9631279718399998e-07	1.7097398009999946e-09	0.0	0.0
8530.729452111687	4.7212509781093095	72773344.98512577	22.29021079829812	10498.73116685049	51.54393876871654	2656.7776237932003	110223356.11379784	6270.661102870399	17.058447274738686	39321190.66705181	290.99062342503964	6319.742234667851	10133.922220028984	0.99865	37.052326	0.12725561000000002	0.0756285	0.04870686269999999	0.1102689918	-0.023189989100000002	-0.053678166	0.0165740466	0.0550229484	0.0106359769	-0.011932098799999999	0.052222386100000004	-0.0370690058	0.0253406847	-0.0314915156	-0.0993998648	-0.06455256690000001	0.0281017169	0.0758329328	0.0480275621	-0.0353675091	-0.1135683449	0.042511988	-0.07179947980000001	-0.047783127300000006	0.0166998123	-0.026840590299999998	-0.1223755863	0.0175528933	-0.0179677502	0.0371700503	-0.015292135600000001	-0.1014898326	0.02043182	0.0219132865	-0.0802760869	-0.021203264399999998	-0.017875211000000002	0.0051844013000000005	-0.0491401022	-0.1034509658	0.0378714555	-0.0594784457	0.0576194592	0.0560167466	-0.0498111015	0.18331030899999998	0.0381317729	-0.0100059027	0.0284675287	-0.0277656477	0.0085483799	0.025413637700000002	0.021817929399999998	0.068504758	0.10646682140000001	0.1103782092	0.0243219067	-0.0233491372	0.0669238836	-0.1585788774	-0.0162894147	0.052055116900000004	0.0659825385	0.027685296800000002	-0.0231287935	0.0461514693	0.0095812274	0.020815801999999998	0.0803074461	0.0373520664	0.0551010953	-0.013632370500000001	0.045803126	-0.0620017918	-0.052842472	-0.0141842151	0.0692115196	0.145608987	-0.0434601863	-0.0845799455	-0.0049752071	-0.0270381204	-0.0460456733	0.08416962039999999	0.1464383687	-0.1177049963	-0.0454328817	0.1394828926	0.0691366513	0.09632942380000001	0.0016040935	-0.1588768717	-0.0318713993	-0.0304219477	-0.1112180158	0.0012309395	-0.030745171499999998	0.0227432669	0.0262455742	0.0039798839	-0.0360422596	-0.0236265618	-0.0104724259	-0.04867501849999999	0.041699424900000004	-0.0702250207	-0.0797524192	0.011606644	-0.0183958313	-0.0358463454	0.0589554779	-0.0735556532	-0.0354965421	-0.0667955019	-0.0387083121	-0.0205031087	0.09611600869999999	-0.1012804657	-0.06934929719999999	-0.0349545704	-0.0551043033	0.1551966362	0.0393339949	-0.0095207955	-0.0414948853	-0.0153219047	-0.0411982748	-0.007055686600000001	0.1483657153	0.007990546099999999	-0.0788086862	0.0422874332	0.0447739721	-0.0094556196	-0.021854128700000003	0.0416419517	-0.0349339042	0.0701876764	0.0127154898	-0.0008988455000000002	0.0351911496	0.011065665700000001	0.09387430570000001	0.0988907303	-0.062453570800000004	-0.042104322699999995	-0.0564370433	0.0037690871999999996	-0.0462503375	-0.0092291623	0.0935033705	0.13922336789999998	-0.033322085	-0.0334942867	0.07324174509999999	-0.0227933846	-0.0004279385	-0.011826341899999999	-0.0531744611	0.044066924699999996	0.0250801989	0.0875647615	0.007988284	0.023522076200000002	-0.2385054538	0.0193862897	-0.0495736305	-0.0511735491	-0.14600589	-0.028366928	-0.075274725	0.1674277632	0.0040366402	0.1198365991	0.1221039649	0.040793091499999996	-0.013770255600000001	-0.0423510136	-0.0698498331	0.0990993443	0.00595014	-0.00712876	3.5404166019599986e-05	5.08192191376e-05	-0.0195882	-0.06603490000000001	0.004360608018010001	0.00038369757924	0.18327	0.01019500000000001	0.033587892900000006	0.00010393802500000019	0.00414219	-9.100000000000599e-06	8.281000000001094e-11	1.7157737996099993e-05	0.00067642	-0.00064407	4.575440164e-07	4.148261649e-07	-0.000218303	0.00022476900000000002	4.7656199809e-08	5.052110336099999e-08	0.0	0.0
8497.81663984427	-32.912812267417394	72212887.64441416	1083.253211350261	10445.968749653395	-52.76241719709469	2783.8726684802737	109118263.11873531	6250.57545993504	-20.085642935358923	39069693.580342144	403.4330521267337	6298.120117314459	10038.799364595809	0.960782	35.64732	0.13166734	0.0666013	0.0724185561	0.1373280107	-0.0165140545	-0.013287913600000001	-0.049808295499999995	0.0187352568	-0.0468888191	-0.0294132085	0.1133015575	0.0113079321	-0.0320536357	-0.1113457815	-0.1399604284	-0.033422039199999996	-0.012596300800000002	-0.014728953799999996	0.0010453539	-0.0093998594	-0.08396491730000001	0.0258952668	-0.0872381039	-0.0506352738	-0.07308204160000001	-0.07006212	-0.0834939355	0.0204220302	0.0080983062	0.1178296882	0.0336138096	-0.0355117698	-0.0339206352	-0.0459828792	-0.023873253799999997	0.016490529599999998	-0.040947791000000004	0.0544848763	-0.0985792548	-0.0789583197	0.08151888410000001	0.0467843836	0.0462318376	-0.009142894399999999	-0.0501770111	0.029797233399999998	-0.0129523899	0.0799793781	0.110100178	0.08889495189999999	0.0077152991000000015	0.0094848675	0.0284123242	-0.0304148803	0.0532530256	0.0032012687	-0.0691992462	0.054201221200000003	0.1507038219	0.153525453	-0.0714228301	-0.0995370742	0.038890501699999996	0.0076435919	0.0990810107	-0.0323852971	-0.0017654529000000001	0.09345246759999999	0.0029174128999999997	0.0712868779	-0.023845800099999998	-0.11553919160000001	0.0316629783	0.011996206499999999	0.0051017070000000005	0.020632424099999998	-0.0844764237	-0.0913917492	-0.0628775824	0.025535564700000003	0.0159268095	0.0467683691	0.0182101084	0.06745427	0.086416972	0.0083566459	0.027270279900000003	-0.0242362712	0.11010826369999999	-0.0326205351	0.0590557167	-0.055548158	0.1150095126	0.027737856800000002	-0.0656966917	-0.1325451281	-0.0331003459	0.060945703	0.046950038799999996	0.023149765200000002	0.0015463211999999999	-0.11715373970000001	0.0204194579	0.0033705046999999997	0.0692598176	-0.0914962413	0.0312656032	0.0343095299	0.0057248076	-0.0024960828	0.030461411	-0.1572085056	-0.071148527	-0.034250463599999996	-0.0320046923	-0.0027664228999999996	0.0248676262	-0.0811089799	0.034601275	-0.0257463177	-0.0034698443	0.0407186067	0.0357666611	-0.0200601808	0.0525289413	-0.044317854299999994	-0.0530585723	0.0691064437	0.0644114433	0.10785404779999999	0.0380965325	-0.0845982576	-0.0973379969	-0.03420883	0.0517868629	0.08875763390000001	-0.0523865247	-0.0918346198	-0.1095115197	-0.0056489372	-0.0157120467	-0.1164550872	-0.0824950128	0.0326854505	0.1395073452	0.014157591399999999	-0.0470279579	-0.005725919	0.0294990103	0.051782260999999996	-0.0233085391	0.0487809479	0.0637315467	-0.09329344619999999	-0.0298937838	0.0540582598	0.0073430337	-0.0158757328	-0.0291172709	0.009645981999999999	-0.1097928736	0.013910701499999999	-0.018366196499999998	0.1263931432	-0.057775083899999996	-0.0525937344	0.1254889438	-0.050421567300000004	-0.0637411732	0.1126038114	0.036523278199999995	0.06873814889999999	-0.0268623056	-0.0328973754	-0.031454517	0.0482926896	0.024889825	-0.0439713523	-0.0671666331	0.100627535	0.0038915	-0.00205864	1.514377225e-05	4.237998649599999e-06	0.0334525	0.0530407	0.0028133158564899994	0.0011190697562499998	0.157339	-0.02593100000000001	0.024755560921	0.0006724167610000004	0.00438781	0.0002456200000000002	6.032918440000009e-08	1.92528765961e-05	0.00107306	0.00039664000000000013	1.1514577636e-06	1.5732328960000005e-07	-0.0005887830000000001	-0.00037048000000000007	3.466654210890001e-07	1.3725543040000005e-07	0.0	0.0
8514.391319707482	16.574679863211713	72494859.54511009	274.72001256795585	10446.877327829583	0.9085781761878025	0.8255143022447534	109137245.90271977	6248.708264602271	-1.86719533276937	39046354.97610872	3.4864184107157183	6296.2488312387695	9937.756486102888	0.949254	35.21961599999999	0.08293856999999998	0.0430997	0.0686097719	0.1508338483	0.011412551000000002	-0.055073095700000005	-0.0514754204	0.031074958399999998	-0.07969150400000001	-0.0053063702	0.06618698769999999	-0.02087533	0.031513682700000004	-0.1221799858	-0.0661963314	-0.0151782365	0.1283461644	0.029360137999999997	0.020590111499999997	0.0014907529999999998	-0.08631478779999999	-0.0768507671	-0.0967418206	-0.0465917717	0.043452639800000005	-0.082961972	-0.12050747939999999	-0.0298295642	-0.018165434299999998	0.1095590093	-0.026555377999999998	-0.0594184925	-0.09264888449999999	-0.0518877118	0.0359454664	-0.0779735319	0.0006011647	-0.022799606899999998	-0.062984564	0.0118069603	-0.0009933924	0.011579482299999999	0.0722271234	-0.06486177929999999	0.0258417954	0.0594603722	-0.0618115271	-0.0675773791	0.1493312479	-0.1574947368	0.0910427466	-0.077162266	0.0124054231	-0.07028690580000001	-0.1213160319	0.0862923463	0.0878430213	0.0135409698	0.1629476833	0.0465334387	0.058803764400000014	0.016619911499999997	-0.0168476859	0.09651846730000001	0.0098873812	-0.0248735716	0.0901050817	-0.0406768885	0.0799139173	-0.048075325499999995	0.0719880415	-0.15710140460000002	-0.033439258	0.0326521564	-0.0463610304	0.0411635714	-0.0030173789	-0.0345430852	-0.05403224400000002	0.0778050238	0.0007133223	0.048959034400000004	-0.0092549121	-0.0723536558	0.0459064625	0.0007539417999999999	-0.22346878260000005	-0.0983096894	-0.0855725343	-0.1837166089	-0.0301688996	-0.0039704886	0.082264132	0.0246504889	0.07322162139999999	0.0013273391000000001	0.0857829309	0.1263817061	-0.1710461905	0.062954163	-0.0811554604	-0.0075930487	-0.1344134242	0.0064305229	0.1083523009	-0.0563510861	-0.0276396066	0.0186794595	0.12204234929999999	0.0517811292	0.042785793499999995	-0.02822531	-0.0290458712	0.0366001922	-0.0869948823	0.0657148303	-0.0052567491	-0.1060293341	-0.0203459995	0.0411097921	-0.006316350500000001	0.0517522784	0.1341718398	0.030946512599999997	0.1535288114	0.0468466339	-0.0473247946	-0.07345025919999999	0.0494867459	0.1634878886	-0.0025928216	0.0744218914	-0.1079937401	-0.0576106817	-0.054940278499999995	-0.0070984661999999995	0.0811706364	-0.0010439685	0.035582907999999996	0.0197422071	0.036472853799999996	0.0680041516	-0.0937411692	-0.0651936955	-0.0516405645	-0.15636995369999998	-0.0436304289	-0.031838901600000004	0.0338617095	0.1304510152	-0.068453764	0.0397510173	0.1501256341	0.0711446003	-0.007841311	-0.0662319801	0.0061141068000000005	-0.0797285829	0.0974447232	-0.002238544	0.048469372999999996	-0.0554463516	0.12275745019999999	0.046110590800000004	0.1396529768	-0.011199001	-0.0363694515	-0.1317849949	0.070906332	0.0560849683	-0.0403305661	-0.0055406887	-0.0140436232	0.0148514349	0.0562168095	-0.15597327390000001	0.1378362359	-0.0455788729	-0.06440511980000001	0.1018917716	0.0100408	0.006149299999999999	0.00010081766464	3.781389048999999e-05	-0.00267087	-0.03612337	0.0013048978601568994	7.133546556900002e-06	0.170667	0.013328000000000008	0.029127224889000006	0.00017763558400000018	0.0043017	-8.611000000000035e-05	7.414932100000061e-09	1.8504622889999994e-05	0.000912274	-0.0001607860000000001	8.322438510759998e-07	2.585213779600004e-08	-0.000288921	0.00029986200000000013	8.347534424099999e-08	8.991721904400005e-08	0.0	0.0
8551.450220469937	37.05890076245487	73127300.87317532	1373.362125721478	10460.20828644465	13.330958615066265	177.7144575966095	109415957.3958053	6259.424972593634	10.716707991363362	39180400.987528816	114.84783017215142	6302.942219560563	10076.666664754408	0.9334110000000002	34.631802	0.06868477000000005	0.034575199999999986	0.0758295514	0.1235076104	0.0034843811	0.0194467001	-0.0145114071	0.0125438771	-0.0645387313	-0.0040435125	0.079443063	-0.0126735615	-0.0632190235	-0.0856151896	0.047799124299999995	-0.0056455449	0.0862513826	0.020233686299999998	-0.0502314816	0.023153267999999998	-0.0923339809	0.010615975	-0.0281117222	-0.0172836098	-0.0466357304	-0.2149676859	-0.0541492454	-0.0072288315	0.015632681399999997	0.11039909630000001	-0.0052166663	-0.0341216963	-0.0041587309	-0.08463295779999999	0.049034874000000006	0.0118654075	0.0138149594	-0.0330070315	-0.0863891631	0.021666350600000002	0.0268825531	-0.17734384670000006	0.1128851948	0.008498338000000001	-0.0330646772	0.1078232829	0.0025365834	-0.0902434292	0.043202807	-0.029633861299999998	0.1672486098	0.0483975586	-0.014556348600000001	-0.0373264382	0.0065624598	-0.015153753700000001	-0.0269458561	0.0783725304	0.0399220402	0.1215440923	0.051152433600000005	0.0992737582	0.0942130043	-0.042893762800000006	-0.0119639794	-0.0744247746	0.0764760088	-0.08856649009999999	0.1428976693	0.0589531446	-0.0326815881	0.1264545806	0.0486473866	0.047708803499999994	-0.0401289333	-0.10356906939999999	-0.029298348	-0.04411166440000002	0.012382629499999999	-0.0726149508	-0.19297676170000005	0.0727413195	0.0762961459	-0.0178442144	-0.018588165	0.0498385982	0.0390332001	-0.032233242	0.0367238747	0.0140921122	-0.06758345730000001	0.1233011982	0.00765677	-0.0186478668	0.0200727123	-0.0590960725	0.0375123941	-0.018669561499999997	0.0305737861	-0.07752767070000001	-0.051102767300000004	-0.12121803390000001	0.07906251360000001	0.0437700287	0.0982165186	-0.07372506	0.019457441699999998	-0.0157448163	0.0502318682	0.09002300630000001	-0.021280746	-0.0219674523	0.028034458199999997	-0.0377146125	-0.1363076551	-0.0405630311	0.0113483853	-0.12454831390000001	-0.111108082	0.0760570552	-0.0062872881999999995	0.0266258479	0.014501469599999999	0.0501130336	0.0517887084	0.0378744012	0.1145270142	0.0866096642	0.0735791068	0.0177656746	0.0332315509	-0.0595574867	-0.1483624288	-0.024873306600000002	0.0040708133	-0.006079809	-0.0643021684	0.0266304601	0.015005063300000001	-0.11089308980000001	0.042720947300000006	0.0018285677	0.0546800414	-0.0169550776	-0.1605919133	-0.0235702614	-0.0793651193	0.0495503454	0.0041771934	0.032479288700000004	0.1042109263	-0.1244227091	-0.0692170669	-0.0594598974	0.031647778700000004	0.06415058	-0.09381743390000001	-0.0314516535	0.1012503931	0.009388658000000001	-0.0599184124	-0.13948571839999999	-0.0867638368	0.1366474195	-0.019256587	0.1890250936	0.0256440761	-0.009722007	0.0452339307	0.016823301399999997	0.0378611711	-0.0717932141	0.030888076299999997	0.009512199300000001	-0.1235946833	-0.0049830368	-0.0217833128	-0.047173106799999996	-0.061568513	0.10288873779999999	0.0119557	0.0019149000000000008	0.00014293876249000002	3.6668420100000025e-06	0.0206839	0.02335477	0.0005454452817529001	0.0004278237192100001	0.14930099999999996	-0.02136600000000005	0.022290788600999988	0.00045650595600000215	0.00408445	-0.00021724999999999962	4.719756249999981e-08	1.66827318025e-05	0.00107306	0.0001607860000000001	1.1514577636e-06	2.585213779600004e-08	-0.000351867	-6.294599999999998e-05	1.2381038568899993e-07	3.9621989159999965e-09	0.0	0.0
8580.368950515936	28.91873004599984	73622731.32697795	836.2929474734137	10522.423302335215	62.21501589056607	3870.708202263388	110721392.15352714	6266.085014499099	6.660041905464822	39263821.408930175	44.35615818254751	6311.74459377283	10319.572033532844	0.967653	35.90226	0.07350251999999997	0.034656	0.0362603393	0.08128689809999999	0.0396233555	0.061621151900000004	0.0647212583	0.0384957779	-0.023607295299999997	0.0261534942	0.0101968086	-0.0917834949	-0.017373803400000002	-0.0231730264	0.1523789129	0.0065529291	0.1996522311	0.0636992418	-0.017421307	-0.0147655902	-0.0007940078	0.0076414211	-0.0370730079	0.0365975298	-0.0642911414	-0.1225350267	0.0074884561	0.0384309921	-0.0089884809	0.0905028892	-0.0678120589	-0.04288002230000002	-0.018418241999999998	-0.0257667452	0.1061459606	0.0421357343	-0.0142152372	-0.0666939255	-0.0014374723	0.017330596599999998	-0.13876478960000002	-0.0739960384	0.0703441371	0.0647781042	-0.0101506991	0.0474972921	-0.1529011446	0.0685132898	-0.0375230555	-0.12321387310000001	0.0178455314	-0.0941578965	-0.073375559	0.0073777839000000005	-0.0379828497	-0.038471658900000004	0.0662959409	0.045226148	-0.0538579215	0.020874072900000002	-0.1145132569	-0.0223570404	0.006039839	0.0407212468	0.0709444522	-0.0230225431	0.029102588	0.1317316014	-0.051150424400000005	0.0041575527	0.0124012864	-0.0523715695	0.0527444121	-0.0969839258	0.07680301190000001	-0.040941473900000004	-0.0311664904	0.0678701621	0.0415672955	-0.05186895440000002	-0.1504898016	-0.055931239699999996	-0.0211389862	0.0036649171	0.027187718700000002	0.042660651900000006	0.0389720612	0.0838677994	-0.07376589360000001	-0.029704949799999998	-0.0048948165	0.1395623991	-0.0090597151	-0.1151603142	0.0217190789	-0.064567625	0.0298249671	-0.148118702	0.0063156824	-0.014533259199999999	0.0740341239	0.17847450780000002	-0.0510430292	0.0227579454	0.09647914789999999	-0.012407561499999999	-0.052416787699999995	-0.0022022982	0.0623356626	0.1098451934	-0.0939864816	0.0499910014	0.0312679213	0.0030632628000000005	-0.043127812800000005	0.0483157937	0.0437419973	-0.0353147334	-0.0626571085	0.1419143894	-0.0766862823	0.0604225045	-0.0814420946	-0.1099238461	0.0630668777	0.0168665581	0.0433940571	-0.12107838130000001	-0.09979742960000001	0.0375536693	0.0937788799	0.07014876910000001	0.0246528999	-0.0309453052	-0.0153299841	0.0838011476	-0.072816505	-0.0107950753	-0.0244198085	0.0219157273	0.035075837799999995	-0.074896769	0.026520365299999998	0.0359291442	0.0861044246	-0.016175204	0.046298973	0.070057584	0.0388837104	0.0331629594	0.0572203058	0.08686470210000001	-0.0664919882	0.0028635905	0.004027785	-0.0548536867	-0.041688887599999995	-0.051094273899999994	-0.000524666	-0.011991696999999999	0.07364447219999999	-0.053083085	-0.0637986495	-0.0589342556	0.1455409214	0.1907766302	0.0966259258	0.0338683647	-0.0339188053	-0.1222289332	-0.026723181000000002	-0.0058594176	-0.0153946094	0.0039921570000000005	0.0393612077	-0.0400035967	-0.1030066576	-0.0487535893	-0.05866012	0.10361581859999999	0.00540678	-0.00654892	2.92332699684e-05	4.28883531664e-05	-0.0013200000000000006	-0.022003900000000003	0.0004841716152100002	1.7424000000000015e-06	0.14046	-0.00884099999999996	0.0197290116	7.816328099999929e-05	0.00366312	-0.0004213299999999997	1.7751896889999975e-07	1.3418448134400003e-05	0.000969746	-0.00010331399999999997	9.40407304516e-07	1.0673782595999991e-08	-0.000549397	-0.00019753	3.01837063609e-07	3.9018100900000006e-08	0.0	0.0
8572.899668428301	-7.4692820876352926	73494608.72493808	55.790174904669435	10530.985204061064	8.561901725848656	73.3061611630902	110901649.36815304	6262.8706136160645	-3.214400883034614	39223548.32289566	10.332373036853703	6311.358700169925	10493.56425693964	0.984447	36.525372	0.07384641999999997	0.033524800000000014	0.0470981065	0.022083933599999998	0.09826210380000001	0.08762801560000001	0.1282700737	0.0509448246	-0.0229522333	-0.0018922065	0.00180907	-0.1437425091	-0.0847016181	0.0267654417	0.12504577960000002	0.012560283	0.0053776415000000004	0.0117315877	-0.0672559562	-0.1304194879	-0.0379188549	0.0257165103	0.11124708	-0.049619300199999994	-0.097442816	-0.0326732926	0.0589319816	0.0495243856	-1.9193e-05	0.09090950880000001	-0.0786068239	0.0158023175	-0.0006632935000000001	0.029254562999999997	0.0936205929	0.1202396357	-0.0644640932	0.0287434898	0.0075122042000000016	0.07566055769999999	-0.08003786360000001	0.0089831832	0.0220567302	-0.0036603940999999996	-0.060220670199999986	0.0034636823999999997	-0.11349992589999999	0.1578853188	0.0080381975	0.0456277328	0.0990240924	-0.0321938087	-0.0052898465000000006	-0.0814882502	0.0194698544	-0.050121673	0.08913919320000001	0.052622188099999995	-0.0088606639	-0.0858889151	0.0551512889	-0.0578011205	-0.0027275491999999998	0.09207827730000001	0.0207335117	0.0363812438	-0.009470807	-0.0028712624	-0.1137608393	-0.07871716150000001	0.0407560255	0.0663487948	-0.0794145265	0.0536072399	0.0421883017	0.0562195768	-0.02822894	0.0488783587	0.0057342459	-0.06847376570000001	-0.0078096667000000005	0.12905788640000002	0.0726246879	0.1509171731	0.06601891650000001	0.0027837441	-0.0136941187	0.0997143274	-0.07023961690000001	0.08569798099999999	0.0712981057	0.0340022907	-0.0087519882	-0.0386871756	-0.0001983239	-0.0580826992	0.025042463199999997	-0.0278622642	0.11460638210000001	0.066154847	-0.0453792762	0.017242161399999997	0.0012942243	0.032403396800000005	0.0896629957	0.0113464295	-0.0500738659	0.04247641519999999	-0.0329395256	0.0426121532	-0.1610780962	0.0048090681	-0.049881878600000006	-0.0009108711	-0.0037629070000000002	-0.0441478646	-0.0006200682	0.0305718821	0.0672442159	0.1337511537	-0.0188951115	0.0214996926	-0.07011829259999999	-0.1286873848	0.09417069310000001	-0.08882488109999999	0.0638898374	-0.011157158899999998	0.0082634427	0.0212829925	0.1224002677	0.078457097	0.0334376164	-0.034962200299999996	-0.0373244545	0.0987606533	-0.0204716729	0.0714829267	0.0097589171	0.0199147526	-0.04343109269999999	0.1037237912	-0.0667460038	0.030763905299999998	0.0057723254	0.0410255937	0.10894876699999999	0.0410660904	-0.0204552471	0.11088641710000001	-0.0184964518	-0.014173345700000001	-0.0734663821	-0.0393623657	0.0644844291	-0.0119610717	0.1205609332	-0.0174150213	0.0819284874	0.0480662839	-0.0383921811	0.007425238499999999	-0.051274806799999996	-0.1333136876	-0.0511442271	-0.055968141799999996	0.0742931629	-0.0035102946999999995	-0.07694784269999999	0.0159878317	-0.086744567	0.047218072199999996	-0.0426938841	0.0981741084	-0.07379122889999999	0.0312362152	-0.0469042542	-0.0503198596	-0.055683332	0.1040711067	0.010860600000000002	0.0054538200000000025	0.00011795263236000006	2.974415259240001e-05	-0.0158442	-0.014524200000000001	0.00021095238564	0.00025103867364	0.162333	0.021873000000000004	0.026352002889	0.00047842812900000017	0.00397774	0.00031461999999999934	9.898574439999963e-08	1.5822415507599998e-05	0.00109816	0.00012841399999999987	1.2059553855999998e-06	1.6490155395999967e-08	-0.00035252300000000004	0.00019687399999999996	1.2427246552900006e-07	3.875937187599997e-08	0.0	0.0
8556.054377105967	-16.84529132233365	73206066.50399418	283.7638397342894	10486.661200407849	-44.324003653215186	1964.617299850233	109970063.13213938	6261.209645340324	-1.660968275740743	39202746.2229027	2.758815613017176	6308.9721432480455	10438.297056893804	0.984895	36.541988	0.08660670000000001	0.0472932	0.0548364911	-0.022739215899999998	0.10408733519999999	0.11856583359999999	0.0398719047	0.0007114333	-0.0858642881	0.0338029008	-0.004852974699999999	-0.0579180216	-0.0988947595	0.0170686038	0.0866622111	-0.0986352677	-0.0069767129	-0.0393383579	0.03725941	-0.1474058366	0.1168222592	-0.015072269199999997	0.126816433	-0.0699834992	-0.046120925099999995	0.0763835078	0.0832477873	-0.0144699668	0.011333018700000001	0.1182023919	-0.0695778072	0.0981559956	-0.00046898830000000004	-0.0573092782	0.0393142516	0.1651394138	0.0598675633	0.0359815844	0.0661682832	-0.0762671182	0.05797130690000001	-0.0270387627	-0.05276674	0.0721555634	-0.06327287870000001	0.0787474074	-0.2392775762	-0.0586783936	-0.077251304	0.011701846299999999	0.020646478	-0.058010080599999986	-0.0948795779	-0.0211188987	0.010144666600000001	0.026637309700000004	0.0125832431	-0.024741696299999998	-0.14775306529999999	-0.0087754214	-0.0314792073	-0.0704626759	-0.061682006500000004	-0.028610271099999997	-0.054205646600000004	0.0706263307	0.0261582161	-0.0888408862	-0.048912295999999994	-0.0235053344	-0.046235403	0.028662966	-0.0504314353	-0.0436306634	0.0247965782	0.0061334497	0.01173238	-0.0810692361	0.0623224401	0.0320706491	0.029019326	-0.0248783733	-0.11938832960000001	0.0176951336	-0.0729884238	-0.0450361936	-0.0149570951	-0.1081584176	-0.075695507	-0.0347697348	0.1471709178	0.0496828218	-0.014048016100000001	-0.0475213897	-0.0837218832	0.0191547206	0.14563762189999999	-0.09761696310000001	0.0892942209	-0.0254844714	-0.0860852841	-0.0418292936	-0.1039135382	0.0477463255	0.1116472711	0.0414901149	0.028935344900000007	0.018198164399999998	-0.0021881704000000003	0.0308406181	-0.10129077410000001	-0.10485937109999999	0.0547866087	-0.040094981200000004	0.1157583077	-0.0696261816	0.0415888457	0.104328136	-0.0857931289	0.0514367529	-0.0162349216	0.0754278125	-0.0246833677	-0.1528261443	0.0832020238	0.1141686619	0.1544682175	-0.0782447583	0.0230291553	-0.026113223799999998	0.0053012373	0.0342632081	0.00999614	0.1131455246	0.035062565	-0.0896590259	-0.0239480758	0.09593963009999999	0.0181896533	-0.022211546600000003	-0.0022938310999999997	0.0096192974	-0.058424798300000004	-0.0537127841	0.0203181028	0.0575442321	-0.0091716642	-0.0667757516	-0.014991958500000001	-0.09009172359999999	-0.07021176400000001	-0.023680367200000003	0.0087306369	0.1240508407	-0.1035760658	0.026072879500000003	0.0195712712	0.012312423500000001	-0.0450604841	-0.12924448630000002	-0.0019462863	-0.0295231028	-0.0027754799	-0.154157581	0.1106962876	-0.0688558841	0.042730734000000006	-0.0468359222	-0.0474031871	-0.0799356432	-0.13086669480000002	0.039853099100000004	-0.1303228798	0.0220746458	-0.0228287948	0.07095339099999999	0.1026027989	-0.0518714612	-0.052641619699999996	0.104253408	0.0147588	0.0038981999999999975	0.00021782217744	1.519596323999998e-05	0.0172878	0.033131999999999995	0.0010977294239999996	0.00029886802884	0.132082	-0.030251	0.017445654724	0.0009151230009999999	0.00403564	5.7900000000000486e-05	3.3524100000000567e-09	1.62863902096e-05	0.00138549	0.0002873300000000001	1.9195825401000003e-06	8.255852890000009e-08	-0.000393803	-4.127999999999999e-05	1.5508080280899998e-07	1.704038399999999e-09	0.0	0.0
8539.787389129846	-16.266987976121527	72927968.65154114	264.61489781528235	10490.265942154609	3.6047417467598284	12.994163060833097	110045679.53712893	6259.3309885284325	-1.8786568118912328	39179224.42395233	3.529351416865331	6309.945259516283	10357.964085598756	0.985423	36.561577	0.09005621000000001	0.0531472	0.0475508633	-0.0524032087	0.1251907986	0.0391113041	0.015580594599999999	0.0045862419	-0.0791373314	0.053958457	-0.0215994408	-0.0821138057	-0.034580536099999996	0.027918756	0.0536326084	-0.0806772347	-0.0830387803	-0.0862985186	0.0731029561	-0.0147034203	-0.0445023506	0.013976065400000001	0.10362806109999999	-0.049545751799999996	-0.036042787400000005	0.07307986030000001	0.0826420424	0.0016311208999999999	0.066270345	0.0331906718	-0.07721880769999999	0.041536808	-0.0046789089	0.0572141996	0.0048441146	0.0944873624	-0.0791886196	-0.047061205300000006	0.0376889054	-0.0642844798	0.031154516	0.0774776656	-0.0648403575	0.05153919	-0.041817398900000004	0.015562926000000001	0.059933611500000004	-0.0433060236	0.014071527	-0.1352394559	0.0366833965	0.1054950393	0.0299353506	0.1525869397	0.1291276519	0.0170793983	0.02661877	-0.08784657369999999	-0.0385310374	-0.1830416166	0.0316005231	0.011977343100000001	0.0857869839	0.0801575501	0.0686636679	-0.0846213435	0.0211077435	0.0784568457	0.1660074289	0.16653629999999994	0.1235724669	-0.053762311900000005	0.0025886995	0.0709159952	0.1012388756	0.0206705968	0.0070177828000000005	-0.0029254386	0.0318324189	0.0496684563	-0.0101387185	-0.0765735899	-0.0239956885	-0.0244866963	-0.0528740785	0.054075843600000006	-0.0789641316	0.0355397628	-0.0030818097	-0.0354074419	-0.0434198999	-0.05977439740000001	-0.0371993974	-0.06901683730000001	-0.1285965425	-0.0395872342	-0.083914679	-0.0682920087	-0.0427162434	0.0480608369	0.0449636196	-0.025620278	-0.0614236316	0.0680674864	0.026851396899999998	0.0544864528	-0.0510475485	0.0463549522	-0.06548733179999999	-0.0385303186	-0.0952133376	-0.037110803399999996	-0.012968116100000001	-0.1173221877	0.0659932891	0.0417815832	0.0175157829	0.0424393798	0.0573665344	-0.1335884311	0.0032117262	0.085564443	0.020127293600000002	0.1047669539	-0.014757468700000003	-0.035466817000000005	-0.0123252574	-0.12702938789999998	0.072766626	-0.1058098195	-0.024135563199999998	0.0231419427	0.111249584	-0.0168477592	-0.1319951792	0.05844850190000001	-0.040281538799999995	-0.0121379399	-0.0217842176	0.0692728046	0.0849844602	-0.0829000448	0.0675367251	0.06685986070000001	-0.0754108493	0.0196781526	-0.12000557880000001	0.099525276	-0.17850221219999998	-0.010201153900000001	0.0144336477	0.022419112999999997	0.1284449526	-0.040499753900000005	0.0130441132	-0.0883290692	-0.0389784558	0.0996291667	0.054201951799999995	-0.0476786982	0.0316609955	-0.0350478777	0.046874877	0.037018441299999996	0.0112033953	0.034015523900000004	0.031683482799999996	0.0102685543	-0.1520713812	-0.103052416	-0.013878711	0.0016264836	-0.0132101232	-0.0346718447	0.0411382042	-0.0486874222	0.014231041100000001	-0.053407941699999996	-0.0495385296	0.1041622441	0.00912194	-0.00563686	8.32097893636e-05	3.177419065959998e-05	-0.0267993	-0.0440871	0.00194367238641	0.0007182024804899999	0.160344	0.028262000000000013	0.02571019833600001	0.0007987406440000005	0.00414193	0.0001062900000000002	1.1297564100000044e-08	1.71555841249e-05	0.00132306	-6.243000000000004e-05	1.7504877636e-06	3.8975049000000055e-09	-0.000321118	7.268500000000001e-05	1.03116769924e-07	5.283109225000002e-09	0.0	0.0
8529.862842965907	-9.924546163938428	72758560.11981043	98.496616560145	10452.023273648683	-38.24266850592539	1462.5016944540978	109244790.51289374	6257.113569701605	-2.21741882682727	39151470.22414397	4.916946253568027	6304.570428905332	10240.742724809275	0.973388	36.115032	0.09477410999999998	0.056852199999999985	0.0733806041	-0.04677918440000002	0.0845002751	0.0514802549	-0.069522125	-0.0354392745	-0.12468880210000001	0.0454076814	-0.0159825481	0.0127177648	-0.1216770044	-0.0305702631	0.0231189913	-0.1405231012	-0.032578736000000004	-0.0146537895	0.0675216029	-0.017088605700000002	0.0035181153	-0.0051391725	-0.0099132316	0.0110081774	-0.0063013799	-0.0477276818	0.05233323980000002	-0.0492336195	0.0441491305	-0.0146507545	-0.0666408388	0.0946190854	0.0429723373	-0.083780925	-0.0286236405	0.050978264800000006	-0.0493328746	-0.07819338519999999	0.0010952519	-0.1140188969	0.0827821512	0.1331478136	-0.0037507919	-0.021778281200000003	-0.013564830200000001	-0.07666948280000001	0.0716445715	-0.0007874280000000001	-0.0632393195	-0.0775172227	0.0117961474	-0.0811341116	0.0807590472	0.0338169623	0.026082093900000002	-0.0875128332	0.0386212046	0.028005241	-0.0007883409	-0.021846915499999998	-0.09395229890000001	-0.059364247099999996	-0.047807785	0.11337019109999999	-0.11344443800000001	-0.0367928483	0.0989466564	-0.07330267530000001	0.0815338838	-0.0312441172	0.0054512048	-0.0304395819	0.0131967574	0.0095376213	-0.0714950703	-0.1945309235	0.0215776509	-0.1165612815	0.0129022457	0.0026414888	0.0193418325	-0.0116347699	0.0002683023	0.0264470483	0.1749791587	-0.115821519	0.0844320397	-0.1409526426	-0.022896292000000002	0.08352833700000001	0.0084537146	-0.0956228009	0.0071857488	-0.0275301231	-0.048170603	0.0608157536	-0.0023343034	0.1250935547	0.0516960509	-0.0795605589	0.08867735460000001	-0.011493813899999998	-0.07959948230000001	0.0761436021	0.0211090909	0.0880020483	0.0414091866	-0.0603097618	-0.050022658	0.0176107615	-0.026352784	-0.1116283229	0.016644381	-0.0996260374	0.0350507306	0.11501265769999999	-0.014951499299999999	-0.0058988886	-0.0378493325	-0.1456213126	0.026175465	-0.0154781576	0.022080582	0.0169165799	0.0045561114	-0.0405863063	0.0308962435	0.0022041871	-0.1032867605	-0.032323045099999996	-0.0498503238	0.0309209533	0.0429085149	-0.0670166413	0.0436891985	0.0440576954	-0.051715600300000004	-0.0050309825	-0.0180382093	0.1731377064	0.056095952000000004	-0.008616795600000001	-0.06547870830000001	-0.0731590206	-0.09149316210000001	-0.06919918530000001	-0.1169226775	-0.11770774490000001	0.017951682099999998	-0.0008930043	0.0825874164	-0.025895934500000002	0.0171010739	0.1230392024	-0.0867635577	0.0482574581	0.0427246016	-0.1511452864	-0.103151395	0.1499827506	-0.0831339608	-0.0514869115	-0.0096434113	0.039050256400000004	-0.0635449934	-0.0395335743	-0.013640386499999999	-0.0123780959	0.049424084900000005	-0.0593948306	0.0333456616	0.09948353289999999	-0.0082347661	0.0586000105	0.1418943139	0.1595185394	-0.0068578715	-0.054928853300000004	-0.0463776798	0.1037978542	0.0148268	0.005704859999999999	0.00021983399824	3.254542761959999e-05	0.0191565	0.045955800000000005	0.00211193555364	0.00036697149225	0.128924	-0.031420000000000003	0.016621397776000003	0.0009872164000000003	0.00421415	7.221999999999959e-05	5.2157283999999384e-09	1.77590602225e-05	0.00132306	0.0	1.7504877636e-06	0.0	-0.000482767	-0.00016164899999999998	2.3306397628899999e-07	2.6130399200999996e-08	0.0	0.0
8546.421499519853	16.558656553945188	73041320.44745517	274.1891068715118	10489.804232379824	37.780958731140345	1427.4008426441299	110035992.83365366	6258.335871925428	1.2223022238231351	39166767.88582861	1.4940227263629815	6307.89682649659	10260.725351858728	0.970218	35.997437	0.07545254999999998	0.050262	0.0752894527	-0.065445474	0.0676840666	-0.0322728814	-0.0179874023	-0.060495305199999995	-0.074646415	0.0353274311	-0.0547601675	-0.0295229556	-0.0590343788	-0.0189673998	0.047953940300000004	-0.114936741	0.0175592335	0.0276869761	0.0271237423	0.0532939463	-0.1545545272	-0.04507863769999999	-0.0044490546	0.0084139662	0.12606744220000002	-0.046310529	0.024614975299999998	0.0232415525	0.1076935117	-0.0566048508	-0.1037659436	0.0483751512	-0.0328544839	0.0183522773	-0.036522587999999995	0.0160543995	-0.10684267289999999	-0.0733143741	-0.1543056408	-0.12724251109999998	-0.048272021	0.1028556175	-0.0342085571	0.0237143578	-0.0331166974	-0.066641854	0.0365203353	0.1285516218	0.07876841009999999	0.048512127300000006	-0.056977659699999995	-0.0153064898	-0.12816245099999998	0.0050196291999999995	-0.0561572836	0.0469717654	0.1366588162	0.0821276028	0.0786651459	0.0330818109	-0.0508869271	0.1447703421	0.0332882799	-0.0242862606	0.0634268246	0.0336081372	-0.009337630500000001	-0.0198149356	-0.046170320599999995	-0.0120001274	0.0425698232	0.021243794700000002	-0.0436348936	0.0551780972	0.099651219	0.1123473694	0.0309893119	0.134451549	0.1085373932	0.015490456299999997	0.0896189825	-0.0215123933	-0.0097192574	0.0086732274	0.0035209702	0.05833091570000001	0.051574069900000005	-0.10330889619999999	0.0466862503	-0.037039248999999996	-0.014980073799999999	0.019332332600000002	0.0116532641	0.0499143184	0.0607420519	-0.0190312075	-0.0514089476	0.0431072743	-0.0833382579	0.038149086400000004	0.105997775	-0.0768952988	-0.024618067400000002	0.09430172199999999	-0.035179501	0.1060497172	-0.054864530300000006	0.0255212174	-0.0274289196	-0.050045601399999994	-0.0073934740000000014	-0.093097838	-0.050808373899999995	-0.1304494825	-0.07962401549999999	0.1465936414	0.055214449400000004	0.0406217757	0.0881987475	-0.010578847800000001	-0.0570315715	-0.061120672699999996	0.0171704263	-0.019821708799999997	0.0239254596	-0.0664328376	-0.07935628110000001	-0.07893073099999999	-0.055241673899999996	0.0729653007	0.0811500375	0.09143231210000001	-0.1181478626	0.028199125499999998	0.11721331369999999	0.1271521055	0.083779495	0.04664716519999999	0.011938994	-0.0491037717	0.0222110129	0.0170742373	0.0218305856	0.0415584833	0.0048877168	0.022630043199999998	0.13881860710000002	0.0653755076	-0.1258730872	-0.0153356477	-0.025002088399999997	0.0156028754	-0.0231651581	-0.0075865135	0.0401873162	0.0535652867	0.045243511900000005	0.06892629980000001	-0.1036537039	0.0460980795	-0.011367055	-0.055607921100000006	0.0692029271	0.0285705935	0.088423628	-0.0767575064	-0.0005244739	0.024089848599999998	-0.0005299426	0.0743170019	0.0760854228	-0.0134419649	0.0031332607	-0.1083040418	0.0494707405	-0.0354951534	0.014878028	-0.0564337526	-0.0431627558	0.1031611942	0.0121471	-0.0026796999999999984	0.00014755203841000002	7.1807920899999905e-06	-0.0267835	-0.04594	0.0021104836	0.0007173558722499999	0.14774500000000002	0.018821000000000004	0.021828585025000003	0.0003542300410000002	0.00417109	-4.3060000000000154e-05	1.8541636000000127e-09	1.7397991788099993e-05	0.00132306	0.0	1.7504877636e-06	0.0	-0.00036559	0.000117177	1.336560481e-07	1.3730449329e-08	0.0	0.0
8542.913884209174	-3.507615310678375	72981377.63301387	12.303365167705353	10501.41545103592	11.611218656096751	134.82039867968928	110279726.47525597	6253.546032656565	-4.789839268863035	39106837.98255467	22.942560221542358	6303.762045263037	10288.362986266056	0.988384	36.671421	0.09871454999999996	0.0593668	0.0838202451	-0.0891521368	-0.012676057	0.011577155700000001	-0.062271656200000004	-0.1404107273	-0.0355309464	-0.0071622825	-0.017099442	0.0701731585	-0.1165677615	-0.035799706800000004	-0.0254235038	-0.149375391	0.08963262289999999	0.1054489972	-0.0467252435	-0.08696988050000001	-0.07679661900000001	-0.06965157450000001	-0.036953383199999995	0.0737769579	-0.020725923700000003	-0.0433303998	0.0373692951	-0.0661383693	0.1000801583	-0.0975404864	0.0360522608	0.0770764914	-0.043308018200000006	-0.0501514301	-0.0005945338	0.0350159876	-0.0950585797	0.0744667886	-0.00038986660000000004	-0.06510585370000001	0.10605955869999999	-0.1078640188	-0.1218593695	-0.0068292016	-0.058820442599999995	-0.0052612011	0.10595984119999999	0.033758201099999996	0.042794552300000004	-0.08491060789999999	-0.1041681908	-0.0015369536	-0.048955111399999994	-0.0011783431	0.1053900363	-0.058163414299999994	0.0539199668	-0.0542097727	0.0220195565	0.109168065	-0.0190863834	0.05351528059999999	-0.1557838872	0.0485808243	0.0134903281	0.0341687054	-0.1427959614	-0.0230365862	-0.0352939532	-0.0808530174	-0.047512562599999995	0.0190028608	-0.0994216662	-0.005590719	-0.0775216217	0.047429285300000006	-0.057129617199999996	-0.04336960769999999	0.08795631150000001	0.0830315259	-0.056823360199999985	0.0567240421	0.0069931399	-0.0680286639	0.0020338045	-0.1148623177	0.068821823	0.062233505599999996	0.0105422931	-0.0138549359	-0.0684280004	0.1420698182	0.11843486460000001	0.1342384272	-0.082300906	-0.1088665759	-0.0308699402	-0.07417265519999999	0.1009302301	-0.075233485	0.10938655380000001	-0.0657234147	-0.1222828046	0.0879987034	-0.101640688	0.050949063600000004	0.0712700228	0.0054834417	0.0433948563	-0.011618060500000001	0.0105494031	-0.0896288916	-0.06972462389999999	-0.0629643945	-0.061784814199999996	-0.059670008899999995	0.05403115940000002	0.1030226292	-0.1516360559	-0.0999462825	0.0829045861	-0.0190404879	0.0160574687	-0.023327938500000003	0.028055472799999998	-0.0516037408	-0.0846320423	-0.0194790497	0.026221999	-0.1354230766	0.0144607596	-0.0577784083	-0.0175570538	-0.0489710844	0.0697240324	0.0391706646	0.1513358986	-0.0365239175	0.023540123599999997	0.053530492	-0.041028060299999995	-0.0772657274	0.0360039098	0.0549461512	0.012112666599999999	0.0408748694	0.0853527257	-0.1260059069	0.0643588858	0.018337209	-0.1177073949	-0.0825302448	-0.0103505991	-0.0036722193	0.0361800665	-0.0309898722	0.05981310860000001	-0.1172314666	-0.0348135106	-0.06355206990000001	-0.033114479599999996	-0.0666290609	-0.1376141612	0.0940350593	0.051827073	0.0353681725	0.0243012196	0.21811439030000002	-0.0276740425	0.012026858400000002	-0.031741405099999995	0.100675439	-0.0239704525	-0.0721951437	-0.0813829226	0.031155887900000002	0.048479157300000006	-0.057922200800000004	-0.039897505800000004	0.102253934	0.0147941	0.002647	0.00021886539481000004	7.006609e-06	0.0215433	0.0483268	0.00233547959824	0.0004641137748899999	0.114696	-0.033049000000000016	0.013155172416000002	0.0010922364010000007	0.00402123	-0.00014985999999999992	2.2458019599999975e-08	1.6170290712899994e-05	0.00125413	-6.893000000000002e-05	1.5728420569e-06	4.7513449000000055e-09	-0.000440635	-7.504499999999997e-05	1.94159203225e-07	5.631752024999998e-09	0.0	0.0
8541.533038341726	-1.3808458674484427	72957786.64508323	1.9067353096494424	10528.35244789615	26.93699686022956	725.601799848017	110846205.26712084	6259.604247527082	6.0582148705170775	39182645.33565909	36.70196741735424	6310.065460650683	10233.472433354718	1.001246	37.148632	0.11523448999999998	0.0631753	0.0755664794	-0.0454296756	-0.0679725448	-0.07951169059999999	-0.0069110852	-0.0999847257	0.0330744675	-0.0751438627	-0.0079615818	-0.005278275799999999	0.045650033799999996	-0.037748347	0.0155051258	-0.10502758529999999	0.1350314725	0.0420782567	-0.0638592104	-0.07280357429999999	-0.1980909278	-0.0439079646	0.048842620499999996	-0.0197114048	0.06870489190000001	-0.07109043599999999	-0.1165668514	0.0727074168	0.1066791455	-0.07663870440000001	0.023381529300000002	-0.0712324333	-0.0783611322	-0.0139126005	0.0076130764	0.0012327625	-0.1338382833	-0.0415854955	0.0555006428	0.0620329897	0.009936981899999999	-0.0226067488	0.104203634	0.06681520120000001	-0.1396954714	0.0736862929	-0.058886588899999995	-0.0490684576	-0.0600597643	-0.0226038819	-0.0690847563	0.0019364195000000002	0.0404389398	-0.0603761963	0.0233704486	0.048810169400000006	-0.0671767752	-0.1356570494	-0.0567944314	-0.0826847574	0.0035042864000000003	0.0093229562	-0.09167762730000001	-0.0592142268	0.0399830822	-0.0369531569	-0.08676696519999999	-0.0702030151	0.0329618245	0.0145326423	-0.0235259796	-0.0517312208	-0.0146360303	-0.0709911367	0.06404611980000001	0.0063554336	-0.0678623105	-0.0069870378	0.0374433817	0.1090297298	0.1323852557	-0.0277678011	0.017475574	0.0451270134	-0.0067349437	-0.0828921185	-0.0971842249	-0.0146548618	-0.0572447837	0.058048805499999995	-0.0332605495	0.1725091831	-0.004676441	-0.09055315679999999	0.040526432	-0.015338015	-0.033949868599999995	0.0165924533	-0.048165019	-0.0007240593	-0.0226933712	-0.0222409372	-0.052183071399999996	0.0511515871	-0.1256577733	-0.0272326279	-0.06881560910000001	0.011358659299999999	0.099849566	0.008225620999999999	-0.0382500676	0.0370156111	-0.132373037	-0.08248385700000001	0.0060884861	-0.020944766200000003	-0.0077806008	-0.045009014800000004	-0.0043407632	-0.048098369800000006	-0.0683517022	0.1009985166	-0.0558276373	-0.10957210029999999	0.037847235699999995	0.07231305240000001	0.0072146513	0.0585062488	0.0025863395	-0.0463501267	9.520950000000001e-05	-0.10654929199999999	0.1678461302	0.0899665832	-0.08991433730000001	-0.0661229958	0.1069185954	-0.0463060227	0.05706372320000001	0.0473335337	0.0605852599	0.0127923495	0.043692941900000004	-0.0923955341	-0.0107639969	0.0475004413	0.040403134	-0.0168972501	-0.031146311200000002	-0.1100570359	-0.0149290955	0.0698233376	0.0955996495	-0.0416343784	-0.0452208853	-0.0153055739	0.12026323230000001	0.0257931213	-0.0486159458	-0.0458346612	0.0338585713	-0.0664428743	0.014795333300000001	-0.0033753406	0.0032526640999999998	0.09851008019999999	-0.002546609	0.0098285205	0.0509617541	0.0267541655	-0.1119742527	-0.0461398982	0.1227046785	-0.0168018146	0.0911734658	0.0119531983	-0.058536995599999996	-0.0593937641	-0.0365857372	0.10107845359999999	0.00904066	-0.00575344	8.173353323560003e-05	3.3102071833600004e-05	-0.025998200000000003	-0.0475415	0.0022601942222499997	0.0006759064032400001	0.153075	0.03837899999999998	0.023431955625	0.0014729476409999984	0.00425011	0.0002288799999999999	5.2386054399999955e-08	1.80634350121e-05	0.00136829	0.00011416000000000007	1.8722175241e-06	1.303250560000002e-08	-0.00031246400000000004	0.00012817099999999995	9.763375129600004e-08	1.6427805240999985e-08	0.0	0.0
8531.704654378915	-9.828383962811133	72789984.30955084	96.59713132044304	10506.63879763688	-21.713650259269343	471.4826075818676	110389458.82400855	6251.468236680675	-8.136010846407771	39080855.11422738	66.1946724928649	6301.4901345634435	10181.686798979928	0.95725	35.516281	0.10100459	0.0578177	0.08090097389999999	-0.016922833	-0.1167767789	-0.0286892449	-0.0435737172	-0.08441240900000001	0.0371519232	-0.1082033951	0.0555877464	0.024184427999999997	-0.0163444878	-0.11003128640000001	0.052663615999999996	-0.11054977630000001	0.00014217129999999999	-0.0508515231	-0.0187412686	-0.058643731399999996	-0.032322289	-0.0753824904	0.0400255682	0.0342404536	0.0768651245	-0.13141954949999998	0.0723015075	-0.005329779000000001	0.0370859927	0.0056225508999999995	0.0839821391	-0.0319431407	0.0009299658	-0.0892554101	-0.0238677565	0.09412424970000001	-0.11213138980000001	-0.0275016903	0.0183119239	-0.0330553289	0.0674540204	-0.0257802629	-0.0200311067	0.0019995332	0.09690447	-0.1097294276	0.011244889	0.028347997200000002	-0.021661706	-0.0627593436	-0.0181014722	-0.0082598785	0.0986850842	-0.0907152808	-0.0394213495	0.0741513704	-0.0817559795	0.0160959543	-0.0320876237	-0.0526873063	0.012788805700000001	-0.0398099961	-0.0754812723	-0.0575716847	0.07384529150000001	-0.0051288845	-0.0933153633	0.0252538608	-0.0174739528	0.07352087639999999	-0.1774897977	0.2132040353	0.08116466929999999	0.18271586260000008	0.0788955551	0.0046520354	-0.0041280331	0.0700377819	-0.10714507640000001	-0.0641817382	-0.0025610205	-0.0775810972	0.0108602547	-0.06715066509999999	-0.011221072	0.0936013113	-0.13139162710000002	-0.1333066728	-0.0777111079	-0.0266546777	-0.0518560921	0.041509195299999996	0.0658814818	0.0505115155	0.0796935829	0.0401351128	0.0716179965	0.0673549803	0.0226348198	-0.0503132749	0.0542208192	0.0511087999	-0.021557823599999998	0.0180129871	-0.08020699719999999	-0.08706271980000001	0.0388037087	-0.0643066661	0.0319742242	0.0240555512	-0.08858665060000001	-0.0645601242	-0.0466476919	-0.1214683247	0.0413967569	-0.0036630747	-0.022566936699999998	0.0421861734	-0.0736837026	-0.0298946623	0.0579125149	-0.0998167325	-0.029130824	0.0712999353	0.003586023300000001	-0.0548182727	-0.0148716474	0.0648766034	-0.0610806509	0.0753508179	-0.068975152	0.0098857128	0.04462935639999999	0.0512920988	-0.1184619084	-0.1279159274	0.0189855191	-0.012369611899999999	0.06258965179999999	0.0533913129	-0.043151594800000005	-0.0892231606	-0.0005505687999999999	-0.0172332168	0.0196966763	0.0117714329	0.08932275210000001	0.07944107339999999	0.0102766181	0.0328408678	0.041022681	-0.189120984	-0.0900919815	-0.1308681269	0.0135592045	-0.0190128301	-0.055952787000000004	-0.0032195128	0.1010009086	0.0850664793	0.1497057152	0.0825257792	0.2229748771	0.018144830600000002	0.0737232363	0.0155947509	-0.008434451899999999	-0.0702948567	0.1195238001	0.0167142902	0.0190214096	0.0031784385999999998	-0.0922331225	-0.0740906554	-0.016828689299999998	0.0426887821	-0.049859226799999996	-0.0608480136	-0.0332313112	0.09963783609999999	0.0147583	0.00571764	0.00021780741888999998	3.2691407169599993e-05	0.0248396	0.0508378	0.00258448190884	0.00061700572816	0.13006800000000002	-0.02300699999999997	0.016917684624000003	0.0005293220489999989	0.00401203	-0.0002380799999999999	5.668208639999994e-08	1.6096384720899994e-05	0.00123786	-0.00013043000000000017	1.5322973796e-06	1.7011984900000044e-08	-0.000372797	-6.0332999999999925e-05	1.3897760320899993e-07	3.640070888999991e-09	0.0	0.0
8543.306702318074	11.602047939159092	72988089.40987292	134.60751638254575	10498.55920302973	-8.079594607150284	65.27984901589195	110219745.33952025	6261.4339076896495	9.965671008974825	39205554.58036567	99.31459865912129	6310.288278217287	10195.757553329164	0.959265	35.591049	0.05705940000000001	0.0405821	0.0403331632	0.0064598104	-0.104169931	-0.0422608016	-0.0062174838	-0.0011728633	0.043705523600000004	-0.0758464774	0.041220986099999996	0.011737672900000001	0.1043056651	-0.0680564364	0.0601121742	-0.114678907	0.012995593	0.046272174299999996	0.0123835827	-0.027552857200000003	0.052355962	-0.013935461599999999	-0.011028710800000001	-0.013146491299999999	0.167370252	-0.0133464929	0.0020469675	0.022896979700000004	0.019991363	-0.0120959301	0.0175808649	-0.0757633068	0.0206096106	-0.0694443555	-0.0257121313	0.09249345390000001	-0.028639059799999998	-0.0391775878	0.08095297	-0.008335878	0.0424067599	-0.09595911830000001	-0.0109807887	0.0912672259	0.034353424	-0.1156675605	0.0176006519	0.120233669	0.0571894386	0.0374491848	-0.0026174033	-0.05458586940000002	0.043019796	-0.0138549092	-0.096117011	0.0021345970000000002	-0.00048563889999999997	-0.1001792102	0.0718350636	0.0302275543	0.11539115220000001	-0.0033336735	0.09796428019999999	0.06537456	-0.0419273524	0.0020585993	-0.0752656352	0.068180877	0.0778401695	0.0087744092	0.07765613360000001	0.0751849481	-0.0008434451	0.0240074708	-0.0836975908	-0.0324612065	0.045121494299999995	-0.0092049435	-0.007847367099999999	-0.009580280699999999	0.026063085899999998	-0.02526456	-0.031156344	-0.0061530824	0.0846060482	0.082731622	-0.013667573799999999	0.0513790359	0.1724531325	0.14035034400000002	0.0270551313	-0.008823965100000001	0.1188713625	-0.0018452306	-0.0531916363	-0.0033920074	0.0765450045	-0.1510154626	0.2013163776	0.14845790050000002	0.0435972184	0.1198994451	-0.0321609964	-0.0133890875	-0.0601193908	-0.0683009165	-0.036734293700000004	-0.08913868859999999	0.039588660899999996	0.0095505161	-0.063668058	-0.0167133601	0.0217091945	-0.09847709269999999	0.053429005	-0.09857263720000001	-0.018016847199999998	0.0641286051	-0.061117603799999996	-0.0302453116	-0.0445699267	-0.0751056848	-0.010928336299999999	0.0025141451	0.0166529451	-0.09926375539999999	-0.08209399769999999	0.0266561404	-0.0830568995	0.1337653323	0.0207333962	0.0135957094	0.0034024371999999995	-0.0595148594	-0.055033269800000006	-0.0146709527	0.024038703300000002	-0.0548948564	-0.1110315848	-0.0455226565	-0.019369446999999998	0.0361346099	0.1274683394	0.1183491917	-0.0537733395	-0.0791858948	-0.0548443125	-0.06649883320000001	-0.0032691379	-0.0023356856	0.011407618400000001	-0.0400422727	0.0690015457	0.007277130400000002	0.014027785800000001	0.049478742699999995	0.0150653534	0.0294297889	0.0686104999	0.0131147906	0.0016917351999999998	0.13174739230000002	0.0143296807	0.046984548200000004	-0.0165957734	0.08982422150000001	0.017553376000000002	0.0373834371	-0.046674939299999996	0.1114946126	-0.0198633296	0.21366681769999998	-0.1263396627	0.0857464308	-0.08555336	0.0240480527	-0.1800485458	-0.062284525300000004	-0.0298381391	0.09793586060000001	0.0146904	-6.790000000000095e-05	0.00021580785216	4.610410000000129e-09	-0.0140085	-0.0388481	0.0015091748736099995	0.00019623807225	0.136337	0.006268999999999969	0.018587777569	3.9300360999999614e-05	0.00385223	-0.00015979999999999987	2.553603999999996e-08	1.48396759729e-05	0.0012379200000000006	6.000000000072787e-08	1.5324459264000014e-06	3.600000000087345e-15	-0.000295169	7.762799999999994e-05	8.712473856100003e-08	6.026106383999991e-09	0.0	0.0
8541.783605039263	-1.5230972788103827	72962067.15531756	2.3198253207195925	10478.826917837476	-19.732285192254494	389.36307890846604	109805813.57399523	6258.453855822047	-2.9800518676020147	39168244.66545385	8.880709133598256	6308.2078638188195	10209.03749272215	0.954126	35.40038300000001	0.05053363000000001	0.0294149	0.06024572900000001	0.0469706883	-0.0906777864	0.0190815227	0.0043534203999999995	0.0208160172	0.0039779754	-0.06497567230000001	0.0832903984	-0.0024885301	0.0463804595	-0.0820653061	0.0556334526	-0.09376344519999999	-0.1298461821	0.017862776299999997	0.0120593222	-0.0120852646	0.0643141611	0.124328033	0.0581538867	0.028698901800000006	-0.0075124295	-0.0184038205	-0.066414976	-0.125980001	0.043987774400000006	-0.0045011553	0.0587599705	-0.09210920369999999	0.0478219261	-0.031284658	-0.1180736648	0.0401945168	-0.0651313729	-0.0531278861	0.0205216706	0.026484980800000002	-0.0190840101	0.0382419357	-0.0532085654	0.057121563499999986	0.0497964092	0.0479632923	0.0462785821	-0.0213626106	-0.07368660889999999	-0.0216585041	-0.0067582072	-0.0772409939	-0.11237890980000001	0.10625748789999999	0.0749167733	-0.0429997765	0.0480785429	-0.0218415498	0.0402629035	-0.049854904699999994	0.1038703846	0.0041721822	-0.057516186	0.0057184014	-0.10511193640000001	-0.0071552588	-0.034986465099999996	-0.09310434	0.0183238048	0.1571423482	-0.0411892291	0.0530710148	0.0078245737	-0.0865001821	0.059286175199999985	0.0696112013	0.0330834977	0.0810637784	-0.1192321052	0.0229230333	0.0316367829	0.0027545521000000004	0.09271773039999999	0.0362977416	0.0328001386	0.0372395924	0.0582731703	0.1313098757	-0.0588084284	-0.0228784459	-0.2085169768	0.079743101	-0.0396838497	0.0310832435	-0.0123166067	-0.1570166709	-0.0123714155	-0.0193727483	-0.053088644000000004	0.0053249436	-0.060187941200000004	0.06612892440000001	0.0330399916	-0.0108296249	-0.0404635464	-0.1048855756	-0.0252017333	-0.08885791300000001	-0.0290527683	-0.0700530617	0.0103813531	-0.0300977664	-0.0047844886	-0.1003790453	-0.0001419628	-0.016359206299999998	0.0030424003000000003	0.0783206636	0.0031914558	-0.0208659301	-0.0471165584	0.025312485299999996	0.0208122364	-0.0418315976	-0.1139028401	-0.0173317957	0.0726358243	-0.0703490926	0.0670208424	-0.1167820736	0.0278812825	0.0672324389	-0.0487361593	-0.07329312660000001	-0.0112205851	-0.1117578553	0.0456457642	-0.0011201082000000002	0.0368356752	0.13770291210000002	-0.0614312605	0.059495025099999994	0.0724931994	0.0360436249	-0.0989395655	0.06170169690000001	-0.0009155273	0.1089619316	0.1243660133	-0.0221196148	0.10144706099999999	0.0773564895	0.0472327853	-0.1494519794	0.0777326753	-0.0282559775	0.0034476201000000002	0.0339786501	-0.0554715475	0.0771994629	0.08839369009999999	0.027931885099999998	-0.0443059554	0.0746492914	0.0135871936	0.025932919900000004	0.00413789	0.0752218087	-0.0053637434	0.0089636279	0.0116155582	-0.0741741443	0.1542382773	0.0498327979	-0.07450594940000001	-0.032667302599999996	-0.0271578287	-0.0637028804	-0.0264101769	0.0959769915	0.0147588	6.839999999999971e-05	0.00021782217744	4.6785599999999616e-09	0.00989593	0.02390443	0.0005714217736249	9.79294305649e-05	0.13458400000000004	-0.001752999999999949	0.01811285305600001	3.073008999999821e-06	0.00414227	0.00029004000000000014	8.412320160000006e-08	1.71584007529e-05	0.00136829	0.00013036999999999944	1.8722175241e-06	1.6996336899999856e-08	-0.000370915	-7.574599999999996e-05	1.3757793722499998e-07	5.7374565159999936e-09	0.0	0.0
8520.312838619971	-21.470766419291976	72595730.86795232	460.993810631796	10438.3174632016	-40.509454635875954	1641.0159148960915	108958471.46257947	6246.368999741696	-12.084856080351527	39017125.68093407	146.04374648280933	6295.1678304764	10174.215701903137	0.991848	36.799969	0.04250212999999998	0.0306323	0.0367707351	0.094561465	0.0071101439	0.012512416799999999	-0.0131682149	0.0616549395	-0.0683260249	-0.018307616000000002	0.044825694000000006	-0.0047523639	0.06089300950000001	-0.0824819011	-0.016414955800000002	-0.0642656919	0.0041317322	-0.0194596424	-0.0144408814	-0.08088515360000001	0.1019203339	0.10303562039999999	-0.0543574582	-0.0215779906	0.11076274230000001	-0.0347012231	-0.1800792365	-0.0046828284	-0.010974301100000002	0.1069863804	-0.0327221731	-0.0509864046	-0.08955813509999999	-0.10460574859999999	-0.1316712623	-0.0120651792	-0.1088846582	0.0602270904	-0.059796868899999994	-0.0658855948	0.0292709994	-0.006506015	-0.043818944900000004	-0.011483605800000001	0.057182639199999996	0.0057840278	-0.0466155086	0.020312576000000002	0.02032703	-0.0066868426	0.0136084406	0.0959834775	0.08168307799999999	-0.0758484047	-0.0760124537	-0.0683272516	-0.0733497548	-0.0002270148	0.0272791292	0.0481065735	-0.15362186490000002	-0.060712372599999995	-0.0553724071	-0.0323897349	-0.0690352024	-0.042680873200000004	-0.006620172	0.1057279684	0.036898662400000004	0.0004713672	0.0458180008	-0.0244228942	0.1318575914	-0.092452855	-0.0599919066	0.0106342595	0.0323974105	-0.0068849174	-0.0082541187	-0.0015344211999999999	0.1015685125	-0.0614070678	0.0465782321	-0.0802857653	0.023170655800000002	-0.0169622411	0.0475432005	-0.0290886523	-0.072597496	0.0221885286	0.0634178286	0.0178444241	-0.1225069229	0.1608353819	-0.07384899360000001	0.07558866809999999	0.0493967279	-0.0965605544	-0.09103920050000001	0.0027026787	-0.0096731354	-0.0737160332	-0.0197490778	-0.0141130074	0.0853450195	-0.0613124961	-0.0457849771	-0.051574657	0.10254351619999999	-0.0390831977	0.039989088799999996	-0.1302818655	-0.09660053560000001	-0.054573876699999996	-0.0256383021	0.0060535706000000005	0.0302209621	0.0125012324	-0.0147092949	0.0717707884	0.0571645638	0.0108651402	-0.0036871513	0.109081155	0.0270083559	-0.0195139817	-0.007483772099999998	0.044754588399999996	-0.0583278743	0.1006449908	-0.0274667977	-0.0820637472	0.0781865274	0.016897571899999998	0.0965364905	-0.0663334972	-0.1279840523	-0.048093120499999996	-0.029966256099999998	0.0717212423	-0.0814406037	-0.0382345606	0.0995692587	0.0223606177	0.09043909439999999	-0.0892047433	-0.0809487247	0.0585753588	0.1260986589	-0.1039920241	-0.0288715231	0.019300846	-0.0389999118	0.0188666314	0.0042601057	0.046448943799999996	0.0297601216	-0.0171717664	0.0292315882	0.0200844742	0.0476012395	-0.0531839807	-0.019873723200000002	0.0134891403	0.042686371900000006	-0.131022721	-0.1260305032	0.1271982464	-0.071640618	-0.056603118	-0.022753022400000003	0.0468243171	-0.0915917201	-0.0032100746	-0.106552778	-0.09479851380000001	0.0642969097	-0.0651026654	-0.0229514217	0.0937663669	0.0147315	-2.72999999999992e-05	0.00021701709225	7.452899999999562e-10	-0.0189947	-0.02889063	0.0008346685017969	0.00036079862809	0.13782100000000005	0.0032370000000000176	0.018994628041000012	1.0478169000000114e-05	0.00396638	-0.00017588999999999973	3.0937292099999904e-08	1.5732170304400002e-05	0.00136829	0.0	1.8722175241e-06	0.0	-0.000339861	3.1053999999999984e-05	1.1550549932100001e-07	9.643509159999986e-10	0.0	0.0
8529.3008404823	8.98800186232802	72748972.82745206	80.78417747721193	10430.97807602008	-7.339387181520578	53.866604200268576	108805303.62241156	6260.993548634125	14.62454889242872	39200040.21603813	213.87743030703808	6309.098241644467	10151.653399048828	0.951635	35.307964	0.03125174999999998	0.0180319	0.061120284299999994	0.1047071845	0.0691756564	0.027951257799999997	-0.0334192966	0.0498668692	-0.10435916640000001	-0.0160548772	0.0564990564	-0.0279155637	0.0254061645	-0.0814713946	-0.0014541061	-0.0297573923	-0.0710078141	-0.0910436919	-0.026622874300000002	-0.0816090619	0.0432911914	0.0681084101	0.0252141502	0.0069193734	0.09174284099999999	-0.046501231399999995	0.0418433596	0.014037730200000001	0.0144815955	0.12437483560000001	-0.0716367411	0.0013916474	-0.0487300591	0.006825433299999999	-0.0680889434	-0.0355429882	-0.094481445	0.030664379199999998	-0.10925099320000001	-0.015116328	-0.0871710832	0.0028874575	-0.08389931390000001	0.0133399621	-0.0440322905	0.0459450782	-0.037125835600000004	0.032011956200000004	-0.10451108529999999	0.19435095670000002	-0.0831220218	0.0652104967	0.15710226830000001	-0.062135928300000004	0.0312900707	0.054600591100000005	-0.0037631248	0.1254090766	-0.06396247349999999	0.07504941400000001	0.1002525903	0.038296032	-0.0610444517	0.0585541169	-0.1001921034	-0.0324079276	-0.112384212	-0.1134124789	-0.0784316476	0.033772887599999996	-0.0123418995	-0.027460545099999997	-0.0736985459	0.0566360092	0.044737834299999994	-0.0112045451	-0.09628859390000001	0.021528841899999998	-0.1188470933	-0.0785209778	0.1302958262	-0.105978968	-0.0968219042	-0.0332091903	0.08691531289999999	-0.086260586	0.12233909189999999	0.0076720255000000005	0.0408361722	-0.0777678733	-0.013366818600000002	0.0005306211	0.0005882051999999999	-0.08868062289999999	0.0601519503	0.05337916	-0.05974682570000001	-0.060295404500000004	-0.050421134000000006	-0.017024718	0.0293566331	-0.0437887367	0.0559629734	0.0332457492	0.11389765539999999	-0.0272920963	-0.037486133399999996	0.0165852682	0.0192752011	-0.030004096600000002	0.016876941	-0.0508965522	-0.1168384984	-0.06529272280000001	-0.0808938759	-0.0292102569	0.08201652179999999	0.0773833639	0.0982201367	0.0528705567	0.0087318587	-0.0255600895	-0.1097539969	-0.040660304	-0.0279076165	-0.0342102483	0.0735942608	0.1967618607	-0.0036088531	-0.0297728235	-0.16637739599999998	0.009267873900000001	-0.0374902144	0.0958268857	0.0804935572	0.015492741599999997	0.038224663799999996	-0.0636225834	0.1139094942	0.0324065917	0.0143023829	0.10816092470000001	-0.0272027239	0.0340331461	0.0284443486	0.0815495513	0.0246591376	-0.0975274148	-0.0320107637	0.0967035418	-0.0222956716	0.038080637599999995	-0.0111775423	-0.0795848316	-0.1986345191	0.238052822	0.043217997599999995	0.0302123084	-0.06921239400000001	0.053173643799999996	0.10153604949999999	-0.0046373151	-0.1378063695	0.032358144900000003	0.0164321129	-0.0749917659	-0.0354865747	-0.0505944879	0.066706634	-0.0691452521	-0.0149846548	-0.04659034150000002	0.0164104964	-0.1003654042	-0.0013344957999999998	0.020034381599999998	0.0178783444	-0.06648347240000001	-0.0194659062	0.0913097856	0.0147624	3.090000000000037e-05	0.00021792845375999997	9.548100000000227e-10	-0.00922525	0.00976945	9.544215330249998e-05	8.510523756250002e-05	0.143876	0.006054999999999949	0.020700303375999998	3.6663024999999376e-05	0.00423111	0.00026472999999999953	7.008197289999973e-08	1.79022918321e-05	0.00136829	0.0	1.8722175241e-06	0.0	-0.000383059	-4.319799999999999e-05	1.46734197481e-07	1.8660672039999992e-09	0.0	0.0
8536.97604032508	7.675199842780786	72879959.91308449	58.908692626622184	10448.835287791131	17.85721177105188	318.8800122361938	109178158.87138917	6257.5029562325135	-3.4905924016111385	39156343.24725865	12.184235314185415	6304.873717440063	10126.709774220755	0.939853	34.870815	0.01942175	0.0106378	0.0611364026	0.0678155265	0.08732662960000001	0.0218702162	-0.0763850844	0.019837039299999998	-0.1006753655	0.0251028131	0.0305810854	-0.0299303635	0.0633746871	-0.0543542986	0.0565318749	-0.0515364475	0.0634554891	-0.009468110699999999	0.0117985459	-0.1213175207	0.1457268018	0.0544808149	0.0409869558	0.0008816843	0.1200112559	-0.022159207099999998	-0.049947360999999996	-0.023500069199999998	0.023398020699999997	0.11279111259999999	-0.1012528645	0.022514798199999998	-0.0823115759	-0.0374604101	-0.030368011400000002	0.12884606029999998	-0.042411263600000006	0.0023143787	0.07583867799999999	-0.09690472060000001	-0.030104761299999998	-0.0688859988	-0.0186284858	-0.0771650985	0.0986444788	-0.0117924126	-0.0050414505	-0.1740360145	-0.1239085173	0.1257074626	-0.0598350909	0.01026826	-0.1079882477	-0.0807364156	0.0187614453	-0.1274041358	-0.0171363772	0.0957138085	0.14326894980000002	-0.0805951585	0.039019515899999996	-0.0438056296	0.11719532949999999	-0.0497043921	-0.0138428482	0.09130007890000001	0.005412118499999999	-0.07706482049999999	0.0965458241	-0.0192589221	0.0022078617	0.0888717165	0.0084996386	-0.0819110603	0.09045099470000001	0.0246906521	0.0649360747	-0.0756501516	0.0858900514	-0.049524617	0.0909859125	-0.033062327200000005	0.028662300699999997	-0.0007249384	0.0294820833	0.0223906911	-0.0469830418	0.0226831002	-0.0436402223	-0.0439986117	-0.0569639174	-0.05192120980000002	-0.10537865560000001	-0.0399813183	0.0479767866	0.0889910141	-0.1063213365	-0.0732054953	0.0405624219	0.0764299643	0.0343816577	0.1301810618	-0.0604587144	0.0537976066	0.1163476051	0.0168077024	-0.0460998255	-0.00017750619999999998	0.0760567735	-0.0127956238	-0.09757185410000001	-0.08920150240000001	-0.0206689233	-0.0601165693	0.11882824089999999	-0.014938653100000001	0.0620749458	0.06958390269999999	-0.0267849731	0.0667518582	0.0576293097	-0.0820839931	-0.0550676708	0.041614468599999996	-0.0848971109	0.1834427696	0.0032718069000000002	0.1298601175	-0.010175371800000001	-0.0045119595	0.0537018242	0.0120151379	-0.1560326284	-0.10001864490000001	-0.0596572449	-0.027912614900000004	-0.0788448258	0.10081507740000001	0.033642154199999996	-0.012027139099999999	-0.1185288767	-0.0261658164	0.0124064575	0.035527271299999996	-0.1074016207	0.0562855482	-0.0679892878	0.029911145899999998	-0.0359860824	-0.166177909	-0.0018717337	0.10969858910000001	-0.0507774012	0.0057502539	-0.0507434328	-0.0792004722	0.10790844990000001	0.039302080499999996	-0.0312351144	0.0593522221	-0.057964964699999996	0.0720040873	0.0812574816	0.0649770604	0.0084044649	-0.029281167799999997	-0.0862987901	0.0397417406	-0.0057752961	-0.0558242988	-0.015310434599999999	-0.0183943203	-0.0335104958	-0.0460045967	0.1045110284	-0.0766128301	-0.0280850048	-0.0678448988	-0.0159576943	0.0886136913	0.0147453	-1.709999999999906e-05	0.00021742387209	2.9240999999996787e-10	-0.00175355	0.007471700000000001	5.5826300890000026e-05	3.0749376025e-06	0.145098	0.0012220000000000009	0.021053429604	1.4932840000000018e-06	0.00409355	-0.00013756000000000009	1.8922753600000034e-08	1.6757151602499992e-05	0.00142778	5.948999999999994e-05	2.0385557284e-06	3.5390600999999917e-09	-0.00036589	1.7168999999999984e-05	1.338754921e-07	2.9477456099999953e-10	0.0	0.0
8546.456549526918	9.480509201837776	73041919.55295156	89.88005472613075	10473.523216229163	24.68792843803203	609.4938105613908	109694688.56089129	6263.6207290335815	6.117772801067987	39232944.63717917	37.427144045487225	6311.916011398375	10262.578209251276	0.975483	36.192753	0.021815500000000036	0.0112456	0.07789209309999999	-0.0188161246	0.11972502380000001	0.030917694	-0.0438413196	0.000278405	-0.11378388460000001	0.031400352	-0.0141838208	-0.0679814554	-0.0097766161	-0.0066861873	0.0593097914	-0.0688174911	-0.12849867199999998	-0.042771434500000004	0.0545968237	-0.06372263780000001	0.053309341100000004	0.06535595179999999	0.046135234000000004	-0.09185437939999999	0.033146025	-0.0318891267	0.03545418	0.0712226187	0.0446880865	0.0579980374	-0.1135472071	0.0647529135	0.0234808138	0.0471508197	-0.046738524100000005	0.1080278766	-0.12745554650000002	0.0221270416	0.11444298119999999	-0.0436284645	0.08769706470000001	0.0697470823	-0.077949847	-0.0241955523	-0.1135256283	0.0102623419	0.1709072596	-0.0116557494	-0.0229286688	-0.1083721185	-0.07458207780000001	-0.1438596743	-0.09584930119999999	-0.00912738	-0.126651348	-0.015639660700000002	-0.0315871792	-0.0188481954	-0.0901093805	-0.0424508205	0.0396755225	0.0099021301	-0.0323067265	0.1353259373	0.0164292838	-0.0155108778	-0.0586158397	-0.0172709096	-0.0114354218	-0.0793700752	-0.030671656800000002	-0.0058618378	0.1443639668	0.010477533399999999	0.0086545649	0.0991512349	0.0184594328	0.1219593213	0.042458128	-0.0775126301	-0.048568874500000005	0.08926406070000001	0.1170723914	0.0062781374	-0.0745254452	-0.0671602578	-0.0285469175	-0.0406854812	0.12852923230000002	0.036712990699999996	0.0113566174	0.0431672915	0.0148643905	-0.008583341	0.0388378778	0.0626106266	0.063135122	-0.0963236407	-0.1189839801	-0.059795798	0.0291589425	-0.0410812329	0.1168211324	0.07767771309999999	0.0778373017	0.056033642800000005	-0.039252949100000004	-0.0182170417	-0.0719486061	-0.0787274872	-0.124905116	-0.0342122486	-0.0686052082	-0.0768144048	0.0700706373	0.013118433700000001	0.0273228748	0.0633605702	0.0047747064	-0.19318574600000002	0.0779543312	0.10754056880000001	0.0440762189	-0.0216582301	-0.0146062765	0.006973152099999999	-0.021244289	-0.0233250751	-0.1672127674	-0.0979647727	0.09983201609999999	0.1008331151	-0.0206974582	0.0515374079	-0.0858625266	-0.0144909971	0.0745118037	0.0166329739	-0.0959967109	-0.0032138635999999997	0.0194627453	0.028095066800000002	0.023196805	-0.0209215396	-0.1046458093	-0.0190529193	0.10769760140000001	0.0258704352	0.1221136151	0.0385594797	-0.0530527737	0.012852603600000002	-0.1365235594	0.0103381786	0.0935925189	0.0807373899	-0.0344229794	0.0457230016	-0.0015310303	-0.1166728389	-0.014227449199999999	-0.1514185974	0.0776121331	0.031037671	-0.0009894533	-0.028690620099999998	-0.048812545199999995	-0.0805037564	0.0320190505	-0.0382593911	0.045224815999999994	0.027370383300000002	-0.0352777918	0.08591193109999999	-0.1181714461	0.0023099342	-0.0180912783	-0.06918654769999999	-0.012430876399999999	0.08568515619999999	0.0147188	-2.6500000000002216e-05	0.00021664307344	7.022500000001175e-10	-0.0098097	-0.008056150000000002	6.490155282250002e-05	9.623021409000002e-05	0.149982	0.004884	0.022494600324	2.3853455999999994e-05	0.00419962	0.00010607000000000063	1.1250844900000135e-08	1.7636808144400007e-05	0.00148572	5.7940000000000025e-05	2.2073639184000003e-06	3.357043600000004e-09	-0.00035292300000000005	1.296699999999996e-05	1.2455464392900006e-07	1.681430889999989e-10	0.0	0.0
8541.032441295643	-5.4241082312746585	72949235.16326462	29.420950104581504	10472.675172704705	-0.8480435244582623	0.7191778193755912	109676925.27298552	6258.118874622702	-5.501854410879787	39164051.84890891	30.270401958517372	6306.11277139288	10276.60639156845	0.978137	36.291245	0.04696255000000001	0.0278281	0.0811214171	-0.0851609739	0.0655665422	0.0208807567	-0.0632888531	-0.060122345999999986	-0.1080863623	0.037083487799999995	-0.0467351918	0.0099359158	-0.0205289188	-0.0005776853	0.0276718983	-0.1768288187	-0.0480747345	0.0441846287	0.0444196702	-0.05720776740000001	0.1278161771	0.10245138890000001	-0.0035092361	0.039859699	0.029904182400000007	0.0531994853	0.053350553499999995	0.1081249739	0.1072169498	-0.0222084613	-0.030493635	0.0757892006	-0.018984986000000002	-0.0465500032	-0.1171832789	-0.0095330481	-0.0552845728	-0.0272394429	-0.1207077541	-0.0998552601	-0.0350976673	-0.0546326959	-0.0315995595	0.023399118599999998	0.09403434869999999	-0.0701265361	0.047930221399999993	-0.02588789	-0.09174174939999999	0.0083985436	0.0589116275	-0.0122625912	0.0710613567	0.0268343319	-0.0532982232	0.0764907766	0.0393135192	-0.0456790766	-0.0620755322	0.0894334604	-0.0499580498	-0.029464994100000006	0.1175940717	-0.0974112401	0.0781741258	0.2062780236	0.11891630140000001	-0.1216348577	0.010022691	-0.06198586370000001	0.0397216414	0.0562294283	-0.005929110600000001	0.021924298199999998	0.0544261269	-0.0535965912	-0.19008288399999998	-0.0014913741	0.11600072369999999	-0.0184071496	0.1392957798	0.1193051714	0.043305473	-0.0852624727	-0.0549576262	-0.0428625156	0.0412465219	0.0256744334	-0.0247620419	0.0063496802	0.0330136367	-0.04833100059999999	-0.1674637043	-0.0571116431	0.10677737009999999	-0.061519395899999996	-0.0372210317	-0.0133319876	-0.12406766539999999	0.10247812380000001	0.056922930199999985	0.0158695883	0.0401213208	0.11877329519999999	-0.0010740212	0.0523557523	0.0146465018	-0.0634260691	0.0172755505	-0.08558635560000001	0.0574555091	-0.09175302070000001	-0.007469509799999999	-0.0938839684	-0.0557012771	0.1074691859	0.0684056401	0.0044578827000000005	-0.0837589166	0.0206839801	0.0099035493	-0.1176437861	-0.0760689579	0.0402959649	-0.0763994558	-0.016324625	0.0664441543	0.0136677391	0.0049177636	0.0699240325	-0.0672693761	0.0760460967	0.06379509900000001	-0.025826713900000003	0.0364735854	0.022558058500000002	0.024224505299999997	0.1020240157	-0.1062029731	-0.1467176693	-0.0270328273	-0.0375494912	-0.0798367569	-0.16756823769999998	-0.01525391	0.0183866283	0.0232636834	-0.0908773559	-0.1237654566	-0.1571285677	-0.0573159503	-0.028612568900000006	-0.0363461479	-0.0391092581	0.0539436101	0.0657814035	0.1231750344	-0.043910477	0.05131385980000002	-0.0120375378	-0.0288582133	0.043420655499999995	-0.0182508685	-0.0096979838	-0.061464380199999995	-0.0096469455	0.0280787496	0.0374678166	-0.017375479699999998	-0.0554701733	0.0542503087	-0.293148643	-0.0051613297999999995	0.0340323346	0.0624656714	-0.107925638	-0.0448360908	-0.070508028	-0.0088895647	0.082531862	0.014723599999999996	4.7999999999992485e-06	0.00021678439695999995	2.3039999999992796e-11	0.007709100000000002	0.017518799999999998	0.00030690835344000003	5.943022281000002e-05	0.12928900000000002	-0.02069299999999999	0.016715645521000005	0.0004282002489999996	0.00408584	-0.00011377999999999996	1.294588839999999e-08	1.66940885056e-05	0.00154546	5.9739999999999974e-05	2.3884466116e-06	3.5688675999999962e-09	-0.00035152400000000003	1.3990000000000185e-06	1.23569122576e-07	1.9572010000000512e-12	0.0	0.0
8541.562659595633	0.5302182999894285	72958292.66779841	0.2811314456436796	10465.981385344123	-6.693787360582063	44.8067892286882	109536766.35836968	6257.588760941537	-0.5301136811649485	39157417.10106184	0.2810205149582527	6307.145380385478	10270.385164501024	0.935767	34.719223	0.04734319999999999	0.030249400000000006	0.0954617884	-0.09627764890000001	0.0255431073	-0.0304972277	-0.0180390901	-0.124698585	-0.0752501193	-0.0059832856999999995	-0.0423923598	0.012169981000000002	0.026989560299999996	-0.0089595935	0.0090098803	-0.0675138524	-0.0801056625	-0.0070948324	-0.045074384800000006	-0.0086897892	-0.010460894	0.1132404392	0.031358284199999996	0.021323380299999996	0.0994078975	0.0265483627	0.1518826645	0.1063374388	0.1413488166	-0.0288755344	-0.031818629	0.014406818	-0.0377549207	0.0013567804999999999	-0.038857419500000004	-0.0756929289	-0.0939584249	0.027667362	0.0677798657	-0.0005977462	0.0638996385	-0.0994151552	0.001718405	-0.0985267088	-0.0057933424	-0.0104741612	0.028220498599999998	-0.0091061591	-0.071512485	-0.0323346622	-0.0119626972	-0.0689693917	-0.019869243	-0.0743121838	-0.013825780800000001	0.0956560674	-0.18801047780000002	0.0416867229	0.0608906209	-0.1031475311	0.0269452858	0.0519556959	-0.1051445708	0.0215465488	-0.0111609181	-0.047060649100000004	0.19149132670000002	-0.0159418177	-0.047098925300000004	-0.0835736166	-0.0247512439	-0.031143885299999997	-0.0951828968	0.0119295216	0.0336388144	-0.0382080878	0.0353465488	0.0158516406	-0.1349804958	0.058683738099999994	0.0879095591	0.0695054687	-0.1055315907	-0.0663836451	-0.0200828097	0.09608137509999999	-0.1118021815	0.2267085455	-0.11609581390000001	-0.0415104555	-0.0925567808	-0.0752577414	-0.0232423	-0.0002566981	0.10267872609999999	-0.0338474384	0.1133136659	-0.014697528500000001	0.0287269131	-0.0207658686	0.0437757857	0.0321127223	-0.0506851156	0.1271622666	-0.0570411405	0.0214655017	-0.0358560898	-0.0111280594	0.0241505819	-0.0412456285	0.0285231132	0.0075020334	-0.1070575853	-0.0125954247	-0.0132930593	0.012628179599999999	0.0326410358	0.0010221193	-0.10836348119999999	-0.0632327404	0.1198147775	-0.026363798100000002	0.0292581967	-0.0716635772	-0.0724884084	0.0123744071	-0.0877949336	0.0384541971	0.0032083015999999995	-7.08882e-05	-0.030639480400000002	-0.1055283812	-0.0417575728	0.1253466947	-0.079536016	-0.043981800300000005	0.022742069	0.0399768177	0.0339744684	0.0609578734	-0.0120337394	0.1312937055	-0.1657430873	0.0015060848	-0.0280469559	-0.0935371405	0.0045001613000000005	0.0948097289	0.0627783603	0.060669693399999995	0.046975903799999996	0.006551841700000001	-0.0037126368	0.0041513079	-0.0392005311	-0.1611579638	0.09171794119999999	-0.0849487261	0.0942915184	-0.0536639326	0.0600876302	0.2467132389	0.0057385541	-0.037028055	0.0316897399	0.1027930715	-0.0748817489	0.0162288253	-0.0452158379	-0.1259057001	-0.0014547351999999998	-0.048271335199999994	0.0189875527	0.0413207196	-0.027476432999999998	0.0292344465	0.09546103789999999	-0.0718089546	-0.0053378881	0.0791620801	0.014698	-2.5599999999998888e-05	0.000216031204	6.55359999999943e-10	-0.014756	-0.022465099999999998	0.0005046807180100001	0.000217739536	0.149302	0.020012999999999972	0.022291087204	0.000400520168999999	0.00414141	5.5569999999999585e-05	3.088024899999953e-09	1.71512767881e-05	0.00152919	-1.6270000000000086e-05	2.3384220561e-06	2.647129000000028e-10	-0.000326574	2.495000000000004e-05	1.06650577476e-07	6.225025000000019e-10	0.0	0.0
8544.995802757307	3.4331431616737973	73016953.26913999	11.786471968547554	10445.132418124567	-20.848967219555558	434.67943412210235	109100791.23215675	6257.843843371609	0.2550824300724344	39160609.56802395	0.06506704613165837	6304.776328322288	10234.572435482234	0.942306	34.961819	0.08530319999999998	0.0447101	0.0908628267	-0.0873706727	-0.0362709512	0.0164447451	-0.059398878499999995	-0.1436674577	-0.0738477922	-0.0433338334	0.021517340899999998	0.0892680144	0.0497671187	-0.0840188964	0.0518308001	-0.0457500412	0.0105808895	0.0535940098	-0.0410756367	-0.059674667199999996	0.0790271613	0.0944750803	-0.05982793190000001	0.0478794626	0.08936793230000001	0.09526848380000001	0.025379796800000003	0.0275140519	0.1118145373	-0.0063017835	0.0269244584	0.0052161342999999995	-0.024408202400000002	-0.1223183125	-0.024396293399999998	-0.0569664559	-0.0942297084	0.0194834353	0.06191452030000001	-0.0249772343	0.028993571800000006	-0.0130925942	-0.15200793199999998	-0.0116742874	-0.16896498489999998	-0.024012124500000002	-0.051121817400000005	0.0464646604	0.0141621966	-0.0289640096	0.119032747	0.0115721922	-0.0896329347	0.1076101108	0.0301583923	0.0738896557	0.008178700799999999	-0.0502621019	-0.0425345756	0.0674147917	0.011626940700000001	0.07965802059999999	-0.0111429624	-0.1031374734	-0.1233262574	-0.0065680878000000005	0.0052762627	0.07914997160000001	0.113097869	0.0178650823	-0.0308352135	0.0242299893	0.0457092104	-0.0345448182	0.0312706308	-0.001239163	0.0405471777	-0.0605601634	-0.0552771915	-0.0395707717	0.0113852228	-0.0276315044	-0.046550174699999995	0.009820731899999999	-0.0037524838	-0.0640160952	0.0406905695	-0.0917716939	0.1185329442	0.0476958293	0.0213512779	0.06430241980000001	-0.0190455153	0.1396201696	0.0091188589	-0.0775526413	-0.025413828599999997	-0.0140628078	-0.0599732263	0.0121457205	0.0172826955	0.0017098604999999998	-0.1071644561	0.11484510029999999	-0.053473889000000004	-0.0360185879	0.0255888491	-0.0813671136	0.0964380073	0.0376282669	0.025406556299999997	-0.0064287505	-0.0717372267	-0.0450146539	-0.0169057215	-0.0624616999	0.0416960073	0.081361561	0.026093883	-0.1430629549	0.1089342852	0.0184166282	0.0036143218	-0.0414760127	0.07273462809999999	-0.07634487599999999	0.1025411774	-0.1562787748	0.078371499	-0.0089795113	-0.0079546946	-0.016291363700000002	-0.023091580299999998	0.06951688519999999	0.1034807359	-0.0749595653	-0.0441220959	-0.0102914216	-0.020846551799999998	-0.0564573263	0.0316837761	-0.013627379299999999	0.0995743758	0.0677300328	-0.0303210451	-0.0840895044	0.0424533645	0.037205273999999997	-0.0018988357999999998	-0.079886674	0.0356948283	-0.029339851200000006	0.0743663571	-0.0292516924	-0.1497632773	0.0617602922	-0.0874803252	-0.025463165099999997	-0.12642663269999999	-0.0168351379	-0.024207287400000003	-0.0805568413	0.033996089	0.0464047557	-0.0329798956	-0.0044283634	-0.0105953419	0.1111535609	-0.0361221454	0.0948503884	0.0562982783	0.003570757100000001	-0.0048296343	0.0552368039	0.0398188753	-0.0824886029	-0.0302351404	-0.0730889481	-0.0017799878	0.0755846496	0.017844599999999995	0.003146599999999996	0.00031842974915999983	9.901091559999974e-06	0.014936700000000002	0.0296927	0.0008816564332900002	0.0002231050068900001	0.120966	-0.028335999999999983	0.014632773156	0.0008029288959999992	0.00381273	-0.00032868000000000003	1.0803054240000002e-07	1.4536910052899996e-05	0.00159087	6.168000000000014e-05	2.5308673569000004e-06	3.804422400000019e-09	-0.000418772	-9.2198e-05	1.75369987984e-07	8.500471203999997e-09	0.0	0.0
8572.53554081948	27.539738062172546	73488365.59861311	758.4371725330752	10513.270571325289	68.13815320072172	4642.807921605023	110528858.10589436	6267.811862182398	9.968018810788637	39285465.53971438	99.36139901223608	6316.4536331747995	10295.044505037444	1.001619	37.162483	0.10427323	0.0585648	0.0845412678	-0.0697381365	-0.048809993600000004	-0.053713745599999994	0.0455105054	-0.1010576495	0.0217715869	-0.0544331275	-0.007708940799999999	-0.0230075638	0.1636138512	0.0029471633	0.1182641477	-0.0387023342	0.049401708600000004	0.0105819285	-0.0530443659	-0.009419252	-0.0053297634	0.1582416438	-0.017227463300000002	-0.0560313505	0.053897595300000004	0.1169063301	-0.0194341044	-0.0065831836	0.0878749942	-0.0457150752	-0.046230899299999996	-0.1140220165	-0.0373839798	0.010493043799999999	-0.0147192621	-0.0463276076	-0.1362707743	-0.001536605	-0.0079976637	-0.026957979500000003	-0.1112137281	-0.1324994104	0.034318160699999996	0.07822801730000001	0.0104588914	-0.0131264806	0.0032546576	-0.1369073504	-0.10133499130000001	0.024110224700000002	-0.0057477746	-0.044587357300000005	0.2028957008	0.1043837496	-0.0192926385	0.0102734007	-0.0292018198	-0.0439895351	0.0811927174	-0.0243070484	0.0731888536	0.0106237206	0.035802156	-0.10248591160000001	0.0463677019	-0.0947620465	-0.0809100804	0.0424844054	0.0240096959	0.13764677349999999	0.0566292279	-0.079113617	-0.096456173	-0.0017965370000000004	-0.1490401234	-0.0027752816	-0.0447351068	0.0209104145	-0.0022039658	0.0538798725	-0.013681044199999999	-0.0321135531	-0.027631202799999997	-0.031013500099999997	-0.1281724692	0.06009182160000001	0.0022652588	-0.0576626346	-0.0942476071	0.06824554440000001	-0.0167627365	0.0321753221	0.11755648519999999	0.0499623204	0.0587174739	0.0975213788	-0.0164709763	0.0341537614	0.0613795399	-0.0028557166999999997	0.0377507129	0.053201255	0.1424957986	0.0678876754	-0.0829841328	-0.0352440719	-0.12401741990000001	-0.0596582325	0.09216763539999999	0.0086011813	-0.03791918	0.0755230794	-0.1138080367	-0.03641536	-0.0396682684	-0.0227778777	0.13279913289999998	-0.0550170338	-0.0113264697	-0.0314321905	-0.0807850527	-0.0691073434	-0.0236604534	0.0159482985	-0.1226534972	0.0749266375	0.052986571600000004	0.021564243599999998	-0.025878260499999996	0.0651462164	-0.15533152349999998	-0.08536770269999999	0.07979145900000001	-0.11890607380000001	-0.07631637	-0.0137670165	0.022941547200000002	-0.0925026335	0.09593284880000001	-0.042396242	0.0334091318	-0.0049926127	0.005687429399999999	0.0235450172	0.058280357699999986	0.0232530078	-0.1335712738	0.0019793045	-0.0551662976	0.029120594	-0.02370758	-0.0202374756	0.17214383519999998	0.0031044905	0.0524246147	0.0221373728	-0.056679848899999996	0.109269611	0.0736648803	-0.045396234900000006	0.021867275499999998	-0.0505122094	0.07982038080000001	-0.0357540532	-0.0255503757	0.075633366	-0.0702614077	0.0556166155	0.1314859891	0.0020839946	-0.033587874	-0.0197570973	0.0067395898	-0.0153876116	-0.0160933188	0.1036963766	0.0317635774	-0.0743476354	0.0017799878	0.0718089546	0.00986032	-0.007984279999999995	9.722591050240003e-05	6.374872711839991e-05	-0.0304445	-0.0453812	0.00205945331344	0.00092686758025	0.155336	0.03437	0.024129272895999997	0.0011812969	0.00385214	3.941000000000014e-05	1.553148100000011e-09	1.48389825796e-05	0.00137561	-0.0002152600000000001	1.8923028721e-06	4.633686760000005e-08	-0.000342687	7.608499999999999e-05	1.17434379969e-07	5.788927224999998e-09	0.0	0.0
8553.770379439366	-18.765161380113565	73166987.70417427	352.1312816217058	10483.70230955889	-29.568261766398788	874.2821038862805	109908014.1154504	6256.072309720445	-11.739552461952375	39138440.74445091	137.81709200693194	6304.500113007363	10351.653728485884	0.9830620000000002	36.473972	0.10250552999999996	0.06822769999999999	0.11619714369999999	-0.0685868697	-0.0941464825	0.024052192400000002	0.0327139565	-0.0768910679	0.0063644903	-0.11502126060000001	0.0653227545	-0.0084211363	0.035158860699999996	-0.0326053262	0.1583021734	-0.013509713500000001	-0.05714431480000001	-0.011556701599999998	-0.0555302686	-0.094596205	0.0409923688	0.1065593526	0.0928019135	-0.0081510952	-0.0286198106	-0.06859635	0.1279303148	-0.1499297307	0.1091266774	0.0175877774	0.0586408601	-0.0865769284	-0.0607703234	-0.047412570599999995	-0.033096105	0.08588311009999999	-0.1440864443	-0.0397929681	-0.0293169377	0.0107268421	-0.0870972556	0.071185061	0.0384667492	0.1031753705	0.0503882631	0.1092879292	0.0941370178	-0.0133693745	-0.013482923	0.006606520899999999	-0.0165344699	0.0108049901	0.0320111404	0.009483238599999999	0.11362812130000001	-0.049750228	0.0625501016	-0.0806618212	-0.056918601799999996	0.0217385882	0.0201992659	-0.0602757878	-0.1576439727	0.0392773138	0.0725674009	0.1480525463	0.031860691600000005	0.113209158	-0.024398293300000002	-0.0771527691	-0.0983425098	0.0023589336	-0.06437423190000001	-0.0657938024	0.0443708885	0.0370669734	0.1047461443	-0.16771022619999998	-0.026214183199999998	0.1087801625	-0.1116704643	-0.028519874700000006	-0.1003401423	0.053053997699999994	-0.0553017414	0.0028474254	0.06629231690000001	-0.0171672168	-0.0083069067	-0.035691905600000004	0.0861422442	-0.0448635988	0.1389881651	0.0731651767	-0.0108119338	0.0422354761	-0.0071216197	-0.08883590179999999	-0.0309001196	0.0073770519	0.0376681247	0.1271177642	0.0880181466	0.0714769663	-0.0740252564	-0.1283205734	-0.015005708100000001	-0.0423070866	0.0652521609	-0.029432879900000007	-0.1168271768	-0.0487848211	-0.0946512768	-0.087965802	-0.044892875	0.0403084899	-0.007159348100000002	-0.0033229604	0.051954323200000006	0.0128880466	-0.0890964376	0.083022242	-0.0337554123	0.051436835800000004	-0.0412575395	-0.027239499900000002	0.0460187763	0.10015809490000001	0.07637843700000001	-0.1018817779	0.012507709399999999	0.0343816844	0.057348166	-0.07616177360000001	-0.0062850872	-0.021557154199999998	0.1337816412	0.07618170610000001	-0.057136303	0.053721619000000005	-0.0843628836	-0.13502545859999998	-0.0651438553	0.029724065299999998	0.0579967831	0.003926024	0.0634417048	-0.0168533266	0.0431306986	0.0088375256	-0.0114890349	-0.0388420333	0.0785056212	0.10091201949999999	-0.1254516891	-0.1468563554	-0.1491784836	-0.1356722729	-0.0993945894	-0.06628767370000001	0.0170447753	0.0614322911	0.032712165099999996	-0.1648135019	0.0654209379	-0.0218299433	0.0406190156	0.10394233039999999	0.0399628531	0.0630915847	0.059185358499999986	0.08426235609999999	0.006422770699999999	-0.08610744029999999	-0.09835421529999999	0.0062300299	-0.0730358691	-0.0755846496	0.0053378881	0.0678448988	0.0148431	0.004982780000000001	0.00022031761761000005	2.482809652840001e-05	0.0345677	0.06501219999999999	0.004226586148839999	0.0011949258832899998	0.139793	-0.015543	0.019542082849	0.00024158484900000006	0.00404138	0.0001892399999999998	3.5811777599999926e-08	1.6332752304399998e-05	0.00141476	3.914999999999995e-05	2.0015458576e-06	1.532722499999996e-09	-0.000453648	-0.00011096100000000002	2.0579650790400005e-07	1.2312343521000003e-08	0.0	0.0
8566.501349071215	12.730969631849804	73384945.36363895	162.07758776708192	10521.946706371866	38.24439681297554	1462.6338875883334	110711362.49172977	6262.219360761132	6.147051040686165	39215391.32229155	37.78623649680086	6312.932421368255	10654.2284979399	2.104603	78.08583799999998	0.4767779	0.288295	-0.2987735125	-0.10113914869999999	-0.10159235109999999	0.0011104587	0.1000515698	0.107554736	0.18694209760000002	-0.0224848048	-0.1229870399	0.1705609368	-0.1943312909	-0.12875685380000002	0.17683794809999998	0.18915559059999998	-0.0560663518	0.1185936226	0.0854517506	-0.0311279246	0.1066768292	-0.0508839439	-0.2993061313	-0.26113089289999997	0.1536675922	0.1991490884	0.1339122582	-0.2151084311	-0.22789383670000002	-0.1619147942	0.1701684999	0.0854709043	-0.0413298958	0.0423392227	0.1443715335	0.3282640998	0.08458526710000001	0.1930511884	0.0017723742	-0.1223834211	-0.11834894779999999	0.0008821578999999998	-0.16868964690000002	-0.055546262199999995	0.0086933954	0.1448289215	0.0165050791	-0.10950858179999999	0.1576360854	-0.0033027872	-0.0818560459	0.14190826939999998	0.0871407867	0.0125729243	-0.1596802657	0.0207820557	0.0801702682	-0.0258062952	0.0273170935	-0.09288468849999999	-0.0517664632	0.0805877198	-0.0046485566	0.0603293235	0.0431857853	-0.0271506787	0.0573069719	-0.063872756	0.1113271909	-0.0481827363	-0.18438442940000002	0.050185548600000005	-0.1329289619	-0.047114547199999995	-0.015713848	-0.0227164781	-0.0784982498	0.07159981230000001	-0.0937808742	-0.21986577829999998	-0.017840193799999998	-0.0557667589	-0.046512947699999994	0.0184171445	0.0629210142	0.080511768	0.0424863634	0.0498319659	-0.0990537672	-0.0250345322	0.09730467539999996	0.030540860899999998	0.0630603538	-0.035509152599999996	0.0539289146	-0.016017022199999998	0.0336676491	-0.029808317	-0.086405731	-0.0626885797	0.11799745449999999	0.0814669304	-0.0607639815	-0.2520164908	-0.1167527359	0.07830644440000001	0.21657394440000002	0.08250110599999999	-0.0168152002	-0.0639678407	-0.2824434359	-0.09633239099999999	0.13624978470000002	0.1606115208	-0.0439174662	-0.1373963356	0.3070102422	0.1366262176	0.09121038199999999	0.08914760099999999	0.0578339879	0.1266936708	0.09090048769999999	0.2189474088	0.0607380881	0.08218192099999999	-0.0819055317	-0.0768823686	-0.008767321	0.0770501715	-0.043305223600000005	-0.036205407200000005	0.049030990999999996	-0.0006075817	0.027852564399999998	0.0628784884	0.09772140550000001	0.0263177894	0.054502780199999996	-0.0453360175	0.0285934544	-0.0558266484	-0.0923817783	0.0686210724	-0.16274081769999998	0.1119429908	0.0291864592	-0.007483055600000002	0.0101953376	0.014195938	0.0373243406	-0.0032252937	-0.1145325605	-0.06331358990000001	-0.1309441158	0.0561191491	-0.007442147	-0.0821561517	0.091980539	0.0995299325	0.10878619789999999	0.0436163908	0.0764357347	-0.043345698099999996	-0.0055331292	0.09385258769999999	0.0622054588	0.0989581942	-0.0337993985	-0.0934604242	0.0861687401	0.0104332682	-0.0319941814	0.0127411249	0.0910149995	-0.0516221179	0.012491951599999999	-0.0767996302	0.0088895647	0.0637028804	0.0150039	0.0001607999999999974	0.00022511701521	2.5856639999999162e-08	-0.0124204	-0.0469881	0.00220788154161	0.00015426633616	-0.07771419999999997	-0.2175072	0.006039496881639996	0.04730938205183998	0.000540523	-0.003500857	1.2255999734448994e-05	2.92165113529e-07	0.00197922	0.0005644599999999999	3.9173118084e-06	3.1861509159999993e-07	-0.000630767	-0.00017711899999999994	3.9786700828899997e-07	3.1371140160999974e-08	1.0	0.0
8556.897769582607	-9.603579488608377	73220499.4390878	92.22873899401951	10505.396971508762	-16.549734863103367	273.893724039019	110363365.52898549	6262.458920576217	0.23955981508515836	39218391.73190463	0.05738890500363525	6315.729547440866	10553.571528930226	1.566906	58.135979000000006	0.10311355	0.0490825	-0.38337513030000003	0.0176067612	-0.0152576984	-0.0315626455	0.0696854831	0.1775354392	0.1450926645	0.042907615700000006	-0.1839508996	0.16061019199999998	-0.1265765314	-0.1109312263	0.033437560899999996	0.13503520759999998	-0.0691447896	0.014554253799999996	0.0520578166	-0.0394015098	-0.0187588029	0.1937236577	-0.0840684659	0.0309791066	0.16884130379999998	0.0377379714	0.0273196603	0.0711166425	-0.2820470018	-0.1731859168	0.0342757839	0.10069346970000001	-0.0619142161	0.08816505289999997	-0.0282876907	0.0060951945	-0.0234728339	0.1208546263	-0.0378792593	-0.0570762737	-0.0883267036	0.109878685	-0.11084993720000001	-0.07532677360000001	-0.1320492396	0.034515499500000005	0.053449835599999995	-0.0403591727	-0.0675350538	-0.0540104612	-0.029782693399999997	-0.095503426	0.1226192085	0.0466484426	-0.09083873390000001	-0.1180677757	-0.1603549199	0.054931441100000006	0.1125439634	0.1719756706	0.1510477736	0.0024296817999999998	0.0630551472	0.0987353081	0.0168981885	0.048899849800000006	0.028804223599999998	0.0189995385	-0.050711739699999994	0.1604534932	0.06399589559999999	0.0293249232	0.0005949383	-0.0410877829	0.1339044753	-0.16700630660000002	0.0016991058999999999	-0.0158212728	0.0675304741	0.031719245099999994	-0.0339445613	-0.1321484402	0.0056289198	0.09464564439999999	-0.0139209237	-0.0702760647	-0.075212481	-0.0273285752	0.0199755147	0.025152951899999998	-0.09747350960000001	0.0660947232	-0.1397903415	0.0855706292	0.0660901121	-0.1188851235	0.060430027699999986	-0.0302354646	0.0279574365	-0.0351038846	-0.039813339100000004	0.069632304	0.0412574545	-0.2850940832	-0.0266445922	0.17805566	0.12657888039999998	0.08055257440000001	0.0354223032	-0.09686544300000001	0.0017767911999999999	-0.0158967623	-0.0026925290000000004	0.08947632890000001	-0.1078597033	0.0360924411	0.1741427118	0.0377904561	0.0932239634	-0.07549318690000001	0.1218710485	0.0609394727	-0.051065501500000006	-0.0143717523	0.0369055925	-0.0523443919	0.09761257570000001	0.0683891317	-0.2211184239	-0.0690577762	-0.1178500974	-0.0684399266	-0.1677981225	-0.1047563337	-0.0976923986	-0.0574147731	0.0546297455	-0.042657015300000004	-0.1530193603	0.0356862695	-0.0834304272	0.1261392653	0.0415452521	-0.0350680274	0.054471304500000005	-0.0518402008	-0.1418338354	-0.0356253763	-0.08819794759999999	0.0195635257	0.1937110448	0.032979896200000004	0.0623230746	-0.050052127300000006	0.0221931319	-0.111559781	0.0048215867	0.0393766611	-0.1201263319	0.0101946187	-0.0092000135	-0.0286154242	-0.0238942227	-0.0392920947	0.044607946399999994	0.0787103799	-0.0806614375	-0.0021802658	-0.0162741709	0.0729791752	-0.0668720428	-0.1668129024	-0.025454046600000002	0.0182624974	-0.096869231	0.0013610695	-0.0831277403	-0.0779922229	0.012430876399999999	0.0593937641	0.0181615	0.0031576000000000017	0.00032984008224999997	9.97043776000001e-06	-0.0316033	-0.019182900000000003	0.00036798365241000016	0.00099876857089	-0.100625	-0.02291080000000004	0.010125390625	0.0005249047566400017	0.0007486119999999997	0.00020808899999999974	4.330103192099989e-08	5.604199265439995e-07	0.00269783	0.0007186100000000003	7.2782867089e-06	5.164003321000003e-07	-0.000861313	-0.0002305460000000001	7.418600839690002e-07	5.315145811600004e-08	0.0	1.0
8541.05252387678	-15.845245705826528	72949578.21562192	251.07181147801404	10504.353734665096	-1.0432368436668185	1.0883431119839058	110341447.38297254	6263.70286900963	1.2439484334136068	39233973.63123947	1.5474077049921666	6316.309352248642	10338.190865921999	1.235594	45.843525	0.27280235	0.13961400000000002	-0.2801076107	0.08196480540000001	0.0994395292	-0.07868701040000001	0.0287765386	0.1572362756	0.07613779650000001	0.0557465512	-0.1775077181	0.0381075848	-0.007639538	-0.0663262117	-0.0137786479	0.1687806411	-0.0419709012	-0.0537906088	0.011953776299999998	-0.0643098562	-0.044973518899999995	0.1183427546	-0.0193090549	0.0729297763	0.0119104148	-0.08170554990000001	0.013286268200000001	0.0744692262	-0.2290956448	-0.07990520150000001	-0.0797872146	0.025489019100000003	-0.1066525026	0.136265641	0.10221369109999999	-0.06493333700000001	0.08410697710000001	0.0377738294	-0.0445171827	-0.0069372826	0.0463099478	-0.034829674399999996	0.1827758612	0.0091954065	-0.0741571812	-0.0505846325	0.024015958799999997	-0.0558031833	-0.0399106022	-0.0078421479	-0.08369596309999999	-0.0712728153	0.157726187	-0.0063663312	0.0295624339	0.0877325206	0.014560182	-0.0109632719	-0.0122077821	0.0851612415	-0.0465674613	-0.0887948967	-0.0533239525	0.094263295	0.0058125079000000005	0.19521896600000002	0.0098219088	0.0339971177	0.0674692442	-0.014154018300000001	0.07419977950000001	-0.1366987314	0.0486422255	-0.047045608600000004	0.0320693066	0.0121526457	0.1451844875	-0.0251165386	0.0312931445	-0.054526991100000005	-0.0062881499	0.0791695871	-0.10989225039999999	-0.0674146288	0.05787172190000001	0.0316875863	0.1105610792	0.1062918721	-0.0493332096	-0.0419413561	-0.0403322925	-0.024357590800000002	-0.0642710435	-0.030445564100000006	-0.057133209500000004	-0.0615947558	0.1103157935	0.0225321908	-0.11167716529999999	0.1432359094	0.0581620433	-0.0129549996	0.0051522605	-0.20535651079999998	0.0406029616	0.1519367771	-0.0169523403	0.1652793275	0.0505033796	5.133640000000001e-05	0.0175412145	0.0411422136	0.0223494832	0.0620360833	-0.057498232	0.00806702	-0.0455928736	-0.1755468001	-0.057414805	-0.085539083	-0.0174243694	-0.0030261563	-0.10939109150000001	-0.0343202847	0.0987157035	0.0734364901	-0.0477787347	0.09895469679999999	-0.0014095065	0.0261586795	-0.1772186543	0.077206484	0.0225216739	-0.0231579825	0.0413595869	-0.0075002327000000014	0.021580490600000002	0.0062935447	-0.1289986678	0.0262438145	-0.0561144851	-0.0979172031	-0.0027832926	0.0163991041	-0.023471042999999997	-0.0678834682	0.0319172544	0.0057359506	0.0385444575	0.1073104776	0.0160347842	0.1472559657	0.0233921925	0.18523425489999998	0.0498279613	0.050523834000000004	0.0195923376	-0.105778279	-0.016254025800000002	-0.06636679870000001	0.0097100625	0.1219830435	-0.010062965699999999	0.0519527636	0.1180217858	-0.0264818481	-0.0120100332	0.0930249642	-0.0542383885	-0.0149062428	-0.0158357499	-0.0473087818	0.0044986155	0.1034827032	0.0418429956	-0.0051932718	0.0479471033	-0.0791620801	0.0159576943	0.054928853300000004	0.0161864	-0.0019751000000000005	0.00026199954496000004	3.901020010000002e-06	-0.0729771	-0.0413738	0.00171179132644	0.005325657124410001	0.00561075	0.10623575	3.1480515562500003e-05	0.0112860345780625	0.00200319	0.0012545780000000006	1.5739659580840012e-06	4.012770176100002e-06	0.0017186	-0.00097923	2.9535859600000007e-06	9.588913929e-07	-0.000630767	0.0002305460000000001	3.9786700828899997e-07	5.315145811600004e-08	0.0	0.0
8535.668450259964	-5.38407361681675	72857635.89276333	28.988248711302194	10455.252513624979	-49.10122104011497	2410.92990763023	109312305.12366147	6256.506033971613	-7.196835038017526	39143867.75312321	51.79443456443671	6307.669539892317	10221.61467339946	1.038474	38.529892	0.07277895000000001	0.042747900000000005	-0.171063088	0.1013360365	0.0768042895	-0.0218708464	-0.0460503918	0.1023771973	-0.00558299	0.061629301799999994	-0.0617759763	0.06918358849999999	-0.0619477585	-0.09845956439999999	-0.0056470377	0.1404511601	-0.0523455216	-0.09869515050000001	-0.0674258041	0.0166801774	0.0074508184	0.048114178099999995	0.04457848440000002	0.18144744079999997	-0.0189018103	-0.10015319339999999	-0.0667213136	-0.0131068373	-0.1438574862	0.018425707	0.0338518999	0.0739083587	-0.0577885588	0.0361728418	0.0672364018	0.0181442905	0.0480297666	-0.0261753508	-0.047009091100000004	0.011314619	0.024835652200000002	-0.0414911993	0.0948444326	0.0849968772	-0.0679889795	-0.0274065614	0.04645313400000002	0.0268936769	0.0193742982	-0.052910442300000006	-0.0625206104	-0.047442341299999996	0.04750289	0.1349463124	0.017667359599999998	0.0629372417	0.0743111943	-0.0210469373	-0.1385485509	0.07106608019999999	-0.0672580918	0.20743320329999998	0.055397525	-0.009907017800000001	0.0535731429	0.0541507816	-0.0441818754	-0.0351450573	-0.0078403544	0.019955265	-0.0717104712	-0.014432177	0.1933149234	0.0381794091	0.103935217	0.0448290559	0.1080242786	0.0649159336	-0.1008638208	0.0800239621	-0.0030132803000000002	0.0908843841	-0.09290358929999999	0.002860037	-0.0077037439	0.061061359	-0.0658722779	-0.061395433799999996	0.0475052813	0.0027559609000000003	-0.0109444673	-0.0778418701	-0.012157999499999999	-0.0963762802	0.0054883574	-0.0509495584	-0.0100152471	0.045235008300000004	0.1534478858	-0.0070164339	-0.048804785700000006	-0.052549442099999996	0.0639216156	-0.098220051	0.08130190429999999	0.0596043966	0.1006759411	0.10126647679999999	0.0307198609	0.0295435152	-0.00322032	0.0260959162	0.055592242699999996	-0.013941091200000002	-0.0376068956	-0.0034453031	-0.0662133782	-0.07792237469999999	-0.0634164222	-0.047640505	-0.0783636105	0.025313412599999998	-0.0649934177	0.0007294277000000001	0.0048244557	-0.0540439667	-0.018153531	-0.0315461301	-0.0276025856	-0.061983190599999995	-0.1352300054	0.043805928099999995	-0.0411756105	0.0098460391	0.0838097989	0.0332735383	0.0738456091	0.0285781597	-0.0514062307	-0.1139219732	0.1987714025	-0.061080779400000014	0.1761968751	-0.07503810799999999	-0.0129018407	0.0423711984	0.1301127185	0.13677362839999999	-0.0054584689	0.0123135568	0.0376455964	0.0462084213	0.0264337267	-0.0018024855	0.014704926299999999	0.0199301555	-0.1250191704	-0.0201965078	-0.028408257000000006	-0.0630199991	0.0164879594	0.0829240254	0.07431814269999999	0.0127957018	-0.0031111983	-0.028405566	0.0026706843	-0.16734080169999999	-0.0445345542	-0.0451387917	0.006472740899999999	-0.0397957832	0.0107022649	0.0007455294	-0.082788015	0.150685142	0.043595073600000006	-0.0803088607	0.0194659062	0.0503198596	0.0156356	-0.0005508000000000006	0.00024447198736000003	3.033806400000007e-07	-0.0365607	0.036416400000000015	0.0013261541889600006	0.0013366847844899993	0.017929499999999998	0.012318749999999995	0.00032146697024999993	0.00015175160156249992	0.00162075	-0.00038244000000000017	1.4626035360000013e-07	2.6268305625e-06	0.0017186	0.0	2.9535859600000007e-06	0.0	-0.000543347	8.741999999999995e-05	2.95225962409e-07	7.642256399999989e-09	0.0	0.0
8557.148947277097	21.48049701713353	73224798.10588554	461.4117521030825	10482.93345508243	27.68094145744908	766.2345199707232	109891893.82368644	6262.26456017114	5.758526199527296	39215957.42157544	33.16062399064228	6311.483685699633	10202.429786491191	0.940989	34.912941	0.0391895	0.017668699999999996	-0.1802584816	0.09269244830000001	0.09440930789999999	-0.0397320768	-0.0456941355	0.0925097718	-0.0114613219	0.1112228057	-0.0796777713	0.054525803399999996	0.0242160357	-0.0389327713	0.053024456799999994	0.1657334837	0.08711596769999999	-0.020978314100000003	0.036008165	-0.0125025147	0.1086790637	0.0005960939	0.0585240679	0.1956628124	-0.0538347936	-0.0323325577	-0.073611069	-0.0813713898	-0.1253215577	-0.0333256304	-0.066207218	0.09256141470000001	-0.08309609400000001	0.0920320243	0.0877620443	-0.0034328436	0.1218402717	-0.0107774072	0.049320394100000005	-0.019821379899999998	-0.0670896992	-0.0180625787	0.0463758837	0.1062651765	0.0535038337	0.027026168	-0.0132894155	-0.0044601887	-0.0810993232	0.0080312272	-0.0399121654	0.0775608153	-0.0014381139	-0.043578595899999996	0.0132386831	0.0087465526	0.0321220805	0.0443552433	-0.0128447497	0.05659929230000001	-0.0456829461	-0.030856862999999998	-0.17938341100000002	-0.0400548638	-0.0223944885	0.0589864784	-0.0412251819	-0.0024242035	-0.0045650194	-0.0647827233	0.0077091399	-0.0697797357	0.0344608853	-0.1032843489	-0.027132071	0.0005020787999999999	-0.1302499823	-0.1825067709	0.0068932842000000005	-0.0489521257	0.0238874813	0.0760305557	0.0227054758	-0.0353052214	-0.13974742539999999	0.1022572115	-0.130177331	-0.137335228	0.0652273275	-0.0051537906	-0.1611714616	-0.1417345607	-0.0486232183	0.16679816109999998	-0.0826965473	-0.071321935	-0.0464213795	-0.0007416508999999999	0.2364213903	0.052655638899999996	-0.09521978380000001	0.0936594667	-0.057013587000000004	-0.06648636940000001	0.0856472016	0.1289323202	0.0282285773	0.0902398776	0.0826342798	0.034915518900000005	0.0013546787	0.0957748365	0.1299792618	0.0563181422	0.0443452261	-0.0188319971	-0.0128296623	-0.016380586399999997	-0.0603620615	0.0205396966	-0.10487528859999999	0.0085005799	-0.12520832210000002	0.0548005672	-0.033755887000000005	0.07032062160000001	0.0304616138	0.0018806227	0.048032142300000004	0.008332019599999999	-0.0080722156	0.0089605707	0.0422811623	0.0047336889000000005	0.1087355589	-0.0639198648	0.059344630999999995	-0.0211795723	0.0627439629	0.0956780332	-0.08689088869999999	-0.105393952	-0.0744347999	0.009281615	0.0957780622	-0.049387358099999994	-0.0238563642	-0.11623686529999999	0.0863661339	-0.0471661989	-0.1046035828	0.0379945443	-0.0150116459	-0.0088062156	-0.10620698	-0.1817627225	-0.0827067736	0.015386560700000001	0.024508162000000003	-0.0375424221	-0.2049360839	0.0023553414	0.1478805367	0.07349245830000001	-0.013951367099999999	-0.0745809041	-0.0466787388	0.0205022675	-0.047751011100000004	0.0773328954	0.022009810699999997	-0.0511552607	0.0547999224	0.008996013	-0.092700448	-0.0038633675	-0.2335502548	-0.0814322305	0.0229514217	0.0455788729	0.0114445	-0.0041911000000000006	0.00013097658025	1.7565319209999998e-05	-0.0426648	-0.006104100000000008	3.72600368100001e-05	0.00182028515904	0.029612	0.011682500000000002	0.000876870544	0.00013648080625000005	0.0017974	0.00017664999999999998	3.1205222499999994e-08	3.23064676e-06	0.00179656	7.795999999999998e-05	3.2276278336e-06	6.077761599999994e-09	-0.000453721	8.962600000000004e-05	2.05862745841e-07	8.032819876000007e-09	0.0	0.0
8566.190988610357	9.042041333259476	73379628.05334929	81.7585114723728	10465.929654554437	-17.003800527993008	289.12923239577526	109535683.53408197	6260.025104950657	-2.2394552204832507	39187914.31461249	5.015159684549684	6309.942039533097	10345.748687276266	1.012112	37.551807	0.0589872	0.0341587	-0.1597564132	0.0114684105	0.1482967944	-0.051072424000000005	-0.011882668600000002	0.07763021190000001	-0.0398245021	0.0796121654	-0.107361304	-0.0107617046	0.0396417772	0.0725391513	0.013002726200000002	0.1474126171	-0.0337466802	-0.0887241253	0.013335771000000001	0.0214320648	-0.00526386	-0.07693596700000001	0.0708530403	0.0595356946	-0.0155461743	-0.141295277	-0.12476987789999999	-0.1085911942	-0.0783326021	0.0236501416	-0.0786642787	0.0603549225	-0.0045709643	0.1733225665	-0.037893108599999996	0.11354101789999999	0.0840050742	-0.0138334675	0.131902727	0.0304094296	0.0412409152	-0.1413328677	0.021594892799999998	0.0429882868	0.025643380299999997	-0.2122846511	0.0104098967	-0.027915611899999998	-0.0591824644	-0.0048044513	0.0241607614	0.0840668302	-0.0418525044	0.030184489100000007	0.0926939315	0.08769406619999999	-0.09118423380000001	-0.0387171417	0.1054491382	0.1292897874	-0.059375766399999995	0.0103987449	0.076028468	0.08392816869999999	-0.0994350936	-0.0624855065	-0.0188249994	0.0824943424	0.0143413821	-0.039268622999999996	-0.042921912400000005	0.0788973338	-0.1415109967	-0.028548552999999997	-0.0946972086	-0.0371000413	0.1431260969	0.0752567599	-0.0417039786	-0.01036278	-0.0232928686	0.1749853771	-0.0688633085	0.0184316092	-0.10604207460000001	-0.1004258292	0.0561856529	-0.0988901965	-0.0596305662	0.0282629334	-0.0683064177	0.1470865945	-0.1343903085	-0.059001863200000004	-0.0501330556	0.0595171563	-0.0256915685	-0.017989837800000002	-0.0984910545	0.0026094235	-0.0573273892	-0.08206243490000001	0.0929973547	-0.032980115	0.0903145945	0.09632596539999999	-0.0125978438	0.0689713088	-0.0433209125	-0.1242473068	-0.0868509976	0.1406344124	0.0997528477	-0.044067639400000004	0.1194604428	-0.0999554349	-0.0883360661	0.0007674114999999999	-0.10764121060000001	-0.0665812372	-0.0331481354	-0.1347105184	-0.1043539184	0.0696761647	0.0135934959	0.0568407746	-0.06456431110000001	-0.046693155300000004	0.1048178628	0.031141517	-0.0795602148	-0.1479992274	-0.10564416380000001	0.0091481589	0.0281075577	0.0194733734	-0.0889879591	0.015861648	-0.0748216379	-0.0177405053	-0.021836246200000003	0.0726607733	0.08224445400000001	0.0910469955	-0.0813098512	0.0106717051	0.07014034820000001	0.0187574359	0.125103803	0.12425693460000001	0.09348387	-0.0969373167	0.0010413735000000001	0.061241543499999995	0.0622083212	0.10128238070000001	0.000143548	-0.0001506918	-0.0149887947	-0.09994941380000001	-0.0776217614	-0.058387633099999996	-0.0180073977	-0.1141439995	-0.0548858666	-0.0319921409	0.0044424341999999995	0.093867694	0.1362198751	-0.08817537310000001	-0.2400080207	-0.0111529373	0.054941589699999994	-0.0520712401	0.0674313049	-0.13192699630000002	-0.0550120452	-0.082531862	0.0264101769	0.0407183291	0.0114914	4.690000000000076e-05	0.00013205227396000002	2.199610000000071e-09	-0.0450705	-0.0024056999999999967	5.787392489999984e-06	0.0020313499702499997	0.057071400000000015	0.02745940000000001	0.003257144697960001	0.0007540186483600005	0.00174201	-5.539e-05	3.0680521e-09	3.0345988401e-06	0.00141909	-0.00037747	2.0138164281000003e-06	1.4248360089999998e-07	-0.000305077	0.00014864399999999994	9.3071975929e-08	2.209503873599999e-08	0.0	0.0
8554.368261102976	-11.822727507380476	73177216.34656596	139.776885713771	10459.405498494218	-6.5241560602189566	42.56461229809174	109399163.38193108	6260.363657124032	0.3385521733753194	39192153.119439386	0.11461757409715233	6308.615417850151	10375.717409410076	1.046692	38.834782	0.09531525	0.0492911	-0.1154470031	-0.06634673469999999	0.10527211980000001	0.0282268497	-0.0745070124	0.0171785288	-0.0735766073	0.0815015772	-0.0830298478	0.0430745104	-0.0385677299	0.0706903113	0.0435919211	0.05096679849999999	-0.0940635606	0.0372620371	0.082982908	0.0075845175	0.0135114228	-0.0827774666	-0.0294396999	0.0958701161	-0.0032434659000000004	-0.0369429784	-0.0745687569	0.0328244866	-0.0459919512	-0.054315876299999996	-0.048273749299999995	0.1584334795	0.0184823858	0.09148972970000001	0.028904764399999998	0.08626061759999999	0.06647606980000001	-0.0480295292	0.00023806549999999999	0.0113361566	0.015128598600000001	0.1958733757	0.0266501571	0.0609987875	0.0526926934	-0.0970332634	0.0276948723	-0.0391791582	0.12418437800000001	-0.0431706043	-0.0149529821	-0.0213375737	-0.021203913900000003	0.06526951269999999	0.0118996676	0.1548530652	0.008067249	-0.0085292784	0.017569700900000002	-0.057224709299999996	0.0471866061	-0.0289723086	0.016283003	-0.1519166666	-0.1518086065	-0.020901366100000002	-0.012270471100000001	-0.0938713909	0.0011654096	-0.118737286	0.0347934252	-0.01643257	0.033540837000000004	0.0229200412	-0.081739603	0.1306357971	-0.16352004679999999	-0.1142947465	0.045729233499999994	0.0328129398	0.0138064301	-0.06183286900000001	-0.0360646159	0.1556879953	-0.1236520277	0.07822158230000001	-0.0268944581	0.0047187797	0.0022401208	-0.021538016299999997	0.043837947599999996	-0.0156970928	0.038700097999999995	0.033802225299999995	0.105387729	-0.0679845301	0.0753174998	0.084895237	-0.0941067049	0.0067925626000000005	-0.0528219072	-0.0889120829	0.0579159417	-0.0005196271	0.038531289100000005	0.142391931	0.07616363849999999	0.0375529482	-0.0782596717	-0.0774164179	-0.057580202000000004	0.023303587400000002	0.1001745163	0.0144738567	0.040465295	0.0575257821	-0.1026616935	-0.039472783500000004	0.0986334869	-0.111709555	-0.14817402300000002	-0.0020241909	0.09747989609999999	0.0272825233	0.0420370287	0.007303449799999999	-0.047078768300000004	-0.1358449349	0.0690908458	0.048497129900000005	-0.07048520030000001	0.0816451918	0.0101801515	-0.024322214300000002	0.017351557099999998	-0.125490394	-0.0200399796	-0.055777377	0.0450368279	-0.0108002702	0.0151642168	0.054969276399999996	-0.0966506166	-0.0322147121	-0.047123610499999996	-0.0383505079	-0.0003005524	-0.0356763544	-0.0206396513	-0.0947617259	-0.2673683933	0.0162622803	-0.0715149171	-0.1349618521	-0.0611090305	0.0051953112	-0.04955870230000002	0.0985720385	-0.058514917300000004	0.0036643049	-0.138450728	0.0507785278	-0.0146881075	-0.0685683795	0.0192166444	0.0552364984	-0.0041177844	-0.0211183612	0.0655699163	0.09266585460000001	0.0216652565	-0.046246946100000005	-0.0245293206	-0.0237213317	-0.0387784372	0.0099542421	0.16282143970000001	-0.0836074347	0.0298381391	0.0357509779	0.0125408	0.001049399999999999	0.00015727166463999997	1.1012403599999977e-06	-0.014372	0.0306985	0.0009423979022500001	0.000206554384	0.0268562	-0.030215200000000005	0.00072125547844	0.0009129583110400004	0.00148357	-0.00025844	6.679123359999999e-08	2.2009799449e-06	0.00139621	-2.288000000000008e-05	1.9494023641e-06	5.234944000000036e-10	-0.0006908	-0.00038572300000000003	4.7720464e-07	1.4878223272899995e-07	0.0	0.0
8549.008581111657	-5.359679991319354	73085547.71992074	28.72616960934902	10465.474892301614	6.069393807396409	36.837541189261884	109526164.72139548	6260.442825992271	0.07916886823841196	39193144.37751809	0.006267709698151034	6312.055654697959	10366.223521795977	1.000362	37.115856	0.0703815	0.034033	-0.1317930197	-0.10666609560000001	0.0859732225	-0.06736845400000001	-0.0600263088	0.0012850094	-0.038029408	0.0686803991	-0.1627622325	0.0485057939	0.0305524196	0.09198605289999999	-0.0411761831	0.0289701389	-0.1224485895	0.0445703035	0.0090304636	0.0344228968	-0.049307440599999995	0.0589044021	0.0498273706	0.10328242130000001	0.07051635440000001	-0.0247205405	-0.0751132868	0.0254093016	-0.021251664700000002	-0.1241470172	-0.060107870099999995	0.09715613140000001	-0.0354432923	0.0557974916	-0.0227111704	0.04793063980000002	0.013507511299999999	-0.0133919308	-0.0936260046	0.027775655299999997	-0.0548821383	-0.0559864147	0.0477920807	0.0841573298	0.1401791342	-0.13593623230000002	-0.006469589499999999	-0.0717998393	0.044394244699999995	-0.0171022621	0.0204802116	-0.0213436482	0.0855216278	0.0154978084	0.055435216600000004	0.0395737481	-0.004862399999999999	-0.0753709217	0.0044752609	0.039913444900000004	0.049762226500000006	0.1327006134	0.09250799050000001	0.023556459100000003	-0.1455223531	-0.0727715078	-0.0008219438000000001	0.006364861899999999	0.0441628393	0.0099118239	-0.08351915110000001	0.005803888100000001	0.055081321399999994	0.0029704116	0.043402899800000005	-0.0127207931	-0.025117664900000003	0.0750970604	0.023264935499999997	0.0118500055	-0.06337651450000001	0.0707828861	-0.0410423272	-0.1488732585	0.026775311	-0.0948644188	-0.044827588499999994	0.0428777815	0.0295666102	-0.0118613097	0.0037450395	-0.0670771236	0.0016210845999999998	0.1434101159	-0.1258360469	-0.0253868114	-0.0922283906	0.1429326981	-0.0014173187	-0.047107994199999996	-0.027672237000000002	0.0381087418	0.0376357808	-0.007556033399999999	-0.0395771492	0.16451460140000002	0.0009159988000000001	0.0212082103	0.0106828835	-0.08965321789999997	-0.0147625668	0.016436510300000002	0.035256051499999996	-0.0305953799	-0.0671717591	-0.0010946321000000001	-0.0367160921	-0.017627503200000002	-0.024255446200000003	0.028407123599999997	-0.1279486702	-0.1433099485	0.0082919753	0.0649872621	-0.0157499843	0.0035945521	-0.0325280938	0.013422549099999998	0.047711319	-0.0025238609	-0.1249492186	-0.0280194162	-0.0366757287	-0.1091403727	-0.0205940681	-0.10497892199999999	-0.0327949079	-0.07921539429999999	-0.0110164641	-0.012706843899999999	0.19382548230000002	0.0463908568	-0.010174352099999999	0.0170012669	-0.08442919939999999	-0.0401723959	0.0329375254	-0.0237816342	-0.0371999606	-0.0211504399	-0.0011842719	-0.0497625231	-0.0277064588	-0.045023954000000005	0.0676937957	-0.0353413589	-0.09919792449999999	-0.1075812878	0.0492581347	-0.07692620879999999	0.0605052094	0.0100744397	-0.0121536567	0.0930981226	-0.0621329983	-0.083075341	-0.0485907581	0.0188155758	-0.0289765345	0.0472660695	0.0264626846	0.06202218530000001	0.1339294456	-0.0090567011	0.09116296089999999	-0.0685002916	0.015802966499999998	-0.0846586349	0.0332313112	0.0306898489	0.010766800000000002	-0.0017739999999999976	0.00011592398224000005	3.147075999999992e-06	-0.0365595	-0.0221875	0.0004922851562500001	0.00133659704025	0.0464732	0.019617	0.00215975831824	0.000384826689	0.00163508	0.00015150999999999988	2.2955280099999965e-08	2.6734866064e-06	0.00153435	0.00013814000000000014	2.3542299225000003e-06	1.908265960000004e-08	-0.00044439	0.00024641	1.974824721e-07	6.071788809999999e-08	0.0	0.0
8525.981865765421	-23.026715346235505	72692366.77536082	530.2296196365577	10463.038113575893	-2.436778725721524	5.937890558129015	109475166.56614175	6250.959914232588	-9.482911759682793	39074499.84934268	89.9256154419302	6302.501342702598	10291.49698743006	1.002725	37.203522	0.07385866999999999	0.0403401	-0.060902638499999995	-0.1027636051	0.027468897200000002	-0.0090891373	-0.12741901449999998	-0.0774102126	-0.025696776	0.042431506699999996	-0.0793196865	0.1402715712	-0.09770682230000001	-0.030224895499999998	-0.09064949130000001	0.0041120366	-0.09252898890000001	0.0075573426	0.0275805326	0.0085046013	-0.0158094179	0.0277499734	0.0491536026	0.0488468529	-0.0875410291	0.0545940792	-0.0013046293	0.0613378763	0.0048529921	-0.09148215800000001	0.026020936499999998	0.1358031146	-0.017991671299999998	0.0379447213	0.0275030729	-0.0315125111	0.0279307176	0.0311324262	0.0028360290000000003	0.0463123665	0.1536209358	-0.0528185988	0.055968423899999994	0.1832788543	-0.059379896900000013	-0.037490292	0.0045793236	0.11463158720000001	-0.1001132088	-0.0027975932	0.0116655374	-0.0431733367	-0.0262444429	-0.0736992901	-0.056501331399999986	-0.1202688386	0.031060365	0.023228003900000002	0.13056313949999998	-0.101881099	-0.0405378067	-0.045752508399999996	-0.0054789583	-0.0176123443	0.1417816103	-0.0145224717	0.0490957994	0.0084838537	-0.0678235851	0.0142852242	-0.064800809	-0.0230932359	0.010128413900000001	-0.1021354091	0.027099574300000002	-0.056513781299999996	0.0395763598	-0.066852144	0.044695987400000005	-0.011015323600000002	-0.046511914800000005	-0.0385071657	-0.0091255288	-0.025105259100000003	0.07474903150000001	-0.020605484	0.0124827493	0.021155636499999998	0.1525810957	0.09322353119999999	0.1114536852	0.0206742719	0.1570802524	0.0061831652	0.06829796889999999	0.0085841409	0.0047729783	0.0430488477	-0.0549676491	0.010960414	-0.1927333831	-0.12128450369999999	0.05197786769999999	0.0151436399	-0.0534370221	0.1135991084	0.1081165082	0.0707917985	-0.022653608	-0.0063617874	0.0451808643	-0.0192487878	-0.015376199699999999	0.0081043284	-0.0129570939	-0.07551720469999999	-0.1278082649	-0.0066038682	-0.0914038823	-0.0954893191	-0.0754726664	0.0227457581	-0.0999167241	-0.0990766706	-0.0575365165	-0.0280842217	0.0030988228000000005	0.0031862553000000004	-0.0874987905	0.1405908321	0.1402176627	-0.0894246933	0.0193112695	-0.0463573757	-0.0893948753	0.1293255218	-0.0055073155	0.0718534139	0.06532407929999999	-4.31094e-05	-0.0049908431	-0.027515509	-0.0426645881	-0.0329507318	0.0729274157	0.06266878599999999	-0.044044179	0.030502999500000006	0.0162580597	-0.0745098671	0.10638392630000001	0.0404811203	-0.0830881418	0.09910983849999999	-0.0798378542	-0.0186184283	-0.0078838193	-0.034111146	-0.0408041611	-0.0077127599	0.0200062137	-0.0038630945000000002	-0.0677368161	0.0269535731	-0.0198244306	0.022360914	0.0814033832	-0.0525985299	0.0397266114	0.1655728033	0.014459858	0.0608428293	0.0303276741	0.049097769699999995	-0.1618517228	-0.0029693303	0.0896120917	-0.08568515619999999	0.0365857372	0.025548217999999998	0.0155449	0.004778099999999997	0.00024164391601	2.283023960999997e-05	-0.00350743	0.03305207	0.0010924393312849003	1.2302065204900004e-05	0.026529200000000003	-0.019944	0.0007037984526400003	0.0003977631359999999	0.00155215	-8.292999999999994e-05	6.87738489999999e-09	2.4091696225e-06	0.00173647	0.00020211999999999983	3.0153280609e-06	4.0852494399999947e-08	-0.00048103	-3.664e-05	2.313898609e-07	1.3424896e-09	0.0	0.0
8530.147598146978	4.165732381556154	72763418.04617265	17.353326274745505	10486.088588916276	23.050475340383855	531.3244134176442	109958053.89460014	6251.362716671263	0.4028024386752804	39079535.81538752	0.16224980460275304	6304.658069135591	10246.759130359722	0.96883	35.945934	0.06261547	0.0354576	-0.0843324212	-0.057097204900000004	-0.0122281725	-0.08964921070000001	-0.0723045421	-0.04742494480000002	0.0346643221	-0.0043019813	-0.12400542949999999	0.0820358353	0.0377134437	-0.06514803059999999	-0.074996834	-0.0082657018	0.031810140099999995	-0.0811174538	-0.0307023346	0.017718402	-0.057771367699999986	-0.0247250621	0.0351296456	0.0144683082	-0.0379072507	0.0710935514	-0.10072525880000001	0.0349723341	-0.0233335746	-0.1316578745	0.0353343773	-0.006109252	-0.09834583300000001	0.0181508205	0.0600536974	-0.0198075819	0.0226072708	0.0058290682	0.0324706854	0.047016005599999994	0.1602480424	-0.0425169934	-0.0039638105	0.0721952297	-0.014583479	-0.0322179073	-0.1030588668	0.0049725363	-0.0021190402	-0.0672697401	0.1475984125	-0.1358438358	0.032065457900000004	-0.0256996371	0.0218946223	0.0180580877	0.0507963534	-0.0398258813	0.2071053597	0.0560514991	-0.021074536499999998	-0.0995481078	0.024549473999999998	-0.0749233658	-0.0425610471	-0.17534201789999998	0.006533753000000001	-0.0438018067	0.0301517066	-0.0270071856	-0.0480764428	0.0801385899	0.017814563000000002	-0.0255508327	-0.022677074300000002	0.1018582352	-0.0885133231	-0.0409720463	-0.11565459460000001	-0.00035491010000000004	-0.142930158	-0.09741788109999999	-0.0876814051	0.1467115807	0.0643251697	0.0311793113	0.0262408086	0.0730027447	-0.0368069425	0.003097985	0.1224473788	-0.0674201839	-0.077523793	-0.09821562869999999	0.12622486970000002	0.1021110581	-0.17126236820000001	-0.0535907917	-0.0325469274	0.0743765908	-0.1132460096	-0.0660306803	0.009615367	-0.040683600800000004	-0.1100317699	0.068307958	0.0133651717	0.0776557612	0.0825250526	0.013298380700000001	0.0397932804	0.0250547309	-0.0009178857	0.0049230844000000005	-0.0198460954	-0.09692373789999999	-0.102521055	-0.022312455699999997	-0.0809087161	-0.10462676679999999	-9.74383e-05	-0.00573345	0.057238815199999994	-0.1118859215	0.0671773536	0.0185659201	0.0314276736	-0.046974663300000004	0.0796684922	0.2157990257	0.0625994734	-0.1156738041	-0.0279878642	-0.1488635753	-0.0685352188	0.048073619299999995	-0.022099220099999997	-0.1056661282	0.0180404071	0.0397943617	-0.011144385900000001	0.0075885345	0.0017675848	-0.0810340121	-0.045546591	-0.0150103879	-0.0266962088	0.0801042245	0.0570428972	-0.0303469089	-0.0679203105	-0.0206144989	-0.049632522199999994	-0.1192962219	-0.0734935018	0.0557116224	-0.1591425621	0.0340892158	-0.027051792	0.1062886234	0.014441103	0.041387023599999996	-0.11058127179999999	-0.21479246429999999	-0.1603174903	-0.027323719500000003	0.0509744166	-0.131914395	-0.052526197999999996	0.0526676439	-0.09502547300000001	-0.0121805523	0.0277289712	-0.08227758339999999	0.0317500619	-0.036468777	0.0767194672	-0.08668669949999999	0.039897505800000004	0.020339572099999998	0.0149251	-0.0006197999999999986	0.00022275861001	3.8415203999999814e-07	-0.033618199999999994	-0.030110769999999995	0.0009066584699928996	0.0011301833712399993	0.0388638	0.0123346	0.0015103949504400005	0.00015214235716000006	0.00176946	0.00021731000000000007	4.722363610000003e-08	3.1309886916000008e-06	0.00173647	0.0	3.0153280609e-06	0.0	-0.00030733400000000004	0.00017369599999999998	9.445418755600002e-08	3.0170300416000004e-08	0.0	0.0
8540.415126229585	10.267528082607896	72938690.52833109	105.42213292714176	10487.112259900263	1.0236709839864488	1.0479022834557843	109979523.5517504	6245.1903672051985	-6.1723494660645875	39002402.7226326	38.09789793122781	6297.024007253376	10248.254406633992	0.975177	36.181404	0.05515629000000001	0.031332900000000004	-0.0302687414	-0.0407734899	-0.0308679802	-0.0523423225	-0.0537495385	-0.0721771997	0.0526805272	-0.053624866900000005	-0.0170118977	0.06591918849999999	-0.0507331497	-0.0893058779	-0.0654784736	0.0767468253	-0.0573361138	-0.0674634717	-0.1001592084	0.045510227	0.0277239034	-0.0854411591	0.051980893099999995	0.047715944100000005	-0.1021795968	7.41549e-05	0.0367648169	0.0095268399	0.0337043726	0.02892793	0.2351842793	0.1486702479	-0.0212871242	0.25913860780000003	0.0007370275999999999	-0.0758633734	-0.0920662769	-0.2280204976	0.04829206269999999	0.046593160099999996	0.1384047106	-0.09537892449999999	-0.07422963240000001	-0.1012689834	0.1338083919	0.0625210987	0.0196853041	0.0667696302	0.09608544140000001	-0.1183427101	0.0239599402	0.052309386900000004	0.0757669626	-0.14436252900000002	-0.0539131877	-0.0672951484	0.043332807300000005	0.1102434487	-0.051663866399999994	0.0384661045	0.1230271574	0.0823290257	-0.0699769107	-0.1021083676	-0.004619165	0.09789223220000001	0.1124113103	0.13595168119999998	-0.024481553700000002	-0.0394750988	0.18588238559999998	0.1701094132	0.0619728466	-0.029727496800000006	0.0770853405	-0.0635884744	-0.0075215282	-0.07934635429999999	-0.0485698482	-0.015356134399999999	-0.0386785789	0.0274929679	0.06228975480000001	-0.0105743052	-0.0311032875	0.008394884	0.051646263899999996	-0.0409584026	0.0557690747	0.10522939349999999	-0.0046351958	-0.0052001883	-0.12341838960000001	-0.0236481818	-0.0302296698	0.0747517627	0.0076628527	-0.0526055667	0.0196558188	0.0527936774	-0.0568856124	-0.0533855333	-0.06289800200000001	0.030612033599999998	-0.0643266839	-0.0579255663	0.2076539361	0.187393544	-0.059640387300000014	-0.06525564889999999	0.0808052264	0.2752920435	-0.013064466	-0.19969695510000002	0.0099535012	0.0769733114	-0.114622622	0.0702347941	-0.17133215780000002	0.1156020172	0.15798347	0.09793723539999999	0.095289915	0.14117836720000002	0.09384097570000001	-0.11794592720000001	-0.0192033281	0.1018188126	-0.10827931699999999	0.015941796	-0.000232072	0.1046412541	0.0261587783	-0.025364914500000002	-0.0180293354	-0.012512248	-0.0043840165	0.0838592925	0.0865039798	-0.10415305960000001	-0.1245371169	0.0554729195	0.1021549165	0.0148900866	0.1392841936	-0.1682559992	0.013315639099999999	0.0908705281	-0.053567609100000003	-0.0726751741	0.07018811259999999	-0.0694546134	-0.036364905499999996	-0.028214441	-0.0830458538	-0.0560541295	-0.0189094424	0.009863992299999999	0.0749980257	-0.0075697564000000005	-0.1526273508	-0.049277240099999994	-0.0685749004	0.026294147099999998	-0.0243093272	-0.0445843596	-0.0371892976	0.0127766051	-0.0702668243	-0.0281370875	-0.0463342065	-0.0334084678	-0.037491821200000004	0.0665198871	0.0551990151	0.0401187117	-0.0010204114999999999	-0.0876629727	0.0431627558	0.015077573799999999	0.0168534	0.0019283000000000008	0.00028403709156000004	3.718340890000003e-06	-0.00611781	0.027500389999999996	0.0007562714501520996	3.74275991961e-05	0.0468642	0.008000399999999998	0.00219625324164	6.400640015999998e-05	0.00156924	-0.00020022000000000009	4.008804840000004e-08	2.4625141776e-06	0.00173647	0.0	3.0153280609e-06	0.0	-0.000461658	-0.000154324	2.1312810896400004e-07	2.3815896976000006e-08	0.0	0.0
8553.861116402406	13.44599017282053	73168539.99870102	180.79465172758626	10480.280057492027	-6.832202408235389	46.67898974709746	109836270.08346508	6262.9405434760165	17.750176270817978	39224424.25111566	315.0687576451095	6314.034795570095	10354.621694372017	0.984738	36.536148	0.05939854	0.0349603	-0.047604132	-0.062052487999999996	0.0040052456	-0.030569522000000002	-0.0082782803	-0.0552215616	-0.0046702358	-0.0083989218	-0.0687874042	0.046033805	0.0544638053	-0.1034680804	0.0246590817	0.0165745177	0.0041114485	-0.0334965707	-0.1382843796	0.1262138178	0.024090512999999997	-0.0495211328	-0.07899265309999999	0.0342394346	-0.026613925299999997	-0.006756179	-0.0710231949	-0.0027007121999999997	0.046781503200000005	-0.08044387509999999	0.0007922482	0.0323605551	-0.0349179531	0.05888807610000001	0.0697198223	-0.0339565191	-0.0218032601	0.0045825765	0.0436461227	0.11585589589999999	0.0092377984	-0.105758348	0.0316029053	-0.0361989999	-0.0425964245	0.0576971723	0.0759125444	0.0838969539	0.1159792185	0.0441347541	0.0378855914	-0.0690766543	-0.0037258874	-0.129884293	0.0584404399	-0.0691038467	-0.1786764298	0.026837106200000002	-0.161207324	-0.0224781892	0.058973525199999995	0.0565998365	0.08890965210000001	-0.0804165711	0.09584364640000001	0.0013254426999999998	-0.0699977261	-0.0092250788	0.045504614000000006	0.1099586198	-0.0594373741	-0.1129695001	-0.1295592595	-0.0164746053	-0.0164727795	-0.012060724699999999	0.070219352	-0.0291392577	0.0065854	-0.0061710574	-0.0392767918	-0.1563458281	0.1307096562	-0.0767947545	0.0406636466	-0.0413830164	-0.09371127929999999	-0.027596615	-0.1016175297	-0.173013731	0.054368935	-0.1654568172	-0.057681801	0.0103502889	-0.1200573928	-0.0805128555	-0.0371245448	-0.12228840869999999	-0.0504154743	0.0501488246	-0.041390177400000006	-0.0235317414	0.1015872919	0.025841010600000002	-0.07148419339999999	0.0452044376	0.0099013274	0.03257316	0.031975284300000004	0.024543764300000003	-0.0142462831	0.1140914468	-0.0173965027	0.027890480699999998	-0.0958603794	-0.07507875230000001	-0.0127157402	-0.0373542989	-0.0984294441	-0.0284766832	-0.0136597843	0.0040002845	0.10556441849999999	-0.0477437227	0.047410405499999995	-0.14012714710000002	-0.0268390804	0.1678966419	-0.0615296986	-0.1147692448	0.09288124699999999	-0.0805847011	0.0006161058	0.0797258278	-0.0086866523	-0.0725008776	-0.0741786178	-0.06049662030000001	0.0783828856	-0.1372257603	0.0304219276	-0.0829431356	-0.0272568963	0.0463746866	-0.0075570931000000004	0.10509890050000001	-0.0834706097	-0.1139185288	-0.0283754275	0.04551132769999999	0.0065535655000000005	0.08420730800000001	0.05665235480000001	-0.0207306447	0.0364278529	-0.1894010661	0.068622687	0.046070340099999996	0.0230101632	0.1028728917	0.1258966055	-0.0715461908	0.0410613454	0.054248845899999995	0.030618700099999997	-0.14138591779999998	0.0477795017	-0.0669175989	-0.140457729	-0.09550708039999999	-0.0836241165	0.0158951729	-0.026462513700000002	-0.12242117699999999	-0.053300018399999996	-0.10951460210000001	0.013716666499999999	-0.0886136913	0.0463776798	0.0097760258	0.0135374	-0.0033160000000000012	0.00018326119876000001	1.0995856000000007e-05	-0.0362989	-0.03018109	0.0009108981935881	0.0013176101412100002	0.0450955	-0.001768700000000005	0.00203360412025	3.1282996900000175e-06	0.0018386	0.00026936	7.255480959999998e-08	3.38044996e-06	0.00173647	0.0	3.0153280609e-06	0.0	-0.000248363	0.00021329500000000006	6.168417976900001e-08	4.549475702500003e-08	0.0	0.0
8566.268891985826	12.407775583420515	73380962.72980408	153.95289492852638	10510.327608641353	30.04755114932595	902.8553300713595	110466986.44096868	6262.263344573005	-0.6771989030112309	39215942.19678269	0.4585983542396145	6312.207527914321	10425.803286683531	0.923887	34.278419	0.029123750000000007	0.0205173	-0.052443538	-0.0881954324	0.0594843332	-0.035357185299999996	0.0452714119	-0.0537594035	0.0010733086	0.0238287219	-0.11129242199999999	-0.034237501600000005	0.09207649960000001	-0.007895606099999999	0.0189788877	0.015607069099999999	-0.0398630467	0.051559015199999995	-0.08988976060000001	0.0824921355	0.0683725091	-0.091708385	-0.015338973	-0.0117373524	0.0291042543	-0.0683118518	-0.1203475099	0.028345903500000002	0.0525094235	-0.0662566507	-0.059581600199999994	0.0299240196	0.0051792342	0.0634239263	-0.0139535198	-0.0416083709	0.0831887626	0.0568198931	-0.06509798950000001	0.0612277679	-0.160172282	-0.0224020669	0.0363775279	0.019682117	-0.0712133539	-0.0812788721	-0.0911236163	-0.1601164705	0.1650882757	-0.0293404819	0.0451652526	0.025494115699999997	-0.18472479320000001	-0.1159051758	0.0471914487	0.03823922	-0.0708988549	-0.0090587871	-0.046174275199999996	-0.062699697	-0.0421273558	-0.0190219533	0.0216746003	0.16902628260000002	-0.10896029	0.0306261708	0.0716969778	0.0894753692	-0.0709318936	0.025233495800000002	0.0455804685	0.0514188441	0.028146718799999998	-0.0342942944	-0.0161029044	-0.0878328377	-0.024304046699999998	0.05591471	0.047599013200000005	-0.021279376000000003	-0.1127843597	-0.10532651529999999	0.23038525899999998	0.10950973380000001	0.0237202065	-0.17741570980000002	-0.0480875743	0.046355396900000005	0.0898782732	-0.0406915582	-0.0201018405	0.0040816941	0.1110779209	0.0474024383	-0.0099119781	0.015025386399999997	-0.0768208687	0.026293893	0.021137586200000003	0.114976555	0.0570683901	-0.0174366269	-0.0337836174	0.0534751711	-0.0344739007	0.0794108006	-0.0337648907	-0.0085935692	-0.011860473600000001	-0.0489927858	0.0289545381	0.0623508071	0.0381752662	0.0824017297	-0.1001504008	-0.0278786052	0.0346476296	-0.0017867496	0.028044161800000002	0.073337262	-0.1569967861	-0.09394817650000001	0.08750543429999999	0.0335933974	0.1987352184	0.16941770420000002	0.0232242962	-0.033906145	0.0159930365	-0.08293459610000001	0.0750924525	0.0153283651	-0.0047973912	0.1790588309	-0.08455244880000001	-0.0344871583	-0.0969345556	0.0508735954	-0.10789559130000001	0.0776353332	-0.0378325323	0.1233594494	-0.0236153324	0.106673034	0.0410672628	-0.044285451600000005	0.0141151448	-0.075547107	0.0442208673	0.0262162705	0.097713316	-0.015869373	-0.028464134900000007	-0.0514899517	0.1052252441	-0.1115144599	-0.0166049737	-0.012815253300000001	-0.133223583	-0.014155053899999999	0.060011874800000004	-0.22416764309999998	-0.0390911617	0.0924091436	-0.1193483176	0.0149149085	0.0341475074	0.0122422091	-0.0413221343	0.06452575299999999	0.10394319380000001	0.1038961275	-0.0334128971	0.005562475600000001	0.0411678219	-0.0404254708	0.0435948641	-0.0895385782	0.0495385296	0.0044488346	0.0138156	0.00027820000000000096	0.00019087080336	7.739524000000058e-08	-0.0440871	-0.007788199999999995	6.0656059239999926e-05	0.00194367238641	0.0639774	0.01888190000000001	0.004093107710760001	0.00035652614761000025	0.00187439	3.579000000000017e-05	1.2809241000000122e-09	3.5133378721000008e-06	0.00173647	0.0	3.0153280609e-06	0.0	-0.00025608200000000003	-7.719000000000053e-06	6.557799072400002e-08	5.958296100000081e-11	0.0	0.0
8574.526132402194	8.257240416367495	73522498.39524813	68.18201929369283	10514.91180356297	4.584194921617382	21.01484307938259	110563370.23670788	6262.89969572713	0.6363511541248954	39223912.59873898	0.4049427913560864	6312.588199622684	10533.483299889307	0.941281	34.92380900000001	0.07740774999999997	0.0434838	-0.018745501	-0.104474261	0.0661687957	0.0709657247	0.0558276475	-0.0635832669	-0.022279031	0.0428638618	-0.0527697224	-0.017837742099999998	-0.0539388621	-0.0177060244	-0.0262735508	-0.09279713699999999	-0.0469574278	0.0412227434	-0.1150058534	0.0634446849	0.0794048127	-0.054552049000000005	-0.1254439641	0.003699068	-0.046362327099999996	-0.1236556029	-0.0095463379	-0.044024927699999994	0.0331538515	-0.0483912612	-0.0224595675	0.11983838109999999	0.0690369927	0.0508263697	0.0085744041	-0.0084334591	-0.0109915651	-0.0472355999	-0.12435391109999999	-0.0334591609	-0.0022684573000000003	-0.0853003495	0.21019667530000002	0.0714313935	0.09144342779999999	0.021423597599999997	0.0362937026	0.0048696215	0.0446945704	0.2076127875	-0.021543416800000003	-0.1595177255	-0.0122258624	-0.0450675818	-0.1292670371	-0.051253516500000006	-0.0412603396	-0.0784537887	0.0058154810999999995	0.028619630299999997	-0.0482028568	-0.06468300610000001	-0.10894508789999999	0.00033773379999999995	-0.0038074121	-0.0611416913	-0.1048523334	0.0823022646	-0.0069091473	-0.019337698799999997	-0.09730537140000001	0.0020557089	-0.0011927373	-0.047663518499999995	0.054962818	-0.0165231489	0.046373180099999994	0.1424125384	-0.0437099787	-0.1669051876	0.09818703949999999	0.0286604957	-0.0044220787	0.0382999557	-0.06753030980000001	0.0591559327	0.0307804487	0.0828047621	0.0149043885	-0.1294173732	-0.11657699279999999	-0.0975661008	0.0001652452	-0.051797137800000004	-0.1012944318	0.12224389220000001	0.019035788799999998	0.0147692247	0.0264443288	0.029243619	-0.016419436000000003	-0.1263307371	-0.0973760804	0.051795699	-0.0124359214	0.09269432960000001	0.0550824815	0.015870564099999998	-0.0796825295	-0.0035486834999999997	0.0442587169	0.0002261255	0.006339286800000001	-0.0281182716	-0.055225418600000006	-0.0163181674	-0.0019582922	-0.12254463480000001	-0.0650706697	0.1115821935	-0.1819668959	-0.052687263	0.0863717668	-0.050044838200000004	-0.09095101779999999	0.0756419149	0.0472924149	0.1175392075	-0.1284925951	0.0871052551	0.08878592710000001	-0.0271650102	0.0934188923	-0.036113461	0.0807231697	-0.0394385601	0.0728950751	-0.1397844606	-0.0726066381	-0.0141601278	-0.08070487259999999	-0.0287808304	-0.0253508452	0.0964866653	0.0035825919	0.046509735700000006	0.1203913809	0.0192406696	0.1041251539	0.0744416846	0.0465029615	0.0651322998	-0.1332052873	-0.0191551168	-0.0141354768	0.0894391918	0.0418111394	0.0902378926	-0.0038182463	-0.0761357492	-0.0195484494	0.15532839699999998	0.0833456082	0.0875750742	-0.054014415700000006	-0.0877555755	-0.0046021054	-0.0644786975	0.013286093799999999	-0.1370674895	-0.0323943078	0.0893225697	0.0593039787	-0.0407232153	0.09534331859999999	0.0401622123	-0.0329049998	-0.0904373636	0.052641619699999996	-0.0008900264	0.0157725	0.001956899999999997	0.00024877175625	3.82945760999999e-06	-0.016443799999999998	0.0276433	0.0007641520348899999	0.00027039855843999995	0.0371783	-0.0267991	0.0013822259908900006	0.0007181917608099999	0.00147378	-0.00040061	1.6048837210000002e-07	2.1720274884e-06	0.00173647	0.0	3.0153280609e-06	0.0	-0.000275641	-1.955899999999994e-05	7.597796088099997e-08	3.8255448099999766e-10	0.0	0.0
8575.39306412526	0.8669317230651359	73537366.2042476	0.7515706124566854	10555.091056245401	40.17925268243016	1614.3723461185712	111409947.20563166	6258.041013596714	-4.858682130416128	39163077.32785859	23.606792044425003	6313.388787550237	10628.12669280874	0.987176	36.626621	0.0834227	0.0431221	-0.0329336371	-0.1092396879	0.0842208211	-0.0194013663	0.1616920308	-0.0209027396	0.0509805891	0.011482488899999999	-0.17401058390000002	-0.1407252289	0.0036717849	0.010573338600000001	-0.0620303838	-0.0399224604	-0.0226640171	-0.0419917564	-0.0834923868	0.0971317374	0.0842914933	-0.0533125067	-0.0892714515	0.0203710639	-0.1086730152	-0.0001212456	0.012996325	0.0740850643	0.0447402122	-0.13511464939999998	-0.0963435951	0.0043782216	-0.0294502138	0.0855138675	-0.0676996781	-0.11484738970000001	0.16844878	0.009123399	-0.08111815559999999	-0.10813022060000001	0.0927281825	-0.0221446298	-0.0976978456	-0.0165021771	0.0029904447	-0.057986226200000004	-0.1058478291	-0.0421498274	-0.0078067847	0.0677103209	0.1961580945	0.0123112485	-0.0277646669	0.0654823539	0.0559259372	-0.0070159218999999995	-0.0666957775	0.1211383983	-0.0294272414	0.0217640146	0.0013719092000000002	-0.0144712382	-0.1286082814	0.0946171218	0.0278185965	0.057951976399999994	0.0889239942	-0.0181917089	0.08450122189999999	-0.007452332099999999	0.038597408199999995	0.023736153700000002	-0.0347212331	-0.0069053623	-0.1140917196	-0.1471471199	-0.0987302799	0.0558070728	-0.036001398999999996	-0.028522955699999998	0.0268025542	0.0421064201	-0.0115567936	0.0025741774	0.0733819804	0.0306561455	-0.042001410999999995	-0.0415538947	0.0944346017	-0.0803687798	-0.1085008065	0.1115541328	0.20301482489999997	0.0690697192	0.0020052048000000003	0.079020313	0.0035042222999999996	-0.0792516779	-0.0523141355	-0.0534165821	-0.049456952900000004	0.043940924400000005	0.0963183147	0.013444694299999999	-0.0803397045	0.12376649449999999	-0.106830564	0.09004550289999999	-0.044370388499999996	-0.0632487413	0.1533970418	-0.0265211263	0.10293351	0.0159704029	-0.0070267126	-0.0148022919	0.0275232778	0.0300244885	-0.0329310813	0.0101093169	0.0534948744	-0.13594701039999998	0.0989167562	-0.0109485802	0.025008180499999998	0.0145326503	0.213841659	-0.0346121042	0.09617326429999999	0.004786353	-0.0817915306	-0.0353497595	0.0035597522	0.0967473456	0.0369873957	0.094718388	-0.0433647479	0.1135633469	-0.013334861399999998	0.0360065345	-0.0883820469	-0.0453718154	-0.1259722924	0.0117683601	0.0225394436	-0.1421234766	-0.0630396034	-0.11716275609999999	0.0508553395	0.0165315095	0.0952352501	-0.014875276699999999	0.036765472599999995	-0.0943665843	0.023441363599999997	0.14467187869999998	0.0249402141	-0.012624623500000001	0.1060368149	-0.0090080089	-0.0518197374	-0.047481948600000004	0.0070732887	0.0613656382	0.0357785479	0.0766766233	-0.0546025625	-0.0442704393	0.09750265	0.06755637610000001	-0.0067825594	0.1542421555	0.10531534960000001	-0.0903078744	-0.09619815960000001	-0.022445902400000002	-0.0207967958	-0.0913097856	0.055683332	-0.0062265527000000005	0.0151612	-0.0006112999999999988	0.00022986198544	3.736876899999984e-07	-0.046486	-0.0300422	0.0009025337808399999	0.002160948196	0.059607000000000014	0.022428700000000003	0.0035529944490000007	0.0005030465836900001	0.00182577	0.00035198999999999994	1.2389696009999994e-07	3.3334360929e-06	0.00148647	-0.00025	2.2095930609e-06	6.25e-08	-0.000280461	-4.819999999999999e-06	7.865837252099999e-08	2.323239999999998e-11	0.0	0.0
8567.918275587528	-7.474788537731001	73409223.57714677	55.872463683794756	10540.834528416557	-14.2565278288439	203.24858573460057	111109192.5554587	6261.1253029846275	3.0842893879134863	39201690.059674345	9.512841028395748	6315.366238678551	10640.653407439295	0.999233	37.073967	0.08119089999999997	0.0445877	0.0159921268	-0.11487289869999999	0.0444049324	0.046383903600000005	0.1012860889	-0.0730082175	0.0566560195	-0.025598369300000003	-0.1056201066	-0.0356733141	-0.1491318955	-0.058526002800000004	-0.0768039187	-0.080482344	-0.053086972	-0.0247707999	-0.0442027341	0.0738930458	0.107925495	-0.0784477116	-0.0209290694	0.0145193372	-0.0898665533	0.1435621135	0.0141493269	0.02690436	0.0235639487	-0.0724027455	0.0265598758	0.0732691672	0.044604718099999996	0.0741011646	0.0755947524	-0.0530263282	0.019341900800000002	0.0486345755	-0.0479201182	0.036662446200000004	0.08091191959999999	-0.03847513	0.1405054061	0.015613503899999999	-0.0366282577	-0.0219263674	-0.107439456	0.1573406819	0.09124781259999999	-0.0537193399	-0.0647880887	-0.0697333142	0.0023289896	0.1363794335	-0.09956752320000001	-0.048489656900000004	0.1229821416	-0.0176169196	-0.051077940499999995	0.0704726465	0.0475323899	-0.0520009803	-0.0838600404	-0.058585440499999995	-0.05101762309999999	-0.1331437021	-0.046858965999999995	-0.0302123166	-0.08903974810000001	0.0554670439	0.0113160548	-0.1295168113	0.0222982786	0.0196347197	-0.1365634654	0.0974873966	0.0019433033999999999	-0.0028767057	-0.0044467364	0.1201165766	0.1613684793	-0.0740747977	0.0039301723	-0.0350686574	-0.0285122786	-0.1268030997	0.0672158476	0.0757826788	-0.0300454483	-0.0536676497	-0.0840431782	0.0958773984	-0.028462259700000006	-0.033197722	0.0861107864	0.0061468927	-0.046058076600000004	-0.1381486185	0.0371031981	-0.0286056852	0.1291414263	-0.014536134499999999	0.0767341552	0.001985278	-0.0810910381	0.0581338343	0.0516211751	0.1181171184	-0.0984405335	0.0444176812	0.0622632935	-0.017153691999999998	-0.036012238700000004	0.0179035884	-0.006340099	-0.0843087275	-0.0714204048	-0.0844986358	-0.0601887192	0.0581420174	-0.0751345633	-0.0030492365999999996	0.0374885523	-0.13042939580000001	0.076471355	-0.101953474	-0.0068683016000000005	-0.1860675284	-0.1025136747	0.0082135681	0.0159441644	0.0355586866	0.055929550099999996	-0.0232782471	0.072463841	0.034023417	0.09370616529999999	-0.19820558170000002	0.0705926223	5.3052e-05	-0.0027833134	0.0676584018	-0.0074915521	4.51726e-05	0.0417105995	0.0527247724	-0.0196981886	0.0242257981	0.1088248833	-0.0306735348	-0.1129918275	-0.0338140537	0.1556540197	0.0245133863	0.0336015874	0.1170456589	0.1189659969	0.0163031631	-0.0888330977	0.0071292321	0.1166956825	-0.0171206736	-0.0891492789	0.0442583143	0.0253648856	0.057206023099999996	-0.11949287060000001	0.1002034015	0.0176731627	-0.0864793523	0.0071759025	-0.08621762820000001	-0.0445615321	-0.1316744262	-0.1490295039	0.0515953096	-0.0091256814	-0.0921555899	0.05866012	-0.011546746200000001	0.0162057	0.0010445000000000003	0.00026262471249000003	1.0909802500000006e-06	-0.0104889	0.035997100000000004	0.0012957912084100005	0.00011001702320999998	0.0376328	-0.02197420000000001	0.0014162276358400002	0.0004828654656400002	0.00167241	-0.00015335999999999995	2.3519289599999987e-08	2.7969552081e-06	0.00173647	0.00025	3.0153280609e-06	6.25e-08	-0.000320603	-4.014200000000001e-05	1.02786283609e-07	1.6113801640000008e-09	0.0	0.0
8552.95435205417	-14.963923533357955	73153028.14832237	223.9190075121841	10538.76658007993	-2.0679483366275235	4.276410322960541	111065601.02940962	6257.2346744333	-3.890628551327609	39152985.770930395	15.136990524405567	6312.716789351801	10514.199608255147	0.985498	36.564354	0.04423395	0.0250337	-0.0240889309	-0.0726648673	0.006596119100000001	-0.0503969955	0.0932399809	-0.033872355800000004	0.0751406352	-0.0392743588	-0.1245411765	-0.0510606091	-0.0056376539	-0.06731323780000001	-0.079768995	-0.0841619016	0.0608940105	-0.0763389451	-0.055274369299999994	0.028889314300000007	0.1212706133	-0.0318473742	0.1228320992	0.0148971572	-0.050665821500000006	0.19132132	-0.0036691056	0.0015551832	0.01598054	-0.08683210289999999	-0.010486565500000001	-0.051291349900000005	-0.1204622158	-0.0342021719	0.0698557422	-0.0200384666	0.003313197	-0.0717409351	0.0986080599	-0.0473910071	0.11880108019999999	-0.0044131675	0.0038354211	0.0891157275	-0.029841341	0.0087859654	0.0453213316	0.0791429266	0.1534496739	-0.00010232700000000001	-0.0272680816	0.17686699320000002	0.005825719	0.0802172859	0.0316297824	0.006373021899999999	-0.0548659592	-0.05074967650000002	-0.0297906541	0.0285428042	-0.09251883220000001	-0.1553433545	-0.0846381533	0.1009190139	0.0773618165	-0.0858986531	-0.0280481688	-0.1419840026	-0.0570874476	-0.0150467023	0.024038652799999997	0.1108570308	-0.0396603166	0.0873415776	0.039372702999999995	0.06648180440000001	-0.0697283324	0.0845770337	0.0860069379	-0.10143768269999999	0.1238066001	0.0052968149	0.13252146310000001	-0.1310685866	0.0333338282	-0.045216997300000006	0.0195038669	0.045084047599999996	0.0022197707999999997	-0.0065211464	-0.1139530606	-0.0877196813	-0.1057211467	0.0576150956	0.1279978434	0.1198677256	0.09121064300000001	-0.0042879261	0.006503552199999999	-0.016317376499999998	-0.1608442493	0.08295823990000001	-0.0331257503	-0.031463596	-0.09967130449999999	0.029795941800000007	-0.0560610874	0.0779046411	0.1021729192	0.07781271320000001	0.049128528399999996	-0.0221411112	0.0188081859	-0.0733653262	0.10430504019999999	-0.0462628391	-0.0508808449	0.0346198759	-0.0418841381	-0.0370357806	-0.0383544751	0.1157395658	0.0733185571	0.0755533289	0.0785762055	-0.0670370563	-0.0407746473	-0.0486706439	0.0802908092	-0.028987834599999998	0.0244912134	-0.060682115700000004	0.082281324	0.112077766	0.027340289700000003	0.125947215	0.0668966772	-0.1008752169	-0.1148145331	0.1079061188	-0.1716773962	0.009926806	-0.0570794726	-0.1194677734	-0.0063584453	0.1568144425	0.026622884399999998	0.0034352988	-0.06424383269999999	-0.007865371	-0.0451497222	-0.0746205817	-0.12189051890000001	-0.0438447687	0.0774328793	0.0288070875	0.105450981	0.038879231800000004	0.08690933960000001	0.047523301	0.0598317885	0.0369017312	-0.0004894538	0.058155833399999995	-0.024801987299999998	-0.10670812	-0.18262556800000002	-0.043474289699999995	0.1491344042	-0.041356332	0.0626602617	-0.10977270119999999	0.0132368126	0.1138334465	-0.0932880354	-0.19642106129999998	-0.0077134462	-0.0929745299	0.061568513	-0.0168366517	0.0162863	8.060000000000012e-05	0.00026524356768999996	6.4963600000000195e-09	-0.031277299999999994	-0.0207884	0.0004321575745599998	0.0009782694952899997	0.0486335	0.011000699999999995	0.0023652173222499994	0.00012101540048999991	0.0016995	2.709000000000001e-05	7.338681000000007e-10	2.88830025e-06	0.0015797	-0.00015676999999999987	2.4954520899999997e-06	2.457683289999996e-08	-0.000257178	6.342499999999997e-05	6.6140523684e-08	4.022730624999998e-09	0.0	0.0
8553.376661520999	0.4223094668286649	73160252.3138521	0.1783452857731112	10490.985259484438	-47.781320595491714	2283.05459784916	110060771.71471976	6253.464419516802	-3.7702549164978336	39105817.246162616	14.214822135376089	6305.119619277894	10395.36066935321	0.973701	36.126656	0.03305945	0.0194656	0.026485542400000003	-0.043446493899999994	-0.0364478114	-0.0104186175	0.0411518743	-0.0552652191	0.0333638203	-0.0598930441	0.020633248700000002	0.0148229585	-0.0104597207	-0.1013213857	-0.0025764373	-0.0478571512	-0.028648433799999998	-0.1073812273	-0.1352161021	0.0643778198	0.086013466	-0.0487926238	0.0132410741	0.053375024199999996	0.0353762912	0.10863091970000001	0.0069209452000000005	0.0268977991	0.0175769045	-0.017509321799999998	0.0664376806	-0.018357677700000002	-0.0268759618	0.024338487599999997	0.037649204500000005	0.0004474432	0.0004062005	-0.061038860099999995	-0.0599493863	0.0203413546	0.06440938610000001	0.0399676029	-0.0003220988	0.0977043562	0.1093875796	-0.0246919443	0.11220409890000001	0.0655763696	-0.031484520499999995	0.0436697179	0.0924789128	-0.0419044253	-0.0742669097	0.10239658289999999	0.044345645	-0.0243795011	-0.0273866267	0.089736212	0.024710549900000003	-0.0011275688999999999	0.0919114383	0.0469117807	0.0304466578	0.0159729102	-0.028147335	0.0802159749	0.0822606397	-0.0668704931	-0.0982482775	0.0882244519	-0.12026355289999999	-0.1165366848	-0.10351828869999999	0.0153541767	-0.0604676441	0.1219626931	0.0103397439	-0.07647654849999999	0.1288449649	0.042581376	0.0594010854	-0.0723070453	0.06805580110000001	0.0559265646	-0.0465591832	0.0540080295	-0.083573371	-0.0800736191	-0.06554053110000001	0.1277553156	-0.022231455	-0.0588543169	0.0503909252	-0.1095697598	-0.06832973219999999	-0.0164439829	-0.1028253759	-0.1213270677	-0.044846537199999995	0.023051840299999998	0.015290435500000001	0.084089869	0.080870304	-0.0064570253000000005	-0.067491917	-0.0487401692	0.0324144877	0.0624782713	-0.0029824290999999996	0.0331617471	0.0077400867	0.0094822234	0.0180769284	-0.0742846138	-0.0363730678	0.0070866977	-0.1115611101	0.027357281400000003	-0.0199566294	-0.0301869127	-0.07798365389999999	-0.036233249599999996	0.060673265	0.0498619833	-0.13637883720000002	-0.1414042194	0.0711491226	-0.0332656974	-0.0075770579000000015	-0.0307191498	0.020714650600000002	-0.0223137066	-0.1354424765	-0.0393160896	0.013378083	-0.002811055	0.0427493463	0.1099378119	-0.0210721367	-0.0102040155	0.0788290297	0.0167440414	-0.1453901133	0.057782425599999986	0.0395730094	0.07254379059999999	-0.0656404859	-0.0559113152	0.0282929684	-0.0634642433	-0.1045068105	0.031914554500000004	0.056388747	0.0788808431	-0.023867252999999998	-0.067551579	0.0462925026	0.1543676215	-0.0483196896	0.1077247006	-0.0203198011	-0.0715756158	0.1461339026	-0.0614601846	-0.0687273307	0.0679807171	0.1277264213	-0.022138246400000002	-0.0327396666	-0.0851954819	-0.0586253509	-0.0301278532	0.1152213123	-0.0373205451	-0.0167604651	-0.0460271485	-0.09309473089999999	-0.0937663669	0.06440511980000001	-0.022082393399999997	0.014138299999999996	-0.0021480000000000023	0.00019989152688999995	4.61390400000001e-06	-0.01466	0.016617299999999998	0.0002761346592899998	0.0002149156	0.0482548	-0.0003786999999999957	0.00232852572304	1.4341368999999675e-07	0.00171256	1.3059999999999851e-05	1.7056359999999608e-10	2.9328617536e-06	0.00173647	0.00015676999999999987	3.0153280609e-06	2.457683289999996e-08	-0.000365657	-0.00010847899999999998	1.3370504164900001e-07	1.1767693440999994e-08	0.0	0.0
8573.726951981278	20.35029046027921	73508793.84713018	414.1343218177311	10514.302684758559	23.31742527412098	543.7023214142158	110550560.94672105	6256.407493267023	2.94307375022072	39142634.72180776	8.66168309923825	6306.1200949377735	10387.96685297684	0.957775	35.535755	0.016606949999999992	0.0101145	-0.0027298392	-0.0217284508	-0.0554482748	-0.0036159133	0.0530546841	-0.0382812468	0.057559972599999995	-0.0305331795	0.0189393379	-0.0104811561	0.08712475300000001	-0.04291117269999999	0.056178526299999997	0.0205008727	0.0866795994	-0.08189536230000001	-0.10974467119999999	0.06470672	0.1121053994	-0.1229153176	-0.0184612361	0.0862989274	0.039991915600000004	0.08782435720000001	-0.04649375309999999	0.0136084624	0.0028830710999999997	-0.0189006912	0.0441954697	-0.0883736231	-0.0422074717	-0.08749857289999999	0.0048501978999999995	-0.0261403795	0.0863791165	-0.1443560198	-0.0076019986	0.0734900195	-0.050971977800000005	-0.0052814006000000005	0.029978647999999997	0.061437232	-0.0838997132	-0.049634551900000004	-0.11336573890000001	-0.012162350700000001	0.1303119407	0.07903811	0.1086374282	0.06458724519999999	-0.06481283480000001	0.08810993019999999	-0.0153350023	0.0051095234000000005	0.0299343994	0.0547332283	-0.18729793079999998	-0.0301348152	-0.06853735700000001	0.0915058186	-0.1585642565	0.0527318527	-0.0949001841	0.0584823446	-0.0068992235	-0.09785723730000001	0.020689478600000002	-0.016415116599999998	-0.0295861523	0.0245912023	-0.050223498600000006	-0.0181418296	0.0761265105	-0.2007763907	0.0778323325	-0.061571143099999996	0.09208446710000001	-0.0646609821	0.0307468536	-0.0490570424	-0.0333565065	0.0286749992	-0.04254301940000002	0.051537910199999995	0.0445204622	0.1085198484	-0.0051672029999999996	0.0802239135	-0.0352133462	-0.0440311216	0.0505577052	0.0196833344	0.0369889063	0.04217129360000002	0.010383337900000001	0.0781388703	0.0569860882	-0.0718976922	0.0501944345	-0.1130384642	0.0505913111	0.0112102278	-0.0455652185	-0.055228692	-0.012897156100000001	-0.0729582736	0.1109720599	0.09047098220000001	0.048266078600000005	0.086253396	0.1200475001	-0.0573779204	-0.0189273073	-0.0423379345	-0.059273354199999996	0.0031118617	0.0389455311	0.0815199892	-0.10036859140000001	-0.0389278459	0.0831375164	0.0308454809	0.13662364470000002	-0.0106899785	0.2019052529	-0.0710393364	-0.0180040365	-0.08078350849999999	-0.009546650799999999	0.0058118122	-0.0088475433	0.1890195966	0.16654999	-0.003972719	-0.009616079	0.0361498719	-0.0016754472000000001	0.1068695968	0.06204881650000001	-0.044329378899999994	0.08007568849999999	-0.0065678493	-0.0945351235	-0.022722329399999998	0.022846359500000003	-0.0272037352	-0.12185641359999999	0.0517601554	0.1064890015	0.019799964399999998	-0.1441829126	0.1279477726	-0.0998980969	-0.0044096752	0.0766158395	0.021832048399999998	-0.0097642712	0.0041952008	-0.038328808799999996	0.0924622577	-0.0352600006	-0.035938504700000005	-0.0799939341	0.1001185429	-0.0395074022	0.0188156249	0.0562763325	0.0027511283000000004	0.0643120565	0.0312905568	0.048706295	-0.0053353987	-0.0122882542	0.17339037559999998	0.08717875359999999	-0.0945308701	0.0671666331	-0.0272702111	0.0127595	-0.0013787999999999975	0.00016280484024999999	1.901089439999994e-06	-0.021526	-0.006866000000000001	4.714195600000001e-05	0.000463368676	0.0555106	0.007255800000000001	0.0030814267123600004	5.264663364e-05	0.00170873	-3.829999999999807e-06	1.466889999999851e-11	2.919758212900001e-06	0.00173647	0.0	3.0153280609e-06	0.0	-0.000383954	-1.8297000000000015e-05	1.47420674116e-07	3.3478020900000064e-10	0.0	0.0
8594.69026919192	20.96331721064234	73868700.82334228	439.4606684740135	10511.82463308701	-2.4780516715491103	6.140740086867339	110498457.11677484	6259.594468447895	3.1869751808726505	39182522.90942349	10.156810803498264	6308.4399534881795	10533.754649164091	0.926619	34.379791	0.033495000000000004	0.0170237	0.0233118132	-0.0402250658	-0.07218631730000001	0.0418288889	0.12219047429999999	-0.011114476399999998	0.0469822686	-0.0613125433	0.0790859841	-0.0338104381	0.07943546650000001	0.0005920811	0.1665738172	-0.0256718641	-0.0393739372	0.022084496000000002	-0.1306844575	0.0648416562	0.0042365763	-0.0148957142	0.034330200899999996	0.0030456210999999997	0.0575964654	0.0100052372	-0.0349048313	0.0014835011	0.0110873146	0.0288268815	0.0589211634	-0.0789925985	0.068844853	0.012742203	0.0836854784	0.049994723399999996	0.06983427219999999	-0.037721581000000004	0.0155158074	0.1155402291	-0.1575613591	-0.0445394594	-0.0189907717	0.0922015024	-0.0371924234	-0.0411553925	-0.0142844228	0.1300448499	0.0302701049	0.0576113834	0.08786692689999999	0.0711547657	-0.0268327056	0.1078502837	0.014891511299999997	-0.029156705	-0.1184799802	-0.2005807853	-0.026212601600000003	0.0775209432	-0.0953714358	0.1289801078	0.0065038774	-0.023252805499999998	0.0150005844	-0.0430039819	-0.0713513017	0.028889632999999998	0.0623546507	-0.0831122551	-0.0171569487	0.10522308779999999	0.0610977004	0.027452319300000003	0.0089655047	0.113705526	-0.1170380775	0.015218226299999997	-0.0348104406	0.0299329838	-0.0073383656000000005	0.021015171099999997	0.0823067333	0.0113388747	0.08860355630000001	-0.13328668119999998	0.0660835369	0.0212651852	-0.0154034402	-0.08457917279999999	-0.0026089409	0.0092938669	-0.0722058807	-0.1427499858	-0.0656934327	-0.0464769989	0.1502126627	0.0676486809	-0.1112190846	0.014200516000000003	0.10316835630000001	0.0033301909999999997	-0.0715732472	0.0212398515	-0.0236504698	-0.1049545515	-0.009764518	-0.0502623758	-0.020521782	0.0413999045	-0.08189239129999999	0.1322645412	0.11073264640000001	0.0180264357	-0.0403856827	-0.06674787230000001	-0.004005824	0.033722940800000004	0.0473869741	0.0594202312	-0.1141476616	-0.0471006574	-0.0323794929	-0.0250755844	0.0020910092	-0.1625297824	0.053802481799999996	-0.051621777599999995	0.0598041871	-0.0056225763	0.0072202066	-0.1664906711	0.0766976969	0.059945062	0.058094394199999996	-0.012318148899999999	0.0429931275	0.0224526367	-0.15241832119999998	-0.0553196988	0.057344335	-0.020894133999999998	0.1448538106	0.0051679001	-0.0778185888	0.067413606	0.0822999786	0.051082157999999996	-0.0018865737	0.0049384153	-0.15293074939999998	-0.0597819763	-0.0094726033	-0.1373226474	0.0546392238	0.018111842	-0.001019282	-0.1235118378	-0.034460316	0.029642115400000002	0.0014584264000000002	-0.0457564384	-0.0582407853	0.0753400428	0.1387717504	-0.0299205933	-0.0140024297	-0.028965286899999998	0.0021953346	-0.0710918029	-0.025960973999999998	-0.051178781	-0.1619226263	0.1410068517	0.1786101358	0.0189708157	0.07483743400000001	-0.0952678165	0.0698498331	-0.032386496800000004	0.0126717	-8.779999999999899e-05	0.00016057198089000006	7.708839999999823e-09	-0.0261644	-0.004638400000000001	2.1514754560000007e-05	0.0006845758273599999	0.0642476	0.008737000000000002	0.0041277541057600006	7.633516900000004e-05	0.00195719	0.00024846000000000004	6.173237160000002e-08	3.8305926961000015e-06	0.00182825	9.178000000000009e-05	3.3424980625e-06	8.423568400000013e-09	-0.000323558	6.0396e-05	1.04689779364e-07	3.6476768159999997e-09	0.0	0.0
8596.954301899488	2.264032707567821	73907623.26894812	5.125844100936881	10525.904877354702	14.080244267692251	198.25327863788053	110794673.48711953	6265.886069311015	6.291600863119129	39261328.23358584	39.58424142080137	6314.5897316086275	10619.247196744822	0.967479	35.89579000000001	0.04434390000000001	0.0206535	0.020248336999999998	-0.0338722273	-0.10350610980000001	0.0944670941	0.1426635412	0.0375805765	0.059244332699999985	-0.0184628959	0.0958747372	-0.0430983382	0.0471463866	0.0736662981	0.08398228210000001	-0.0460895458	0.07070680480000001	0.0773536697	0.006646726899999999	0.0068599204	0.149566401	-0.0793865358	0.0738705695	0.0033804786	0.0518272925	-0.0249511674	-0.0794403714	0.0039111426000000005	-0.011557261999999999	-0.0185589955	0.029535161600000002	-0.0807500779	0.0787178555	-0.0883580473	-0.0345595981	0.060386019900000004	0.11335049259999999	0.0398481089	-0.0306889461	0.0386190347	-0.044522979000000004	-0.0878442401	-0.12350625859999999	0.007138846	0.09423063710000001	0.0320464226	-0.0636593828	0.0386949835	0.0377697107	-0.0343594958	0.0763860449	0.0355058527	0.1224131285	0.0532213003	-0.0464628445	0.042896276	-0.0085004409	-0.0761327812	0.0099039121	-0.0648653821	0.065038246	-0.1173341886	0.0816570317	0.035142339700000004	0.1370710748	-0.0039646965	-0.1493892621	0.004024476	0.0392293351	-0.0873963143	0.09787060369999999	-0.051737981100000004	-0.017253760400000002	-0.05555303	0.1627300584	0.0089718043	0.0647182439	-0.16889077859999999	0.0683936938	0.1113189827	-0.0154556492	0.0833103966	0.0734685382	-0.025063813900000002	0.0354089794	-0.0181172175	-0.1528132348	0.0784164071	-0.018179363799999997	0.0721996049	0.0047110916	0.045931933200000004	0.0600531658	0.150936574	-0.0484509378	-0.0205244075	0.0592876604	0.0047491747	-0.0897481451	-0.0165630681	0.0129076102	-0.1267951801	0.0545203857	-0.023863646699999998	-0.0132905624	-0.0828045424	-0.018764309099999998	-0.1405970738	-0.0176377895	0.0170269753	-0.012851036100000001	-0.027199146299999998	0.12332287369999999	0.055340613600000005	-0.0178527338	-0.0755382807	0.0562453447	0.0863493964	-0.012319786499999999	0.11001943859999999	0.0332850727	-0.0200684865	-0.005958649	0.0418896269	-0.0101410919	-0.059312353	0.0305375094	-0.0373947355	0.0921635048	0.1095511089	-0.049258713600000004	0.017623742	0.09144543769999999	-0.0551430999	-0.1739100031	0.008831887	-0.022905111800000003	-0.12645862900000002	-0.0845075834	-0.0313206274	-0.0239304885	-0.0327348565	0.0612201065	-0.09443525550000001	-0.026122687400000004	0.0393028286	0.0329578465	-0.0286345976	-0.10741572220000001	0.0107824116	-0.034483499300000005	0.11289712699999999	0.038271156699999996	0.0725052629	-0.021455429300000002	-0.1900948665	0.1656831213	-0.0270545063	0.0815470052	-0.0645329667	-0.12204930289999999	-0.0134418492	-0.0335397726	0.0380802569	0.0189064189	-0.047964241100000006	0.052379862400000005	-0.0197531255	0.0409546811	0.151356379	-0.1231777341	0.1230469619	-0.0241835533	-0.0303174667	-0.0872806782	0.0587295296	0.1436704463	-0.0959769915	0.0724515914	-0.0374178302	0.0160391	0.0033674	0.00025725272881	1.1339382759999996e-05	-0.0114243	0.0147401	0.00021727054801	0.00013051463049	0.0586591	-0.005588500000000003	0.00344089001281	3.1231332250000034e-05	0.00173936	-0.00021783000000000024	4.7449908900000096e-08	3.0253732096e-06	0.00192179	9.354000000000004e-05	3.6932768041e-06	8.749731600000006e-09	-0.000425146	-0.00010158799999999999	1.80749121316e-07	1.0320121744e-08	0.0	0.0
8566.92687845535	-30.027423444138552	73392236.14080071	901.6461586936014	10477.355449687688	-48.54942766701424	2357.0469267946482	109774977.21910028	6263.1173352312	-2.768734079814749	39226638.75487357	7.665888404727624	6311.3728441182775	10608.94936230954	1.042642	38.684532	0.0938614	0.053477300000000005	0.0288044299	0.0338500002	-0.0366037356	0.0467553784	0.2145165098	0.10175022550000001	0.014345824699999999	-0.0342652007	0.0677056081	-0.1134119968	0.0316154757	0.1091650511	-0.0755205425	-0.0257906248	-0.1162454413	0.06542012559999999	-0.06139964990000001	0.0875546076	0.0793814267	0.0689645054	-0.0776788143	-0.10868008720000001	0.08064894759999999	0.0343100898	-0.0037950016	-0.0025565592	-0.0162051099	0.050477710499999995	-0.021133198500000002	-0.1287246936	0.112143534	0.08927877599999999	-0.0725874111	0.007153248100000001	0.0684995863	0.0339726352	0.052001827699999996	0.058180370499999995	0.0336701205	0.0428104908	-0.1674826279	0.0559975176	-0.0823848192	-0.0079537896	0.0384859655	-0.0680466881	-0.1144914143	0.0685153632	0.048772799299999996	-0.0183614481	-0.0083425926	-0.136910256	-0.023156024900000002	0.0265060272	0.024100251899999998	-0.0983897393	0.09235270289999999	-0.0205859173	-0.0527540643	0.11706096210000001	-0.1306997822	-0.013575643899999998	0.10350242539999999	0.0738947073	0.0850370828	0.1740575419	-0.06937600440000001	0.0467620993	0.031333246099999996	0.0612467643	-0.0453523475	-0.0312547531	-0.1007260795	0.0452101358	0.0646084314	0.0254894075	-0.0111723468	0.06110507530000001	0.0518582596	0.1055538574	-0.012215745900000002	0.0343716315	0.046288219500000005	-0.1382688929	-0.023049999300000002	-0.1134899225	-0.0478141296	-0.1430522098	-0.0040502871	-0.035349971	0.023476506400000003	-0.023080974	0.0064209814	0.0291571573	0.0266998379	-0.0357312689	0.019277803700000002	-0.0429006859	0.0203907678	-0.0949871909	0.0803981086	-0.0413937324	0.043975518600000006	-0.103249227	-0.108598439	-0.0535846233	-0.1187251459	-0.0949958435	0.0003936563	0.049801218499999994	0.047306811500000004	0.0591935071	-0.021713037400000003	-0.046488448499999994	0.0045444993	0.1627853658	0.035183043500000004	-0.1083502766	0.0562455311	0.004528713	-0.006561992900000001	-0.05067948480000002	-0.0151211376	0.0806334404	0.0461272026	0.0783847256	0.0330453448	0.09244254619999999	0.035752881800000004	-0.0816403837	0.08611879230000001	0.0532047054	0.043990397199999996	0.0431060761	0.1434966257	0.1611848471	0.0571890729	-0.043536707599999995	-0.0417671861	0.041834346099999996	-0.0077970945	0.1141645392	0.107811714	-0.0427053746	0.012966313600000001	0.08203296780000001	0.0539847001	0.0497140198	0.0706429105	-0.0538878945	0.0897176586	0.0094915313	0.1287439696	0.0080232063	0.0498195363	-0.1614400184	-0.12625709640000002	-0.0502674933	-0.0664226231	-0.0870179306	0.0667846147	-0.0111011153	0.0249806357	-0.0918860626	-0.0115096201	-0.08343924559999999	0.0665853205	-0.0491743528	-0.0226675216	-0.029160656099999998	0.006667263499999999	-0.0997295031	0.0161190031	-0.009081126	0.037639829799999996	-0.0966581881	0.0749688743	-0.0423510136	0.0138388	-0.0022003000000000005	0.00019151238544	4.841320090000001e-06	-0.0355397	-0.0241154	0.0005815525171600001	0.00126307027609	0.100864	0.042204900000000004	0.010173546495999998	0.0017812535840099997	0.00217324	0.00043388	1.882518544e-07	4.7229720976e-06	0.0018822	-3.959000000000016e-05	3.5426768399999994e-06	1.567368100000012e-09	-0.0003918	3.3345999999999955e-05	1.5350724000000002e-07	1.1119557159999977e-09	0.0	0.0
8541.591447826582	-25.335430628767423	72958784.46158421	641.8840451450866	10448.852942913127	-28.502506774560967	812.3928924338941	109178527.82262433	6251.9235613780775	-11.193773853122368	39086548.21731434	125.30057307484594	6300.5055148409865	10431.737274294735	1.047137	38.851307	0.10746413	0.0505613	0.027918251600000003	0.1033576351	-0.0076885795	0.0968612482	0.0789721068	0.0907299432	-0.047301734299999995	0.014187105	0.1162783116	-0.0485113749	-0.0194168242	-0.0201997965	-0.1043798333	0.0015272145000000002	-0.0479104037	0.0588154385	-0.055855174199999996	-0.045847041799999995	0.0535336786	0.0349564143	-0.13014335929999998	-0.1534355157	-0.00035766019999999995	0.049902545	-0.0614856154	0.041617915299999995	-0.029743925600000002	0.1263255402	0.0023126492	0.0024016735999999998	0.058781967699999986	-0.0018980873	-0.07993010889999999	-0.0675949401	0.0220409514	0.132105005	-0.10250399460000001	0.0906188524	0.0445852537	0.1398153805	0.007446461999999998	0.03311484	-0.0340991972	0.0379217408	-0.0904618109	-0.0041353469	0.0044738408	0.10365065009999999	0.0477467292	-0.0522334412	0.056272479800000004	-0.0114945205	-0.0785878158	-0.027674026	-0.1295567866	0.0842407799	0.0333818544	-0.032038739100000005	0.0327397287	0.0781719427	0.0021765255	-0.0013054969	-0.0421826053	0.014551149099999999	-0.1511481966	0.0135891072	0.0321927491	-0.0628499003	-0.0215998823	-0.043807245300000006	-0.048131197	-0.0143306227	-0.0460830725	0.100171734	0.1007000499	0.029666787000000007	0.0228485828	-0.07271427650000001	-0.0870015319	0.0066078811	-0.027196373399999998	0.030696866200000002	-0.0632237553	0.1130747753	0.0754171074	-0.09333820779999999	-0.0673150392	-0.0770912154	0.1520890686	0.033569932000000004	-0.034627384	0.059505676500000014	0.0151173521	0.030884219100000002	0.046779603200000006	-0.1315205798	0.10618398609999999	0.05981029650000001	0.0016373461999999999	-0.0776070346	-0.1286950633	-0.0197901729	0.11546307119999999	-0.07886213389999999	0.0157780094	-0.0257164753	-0.08046114780000001	-0.047100768200000004	0.0822259599	-0.0919916491	-0.060410913399999995	0.11563660740000001	-0.0594690487	-0.0468220891	-0.0656555248	0.0071580517	0.1235470737	0.014167373700000001	-0.0085852193	0.0471683468	0.0540127742	-0.056413470800000004	-0.0269789289	-0.0018702151000000002	0.12399397179999999	0.0701317206	-0.085020564	0.0783831418	-0.019074969599999998	-0.10234737630000001	-0.0355426868	0.0129935632	0.021049238300000002	-0.036996766800000004	-0.0565004955	0.0106863036	0.0587975504	-0.0413584689	-0.005275172	-0.0179221323	0.0248430354	0.11352105130000001	-0.040155230699999996	-0.016751351299999998	0.0148474674	-0.0188841719	-0.019601363400000002	0.0998667773	-0.1264729785	0.053209405599999995	-0.0964681975	0.0657037899	0.0088820303	0.0018040653	-0.0890205516	0.1141996729	0.0732246297	0.038247687200000005	-0.0206495434	-0.0403598412	0.043152466900000006	-0.1205281839	0.0613049899	-0.0782336076	0.068656911	0.1005057642	-0.014960101699999999	-0.017128874	-0.0078972463	0.0457202505	-0.2000369315	-0.0614055647	0.0064107064000000005	0.0599098706	-0.045192553600000004	-0.09731120800000001	0.07739874690000001	-0.047173106799999996	0.0223966	0.008557799999999999	0.0005016076915600001	7.323594083999997e-05	-0.00566377	0.02987593	0.0008925711933649001	3.20782906129e-05	0.0664179	-0.034446099999999986	0.0044113374404100006	0.0011865338052099994	0.00193719	-0.0002360499999999998	5.5719602499999913e-08	3.7527050961e-06	0.00209887	0.0002166700000000002	4.4052552769e-06	4.6945888900000074e-08	-0.0006307659999999999	-0.0002389659999999999	3.978657467559999e-07	5.710474915599995e-08	0.0	0.0
8542.953352170269	1.3619043436865468	72982051.97735724	1.854783441352284	10465.779163134132	16.92622022100477	286.49693096995065	109532533.49149255	6257.048643829353	5.125082451275375	39150657.73124675	26.26647013237081	6308.034877388688	10315.818107308283	0.968084	35.918262	0.06798283000000001	0.0351611	0.0023796782999999998	0.1392715058	0.0690870656	0.0166718591	0.051368087400000005	0.10014724369999999	-0.0463242104	0.047523727599999996	0.034188318599999996	-0.060060915599999994	0.070074851	-0.0047260365	-0.0626468831	0.061163725499999995	-0.0113443901	0.026162812400000002	-0.0648047492	-0.0069695839	0.0307137185	0.0677394777	-0.0546927925	-0.0921573991	0.0528149452	0.0025681292000000002	-0.0228964869	0.0213789292	-0.0360862362	0.1327456641	-0.0552107538	-0.0514372584	-0.005359088000000001	0.036791121600000004	-0.016745283899999998	-0.0757266741	0.0101104077	0.0971441648	0.0047381415	0.0025353757999999997	0.052173089400000004	0.0569801409	-0.019764352	-0.1024674258	0.0681372217	-0.0251945929	0.0758064878	0.055083010300000006	0.0730844521	0.0412026703	0.0435949782	-0.007610331800000002	0.0600491404	0.0218455083	0.11021575550000001	-0.0342610597	0.1083442526	0.0852310436	-0.09736880380000001	0.0069389304	-0.1251714035	-0.0257235023	-0.04283369	-0.0578388067	-0.0909093369	-0.01645492	-0.0089564146	-0.056089498700000004	0.0493542847	0.1031062056	-0.053735155	0.051067971600000005	-0.0320547662	-0.0302834147	0.014315976999999999	0.06937574469999999	0.0036609334999999996	0.1021615664	0.0291285659	-0.025493605	-0.0397381927	-0.0764226581	-0.0034372181	0.040685705	0.0929087693	-0.0356071219	-0.14391487320000002	-0.042850809100000005	-0.0041756553	0.0364929181	0.1073919791	0.11305665919999999	-0.0615270031	0.0285956583	-0.06797534849999999	0.0034354722	-0.0583406026	-0.07725150830000001	-0.0747728234	-0.08796476339999999	-0.1471981068	0.1166381974	0.0340239535	-0.0236174805	0.1356614647	-0.047483334	-0.0715641908	0.0232483559	-0.023914212	-0.0061497616	0.0403835358	0.005353507800000001	-0.0519155066	0.103166794	0.0021025945	-0.0406331853	-0.0289063696	-0.0066798733	0.0182292977	-0.0024354333	0.051077416900000006	-0.0323628529	0.10460133390000001	0.0866938123	0.0161865554	-0.0629672265	0.0101992171	0.0527263571	0.0048026649	-0.0365293379	-0.023078758799999998	0.1246334386	-0.0031642441999999997	-0.0018512005999999999	0.187361865	0.0374634504	-0.07342906490000001	-0.041654342000000004	0.0510621404	0.0974964675	0.0046528915	-0.0807299043	-0.056865270999999995	-0.0172755355	-0.009987964200000001	0.049345408	0.058654096600000004	0.0439808522	-0.0412838302	-0.1237238699	0.055099208899999995	0.036096658399999995	0.0046495544	-0.05031009400000002	0.0325899333	0.030350418900000002	-0.0239106654	-0.0014211977	-0.0095179198	0.0517295669	0.0962726641	-0.1464289363	0.001615682	-0.1584692972	0.0216209154	-0.0409584531	-0.0362970876	-0.0769221559	-0.0875325994	0.0233987383	-0.10979487199999999	0.111001375	0.0986466991	0.0709717084	-0.016488636	-0.0900025228	-0.0165994176	-0.09793586060000001	0.079738376	-0.0518714612	0.0153622	-0.007034399999999998	0.00023599718884000006	4.948278335999997e-05	-0.033411300000000005	-0.02774753000000001	0.0007699254211009003	0.0011163149676900004	0.0814812	0.015063300000000003	0.006639185953439999	0.00022690300689000005	0.00190613	-3.1060000000000065e-05	9.647236000000042e-10	3.6333315769e-06	0.00219499	9.611999999999987e-05	4.8179811001e-06	9.23905439999998e-09	-0.000395194	0.0002355719999999999	1.5617829763599999e-07	5.549416718399996e-08	0.0	0.0
8545.462958229833	2.5096060595642484	73024937.17047817	6.298122574201593	10449.052625724737	-16.726537409394947	279.77705370788874	109182700.775165	6252.956069802008	-4.0925740273451074	39099459.61087377	16.74916216929976	6300.238848819716	10297.18281662566	0.907473	33.669434	0.04697524999999999	0.0268457	0.023900103199999998	0.1352329259	0.059317391799999994	0.0912094309	0.0030149278999999996	0.0710517373	-0.082706085	0.0628629159	0.0947876017	-0.0308443345	0.0032006105999999998	-0.0078599884	-0.049619884	0.0748410362	0.0337511123	-0.0074943649	-0.0362579036	-0.033452041099999996	0.0596051488	0.0197488722	-0.041869782	0.048315484400000004	-0.0905293192	-0.0191797683	0.0326988119	-0.0922156843	-0.050144307	0.17262638530000002	-0.0633821886	0.0571811484	-0.0187050079	-0.055604701	0.007562892	-0.0771906155	-0.016451651799999998	0.11386885140000001	-0.0390694116	0.0431709569	-0.0416696462	-0.036628279	-0.08701523859999999	0.0455715263	0.1079735239	0.1011739904	0.11508343359999999	0.145342829	0.0058349689	-0.0032134913	0.05864009570000001	0.0116880649	0.0280795281	-0.1018624843	0.0283292412	0.0118747076	0.11964598480000001	-0.029875559399999998	-0.1469833559	-0.0396206742	-0.0035323281	0.09133957390000001	0.0011830360000000002	0.0242203881	0.1092478192	-0.0534386641	-0.0340641142	0.0162821778	-0.0223425704	0.0185116921	-0.0308929795	0.0224575293	0.0860604605	-0.10259310279999999	-0.0262270587	-0.0891780745	0.0021825968	-0.1322531967	-0.08108092	-0.10973044119999999	-0.09372170380000001	-0.022458665899999997	-0.0347685534	-0.0426265214	-0.0824130795	0.0930349865	0.1229560686	0.0208987391	-0.061890876399999996	-0.0399260995	-0.041293272799999996	0.0452475968	0.032473575	0.024447543	0.0155594654	-0.0637359961	-0.1437102911	0.026537814	-0.0830496448	0.09423858460000001	0.1621776126	-0.0330850175	0.0397055416	0.022236483799999998	0.19189006620000001	-0.0188732167	0.0214469111	-0.015865128899999997	0.0335519125	0.051221781699999996	0.030020832400000006	-9.88832e-05	-0.0585588467	0.1164293705	-0.1039836586	-0.0250648654	-0.008669486	0.0825723723	-0.051803736399999994	0.036743708	0.012809088400000002	0.0163251134	-0.061240730800000004	0.0818798093	-0.0673235217	-0.1701962588	-0.0054764078	0.0726739959	0.0417239552	-7.84087e-05	0.0733881423	0.1364498103	0.11742550210000001	-0.0012101664999999999	0.0059894441000000005	0.0286549161	0.0455537579	0.0023829185999999997	0.053263976399999996	0.0019895013	0.0710089614	-0.0333063633	0.12455316779999999	0.0124943454	0.0542182576	0.0359432167	-0.08413095039999999	-0.0244358285	0.0987096935	0.052287533600000005	0.0602248873	0.0203073484	-0.1008014747	-0.0210707456	-0.152825509	-0.0094655325	-0.11639168710000004	-0.012796868500000001	0.09957573210000001	-0.027848213900000002	-0.0197196995	-0.0044413435	0.039226892799999996	0.019762296699999998	0.0054419672999999995	0.0376303174	0.07050965740000001	0.15005711289999998	-0.0631116389	0.0337678509	0.0409042479	-0.0665944605	0.0758098823	-0.1535293663	0.0122778018	0.043763849400000006	-0.0002254411	-0.098531964	0.0819850338	-0.0564337526	0.020855900000000004	0.005493700000000002	0.0004349685648100001	3.0180739690000026e-05	-0.0111192	0.0222921	0.0004969377224100001	0.00012363660864000002	0.0689681	-0.0125131	0.00475659881761	0.00015657767160999998	0.00190357	-2.5599999999999755e-06	6.553599999999875e-12	3.6235787449e-06	0.00232244	0.00012744999999999987	5.393727553599998e-06	1.624350249999997e-08	-0.000398711	-3.5169999999999733e-06	1.58970461521e-07	1.2369288999999813e-11	0.0	0.0
8549.559650923018	4.096692693185105	73094970.22469091	16.782891022396225	10440.960247121962	-8.09237860277426	65.4865914506387	109013650.88198109	6249.7045688192175	-3.2515009827902763	39058807.1975198	10.572258641086131	6298.895919116604	10316.441676611908	0.926745	34.384483	0.05929919999999999	0.032324	0.024320478399999998	0.113413809	0.1070973277	0.050821472699999995	0.050819107599999996	0.1016122557	-0.1030375895	0.0558762493	0.0329108152	-0.08489613630000001	0.0891631961	0.0199037175	0.0153693807	0.07729460769999999	0.051121396900000005	0.030167649900000006	-0.0635510285	-0.0046463746	0.029353462	0.050676823899999994	0.1082151069	-0.0814236527	-0.0230173517	0.061426022300000015	0.0105845801	-0.12039996310000001	-0.035057154900000005	0.13430585720000002	-0.1059230023	-0.032342833	-0.047353066500000006	0.069300275	0.0095838733	-0.1251280052	-0.025739166400000003	0.0522159232	-0.0378312579	0.12332183890000001	-0.022559838999999998	-0.0027385039	-0.1168955478	-0.1003053624	0.0308841877	-0.0634282804	-0.0268223546	-0.0445572816	-0.06375063269999999	0.07242889179999999	-0.0918309033	-0.0948931319	0.1271967419	0.0350021219	0.020805851	0.0267887523	-0.0066739647	-0.09532183	-0.0336892703	0.11715483730000001	0.0047321665	-0.1474876142	-0.0122258548	0.0919054453	0.0126181022	0.0187380748	0.019207280400000002	-0.0790502776	0.0275498444	0.0174020759	0.0053691998	-0.1049385652	-0.1488349769	0.0236984035	-0.0593068084	0.015870669	0.0342676053	-0.0363394851	-0.0460675633	-0.0030476186	0.0410578699	-0.1260231756	0.1327318601	0.0626983794	-0.037682261200000004	0.0467760308	0.1117587184	0.09363824539999999	0.1513372186	0.08766278720000001	0.035529766000000004	0.0085205355	-0.048790991900000004	-0.0994130132	-0.048871907	-0.0693631941	0.0227306931	0.077984446	-0.11888405169999999	-0.0426646863	-0.0183096907	0.0817682635	-0.0190378713	0.016166024299999998	0.1666988961	-0.0114275356	-0.09090543150000001	0.019599849	0.0226122758	0.0034671802000000003	0.0141345054	0.0931663928	-0.0790227806	0.07164965599999999	-0.0807341194	-0.0163180769	-0.044639350099999996	0.10200843789999996	0.0906537335	0.018780576299999997	0.1102654308	-0.0788642532	0.0097898975	-0.05546786980000002	0.00020743659999999999	0.0455926896	-0.042889586900000005	0.047532247400000005	-0.0092585199	0.0004258238	-0.1384929474	0.040001401	0.0664649498	-0.06128150650000001	-0.0083330255	0.0217881411	0.0554150949	-0.10492103550000001	-0.137618625	0.0127570701	-0.0737609248	-0.0500932654	-0.077995259	-0.0220007773	-0.0109645251	0.10361073960000004	-0.0204231835	-0.07144224269999999	0.111731241	0.06078066240000001	-0.0078731997	-0.0200888941	0.10709765539999999	0.0685448327	-0.06563676709999999	0.0260735139	0.0445035353	0.2199123443	-0.043629212800000004	0.0813554082	0.0201384066	0.0537111956	-0.1345941474	-0.022083382000000002	0.0273156005	0.0177760496	0.0540926297	0.021849668399999998	-0.0956592458	0.0302605881	0.047593985199999994	0.0347959694	0.0736926063	0.17652707129999998	0.0682017287	-0.0172483604	-0.0956591027	-0.0990993443	0.0841361006	-0.0608480136	0.0153901	-0.005465800000000003	0.00023685517800999998	2.9874969640000043e-05	-0.033948900000000004	-0.0228297	0.0005211952020899999	0.0011525278112100002	0.0902119	0.021243799999999997	0.008138186901609999	0.0004512990384399997	0.00192047	1.690000000000003e-05	2.856100000000011e-10	3.6882050209e-06	0.00220304	-0.00011939999999999995	4.8533852415999985e-06	1.4256359999999994e-08	-0.000339813	5.889799999999999e-05	1.1547287496900001e-07	3.468974403999999e-09	0.0	0.0
8575.53986300259	25.980212079572087	73539883.94194648	674.9714196995433	10460.760713643816	19.800466521854105	392.0584744830652	109427514.70811391	6262.793555680543	13.088986861325793	39222583.12107375	171.32157705595924	6307.894393966948	10434.026085060379	0.966175	35.847435	0.06402683999999999	0.041100800000000014	0.040248411	0.0658382973	0.0924374683	0.1461383212	0.0072833117000000005	0.0369379678	-0.10387336550000001	0.10360805470000001	0.09054538359999999	-0.0182011428	-0.0105102327	0.0133150149	0.0428171463	0.0132993274	-0.024198845299999997	0.0199989759	-0.0212662403	-0.047403867	0.0201377818	-0.07074497469999999	0.0194124663	-0.0437866982	-0.13571852539999998	0.0063322238	-0.0176462798	-0.0123534141	-0.030593299900000002	0.1524880509	-0.056351570999999996	0.050437912599999996	0.0925847942	-0.0210626549	0.061506536699999996	0.0468407833	0.0035065264	0.0796226153	0.09018529369999999	0.0319527711	-0.1392637983	-0.09275690869999999	-0.0429153061	0.0448755954	0.014982	-0.0620001131	0.1205062317	-0.096653571	0.0811570831	-0.0944873781	-0.024462826099999998	0.0317997659	-0.1177854125	0.1347506396	-0.050100435199999994	0.048727484	0.0549134455	0.1061032049	0.049929077999999995	-0.0493905815	0.0483021033	-0.0481251965	-0.0191040949	-0.0595580041	0.0546449589	-0.019332428000000002	-0.0066938182	0.0988638637	0.0200624217	0.1254586254	0.0624716355	-0.014733091499999997	0.0022378388	0.022737218700000002	-0.0267909729	-0.0921181826	0.0164115089	-0.0842727498	0.0563173111	0.0671949167	0.10309502820000001	-0.011396005	-0.057393085199999985	0.0172695455	0.0264001095	0.0569214117	0.10600466869999996	0.0909491866	0.0628530003	-0.026516593999999997	-0.1606509086	-0.0037034421000000004	0.012815623500000001	0.0028318647999999997	0.0729160113	0.0387925354	-0.0903211664	0.0654796776	0.0353327685	-0.049569187199999996	-0.10504778050000001	-0.0216654479	-0.1276113243	0.0470359734	0.17308404530000002	-0.0099002437	0.0279722561	-0.0690828359	-0.0457462133	0.044228175	-0.0960954931	0.053729407800000004	-0.0018264322	0.0745435582	0.0131233572	-0.0717740813	0.0630027955	0.0298423246	-0.0481071137	-0.0704596572	-0.1028139416	-0.0348847932	-0.0015548301000000001	0.1075224971	-0.0334443923	0.0319475139	-0.0535744997	-0.1524435563	-0.0297299987	-0.0594290518	0.0326410467	0.0846673125	-0.1027077747	0.024813870699999997	-0.1110240243	0.040042235499999995	0.024993488799999998	-0.0525438119	0.0866396924	-0.0128616357	-0.0952695183	-0.0747785645	0.10485435300000001	0.0282157134	0.0901519561	-0.0251318042	-0.0786908107	0.0204198172	-0.0317557066	-0.0009568247	0.0391024303	-0.0281875829	0.1303808753	0.0150225483	0.016146473600000003	0.0329141222	0.056546668499999994	0.0646373475	-0.050843350700000005	0.055554957599999996	-0.1375461341	0.132715271	-0.025004833900000002	0.0720217269	0.0140096157	0.09511589210000004	-0.0329440045	0.0458882429	0.061852282	-0.0072953477000000004	0.043720524299999994	-0.0656425501	0.0804088953	-0.05313269650000002	0.1036978691	-0.0987100792	0.09057102339999999	-0.09963783609999999	0.0861890685	-0.0651026654	0.017636599999999995	0.002246499999999995	0.00031104965955999986	5.046762249999978e-06	-0.00883826	0.025110640000000004	0.0006305442412096003	7.81148398276e-05	0.058042099999999985	-0.032169800000000005	0.003368885372409999	0.0010348960320400004	0.00192742	6.949999999999925e-06	4.830249999999896e-11	3.7149478564e-06	0.0021929	-1.0139999999999628e-05	4.8088104100000016e-06	1.0281959999999248e-10	-0.000412721	-7.2908e-05	1.7033862384100002e-07	5.315576464e-09	0.0	0.0
8567.059310882983	-8.480552119606728	73394505.23618682	71.91976425336615	10472.891797556464	12.131083912647226	147.16319689568837	109681462.60332546	6265.540344016388	2.74678833584494	39256995.802497	7.5448461619338145	6312.7398734832395	10434.395109358142	1.014577	37.643238	0.09507938999999996	0.049979400000000014	0.0244221412	0.010143338	0.1332039058	0.0452613004	0.019961094199999998	0.046879929199999996	-0.0955920291	0.09514724599999999	0.0022916282	-0.0812481895	0.08758141650000001	0.1547980498	0.0159606387	0.014023096899999999	0.028532977799999998	0.10677929189999999	0.0703004763	0.0174134548	-0.0583874452	-0.0831378322	0.0593207937	-0.09845754599999999	0.0324045	-0.048366619699999995	-0.0250846551	-0.053554129400000004	0.019321800400000002	0.0865864965	-0.1359831364	0.0162574476	0.0816494743	-0.0179801727	-0.1007372895	0.038615437	-0.0186791468	-0.1076524457	0.1544552865	0.0228809663	-0.0757853544	0.1479943713	-0.0537885097	-0.0583871681	0.0093040156	-0.0283283899	0.006186148000000001	-0.0211581513	0.1578018518	0.1026422526	-0.042963525700000005	-0.1130691744	0.12176147699999999	-0.0219251043	-0.0825835915	-0.0895200871	0.0738467865	0.0394735437	-0.0292014471	0.0523165388	0.023977909900000004	0.018965941599999998	0.047724534699999994	-0.0072843915	0.011354510200000001	-0.021214790600000002	0.044116400599999994	0.0370019814	-0.0656291861	0.09827517390000001	0.13550984189999998	0.014247727	0.03445482	0.022872020299999997	0.031400056	-0.0433623183	-0.0320940857	-0.0339606411	0.037313101200000004	-0.0088211969	0.0213152817	-0.0422155284	0.0065968363	-0.09028775789999999	-0.0687367596	0.0005272808	0.1404204275	-0.0160446406	-0.1754239006	0.006324314100000001	-0.035350306	0.0525488164	0.1456050057	-0.08660609109999999	0.0304148977	-0.0949779541	-0.005356173499999999	0.11297868289999999	0.0799899583	-0.039991434900000004	-0.14172661820000002	-0.0191777978	-0.0174005048	0.0673000016	0.12398909849999999	0.0460168595	-0.0837635823	-0.1367117416	-0.044547778499999996	-0.0531855263	-0.0316035398	0.0671194005	0.0281256608	-0.0156613044	0.12800063779999998	0.04359911019999999	0.0202407589	0.0639933713	0.1286639139	-0.0052370891	-0.0373878819	0.015102846599999999	0.11930189199999999	-0.0039421238	0.0794437772	0.0103620106	-0.0155069592	0.1033097701	-0.1585751917	0.0065451442	-0.0046022938	0.1492669902	-0.0387115219	-0.0972017727	0.0601859539	0.009339722	0.0053244403	-0.0581267058	-0.0234212835	0.0030372739	-0.0016463339000000001	0.0585597032	0.0377873844	-0.056002307300000005	0.1372285794	-0.0149343165	-0.1438206177	0.0430484737	-0.12420711400000001	0.0256248531	0.0239280844	-0.046576446900000006	-0.0037772526000000002	0.0012614588	-0.0207713632	-0.0036126349	-0.0233384049	-0.029353142999999998	0.0944522318	-0.0005425275	0.08360113820000001	-0.0277223248	-0.0382291962	-0.024867931200000002	0.0741273658	-0.0384729408	0.11799072199999999	0.08865634	0.09217336300000001	-0.0362880565	0.012704354099999999	-0.0843365702	0.14757868470000002	0.0510463288	-0.0587568447	0.0924511535	0.011317501499999999	-0.1001472826	0.08814154390000001	-0.06918654769999999	0.0125599	-0.0050766999999999965	0.00015775108800999998	2.5772882889999967e-05	-0.0410964	-0.03225814	0.0010405875962595998	0.00168891409296	0.0935329	0.0354908	0.008748403382409998	0.0012595968846399995	0.00203211	0.00010469000000000016	1.0959996100000034e-08	4.1294710521e-06	0.00201607	-0.00017683000000000022	4.0645382449e-06	3.1268848900000086e-08	-0.000249166	0.00016355500000000002	6.208369555599999e-08	2.675023802500001e-08	0.0	0.0
8551.345134123056	-15.714176759927796	73125503.60289006	246.93535124225482	10464.031292027892	-8.860505528571592	78.50855822184778	109495950.88053893	6258.985415831343	-6.554928185045355	39174898.43558945	42.967083511102	6307.701890201302	10422.71014337688	0.993608	36.865261	0.06099399999999997	0.034794599999999995	0.0791721905	-0.0301977744	0.0849224997	0.0861794233	-0.0578651711	-0.024514592400000004	-0.1126488434	0.0682332444	0.0486314354	-0.032404259399999996	-0.0375749497	0.12895025400000001	0.055578483	-0.0432534175	-0.0568270613	0.10737525460000001	0.08825310900000001	0.0098926098	-0.1032928026	-0.0102747129	0.011807710400000001	-0.0286528648	-0.023203823999999998	-0.0080291532	0.041945799400000004	-0.0844526406	0.048453996	0.05815845	-0.06182245030000001	0.1175474932	0.11412996269999999	-0.0036230963000000002	-0.045581144500000004	-0.030326636	0.0188299486	0.0141331287	-0.10496323240000001	0.0625277865	-0.047334855	-0.015556488799999999	0.027010023799999998	0.0282836644	0.0150037443	-0.009253881700000001	0.0142606356	0.0073629667	-0.0752066372	-0.1151649032	-0.10127437119999999	-0.052843093	-0.0019955146	0.0085701909	0.0078529547	0.052141447699999996	0.0492012262	0.030758248199999998	0.0396873236	-0.19052475929999999	0.0333821332	0.0991878072	0.0943492407	-0.045723592800000004	0.0683268898	-0.1142556085	-0.0753079155	0.035544553199999995	-0.20992592	-0.1291756114	-0.070954535	0.032057728199999996	-0.1971972074	0.0557033563	0.0093138419	-0.062319430499999995	-0.10524905640000001	-0.0203695331	0.0795738189	-0.0131552268	-0.08469515960000001	0.0691706709	-0.07435258559999999	0.0173150365	-0.011082445	0.045346709299999996	-0.0426822785	0.0023849930999999998	0.21085274780000002	0.053427652199999995	-0.062513319	-0.011954300400000001	-0.0400415501	-0.014537941	0.043848342699999994	0.013417604599999999	0.0978054627	-0.09308853269999999	-0.021155917000000003	-0.0138277773	-0.027052052099999998	-0.0331172155	-0.0114105058	0.09247506429999999	0.0878840784	0.0455286499	0.026360366	-0.0674280695	-0.1166463433	-0.0499199964	0.0472095295	-0.0151685444	-0.0021750979000000003	0.0262961871	-0.064709237	0.0699208207	-0.0333072225	0.00263364	0.013977593600000001	0.0083467028	-0.0379948285	-0.016696862399999998	-0.0340436783	-0.0713266781	-0.1149539913	0.0063975254	-0.09117636289999999	-0.09283937099999999	-0.0374281645	-0.0091927575	-0.0281393244	-0.0156157698	0.0338316179	-0.0217157111	-0.165863293	0.045693564000000006	0.0402515024	0.013349014099999999	0.1545478059	-0.0679649678	0.1222242319	0.0791274793	-0.0409249204	0.0689553139	0.023275497599999997	0.14646544150000002	0.170880323	-0.0825578137	-0.1060810798	0.052567816100000005	0.0357566922	-0.1078469858	-0.1089913142	0.0462612326	-0.0535909124	-0.0342576339	-0.0403947082	0.0222410652	-0.0146622637	-0.0165641277	-0.1427937695	0.0850320708	-0.0180212189	0.0396529785	-0.0216887076	0.1036488451	-0.0838644939	-0.0164828798	-0.0493558368	0.0146408976	-0.0446873576	0.029934137000000006	-0.0494181759	0.0783329309	-0.1798008019	-0.1498666001	-0.0767942577	-0.100627535	0.0899912501	-0.0730889481	0.0151031	0.0025432000000000024	0.00022810362961000005	6.467866240000013e-06	-0.0104261	0.0306703	0.00094066730209	0.00010870356121	0.08100239999999999	-0.0125305	0.006561388805759997	0.00015701343025	0.00206389	3.177999999999992e-05	1.0099683999999947e-09	4.2596419321000015e-06	0.0021836	0.00016752999999999996	4.7681089600000005e-06	2.8066300899999983e-08	-0.000354856	-0.00010568999999999996	1.2592278073599998e-07	1.1170376099999994e-08	0.0	0.0
8531.668817891335	-19.676316231720193	72789372.81817934	387.15742045065554	10476.905350934869	12.874058906976645	165.74139274030463	109765545.73244768	6255.509246449351	-3.476169381991894	39131395.93241333	12.08375357229791	6306.482401721458	10307.8605945811	0.98702	36.620811	0.05682969999999999	0.0306959	0.0580031777	-0.0456618756	0.0448632675	-0.022133447400000002	-0.0753170049	-0.0514317422	-0.06908353269999999	0.060603571399999986	-0.024528573799999998	-0.009191095600000001	0.0833863903	0.137389081	-0.1047420975	0.0127964027	0.0051855294	0.10039140380000001	0.11322386429999999	0.0003668978	-0.0439165913	0.046235881	0.054109436799999994	-0.0050485257	-0.0073982913	0.099063673	-0.0179812375	-0.0690347342	0.08946533460000003	-0.024219834500000002	-0.060621902699999994	0.0365678401	0.0553853461	-0.0170757144	-0.0767542978	-0.0792972561	0.1083925797	0.050667007	0.0346199561	0.0113476371	0.055410154	-0.04357164400000002	-0.08680203339999999	-0.0100722035	-0.0591145477	0.0538460063	-0.1200840467	-0.1708254392	0.0271714904	-0.004135568	-0.0696992035	-0.0369850968	0.11345230560000001	0.1028120218	-0.011531822800000001	0.0237662496	0.0789978734	-0.0001536207	0.0375458143	-0.0357690433	-0.013056272399999999	0.055173643099999996	-0.103047523	0.0247714629	-0.0544870786	-0.11550259939999999	0.058784081900000014	0.0337266204	0.0512301592	-0.0694255721	-0.0562674246	0.0067198452	-0.0511479274	0.0345890158	0.1337746343	0.0267142427	0.0996072237	-0.0410200552	-0.038883403500000004	0.0870399603	0.048851369299999996	-0.0329309689	-0.0119965073	0.056062313899999994	0.1338222761	0.0286917166	0.0022721891	-0.011947808999999998	0.0694723688	0.0592152459	0.0943331283	-0.048379530999999996	-0.1459583311	0.050179374699999994	-0.1139007147	-0.0384888077	0.020779844199999998	0.0553294762	0.026812781600000002	0.0603399546	0.17179429640000002	0.0629408477	0.051709374800000006	0.0947927917	0.0101340122	0.053223576200000004	-0.052423465	-0.057781126399999994	-0.0353662987	-0.0307430779	0.14246104199999998	-0.0185445532	0.019717852	0.0607921247	0.0221141693	-0.0827377504	0.0353593512	0.061299130999999986	0.0003760884	-0.0041326327000000005	0.06131324730000001	0.0765844418	0.051224323700000005	-0.0451884966	0.021594501600000003	0.1633707106	0.0085883699	-0.0361804248	0.050193663099999994	-0.0068829297	-0.16351141689999998	-0.0349470954	0.0080960324	-0.0557252926	-0.049779109800000006	0.057935247599999996	0.051063566399999996	-0.08903930869999999	0.0386557242	0.0410114862	0.0796112034	0.0057416833	-0.0024956753	0.0367303259	-0.0897880294	-0.060210538	0.09639691310000001	0.12313159650000001	-0.0142763218	-0.05393623349999999	0.0700563956	-0.037652023	0.0584814084	0.1179468573	-0.0879083911	-0.025885479700000002	0.0138109138	-0.0686631211	-0.0376121933	0.06712695839999999	-0.0130012503	0.051253058600000005	-0.0342069391	-0.049542349699999995	-0.0037339571999999996	-0.089844528	-0.0623943496	-0.0474656112	-0.16934591149999995	0.0601488317	0.0571435673	0.030613750800000002	-0.0589164759	0.042243344	0.0844261075	0.06526921549999999	-0.0025085156	-0.10107845359999999	0.09173603050000001	-0.0767996302	0.0136846	-0.0014185000000000016	0.00018726827716	2.012142250000004e-06	-0.032470599999999995	-0.022044499999999998	0.0004859599802499998	0.0010543398643599996	0.09934440000000004	0.018342000000000053	0.009869309811360008	0.00033642896400000195	0.0021769000000000003	0.0001130100000000002	1.2771260100000044e-08	4.738893610000002e-06	0.00235947	0.00017586999999999982	5.567098680899999e-06	3.0930256899999944e-08	-0.00034324199999999995	1.1614000000000015e-05	1.1781507056399993e-07	1.3488499600000033e-10	0.0	0.0
8517.559625731401	-14.109192159934535	72548821.97788964	199.06930340595818	10457.997872842403	-18.90747809246568	357.49272781706964	109369719.50837624	6257.154492553354	1.6452461040034905	39151982.34368063	2.706834742738664	6305.574513028193	10162.704906288944	0.955879	35.465416	0.04108169	0.0265499	0.0968412033	-0.0124693374	-0.0192352636	-0.0379568337	-0.12956813279999999	-0.1043825224	-0.0644498818	0.0133234224	0.055771713	0.042156909000000006	0.033574271	0.0482655071	-0.1320854813	0.0005430037	-0.033771099	0.06951847929999999	-0.0325902536	-0.01242479	-0.1199042133	0.0167981799	0.046236882	-0.017910517	-0.0214650206	0.0868163137	0.0838730989	-0.1494098725	0.11338446810000001	0.0384563391	0.0245949221	-0.0188961669	0.0643150435	0.0134627302	-0.09643577789999999	-0.11884627019999999	0.0071610382999999994	0.0815427134	0.10013972310000001	0.035480039	0.0640357756	0.0907153426	-0.0627954745	0.08593749869999999	-0.0317295914	0.023405098500000002	-0.030838516	-0.0360032148	0.0445061746	0.052110007800000004	-0.058029800599999994	-0.0153627285	0.0167967953	-0.0089332371	0.0924764113	-0.053802046799999996	0.0318140283	0.093646695	-0.0010523013	-0.0246187376	-0.15540812699999998	0.0237475091	0.0738062713	-0.0547337492	0.038483899	0.1953514552	0.039335822	-0.0698645361	0.0726248692	0.0900851659	0.05039756	-0.050565784800000006	0.0786163164	-0.049780806799999994	-0.0046298936	-0.09140415589999999	-0.2114019614	-0.0366333783	0.0008910121000000002	0.053015675	-0.0019376727	0.059595611799999997	-0.021798778199999997	0.053264822999999996	0.0370789677	0.0778857875	-0.059639344299999994	0.0532058105	-0.08891008800000001	0.036353374	0.0355957068	-0.0451359387	-0.0633613908	0.021767256000000002	0.021364749199999998	-0.0538296678	0.0638689416	0.020696803899999998	0.0956941403	-0.0223613206	-0.0369734581	0.0396277648	-0.0343683365	0.1054947982	-0.006729410600000001	-0.052106793600000006	-0.0049641745	-0.046715527	-0.0487542717	-0.0504991937	0.11819016269999999	0.011431956299999999	-0.07781208719999999	0.0688251447	0.0345461241	-0.0684777389	-0.032209266	0.09535958650000001	0.0408598119	-0.0997538755	-0.0560081685	0.0616927376	0.0190118965	-0.0477698045	0.0219195034	0.049076992699999995	-0.029988682200000002	0.0561237233	0.0045724156	-0.0232625545	-0.0498435766	0.0500873266	-0.0491149164	-0.011136176499999999	0.1142758781	0.0201376524	-0.0979446514	0.1606190451	0.0051149185	0.0379150321	0.043249690099999995	-0.1375918169	-0.0352102811	-0.1020158351	0.0611190241	0.0026241465	-0.0694236727	-0.0944116841	-0.0616434275	-0.08604134769999999	0.0043349607	0.12003885310000001	0.0700409893	-0.1190612594	0.053862378200000005	-0.0462654892	0.043887863099999994	-0.1127152835	0.0951977101	0.059087756799999995	-0.0377626675	0.035307140699999996	-0.0082344637	0.0010354661000000001	0.0011171974	0.08502282050000001	-0.0146478406	0.004417064	-0.058932553600000014	0.0556696508	-0.0013379808	-0.1307952951	-0.0737962795	0.0484772864	-0.0339219704	0.0822329825	-0.012153123	-0.1014999067	0.0933738509	-0.0803088607	0.014747899999999996	0.0010632999999999981	0.00021750055440999995	1.1306068899999956e-06	-0.007598009999999999	0.02487259	0.0006186457333080997	5.7729755960099975e-05	0.095172	-0.004172400000000034	0.009057709584000002	1.7408921760000288e-05	0.00217257	-4.330000000000306e-06	1.8748900000002648e-11	4.7200604049e-06	0.00250207	0.0001426000000000001	6.2603542849e-06	2.0334760000000032e-08	-0.00041578	-7.253800000000003e-05	1.7287300839999995e-07	5.261761444000004e-09	0.0	0.0
8529.195706465207	11.636080733806011	72747179.39918453	135.39837484365142	10458.917575500207	0.9197026578040096	0.845852978771759	109388956.85110714	6258.866891225937	1.7123986725828215	39173414.76208423	2.93230921386341	6308.551626159006	10066.109725651171	0.953052	35.360535	0.03172023999999999	0.0166571	0.07810081740000001	0.0377407565	-0.0589837079	-0.0995533348	-0.1399234968	-0.0767178946	-0.0270647442	-0.0235913168	0.0460842583	0.0107972074	0.12063370300000001	0.0591176746	-0.07220485509999999	0.0261096258	0.15448927839999999	0.11180166949999999	-0.0045114798999999995	-0.0467759113	-0.0678831067	-0.05192273730000002	-0.0254884178	-0.013721806100000001	0.08909500000000001	0.07766864450000001	0.0511983409	-0.03800309	0.0747285703	0.035709437000000004	-0.0004890564	-0.0813360174	-0.019567843999999997	-0.1359005305	0.007247903000000002	-0.0848435317	0.014174958	0.031211363	0.0701742205	0.0281732137	-0.11224330199999999	0.028362039	-0.1247030732	0.0142777928	-0.0635119036	0.0825890197	0.022072153900000002	0.010199754699999999	0.10247895720000001	-0.1034522665	0.0476266979	0.0876746678	0.0336558057	-0.09261574289999999	-0.1306069834	-0.056437233499999996	-0.029340112999999998	-0.0901039765	0.0051158633000000005	0.020723200900000002	0.0060484870999999996	-0.0896720908	0.030831970499999996	0.09986783710000001	-0.0967023508	-0.0382455138	0.055885053399999995	-0.0711949509	-0.0796482558	-0.0672843582	-0.06053212860000001	0.006668856	0.0028248356	0.0582674225	-0.0300140927	-0.0306987169	0.047444850700000006	0.10561860029999999	0.0458757114	0.1571482307	-0.0613767954	-0.057854723399999995	-0.20038417690000002	0.0170272153	-0.0552689193	0.1130470477	-0.10272619640000001	-0.1271126152	-0.015318781799999999	0.09913532929999999	-0.1111907042	0.0305642718	-0.1163855406	-0.000899453	-0.0015497820000000002	-0.0318642352	0.0471093745	0.06359736099999999	0.09583812970000001	0.1719830781	-0.05334799849999999	0.0050167943	0.10821948210000001	0.0810466572	-0.0075120019	-0.0688711979	-0.057923916	-0.10146548279999999	0.1089926334	0.0658383911	0.0779089148	0.013191255700000001	-0.013995103100000001	0.0730664316	-0.0041879407	0.0024906695	0.09142592039999999	0.1125961275	0.0746991795	0.0067453863000000005	0.0264199391	0.11629429279999999	-0.0172954099	0.1218781506	0.1163239936	-0.0678796975	-0.031346083500000003	0.0002625204	-0.0247327932	0.024553214500000003	0.0801146082	-0.0472069209	-0.009419587	0.0030462256	-0.09321423359999999	-0.029884738799999998	-0.027604427799999998	-0.0392827276	-0.070990837	0.0753925917	0.043900114000000004	0.1617656039	0.0077586681	-0.1068831218	-0.0029621501000000002	-0.0159926383	0.0767217286	-0.0562170675	0.0230468781	-0.0601479288	0.0014181382999999999	-0.0676319133	0.0523659384	0.1504116181	0.097859139	0.0375177472	-0.17727532969999998	0.0319927426	-0.054884056699999996	0.0006399013	-0.0201620072	0.0764168239	0.0834670692	-0.0510250184	0.0193580215	0.1151824567	-0.08300910980000001	-0.037741324	0.011796309599999999	0.0297846594	-0.15297594949999999	-0.0643661199	0.016756731299999997	-0.0345743837	-0.0641737288	0.0579238216	0.0733666247	-0.1018917716	0.09490280150000001	-0.0836074347	0.011284	-0.0034638999999999968	0.00012732865600000002	1.199860320999998e-05	-0.019975	-0.01237699	0.00015318988146010006	0.000399000625	0.098963	0.0037909999999999893	0.009793675369	1.4371680999999915e-05	0.00218024	7.669999999999986e-06	5.882889999999978e-11	4.7534464576e-06	0.00230933	-0.00019273999999999984	5.3330050489000006e-06	3.714870759999994e-08	-0.000374423	4.135699999999995e-05	1.4019258292900002e-07	1.7104014489999958e-09	0.0	0.0
8528.734639622764	-0.4610668424429605	72739314.55310124	0.21258263320032172	10472.24711813555	13.329542635343387	177.67670686743713	109667959.70329836	6245.5152280936645	-13.351663132272732	39006460.46434986	178.2669083976909	6296.032598462612	10102.382767837791	0.944836	35.055691	0.01757455	0.008812419999999998	0.1091063352	0.04270411599999999	-0.0712613605	-0.0951338053	-0.085415503	-0.0654249234	-0.0049731313	-0.0708884466	0.07169107570000001	-0.0040575828999999996	0.11532349480000001	0.0357617786	-0.044276877400000005	0.0796518819	0.038979921699999996	0.038656800299999995	-0.0409717982	-0.0287109492	-0.1806175822	-0.0237641392	0.043987467	-0.10471647419999999	0.074128271	0.0097479089	0.0780107521	-0.06163521280000001	0.0853847241	0.0479938262	0.0165585268	-0.0899007847	-0.025386333799999997	-0.0381099285	0.0026444898999999997	-0.0350804161	-0.0813629702	-0.0110495172	0.025423121200000003	0.10797752390000001	-0.0632273938	0.0695557016	-0.1338402891	-0.032088728399999995	0.0087930212	-0.0205178859	-0.023445155699999998	0.0048119549	0.0485047838	-0.0416296944	-0.0029054538	-0.019343802900000002	-0.0142931619	0.0658949784	0.0140201372	-0.08315184469999999	-0.0406853328	-0.0648261534	0.0828481631	-0.08537344320000001	0.0641692225	-0.0407028148	-0.038623918	-0.043671298	-0.0257017703	0.10645387710000001	-0.061349826100000004	-0.0438423292	0.0080493375	-0.09355161810000001	0.0163637155	-0.0574855696	0.1070727277	0.0325343891	-0.0865615662	-0.050809035599999997	0.15606546	0.132310991	-0.1049958831	-0.10537886169999999	-0.0103583405	0.1305253424	0.0340768454	-0.0256659908	-0.0053830488	-0.00997491	-0.0733716401	-0.023989773500000002	0.0995198543	-0.1214774457	0.0413843787	-0.1177856642	0.034390714100000004	0.015103944	0.044365620999999994	0.0568135508	-0.0736677939	0.0004111625	-0.0077923241	0.031715910699999995	0.1040407433	0.054478678200000005	-0.0141337761	0.07572852969999999	-0.03008182	-0.0947330172	-0.058007913	-0.05866718820000001	0.045703081500000006	0.021675922099999998	-0.0254525869	0.0752822096	-0.0904897325	0.011173818200000001	-0.029150673399999997	-0.029395925	-0.0091698185	0.0895802958	0.15341092	-0.0062521065	0.0382698043	0.0174236726	0.0768743823	-0.0207788786	-0.0146882379	-0.0832604439	-0.0357471439	-0.1044597674	0.0271267767	-0.04232542139999999	-0.024956967000000004	-0.0541323984	0.0305624054	-0.09915933910000001	-0.0213416314	-0.10504574369999999	-0.041875084	0.0948195785	0.042828457	-0.0274597638	-0.12226399130000001	0.0145739029	0.0365371096	-0.0684167261	-0.0378061466	-0.07372828070000001	0.055215441500000004	0.0036347784999999997	0.09427150390000001	0.08101812929999999	0.0375023545	0.09443278470000001	-0.042799701600000004	0.11939978400000001	0.1002860758	0.0759262128	-0.018017067299999998	-0.013667768	0.0109261098	-0.0260385928	0.0209001875	0.0671800359	0.1358573097	0.11800586810000001	-0.0886353912	-0.06907298349999999	0.0361235988	-0.1018169912	-0.0049840439	-0.0063078158	0.0968949392	0.0176211104	-0.0910722142	-0.1125859743	0.12081582589999999	-0.0718856188	-0.0654157324	-0.102253934	0.09632109970000001	-0.08668669949999999	0.012208	0.0009239999999999996	0.000149035264	8.53775999999999e-07	-0.0235625	-0.003587500000000001	1.2870156250000005e-05	0.00055519140625	0.104555	0.005592	0.010931748024999998	3.1270464e-05	0.00215709	-2.3149999999999993e-05	5.359224999999997e-10	4.6530372681e-06	0.00241661	0.00010727999999999996	5.8400038921e-06	1.1508998399999992e-08	-0.000393414	-1.8990999999999995e-05	1.5477457539600005e-07	3.6065808099999984e-10	0.0	0.0
8561.041565060887	32.30692543812256	73291432.67870015	1043.7374312644106	10509.817699412408	37.5705812768574	1411.5485774809486	110456268.07488231	6261.407831367553	15.892603273888199	39205228.03071092	252.5748388212019	6312.986302352834	10337.220522469726	1.259565	46.732914	0.175507	0.12583699999999998	-0.0088000397	0.0170125474	-0.1395650312	0.0524735816	-0.0792790895	-0.012037956399999999	0.1012347752	-0.0398263335	0.0804298002	0.1087400755	-0.0960047474	-0.041127128	0.1395731923	-0.0051832195	0.0645298108	0.0308011048	0.11876925470000001	-0.0665965582	-0.20685603019999999	-0.1440190353	-0.1017822565	-0.09959149240000001	0.0249214613	0.0435658043	0.0629496507	0.0106209999	-0.0815542857	-0.0290061138	0.0665998547	0.0057859357	0.0157756875	-0.08933949029999999	0.10764491609999999	0.0647794627	-0.1201223042	0.016902425800000002	0.0176700252	0.0594106719	-0.0393804259	0.052331343200000005	0.1249948694	0.0238521627	-0.0880959406	0.0704255509	-0.1183887894	0.1688015955	-0.0346250673	-0.11776303800000001	0.11176780130000001	0.058856169699999995	-0.0474632258	0.0009093244	-0.025039893799999997	-0.0820992078	-0.1739135334	0.041130214500000005	0.014035483799999998	-0.17075032280000002	0.0612582745	-0.0118975581	0.0754132933	-0.0784525188	-0.059881833899999994	0.0453078506	0.0468463441	-0.0421034835	-0.067134948	-0.0521589821	0.028116952599999998	-0.1225462513	-0.0822134521	-0.0166866399	-0.024444783199999997	-0.0297300811	-0.0795320753	0.020802793	-0.1137304269	-0.1464559251	-0.004741997	0.028043767200000003	-0.0614561025	0.0861614776	0.029316155	-0.1171788134	0.1320248412	-0.11551203789999999	-0.09091946449999999	-0.023674535	-0.1163632718	0.09189248439999999	0.0005705811	0.056803160400000004	-0.0335722473	-0.0612733079	-0.0324183578	0.1545594106	0.0266786912	-0.0690091202	0.041687030099999994	0.011871651100000002	0.0418016893	-0.08921937529999999	-0.053211230400000004	-0.0091674638	0.0984499068	-0.0253981385	0.0162709608	0.1104909518	-0.1501453546	-0.0336954064	-0.0950765507	0.017907539099999998	0.018764833300000002	-0.0034417810999999997	0.006153833199999999	-0.1160870918	0.0769177182	0.040518073599999996	-0.0474428377	0.1323548514	-0.046343487999999995	-0.07411928799999999	0.0016328302	-0.1475026482	0.0047395007000000005	-0.1184977441	-0.0414288164	0.0149834379	0.07196019440000001	-0.137649587	0.067501504	0.032040359	-0.08144113230000001	-0.1089198129	-0.1817493495	0.1455769807	0.1251795556	-0.0574129332	-0.0106467898	0.1208607578	-0.1805661177	-0.019619491399999998	-0.0230287677	0.000650125	-0.002095278	-0.0239959868	0.0158817095	0.1404563932	0.0242657082	0.11985647810000001	0.0077105799	-0.0640508946	-0.0617871637	0.1011353225	-0.0344011986	-0.099821095	-0.060687605199999994	0.0255231223	-0.0204681927	-0.1231934685	-0.0071550272	0.027316466299999998	0.025884026600000002	0.0247031596	-0.0907441951	0.1598947194	0.0773748772	0.0003804543	0.0119189603	-0.0531441276	0.12618179699999998	0.0267319196	0.065839487	0.0821401117	0.0324196827	-0.1025862884	0.0976270918	-0.0895385782	0.0136358	0.0014278	0.00018593504164	2.0386128400000003e-06	-0.0101837	0.013378799999999998	0.00017899228944	0.00010370774569	-0.016913900000000003	-0.1214689	0.0002860800132100001	0.014754693667209997	0.00168239	-0.0004747	2.2534009000000001e-07	2.8304361121e-06	0.00241948	2.8699999999998688e-06	5.8538834704e-06	8.236899999999251e-12	-0.000700474	-0.00030705999999999995	4.906638246759999e-07	9.428584359999996e-08	0.0	0.0
8550.692656309511	-10.348908751375347	73114344.9026654	107.09991234429327	10512.82444996199	3.0067505495826476	9.040548867415557	110519477.91571864	6257.467881677865	-3.9399496896876367	39155904.29023007	15.523203557269706	6310.1153650283495	10424.70585928369	1.056482	39.198017	0.0920421	0.0466128	-0.0694431841	0.0293995	-0.1446255987	0.060683702199999995	-0.0401903941	0.060165681299999996	0.136094374	-0.0476523384	0.0391184415	0.109382958	-0.127827554	-0.031270905	0.090963679	-0.0878368083	0.06590631400000001	0.0006920413	0.1809175364	-0.0186202733	-0.1923931586	0.0317506731	-0.0049510644	0.013955033899999999	-0.0158502387	-0.1293086303	0.09270017779999999	0.15546249369999998	-0.0980469914	-0.0735755312	0.08974364859999999	-0.002073931	-0.022086742200000002	-0.098328691	0.031241861699999998	0.1312610593	-0.1708117933	-0.0964214639	0.0020606544	-0.1185356633	0.0035304419	0.06644260099999999	0.0801922112	-0.20843860399999997	-0.0994665275	0.0780788182	-0.1087245352	0.0646166675	-0.07717084769999999	0.1110927276	0.0245384631	-0.14916848119999998	-0.15329889119999998	-0.0752125759	-0.0138317851	0.0915478483	-0.0495014414	-0.0182110702	-0.1389963795	0.0421125121	-0.0502793088	0.04954753889999999	0.1021010531	0.028817525299999997	0.043207479400000005	0.0127446243	-0.0088069791	-0.0170491403	-0.0062040951	-0.0785768528	0.0854171948	-0.0918851629	-0.0265507444	0.0748969082	-0.0157821727	-0.0805975375	0.0841832965	-0.033278995	-0.0686480947	0.1535733093	0.0337651757	-0.0152104908	0.0375539825	-0.150636877	0.0109880895	0.044266583899999996	-0.0200393833	0.1165020068	0.016064436	0.180592318	-0.0294857909	-0.0154461378	-0.0263990754	0.0840292877	0.041876281	0.0211118793	-0.0947334246	0.1068002908	-0.0949155979	0.0760623471	-0.07720712240000001	-0.0662565366	-0.019485193600000002	-0.13777169220000002	-0.0821473012	0.009287845999999999	0.078785729	-0.0145835324	0.046300605700000004	0.0344257059	-0.13688075859999999	-0.0872786205	-0.0692888262	-0.129781925	0.0609947925	0.18609447829999998	0.0844749966	-0.0921030425	0.0264300942	0.0332948355	0.1522735814	0.006903188199999999	-0.0005988107	-0.2296173605	-0.0347902171	0.0238885658	0.005991831899999999	0.044509932599999996	-0.026440076899999998	0.018969535200000002	0.1183359764	0.0848888491	-0.0319156374	0.18067602370000002	0.10386479960000004	-0.023663795499999998	-0.0831721541	-0.0082734229	-0.0795364008	-0.0736558098	0.1305823886	0.057993552699999985	0.1124188179	-0.1433335003	0.0404059845	-0.056051910499999996	0.050423510199999994	-0.06882701990000001	0.0134498395	0.055226927	0.026357244300000002	0.0038617981	0.12042247199999999	0.09588753119999999	-0.0412800387	-0.09212004509999999	0.0254053426	0.1110153867	0.0891907891	0.008335544	-0.0028434934000000005	0.1427316911	-0.0242694102	0.0680417548	-0.1470227243	-0.031212775	0.011107853999999999	0.0938210768	0.01126153	0.0792013166	-0.0058018409	0.013404606599999999	0.0667665548	0.027266148799999997	0.0987258213	-0.1474471513	0.1263377525	-0.10288873779999999	0.0988192551	-0.0921555899	0.014722799999999998	0.0010869999999999977	0.00021676083983999996	1.181568999999995e-06	-0.0337658	-0.0235821	0.00055611544041	0.00114012924964	-0.0521675	-0.0352536	0.00272144805625	0.0012428163129599998	0.00199608	0.00031368999999999993	9.840141609999996e-08	3.9843353663999985e-06	0.00267081	0.0002513300000000001	7.1332260561e-06	6.316676890000008e-08	-0.0007778419999999999	-7.736799999999998e-05	6.050381769640001e-07	5.985807423999995e-09	0.0	0.0
8532.563212816762	-18.129443492749488	72804634.9807139	328.67672135679675	10492.05433105369	-20.770118908299988	431.3978394649208	110083204.0857825	6259.131926460451	1.6640447825857336	39176732.47283652	2.7690450384508014	6310.8306961873095	10314.068209623798	1.0460459999999998	38.810829	0.1767151	0.0906314	-0.044493671	0.0461470236	-0.09807350140000001	-0.0406119291	0.0060323605	0.0742076558	0.08349985509999999	-0.042950533	-0.013473758600000002	0.032997029500000004	0.006638069	0.0188264408	0.0571448366	-0.0657771522	0.0033946801	-0.0661782987	0.1325930875	0.0210263677	-0.1163410778	0.0641120023	0.053841195999999994	0.0596895425	-0.011270209299999999	-0.0756814373	0.10334872710000001	0.0566036468	-0.1002887512	-0.0562460385	0.0083688393	-0.098039911	-0.0195054952	0.014410678	-0.0527013268	0.0127156302	0.018829563400000002	-0.0562332234	-0.0670282969	-0.0662504098	0.011650036200000002	-0.0389201171	0.0133320326	-0.0450375435	-0.052382904800000005	-0.023623568799999998	0.0508918416	-0.0358035698	-0.1711797341	-0.0091988049	0.087927633	0.17524402120000002	0.0094459452	-0.10184814269999999	0.11199052	0.15812601029999998	0.013334465	-0.0416302416	0.052336670099999996	-0.0529920954	-0.0761269855	-0.0815153887	0.09031146279999999	-0.0129801676	0.07713622860000001	0.0406039584	-0.10266743789999999	-0.0994600018	0.028871212200000006	0.017307939799999998	0.0498823625	-0.0553582376	0.0047284109000000005	0.0399847777	-0.026910413199999997	0.0646286845	-0.0616417856	0.051861224500000004	0.0398155919	0.0437772124	-0.0561282216	-0.043925669699999996	0.0568691315	-0.1002144503	-0.024173451000000002	0.0648930175	0.2005744111	-0.117748873	-0.0352979359	0.0224607701	0.0348458456	-0.025924623799999998	0.0688961116	0.0651071201	0.1259626126	-0.10857020640000001	0.0046053387	-0.1175842617	0.1264246883	0.0588558076	-0.0340313255	0.0044876151	-0.006370974200000001	-0.11472152990000001	-0.0438276649	-0.018273545800000002	-0.0499262387	-0.0127247256	0.019849801299999997	-0.0281948286	-0.012457705	0.0032640684000000003	0.0355412626	-0.0773904601	-0.0099313887	0.0815515585	0.0174746805	-0.1112016619	-0.012266446399999999	-0.0784702359	0.1105307816	-0.0846853188	-0.1813477366	0.0309164802	-0.025561832799999996	0.0724510914	-0.0122849843	0.0502934783	0.22443876769999999	0.10790601550000001	0.010992176599999999	-0.0145173318	0.0674991305	0.068536215	-0.0265977052	0.0563756766	-0.042569720199999994	0.0686057187	0.0370264874	0.0314651868	-0.002751966	-0.0492071226	0.0619407358	-0.0416580005	0.0196671611	0.0766965245	-0.0617130993	-0.09308156109999999	-0.07482349599999999	-0.025881659700000004	-0.0662317149	0.0723287632	-0.007005114000000001	0.0311963363	0.0813046051	0.0576664391	-0.1048159589	0.0916249068	0.016420735500000002	0.090183245	0.0065966444	-0.047358772	-0.0657964712	0.06464167280000001	0.0504505434	-0.08459983880000001	0.11093250029999999	0.1005295329	0.0569881324	-0.043824990300000005	0.029500967700000002	-0.0698218893	-0.0400005236	0.0202725694	-0.1410440951	0.049565386399999994	-0.0394580552	-0.1031611942	0.09989619949999999	-0.0945308701	0.0076717	-0.0070510999999999985	5.885498089e-05	4.971801120999997e-05	-0.0608837	-0.027117900000000004	0.00073538050041	0.00370682492569	0.024742700000000003	0.0769102	0.0006122012032900001	0.005915178864039999	0.00231331	0.00031722999999999994	1.0063487289999997e-07	5.351403156099998e-06	0.00207253	-0.0005982800000000001	4.2953806009e-06	3.579389584000001e-07	-0.000380634	0.00039720799999999986	1.4488224195600002e-07	1.577741952639999e-07	0.0	0.0
8533.343980012996	0.7807671962345921	72817959.48122405	0.6095974147160261	10464.730194459058	-27.324136594632364	746.6084406421277	109510578.04282312	6267.292321980711	8.160395520259954	39278953.04915837	66.59205504707872	6318.727092030395	10218.820324485909	1.017583	37.754784	0.10540086	0.0496056	0.0047569415	0.0330072324	-0.1114194528	0.0177914511	-0.089307866	0.0139631574	0.047125552599999995	-0.0332550565	0.08553388599999999	0.1174814835	-0.024061524100000002	-0.0279675474	0.0345282371	-0.0439506562	-0.0537469841	-0.1216727178	0.0827767424	-0.016289991599999998	-0.0068203659	0.0484876423	0.015597593100000001	0.0585902899	-0.013428646899999999	-0.044768717	-0.008225035600000001	0.0062671686	-0.0528440351	-0.0145912054	0.0705696086	-0.0199362571	0.0809682129	-0.0733399834	0.00079852	0.08492570990000001	-0.0063074063	0.0610041376	-0.0089952069	-0.0479923834	-0.0045721782	0.0183627772	0.0260658744	-0.10426785529999999	0.0503858836	0.06752019349999999	0.0048608455	0.0142966227	-0.061833818799999996	-0.0094436111	0.0325083713	0.0717868916	-0.0568905813	-0.024186796200000003	0.0293911629	0.24248523760000001	0.0246647115	0.1345784875	0.0840434117	0.1466869405	0.0954960432	-0.0107205579	-0.0077690378000000015	-0.2148031114	-0.0921626602	0.0332092127	-0.0685440177	0.0012773201	-0.2319264659	0.09826936720000001	-0.11870139539999999	0.055494284299999995	-0.0012288022999999999	0.005457894499999999	0.104718619	-0.020968408600000002	0.1181411631	0.157468135	0.1595824056	0.0120612693	0.0226418175	0.0170314479	0.08773181640000001	-0.043392583600000006	-0.0031103196	-0.008950502800000001	-0.0274415223	0.0134707141	-0.0645149669	0.0442659249	0.0364947511	-0.047411506500000006	0.1141379596	-0.1727920281	-0.090859541	0.0406151656	-0.021620583500000002	0.0454788551	-0.0508852851	0.060629138799999996	0.0038952287	-0.0046284834	-0.08368893849999999	-0.0773902616	-0.0329735685	-0.0561839261	0.0639360459	-0.0480751413	-0.04547854849999999	0.02668672	-0.0450090261	-0.0862035966	0.0021476424	0.0040280359	0.0143915006	0.045022790300000004	0.0232631227	-0.0697732603	-0.0471991409	0.0122581944	0.0901992551	-0.0009921223	-0.0814357909	0.0232892965	-0.0632177712	-0.0315267525	0.0091787914	-0.0328244382	0.1147141307	0.08101986230000001	-0.045715314900000005	0.0343533726	-0.2918952411	0.0739449713	0.0144796072	-0.1538520821	0.0558354558	-0.1124055971	0.151244984	-0.010824268799999998	-0.0001325256	0.0556585296	0.0155899044	0.0160052954	0.1946817115	0.0674789743	0.09371094210000001	-0.0142630021	-0.10286670490000001	-0.0981523465	-0.0178604939	-0.06646051809999999	-0.11606094539999999	0.016776183700000002	0.1501152814	-0.0075554713	0.1200245075	0.0686416448	-0.0606966534	0.0020495427	0.1031752784	-0.023931601099999998	0.0665586318	-0.0446957444	-0.015445182	0.022111050400000002	0.19387145949999998	-0.0361496175	0.055578637	-0.0740157633	-0.005859475	0.0929391783	0.033153218	0.0176751652	0.1377863435	0.0087597446	-0.0404815184	-0.10340357800000001	0.1008566694	-0.0966581881	0.0160218	0.008350100000000001	0.00025669807524	6.972417000999999e-05	-0.0218382	0.0390455	0.0015245510702499995	0.0004769069792400001	0.00767694	-0.017065760000000003	5.89354077636e-05	0.00029124016437760014	0.00197664	-0.00033666999999999985	1.133466888999999e-07	3.9071056896e-06	0.00230933	0.0002368000000000001	5.3330050489000006e-06	5.6074240000000046e-08	-0.000625954	-0.00024531999999999993	3.9181841011599997e-07	6.018190239999997e-08	0.0	0.0
8545.16488666097	11.820906647973972	73019842.94022359	139.7338339801152	10474.061988103467	9.331793644409117	87.08237262183441	109705974.53063396	6262.8720737369995	-4.420248243711285	39223566.61199478	19.538594536032697	6313.557799886197	10194.304504357957	1.017468	37.750515	0.10037317	0.0472993	-0.030568457	0.038132764	-0.0750897717	-0.0592492811	-0.0668105918	0.0188182789	0.0578475876	-0.02172161	0.0115325027	0.072301122	0.0822088751	0.0144229047	-0.022815561499999998	0.00640774	0.1391591785	-0.1041324966	0.140593	-0.0144130074	-0.0069890232	-0.0696675286	-0.0069365305	0.0734765979	0.0221636936	-0.055794299500000005	-0.08927066939999999	0.0368167375	-0.0724481923	-0.0546065356	0.015891507	-0.0701020516	-0.038714943599999996	-0.0524279972	0.0282249985	-0.023839685	0.0134114308	-0.1637637111	0.0881398146	-0.0534773292	0.0520449128	-0.0214767944	0.0412837495	-0.1120759579	0.0650414884	-0.0006788603	-0.0082428533	-0.0109860484	0.028620782200000007	-0.0009322454	-0.0039526157	0.0615998632	0.0175180419	-0.06978094280000001	0.0516556275	0.1447311635	-0.015480376799999999	0.0367520593	-0.134476089	0.0671107232	-0.0530080738	-0.050125115199999994	0.0507133112	0.0047794733	0.08801508720000001	-0.1581036472	0.10185835380000001	0.10123808109999999	-0.0170179297	0.0659977239	-0.0458727971	0.0812293964	0.11828443550000001	0.04903205730000002	0.0004098067	-0.0180700675	0.06534225860000001	0.0790805731	-0.0060670056000000005	0.0025649438	0.1792728298	-0.0011549428	-0.1190393266	0.0690727471	-0.08588700199999999	-0.0209808155	-0.006982086899999999	-0.019830473799999998	-0.040157026299999996	-0.1398220324	0.0573330881	-0.00043254910000000004	0.0638611289	0.043745476299999995	-0.0850955762	-0.0019912204000000003	0.0117739471	-0.09864050070000001	0.0716058817	-0.11451159470000001	0.0035229429999999997	0.055329006900000005	-0.0465292601	-0.0714717857	-0.035616350299999995	-0.0205008434	-0.0355347734	-0.0419400254	0.1052294192	0.07680270110000001	-0.0005942922	0.0721437716	0.0839836023	-0.0611362043	0.10368613089999999	0.11719645140000001	-0.0298487863	-0.052175775599999995	-0.0688166174	0.0345727405	0.0919427723	-0.017662691	0.009020898000000001	0.0569607974	0.0221458198	0.0203964564	-0.053903493200000006	0.049007809699999995	0.0988895226	0.0087803916	-0.0132359602	0.045570142800000005	0.012532142900000001	0.1249181308	0.005971511800000001	0.04234548	-0.11419685800000001	-0.14150601710000002	-0.029060122799999998	-0.0533488365	0.0793107126	-0.0539662232	-0.0376175535	-0.012487205800000001	0.0613316261	0.0065267787	-0.0697025634	0.0880608657	0.0173856283	0.017657797700000002	0.07346593259999999	-0.1381748722	-0.0254359726	-0.1104652822	0.028789077799999997	0.040651722700000004	0.0556361851	-0.0458516841	-0.098024851	-0.122402099	0.1000496452	0.0780029311	0.1475471957	-0.0740259479	0.1449433198	-0.07542389769999999	-0.024343932000000002	-0.008958244300000001	-0.1382288142	-0.1250187589	0.0078714465	0.0642153655	0.024628376	-0.0639008345	-0.0592870856	0.1500205446	-0.0282132727	-0.10361581859999999	0.101699545	-0.098531964	0.00797599	-0.008045809999999999	6.361641648010001e-05	6.473505855609997e-05	-0.0465046	-0.0246664	0.0006084312889599999	0.00216267782116	0.0401395	0.03246256	0.00161117946025	0.0010538178017536	0.00177648	-0.00020016	4.00640256e-08	3.1558811904e-06	0.00217296	-0.00013637000000000024	4.721755161599999e-06	1.8596776900000067e-08	-0.000258516	0.00036743800000000004	6.683052225599997e-08	1.3501068384400002e-07	0.0	0.0
8569.584945294748	24.420058633777447	73437786.13462238	596.3392636771282	10537.48323610697	63.421248003502114	4022.254698321721	111038552.9512354	6276.708932576778	13.83685883977887	39397075.02428912	191.45866255196663	6328.363484242312	10288.462192144516	1.219492	45.246078	0.09703261	0.0626221	0.0656765186	0.0213953558	0.0219579381	-0.1305224056	0.1063143868	0.0131459671	0.06670173089999999	-0.0393125032	-0.0406187033	-0.1870426582	0.0411017444	0.0376221457	-0.0149629978	-0.0371787793	0.0218915327	-0.0800077975	-0.0245242216	0.1261764695	-0.0309830089	0.0059855533999999995	-0.15349936849999998	-0.1728185195	-0.0295689987	-0.0667340334	-0.0353112833	0.2024895223	0.0747330279	-0.0045466508000000004	-0.037389005499999996	-0.1389631607	0.0788764147	0.09276066640000001	0.0704511035	-0.0428049368	0.015214992	-0.0686953655	0.0705129145	-0.07232444019999999	0.016825408700000002	0.0530963762	0.1529563537	-0.1166539383	0.0007204563000000001	0.0374809863	0.0750902036	-0.09023132390000001	0.0543910136	0.006825293100000001	-0.1383510979	-0.0502749387	-0.042793076299999996	-0.10673681480000001	0.0162043627	-0.0200287034	0.027768207599999997	-0.0572334251	0.0824792055	0.09881066050000001	0.024726431899999998	0.0027507918	0.042761135199999994	-0.0031999896999999997	0.021558439	0.10165798449999999	-0.0181546133	-0.05661831	0.20308294	-0.0204262199	-0.0952210108	0.0007164282	-0.0074800173	0.10429725880000001	-0.0069256419	0.054607201699999997	-0.033906201000000004	-0.132486415	0.113714619	-0.06746486780000001	-0.1670544024	-0.09295520980000001	0.0273273242	0.0093287288	0.045253353499999996	-0.0050767057	-0.0456170855	-0.0307723551	0.0506343856	-0.009037711300000001	-0.0543856578	0.179165355	0.0031049875	-0.058872653899999995	-0.0268146236	0.006132698000000001	0.0790709627	-0.0199768866	0.1000212225	-0.1322069069	0.0206550213	-0.0336097862	0.046790028899999996	0.0183820559	-0.0563468346	-0.054617781	-0.1569066486	0.0658454263	-0.0961170058	0.0549377136	-0.023994061400000002	0.059570621799999994	0.0170586033	0.0227368105	0.09436519939999999	0.100085009	0.046321738700000004	-0.1237147575	0.0177886079	-0.04332508559999999	0.024389197	0.0320737759	0.07245828230000001	-0.0372401918	0.0905378077	0.1086475398	-0.1044211749	0.1812297366	-0.022412176800000003	-0.0349630829	0.0661521099	0.020723506699999998	-0.08884936410000001	-0.10117404599999999	-0.026637292599999998	-0.0610063719	0.0682561008	0.0322040887	-0.0658126898	-0.06812859339999999	0.0293682631	-0.1752987372	-0.019013011899999998	0.0477771286	-0.2011712653	-0.008233388000000001	0.0233536462	-0.0524128857	-0.0064902859	0.012794498999999999	-0.081226231	-0.0785957848	-0.0402234511	0.0059320184	-0.0576291638	-0.0116039998	0.0077261062	-0.0021666966	-0.0777484963	0.059352004800000004	0.0073855326	-0.1673327333	-0.09340899230000001	0.0591416404	0.07577464519999999	0.2107953684	0.015864636100000003	-0.0658180327	0.09940101609999999	0.0112719984	-0.0011934301	-0.0345724483	-0.008856658100000001	-0.0235060915	-0.0037198068	0.0750218397	-0.0355567335	-0.1037978542	0.1024238435	-0.1001472826	0.0107616	0.0027856099999999987	0.00011581203456000001	7.759623072099997e-06	-0.0501852	-0.003680599999999999	1.3546816359999993e-05	0.00251855429904	0.08809989999999998	0.04796039999999998	0.007761592380009997	0.002300199968159998	0.00182201	4.553000000000001e-05	2.0729809000000007e-09	3.3197204401e-06	0.0013663700000000006	-0.0008065899999999992	1.8669669769000014e-06	6.505874280999987e-07	-0.000258516	0.0	6.683052225599997e-08	0.0	0.0	0.0
8554.921616529626	-14.663328765122062	73186683.86496587	215.01321047405602	10531.131834693671	-6.351401413297936	40.340299912843015	110904737.71969847	6261.577307848139	-15.131624728639506	39207350.38215875	228.96606692837463	6313.797803723122	10362.087082133188	1.11818	41.487186	0.10961552	0.0586754	0.1349150515	-0.0063822552	0.052433569299999996	-0.018040071100000003	0.0770049234	-0.06375793540000001	-0.0022679059	-0.031086758199999998	0.0527594967	-0.1743435471	-0.1499975626	-0.0017085694	-0.08262862950000001	0.0050877356	-0.008426294499999999	-0.0581289156	-0.09164650740000001	0.1625664935	0.15817580720000002	-0.0650838929	-0.029497125899999997	0.0314919408	0.060569600700000004	-0.235551777	0.1753024932	-0.0484943192	0.1238355407	0.005103812199999999	-7.340270000000001e-05	0.007946383000000001	0.08722977289999999	0.011818463700000002	0.0802510518	0.018469407	0.0953308246	-0.004523547199999999	-0.0713624308	-0.1240330173	-0.0064279511999999995	0.065289606	0.0781471316	-0.0432866723	0.022800656699999998	-0.0063555624	-0.0724639708	-0.0872585238	-0.054820222300000006	-0.1344076225	-0.028298336299999997	-0.11442890039999999	-0.05637167	-0.20815610329999998	0.0244238368	-0.1539786347	-0.0110609586	0.026473508	-0.0316644978	0.0118113172	0.0942373566	-0.0483374212	0.07313711219999999	0.0500646908	-0.0162956371	0.0490087238	0.0158253486	-0.012924863799999999	0.1943568504	-0.0268458984	0.0704321374	0.0525862824	0.09371240210000001	0.0732964025	0.060488755400000004	0.1991742246	-0.0506933151	0.0452411517	0.0591126869	0.0471766355	0.0622792978	0.0867893994	0.0280335539	0.0320048546	-0.1556984304	0.0356140463	0.0504794972	0.16050887960000002	0.0684823344	-0.0990245121	0.0962142952	0.039931691899999996	-0.0182436277	0.0492939982	-0.0422354234	0.051070918300000004	-0.0396975678	0.1410986917	-0.0051424764	-0.035573242000000005	0.08977705429999999	0.12269712869999999	0.0317807668	0.0971580293	-0.026969223599999998	-0.0328379928	-0.0101630371	0.08846996630000001	-0.12812513009999998	0.06151731940000001	0.0400520141	-0.1104192001	0.0872356117	0.0552303699	-0.0160681329	0.1652506269	0.0048281448	-0.00026460169999999996	-0.0785770535	0.054561308600000004	0.025826144300000003	-0.013167346399999998	-0.0733984007	-0.046474792800000005	0.17870147460000002	0.0871189528	0.053505075199999995	0.0900059383	-0.0714269506	-0.0914725835	0.0995365409	0.06897670339999999	-0.054532520099999995	-0.1105768248	-0.1162674842	-0.10212939019999999	-0.0716740434	0.0537955098	-0.047885276100000006	0.0034279569	-0.0252606827	-0.056146684	-0.06401730110000001	0.0233052731	-0.15568915460000002	-0.0611804454	-0.0353527363	0.1229271643	0.0091622779	-0.0629317578	-0.16793839230000002	0.0355081519	0.0184209631	-0.1238248141	0.0876157914	-0.0382418064	0.0113669273	0.1021541205	0.086810402	-0.1785042814	0.0648071339	0.1238279659	-0.0453304227	0.02750959	0.0568555676	-0.1002894324	-0.076520493	0.061465775199999996	0.0030887773999999997	0.1078984959	0.1124741424	0.058607075999999994	0.0562047483	-0.0090399769	0.049298415400000004	0.0381142139	-0.081558233	-0.1039496317	0.10302872029999999	-0.1014999067	0.0166882	0.005926600000000001	0.00027849601924000004	3.5124587560000014e-05	0.00149632	0.05168152	0.0026709795095104	2.2389735424e-06	0.0698525	-0.018247399999999983	0.00487937175625	0.0003329676067599994	0.00158473	-0.00023728000000000009	5.630179840000004e-08	2.5113691729e-06	0.00153641	0.00017003999999999934	2.3605556881e-06	2.8913601599999774e-08	-0.0005263959999999999	-0.00026788	2.77092748816e-07	7.175969439999997e-08	0.0	0.0
8560.562746329577	5.641129799951159	73283234.53384578	31.822345419896997	10501.61847459351	-29.513360100161663	871.0384244018144	110283990.58592372	6265.320805733142	3.743497885003308	39254244.79875259	14.013776415024235	6315.202838860892	10385.410608492155	1.056533	39.199902	0.08257876999999998	0.0488344	0.10884158960000001	-0.0419543823	0.0366089328	0.032886365	0.0021420773999999997	-0.0867478375	-0.0491034548	0.0257034123	0.0708094279	-0.0786289969	-0.0694122989	0.1618155775	-0.008745606	0.1265775938	0.023554133999999997	0.1246369503	-0.045418984	-0.0086718131	0.0857246818	-0.028143520800000002	-0.049210933600000006	0.08589012539999999	0.1104535558	-0.038507547	0.08783807460000001	0.0545635238	0.12795589429999998	0.0422749775	0.0022792464	0.035036556499999996	0.1581299102	-0.0677904803	-0.0028585327000000002	-0.0484147458	0.0147441459	0.1160532161	-0.0275857019	-0.1215603654	0.052861712199999994	-0.1237641792	-0.06503479690000001	-0.0577851059	0.1165583395	-0.0093003236	0.0663042928	0.0460218721	-0.0485856077	0.0508178103	0.0012501892	0.1132158597	0.057297699199999996	0.08190560849999999	-0.0181336772	-0.0675054415	0.011943313300000001	0.0774135965	0.0744507591	-0.0345080034	-0.0513766263	0.1262637021	0.0282282781	0.061436360999999995	-0.053053220899999996	-0.07783120730000001	0.0308200748	0.1087566359	0.0384854642	-0.1394562449	-0.0839458547	-0.0694936042	0.0741383066	0.0696240341	-0.0198051776	0.0520153834	0.0392448461	-0.06430695480000001	-0.0014691002	-0.11444375960000001	0.021320432599999998	-0.0477783433	-0.0741462241	-0.013138395700000001	-0.06326314570000001	-0.1584582527	-0.0265569565	0.0578021815	-0.0123318405	0.0253251214	0.0326099757	0.009592005	-0.0115475653	-0.103649531	0.0960374289	0.0357251298	0.10003267539999999	0.017481089499999998	0.0234593211	0.0101330671	-0.027765798900000003	0.11096785810000001	-0.026588264500000004	0.13026833699999998	0.0049903513	-0.029710919	0.0095032411	-0.0445150563	-0.13626995949999998	0.0407926519	0.0814040222	-0.089351024	-0.016838017900000002	0.09271537210000001	0.0162593668	-0.0389009769	0.105772379	0.033346781	-0.0799478025	0.066771204	0.11423640199999999	-0.0622788312	-0.0009680384	0.1378766798	-0.1419682118	-0.0397436005	-0.059823021799999994	-0.0170597913	-0.0209765948	0.0021967946	-0.0134553943	-0.057627211500000004	0.009803812700000001	-0.0734064789	0.0384098278	0.1593069136	-0.0639786584	0.0172049717	-0.019095077	-0.0132167513	0.10660702949999999	0.0294240139	-0.0160817168	0.0907699755	-0.0393825075	-0.1254192681	-0.0289367169	0.0753792045	0.0136993832	0.0760636941	-0.1055670799	-0.0249266283	-0.0998663473	0.0206322004	-0.1267207226	-0.0185395069	0.047678658	-0.038820881200000004	-0.11378591	-0.1078516351	0.1117908612	0.019221034799999998	-0.021305447999999998	-0.0370846571	-0.04479338099999999	0.0188886157	-0.10009832960000001	-0.0794760239	0.08503087289999997	0.0077304969	-0.0288644794	-0.0842819991	-0.0842804284	0.0705371219	0.0003561637	-0.08626147630000001	-0.0828526423	-0.1040711067	0.1035134703	-0.1025862884	0.0108017	-0.005886499999999999	0.00011667672289000002	3.4650882249999994e-05	0.00353004	0.00203372	4.1360170384e-06	1.24611824016e-05	0.0948524	0.02499989999999999	0.008996977785759998	0.0006249950000099995	0.00171547	0.00013074000000000007	1.7092947600000016e-08	2.9428373209e-06	0.00232864	0.0007922299999999999	5.4225642496e-06	6.276283728999999e-07	-0.0005965990000000001	-7.020300000000014e-05	3.559303668010001e-07	4.928461209000018e-09	0.0	0.0
8544.380144482126	-16.182601847451224	73006432.05342041	261.87660255313176	10515.33636763513	13.71789304161939	188.1805895013097	110572298.92450996	6249.132999869199	-16.18780586394314	39051663.25005422	262.0450586887119	6301.276085982408	10471.580355844946	1.0912540000000002	40.48814	0.09546144	0.05952970000000001	0.0208743453	-0.0522939822	-0.0538376954	0.06531420019999999	-0.019844381499999997	-0.044526973399999996	0.0439796032	-0.009460151	0.0072357492000000015	0.029209792000000002	-0.0795767792	0.08462667230000001	-0.0106799167	0.0201444019	0.0179075822	0.0367598327	-0.007039825400000001	-0.1185926207	-0.0026868629	0.15393016369999998	0.0633564169	-0.063803361	-0.0800017617	0.1322414907	-0.131949432	0.0002145555	0.0080300259	0.034569140400000004	0.0561384613	0.031403133199999995	-0.0424722913	-0.0488861158	0.0036863444	-0.0520160893	0.0160655457	0.0042883658	0.026868350200000002	0.0467542736	-0.0421024933	0.025126302799999996	0.1133381433	0.017061188300000002	0.0046453045	9.48951e-05	0.0430984554	-0.0390338882	-0.008995420799999999	0.0922956992	-0.19853956350000002	0.0574200362	-0.1440615614	0.0013399457000000002	-0.06697464639999999	-0.0399276448	0.09251810210000001	-0.025633282400000002	0.11428229	-0.0010481232	-0.0076705147	-0.0530428945	0.0660242164	0.028457707000000002	0.09954165820000001	-0.1227486929	0.1352338303	-0.05835609980000001	-0.0652861325	0.032117208	-0.067605125	0.054878585199999996	0.1110222205	-0.1752968705	-0.0041090174	-0.0726908772	0.07936695690000001	0.078331067	-0.1311768294	0.0916910495	-0.031765792	0.1624921014	0.0297422013	0.045081401900000005	0.1255908952	0.043346865	-0.0468164372	0.0026596713	0.017532511299999998	-0.0052980029	0.0812544038	-0.033500531800000004	0.04719392099999999	0.014409301299999996	0.024034017400000003	-0.06747563849999999	-0.06303865410000001	-0.026619062599999996	-0.050118725999999995	0.013853251100000002	-0.0479007625	0.0122829949	-0.1371764356	-0.0044129319	-0.019544690400000002	-0.018079406200000002	0.053961591100000005	0.0115071883	0.043195193300000004	0.0096590038	0.0407278353	-0.039158313	-0.064988952	0.051427077300000006	0.08553153640000001	-0.0134672144	-0.0451625034	-0.056498928899999995	0.1037411868	0.0788267471	-0.12442900609999999	0.0182594951	-0.037988398	-0.007331435	-0.0892183663	0.1264256325	-0.17197993820000002	-0.0039835644	-0.021930897	-0.030589067799999998	0.11953829710000001	0.011179088799999999	-0.0286753755	-0.0108982282	-0.0014402173	0.13077705380000001	0.1006060339	0.0042610148	0.0043194674	-0.0357177267	-0.033736532400000005	0.11583034369999999	0.0378511238	-0.0832028677	-0.043711825700000005	0.0361046474	-0.0240581417	0.0863074829	0.1811601957	-0.1165820617	0.20862601120000002	0.0100812224	0.0321209444	-0.0291520934	0.065239687	0.0036075379	-0.0169090952	-0.10864887599999999	0.032325152999999995	-0.0135025479	0.0062563499	0.026925640299999998	-0.00017839779999999998	-0.047870839400000004	-0.0656818355	-0.0003713461	0.1563205495	-0.0549315228	-0.0874199577	0.0570207668	0.160040023	-0.0003858873	-0.0349679202	0.021600770699999997	0.020698169199999998	-0.072818726	-0.0675766756	-0.1041622441	0.1038775282	-0.10340357800000001	0.0136426	0.0028409000000000004	0.00018612053476	8.070712810000003e-06	-0.0184173	-0.021947340000000003	0.0004816857330756001	0.00033919693929000005	0.0415329	-0.053319499999999985	0.0017249817824099998	0.002842969080249999	0.00173574	2.0269999999999967e-05	4.108728999999986e-10	3.0127933476e-06	0.00263944	0.0003108	6.9666435135999984e-06	9.659663999999998e-08	-0.000580595	1.6004000000000018e-05	3.370905540250001e-07	2.561280160000006e-10	0.0	0.0
8517.456124872504	-26.92401960962161	72547058.83912814	724.902831939289	10495.716309437705	-19.62005819742444	384.94668367032205	110160060.84819664	6248.9017751171605	-0.23122475203854265	39048773.395062394	0.053464885955285535	6304.055631546949	10377.136831653826	1.032778	38.318542	0.07075062000000001	0.0495028	-0.0696446318	-0.0059538716000000005	-0.0937083905	0.0212517137	-0.059231958	0.020302602700000002	0.083946806	-0.0207059929	0.006202371	0.09604891880000001	-0.0963995969	-0.0225068813	-0.0403342905	0.0216422166	-0.029815493999999998	-0.1234231634	0.1085239889	-0.0944126596	-0.051133452	0.1061780774	0.097265802	0.0212876099	-0.1566809263	-0.043534521500000006	-0.027167422799999997	0.0200977681	-0.0858473772	-0.0886084208	0.1085231478	0.006630135600000001	-0.0932072516	-0.0637569435	-0.024734175299999998	0.048926650700000004	-0.11550487539999996	0.026257270299999996	-0.023489351800000002	-0.0357751387	0.0632403426	0.0914532517	0.0425277451	0.0186544224	0.0511787074	0.0007067042999999999	-0.00169743	-0.0597367263	-0.1910886939	-0.000843421	0.0338125218	0.0537965696	-0.05749363690000001	0.1829834012	0.11380421519999999	-0.11158950050000001	0.0868911543	-0.0984104331	-0.0321964312	-0.009589394000000001	-0.0536281376	-0.0490255659	-0.0054650176	-0.053005276500000004	-0.023896083199999998	0.031060886099999997	0.1031289358	0.1550026824	-0.0907328102	0.06739043980000001	0.1284104316	-0.0190493651	0.051955561399999996	-0.008210040200000001	-0.0244752898	0.0786135436	-0.1679210827	0.0154089325	-0.09736243730000001	-0.047946885099999996	-0.0377903262	-0.0822016774	0.012659546200000002	-0.0381450039	0.0450820429	0.0587143132	-0.0584452379	-0.0303757751	-0.0792160626	-0.0138893488	0.1275413391	-0.0265656159	-0.0231633535	-0.0385057055	-0.0764382084	0.1779616971	0.16271520609999998	0.0269574874	0.016760953500000002	-0.0334960683	0.0288016039	0.0276628691	0.052207195199999994	-0.1152172083	-0.0829395478	0.0094986424	0.096502084	0.029605572599999998	0.0671563567	-0.0241387643	-0.033647135099999996	-0.11051428880000001	-0.09766926849999999	-0.0613454036	0.049203096200000004	0.037010515	-0.0832680421	-0.06965489679999999	0.024607380699999997	-0.0294383129	0.0253363213	0.0029699786	-0.0847546553	0.012315948	-0.1703068902	0.11412912039999999	0.0667208735	-0.1419607285	0.0680188949	-0.11235933140000001	0.0327578307	0.0704675856	0.1071175132	-0.12227887	0.0900928509	-0.0226548168	-0.0062067619	0.0848920426	-0.1025512354	0.061647608099999994	0.0032885953	-0.022387316299999998	-0.052401751600000004	0.0275374309	0.19487944440000002	-0.06109236990000001	-0.0877108544	0.0839458459	-0.061557725999999986	-0.029413648799999997	-0.012476410600000001	0.0237825248	0.0123976936	-0.0758864603	-0.0204358755	0.0170813512	-0.0964561359	-0.0712654404	0.0979745928	0.051660033499999994	0.0451557488	-0.10489587550000001	-0.0659067286	-0.11473009279999999	0.0151705104	-0.0018480475	-0.13815110949999998	-0.129510736	0.0641415686	-0.0942513982	-0.0121461762	0.1083327554	-0.1253504185	0.0987687725	0.0582922688	0.0813077431	0.0735162326	-0.10422301699999999	0.10412046949999999	-0.1039496317	0.0142581	0.0006154999999999997	0.00020329341561000006	3.7884024999999966e-07	-0.0276696	-0.009252299999999995	8.56050552899999e-05	0.0007656067641599997	-0.00645037	-0.04798327	4.16072731369e-05	0.0023023941998929	0.00179447	5.873000000000011e-05	3.449212900000013e-09	3.2201225809e-06	0.00280792	0.00016848000000000037	7.8844147264e-06	2.838551040000012e-08	-0.000549814	3.078100000000001e-05	3.02295434596e-07	9.47469961000001e-10	0.0	0.0
8500.173590816321	-17.282534056183067	72252951.07401122	298.6859834031275	10460.666908986252	-35.04940045145304	1228.4604720063164	109425552.18075998	6242.139438081253	-6.762337035907876	38964304.764449336	45.72920218721132	6296.085823595302	10208.594257691995	0.926857	34.388645000000004	0.06637905999999999	0.0328999	-0.0912651572	0.0366451396	-0.0817490259	-0.0527551752	-0.0905103998	0.0558114679	0.0705625636	-0.0186801763	0.0013137156	0.13124831509999998	-0.005961902099999999	-0.027597446600000002	-0.0384186367	-0.0288083591	0.0727791152	-0.1407498541	0.136094855	-0.015140948999999999	-0.0377978831	-0.014740071100000003	0.060401253700000004	0.07176800629999999	-0.0878904801	0.0008068344	-0.0200834112	-0.0113546741	-0.09061819130000001	-0.0672509989	0.0535548571	-0.0465205065	-0.0894730617	-0.0418528828	-0.0146582159	0.018628153999999997	-0.0130745763	-0.1279523781	-0.0623486175	0.008459167	-0.0214440685	0.0082946486	0.0540949845	-0.0664634272	-0.055316259400000005	0.0017611321	0.08445049	0.048262645199999996	-0.1659439021	-0.0575949218	-0.1561365834	0.1154585892	-0.0676493135	0.025794051600000003	-0.07322698849999999	-0.0456725413	-0.036655064700000003	0.032801972799999995	-0.0175101665	-0.0590959837	0.0532094988	-0.055186417800000005	-0.0714921212	0.0363665719	-0.0583358362	-0.0064673312	-0.1030476963	-0.058979566399999996	0.091225251	0.054287093200000004	0.1877461839	0.080858604	-0.0559982559	0.0043345432	-0.0369145471	0.0035034758	-0.0439376259	-0.04298373	-0.0620974925	0.0404785481	-0.07186989120000001	0.11674346769999999	-0.0045562120000000005	-0.0703034156	0.0591937009	-0.0779624327	-0.0887202489	-0.10477516099999999	0.0315678452	0.09642557019999999	0.0514265041	-0.0364125951	0.055390919500000003	-0.058993348099999995	0.015513125	-0.0165190826	-0.0902023009	-0.0524702982	-0.0837687882	-0.1407648786	0.1378594778	-0.13612144699999998	-0.064436418	-0.1200560275	-0.0537758888	-0.0073505496	0.0154915044	0.0063970453	0.0978617577	0.01498883	-0.0124637595	-0.008766590500000001	0.051434609699999995	-0.1262571002	0.0048175624	0.0991081666	-0.05355817	-0.11179237550000001	0.0487656651	0.030227549700000002	0.0801567926	0.024412228199999997	-0.1406802747	0.008835463100000001	-0.11798681529999999	0.0249343527	-0.0638553658	-0.0233307169	-0.0943401449	-0.1264392492	0.0068211978000000005	-0.0383883702	0.0235194997	0.0726222533	-0.0214346825	0.0121603474	0.057129107400000004	0.0203147973	0.0931627747	0.0818993503	-0.1469146311	0.031790474	0.052142889500000004	0.0178033563	-0.1250618333	-0.0054418777	-0.047524337400000005	-0.0605884178	-0.0697517633	-0.00024410099999999999	-0.0651574441	-0.0204660849	0.1330819189	-0.0013046771	-0.0021306206	0.058480944000000014	0.0374750066	-0.0452631386	0.11465370960000001	-0.015582058300000003	-0.1236913208	-0.11616820619999994	-0.0216750149	0.0504564489	-0.0931623358	0.0259805762	0.1244847457	-0.0814769146	-0.0371654287	-0.011518178200000001	-0.0038765807	0.081631297	-0.1203230417	-0.0451618015	-0.028964008599999997	-0.0404935623	0.0922836318	-0.104253408	0.104242011	-0.10422301699999999	0.0179727	0.0037146	0.00032301794529	1.3798253160000003e-05	-0.053091699999999985	-0.0254221	0.0006462831684099997	0.0028187286088899987	0.00784914	0.01429951	6.160899873959997e-05	0.0002044759862401	0.00196266	0.00016819000000000014	2.8287876100000046e-08	3.8520342756000005e-06	0.00304281	0.0002348899999999997	9.2586926961e-06	5.517331209999988e-08	-0.0006055909999999999	-5.577699999999992e-05	3.66740459281e-07	3.1110737289999895e-09	0.0	0.0
