global_signal	global_signal_derivative1	global_signal_derivative1_power2	global_signal_power2	csf	csf_derivative1	csf_derivative1_power2	csf_power2	white_matter	white_matter_derivative1	white_matter_derivative1_power2	white_matter_power2	csf_wm	tcompcor	std_dvars	dvars	framewise_displacement	rmsd	t_comp_cor_00	t_comp_cor_01	t_comp_cor_02	t_comp_cor_03	t_comp_cor_04	a_comp_cor_00	a_comp_cor_01	a_comp_cor_02	a_comp_cor_03	a_comp_cor_04	a_comp_cor_05	a_comp_cor_06	a_comp_cor_07	a_comp_cor_08	a_comp_cor_09	a_comp_cor_10	a_comp_cor_11	a_comp_cor_12	a_comp_cor_13	a_comp_cor_14	a_comp_cor_15	a_comp_cor_16	a_comp_cor_17	a_comp_cor_18	a_comp_cor_19	a_comp_cor_20	a_comp_cor_21	a_comp_cor_22	a_comp_cor_23	a_comp_cor_24	a_comp_cor_25	a_comp_cor_26	a_comp_cor_27	a_comp_cor_28	a_comp_cor_29	a_comp_cor_30	a_comp_cor_31	a_comp_cor_32	a_comp_cor_33	a_comp_cor_34	a_comp_cor_35	a_comp_cor_36	a_comp_cor_37	a_comp_cor_38	a_comp_cor_39	a_comp_cor_40	a_comp_cor_41	a_comp_cor_42	a_comp_cor_43	a_comp_cor_44	a_comp_cor_45	a_comp_cor_46	a_comp_cor_47	a_comp_cor_48	a_comp_cor_49	a_comp_cor_50	a_comp_cor_51	a_comp_cor_52	a_comp_cor_53	a_comp_cor_54	a_comp_cor_55	a_comp_cor_56	a_comp_cor_57	a_comp_cor_58	a_comp_cor_59	a_comp_cor_60	a_comp_cor_61	a_comp_cor_62	a_comp_cor_63	a_comp_cor_64	a_comp_cor_65	a_comp_cor_66	a_comp_cor_67	a_comp_cor_68	a_comp_cor_69	a_comp_cor_70	a_comp_cor_71	a_comp_cor_72	a_comp_cor_73	a_comp_cor_74	a_comp_cor_75	a_comp_cor_76	a_comp_cor_77	a_comp_cor_78	a_comp_cor_79	a_comp_cor_80	a_comp_cor_81	a_comp_cor_82	a_comp_cor_83	a_comp_cor_84	a_comp_cor_85	a_comp_cor_86	a_comp_cor_87	a_comp_cor_88	a_comp_cor_89	a_comp_cor_90	a_comp_cor_91	a_comp_cor_92	a_comp_cor_93	a_comp_cor_94	a_comp_cor_95	a_comp_cor_96	a_comp_cor_97	a_comp_cor_98	a_comp_cor_99	a_comp_cor_100	a_comp_cor_101	a_comp_cor_102	a_comp_cor_103	a_comp_cor_104	a_comp_cor_105	a_comp_cor_106	a_comp_cor_107	a_comp_cor_108	a_comp_cor_109	a_comp_cor_110	a_comp_cor_111	a_comp_cor_112	a_comp_cor_113	a_comp_cor_114	a_comp_cor_115	a_comp_cor_116	a_comp_cor_117	a_comp_cor_118	a_comp_cor_119	a_comp_cor_120	a_comp_cor_121	a_comp_cor_122	a_comp_cor_123	a_comp_cor_124	a_comp_cor_125	a_comp_cor_126	a_comp_cor_127	a_comp_cor_128	a_comp_cor_129	a_comp_cor_130	a_comp_cor_131	a_comp_cor_132	a_comp_cor_133	a_comp_cor_134	a_comp_cor_135	a_comp_cor_136	a_comp_cor_137	a_comp_cor_138	a_comp_cor_139	a_comp_cor_140	a_comp_cor_141	a_comp_cor_142	a_comp_cor_143	a_comp_cor_144	a_comp_cor_145	a_comp_cor_146	a_comp_cor_147	a_comp_cor_148	a_comp_cor_149	a_comp_cor_150	a_comp_cor_151	a_comp_cor_152	a_comp_cor_153	a_comp_cor_154	a_comp_cor_155	a_comp_cor_156	a_comp_cor_157	a_comp_cor_158	a_comp_cor_159	a_comp_cor_160	a_comp_cor_161	a_comp_cor_162	a_comp_cor_163	a_comp_cor_164	a_comp_cor_165	a_comp_cor_166	a_comp_cor_167	a_comp_cor_168	a_comp_cor_169	a_comp_cor_170	a_comp_cor_171	a_comp_cor_172	a_comp_cor_173	a_comp_cor_174	a_comp_cor_175	a_comp_cor_176	a_comp_cor_177	a_comp_cor_178	a_comp_cor_179	a_comp_cor_180	a_comp_cor_181	a_comp_cor_182	a_comp_cor_183	a_comp_cor_184	a_comp_cor_185	a_comp_cor_186	a_comp_cor_187	a_comp_cor_188	a_comp_cor_189	cosine00	cosine01	cosine02	trans_x	trans_x_derivative1	trans_x_derivative1_power2	trans_x_power2	trans_y	trans_y_derivative1	trans_y_power2	trans_y_derivative1_power2	trans_z	trans_z_derivative1	trans_z_power2	trans_z_derivative1_power2	rot_x	rot_x_derivative1	rot_x_derivative1_power2	rot_x_power2	rot_y	rot_y_derivative1	rot_y_power2	rot_y_derivative1_power2	rot_z	rot_z_derivative1	rot_z_power2	rot_z_derivative1_power2	motion_outlier00	motion_outlier01	motion_outlier02
8382.408316368848	n/a	n/a	70264769.18232962	10724.49588897033	n/a	n/a	115014812.07254152	6276.957719729109	n/a	n/a	39400198.21526686	6671.516881039292	9456.195341269555	n/a	n/a	n/a	n/a	-0.055036448200000004	-0.1243807757	0.0924705605	0.05646410230000001	0.0679316988	-0.8082546975	0.006390184	0.0439220083	-0.1052107981	0.0022467665	-0.1501169101	0.0165338098	-0.0265615458	0.011499945800000001	-0.0513497538	0.09040122169999999	-0.0357158829	0.024489170299999998	-0.0183698013	0.0787817239	-0.055062198799999997	0.0292315372	-0.0030642763	-0.0370112004	0.0791150385	-0.016169716299999998	0.008730816800000001	-0.0523214452	0.0247569344	-0.0068262747	0.005508915600000001	-0.0010302466	0.0494777884	-0.028678691200000002	0.0337529223	-0.0845553759	0.0235075416	-0.0466624023	0.017801109	-0.0388306161	-0.032968248900000004	0.0239910817	0.057083290700000004	-0.014225806899999999	0.0221712937	0.0199928016	-0.1088340392	-0.00308195	0.08707051240000001	0.06923978480000001	-0.1643741826	0.023720855899999997	-0.2145233193	-0.07194002690000001	0.0965329047	-0.0240064158	0.09148651210000001	-0.023607691099999998	0.011352303400000001	-0.0985512235	0.0032669015	0.0377157132	-0.0749480268	0.1579349917	-0.0639260786	0.0824263385	-0.047004762199999994	0.0034098774	-0.0682847203	0.08576878519999999	-0.0426210271	0.1098613715	-0.030231937200000007	0.0124397965	-0.14910743070000002	0.017272440400000002	-0.10546340609999999	0.0617565246	-0.11293873460000001	-0.006370961600000001	-0.07536037059999999	0.0316617931	0.0062117515	-0.0235873655	0.037196104199999996	0.0275191334	0.0375185964	-0.0423501625	-0.11590277789999999	0.043531884900000005	0.1536160331	-0.071395633	-0.0588829085	-0.004443078	-0.038981760899999995	0.0315526664	0.0281748582	0.0179474351	-0.0546343528	-0.0452437681	0.0101023498	0.0269682415	0.0941655156	-0.10564730630000001	-0.0562251636	-0.0257651138	0.0106023854	0.0881838658	0.036656726	-0.0936206236	-0.0395001433	0.1780248784	0.029754988399999998	0.0302620772	0.09129028039999999	-0.028073216600000003	-0.013488461799999999	-0.1044487565	0.07444385860000001	0.1046644487	-0.059228684000000004	-0.0148184479	-0.0451722607	0.38858840149999996	-0.5229311017	0.1674514282	-0.34887314979999995	0.0525654555	-0.12487258890000001	0.264614862	0.0768057786	-0.0388948915	0.0711615184	-0.057591692699999995	0.0089283598	-0.0340456605	0.0360717391	-0.09090798720000001	0.0034000807	0.0644485941	-0.059052348	0.0335797675	-0.06558091440000001	0.05491396900000002	-0.0490777483	0.0565366801	-0.0083067475	0.0164169972	-0.0189631486	0.0001261626	0.0222788921	-0.014010371	0.0041663582	-0.0324444557	-0.0147672158	0.0163829412	-0.045832474500000005	0.0346224531	-0.053275225999999995	0.046081705599999995	0.05385847059999999	-0.0702577395	-0.020986915800000002	-0.0404111616	0.0268845337	-0.0104207836	-0.0214368802	-0.0096639611	-0.06311343679999999	0.0059307649	0.031118719399999998	0.043919104699999996	-0.034624959	-0.0440067392	0.0144904208	0.0077725854	0.0626209558	-0.007881915500000001	-0.0530335988	0.025844390099999996	0.0032455443	0.0105604033	0.008978476800000001	0.0381531135	-0.044198854	-0.0317560134	-0.031561228399999995	0.0123549807	0.09341730699999999	-0.0708662453	-0.0192091257	-0.0080300785	-0.005907805699999999	-0.0045411056	-0.0677482892	0.104253408	0.104242011	0.10422301699999999	0.0	n/a	n/a	0.0	0.0	n/a	0.0	n/a	0.059999	n/a	0.0035998800010000006	n/a	0.0	n/a	n/a	0.0	-0.0	n/a	0.0	n/a	0.0	n/a	0.0	n/a	0.0	0.0	0.0
8324.614065566613	-57.79425080223518	3340.1754257916627	69299199.34062949	10421.380965864311	-303.114923106019	91878.6566095678	108605181.23567896	6264.9561861176635	-12.001533611445662	144.03680902666002	39249676.01397398	6625.980468762211	9209.57926464796	1.085185	47.712879	0.0375287	0.0375288	-0.0094594025	-0.0568953113	0.16349442349999999	0.015157926	-0.0667949517	-0.4089344657	-0.0025125494	-0.12872239119999998	0.1096197616	0.0658972369	0.0494717768	0.0108992377	-0.0094030435	0.0993895258	0.0693805951	-0.0006843249	0.015236238000000001	0.010750553500000001	-0.0119403596	-0.0431491736	0.1000130833	-0.0284412695	0.0877624261	0.0980768343	-0.07777703450000001	0.0037781484999999996	-0.0771209839	0.0259693105	-0.0183509333	0.034823451	-0.0151932656	0.0092788469	-0.0875682774	-0.0421480163	-0.0185320561	0.13544555619999998	-0.062464862	0.0975833978	-0.1188338713	0.060220669000000004	0.028934627400000006	-0.042373451500000006	-0.0794894571	0.012063443100000001	-0.07383979759999999	0.018238658999999997	0.1277584173	-0.0422808421	0.1194261041	-0.0163539401	-0.2030620971	-0.1325732583	-0.060291841	-0.0216620303	-0.0272572577	7.648810000000001e-05	-0.0044753219	-0.0162196285	0.049584497199999994	-0.10844481730000001	-0.021694964	-0.05656077280000001	0.034944061	0.0084091945	-0.1299625378	0.0762580025	0.01477741	-0.0194495646	-0.09504717289999999	-0.045056236500000006	0.0307568712	0.0720812723	0.0633445326	-0.0489497896	-0.046609516	-0.013156805300000001	0.0935474607	0.0083585816	0.0385872667	-0.0116614853	-0.0237198101	0.0021535533	0.10534064380000001	0.0840079108	-0.10958647140000001	-0.062320928399999996	0.047795253499999996	0.0323738937	-0.0948197816	-0.0814582907	0.024783543199999997	-0.0313587689	0.0592314838	-0.0069059473	-0.1181815116	0.141487051	0.015249991999999999	-0.12586544630000002	0.0090172325	0.0164880351	0.1317863148	0.0745950431	0.1251746009	-0.0268148658	-0.1204375533	-0.0184305986	0.0978318141	-0.11352526269999999	0.0461437143	-0.054442967099999996	-0.0388478985	-0.0755813342	0.058256726200000004	-0.09095959880000001	0.0894869535	0.1075771197	-0.0036619602	-0.0404180351	-0.044497884	0.0031661326	-0.0046961003000000005	0.0060146222	0.0194475418	0.2873566427	-0.2640698459	0.11590502300000001	-0.0238632378	-0.0819905712	-0.0850590707	0.0660144412	0.027172127999999997	-0.06702284160000001	-0.0908419174	-0.0228209093	0.015089473300000001	-0.0328331739	0.0375884446	0.0094353212	0.048490910199999994	-0.027584024900000004	0.0132975356	-0.035917747400000005	0.10016994300000001	-0.0516253041	0.020567536100000002	-0.066391383	-0.0059607306	0.0418780806	0.0080892682	-0.008926195500000001	-0.0285391917	0.0797346617	0.0384147839	0.15602901660000001	0.085830746	-0.0328441092	-0.0574517125	-0.0456812959	-0.0373324607	-0.0639332165	-0.0104080356	0.0640574836	0.0662142425	-0.0057178443	0.014428908	0.011513123799999999	0.0601350615	0.0649035465	0.1527735652	0.050877326900000006	-0.0098693993	-0.09376934390000001	0.0202399685	0.0639575834	0.0092807788	-0.0342935127	-0.0930158061	0.0029729424	-0.002629218	-0.1325956881	-0.0108876028	-0.025208949700000004	-0.0497519908	-0.0871081066	-0.031416362999999996	-0.039543381600000004	-0.041203826299999996	-0.0734223092	-0.1259288559	0.1468892994	-0.0081461765	0.1163795084	0.0249666371	-0.0251809013	0.1145481444	0.10422301699999999	0.10412046949999999	0.1039496317	0.0	0.0	0.0	0.0	0.0	0.0	0.0	0.0	0.0224703	-0.037528700000000005	0.0005049143820899999	0.0014084033236900005	0.0	0.0	0.0	0.0	-0.0	0.0	0.0	0.0	0.0	0.0	0.0	0.0	0.0	0.0	0.0
8312.326870350624	-12.287195215989414	150.97516627583312	69094777.99955301	10254.557169201473	-166.8237966628385	27830.179133004087	105155942.73642132	6274.335628725356	9.379442607692908	87.97394363100513	39367287.581892416	6614.598832840406	9099.137788521046	0.966673	42.502201	0.012869309999999995	0.00968932	-0.0043392131	-0.058031776500000014	0.1135468393	-0.12099764699999999	0.0406132965	-0.1618460654	0.0041577082000000005	-0.049227207	0.1224279086	0.0420761995	-0.048721897699999996	0.1035560252	0.0017650851	-0.0289065638	0.0246581233	-0.14768716210000002	-0.0104176765	0.0014639272	0.0202759832	0.0158346001	-0.0115092058	-0.0707193289	-0.0015914308999999999	0.0430536979	0.006921499100000001	-0.030801015299999998	0.0679767406	0.1227126808	-0.1381140505	-0.0250747714	0.06430182059999999	-0.027925657000000003	0.0603754679	0.09067099320000001	-0.030391434900000007	0.0356191084	0.0061314415	0.017872599	0.1177020274	0.0185923092	0.0143872568	-0.0106699399	0.024625886899999998	5.51271e-05	0.013093198200000001	-0.12369592759999999	0.0250845524	-0.0335652775	0.09199391900000001	0.13845070199999998	-0.0934265207	-0.08694461380000001	-0.153978585	0.065254198	-0.017693543	0.021608277599999996	0.0200107562	-0.07439044410000001	0.0896936074	-0.0893573958	-0.08980019789999999	-0.071484567	-0.0571732777	-0.0302852691	0.024768483100000002	-0.0603667146	-0.1575512296	0.0817430749	0.1008450251	-0.0320696212	-0.0697263129	0.030720578199999998	0.08248489610000001	-0.0145396449	-0.1018467803	-0.0476958466	0.066206118	-0.0215510628	0.12201489689999999	0.051794029400000004	0.0655094157	-0.0123213026	-0.0268383146	-0.1103116756	-0.0478578151	0.0345991339	0.061777684699999995	0.15671766199999998	-0.045245222599999996	-0.1397143226	0.0085501507	0.0787096146	0.0425007229	-0.039042841	0.0564423309	0.0377181556	0.019450819299999998	0.0219964658	0.067024835	0.012970286200000002	-0.0109944703	-0.08595188320000001	0.0315130482	-0.1511143103	-0.0014196484	0.06325303339999999	-0.0248471851	0.150368038	-0.10473027929999999	0.063390373	-0.0349725506	-0.1346444319	-0.1706679453	-0.1088969696	-0.0350706641	-0.0881458203	0.055661107800000005	-0.08415282439999999	0.22931389829999999	-0.030872235699999997	-0.0746982329	-0.0366797019	0.0276190913	0.1682964389	-0.1107470839	-0.039509233399999996	-0.1195783324	-0.0910866872	-0.0104728945	-0.1107956456	-0.0578545667	-0.0637942967	-0.027875007200000003	0.0188395527	0.0872427367	0.0532128941	-0.12701277490000001	0.0055101511	-0.0340882421	0.0004358321	0.0932150965	-0.0755011476	-0.05991185230000001	-0.11592758449999999	0.0250576965	-0.12754041689999998	0.06487401870000001	0.0335803559	0.061817058099999996	-0.0203984406	-0.0671256954	0.032017571099999996	-0.0557596809	-0.06734514259999999	0.1431759179	-0.0654530656	0.12023703779999999	0.029931052000000007	0.061461311500000004	0.009903828100000001	-0.1290868302	0.0414903185	-0.0126788064	0.0309230738	-0.11657222630000001	0.0631236969	0.0073000248	-0.0112381499	-0.0250262737	-0.1148675474	-0.0943335295	0.1449409324	-0.0031677259000000004	0.1341752243	0.0030772840999999996	-0.0573868762	-0.053395688399999995	0.0003099664	0.0454676172	0.07941946849999999	0.013321878999999998	-0.030973665299999998	0.043372220700000005	0.1127114026	0.1741495616	0.0594479787	0.07007751150000001	0.0054469406	-0.0413416615	0.09688398279999999	0.1410230751	-0.09246165029999999	-0.0526973207	0.09900922529999999	0.024212651	0.1041622441	0.1038775282	0.10340357800000001	0.0	0.0	0.0	0.0	0.00408171	0.00408171	1.6660356524099993e-05	1.6660356524099993e-05	0.0312579	0.008787600000000001	0.0009770563124099998	7.722191376000001e-05	0.0	0.0	0.0	0.0	-0.0	0.0	0.0	0.0	0.0	0.0	0.0	0.0	0.0	0.0	0.0
8302.03431035251	-10.292559998113576	105.9367913147677	68923773.69027027	10139.324178097562	-115.23299110391054	13278.642238753924	102805894.78855379	6287.535894142847	13.200265417490302	174.24700709219036	39533107.62013469	6620.982446457705	9303.601967873155	1.223311	53.785954	0.06100736639218	0.0385983	-0.1166312263	-0.13216001630000002	0.020280243700000002	0.0592257995	0.0452909307	-0.0307643104	0.0878823032	-0.0512743957	-0.0011194403	-0.1836988542	0.1643807099	0.1493134395	0.0896096465	-0.222518755	0.0186729452	-0.1033152868	-0.0401109667	0.12997279949999999	-0.0087260568	-0.0085143424	0.0072869192	-0.0336108505	0.0260877203	0.0328517161	-0.0055543152	0.0213015955	0.0250064644	0.0278291272	0.053878024000000004	-0.0699377991	-0.08676603570000001	0.0047032921	-0.0774755536	0.0421912466	0.0706704452	-0.1646764024	-0.020742735	-0.06518709980000001	-0.0006355826	0.0692001732	-0.0297403506	-0.0050726716	0.1090935232	0.05536625480000002	0.09336171880000001	0.0604519189	0.057299136500000014	0.0626523235	0.0404953747	0.0830804929	-0.2306586287	0.037754956299999996	-0.1806767147	-0.06894363190000001	0.0208873522	-0.07640776	0.07524475559999999	0.0082318001	-0.06434904570000001	0.0336594254	-0.010992553	0.0790942474	0.0027093603	-0.027898243599999997	0.0587190786	-0.0763388802	0.034863172799999995	-0.0978263451	0.049427831299999996	-0.054182633200000004	0.0289336712	0.0084618122	-0.1976523412	0.1280095245	0.062298768899999996	-0.08012058009999999	0.060635366399999995	0.056094735300000004	0.030900152200000006	0.0009051422999999999	-0.10352636679999999	-0.0569310292	0.0998215085	0.010334049	-0.1135483875	0.06594583059999999	0.0653244459	-0.0254814929	0.12629570140000002	0.0331054771	-0.10986858109999999	0.0198020995	0.1279839883	-0.0081138811	0.009267028100000001	-0.0740971916	-0.0963526369	0.07295457820000001	-0.0907764373	-0.0185679021	0.007022674499999999	0.0294581935	-0.0186386485	0.07782415	0.1046872593	-0.058437192199999995	0.0792217822	-0.0048963735	-0.0324435308	0.0793358309	0.1269879815	0.0642046894	0.007867341	-0.0220134881	-0.163480585	0.0217652974	0.0056465752	-3.52419e-05	-0.0434444301	0.0191741514	-0.09107620460000004	-0.018950530400000002	-0.08461420630000001	0.09708719519999999	-0.1128521193	-0.0455169404	0.052765223300000004	0.0767660694	0.151754006	-0.2499284461	0.0375152531	0.0368891597	0.08498790380000001	0.05395758690000002	-0.0764391577	0.1027103517	-0.0502786025	0.0052545664	-0.040560244100000004	-0.0615698322	-0.0537724763	0.07399162320000001	-0.052097413499999995	-0.052861093	-0.0584974911	0.1116998156	0.039402576	-0.0007664500999999999	-0.0731363165	-0.0541471551	0.14781143289999998	-0.002376207	-0.0640846211	0.1488070416	-0.0030079246999999997	0.0312128798	-0.0840980604	0.0530480817	0.1301395616	-0.0038601972999999998	-0.0754814959	0.07902662419999999	-0.09036475220000001	0.0958283618	-0.10015370529999999	-0.0340002862	0.0104680589	-0.0854422035	0.08324909230000001	0.059564697	0.08142919280000001	-0.0297732235	-0.0484232863	0.0108077951	-0.060715083600000004	0.1206132237	-0.026160098599999997	-0.0141795284	-0.0316306828	0.0866797214	0.059643579599999996	-0.10283427140000001	-0.0516230379	0.0196085823	-0.0387810507	0.026947199100000003	-0.0184742976	-0.0204420975	-0.1366950005	-0.15338583050000001	-0.0248404842	-0.026820703799999998	0.12571081039999998	0.0061050412	-0.0377500816	0.1040711067	0.1035134703	0.1025862884	6.3921800000000006e-09	6.3921800000000006e-09	4.085996515240001e-17	4.085996515240001e-17	-0.0171639	-0.02124561	0.00029459946321	0.0004513759442720999	0.040028	0.008770099999999996	0.0016022407839999995	7.691465400999993e-05	0.0006198330000000001	0.0006198330000000001	3.841929478890001e-07	3.841929478890001e-07	-0.0	0.0	0.0	0.0	0.0	0.0	0.0	0.0	0.0	0.0	0.0
8289.380617578514	-12.653692773996227	160.11594081868432	68713831.02308634	10137.574415154195	-1.7497629433673865	3.0616703579817	102770415.02278893	6279.315525596601	-8.220368546245481	67.57445903610207	39429803.46999852	6606.935775164413	9174.9756505445	1.226982	53.947323	0.07540999639217999	0.044060400000000007	0.0056986397	-0.0802820024	0.1172383219	0.0121519633	-0.081474688	-0.013087120700000001	0.0074745095	-0.1410104624	0.1459272297	-0.016520661000000002	0.174014007	-0.037794843700000004	0.0829986663	-0.09920581619999999	0.082471407	-0.029352327799999998	0.1011091294	-0.0765280406	-0.08868132320000001	-0.0590223374	0.057094166200000004	-0.0027825814000000003	0.0043428295	0.0112202736	-0.0576210243	0.0038515835999999998	0.0293386133	-0.017925844	0.0625172907	0.136426888	0.0126152533	-0.0571994778	-0.11030980039999999	-0.054602827300000004	-0.1323947754	0.0054518799	0.0391863599	-0.030924663199999997	-0.0205457852	-0.0032237149	0.032151031000000004	-0.0814505403	-0.1511549039	-0.0038259038	0.0219764725	-0.0022028537	0.0795136315	-0.0452595073	0.1131472019	-0.011864641200000001	-0.1964556286	-0.0970014683	-0.029103626400000002	0.007968336999999999	-0.0728501251	-0.0813197523	-0.06899624830000001	-0.0396131818	-0.0192550102	-0.07753660650000001	0.0052025701	-0.0262689383	0.0650594015	0.0274751188	-0.020802718300000002	-0.112932829	0.0039620257	-0.080321778	0.0217588004	-0.08790278230000001	-0.0573130128	0.0275161618	0.0436551017	-0.0635848872	-0.0584974662	-0.011992756200000001	-0.0356409376	0.0519015755	0.0300558541	-0.0531381932	-0.102053824	-0.053722155300000005	-0.0562016996	0.12480694519999999	-0.025640286600000003	-0.023822531600000002	-0.0144910215	0.0194310274	-0.036821368	0.0382098101	-0.0282492056	-0.0867477351	-0.09441577949999999	0.0291529588	-0.0289549528	0.016205488	-0.0339361131	0.0150341628	-0.0220730871	-0.0444149987	-0.0846441582	-0.0409136231	-0.0716829275	0.0490418083	-0.0125106514	-0.044009529500000005	0.034891499	0.09566668710000001	0.058610388	0.04288463940000002	0.05840581490000001	-0.1655238738	-0.06182501	-0.036304607	0.0872417277	0.0401270445	0.1000893909	0.0931502942	-0.0190744573	0.0011939722	-0.0180741911	-0.0622144861	0.0390512206	0.1492472303	-0.0358944656	0.0083745728	0.15715254	-0.05918309610000001	0.0178719644	-0.1458975378	0.013159194499999999	0.0454455316	-0.08936123160000001	0.0318232439	0.0062156584999999995	0.0568376008	0.0344524883	0.11578049929999999	0.0427439851	-0.0955261432	0.051575488200000005	-0.0265672644	-0.0061529372999999995	-0.1234373684	0.030590845499999998	0.1315284437	0.0438397926	0.0151024386	-0.0213036217	0.08552564119999999	-0.0205164648	0.0325119008	0.0529683656	-0.042567275999999994	-0.042547993799999996	0.1106474601	-0.031180417599999996	-0.060716743	0.0273894873	-0.0107864938	-0.0627852151	0.0238853388	0.0150462867	0.131951633	0.0735653431	-0.0072827856	-0.0394513268	0.022909633999999998	0.0108835856	-0.0041673145	-0.0522935689	-0.1162077116	0.0353111732	-0.044479821100000004	0.0181501803	-0.0262368048	0.046675123799999996	-0.012702794199999999	0.1546674336	-0.0765899216	-0.0039743841	-0.0039717137	0.0074620292	-0.015537419399999999	-0.0028807840999999995	0.022940809700000002	0.09648079529999999	0.1575439251	-0.0093587121	0.023588454900000003	0.0643147928	-0.0308845237	0.07665346940000001	0.021295175299999997	0.0283396495	0.1039496317	0.10302872029999999	0.1014999067	0.0	-6.3921800000000006e-09	4.085996515240001e-17	0.0	0.00595184	0.02311574	3.54243993856e-05	0.0005343374357476	0.013499700000000002	-0.02652829999999999	0.00018224190009000004	0.0007037507008899995	0.000104514	-0.0005153190000000001	2.655536717610001e-07	1.0923176195999999e-08	-0.0	0.0	0.0	0.0	0.0	0.0	0.0	0.0	0.0	0.0	0.0
8283.423062413782	-5.9575551647321845	35.492463540827124	68615097.63092852	10120.476690788222	-17.097724365972677	292.33217849477586	102424048.44878772	6286.4347339043725	7.11920830777126	50.68312692943932	39519261.66363934	6612.807250498177	9071.713536781504	0.999199	43.932289	0.031902225310000004	0.0224682	-0.026936167599999998	-0.0656392095	0.0680278437	-0.1009163997	0.041017658	0.0164932631	0.018296504499999998	-0.0770919701	0.097860299	-0.00611295	-0.0264649855	0.139406917	0.0706926777	-0.019491376	0.1654299323	-0.1852925028	-0.027534549300000002	-0.059847955599999995	0.06879658429999999	-0.0418571694	-0.1188916306	-0.0132615245	-0.09142000060000001	0.0968115014	0.029924077799999997	0.0558641137	0.010707508400000001	-0.0416944795	0.0130615433	0.051949470899999996	0.0497923905	0.0779214308	0.0319078435	-0.0818359731	0.0153143905	0.0831018659	-0.1467152371	0.0934345391	0.1484176512	0.0059671124	0.08725028720000001	-0.0010823135	-0.0014529967	-0.0204812475	0.0035135834000000004	-0.0001010992	0.0102174404	-0.0116429076	0.0781637676	0.1262842502	-0.10296570279999999	-0.0176671014	-0.12349954380000001	0.13001693949999998	-0.1050396991	0.0170972119	-0.0906056773	-0.0987540241	0.0108166946	-0.0393155418	-0.0165343157	-0.0808581452	-0.0742194391	-0.0763462375	0.024426535299999996	0.14284518300000001	-0.0012645905	0.0524457579	-0.0029537021999999995	0.0508698113	-0.1161974274	-0.0560894592	0.1596463934	-0.0698010157	0.036719731400000004	-0.0245458051	-0.0436062034	-0.0011098953	-0.0993208244	-0.06436877419999999	-0.0270572007	-2.7248e-05	-0.10898460830000001	-0.0201934177	-0.09320762939999999	-0.0069625315	-0.05814965160000001	0.0570050719	0.1169260505	0.0438618504	-0.0364896766	0.0819832649	-0.0897375539	0.0258437587	-0.0454238366	-0.0423051149	-0.11443383609999999	-0.06255863730000001	-0.022022267	-0.0405611542	-0.0147508026	0.0214918365	-0.047302381500000004	0.0623978919	-0.0075446712	-0.029901479100000006	-0.0314794475	0.09442723830000001	-0.0639784912	0.0792592612	0.1561673721	0.0320340484	0.052932911299999996	-0.043079065599999994	-0.050113161600000004	-0.0362323101	-0.015684678400000002	-0.06235226820000001	-0.0291939375	-0.0569228937	-0.039744603999999996	-0.0155238564	0.0097680293	0.09351595089999999	-0.0003615043	-0.0807365124	-0.037852771800000004	-0.0340647642	0.0155335424	-0.23502518320000002	-0.062115529100000004	0.0766267581	-0.080966813	0.0087174543	0.1282460222	-0.0148439891	-0.0660284475	-0.0060244216000000005	-0.09117176460000001	0.0225139515	0.0591422005	-0.0183183344	0.1446090871	-0.0149507567	0.0496909963	0.010679206399999999	-0.0745527872	0.0014024532	0.0849874875	0.0646935508	-0.1317599819	-0.0392801766	-0.0262584984	-0.1745825144	-0.07225074990000001	-0.044683159800000004	0.1393290011	-0.0030064301	0.0024645966	-0.1590412123	0.010569251100000001	0.052830569	-0.016811292	0.09686496630000001	0.0145607721	0.0409284935	-0.11823148	-0.0370191509	0.0133850752	-0.0052311282	-0.041796767	-0.0757308944	-0.044812944	-0.0509233191	0.0304663707	-0.0138882402	-0.012727218200000001	0.11457575789999999	0.11281152960000004	-0.0445972108	0.0873946977	0.0462459142	-0.0205634401	0.0906411993	0.0730837496	-0.0431740803	-0.0254697867	0.0439867299	-0.0527236929	-0.0358082064	0.050664403499999996	-0.09034559460000001	-0.0893492241	0.016611794	-0.0298117823	0.1037978542	0.1024238435	0.1001472826	0.0	0.0	0.0	0.0	5.4546900000000015e-06	-0.00594638531	2.975364299610001e-11	3.535949825498379e-05	0.034837699999999985	0.02133799999999999	0.0012136653412899994	0.0004553102439999995	1.21572e-05	-9.23568e-05	8.529778506239999e-09	1.4779751184000004e-10	-0.0	0.0	0.0	0.0	0.0	0.0	0.0	0.0	0.0	0.0	0.0
8279.929820300133	-3.493242113649103	12.202740464571653	68557237.8290954	10094.277805470869	-26.19888531735341	686.3815918718362	101894444.41402178	6286.2601648378795	-0.1745690664929498	0.030474358976219924	39517066.86002757	6615.472185759485	9222.543371425583	1.153997	50.738361	0.03666443469	0.0208224	-0.11271192349999999	-0.08680964349999999	0.0069060016	0.0772407965	0.0613942017	0.0335006383	0.0821097023	-0.0535235296	0.0762578698	-0.1941190047	0.1523628007	0.10202963529999999	0.0841897307	-0.1015569818	0.0306752007	-0.0511691582	-0.0157929383	0.08387334070000001	0.0028543379999999997	-0.018302015	0.0435780988	0.09612616310000001	0.0510449147	0.0344792685	0.043574441900000004	0.09251621789999999	-0.0116741713	0.0336679486	-0.0051921238	0.0452083684	-0.0540957482	-0.1169804791	0.015770568999999998	0.0316863502	-0.079115543	-0.0776545257	-0.0489022932	0.0157604776	0.062385727599999996	-0.0049199938	0.11011737869999999	-0.1069621807	0.0133023548	-0.0451792526	0.0490102523	-0.0527031309	-0.055077140499999996	0.0729348864	0.0479564272	0.031998519700000005	-0.2122617543	-0.021910865699999997	-0.1080806247	-0.0736225788	0.0345295004	-0.0376529446	0.0715162171	-0.0230194813	-0.0433640892	0.0295870935	0.086622725	-0.0054296837	-0.0979514991	0.1096437858	0.0118075166	-0.086416975	0.0518726147	-0.0195929117	-0.0837573687	0.0775280922	0.09689251289999999	-0.05843340690000001	0.0383230928	-0.021145118799999998	0.1845410754	0.010733638600000001	-0.079284492	0.0788464081	-0.025217881400000003	-0.0021081067	0.0421433796	-0.0686255305	-0.1258927851	-0.012548768600000001	0.0734694817	-0.14898513160000001	-0.134174813	-0.013029013300000001	0.044581711100000004	-0.030819308700000006	0.0363917776	-0.0806728118	0.013601463400000001	-0.0020285522	0.1946022525	-0.07435463519999999	-0.0590535474	0.0168465144	-0.1377932423	-0.067996825	0.08044462349999999	-0.0674743991	0.0126976125	-0.0224225427	0.0002633898	-0.0515436545	-0.0720388242	-0.0498716326	-0.1185493485	0.048979402199999994	0.0443950923	0.0388475708	-0.008344428499999999	0.0234875159	-0.0366668934	-0.1159572989	0.0042384828	0.0367284512	-0.0803227325	0.0060788237	-0.0434557673	-0.047848845599999995	-0.0868224267	0.0764105583	-0.0652962293	-0.0535648501	0.1214254567	0.0353188775	0.1257110016	-0.19446322010000008	0.0282504404	0.0275015854	0.0767248963	0.024828312	-0.1184223926	0.0733230781	0.0091379127	-0.0034787094	-0.146612582	-0.16553260109999998	0.05833146	0.10983183789999999	0.027645881	0.1362826631	-0.05867238070000001	0.0980594	-0.0638929742	-0.1069537151	-0.0199362289	0.1015654534	-0.0367525136	-0.038774867000000005	-0.0432170312	-0.0728644038	-0.0359189078	0.0197382571	0.0009525221000000001	0.0523492403	-0.0432384049	-0.0536489491	0.043556119500000004	-0.0172864411	-0.0046143873	0.06624188269999999	0.1278763791	0.030428640299999997	0.016997721299999997	-0.028629941800000006	0.0459375594	-0.0518544668	-0.0314778151	0.20314297539999998	-0.017969185500000002	0.0435094321	-0.0351736334	0.122889576	0.1061274247	-0.04444024269999999	-0.0859707133	-0.0601338101	0.0157239902	0.003018768	0.0254829274	-0.0333288265	0.0596913265	-0.0344509712	0.1227487427	-0.08008885660000001	0.0491565664	-0.1184730812	-0.0697103675	-0.0252622551	-0.0100053664	0.014354989299999999	-0.0534812981	0.10361581859999999	0.101699545	0.098531964	0.0	0.0	0.0	0.0	-0.00978459	-0.009790044690000001	9.57382014681e-05	9.584497503219718e-05	0.0208925	-0.013945199999999993	0.00043649655625	0.00019446860303999974	0.000270741	0.00025858379999999995	6.686558162243996e-08	7.330068908099997e-08	-0.0	0.0	0.0	0.0	0.0	0.0	0.0	0.0	0.0	0.0	0.0
8300.517748744014	20.587928443881534	423.8627976103865	68898594.8972144	10112.634890778283	18.35708530741431	336.98258098368626	102265384.4341863	6281.142203190346	-5.117961647533775	26.193531425626635	39452747.37669888	6609.242781584085	9110.386777469712	1.3440200000000002	59.09319300000001	0.07342577	0.0603597	0.0314202647	-0.0877069776	0.1516881557	0.0523302249	-0.05408639690000002	0.011943505600000001	-0.039075358	-0.2047903678	0.1298402355	-0.013959222	0.215495045	0.0943751082	0.0366840402	-0.054471648399999996	0.0207902305	0.00028664340000000003	-0.0030185651	-0.0482950854	0.1027726259	-0.10829088390000001	0.005065134099999999	-0.1164824599	-0.20391030640000002	-0.0638063197	-0.1291239522	0.0008995414	-0.0870464558	-0.1754109404	-0.0794092424	-0.0090097776	-0.0880694086	0.023581772200000004	-0.0328073396	0.0541617247	-0.08890237960000001	-0.06373630200000001	0.1343834717	-0.0494446007	0.0707539935	0.0203958546	-0.1748919573	0.078760481	-0.050080584299999995	0.0053118278	-0.0240255056	-0.0148011294	0.022371655600000002	-0.0662083826	0.111674657	-0.0666851143	-0.21294915579999998	-0.10563161189999999	0.039092598199999995	-0.0005565199	-0.1656168916	-0.1544648892	-0.1755162588	-0.1096784185	-0.0798214317	0.0512649108	0.1377782125	0.0466575031	0.1592907951	-0.0646283211	-0.017993741299999998	-0.1140808935	-0.0076481853000000015	0.0386669818	0.057788672199999995	0.0614043296	-0.015474771100000001	-0.0760529687	-0.0217305254	-0.0247849887	0.014672456799999999	2.86555e-05	-0.1642903604	-0.034278996299999996	0.0762251152	0.021557684	0.0648725905	-0.0319837084	-0.0354164652	-0.1011799597	0.0342589556	0.0131935922	-0.047723198499999994	-0.0940999243	-0.0653783481	-0.08576362539999999	-0.0722814084	0.0678215065	-0.0363076233	-0.058840547300000004	0.0211912014	-0.0700476199	-0.014372073300000001	-0.0206666121	0.16911996170000002	-0.0163206245	-0.04391688	0.056313261399999995	-0.026540894	0.0092635421	0.014102011999999999	0.0397470504	0.0475502945	-0.0141600977	0.1655941028	0.0263665212	-0.1159484782	0.0596567729	-0.08980372060000001	0.1718082315	0.0541435522	-0.0768597786	-0.0498184146	0.0530046038	-0.0136351426	-0.0677604885	0.148122216	0.0807771578	0.06610388519999999	0.154096184	-0.026808203500000002	0.014903991699999999	0.2347078588	-0.0353738966	0.0857251708	-0.1619801235	-0.0364058421	0.0768585371	-0.1957841282	0.0737799162	0.065997668	0.0150998604	0.149327771	0.18855995469999998	0.0988188374	0.0869108642	0.0381515539	0.1405507863	-0.0392515132	0.0196931823	-0.0012398966	0.0717970939	0.0923335705	-0.041155706	-0.1021139525	-0.025618869500000002	-0.1322993711	0.029146911600000002	-0.0367139167	-0.0943288762	-0.024147514900000003	0.006192009300000001	0.0648488878	-0.007617523	-0.0133617697	0.0690368212	-0.076246402	-0.08833707240000001	-0.0510275216	-0.1560976224	0.0486024774	-0.0416813807	-0.0081856139	-0.011088839	-0.1348568332	0.0804539957	-0.1084891616	-0.0040542382	-0.0192103725	0.047318668200000004	0.04831146309999999	0.0171987079	-0.0164262077	-0.055080324800000004	-0.045274166100000006	0.1391308424	-0.12293479880000001	0.0880834165	0.0070708454	-0.0160047217	-0.050286305700000006	0.1132931573	-0.11334272109999999	0.1897879834	0.112986009	-0.022704486800000003	-0.0746050692	0.1361999822	0.0074346664000000005	-0.047769967	0.0166456415	0.10340357800000001	0.1008566694	0.0966581881	0.0	0.0	0.0	0.0	0.0493144	0.05909899	0.0024319100473600003	0.0034926906190201005	0.00941222	-0.01148028	8.858988532840003e-05	0.00013179682887840002	0.000327671	5.693000000000001e-05	3.241024900000001e-09	1.0736828424099998e-07	-0.0	0.0	0.0	0.0	0.0	0.0	0.0	0.0	0.0	0.0	0.0
8302.975782120984	2.458033376969979	6.041928082298441	68939406.83848757	10100.043421304514	-12.591469473769395	158.54510350886648	102010877.1122366	6280.73592095631	-0.40628223403564334	0.16506525369299327	39447643.708790906	6606.059805756887	9085.48152679193	1.329515	58.455475	0.13937983	0.0931738	-0.028723020800000002	-0.0762964426	-0.0006699853	-0.1038298484	-0.06510508	0.0769420377	0.0722150654	-0.0066592223999999995	0.029361858900000006	0.11683958289999999	0.0348651696	0.232499273	0.09547292789999999	0.0824701661	-0.0195551407	-0.0708924988	0.1067521859	-0.024560976600000003	-0.0912739594	-0.0034211779	-0.0850024004	-0.0224287396	0.0219874456	-0.0720428848	-0.1314796372	0.064758252	0.057263509500000004	-0.0506940483	-0.0453714032	-0.0235654829	0.07093075730000001	0.0039273754	0.0646271223	-0.1101958012	-0.0321538398	-0.0110539051	0.177644231	0.0736932951	-0.0427203894	-0.12476943800000001	-0.0111153465	0.034210144399999996	0.0438447342	0.0425668328	0.2148924036	-0.042817038200000004	-0.08164422980000001	0.0340042853	0.0465602295	0.0418880039	0.0361121812	-0.11295301519999999	-0.1566957078	0.0404880775	-0.1482217101	0.02649843	-0.144544167	0.0110171496	-0.1400397056	0.08258867519999999	0.1512419663	0.0534553054	0.0356487816	0.1016274661	0.05136838269999999	0.007753586999999998	-0.0793028273	0.0338619706	-0.0015263117	-0.0408520298	-0.0939710985	-0.0210212306	-0.1340260126	-0.0743258888	0.0381299884	0.0800901691	0.0934997176	0.0018175327	-0.0827853343	0.0707030231	0.1232772542	0.0599030729	0.0949321848	0.0754207985	0.1509270962	-0.0650816301	-0.0030167256	-0.045515645300000004	-0.0005976894999999999	0.0174901628	-0.0900893021	-0.0049824940000000005	-0.0063964945	0.1193566326	-0.0146099534	0.0042159959	0.1304213424	-0.0286216897	-0.1148153824	0.1577546975	-0.0549277254	-0.1368854632	0.0577971533	0.1004416891	-0.07198822839999999	-0.0141207347	-0.0573186675	-0.060795798099999986	-0.0729879658	-0.0446720351	-0.029721101200000002	0.060714057099999996	-0.051151928799999996	-0.09591194300000001	0.0471112019	0.1314760974	0.09072292109999999	-0.07190240219999999	-0.1534306285	-0.006041582199999999	0.0101722779	0.08293308519999999	-0.0340203823	0.013904431200000001	0.0686038264	0.0328849125	-0.0889552917	-0.1417049182	0.12416737720000001	-0.19601444739999999	-0.068978481	-0.0016632307000000002	-0.1075194072	-0.07998033780000001	-0.028343948100000002	-0.1378430332	0.2043455016	0.0125139732	-0.050425443099999995	-0.0015397823	-0.1011292416	0.1033211391	-0.0711752108	-0.09392488859999999	0.0389837278	-0.10060398109999999	0.0862637858	-0.0021680420000000002	0.0598086383	0.056980222699999986	0.0609837519	-0.0313408213	0.1579288317	0.11846529039999999	-0.1058310475	-0.032548404700000005	0.090237466	-0.024207131200000002	0.0438431055	0.0391512148	0.0511723958	-0.0090628763	0.1338379675	0.0005103395999999999	0.09440754539999999	0.2036552545	0.0017566716	0.0110997434	-0.028519814700000007	-0.0572947704	0.0253415852	-0.0029134933	0.1150966524	-0.0935386783	-0.0592723509	0.0004413728	-0.0006557452000000001	0.0448264124	-0.0718391557	0.0752657283	0.1498954538	-0.0624200429	-0.1292065996	-0.059351702199999995	-0.0561795581	-0.0233812256	-0.0085180979	-0.16898924969999998	0.029443913199999998	0.138410538	0.0312637568	-0.0370713103	-0.027110419500000003	-0.042212136500000004	-0.1550256943	0.1031611942	0.09989619949999999	0.0945308701	0.0	0.0	0.0	0.0	0.00443275	-0.04488165	1.96492725625e-05	0.0020143625067225003	0.089289	0.07987678	0.007972525521	0.006380299983168399	0.000620099	0.0002924280000000001	8.551413518400002e-08	3.8452276980100003e-07	-0.0	0.0	0.0	0.0	0.0	0.0	0.0	0.0	0.0	0.0	0.0
8305.225387945991	2.249605825007165	5.06072636790617	68976768.74458264	10108.610337284454	8.566915979939951	73.39204940735047	102184002.95105413	6296.668063193705	15.932142237395055	253.83315627258756	39648028.69804357	6623.851069989552	9081.325150006247	1.231741	54.15659300000001	0.07526479999999999	0.0481408	-0.0949691644	-0.0689461482	-0.1829602368	-0.017034079	-0.0356545866	0.053710253799999996	0.1129794019	0.1590143251	-0.0147836683	-0.0404201946	0.0667907269	0.08847457140000001	0.16736482490000001	0.043950338	-0.1253804958	0.0552165638	0.057472727	0.06645088219999999	-0.040059904900000005	0.0133407357	-0.14907434619999999	-0.0166569373	0.076610833	-0.0044947998	-0.12029735429999999	-0.0677173514	-0.0369496303	0.0391786093	0.0453902384	-0.1002363144	0.035080136899999996	-0.1180579414	-0.0771712286	-0.0196076524	0.0806268108	-0.033220447	-0.023432235099999997	-0.057143931900000014	-0.1029470478	0.07408395940000001	0.0426653378	0.10277591230000001	0.0126025221	0.0108785575	-0.0713498206	0.0110886301	-0.0384141685	0.1485649826	-0.1385175067	0.020744963999999998	-0.0421343761	-0.0194401628	-0.0445989677	-0.0003174013	-0.0078154872	0.15762388119999998	-0.1576725917	-0.10198440269999999	0.0705317227	0.116308446	-0.0535182829	0.1295734898	-0.0490075404	-0.0319538588	-0.1133819597	0.1793486047	0.0492811072	-0.1049661344	-0.0321914502	-0.0058782858	0.1241032252	-0.06019595110000001	-0.0877221111	0.0490412997	-0.0078844546	0.1861550471	-0.0065012983	-0.0733176476	0.043026437800000004	-0.07750360719999999	0.0374271771	-0.048356061	0.033972759	-0.0448858987	0.015616978500000003	0.060241422999999995	-0.0404723314	0.0586808953	-0.004655895300000001	-0.055633515099999996	0.0728985268	0.0869946693	0.052208433	0.0754650858	0.0589428381	0.0232924484	0.04732169519999999	0.1018932053	0.1159661784	-0.1075704296	0.0242961706	0.0670970135	-0.0375880446	-0.10257631019999999	0.11389280130000001	0.0827453958	0.0500637504	0.1182560159	-0.0263780455	-0.0764172255	-0.0006638866	-0.0831954754	-0.0547367086	0.0276760022	0.0265531585	0.0314470659	-0.028808359500000002	0.1283155952	-0.0224394186	0.128863908	0.0760783832	0.0572996003	-0.1520952143	-0.1385316234	-0.060731245499999996	-0.019588298100000002	0.039889924	-0.0201104174	0.0438459587	-0.1202543622	-0.0680444223	-0.0408758566	0.0619009586	-0.1146719996	0.104366461	0.0615931529	0.1645904543	-0.11890328039999999	-0.06634020639999999	0.06440490509999999	-0.12247383869999999	-0.04448673400000002	0.2395418506	0.0334548581	-0.058380998899999995	-0.0120966415	0.0275332215	-0.0210985319	-0.0505888564	-0.11263956130000001	0.1515480351	0.1269407393	0.042289241	-0.0664066837	0.0671885495	-0.0732277401	0.0114187708	-0.1473206917	-0.0532627616	0.07282700519999999	0.0497657588	0.0356860069	-0.047238940599999994	-0.1327528854	-0.004860038499999999	-0.1280373917	0.0185296183	0.0757894292	-0.05663263950000001	-0.0628315922	-0.022185251200000002	0.0416407653	-0.042685645	0.0622243381	-0.162568827	-0.1307752541	0.0545012499	0.0294509254	0.0001894745	0.048754918099999996	-0.1017915622	-0.0178011601	0.0377460656	0.006898515	0.0812285806	-0.0725536777	0.1039032634	-0.0368176794	-0.002123158	0.11690751460000001	0.0046102714	0.030662453500000002	-0.028233736800000006	-0.1739385112	-0.0383515429	0.10288873779999999	0.0988192551	0.0921555899	0.0	0.0	0.0	0.0	-0.0123279	-0.01676065	0.00015197711840999998	0.0002809193884225	0.13206600000000002	0.042777000000000016	0.017441428356000006	0.001829871729000002	0.000305556	-0.00031454300000000014	9.893729884900004e-08	9.336446913599998e-08	-0.0	0.0	0.0	0.0	0.0	0.0	0.0	0.0	0.0	0.0	0.0
8308.188435675154	2.9630477291630086	8.779651845298062	69025995.08268636	10098.529269781762	-10.08106750269144	101.62792199382143	101980293.41263898	6289.3535682433885	-7.314494950316657	53.501836378207884	39555968.30637585	6607.613668621284	8932.418940015901	1.436803	63.17264599999999	0.30072144	0.247041	0.1249351795	-0.0120811069	-0.10694855460000001	-0.0375686477	0.0719656085	0.0615010524	-0.1357214033	0.13702891009999998	-0.0147033205	-0.007933058100000001	-0.049051776799999995	-0.09689197109999999	0.1026082808	0.0732597466	-0.026316453599999998	-0.0029221902000000004	-0.022761111299999998	0.0836909848	0.0347293017	-0.1459525082	-0.02242957	-0.0078807462	-0.0105629747	-0.1069376617	0.042260506399999995	-0.1800026498	-0.009284295	-0.022829947799999997	-0.0499870195	-0.015018658300000001	-0.0465504352	0.0790097346	0.023448537599999996	0.015860513899999998	0.0627476262	-0.029965747400000006	0.0869352987	-0.071533919	-0.0693134904	0.17282003399999998	-0.08535142470000001	0.0212080784	0.052400543099999995	0.0894140103	0.0746604902	-0.10616863929999999	-0.061031672599999996	-0.0943361358	-0.1579231025	0.0499362664	0.0447341877	0.0599728967	0.0787474477	0.0679240797	0.08846574310000001	0.0081683226	-0.052498942800000004	-0.0205011713	0.0220392791	-0.0077973805	-0.0499779134	-0.0104845828	-0.0417626688	-0.0876345609	0.0842204494	0.1184982708	-0.0510864405	0.037682539300000005	0.0286270382	0.0478152021	0.12779533140000002	-0.1744522807	-0.011270718600000002	-0.0168089261	0.09855550029999999	-0.0636012682	-0.050686317800000005	-0.0754118608	0.0945657345	-0.07653234490000001	0.0033965658	-0.0112970432	0.0688539526	0.0139889115	-0.0233889734	-0.0195319186	0.0520310911	0.0953098108	-0.0836585611	-0.0218729866	0.1269953392	-0.0807867225	-0.0562047675	0.0441828987	0.12362601029999999	-0.0490204298	0.08977778269999999	-0.0868093787	-0.0489598671	0.24185662730000002	-0.0830524658	-0.1253019174	0.1000872692	-0.054657675700000005	-0.0824848924	0.0057706734	0.0588854708	0.0259095573	0.066349223	-0.0322909646	0.04662273980000002	-0.043766636100000006	0.17807402190000002	0.1436513677	-0.1163133709	0.0719098796	-0.0816687431	-0.2319729613	-0.0341329173	-0.11687518359999999	0.04742538809999999	-0.048680698499999994	0.1001795403	-0.1775371759	-0.0214101354	-0.08545578050000001	-0.0008232262	0.016648514099999998	-0.09384184300000001	-0.024612648199999997	-0.0550695053	0.0078197111	0.033854664	-0.017009535200000002	0.050507769800000005	0.056210229	-0.11155045960000001	-0.07473165309999999	-0.0866131815	0.021042296800000002	-0.1296695123	0.08736897560000001	0.055039604900000004	-0.030241590699999998	-0.0599548363	-0.16442361449999998	0.0116008078	0.0732348928	-0.0086516062	-0.1562159625	-0.0358376975	1.88001e-05	-0.06826018589999999	-0.02758754	0.07804449769999999	-0.09484661230000001	-0.1232375627	-0.068205614	-0.1194280685	0.0009624874000000001	0.010543403	0.015279376	0.0895208381	-0.0993613351	0.0866489473	0.10740324789999996	0.0940228958	-0.0933664322	-0.0732259109	-0.149424914	-0.07312950780000001	0.0277960204	0.18846832789999998	0.0154192158	0.10309189029999999	-0.0687806187	0.0177830044	0.1162725711	-0.0054975698	-0.047622326799999996	0.0085268145	-0.0708355583	0.08773844119999999	-0.105021346	-0.2079602306	-0.0838124557	-0.25419275210000003	0.0683393646	-0.007315218199999998	-0.17134017629999998	-0.0174470378	0.002530447	0.0624944259	0.0249602095	0.0917938951	0.1025862884	0.0976270918	0.0895385782	0.0	0.0	0.0	0.0	0.231694	0.2440219	0.053682109636000015	0.059546687679610015	0.0947979	-0.037268100000000026	0.008986641844409999	0.0013889112776100019	-8.307279999999998e-05	-0.0003886288	1.5103234418943998e-07	6.9010900998399975e-09	-0.0	0.0	0.0	0.0	0.0	0.0	0.0	0.0	0.0	0.0	0.0
8310.95136821065	2.7629325354955654	7.633796195699952	69071912.64476247	10092.395539252137	-6.133730529625609	37.62265021006125	101856447.72071645	6289.549128279132	0.19556003574325587	0.03824372757990351	39558428.23703679	6608.609106365904	9064.64412426965	1.058725	46.549488	0.11448266	0.10595999999999997	0.0890298217	-0.08832766019999999	-0.0475678766	0.0056571236	0.08700830130000001	0.06726129	-0.060896484699999996	0.0159001211	-0.0644153395	0.0054492949	-0.11008097380000001	-0.0724191045	0.1301150147	-0.061441322	-0.0168033873	-0.0412779726	-0.0528866608	-0.0868894065	-0.1351054182	-0.10209593289999999	0.0136963148	0.2142573094	-0.0747167874	-0.09373239380000001	-0.0571518376	0.0479340921	0.0251315732	0.07103246440000001	0.0669076171	0.1596886685	-0.0766180893	-0.009630827199999999	0.0257254729	0.075395696	0.1399995111	0.1351604135	0.0201228868	-0.0115418923	-0.120000723	0.0795243881	-0.0612489566	0.1055893581	0.00010761809999999999	0.0224003957	-0.10711541949999999	0.0001294419	0.0028660352000000004	-0.06038608440000001	-0.051689470999999994	0.0026488528999999996	0.0432961556	0.0941267294	0.0531620386	0.1195683878	-0.08424600130000001	-0.0216733548	0.11055683570000001	0.0267138044	-0.0491581363	-0.0720417711	-0.0054530431999999995	0.0548725329	-0.2119626943	-0.1503548479	-0.057907275999999994	0.018692422900000002	-0.0644468808	-0.0638183951	0.10659990050000001	-0.0441785503	-0.20927118190000002	-0.0248524119	-0.1012022287	0.1174675878	0.18420794059999998	0.0076381553	-0.0860604252	0.0403619654	0.1982470227	0.080354421	0.054994157	-0.0229296679	0.0175168532	0.1662033449	-0.0415533325	-0.0196480716	-0.0875021257	0.0402045529	0.0901695363	0.10063564539999999	0.0064899649	-0.0248194191	-0.0869383376	0.034482818	-0.035724617	0.0742478554	0.0279497164	0.0372939807	0.12497546470000001	0.0574947351	0.0375989689	0.0687842823	-0.13143175210000002	0.0304451898	0.051950076399999996	0.0431133972	-0.09026141509999999	-0.0611448618	0.1042382202	-0.0214586765	-0.0931500333	-0.0055156641000000005	0.051282435999999994	0.047592616799999994	0.0838551694	0.0921639458	0.047342410300000005	-0.0077721666000000016	0.0825846468	0.1498882882	0.034683695	-0.0387198938	0.0662625651	-0.08630291970000001	0.0684084392	-0.011093313799999999	-0.07469741860000001	0.086041979	-0.1094912253	-0.08247153809999999	0.0974897955	-0.006831621899999999	0.013436944	0.1185295024	-0.0443179049	0.0009349655999999999	0.0364287851	0.0732471053	-0.141541239	0.045408088099999994	0.0365450357	-0.144482958	-0.0024832319	-0.09532225039999999	-0.031121521200000002	0.05425359440000002	0.05971581860000001	-0.0640874556	0.0610437654	0.0066379866000000004	0.0892082967	-0.1463394551	-0.1831054657	-0.0445164488	0.1763792894	-0.09629821279999999	-0.2076451014	-0.045041274900000004	-0.0009335913	-0.1113630399	0.1406898053	-0.2063073829	0.036841198900000004	0.0289175777	0.0259327215	-0.0083412382	0.0541310477	0.07398883049999999	-0.1019061021	0.102780571	0.0646525063	-0.0903604491	-0.15941492710000002	-0.0851838639	-0.033531023199999996	-0.0456567708	-0.06040815400000001	-0.0161719153	0.0733991676	0.0096281879	0.0574766142	-0.0393394263	0.01145241	0.0781125061	-0.0882209153	0.038132176000000004	0.0145802069	-0.01857759	0.1025605784	0.0921393575	0.0602482261	0.11995452289999999	0.0015172745	0.0397088054	0.0687242126	0.102253934	0.09632109970000001	0.08668669949999999	0.0	0.0	0.0	0.0	0.126114	-0.10558	0.015904740996000002	0.011147136400000002	0.09872570000000004	0.003927800000000051	0.009746763840490008	1.54276128400004e-05	-0.00018257	-9.949720000000004e-05	9.899692807840005e-09	3.33318049e-08	-0.0	0.0	0.0	0.0	0.0	0.0	0.0	0.0	0.0	0.0	0.0
8300.195458191756	-10.7559100188937	115.6896003345379	68893244.64418706	10083.032335811518	-9.363203440618236	87.66957867040516	101667541.08502068	6286.755752572388	-2.793375706743973	7.8029478390273885	39523297.89250201	6608.3946826819665	9119.09929294536	0.917079	40.32169	0.11469845	0.0924309	0.052008827	-0.0978789709	-0.0182787492	0.0045454475	0.0809284485	0.0691829158	-0.038393090299999995	-0.0062594428	-0.0153088877	-0.0220311978	-0.0933696655	-0.08299263379999999	-0.0101280493	-0.0728639954	0.0622805371	0.0158800151	0.0634932674	-0.01587679	-0.1266835098	-0.0208265078	-0.0211825019	0.0300504568	0.0416811676	0.0748310771	-0.0579430661	0.0022869484	-0.019121702	-0.11162972060000001	-0.004532196	-0.011460183999999998	0.11927672730000001	0.12267822630000001	0.0141084402	0.0119680956	-0.0600264046	0.0175992322	-0.0659916207	0.1213713599	0.0321603283	-0.0746336031	0.0989841891	0.0324241362	0.0019525804000000001	0.046572545199999996	-0.042226857300000004	-0.10297942550000001	0.023058142599999998	-0.0274199948	-0.0197561827	0.027700849700000002	0.0193730949	0.049666258	0.0539052661	0.0408016726	0.0366261003	-0.0739203709	0.0963383498	-0.001741245	-0.036700231	-0.09486548300000001	-0.0046676334	0.0189399292	-0.080644628	0.031097877799999996	-0.0045280989	0.030817738900000002	0.1442034237	-0.0884540035	-0.0657851428	0.039741759700000004	-0.0434102866	-0.0883712087	-0.05456992980000002	-0.0412603941	-0.046338480300000005	-0.0334288254	0.0901073187	-0.13319732609999999	0.05057861190000002	0.1594940858	0.0839503054	0.0745398007	-0.028870474900000002	-0.0516946838	-0.0282412054	-0.06246898150000001	-0.11724234019999999	0.1210744765	-0.046445611399999996	0.046904521	-0.1251787408	-0.1065308002	0.049354142000000004	0.04660306349999999	0.11225037369999999	0.11103981460000001	-0.0041545196999999996	-0.0087328227	-0.007215340400000002	-0.028383585899999998	-0.0119847948	-0.0842062062	-0.0812188539	-0.0760197064	0.0773391635	0.0126408895	0.17954956589999999	-0.1058923291	-0.037444232599999995	-0.0142466785	0.0436637508	0.0730963305	0.1019339769	-0.045619296100000005	0.052231291	-0.0187819223	-0.0918600048	-0.0662574455	0.041959784400000005	-0.09627045470000001	0.0540538918	-0.1200327872	0.0447668888	-0.0387264798	0.0538722902	-0.056458107699999996	-0.0041522445	0.055081262400000004	-0.07299759730000001	0.0095472332	0.0530499829	0.039494560899999996	-0.0074558617	0.0612796137	-0.08893766380000001	0.0452390811	-0.0044022846000000004	0.0105864493	-0.0436287868	-0.1108309086	-0.027371184399999998	-0.0456671872	0.0493040425	0.06785024349999999	-0.0695781962	-0.0011859217	0.0920291082	0.0236579515	0.155362175	-0.1472295658	-0.0857418372	-0.08151942969999999	0.15881757470000002	0.0418832498	0.1526731916	-0.0030869631	0.0371843483	0.1102310227	-0.0261253558	0.0505448329	0.07709633169999999	-0.0033749115999999997	0.1616779438	0.23087146190000002	0.0043761353	-0.005500576899999999	0.08493408050000001	-0.0061636943000000005	0.0729863424	-0.0507984603	-0.0133778669	-0.0011071083	0.0324357729	0.0036761110999999997	-0.0747960123	-0.067276837	-0.0544138466	-0.050470444100000005	-0.060302374299999996	-0.0614638453	-0.1282036933	0.009167177	0.052964957699999995	0.09503890050000001	0.1042763317	0.12885480900000001	-0.0788092578	0.025123872400000004	0.030196968799999998	-0.1022572927	-0.0974658741	0.034176697	-0.0760251013	0.059776643899999996	0.0627430429	0.1018917716	0.09490280150000001	0.0836074347	0.0	0.0	0.0	0.0	0.0354458	-0.0906682	0.00125640473764	0.008220722491240002	0.09621420000000004	-0.0025115	0.009257172281640007	6.30763225e-06	0.000247805	0.000430375	1.85222640625e-07	6.140731802499997e-08	-0.0	0.0	0.0	0.0	0.0	0.0	0.0	0.0	0.0	0.0	0.0
8268.389241297858	-31.80621689389773	1011.6354331016652	68366260.64561017	10070.844515676894	-12.187820134624415	148.54295963395634	101421909.25893936	6295.063704018216	8.307951445828621	69.02205722624588	39627827.037647545	6620.093104076555	9150.071722911634	1.191008	52.365673	0.07557362	0.0497418	-0.0802017303	-0.0900030426	-0.08069277009999999	0.10721752609999999	-0.013121420600000001	0.0707685869	0.09563862320000001	0.0223109654	-0.1297566826	-0.0783841539	0.0212363237	-0.0485568454	-0.022160836899999998	-0.2308402745	-0.0283158946	0.1373328718	0.1589436365	-0.08927304550000001	0.0621457962	0.1088550732	0.0240390284	0.007440134799999999	-0.0096882284	0.0354383869	0.0617911654	0.048322327400000004	0.045620408200000004	-0.0361367862	0.15856671449999998	-0.15799573960000002	0.1201484522	0.060955380199999985	-0.02535611	-0.0436674253	0.0158718272	0.016834409499999998	-0.020767161200000002	0.0979130117	-0.0432477183	0.0776951857	-0.014529646499999996	0.1219496593	-0.1731815357	0.0269074327	0.0655027124	-0.0571590659	0.022611348	0.1044224046	-0.044528494	-0.0646970516	0.031821501099999996	0.1529633143	-0.0913090902	-0.0349349544	0.1379734303	0.06046868070000001	-0.035441565099999996	0.1004841816	-0.1072922523	-0.032212175499999995	-0.057787398399999995	0.0043370864000000005	-0.1116641127	-0.1391466482	-0.06619669639999999	-0.060024098399999996	-0.0220135992	-0.0245898788	0.05471378440000002	0.0026836194	0.0845879233	-0.026928063999999998	0.0033972128000000004	-0.0351630822	0.1425511445	0.019781382900000002	-0.035052524700000004	-0.0037481890000000003	0.0456323516	-0.0818960859	-0.0228475749	0.0219995458	0.0709784967	0.050569240599999996	-0.013410188	-0.0134604158	-0.036182115099999995	-0.107844975	0.037572763599999996	-0.0762754429	-0.1286285365	0.018748594599999998	0.0512751535	0.1153760361	-0.055208178399999995	0.1364054777	0.0434442734	0.1916500079	0.1073431178	0.0204014091	0.0568206535	0.030701130099999998	0.0124342777	0.0593465846	0.0016015118	0.0197382266	-0.010062274599999999	0.0680168954	-0.0739126392	0.0156839893	0.006610601	0.07451875	0.013066230500000001	-0.0191868472	-0.006840371800000001	-0.1586101425	0.014678358	-0.0221957685	-0.0177854439	-0.057279087	0.036699254	0.10164572220000001	-0.1091862638	-0.0615656193	0.045244395	0.0359407366	0.0065597003000000004	0.1370423923	0.0695364238	-0.028251025699999998	0.033648963999999996	0.1713610837	0.213425005	-0.0276337033	0.0328356535	0.0161715916	-0.0419210125	0.0357295573	-0.0700864502	0.017518391	0.053111467999999995	-0.0648149755	0.0501663458	0.0032499242	-0.0844610837	-0.057846361799999996	0.0391402913	-0.0947520819	-0.0373232707	-0.0073718592000000015	-0.0727766335	-0.0433240292	-0.0313316415	0.0482207279	0.0446522861	-0.0498669483	-0.0755995061	-0.0549345966	-0.0756119491	0.005238548	-0.0883568485	0.0632208294	0.07972659	0.0035434019	0.0071591262	-0.0483944463	-0.0953051445	0.1636322372	0.0127416205	-0.0121632692	0.13152607	-0.0732906886	-0.031019163500000002	-0.014875073	-0.0436348924	-0.1071189583	-0.043188254	-0.05179146	-0.1532036234	0.0792812005	0.17042691129999998	0.0767932979	-0.1282981801	0.039748437000000005	0.010678147800000001	-0.0171381218	0.053315287999999995	-0.0384959704	0.008114416999999999	-0.0707713597	-0.063916026	0.0640096767	-0.0211124405	-0.053002340999999994	0.0175526335	0.1014999067	0.0933738509	0.0803088607	0.0	0.0	0.0	0.0	-0.00342827	-0.03887407	1.1753035192900004e-05	0.0015111933183648998	0.126567	0.030352799999999968	0.016019205489000002	0.0009212924678399984	0.00037474	0.000126935	1.6112494225e-08	1.404300676e-07	-0.0	0.0	0.0	0.0	0.0	0.0	0.0	0.0	0.0	0.0	0.0
8248.670184449536	-19.719056848322	388.8412029873547	68040559.81182675	10096.505756223163	25.66124054626925	658.4992663734932	101939428.48544748	6284.846334112321	-10.217369905895794	104.39464779390501	39499293.44340508	6609.9124317022815	8995.96212537109	1.1511380000000002	50.612667	0.05219897000000001	0.0384202	0.0109107452	0.020578276200000002	0.003078209	0.1280775523	-0.0345831354	0.0416534633	-0.007264865	-0.0987074595	0.0079885263	-0.0227164277	0.11159984279999999	-0.0920111607	-0.0349839002	0.0916063899	0.0509339889	0.0685124417	-0.081905327	-0.11174504	0.08561673800000001	0.0976340169	-0.2058882843	-0.12973205029999998	-0.1288690399	-0.105595916	-0.013263191799999999	0.1044228887	0.0431904234	-0.0006026359	-0.09958842	-0.0938255233	0.0593511125	0.0203163835	-0.0545888358	0.0163368111	0.096356815	-0.0368342765	-0.0758293829	-0.0226852321	0.07191868629999999	-0.0475770051	0.055062093099999994	0.0601410284	0.032865749900000005	0.011319486399999999	-0.15088347300000002	0.0156254565	0.07769992719999999	0.005938490699999999	-0.0029407776	-0.1015822104	-0.106302757	0.0122088271	0.1678408656	-0.0332764025	-0.0094277056	-0.1245369139	-0.030481777999999998	0.0207802939	0.09473935609999999	0.1911440818	-0.1599320605	-0.1570278397	0.0278130806	0.0127125577	-0.0628464404	0.0788277639	0.0609375016	-0.0077375599	0.0940324969	-0.0692416308	-0.0086309718	0.130676842	0.1516437783	0.0098619736	-0.0709860665	-0.0445454134	-0.057143959	0.0715840455	0.0701409446	0.0665673606	-0.006996845600000001	0.12387825599999999	-0.0366991491	-0.0957695083	0.0064313568	0.1189857984	0.0653170362	0.0339338951	-0.0208001493	0.022525192000000003	0.0390887262	0.0670368325	-0.0239819787	0.023598768	-0.0935835395	0.015098941000000001	0.10195580439999999	-0.0169175292	0.0216972807	0.0714850749	0.0707425743	-0.049450159199999996	-0.0025860207	0.1011243011	0.11239010070000001	0.0177658427	-0.1260996862	-0.0221545436	-0.1357081581	-0.0325149006	-0.0143541622	0.0055977588	0.0678357613	0.07335787049999999	-0.037089599300000005	0.0234399822	-0.0879099359	0.0945239209	0.09172980189999999	0.12610765699999998	0.0539105721	0.024544296099999998	0.0111009397	-0.0012221636	0.0149257114	0.0212414596	0.1955248866	0.04552529809999999	-0.0351512529	0.07501917400000001	-0.024789226	0.08669426460000001	-0.1367418672	-0.0398999349	-0.0222816986	0.0005421832	-0.1094697652	-0.1911231849	0.1331313285	0.0522863592	0.1194700031	-0.0994902032	0.0669012237	-0.0107181104	0.1593573285	0.029155122400000007	0.027382796400000003	-0.047919547800000004	0.0034417472	0.0021070185999999998	-0.0322942981	-0.07537037719999999	-0.045793101100000004	0.054093660099999996	0.0688070267	-0.0384485456	0.0393838083	0.0126164673	-0.0015535271	0.1511433591	-0.0540852771	-0.062293885800000004	-0.0986877592	-0.07731148480000001	-0.1038266322	-0.0276981582	-0.0066424701	0.0587815532	-0.1273588765	-0.0975618318	0.044743995599999996	-0.1422957892	0.0933069186	-0.0131937583	0.051929662599999996	0.0176716391	0.0763060629	0.0059064713000000005	0.10734860800000001	-0.0956006924	-0.026832689500000003	0.06916784299999999	0.0512892136	0.0374007222	0.0496905888	-0.09462867800000001	-0.042090928099999994	-0.1951242248	0.0351908988	0.0818222981	-0.0627981765	-0.06291846150000001	-0.0876528182	0.0516947346	-0.0834109156	0.10107845359999999	0.09173603050000001	0.0767996302	0.0	0.0	0.0	0.0	0.0133858	0.01681407	0.00017917964163999996	0.0002827129499649	0.0920049	-0.03456210000000001	0.00846490162401	0.0011945387564100008	0.000391196	1.645599999999998e-05	2.7079993599999933e-10	1.5303431041599993e-07	-0.0	0.0	0.0	0.0	0.0	0.0	0.0	0.0	0.0	0.0	0.0
8241.236171911136	-7.434012538400567	55.26454242109683	67917973.64121652	10107.657081012418	11.151324789254431	124.3520445554404	102164731.66734049	6277.9930064699865	-6.8533276423340785	46.96809977318039	39413196.18928606	6601.1479886789475	8799.467766688524	1.001509	44.033867	0.07365765999999999	0.0415779	0.0277344633	0.0800292883	0.0326015794	-0.0827883488	-0.0451224361	0.049733974199999996	-0.0302985175	-0.0361169823	0.1185716217	0.0510894225	-0.0450253669	0.0191163163	-0.1078447685	0.0301933672	0.0431272237	0.0072085179	0.0588371943	-0.0660530091	0.043885838600000004	0.0672117762	-0.0063189475	0.1177293182	-0.0479342346	-0.10243872650000001	-0.0349146709	-0.0090150764	-0.060209224900000004	0.051435246399999995	0.21037328739999997	-0.1543425017	0.08231174299999999	0.073977573	0.1061862826	0.0546804966	0.0264628079	0.0113975577	0.028411125	-0.014853246	-0.103719668	0.0777185048	0.1393175325	-0.1797092716	0.1092840918	-0.1073240001	-0.0013412168	-0.0657778588	-0.07571213519999999	-0.036795156600000004	0.0516758289	-0.0106862197	0.060262637	-0.0619447462	0.034085616	0.0140199271	0.0787814308	-0.05144842980000002	-0.07260394190000001	0.0479676786	0.1005237923	-0.0716061511	0.0808402491	-0.0066942892	0.0125684447	0.0705474765	0.0037829898	0.032360592599999995	-0.0707229484	0.0956389923	-0.0708716617	0.0803533844	0.032756940400000004	0.0330504913	0.08791564310000001	-0.0039170328	-0.0081147237	0.0431367959	-0.1239427343	-0.13997054650000001	-0.1368178408	-0.0368741859	-0.022385713300000002	0.085384956	0.0034936985999999997	0.0532251446	0.0813376555	0.0066890162	0.0095675438	0.0227035215	0.0379592288	-0.05191551230000002	0.006558497	0.059000206799999996	0.0342733738	0.0094539024	-0.0325995814	0.0327809238	0.0387515856	0.032205565400000004	0.051411548200000004	0.18262507690000002	0.0490569857	0.0281362576	-0.1672449266	-0.05334441	0.0828550795	0.1059645285	0.0002785809	0.0899743834	-0.0569533977	-0.0015510223	0.1534475015	0.069704457	-0.0508821113	0.10833310869999999	-0.116426937	0.10487700960000004	-0.0964827792	0.0784524025	0.0487540264	-0.0765223093	0.0042306609000000005	0.013690128400000001	0.052073147599999994	0.0122827463	0.0751886154	-0.0188414319	0.0291956739	-0.0936435187	-0.0385508159	0.0881911365	-0.0641016241	0.0446152837	0.004410395300000001	-0.0413014007	-0.0878302083	0.0251477406	-0.0402883312	0.1286595901	0.0114020015	0.0401734523	0.0118416967	0.07389747690000001	0.020041281499999997	0.0734811519	0.0942915993	-0.12063758990000001	-0.0461396691	-0.17232421239999998	0.1033816781	0.004041379	0.0219600334	0.043978806100000004	0.0809163137	-0.1508105418	-0.0937645642	-0.0926462569	0.1061199016	-0.1610614245	-0.042291965300000005	-0.0024693804	-0.0191691731	0.0144143446	-0.0532610674	-0.0030668046999999996	-0.0237539423	-0.0604759995	0.0388747153	0.0611592857	-0.1031478327	-0.0536260955	0.0621782867	-0.0020395708	-0.0060332427	0.026232683700000002	0.056516576900000004	-0.070990442	-0.0209980375	0.029149417799999997	-0.028569325299999997	-0.0133592922	-0.0915418576	0.1192901602	-0.015167924199999997	0.0781892925	0.0091440541	0.0142935332	-0.0585344603	-0.0335668921	-0.10465782109999999	-0.1033762528	0.0426046361	-0.075339692	0.1433329854	-0.026620081	-0.0202289733	0.100627535	0.0899912501	0.0730889481	0.00683996	0.00683996	4.67850528016e-05	4.67850528016e-05	0.0450696	0.0316838	0.0020312688441599994	0.0010038631824400002	0.0894837	-0.0025212000000000012	0.008007332565689999	6.356449440000006e-06	0.000361604	-2.9591999999999946e-05	8.756864639999967e-10	1.30757452816e-07	0.000506819	0.000506819	2.5686549876100005e-07	2.5686549876100005e-07	0.000115843	0.000115843	1.3419600649e-08	1.3419600649e-08	0.0	0.0	0.0
8233.956353994772	-7.279817916363754	52.995748895410706	67798037.23949088	10080.513954680695	-27.14312633172267	736.7493070598566	101616761.59051225	6276.845429631494	-1.1475768384925686	1.3169326002445991	39398788.547485776	6603.09134100301	8820.786680420844	1.110226	48.813889	0.09771504	0.0620399	-0.08886564539999997	0.057771139299999996	-0.0387026065	-0.052201708099999994	0.0430299492	0.0824727718	0.074857838	0.0697591455	0.047218091399999995	-0.0506961113	-0.0628112847	0.047381011699999996	-0.009891981999999999	-0.042365932300000006	0.0025057012	-0.0838302028	-0.1469493742	0.0035686329	-0.0679998758	0.0298737611	-0.0567675187	-0.054974346699999996	-0.0246389827	0.0050686874	0.04047723	-0.0426071053	-0.0587016929	0.15394557039999998	-0.028818328100000002	0.0679112314	-0.0333552705	0.1440997634	0.0781242872	0.1749361645	0.1356510369	-0.01084818	-0.0048451336999999995	-0.0157648936	0.011956401699999999	-0.0970762755	-0.1494687188	-0.0818532484	0.0381335502	-0.1365713961	0.025458016400000002	0.0991998591	0.0110608303	0.0789506962	-0.0052350504999999995	0.0976835476	0.041170137	0.031740029700000005	0.0138940192	-0.048393537800000004	-0.090442232	0.0818344511	-0.0404924156	0.1264634529	0.09755996189999999	0.0090506675	-0.06464752	0.0705818908	-0.0158978045	-0.11814262810000001	0.10153549349999999	0.051383289699999994	-0.049407594000000006	-0.0394155582	-0.0254391948	-0.18350284449999998	0.0628797958	0.11022332509999999	-0.0095660908	0.087119692	0.012643839099999998	-0.056338791900000004	0.0938896448	-0.05331469	-0.0479705345	-0.014070914399999999	0.09929121140000001	0.049641612300000006	-0.1632872198	0.0809733411	0.08365808200000001	-0.08236410849999999	0.0144390481	0.036371554300000004	-0.0896952251	0.1391644648	-0.0102323464	0.0216608437	-0.1167476581	0.0188635982	-0.0663636248	-0.0259022723	-0.0333581534	0.096786286	0.019274728799999998	-0.0086910512	0.0028718921999999997	0.0084833398	0.2019969392000001	-0.134833594	0.025095540299999997	0.0749009326	-0.032741836600000004	-0.0316072794	0.023903572	-0.0794486997	-0.0632670137	0.1099813419	-0.11078380550000001	0.1089219332	-0.0344962541	0.021163028700000003	0.0095995039	0.058473369299999994	0.025962882000000003	-0.2049304198	0.09311822789999999	0.0299116358	-0.08025215179999999	-0.0323709103	0.036191543	-0.1197986739	-0.0161593834	0.021448534900000003	0.0840719848	-0.0239244531	0.0244898945	-0.04773128769999999	-0.0038959876000000003	-0.0733795625	0.0452139664	-0.0565204163	-0.0793483327	-0.010087889499999999	0.0444403231	0.0730677721	-0.0389822231	-0.1475106139	-0.0793753802	-0.09163580560000001	0.11510525519999999	-0.045933264	-0.1585236161	-0.1198706417	0.0698844411	-0.0663001563	0.1045383948	0.0727599296	-0.0464087304	0.1171403401	0.014915233600000001	0.16144868199999998	0.0697532526	0.0368554823	-0.06946085240000001	-0.15962447800000001	0.14124111539999998	-0.0567539841	0.050148599	-0.0739055993	-0.1002897849	0.08517248	0.0691996171	0.0741893082	-0.11311445769999999	0.0137250274	0.0173704231	-0.0191491254	0.0464569381	-0.026089314	-0.0732367826	0.050088739900000005	0.0714674488	-0.014714281999999999	-0.11116146810000001	-0.0411389394	-0.058424079500000003	0.0559186456	0.027876414500000002	0.0335550844	0.0895529442	0.0317502843	-0.044129344699999996	0.06297447190000001	0.0647104131	-0.0478434083	0.061930515400000004	-0.0288622885	0.040780265499999996	-0.1102438859	0.0361333154	0.1001472826	0.08814154390000001	0.06918654769999999	0.00664592	-0.00019404000000000039	3.765152160000014e-08	4.41682526464e-05	-0.00787788	-0.052947479999999984	6.20609932944e-05	0.002803435638350399	0.120933	0.0314493	0.014624790489	0.00098905847049	0.000447639	8.603499999999999e-05	7.402021224999997e-09	2.00380674321e-07	0.000385257	-0.00012156200000000007	1.4842295604899996e-07	1.4777319844000021e-08	6.09556e-05	-5.4887399999999985e-05	3.715585171360001e-09	3.0126266787599986e-09	0.0	0.0	0.0
8237.739279969268	3.782925974495811	14.31052892851508	67860348.4447486	10074.184014802302	-6.329939878392906	40.0681388640688	101489183.56409822	6270.708569933763	-6.13685969773087	37.66104694963342	39321785.96904074	6594.564625239809	8751.50790475392	1.1080390000000002	48.717709	0.09921677500000002	0.0492177	0.0149129491	0.0888578645	0.0549771745	0.0711324808	0.1067945458	0.05332068349999999	-0.0413512083	-0.0829719739	0.0035689992	-0.14867343019999998	-0.019405013	0.0158493478	0.013854388600000002	0.044383846100000006	-0.0521313375	0.087949471	-0.002019166	-0.1034636998	0.0207498947	0.008150673399999999	0.09051798550000001	0.11018908179999999	0.0740243549	-0.11102528199999999	0.0380604618	0.08513071359999999	0.08119410349999999	0.0522380726	-0.0177424569	-0.0418100468	-0.0016252382999999999	0.0013520776000000001	-0.0337801169	-0.0515913979	-0.047915441399999995	-0.0208657168	-0.10772096119999999	-0.0409365123	-0.0164405487	0.0418499085	-0.0121206852	0.0774538932	0.062960698	0.06161283820000001	-0.037402782	-0.0161024435	0.0183120619	-0.017689599099999998	0.0385090566	0.048478117800000005	-0.028567578700000002	0.07004382940000001	0.005657409699999999	-0.07070277230000001	0.09502969130000001	0.0110190402	0.1185656966	0.013571738100000001	0.10950704230000001	-0.0136787124	-0.0125133668	-0.0129816631	0.04384653349999999	0.0443097175	0.0301291921	-0.056443538499999994	0.1508706879	0.1139020981	0.0333656376	-0.002801826	0.0163979997	0.059703244	0.10456181619999999	0.141945872	-0.044604055499999996	-0.08949383009999999	0.061590216600000004	-0.0230896142	-0.07413216610000001	0.0077929383	0.11755578900000001	-0.090533319	-0.0669303183	-0.042599678700000004	-0.0238708145	0.0071671862	0.0456401279	-0.1307308833	-0.0671407647	0.0161595028	0.022867472799999997	-0.0473963814	0.10804234300000001	0.0999836677	0.0941700941	0.10181781050000001	0.055576832699999995	-0.0064209675	0.0340104084	-0.10033691609999999	0.0047747458	0.0361679699	-0.055163072800000004	-0.161743306	0.08937648960000001	0.10694455859999999	-0.015718921599999998	-0.286323917	0.1085476951	-0.0744370071	-0.0413438779	-0.0138822505	-0.0089841752	0.0951189249	0.0211700335	0.0729398401	0.0817450395	0.0258860029	-0.07771560799999999	0.0829501133	0.0692712835	-0.0419825512	0.0389760249	0.031973047000000004	0.033131823399999996	-0.0824219496	0.0372120338	0.0784690405	0.047452111500000005	0.0633970091	-0.1086038017	-0.10109260279999999	0.0448890361	0.0377586002	-0.1272614375	0.0627200566	-0.0421751877	0.014447513700000001	0.0762311678	-0.1109148999	0.08250199009999999	-0.1329752542	-0.054212139000000006	0.1606252615	0.1352308248	-0.0365591644	0.0032845543	0.052065937699999995	0.0063184342000000004	-0.0779260782	0.0009248327999999999	-0.0323458749	-0.0473983241	0.0437178036	0.0009768160000000001	0.0234357767	0.023459389900000002	-0.0047936496999999995	0.0344448425	0.0637476515	0.0300492067	-0.0383506794	-0.0471632171	-0.029351310699999997	0.0659790172	-0.0253569152	-0.020109648	0.0492376918	0.0817445506	-0.026052472200000003	0.0960949817	-0.013978952900000001	0.08264546769999999	0.0470872689	-0.2522586356	0.012560168799999999	0.0449802084	0.0046116857	-0.061549240199999994	-0.0918495876	-0.160406303	-0.0060351518	0.1343245469	-0.1205879894	-0.0965749779	0.1622406054	0.0871139466	0.06677542709999999	0.008789010600000001	0.0676508358	0.07202291429999999	0.0561004634	-0.0255864147	0.0448612415	-0.0143024069	0.09963783609999999	0.0861890685	0.0651026654	0.0169413	0.01029538	0.0001059948493444	0.00028700764569	0.0235731	0.03145098	0.00055569104361	0.0009891641429604003	0.0915334	-0.0293996	0.00837836331556	0.0008643364801599999	0.000545794	9.815500000000004e-05	9.63440402500001e-09	2.978910904360001e-07	0.000808001	0.00042274400000000007	6.528656160010002e-07	1.7871248953600003e-07	2.04383e-05	-4.05173e-05	4.1772410689e-10	1.6416515992900002e-09	0.0	0.0	0.0
8251.82351468409	14.084234714822744	198.36566750221803	68092591.3174933	10095.955557558766	21.77154275646353	474.0000739965197	101928318.62020172	6272.292904065331	1.5843341315676298	2.510114640450156	39341658.2743883	6595.859528683728	8652.165829124564	0.993315	43.67358400000001	0.02802114	0.016440200000000002	0.0182668174	0.0752116136	0.0916722808	0.049591038	-0.0799186833	0.0453628979	-0.0240704671	-0.1477167559	-0.070057682	0.051565197199999996	0.0177378829	-0.015005994	-0.043559079699999996	0.15695756619999998	-0.041597282	-0.07265518230000001	-0.015563413	-0.0084776337	0.0402272171	0.030175	0.0061683098	-0.12077249039999999	0.0023674827	-0.0961033078	-0.0339799258	0.0242316021	0.0426693779	0.0765831283	-0.0254313586	-0.007370254699999999	0.033640359	0.1063399242	0.0826144225	0.10392161359999999	-0.09500506619999999	0.0382363665	-0.053919849699999994	-0.1695182871	0.0412419038	-0.0733633604	-0.014569251200000001	0.1449028256	-0.0059191231000000006	-0.14011727599999999	0.06859982719999999	0.0904260792	0.1124676791	-0.028843368799999998	0.0782346998	-0.126763576	0.05689877240000001	0.0153976527	0.0009769636	0.0878391395	-0.05198399980000002	0.024212364500000003	0.09005817699999999	-0.0370726352	0.092612199	0.1185933665	0.061520022599999995	0.0215409508	0.0228082008	-0.0425305329	0.1282555123	-0.0160517	-0.0530278642	0.058089787999999996	-0.0682574079	0.1872087316	0.0036373759000000003	-0.0012358347	0.1541288469	0.0047169962	0.0762848725	0.0978666846	-0.0655574484	-0.0764912956	-0.0870314658	-0.0403028082	-0.1041668599	0.0985379247	0.015562595700000001	-0.1199800801	-0.0457727546	0.0191939395	0.10998669859999999	-0.0138246761	0.08941243	0.0110746366	-0.0683092886	-0.1850760165	0.1469809685	-0.2134959243	0.0752373501	-0.0577557224	-0.116978943	-0.0204287754	-0.0157867062	0.0087991035	-0.15509674769999998	-0.0272750244	0.069472152	0.0128135459	0.075461933	0.0520850126	-0.0197735817	-0.06279209940000001	-0.0736472079	-0.1135402775	-0.057451245199999994	0.0261683138	0.1088656927	-0.0700088165	-0.058133229	0.083024501	-0.05750233990000001	-0.031612488	-0.0071122486	0.0588425435	-0.0522610691	0.0756145726	0.0404519417	0.028581646000000002	0.1210669566	0.1049079851	0.0070533887	0.0348488407	-0.0207758495	-0.0111098917	-0.0768577104	-0.1094087503	-0.0645174072	0.0245344652	0.0003249616	0.0277481995	-0.0668306803	-0.0816649329	0.0888910772	0.0893737466	-0.013065448600000001	0.0352031581	-0.0622862513	0.1688804933	-0.015285376699999999	-0.031839035	-0.1789232595	-0.01119071	0.0772072053	0.0538113858	-0.0497171515	-0.0565559022	-0.0094070536	-0.1798228846	0.024851288500000002	-0.078339432	-0.0008707002	0.052138682199999994	-0.08881040470000001	0.058296357800000004	-0.0564676643	0.0754859429	-0.0001530303	0.0312272827	-0.0485198305	0.048161015300000005	-0.0179679596	-0.18491544899999998	0.0781264454	0.1985402824	0.1673230358	0.0952774071	0.0646165291	-0.0599758795	0.061105739900000004	-0.029029064	-0.09066684929999999	0.0444865926	-0.0626011635	0.1436316524	-0.0731653823	-0.016648623799999998	0.0187342458	-0.1045180665	-0.0451853167	0.0521502938	0.016418041499999998	-0.061540680300000004	-0.0152206493	0.0003549593	-0.0665111344	-0.1168400465	-0.0070700813	0.0009844485000000001	-0.05274058400000002	0.0990993443	0.0841361006	0.0608480136	0.0168092	-0.00013209999999999958	1.745040999999989e-08	0.00028254920464	0.0234898	-8.330000000000143e-05	0.00055177070404	6.938890000000238e-09	0.10609	0.014556600000000003	0.0112550881	0.0002118946035600001	0.000448814	-9.698000000000004e-05	9.405120400000007e-09	2.0143400659600001e-07	0.000920166	0.000112165	8.467054675560002e-07	1.2580987225000002e-08	7.627609999999999e-05	5.583779999999999e-05	5.8180434312099995e-09	3.117859908839999e-09	0.0	0.0	0.0
8258.77949914333	6.955984459238608	48.385719797169024	68207438.81547014	10108.08965834045	12.134100781684538	147.2364017800773	102173476.54104915	6289.301453809556	17.008549744225093	289.29076440177954	39555312.77689099	6619.932260167834	8851.953493439873	1.466283	64.46880300000001	0.157299805	0.07818639999999999	-0.1567147334	0.0229160042	-0.13865514310000002	0.025267078	-0.1398740238	0.0342338796	0.1996259757	0.1140619959	-0.040098098	0.0262936496	0.147891968	0.0170224583	0.0343913744	-0.0120520041	-0.11216738539999999	-0.0685303592	-0.0663950437	0.0418012927	0.0588379471	0.0342109761	0.157434198	-0.0195066628	-0.013634356200000001	-0.0100530044	0.1486275433	-0.0825120838	0.057839665400000004	-0.0712648582	-0.0546991915	0.001751054	0.0379390852	-0.0013396971	0.025215281699999998	0.0944920899	-0.050736114400000004	0.1822532573	0.012308843799999998	0.0011306199000000001	0.0657039638	-0.06407038400000001	0.1329224913	0.0241055434	-0.0404534129	0.0131975935	-0.1455906876	0.0039836988	0.0079712129	0.1960309242	-0.09569148039999999	-0.0907117619	0.0200220602	-0.1311161546	-0.0933956038	-0.0258632698	-0.0244924719	0.0845373917	0.10855852460000001	0.0009605535	-0.14550603480000002	-0.0016030984	-0.12205074369999999	0.013910233300000002	-0.049501915199999996	-0.059026829100000004	-0.0112349147	0.0169367794	0.1103447763	0.021446390899999997	-0.096614039	0.104133524	0.0573467708	-0.0003275541	-0.0852695542	0.056171749800000004	0.045183078700000004	-0.0438121942	0.0999357358	-0.023543549100000002	-0.154890831	-0.009763719399999999	-0.100963007	0.1667948807	0.0495284892	0.0902420141	0.0172262404	0.0654515017	0.0026514883	0.006337716	-0.0781604999	0.1365818936	0.165011825	0.1101128253	-0.1094295775	0.0748843239	-0.0038769002	-0.06280750019999999	-0.025141118799999997	-0.1099465763	-0.0279377502	0.012711890900000002	0.0329876909	0.0230070583	-0.0034153469	-0.029073285499999997	-0.0937794559	-0.0649605947	0.06311184660000001	-0.07181094980000001	0.048240919900000005	-0.0523476638	-0.1127853303	-0.07015359389999999	-0.0080166948	-0.054457259	-0.015105633700000001	-0.055964010300000006	-0.0126196851	0.0382705796	0.1134680344	-0.014513159	-0.0195142544	0.020002566	-0.2068069184	-0.09399806990000001	-0.030826171200000002	0.1016164625	0.02843351	-0.0666964946	0.0886894962	-0.06704153110000001	0.0846906301	-0.026360243399999997	0.09041193089999999	0.086372928	0.0702345769	-0.0662012416	-0.0415173787	-0.0541292125	-0.0037464491	-0.012928522900000001	0.0520694622	-0.008003575	-0.0156912278	0.1702370523	-0.1069222883	-0.1178499858	-0.0173915955	-0.0189128971	0.0442645309	-0.0550412312	0.0753734101	-0.09219619189999999	0.09468719240000001	0.1179392311	-0.1467057835	-0.043542365300000004	-0.0082750549	-0.0026554124	-0.0662865704	-0.059932183	0.1398566366	0.0323374245	0.006987139200000001	-0.0891167193	-0.07128501400000001	-0.1069735883	0.0243534336	-0.1324286443	0.0341861896	-0.0101385247	-0.1513058434	-0.1202351833	-0.0694755804	-0.17401251199999998	0.058773608399999996	0.0792547437	0.0854495028	0.0399863749	0.0024824477	-0.1293213125	-0.072588629	-0.0061375291000000005	0.045917843300000004	-0.08728324539999999	-0.0346844925	0.0606028514	-0.0555283083	0.0927279859	-0.0583394067	0.057967156	-0.079297151	0.0085303085	0.0292911451	0.0323859901	-0.00012576620000000002	0.098531964	0.0819850338	0.0564337526	0.017475	0.0006658000000000012	4.4328964000000155e-07	0.00030537562500000003	-0.032989599999999994	-0.056479399999999985	0.0010883137081599996	0.003189922624359999	0.146358	0.040267999999999984	0.021420664164	0.0016215118239999988	0.000920405	0.000471591	2.22398071281e-07	8.47145364025e-07	0.000434625	-0.000485541	1.88898890625e-07	2.3575006268100005e-07	-0.000164324	-0.00024060009999999997	2.7002376976000007e-08	5.7888408120009997e-08	0.0	0.0	0.0
8272.777962695613	13.998463552283285	195.9569818246035	68438855.22006217	10109.123856745711	1.0341984052611224	1.0695663414446488	102194385.15102528	6293.031350393015	3.7298965834588667	13.91212852329813	39602243.57702933	6617.143415786206	8790.261871985165	1.532552	67.38247700000001	0.22865434	0.17061800000000002	0.0638665046	0.10869550130000001	-0.08448616140000001	0.0040494064	-0.0352157677	0.0311515182	-0.0290294141	0.0723279745	0.1077859836	0.021592458999999998	0.0544237767	-0.0679515108	-0.0175065124	0.1552918814	-0.0715243894	-0.014723933	0.0969636544	0.0102059013	0.1482653989	-0.0419025097	0.0183795103	0.0658600764	0.0805289896	-0.0002123938	0.034082861299999996	0.0834908711	0.0231655197	0.13057080769999999	-0.0558008783	0.0473213878	-0.045718437599999995	-0.042662552699999995	-0.050617168399999996	-0.12006758640000001	0.1043386952	0.1474692367	-0.0569316783	0.1053962002	0.0299488973	-0.0016230116	0.0068996068	0.09566561050000001	0.031066965499999998	0.0210903588	0.023375802799999998	-0.0334053542	-0.0715113561	-0.0075441154000000015	-0.1227255507	-0.0041079603000000004	-0.060244170199999995	-0.09520594660000001	0.0977368601	0.077271059	0.1003077318	0.0837553335	-0.0251790162	0.0373028575	0.0219988858	0.1300154766	0.0338608267	-0.026323507700000002	-0.1601261225	0.027969264100000002	0.0563054558	0.07560475030000001	-0.0620648138	-0.023682629500000003	-0.0195834036	-0.0624335982	0.0054145459	-0.11185526550000001	0.14278818710000002	-0.0052212448	-0.0400356704	-0.08434095109999999	0.0895693007	-0.0084207188	-0.045370972999999995	0.0564344943	-0.0819213354	-0.1044432859	0.0732775046	0.0901967442	0.09750876929999999	-0.060189740599999986	0.1177445145	-0.0811498842	-0.0656278458	-0.10547499119999999	-0.0346239704	-0.0584533691	0.0038672176000000003	0.0251529665	-0.061080936399999994	-0.0344305471	0.11312417050000001	-0.0774804135	-0.0370116459	0.038422000299999995	-0.09671494380000001	0.060007035300000004	-0.0209228659	-0.0463152425	0.039488823799999996	-0.0169103385	-0.028654429199999998	0.022597953100000002	0.0592084386	-0.0103905207	-0.0650465286	0.001565955	-0.017867713799999997	-0.0728418552	-0.0336506564	-0.0636564021	-0.0187098134	-0.0177775694	-0.0780020412	0.1865173034	-0.024532593999999998	0.1130688428	0.013652093200000001	-0.10586587199999999	-0.05579826190000002	-0.008179985	0.0990438091	-0.1091862894	-0.0883693707	0.011597437700000001	-0.1532838853	-0.0090734083	0.005967054300000001	-0.0432843591	-0.0653829001	-0.0597486342	0.039197670899999995	-0.1441583516	-0.1170568582	-0.026051180400000002	0.0831888986	-0.026538678599999997	-0.0376575989	-0.0972942384	0.009199334	-0.13166287599999998	-0.1732117061	0.1364715055	-0.0493610015	-0.0717787727	-0.052920398099999995	-0.0831418884	0.059673889699999996	-0.02000363	-0.0753929595	0.0021310291	-0.1537238468	0.046067927	0.0894987616	0.0012919687	-0.0132606072	-0.0052228229	-0.026530123399999998	-0.04476084650000002	0.0622015345	0.035676732	-0.0257565196	-0.0038656175	-0.0158367428	0.041846572	0.0442819488	-0.0193401172	0.0754461238	0.0388255365	-0.017673056	-0.054792029299999996	-0.029245624100000006	0.0002836516	-0.0101759129	0.0295049525	-0.0694672913	0.0771061777	0.0161370148	0.0474158026	-0.0335567251	-0.0310604796	0.048563410700000004	0.0590728895	-0.0221142216	0.077225826	-0.0562047058	-0.0870680411	0.0732553615	0.08504408140000001	-0.0455169547	0.09793586060000001	0.079738376	0.0518714612	0.017141199999999995	-0.0003338000000000056	1.1142244000000377e-07	0.00029382073743999983	0.132885	0.16587459999999998	0.017658423225	0.027514382925159998	0.107783	-0.038575	0.011617175088999995	0.001488030625	0.0006740769999999999	-0.0002463280000000001	6.067748358400005e-08	4.543798019289999e-07	0.000579415	0.00014479	3.35721742225e-07	2.09641441e-08	-7.802319999999998e-05	8.630080000000003e-05	6.087619738239997e-09	7.447828080640003e-09	1.0	0.0	0.0
8286.413063105198	13.635100409584991	185.91596317946482	68664641.45240046	10099.385943342137	-9.737913403574566	94.8269574555172	101997596.43257676	6290.656421478355	-2.3749289146599044	5.640287349687671	39572358.21308686	6614.054193441582	8864.262856168027	1.083942	47.658222	0.21654824500000008	0.179291	0.1422298565	0.0633638555	-0.0395568212	-0.0308627867	0.0851325936	0.043428378600000005	-0.1493576522	0.0732987823	0.009035747299999999	-0.0148646512	-0.0449587819	-0.0097997906	-0.0174044154	-0.058249568	0.023015287000000002	0.0022670203	-0.0686466198	0.0487826513	-0.09414290130000001	0.0406909814	0.06599006219999999	-0.0384438041	0.078179681	0.0215434503	0.0359195808	-0.0312959862	0.0660621421	0.2004444596	0.0510391667	-0.0161315138	-0.021320345	-0.0851886853	0.1055978672	0.0069694002	-0.0434287033	0.055196649699999996	0.0583107268	0.0662201627	0.0223820351	-0.1250817517	-0.0735341912	0.0025528567000000003	-0.0303035152	-0.1679336688	-0.0121120899	-0.0534126169	0.036892452799999996	-0.1210121522	-0.1320262691	0.07358069639999999	0.0723399703	0.042997890999999996	0.10147026640000001	-0.0316364098	9.29644e-05	-0.0066456005	0.037482070299999996	0.023396856400000002	-0.1309912317	-0.08119981400000001	0.0325291651	-0.012682454899999999	-0.0697551373	0.020229428799999997	-0.024219823799999998	0.0164394497	0.0159771045	0.0885502862	0.0089199898	-0.0425314042	0.13822152199999999	0.0278386395	0.0587096848	0.0327472841	-0.0507329655	-0.0092406568	0.08771459699999999	-0.0169006802	-0.07342627980000001	-0.024367236	0.0349155883	0.0008992729	0.0013367106	0.1360080555	-0.0061465144	0.06862395339999999	0.09921373189999999	0.0421651845	0.1439279172	0.0026562089	-0.0183153292	0.111006211	0.0505476992	-0.1171386136	-0.0396037006	0.1288573669	-0.0041686271999999995	-0.15291711970000002	0.0012967576	-0.0024693382000000002	-0.047001172599999995	-0.0396867561	0.027061132999999998	-0.013500514299999999	-0.040782312200000004	0.0881917852	-0.1816543236	-0.0349264404	-0.0312037233	0.1607525384	-0.04117307	-0.0792196126	-0.0854109476	0.0218277183	-0.0236767075	-0.1193303058	0.062581415	0.0118577461	-0.1153794925	0.0082439405	-0.09951078140000001	0.0298509396	0.1141009984	-0.1329717086	-0.0298199029	-0.0822130573	-0.0342281918	0.022706404700000002	0.0007103174	0.07222025559999999	0.0948693829	0.060909566100000014	-0.000734779	0.054645197	-0.0260670823	-0.138629314	0.0195395853	0.0347597984	-0.11487557039999999	-0.0417518152	0.0301783623	-0.03706873	-0.0711912331	0.048531030999999995	0.029677127999999997	-0.0618230498	-0.0602141463	0.0091753544	-0.08602444699999999	0.0154536557	0.0300565804	0.0869112926	-0.0153112379	0.0884303011	-0.0233520958	0.071409363	-0.0006088464	-0.057518148899999996	-0.022736011400000002	-0.1639217942	0.0237155806	0.0045536214	-0.077319999	-0.0110703827	-0.1150583822	-0.027959593199999997	-0.0705882221	0.0051885849	0.1189032409	-0.0055539236	0.12713793980000002	0.0648998275	0.0833616359	0.0848956517	0.0415441304	0.0809977559	-0.14493758210000002	0.0558746175	0.1392018068	0.0245017345	0.0081595687	-0.0561116676	0.0752957995	0.047788665300000005	-0.0241991377	0.056643193700000004	-0.056286603600000006	-0.13787195119999998	0.031600628799999995	0.1060424884	-0.0313466423	0.0862894553	0.0189297857	0.1671269388	-0.2050038918	0.09731120800000001	0.07739874690000001	0.047173106799999996	0.0145312	-0.0026099999999999947	6.81209999999997e-06	0.00021115577344000004	0.309962	0.17707699999999998	0.09607644144400003	0.031356263929000004	0.0948938	-0.012889199999999991	0.00900483327844	0.00016613147663999974	0.00105367	0.00037959300000000017	1.440908456490001e-07	1.1102204689e-06	0.00061567	3.625500000000001e-05	3.790495489e-07	1.3144250250000007e-09	-1.44303e-05	6.359289999999998e-05	2.0823355809e-10	4.044056930409997e-09	0.0	0.0	0.0
8265.059664192535	-21.353398912662673	455.9676451233032	68311211.25266242	10093.255391206418	-6.130552135718973	37.58366948876845	101873804.3921174	6271.9265138947985	-18.72990758355627	350.80943808855864	39337062.19569656	6595.77480090864	8906.935437683738	0.9910000000000002	43.571819	0.13267655000000006	0.117995	0.0987705466	0.0139389494	0.0654749973	0.0674487708	-0.0625487708	0.0506247125	-0.0930525316	-0.045773073399999996	-0.060017566200000004	0.0455373656	0.0002530175	-0.0934926074	-0.0709445364	-0.0655017289	0.0552100487	0.0716152273	0.0180085834	0.0713803199	0.0051894001	-0.0698915843	0.0579291189	-0.049328432400000004	-0.0308904307	0.0977028174	0.12993598050000002	-0.032202505299999996	-0.0128457144	-0.0171938098	-0.0190041547	-0.0333072565	-0.041901867200000005	-0.0435952187	0.0186598648	-0.0166735548	-0.044118374	0.0166927179	-0.0925941454	-0.1049883078	0.0342025821	0.0943164147	0.0370983721	0.035133825099999995	0.0145575605	-0.0155293635	0.06841920530000001	-0.0634608106	-0.024718257999999996	-0.0946001143	0.0233227069	-0.1350451284	0.07288703690000001	0.0475107342	0.1117709601	-0.0787306381	-0.0673304644	-0.0282193078	-0.08195012089999999	-0.0137135319	-0.0411247981	-0.0607040383	-0.0253626661	-0.0055973702	0.0385658129	-0.0387315816	-0.0683992993	0.0917550389	0.022111650099999998	-0.0184510843	-0.1034614352	0.004091861	-0.0632084562	0.0903963979	0.0481928081	-0.0735689654	-0.0012911049	0.1322465206	-0.0233647481	0.0325948119	-0.053449063399999996	-0.016840965700000002	-0.0504160244	0.0858406204	-0.046806513200000004	0.0294812848	-0.041950032199999994	-0.0352842823	0.0985094326	-0.037965595899999996	0.079063978	0.0879493947	-0.1046225114	-0.0496671742	-0.0527484712	-0.0314127172	-0.00558364	0.047524110099999996	0.21318340730000002	-0.0200286742	-0.0021582704	-0.09374378359999999	-0.0155737332	-0.013209595800000001	-0.0282926933	0.190480187	-0.0289773729	0.014949662800000001	0.0258423971	-0.0860240315	0.0177552172	-0.1063274169	-0.039117915	-0.0035930581	-0.0095471689	0.007308626199999999	0.0342334434	-0.10326833199999999	-0.0003145917	0.046135308	-0.019213901999999998	-0.0289227306	-0.057113556100000004	-0.0247312673	0.0924048598	-0.0174403499	0.0762005088	0.0664015142	0.0638315998	0.0492687271	-0.0034769864	0.1189660621	0.1053907684	0.0654846229	-0.0588094788	-0.0037178679	0.0824644736	-0.023507569	0.0641179158	0.0636572522	0.016660971299999997	0.027604845899999998	-0.0023845769	0.0363074169	0.0837634882	-0.0029215752	-0.0156284098	0.047340583	-0.0487414605	0.027616215899999998	0.07479530429999999	0.0872307707	-0.020753515900000002	0.0267665042	0.0382926659	0.003471765	0.0114198646	0.013199645	0.0382242503	-0.0303111787	0.0013734882999999999	0.0058036476000000005	0.0070660862	0.012133204	0.0406065461	-0.012964767	-0.0221104687	-0.1313772177	0.0746064013	-0.0081993559	0.1342285201	0.0524663413	0.0736744692	-0.0995876559	0.1404481387	-0.12257414300000001	0.030133224700000006	0.1061349915	0.1098425768	-0.0582053534	0.0413531602	0.1493956766	-0.0198093674	0.1798799184	-0.06321875019999999	-0.0932772695	-0.0051718612	-0.0067890789	0.0920859324	-0.1004332184	0.0932938503	0.0819620105	-0.1058993218	-0.04034086	-0.009414895500000001	0.0697300959	-0.014438273100000001	0.0966581881	0.0749688743	0.0423510136	0.0169945	0.002463299999999998	6.067846889999992e-06	0.00028881303024999995	0.19204	-0.117922	0.036879361600000014	0.013905598084	0.0950438	0.00014999999999999736	0.00903332391844	2.249999999999921e-08	0.0011928	0.0001391299999999999	1.9357156899999968e-08	1.42277184e-06	0.000718506	0.00010283600000000004	5.162508720360001e-07	1.0575242896000006e-08	-1.52893e-05	-8.589999999999996e-07	2.3376269449e-10	7.378809999999994e-13	0.0	0.0	0.0
8241.9459829597	-23.113681232835013	534.2422601331092	67929673.58602554	10098.172487405804	4.917096199385924	24.177835034015487	101973087.58539952	6269.560880476489	-2.3656334183096988	5.5962214698236314	39307393.63400113	6594.925500943708	8808.272167633071	1.0035040000000002	44.121567	0.197652295	0.14969200000000002	0.0205879874	0.049780600099999996	0.029462813799999998	-0.1183098907	-0.0528560945	0.0575342604	-0.0023499891	-0.017393543	0.0144165372	0.1292378903	-0.10428828710000004	0.0178269952	-0.0985505274	-0.0159764049	0.005464512800000001	0.0948390582	0.08456738220000001	-0.0294388755	-0.0012701577	-0.0441770857	0.0304609594	0.0358125206	-0.1691155926	0.11580351109999999	-0.0021819560999999997	-0.0289883817	0.0379319552	-0.154775093	0.0266515847	-0.055542794699999995	0.0023776416	0.0779974255	0.0779455695	0.140942815	-0.0540307605	0.011178665700000001	0.0678327004	-0.0794996425	0.0678122622	0.0108643573	-0.0309922358	-0.029764448199999998	-0.0792776286	-0.1047074227	-0.07137559339999999	0.1291429309	0.0090627073	-0.038767153900000004	0.057094530899999996	-0.0312329725	0.1954247812	-0.0375115773	0.031991397799999995	0.02815863	0.0408895829	-0.0997221232	-0.059816551399999994	0.0195043614	0.0347808021	-0.019680914	0.0847222858	0.0170190484	0.08963857369999999	-0.028503610099999997	0.0326012285	-0.0458164129	-0.05447089769999999	-0.0310845077	-0.0386957946	-0.0395379528	0.0275399112	0.0185608243	-0.033531942099999996	-0.0519804678	-0.027582366400000002	0.0079529764	0.0667553172	-0.0108299639	-0.0235595352	-0.05128323059999999	-0.039999818	0.029248237200000006	-0.0203947405	-0.0637638784	0.026767055699999997	0.0347293213	0.0631935089	0.0095805332	0.0357312796	0.1708699329	0.0607814096	-0.0526285	-0.1303707046	-0.08409367300000001	0.1055237271	0.005470263	0.07509106019999999	-0.0034715796	-0.024012076299999997	-0.07454135440000001	-0.0242711694	-0.0619782317	-0.1025742921	0.09002558029999999	-0.1560551068	0.0094881386	0.0218769283	0.04137372	-0.0413732752	-0.0483914872	0.026417737900000002	-0.0180582419	0.0923513692	0.0386361891	0.063768567	-0.0694479922	-0.015510736899999999	0.10145937460000001	0.0977247986	0.1525138687	0.03856176	0.006301556999999999	0.0415439348	0.0007487132000000001	0.1213383796	0.025337905600000002	-0.0716572275	-0.0951582716	-0.0144520599	0.1237970738	-0.049591786900000004	0.05690004150000001	-0.0289735871	0.003539502100000001	-0.041710123599999996	0.0498334011	0.018804553600000003	0.11230850519999999	0.0537436526	0.0799577304	-0.022373307599999996	0.0397878974	-0.041277597	-0.0035321378999999997	-0.046082800199999996	0.012532363400000001	-0.046557332199999996	0.0108093223	-0.0256473773	0.0438166972	-0.015865095	0.035856008599999996	0.009877960699999999	0.0276159684	-0.0129401554	0.1302166046	0.0602866614	0.0734098578	0.0006037052	-0.0007836452000000001	0.0383765218	-0.0364274488	0.0946503055	0.0277399105	-0.0451312216	-0.1087414586	0.029583170099999997	-0.1500672755	0.0287947547	-0.1236635784	-0.0410566318	0.0416329683	0.032735881800000005	-0.171537677	0.1699053764	-0.0423687861	0.0560268895	-0.0501250193	0.056956159900000004	0.0033660727	0.0082659091	0.081736776	0.0305203621	-0.0720908743	-0.023158140600000002	-0.0050972954	0.0748730771	-0.0147187381	0.1003184408	0.0169818687	0.0806435867	0.0090375025	-0.013207575800000001	-0.0808195761	0.0994102068	0.0959769915	0.0724515914	0.0374178302	0.0167507	-0.00024379999999999888	5.943843999999945e-08	0.00028058595049	0.046177800000000005	-0.1458622	0.002132389212840001	0.02127578138884	0.12578599999999998	0.03074219999999998	0.015822117795999995	0.000945082860839999	0.00125038	5.758e-05	3.3154564e-09	1.5634501443999996e-06	0.000963531	0.0002450250000000001	9.283919879610001e-07	6.003725062500002e-08	9.81876e-05	0.0001134769	9.64080479376e-09	1.2877006833610003e-08	0.0	0.0	0.0
8237.183353714903	-4.762629244796699	22.68263732339277	67851189.60271789	10092.687476909494	-5.485010496309768	30.08534014462834	101862340.50656572	6282.8641800814075	13.30329960491872	176.9777803782306	39474382.30535002	6610.006008311598	8853.665880256902	1.154883	50.777309	0.08900752500000003	0.0643632	-0.0911034626	0.0500328912	-0.048598313899999995	-0.035504095699999995	0.0631575099	0.054222302	0.061986506399999995	0.0834162877	0.0254498693	-0.10395138699999999	-0.06574174969999999	-0.027649492999999997	0.0102522178	-0.0133849751	-0.0413049397	0.0668190675	-0.0919165075	0.0385865809	-0.043856234	0.0585524599	-0.049148391	-0.036717728	-0.0124964676	0.0379859087	-0.0362956938	-0.1099209089	-0.2164357132	-0.09030465019999999	0.0461707113	0.1032514433	0.0124912236	-0.0371080512	-0.0621924804	-0.0967517756	-0.0200833205	-0.0161127413	0.0220548494	0.10916281720000001	0.0483067288	-0.0262119874	0.04340855019999999	-0.1105095189	-0.0637588734	-0.0425392104	0.1024548948	-0.0011701628999999999	-0.025926645099999996	0.0862102553	-0.0290595914	0.07342408610000001	0.045507632199999995	0.063245678	0.1232870252	-0.08428834880000001	-0.0801952278	0.017613891200000002	0.083557328	0.0673424982	-0.0875510009	0.060034403499999986	-0.0538356103	-0.0176398378	0.1198329107	-0.046113895999999995	0.015801563600000002	-0.087700426	-0.046998491100000005	-0.0059067482999999995	0.12039668070000001	-0.0011121884	0.0040261645	-0.0173998449	-0.1179191401	0.0474833946	0.11772119310000001	-0.1089990909	0.1019868421	0.0397987713	0.051524426	-0.10697273300000001	-0.1665256216	0.054508267699999995	0.033331344900000004	-0.1265852045	0.0177908304	0.0707198824	0.047082422199999995	-0.0374603559	0.0949817511	0.012524091299999998	0.0672773753	0.0497730184	-0.0400932897	0.0222446813	-0.029811985699999998	0.0053117476	-0.015055444099999999	-0.0291874893	-0.0992991858	-0.2209638406	0.0695118323	0.0061241335	-0.0199786143	-0.024345848599999997	-0.06865735490000001	0.09758971550000001	0.0148106825	0.0079450173	-0.0205358074	-0.0859747987	0.10638916080000001	0.0731837122	-0.0571311857	0.03110951	0.0783887014	-0.0006272955	-0.058845599400000004	-0.0946714108	0.0818773137	0.055276691399999994	0.0461680434	-0.036927656600000004	-0.085900531	-0.050481092000000005	0.0164780891	-0.1373837775	0.025885954	0.053069776799999996	0.036113467	0.0438018149	0.1335920859	-0.0392923369	0.007919470500000001	0.032089316	0.0315317893	-0.0711424088	-0.0203100545	-0.021507859700000003	0.08804212869999999	0.062322264	-0.0678574981	0.0227020719	-0.0941329874	-0.053441358	-0.059173993499999994	0.0374517039	0.056545004100000004	-0.0162711854	-0.0529727403	0.007472523399999998	0.0463520804	-0.14224566	-0.09819884529999999	0.1470835515	-0.0464852308	-0.0098790616	-0.036630587799999996	0.1046121148	-0.0511241718	0.011861481799999999	-0.0780493476	0.07411307290000001	0.0292409246	-0.034235661	-0.1349759922	-0.0697035488	-0.09794766140000001	-0.05088914889999999	0.0718780558	-0.0640094572	0.0205219258	0.1793446406	-0.1407230122	-0.0338882504	-0.014314816299999996	-0.023394252799999998	0.025068925099999997	-0.0543395525	0.0320466458	0.0259205257	0.0273250306	0.2204590108	-0.0571461215	-0.0329636517	0.019344191299999997	-0.1250377155	0.0006868008	0.1222755033	0.0088834104	0.044772793	0.0486298092	0.018071668500000002	-0.1579734667	-0.0764568455	-0.0048352004	0.0952678165	0.0698498331	0.032386496800000004	0.016899899999999995	0.00014919999999999517	2.2260639999998562e-08	0.0002856066200099999	-0.0158703	-0.062048100000000016	0.00025186642209	0.0038499667136100008	0.116082	-0.00970399999999999	0.013475030723999998	9.416761599999981e-05	0.00103708	-0.00021330000000000006	4.549689000000001e-08	1.0755349263999998e-06	0.000899505	-6.402600000000012e-05	8.09109245025e-07	4.099328676000016e-09	3.33891e-05	-6.47985e-05	1.1148319988100002e-09	4.198845602250001e-09	0.0	0.0	0.0
8257.539225711469	20.355871996565842	414.3615247405734	68186954.06416357	10059.263721891479	-33.42375501801507	1117.1473995042875	101188786.626562	6276.271077734477	-6.593102346930209	43.46899855709663	39391578.64120629	6596.729621974146	8705.199128432823	1.134233	49.869381	0.104383995	0.07261530000000001	0.037462520299999996	0.0635577453	0.06758220919999999	0.0262170577	0.1045152173	0.0561658237	-0.0738363969	-0.0734253807	-0.0348197741	-0.0850393475	-0.06990471870000001	0.0082853184	0.01509206	0.0506253165	-0.1027889152	-0.0730822003	0.0411260437	-0.07724357400000001	-0.0199327387	0.057044699000000004	-0.0085121136	0.0856349257	0.11389152300000001	-0.1010058555	0.0531474671	-0.16543948960000002	-0.0926195577	0.0305432042	-0.1181686085	-0.0715192739	-0.0860806317	0.027207243399999997	-0.0064905386	-0.0535848575	-0.045250710199999995	-0.0739851988	0.0260707706	0.0784493412	-0.0148448488	0.0504585004	0.0129091648	-0.0746579788	-0.069618195	0.1713646812	-0.0271524048	0.0820707803	0.0514272111	-0.0462906143	0.014021753100000001	0.0008652175	0.028227697700000002	0.0652319382	0.0279195779	-0.0690557725	0.0740616591	-0.0792036596	0.12286139800000001	-0.0232482317	-0.0070874089	-0.09822280929999999	0.1242183793	0.0518821118	0.0933310253	0.0408949656	-0.06946329450000001	-0.056644762	-0.0273119132	0.0390783372	-0.032466174199999996	0.005475353100000001	0.1156981845	0.0277286381	-0.0030075329999999997	0.1459735564	0.0133662508	0.1418778249	-0.0454949254	-0.032123379300000005	0.156085836	0.00014544799999999998	-0.035010433	-0.0418922828	0.0822829407	-0.09913907820000001	0.0293142839	0.0646211515	0.008840244799999999	0.11042271869999999	0.025528939	0.0430634959	-0.044454729299999995	-0.0779725774	0.0037955452	0.144212896	-0.07496151599999999	-0.0694537861	0.039240559	0.1271022861	-0.0120150664	-0.031655323900000004	-0.06009533490000001	0.1308632089	-0.0263823417	-0.0323910692	-0.0098660536	-0.0652515284	0.0545395796	-0.0473890601	-0.0299632508	0.027070929100000002	-0.0914075684	-0.0483641767	-0.0213654933	-0.023262117599999996	-0.0761670807	0.0441868954	-0.0841676382	0.11840968939999999	0.0162371844	-0.031955441	-0.0204780079	-0.0737650302	0.0665693271	-0.0044019166	0.056703200599999996	-0.021778670899999998	-0.0053774763	0.0875362206	0.0200768676	0.060990887599999995	-0.0617337878	-0.041521150699999995	0.0287379113	0.132372774	-0.1516328258	0.030387600600000002	0.025555617200000002	0.10608006519999999	0.0670533443	-0.11083849259999999	-0.0830680184	0.0942187685	0.0076071527000000005	0.09726268789999999	0.0693784388	-0.0603278125	-0.0211495765	-0.0512402671	-0.062183484800000015	0.0202332956	0.1453541677	0.1072363808	0.0134634719	-0.0232311418	0.07216380230000001	-0.06428113740000001	-0.1250611572	0.0103314554	-0.037123977	0.1263101998	-0.074686395	0.0121774884	0.1195208259	0.0086690869	-0.0777000691	-0.021443715	0.018988727900000002	0.0960723966	-0.09831014939999999	-0.0187638773	-0.0924941898	-0.029066328399999997	-0.13025738550000002	-0.1248518698	-0.0242196722	0.08259367	-0.0290056581	-0.0388163286	0.0417044291	0.11918755539999999	-0.12363020039999999	-0.0320159652	-0.0801130488	-0.0312148071	0.0425297735	-0.0600663134	-0.012604276299999998	-0.0044490204	-0.011161163600000001	0.0338827783	-0.011203498000000001	-0.1351912734	-0.043640404800000004	-0.0176552025	0.0762319669	0.0945308701	0.0671666331	0.0272702111	0.0166701	-0.00022979999999999526	5.280803999999784e-08	0.00027789223401000003	0.0533909	0.0692612	0.00285058820281	0.004797113825439999	0.0987327	-0.017349299999999984	0.009748146049290002	0.00030099821048999953	0.00116458	0.00012749999999999998	1.6256250000000004e-08	1.3562465764e-06	0.000890618	-8.886999999999957e-06	7.932004219240002e-07	7.897876899999924e-11	0.000247876	0.0002144869	6.144251137599999e-08	4.600463027161e-08	0.0	0.0	0.0
8283.036521283995	25.49729557252613	650.1120815127605	68608694.01292446	10070.12914406091	10.86542216943053	118.05739891995245	101407500.97806491	6277.2263705230835	0.9552927886061298	0.9125843119628756	39403570.90679041	6598.0535988219735	8910.680083188243	0.965146	42.435043	0.0557312	0.0385627	-0.0012952464999999999	-0.022248451000000002	0.0947249479	0.036060441299999996	-0.0872068708	0.065757007	-0.0170261217	-0.09640407039999999	-0.0456692786	0.0227609771	0.0330405789	-0.0706456035	0.0760447671	-0.034139531699999996	-0.1025125968	-0.0685865874	-0.0078056989000000005	0.1084795315	0.0432897571	0.0718120866	0.0535180342	0.036639266000000004	0.1089430368	-0.21429259679999998	-0.0382875187	0.0158109732	0.0290565266	-0.0976738558	0.0793618376	0.0663949424	0.0563995746	0.0837081875	0.0564022721	0.0085711998	0.0033436241	-0.0395949512	-0.0835175027	0.0033830721999999996	0.0624950815	-0.0414596967	-0.006551219699999999	-0.0581438833	0.0971148625	0.0793494653	-0.08385836440000001	-0.0281195442	-0.0051392265	-0.015282434	0.08244459009999999	-0.0998771609	0.028449261200000006	-0.0153160378	0.060675485999999994	-0.0294085024	-0.0228854897	-0.0161242646	0.0193494206	0.1243692772	0.110707797	-0.0327281291	-0.029435026	-0.030129489300000006	0.0929841084	0.006113508100000001	0.0364573512	0.024350561899999998	-0.1018718326	0.039003413	-0.08439173779999999	-0.051756200700000005	-0.0235574992	0.0179759985	0.04927727480000002	-0.0344852381	0.1510997052	0.0615290945	0.0853625094	-0.14645322119999998	-0.024299954300000003	0.0835484688	0.0209788673	-0.08771313050000001	0.1380756698	-0.044588664699999996	0.1356420952	0.1368295005	-0.08617728699999999	-0.0373695768	0.0595442859	-0.1526026772	-0.040194434300000005	0.090105571	-0.0760627619	-0.023882419900000004	-0.00237128	-0.0117419979	-0.022489957	-0.0066433761	0.1394474791	-0.0647350674	0.0206182083	0.07698156839999999	0.0990367143	0.1327729406	0.0568705382	-0.1789012813	-0.013460348300000001	0.045325379299999996	-0.0193568665	0.0014427048	-0.0443479917	-0.0284389393	0.0472479717	-0.1080933917	-0.1111442351	-0.07391810509999999	-0.0166580974	-0.0354576056	-0.16041562310000002	-0.0669244524	0.0375474455	-0.0522721221	0.024114283700000003	0.0222272945	0.1050839703	0.0651344221	0.064354773	0.011266604	-0.0130085861	-0.0010076488000000001	0.0527859424	-0.062156948899999995	-0.0063236804	-0.018385995	-0.050141029299999994	0.0540011471	-0.0700449494	0.0609306321	0.11522539539999999	-0.0647722806	-0.0213942121	0.0705419163	0.011784589	-0.0870393401	0.065523742	-0.1669047374	-0.08219170740000001	0.0056619808	0.10861189550000001	0.0737661842	0.04495294019999999	-0.0239817388	0.0105232456	0.045624106500000004	-0.05293211019999999	-0.0806639297	-0.043496768600000006	-0.0034425721	0.0939022061	-0.0542397256	0.0137752797	0.0322804612	-0.0506125297	-0.10038086660000001	0.0326320716	-0.1832131956	-0.0214364892	0.1318430411	-0.0348846414	0.17717102140000002	-0.0387676625	0.1455659336	0.039714269100000005	0.16921091649999995	0.010904338500000001	0.0876215939	0.0373115323	0.1049493978	0.0484377492	0.10906989710000001	0.15210349480000002	-0.1296123227	0.011072765600000001	-0.0201952079	0.1184422916	-0.0417328868	-0.09731673460000001	-0.039792728799999996	-0.0053615949	-0.069931494	0.011741179	0.04920472730000002	0.0314969412	-0.0336798253	0.09886840529999999	0.0937663669	0.06440511980000001	0.022082393399999997	0.0167392	6.909999999999902e-05	4.774809999999865e-09	0.00028020081664	0.0170129	-0.036378	0.00028943876641	0.0013233588839999995	0.08816359999999998	-0.010569100000000026	0.007772820364959997	0.00011170587481000054	0.00111349	-5.108999999999994e-05	2.6101880999999945e-09	1.2398599801e-06	0.0007753019999999997	-0.00011531600000000026	6.010931912039995e-07	1.3297779856000067e-08	0.00025577	7.893999999999989e-06	6.541829289999999e-08	6.231523599999982e-11	0.0	0.0	0.0
8254.837212628532	-28.19930865546303	795.2010086460721	68142337.40699679	10088.061535192559	17.932391131649638	321.57065169846663	101768985.53783163	6287.411951228072	10.185580704988752	103.74605429783917	39531549.0444456	6613.680283669916	8992.42680973823	1.493125	65.64899399999999	0.2329665900000001	0.143575	-0.133526643	-0.0171253599	-0.15403847869999998	-0.08100710309999999	-0.1427714352	0.0785906633	0.1740632575	0.1595973078	-0.1394834529	0.1501489908	0.0163400717	0.16482548800000002	-0.21302651190000002	-0.06262429480000001	-0.13356497039999998	-0.053110335099999996	0.1079314102	-0.08159351620000001	0.0228948859	0.0747894195	-0.1247324114	-0.07635097490000001	0.1066523276	0.07783307469999999	0.1418953456	-0.1560616423	0.1370710003	-0.030336377299999998	-0.1553457607	0.1684880628	0.0640532351	-0.13760477869999999	0.0073199173	-0.054409390599999996	0.08906089869999999	-0.0458574188	0.037722647799999995	-0.0529692367	0.0066056237	-0.0767711445	0.043234180700000006	-0.04231957099999999	0.1019220528	0.0418530182	-0.0548597008	0.0257082983	-0.1208846119	0.1768452532	-0.06446084	-0.0503333488	0.1823919886	-0.0374842758	-0.1465985515	-0.040578804100000004	-0.0091041437	0.0578289244	-0.1565815136	-0.0171476826	-0.1207274235	0.1191161343	-0.054631812	-0.144380944	0.0637238371	-0.0604052704	0.0545311245	-0.0949042184	0.0087814502	-0.1068801055	-0.102992235	0.0404494693	0.1447296696	0.042615664000000004	0.0178678824	-0.0574622501	-0.11685552980000001	0.0327684485	0.053204385800000004	-0.13536460220000002	-0.013367752	0.052332052999999996	-0.0184800385	-0.1540702508	-0.0333850242	-0.0346117416	0.0806235582	0.0930619146	-0.2368509776	-0.0956013366	0.0283171929	-0.056928302199999996	0.103162503	-0.0316226125	0.049038625599999996	0.032632176400000004	-0.0354096164	0.0378394927	-0.0469426466	-0.051121888399999996	-0.0387911914	-0.0071917463	-0.0550201989	0.0411986686	-0.0699975289	0.1243782184	0.0115433823	-0.0302884129	-0.08654498699999999	0.0354929992	-0.0553004146	0.1068346891	-0.1430187316	-0.09587595119999999	0.050328329299999995	0.0552458729	0.1387091523	0.0706252304	0.017416879	0.0455109185	0.08934383859999999	-0.1060003693	-0.043010675400000004	-0.13914117039999999	-0.18393434890000002	-0.10973779300000001	0.0917818301	0.0873930993	-0.0954873856	-0.057606067000000004	0.2107422345	0.0315315399	-0.1035203269	0.11716307449999999	0.0374144987	0.0059342384	0.1009815659	-0.1301212913	0.0344571875	-0.08494647220000001	0.1367807483	-0.006231910500000001	0.0669303161	-0.0220832062	0.0147216156	0.0225283816	-0.1557196793	-0.11098151490000001	-0.013303268899999998	0.0632611819	-0.0027137866	0.0672349335	0.031951762599999996	0.1631702813	0.10660939400000001	-0.0265771508	-0.041490228	0.2026502156	-0.0621521563	0.0731135517	0.0513082591	0.1579454653	0.0599289851	0.0349450505	-0.0615605847	0.0755969872	0.1330886383	-0.06627013030000001	-0.1304079159	0.1155255365	-0.0505484456	0.023425394300000003	0.0302174752	0.023171198900000002	-0.1530063465	0.0864105036	0.1468501987	-0.027354133399999998	0.0095909988	-0.0479729271	0.0656753085	-0.0715985443	-0.007152614399999998	-0.1294706223	-0.0052483902	-0.0712817263	0.0038713153000000003	-0.049095684800000004	-0.0198484342	-0.0057549375	0.1411488655	0.0649142759	0.0014061668	-0.019373729699999998	-0.0305044071	0.1202425117	0.094465539	0.0929745299	0.061568513	0.0168366517	0.00918471	-0.007554489999999999	5.7070319160099974e-05	8.435889778410001e-05	-0.0432046	-0.060217499999999986	0.00186663746116	0.003626147306249999	0.215485	0.1273214	0.04643378522499999	0.01621073889796	0.00137368	0.00026019	6.76988361e-08	1.8869967424e-06	0.000702862	-7.243999999999979e-05	4.94014991044e-07	5.24755359999997e-09	-0.00016906400000000002	-0.000424834	2.858263609600001e-08	1.80483927556e-07	0.0	0.0	0.0
8234.065115357267	-20.77209727126501	431.4800250468953	67799828.32394348	10084.913203518316	-3.1483316742433085	9.911992331043676	101705474.32249804	6291.6903934377515	4.27844220967927	18.30506774156523	39585368.00687689	6618.325719449976	8706.42592642831	1.495565	65.756248	0.10650429	0.06689400000000001	0.0022150207999999997	0.1600988841	-0.1750882748	0.021034217200000004	0.0141840223	0.0474291338	0.0631554152	0.1523737905	0.058027082699999996	-0.0450392732	0.0342654791	-0.1567137188	-0.0507237725	0.2364723034	0.022447138300000002	-0.0118493751	-0.0207803863	-0.179220524	0.22656264739999998	0.0739201472	0.0593385585	-0.0151594948	0.1982658975	0.1634813916	0.0087304767	0.0543295098	-0.0459340524	0.0394409763	0.0789196899	0.0293372637	0.0225049009	-0.0393547546	-0.060489844699999996	-0.0784557094	0.0342228559	0.0400333218	0.09362738429999999	-0.27178588719999996	-0.10524550140000001	0.0115365117	-0.0130980259	-0.07217368219999999	0.0652805125	-0.0529703834	-0.0026727841999999997	0.0191182404	0.0415803374	0.0799643781	-0.14713069210000002	-0.026891696099999998	0.057219606900000004	-0.025423081400000002	0.13029940210000002	-0.0290550698	0.1412662481	-0.0181078294	-0.08717955359999999	-0.1327034891	0.0461715745	0.1879088764	-0.09240697449999999	0.027727537400000002	0.0313350309	0.1133932102	-0.0001675785	0.0034577041	0.0454151581	0.0391074464	0.07869949309999999	0.018748016399999998	0.049594926399999996	-0.0222686531	0.1215809928	0.009669226999999999	-0.1766519678	-0.0421912398	0.1026468074	0.0166062756	-0.04523086900000002	-0.06726219650000001	0.0810549465	0.0118237173	0.022378150899999998	-0.0245944654	-0.0631392357	-0.0617026106	0.0195196695	0.054438332400000004	0.0834563614	0.051087476500000006	-0.0723299532	0.0010784892	0.11727123589999999	0.1281857609	-0.15359570849999998	-0.1343762643	-0.0545089349	-0.0412202111	-0.023064006600000003	0.0035119432	0.0010436733	-0.0221401079	-0.0698656327	-0.069589344	0.0225819934	-0.0813283279	0.0607037837	0.07375664679999999	0.0790403754	0.0163452601	0.0784451316	0.0538625668	0.09334759289999996	0.0150204748	0.12644262109999999	0.0269982028	0.0870244984	-0.0478769963	-0.1021262285	0.053165247	-0.05770336860000001	0.043117347599999994	-0.0718284372	-0.1440152141	-0.037037584900000003	-0.0344703569	0.08717992039999999	-0.0428592872	-0.0471828383	0.2052757589	-0.1405961617	0.0230789923	-0.0521042849	-0.0335526341	0.046171036900000004	0.0417740995	0.0231328902	-0.2678331707	0.0712787661	-0.048225102	0.0301654191	-0.014920808999999997	-0.0200236082	0.08102087969999999	0.0683323454	-0.0248147026	0.033739460299999996	0.09429126800000001	-0.18568168640000002	-0.10979497199999999	-0.0859580024	0.1865525869	-0.034217152599999995	-0.0063628803	-0.10864039140000001	-0.0615325649	0.1320996915	-0.056130514699999995	0.08062645019999999	0.013362256999999999	-0.0311212279	-0.0196554567	0.0637799949	0.0828100718	-0.0607005474	0.0661876809	0.0111157587	-0.12385895150000001	0.046934303899999995	0.06753997469999999	-0.0218016839	-0.09808109300000001	-0.1696342384	0.0325362031	-0.1154631141	0.0531515189	-0.0133279369	0.0861335026	0.0646272731	0.0192969398	0.0784714716	-0.0371507796	-0.0432693353	0.019310105600000002	-0.043461434800000004	-0.0150644854	0.0558366511	0.0544109317	0.030503244500000002	-0.1008294599	0.08331086480000001	0.072424978	0.1335476366	-0.040558722	-0.0423901825	0.0921555899	0.05866012	0.011546746200000001	0.0173347	0.008149990000000001	6.642233700010002e-05	0.00030049182409000013	0.0200205	0.06322509999999999	0.00040082042025	0.00399741327001	0.201076	-0.014408999999999976	0.040431557776	0.00020761928099999932	0.00108523	-0.00028845	8.32034025e-08	1.1777241529e-06	0.000594749	-0.00010811299999999996	3.5372637300100003e-07	1.168842076899999e-08	-0.000186905	-1.7840999999999967e-05	3.4933479024999995e-08	3.183012809999988e-10	0.0	0.0	0.0
8265.107755236344	31.04263987907689	963.6454906620547	68312006.20566796	10089.71401280695	4.8008092886339	23.04776982583353	101802328.86023292	6289.316937904555	-2.373455533196648	5.633291168061782	39555507.54541313	6612.060787586538	8561.271916008383	1.289407	56.692032	0.34586455	0.290621	0.1455414018	0.1650840597	-0.0704879445	-0.028046553199999998	0.0794560946	0.0381002419	-0.1423321932	0.15900260759999998	-0.0772227061	-0.014495290400000001	-0.0352094773	0.023413035800000002	-0.062178285199999996	0.0425930916	0.0812661755	-0.0090813581	-0.0402463203	0.0655810751	0.047705782099999997	-0.1752067323	-0.029233005899999998	0.045017975700000004	0.0688788005	0.086130031	0.040717408999999996	-0.1022820596	-0.1080950359	-0.0059499968	0.0623457588	-0.0697275142	-0.0090525024	-0.040653635099999995	0.0856635266	-0.20121427260000002	-0.1328858962	-0.1590220254	-0.0242210895	0.076497178	-0.0638091223	-0.0797972747	-0.08740787230000001	-0.0808220023	0.0657532479	-0.0222280765	-0.1266916848	-0.0175505058	0.0164146306	-0.0891788125	-0.1670323809	0.0773115251	0.1103071714	0.10082688810000001	0.0846920937	-0.0420570818	0.0019755867000000003	0.0201886549	-0.0529206445	-0.0523999233	-0.0604222293	0.039524876800000004	0.09191383759999999	0.0328607514	0.0932860293	0.1473470163	0.16948051960000002	0.13470537470000002	-0.0409711392	-0.0829480903	0.0709956926	0.045550185800000004	-0.1363360169	0.0642700316	-0.0632305384	-0.053410365	0.0047796293	-0.0176197139	-0.0232773364	-0.0130003338	0.0064104811	0.0810481827	-0.0862034398	-0.0406834535	-0.12215026820000001	0.0989044891	-0.0082984113	0.0838182516	-0.1146049109	0.0903976496	0.0120289977	-0.0833516621	-0.0037786224	0.07509300940000001	0.0822452608	0.0351764194	0.1401208899	-0.033329847200000005	-0.0338448878	0.053870425199999995	-0.095673525	0.0260098152	0.0740390826	0.0805846685	0.0450835593	-0.0024876239000000003	-0.0471482804	-0.0633085593	-0.0291328975	-0.053543290800000004	0.0642285033	0.0374794563	-0.0574326823	0.1182557946	0.0563571249	-5.22983e-05	0.09887662720000001	-0.10787037	0.0700164199	-0.0776361403	-0.0591473377	-0.026370916600000002	-0.0201707437	0.0036985491	0.08699826210000003	-0.17309634420000006	-0.040912532	-0.0700225924	-0.0659308984	0.0559101095	0.024669159700000002	0.096174072	-0.0082294529	0.0220221948	-0.051642285499999996	-0.0022910696	0.022588529	-0.1303289769	0.0794421238	-0.0810943554	-0.063649694	-0.0020065785	-0.2536523616	0.1221156973	-0.0478584441	-0.038958871	0.0783567555	0.0813724045	0.0314761609	0.0418891113	0.0777590301	0.103965915	-0.010855590900000002	-0.0721528636	0.005790679599999999	-0.10937073300000001	0.0118577044	0.0484625114	-0.021386709500000003	0.003929190900000001	0.049243744900000004	-0.0358150318	0.0003854894	0.0324299875	-0.1407717862	0.0559480655	-0.0177203568	-0.0994225021	0.0331395261	-0.0240609549	-0.0204846694	-0.0481440838	-0.1280041574	0.025908833	-0.1055408541	0.09096610849999999	-0.07313955679999999	0.0465066762	-0.0755785529	0.0014989663000000001	-0.0694828908	-0.0622348001	0.0871674043	-0.0104223846	0.0385839507	0.0256877902	-0.0806674783	0.0280462698	0.0552391539	0.0068051675	0.0913802567	-0.11442792710000001	-0.0487883504	0.18487249960000002	0.0054656133	0.0584884616	0.0944773197	0.0913097856	0.055683332	0.0062265527000000005	0.017228599999999997	-0.0001061000000000048	1.1257210000001021e-08	0.00029682465795999985	0.306232	0.28621149999999995	0.093778037824	0.08191702273225	0.15198299999999998	-0.049093000000000026	0.023098832288999997	0.0024101226490000024	0.00120306	0.00011782999999999995	1.3883908899999996e-08	1.4473533635999996e-06	0.0006245669999999999	2.9817999999999927e-05	3.9008393748899995e-07	8.891131239999954e-10	-0.00012547399999999998	6.1431e-05	1.5743724675999995e-08	3.773767761e-09	0.0	0.0	0.0
8265.368914471084	0.26115923474026204	0.06820414589011929	68316323.29230489	10096.013241338786	6.299228531835978	39.68028009629647	101929483.36928809	6279.225018381155	-10.091919523400065	101.84683966678341	39428666.83146381	6598.617619740286	8724.947803896212	0.993431	43.678692	0.12905844000000002	0.101116	0.1175910401	0.062002421399999987	0.0063953942000000005	0.0938528692	-0.0346903199	0.039570749	-0.0906709736	0.0266615774	-0.1510729981	0.0572306472	-0.008493660600000001	-0.094870088	-0.0884006147	-0.1262523268	0.0211952253	0.0948559699	0.0229917154	0.11190547949999999	-0.0253702171	0.0221929442	0.0306722156	0.0180461278	0.0572308688	0.0342944326	0.067272376	0.0273598334	-0.0393565645	-0.0043479762	-0.0027305521000000003	0.2207995698	-0.0293179481	-0.0991872449	0.0282990984	0.0349774395	-0.0494203374	-0.0594838524	-0.11029141099999999	0.036730602200000004	0.0385944351	0.050921788200000005	-0.0915663248	0.0291165629	-0.0164509363	-0.0340481661	-0.056905128799999996	-0.0390557811	-0.0117849073	-0.0830747308	-0.041636925299999995	-0.12498699490000001	0.0762057592	0.0737161277	0.0429554924	-0.0339032239	0.05464965980000002	0.059603723399999996	-0.11906802779999999	-0.0452326274	-0.1627764248	-0.014594133300000001	0.0730442253	-0.0846716692	-0.070178157	-0.06395076549999999	-0.0412375191	0.045328012699999996	0.0971221461	0.068030417	0.021914900499999997	0.0955867422	-0.11414448099999999	-0.073584345	-0.0132498857	-0.11591214009999999	-0.053481425199999995	0.07217232009999999	-0.0127758201	0.22483646370000002	-0.0049878603999999995	0.0707793111	-0.0163576278	0.051789286100000005	-0.1376502333	-0.0570421709	-0.0626152229	-0.0333708262	0.0562910508	-0.003485189	-0.0327633373	0.0223660572	0.016711391699999998	-0.0959844026	0.1043258802	-0.1086121991	-0.08540188789999999	0.0081234541	-0.039587185	-0.016740218600000002	-0.0692403069	-0.0792754012	0.08409998490000001	0.029681572799999997	0.0345194473	-0.007967335899999999	-0.0013227641	5.84088e-05	0.024713408500000002	-0.0067852349	0.035345094199999996	0.1207140389	-0.2079990884	-0.0029225884999999996	-0.0726728546	-0.0355649534	-0.1124662158	0.08761932	-0.0296066644	-0.0075905888	0.0435857285	-0.0585086848	0.0043124349	0.0093400105	0.0788780141	-0.0884936428	0.06968084940000001	0.0973916298	0.0007440094	0.0694808953	-0.0023355580999999998	0.1056488211	0.0585074307	0.096946613	0.0786202956	-0.0083007941	0.1030114191	-0.0366565653	0.10281331390000001	0.0139638109	-0.1352261753	0.0484770044	0.026075153599999998	0.0871778497	0.0825889659	0.043648761900000006	-0.1034526483	0.083150111	0.0518974901	0.1661358588	-0.0352082743	0.1596148766	-0.068568474	-0.0469634534	-0.0120183305	-0.0761214236	0.0419198599	-0.046483736399999996	0.07283667320000001	0.0894537105	-0.0543655967	-0.017733597	0.028525854	-0.0798132369	-0.1128217862	-0.0084037203	-0.05995645910000001	0.124699985	0.1327567816	-0.064247558	0.0104415467	0.0608450665	0.054624207800000005	-0.0580995117	-0.0073085397	0.1091161302	-0.0262016973	0.0689612616	0.06209788650000001	-0.1045810769	0.066554237	-0.0026672584	-0.0422536228	-0.0707673901	-0.1222602371	-0.09426015859999999	0.0628067996	0.0192441915	-0.0694454435	-0.0430785941	-0.043171018	0.0530123755	0.026859196600000003	0.013663004099999999	0.066213779	0.0676355956	-0.0531260579	0.0904373636	0.052641619699999996	0.0008900264	0.016923299999999995	-0.00030530000000000135	9.320809000000084e-08	0.0002863980828899998	0.207048	-0.09918400000000001	0.042868874304000014	0.009837465855999998	0.158178	0.006195000000000006	0.025020279684	3.837802500000008e-05	0.00121839	1.533000000000003e-05	2.350089000000009e-10	1.4844741921e-06	0.0009779189999999998	0.00035335199999999987	9.563255705609995e-07	1.2485763590399995e-07	-2.66732e-05	9.88008e-05	7.114595982400001e-10	9.761598080639999e-09	0.0	0.0	0.0
8244.15338513304	-21.21552933804378	450.0986850933963	67966065.03760058	10090.683141543572	-5.330099795213755	28.40996382693771	101821886.26303165	6271.671122063036	-7.553896318118858	57.06134958488966	39333858.66331942	6593.849744483272	8763.059449797087	0.9425690000000002	41.442402	0.11666010000000003	0.0919828	0.0674914098	0.0679540007	-0.0169095989	-0.0829285275	-0.0831484061	0.0591368321	-0.0392799718	0.0261225808	-0.0104995633	0.1319088408	-0.0386863931	-0.010824181399999999	-0.12577544529999998	-0.0627241712	-0.0322513031	0.0250215035	0.0564647613	-0.0269228518	-0.09678805	0.012065758999999999	-0.0359980823	0.0099956322	0.09077140289999999	0.0667633242	-0.022923705699999998	0.14629180519999999	-0.04227659190000002	-0.009018358399999999	0.0539631344	0.029237676400000006	-0.1389404379	-0.026357077799999996	-0.0877728785	0.09042875480000001	-0.11690878619999999	-0.0692839343	0.0001582396	0.0722973645	0.0373228508	-0.0065077072	-0.07055980190000001	0.0043024943	0.0025349972	-0.0371701039	-0.0902005491	-0.051914429000000005	-0.06173474530000001	-0.044897922	-0.001283722	-0.0734805698	0.1726763503	-0.0370360603	0.0058435036	-0.0408284955	0.1275700635	0.029041398	-0.0594829047	-0.1380492103	-0.1249517053	0.009333341700000001	0.0734112433	0.1651835875	0.0369679258	0.1063611503	0.0590026454	-0.0316028831	0.11844772529999999	-0.019158375800000002	-0.1505145939	-0.0749888397	-0.0348235036	0.0357099351	-0.0057514995	-0.0496694503	-0.04930281809999999	-0.09646839300000001	-0.05585572	0.06278263440000001	0.18371005199999998	-0.1737535771	0.022136779900000004	-0.0057763951	-0.0304006383	0.0823748557	-0.0299542834	-0.029299957999999997	-0.0446605001	-0.0147258015	0.015808812	-0.0183324282	0.08423608490000001	-0.028195868399999997	-0.06141006	-0.1923794888	-0.0306980162	-0.0899676273	0.0401437059	-0.0067626731999999995	0.0785646873	-0.08414748130000001	-0.0328344713	-0.0562365791	0.1008564409	-0.029616136	0.0671467074	0.0514529166	0.1748436687	-0.0479161179	-0.0305893925	0.018377325	0.0553270753	-0.009449273499999999	-0.0509205057	-0.037280985	0.0047584917	0.0317803234	0.0408056001	0.0666673106	0.0113686301	-0.0817476498	0.0188815475	-0.0513052881	0.0494764089	-0.0488284596	0.0881952933	0.055713670300000004	-0.0252888346	-0.07789177900000001	0.0332832276	0.16312455369999998	-0.0484747984	0.0347385824	0.0820793125	0.0578419646	0.0722453648	0.0328481556	0.2048589418	-0.0138359946	-0.039565986000000004	-0.026640619700000003	-0.0191912111	0.07943187360000001	-0.0576625023	0.0476567373	-0.011488329299999999	0.2549396104	-0.0315246415	0.057911759699999996	-0.0048300031	-0.055485328	-0.0425575852	-0.0102200187	-0.061859933	0.0358468069	0.077930672	0.1859481247	-0.0049416277	-0.15202031929999998	-0.015100663700000001	-0.013692624399999999	-0.037007950899999996	0.0349833824	0.10265880050000001	-0.028385255499999998	-0.090877624	0.1298049138	-0.0215864533	-0.000338985	0.036361993100000004	0.0818312301	-0.0383291815	0.061786430499999996	0.09853444439999999	0.0169864571	0.0865053313	0.0045380363	0.0674457321	0.10280966050000001	-0.0337085294	-0.1050149218	-0.039925603	-0.0676437038	-0.10212376570000001	0.08126123639999999	0.10755381480000001	0.1067773576	-0.0019220729999999998	0.034344170099999995	-0.062325582000000004	-0.006693989399999999	0.009365746	0.08631146449999999	-0.038495555699999996	-0.1906779454	0.036331601	0.0895385782	0.0495385296	-0.0044488346	0.016792500000000002	-0.00013079999999999342	1.7108639999998282e-08	0.00028198805625000004	0.116301	-0.090747	0.013525922601	0.008235018009000002	0.167346	0.00916800000000001	0.028004683716	8.405222400000018e-05	0.0010861000000000002	-0.00013228999999999975	1.7500644099999934e-08	1.1796132100000004e-06	0.0010845300000000002	0.00010661100000000038	1.1762053209000006e-06	1.136590532100008e-08	6.671180000000001e-05	9.3385e-05	4.4504642592400004e-09	8.720758225e-09	0.0	0.0	0.0
8221.471491489978	-22.681893643062722	514.4682992352091	67592593.48538244	10089.999478735741	-0.6836628078326612	0.4673948348136383	101808089.48088747	6271.590512832198	-0.08060923083758098	0.006497848096226415	39332847.56064684	6597.630490617924	8756.50836635867	1.076967	47.35154	0.14241378	0.110171	-0.0465938572	0.0856141161	-0.08424636279999999	-0.0409581406	0.0526417154	0.0497485634	0.0447070751	0.1143146137	-0.0328076749	-0.025184737000000002	-0.1122408254	-0.051353977800000006	-0.0552842067	0.0001078807	-0.00042268519999999997	0.061032496299999996	-0.10463805949999999	-0.0708354797	-0.0417240913	0.0315507161	0.011428311200000001	-0.0690799567	-0.084351897	-0.04473189	0.0758492138	0.06850411	-0.0508587363	0.026338300699999997	-0.0376201833	0.0006886799000000001	0.0072036409	0.0432529172	0.0667891097	0.0394561187	-0.1361003563	0.0347715692	0.09435064300000001	0.0192015881	0.0900450994	0.10817169060000001	0.06470645530000001	-0.0021373169	-0.1197948777	0.0079528074	0.1695556163	0.0181466447	-0.1105896042	0.0666136422	-0.0304363615	0.0667713585	0.137188844	0.0436132495	0.0447069936	-0.1020094493	-0.0115759848	0.0721020837	-0.0156796976	-0.1059327359	-0.054398853899999995	0.0026801628999999997	-0.0790874595	-0.0048227367	0.0937965692	0.029780748500000002	-0.0852790616	-0.0804444352	-0.10157263470000001	0.0832076931	0.0455674959	0.0837315448	-0.1031373535	0.0254139831	-0.1160263091	0.0259512525	-0.0208859437	-0.0809590567	-0.0679665993	0.1504444686	0.0407808982	0.1471735966	0.0819269859	0.1213421331	0.045872492699999996	0.051540039100000004	0.0680603154	0.0721363586	-0.028706689700000006	-0.0345092361	-0.0953891243	-0.060494169699999996	0.0105158312	0.0671861875	-0.09590756339999999	0.041490013900000004	-0.12245814880000001	0.1131497675	-0.0183296423	-0.0170120195	0.0096404777	-0.0527185607	-0.0461048316	-0.1913007531	-0.08283305490000001	-0.08137354179999999	0.0805870251	0.021427685499999998	-0.0385025413	-0.0798731946	-0.1420437349	0.0697652496	0.0699496233	0.054479558899999996	0.09624697060000001	-0.0422488008	-0.1290202715	-0.0369627815	-0.001138401	0.0166395715	0.014296239099999997	-0.09089373619999999	-0.1028087202	-0.034168679900000005	-0.0655659091	-0.0747554569	0.050409376500000005	-0.0816961345	-0.0889151867	0.027667841800000002	0.0434642778	0.1257183667	0.0841999917	-0.06523099660000001	0.030334525	0.032456225400000004	0.15514017119999998	-0.025533505800000002	0.056794336699999996	-0.0054308873	0.030236166000000002	0.07698704	0.042600542699999994	0.0591047812	-0.1075208399	-0.0766997313	-0.002230081	0.0076958120999999985	0.1656442344	-0.1208844939	-0.0241778552	-0.0084009875	-0.0033910028999999996	-0.1120123105	0.037303344599999996	0.1115872606	0.0084831691	-0.1040583279	0.0945320244	-0.0023540604	0.0397561622	0.0515607783	-0.07522887019999999	-0.129904107	0.0196544696	0.1043392333	-0.0540050461	0.0661835107	-0.1966906352	0.088741739	-0.0062913379	0.0217478419	-0.0716240611	0.015479068300000001	0.05931249440000001	-0.0253775291	0.0046493604	-0.0424176617	0.1079897249	0.0453565765	0.0557707266	-0.0797135378	-0.0421143582	0.048239240499999995	-0.014931146299999996	0.009790993199999999	0.0029195004	0.030815186600000002	-0.0158540876	-0.20767311579999997	-0.0711319893	-0.1551823504	0.0469418298	-0.0217092853	0.007579732	0.1503972725	-0.046542436	0.0886136913	0.0463776798	-0.0097760258	0.0168357	4.319999999999671e-05	1.8662399999997162e-09	0.00028344079449000003	0.00958998	-0.10671102	9.19677164004e-05	0.0113872417894404	0.189519	0.022173	0.035917451361	0.0004916419289999999	0.0008200239999999999	-0.0002660760000000003	7.079643777600016e-08	6.724393605759997e-07	0.00108505	5.199999999997306e-07	1.1773335025e-06	2.7039999999972e-13	6.9847e-05	3.13519999999999e-06	4.878603408999999e-09	9.829479039999935e-12	0.0	0.0	0.0
8228.91992814669	7.448436656712147	55.47920862905322	67715123.18384972	10056.09068751304	-33.90879122269871	1149.8061221845692	101124959.9154865	6269.970326845039	-1.6201859871589477	2.625002632986214	39312527.89951729	6591.50294982677	8590.095047690667	1.066188	46.877605	0.15125507	0.105432	0.054319320899999995	0.13521521949999998	0.0194263037	0.06678074099999999	0.10362920689999999	0.0527211301	-0.0806632987	0.0195558866	-0.0810246636	-0.1004782907	-0.0804531622	-0.076652553	-0.1567477615	0.0918240676	-0.0215747258	0.058150953099999986	-0.0138783248	-0.107686121	-0.11940244189999999	0.0027768665999999996	-0.0395223776	-0.0010863641	0.0152938872	0.0095983934	0.0489661997	0.0035451363	-0.0121943872	-0.0309131937	-0.095996187	-0.0710328038	-0.0934643322	-0.0624524621	-0.1334089782	0.1303113791	-0.0689337931	-0.0382674615	0.0442545259	0.0542272445	0.0484698208	0.050895793700000004	-0.0614664806	0.0326773737	0.1092043469	-0.0816942029	0.026624025699999998	-0.149583559	0.08609585869999999	-0.0516088046	-0.034435954399999996	-0.010468654499999999	0.039040608399999996	0.0961689374	0.0402387618	-0.0498688068	0.0838442986	-0.019352173400000002	0.1085079446	-0.0586473541	0.0714613416	0.0003910936	0.07928257030000001	-0.0179366566	0.06048418150000001	0.0718717858	-0.025762267000000002	-0.0817516068	0.0092716454	0.0464346203	0.0188468693	0.0327046889	0.0067811508	-0.1051996614	0.0290479602	-0.0642846113	-0.0239648818	0.0647060772	0.0857841359	-0.025023022000000002	0.046406159100000004	0.09941960050000001	0.0723263726	-0.1328074735	0.0685004262	-0.053191410099999996	-0.0234328329	-0.06912366730000001	-0.1047641543	0.0276379119	-0.0825883035	0.2506280578	0.0738018347	-0.013538371799999999	-0.0661151017	-0.0122876325	-0.0189491878	-0.15893334439999998	-0.0677661091	-0.0104086695	0.0275167152	0.028714863900000002	0.06312566019999999	-0.11608663279999999	-0.0538147155	0.0812216203	0.0354730709	-0.132448746	-0.0387108397	0.0321855346	0.0207728672	-0.08680027050000001	0.0902024522	-0.054368540800000004	-0.164959465	-0.15283355740000001	-0.0079627475	0.0744982066	0.1112006953	0.0124884357	-0.0468282932	0.0291196983	0.0709361562	0.0676907996	0.0621997612	-0.057629985099999996	0.0340560274	-0.0101433302	-0.0085735341	0.1051875076	0.0141914591	0.1096571418	-0.0510432254	-0.105183684	0.0167639763	0.096918799	-0.0837470009	0.0780725194	0.0343494396	0.014545619099999999	0.0329054956	-0.06477821269999999	0.011446096999999999	0.045118839400000006	0.0169351177	0.0214651798	-0.0155681044	-0.0008674210000000001	0.069901819	0.0310278629	-0.0619800567	0.018840743700000002	-0.1012713228	0.0970828455	0.0176879153	-0.0125752317	0.0300570178	0.0146579174	0.014933495	0.13975020230000001	0.1565242912	-0.0045860143	0.1842592257	-0.015106346699999999	0.0763486701	0.028318790400000002	0.12386133380000001	0.0221967115	-0.07465854870000001	-0.0959534116	-0.040161772400000004	0.0497602471	-0.0726553933	0.023836663199999997	0.0040914441	-0.0079948927	0.0693214555	-0.0567556821	0.0636757618	-0.10696883199999999	0.0024403988	-0.0279526269	0.0908789102	0.0124111955	0.022599108700000002	0.0810416033	0.0741407564	-0.0391302257	0.0791001082	0.030311097000000002	-0.17140337309999998	0.0386393497	0.0236026821	-0.1364728573	-0.0644972136	-0.051024512699999997	-0.0383842273	0.0876629727	0.0431627558	-0.015077573799999999	0.0168802	4.450000000000287e-05	1.980250000000256e-09	0.00028494115204000004	0.107628	0.09803802	0.011583786384	0.0096114533655204	0.152557	-0.036962	0.023273638249	0.0013661894439999994	0.000786405	-3.361899999999992e-05	1.1302371609999948e-09	6.18432824025e-07	0.0008603569999999999	-0.0002246930000000001	7.402141674489997e-07	5.0486944249000035e-08	0.000135746	6.589900000000001e-05	1.8426976516000003e-08	4.342678201000002e-09	0.0	0.0	0.0
8262.461533692764	33.5416055460737	1125.0393026084018	68268270.59575258	10091.034225609656	34.943538096615164	1221.0508547095951	101828971.74242546	6268.938671597113	-1.03165524792621	1.06431255057369	39299592.068245776	6590.206381922977	8643.463482622914	0.98511	43.312813	0.07857325000000001	0.0479481	0.0498618382	0.0777901855	0.0585761216	0.018604823899999998	-0.09845345789999999	0.0321890735	-0.0595382282	-0.049522519	-0.06788889690000001	0.1067623441	0.019207031200000002	-0.11997652980000001	-0.065221831	-0.032747056499999996	-0.0883199245	0.052462837199999994	-0.1097861205	0.1212446357	-0.14419795130000002	0.0692059137	-0.0490551549	-0.0592582491	-0.0005342688999999999	-0.0872203832	-0.10810989369999999	-0.0165472063	-0.09135906710000001	-0.08949975369999999	0.048329493099999996	0.051811709000000004	-0.12495306210000001	-0.0988196978	-0.0403108381	-0.0935010358	0.03419057	0.0330101882	0.0594459892	-0.0107062184	0.0655588926	-0.021340887000000003	0.022301771	-0.0281592123	0.0305881473	0.021310574900000004	0.009354780200000001	0.2573204673	0.049699158099999995	-0.05042705150000002	0.027913066099999998	-0.1201949392	0.1140599628	-0.0153249171	0.052827966399999995	-0.0191956279	-0.0211625123	0.0810013255	0.021069392200000002	-0.0241938653	0.1173171495	0.0097097772	-0.0611097542	0.0591528987	0.08043010469999999	-0.011894154399999999	-0.1462361875	0.051806885899999995	0.0372736085	-0.0033652353000000004	0.0566590958	-0.0378500074	-0.113684022	-0.106370844	-0.0287733963	-0.02852954	-0.1095213236	0.1438612508	0.07402957519999999	-0.0311457147	0.1041324076	-0.0382381996	-0.024191887000000002	-0.0200298231	-0.0910873548	0.044586491	-0.045974302300000006	-0.034221211200000004	-0.0359704718	-0.06741812309999999	0.0170920671	0.15015364539999998	-0.0642456166	0.0528936551	-0.010682850700000001	-0.1102918398	0.018283838700000003	0.0523619434	-0.0561013536	0.030076876800000006	0.0061442384	0.0480296875	-0.0226285417	0.0153028825	-0.035181372999999995	-0.0768967198	-0.10813006060000001	-0.09402522099999999	0.0181446563	0.035657544900000004	-0.015252936699999999	-0.098073689	-0.022784499500000003	0.012394268500000001	-0.0513099692	-0.0315361396	-0.1465299707	-0.0427909091	0.028282430600000002	-0.1113006833	0.1453152467	-0.071520418	-0.0118370448	0.02167136	0.0592265592	-0.031459815	0.1086080593	0.1121827099	0.009229862	-0.0036208211	-0.05693595150000001	0.079953407	0.06321993940000001	-0.111959092	0.0339614418	-0.006676558000000001	0.0883446461	0.07037024230000001	0.048905497400000005	0.0044961894	0.08984715230000001	0.0475567056	-0.0564884189	-0.0546676292	0.11827810779999999	-0.0754769392	0.050785568600000004	0.10005040679999999	0.1100084147	0.056810308899999995	-0.06506685059999999	0.0188701615	0.04503133	-0.0225636446	0.0652036819	-0.1097939792	0.09816165199999999	0.0370595297	0.018542982	0.0030327369	0.0434932894	-0.15409939179999999	0.06765000040000001	0.0205753565	0.07113157889999999	-0.0224988826	-0.10222853960000004	-0.0746516687	0.0053127801	0.0373285558	0.0751989528	0.014556555700000001	0.0323117518	-0.0539699458	-0.077855677	0.019172089399999998	0.0555504359	-0.037724477	0.0654234128	-0.016877070900000003	-0.0876865526	0.0892483438	0.0204456501	-0.0914392882	0.0319582463	0.0061627726	-0.02240048	-0.0278070931	-0.1193660299	0.0163724075	-0.041624174	0.006731555500000001	0.1127104867	-0.08944407929999999	-0.1212150226	0.0083091695	-0.079798316	0.08668669949999999	0.039897505800000004	-0.020339572099999998	0.016631	-0.0002492000000000015	6.210064000000075e-08	0.000276590161	0.0626991	-0.044928900000000015	0.003931177140809999	0.0020186060552100007	0.148002	-0.0045550000000000035	0.021904592004	2.074802500000003e-05	0.00105361	0.000267205	7.139851202499999e-08	1.1100940321e-06	0.00100079	0.00014043300000000025	1.0015806241000002e-06	1.9721427489000067e-08	0.000304911	0.00016916499999999998	9.2970717921e-08	2.8616797224999994e-08	0.0	0.0	0.0
8261.99394380012	-0.4675898926434456	0.21864030770230905	68260543.92738986	10100.485818566978	9.451592957322646	89.33260943091102	102019813.77107264	6281.959710991004	13.021039393890533	169.54746689724914	39463017.810514174	6607.098433930906	8872.742732288443	1.035976	45.549274	0.09957059	0.06216140000000001	-0.0480198122	0.013136182	-0.0571686719	-0.1094878973	-0.05359170480000002	0.0303603466	0.0566548288	0.05071814	-0.0283940072	0.10387861220000001	-0.0669308173	-0.0131294695	-0.11655541330000001	-0.09679835390000001	-0.0248486486	-0.0042326187	0.0185007064	0.11909786300000001	-0.0080581538	0.0378830419	0.033077786899999996	0.1047618925	0.0318409275	0.05886402	-0.12349399220000001	0.046019985199999995	-0.058417035	-0.0099335876	-0.09297681669999999	0.106270012	0.0305604646	0.0452174285	-0.0797652133	-0.0640154025	0.0148912455	0.044637574299999996	0.1178689172	-0.150466771	-0.0356958	0.055378952599999996	-0.0542112512	-0.0618703993	0.032117304900000004	0.1825398805	-0.0911786375	0.0058637642000000005	0.0460003307	0.0554800271	-0.0003332372	0.0021014175	0.1588632801	-0.0207934575	-0.0062802103	0.0100878476	0.0649682904	-0.0628204354	-0.0162558286	-0.0037549007	-0.0400150722	-0.0186285843	-0.1810488991	0.0715455787	0.0611024809	-0.0144285249	0.10120008550000001	0.0363139838	-0.030445439100000006	-0.0364230602	0.0015110108	0.0597890691	-0.09012727890000001	-0.024593087200000002	-0.1158243584	-0.084245439	-0.08308953570000001	0.0880295433	-0.09550910800000001	0.0799204295	-0.0001080115	-0.1040537059	0.010831306200000002	-0.1317669522	-0.0065731528	-0.0797899477	-0.0190777395	-0.1198635576	-0.07949573230000001	-0.015550155100000001	-0.0679202122	-0.11468587710000001	-0.0406135161	-0.0908876179	-0.042810823	-0.023793311299999998	-0.0004681235	0.07218182320000001	-0.0088567648	0.1181101587	0.0196828741	0.0960216404	0.0166675394	0.040775358399999996	-0.1082396844	0.0086874763	-0.0577533666	0.007653516999999999	-0.08372266190000001	0.0356612746	0.044055118600000005	0.050183652999999995	0.12447723949999999	-0.0148408471	-0.0158849565	0.080269164	0.0365187816	-0.042738270300000006	0.015531773	-0.022647205400000002	-0.1116972147	0.0564530776	-0.0825537051	0.0206291598	-0.057535179699999994	-0.0430398753	0.0794204267	0.0182980963	-0.0921826889	-0.0791089227	-0.0032127625	0.0710224851	0.0571279478	0.094796481	0.0796411482	0.037413235499999996	0.0931676149	0.1505977484	-0.050854149	-0.0526314042	0.0386327059	0.0383162794	-0.10031478810000001	0.042020922300000006	-0.013629703600000001	-0.060919735999999995	-0.034616835299999996	0.1065186492	0.047567245599999995	0.07586722530000001	0.0211709532	0.0051203672999999995	0.0341033189	-0.0016696577	-0.06284849519999999	-0.1337267253	-0.0643241646	0.0996705175	0.07233552780000001	-0.0357770296	0.0336701803	0.0209945319	-0.0945754378	0.0205122954	0.0840299164	0.08681257279999999	0.1762363638	0.0245118007	0.042773175700000006	0.1548522634	-0.1001972694	0.021500716	0.0046765732	0.0198647927	-0.0059005142	-0.000816768	-0.010582787199999999	-0.07154229	-0.1835890909	-0.0874240253	0.0553281868	-0.0213757867	0.017146391299999997	0.0432203096	0.007903036899999999	-0.0190875163	-0.0225641451	-0.017998658100000002	0.0038408949	0.0615404024	0.0193868119	-0.0534765907	-0.041620769	-0.0268079273	-0.010490918	0.052315495999999996	-0.0362782845	0.08568515619999999	0.0365857372	-0.025548217999999998	0.016970599999999995	0.00033959999999999546	1.1532815999999693e-07	0.00028800126435999984	0.00461411	-0.05808499	2.12900110921e-05	0.0033738660633001	0.16328	0.015278000000000012	0.026660358400000004	0.0002334172840000004	0.0008506789999999999	-0.00020293100000000005	4.1180990761000016e-08	7.236547610409998e-07	0.0008603569999999999	-0.00014043300000000025	7.402141674489997e-07	1.9721427489000067e-08	0.000130915	-0.000173996	1.7138737225e-08	3.0274608015999995e-08	0.0	0.0	0.0
8233.554472377926	-28.4394714221944	808.8035347738121	67791419.24961454	10073.876853409709	-26.608965157269267	708.0370267407698	101482994.8576639	6278.582485292149	-3.3772256988550002	11.405653421006642	39420598.02461734	6600.747835889304	8955.254889149139	1.087211	47.80196	0.09346104000000002	0.053766	0.0066498162	0.0395608158	-0.0052113522999999995	0.043234910599999996	0.1202536807	0.0445406661	-0.0345878799	-0.0012973703	0.044341156799999996	-0.0811124172	-0.0526944054	-0.06826202070000001	-0.0401443189	0.0030805064000000004	0.0599234762	0.0407934661	0.026641121400000002	-0.0223718163	-0.013051785900000001	0.09049745669999999	-0.025208283999999997	0.08461106269999999	0.0766844822	0.0231476986	0.0076595078000000014	0.038029043	-0.07638384849999999	-0.0515799179	0.0030310086999999998	0.07148227110000001	-0.0154358635	-0.0248138584	0.0697757454	-0.0511308089	0.1201537842	-0.0034895011	-0.058487365	-0.0985745548	-0.0917151465	-0.040655772400000005	0.048746126900000006	0.0046866574	-0.0613315038	0.0422998563	0.1197501691	0.0088553444	-0.0668315701	-0.020475980300000002	0.0251712867	0.0246958477	0.0853428032	0.0855003608	0.06609659799999999	-0.1332927312	0.1141263884	-0.11739489439999999	0.0084065484	0.19335451399999998	0.040364628199999995	0.0104473029	0.051883999800000004	-0.052681287300000004	0.0727446696	0.0232880442	-0.043161845	-0.0844057409	0.0047730338	-0.1479628389	0.0244432105	0.1307594005	0.0018064771	0.011254789	-0.0185955936	0.0252015138	-0.0084260264	0.042759095899999995	-0.0278536022	-0.1016766527	0.030786883199999997	-0.0169462425	-0.0832740478	-0.010105643499999999	-0.0135071162	-0.1205428869	-0.1558248113	0.0277723527	0.0959319984	0.0800009212	-0.1157417713	0.016597733	0.10376996960000001	-0.0076391352	0.08227028809999999	0.063599697	-0.0351597959	-0.092528224	-0.016498529799999998	-0.0654178909	0.0826319033	0.0720478034	-0.0127822309	0.0547386596	0.0052142169	0.0644256734	-0.1002936982	-0.0034429646999999996	-0.0191272197	0.0771962986	0.0197463741	0.0763279237	0.0536809819	-0.0834765637	-0.0733116908	0.0242006713	-0.0002869702	-0.0491665542	0.0303891762	-0.2168643532	-0.015108648200000001	-0.0386082482	0.0073794526	0.046675224	0.0291344137	0.0025531126	0.049908811799999994	-0.07626253870000001	0.0231693405	0.05714592280000001	0.0354832874	0.1796320462	0.0019143401	0.0918910434	0.0142063443	-0.076671532	-0.1665110406	0.028521539500000002	-0.0229802214	0.0145735037	0.1542594344	-0.052324573099999994	-0.0535680025	-0.0283808048	0.029040378999999998	0.0218351516	-0.1128101058	0.009581421	0.0178896889	-0.0666544297	0.025043831800000003	-0.020968622	0.0750045755	0.0058225225	-0.0349884862	-0.0944121089	0.022509017000000003	-0.0152330369	0.0046064612	0.11898642470000001	-0.0769817537	0.0634998945	-0.1448927823	0.1334031212	-0.0798983245	-0.0841906568	0.06224480440000001	0.073937931	0.011694221599999999	-0.098441066	0.025203001200000002	-0.035616703300000004	-0.055210229699999995	-0.046459713799999997	-0.0146486799	-0.008365965999999999	-0.088411616	-0.034367342099999997	-0.11642485429999999	0.08626666960000001	0.1381958116	0.0320325333	0.1455170852	-0.059089368499999996	0.0314322258	0.0318859005	-0.0412231826	-0.0201886309	-0.0424705939	0.061173025	-0.1142919987	-0.0349473078	0.057652145099999996	-0.047185987400000004	-0.1777620979	-0.0012424897	-0.0235396319	0.0846586349	0.0332313112	-0.0306898489	0.016684400000000002	-0.00028619999999999335	8.191043999999622e-08	0.00027836920336000005	0.0372607	0.03264659	0.0013883597644899993	0.0010657998386280998	0.122066	-0.041214	0.014900108356000002	0.0016985937959999998	0.000968768	0.00011808900000000018	1.3945011921000037e-08	9.38511437824e-07	0.000943331	8.297400000000021e-05	8.898733755610001e-07	6.884684676000033e-09	0.000316137	0.000185222	9.994260276900002e-08	3.430718928400002e-08	0.0	0.0	0.0
8224.734468074043	-8.820004303883252	77.79247592051908	67646257.07032521	10088.543920686592	14.667067276883245	215.1228625046193	101778718.43962242	6274.728703478214	-3.853781813934802	14.851634269414614	39372220.30225339	6598.422965037165	8628.08824714537	1.023344	44.99387	0.05581720000000001	0.0353261	-0.0049576576	0.1106709477	0.0743497792	0.043628759100000004	-0.0751152824	0.029114143399999997	0.0248225483	-0.0598073213	-0.0826504968	0.1487376658	-0.024841392599999998	-0.1075629702	-0.0632891037	0.0309084814	0.0888516575	-0.0159827859	-0.07060978429999999	0.019532446000000002	0.0001261548	0.0248427619	0.0031037003999999997	0.0440189603	0.0201954169	-0.0439440738	0.0499092055	-0.1393806998	-0.0017604914000000004	0.0532336422	0.11454966550000001	0.009616261	-0.016800408500000003	0.0443178613	-0.043258793899999995	-0.0796631075	0.0529095724	0.12985086939999999	-0.0540400467	-0.2085991596	-0.0198816959	-0.0834404448	-0.0120325706	0.0003009972	-0.0747171814	-0.0036943096999999996	0.1367136837	-0.07017181230000001	0.11431548550000001	-0.0078989183	0.0475693746	-0.1279433915	0.1093296559	0.029529570499999998	0.0859098892	0.0440876176	-0.0090459139	-0.1199835312	0.08452925789999999	-0.005533246800000001	0.027043451800000003	-0.0114324289	-0.0647585002	-0.0997258208	0.0792509805	0.0312048766	-0.0487169279	-0.036179686600000004	0.07359172309999999	-0.0954383875	0.0489880966	-0.0732859667	-0.0045285605	-0.10744686210000001	-0.0259336868	-0.0067867822999999996	0.0553032501	-0.0647540455	0.0892284233	0.0394754642	-0.2092167704	-0.06238311940000001	-0.0506905157	0.11370734199999999	0.018606731499999998	-0.0030237790000000003	-0.015296588500000001	-0.06863846259999999	0.024303031	0.0710589854	0.0774951713	-0.2018517224	0.103191404	-0.0026347359000000003	0.009883800600000001	-0.12625086119999998	-0.0499462025	-0.0002479671	-0.1163076665	0.0690396721	0.0694543852	0.0114383907	-0.0008407466000000001	0.062366737400000004	0.103463464	-0.1113168604	0.0324172878	-0.0316935324	-0.0605317475	0.0076939337	-0.1595193659	0.014279693999999999	0.0758407525	0.0701896704	-0.0721028168	-0.1475217448	0.060502096100000013	0.0186978376	-0.0015566548999999999	-0.030207813700000002	-0.1004051449	0.0750694218	-0.0725686758	-0.1163021843	0.011107927	0.004977596	0.1099028234	0.0922271628	0.0004417541	0.01321999	-0.0686311294	0.11058257	0.0287106965	0.045026085599999995	-0.1085907081	0.0412326256	-0.0335656248	0.013787319199999998	-0.1245782399	-0.0356168765	0.0807101913	-0.054410962800000004	-0.0140752259	-0.0244375744	0.059391028	-0.0663200766	-0.10855623210000001	0.0569294845	0.0127136022	0.059149389800000014	-0.0386845671	-0.0597663179	0.033774913	-0.0691899519	0.0229521264	0.0940020643	-0.1643708991	-0.07944453929999999	0.0800328854	0.0455633005	-0.1434387352	-0.133823997	-0.0507172507	0.09649839589999999	-0.11202876279999999	-0.0242701026	-0.0056647689000000005	0.0274470408	0.0797610934	0.0719807254	0.040527314700000004	0.021392256800000002	0.1226119222	0.1114919233	-0.07317941389999999	-0.0095230047	0.09315936179999999	-0.0002365789	-0.1111585217	0.139059189	-0.0265887511	-0.0774684388	-0.0457589006	0.0035594615999999996	0.0425546989	0.0463395956	0.0395510024	-0.07357889299999999	0.17142795149999998	0.0065250149	-0.043076662300000006	-0.0877676059	-0.0014515131	-0.023535078799999998	0.1032710437	-0.0287768486	0.026456567200000003	0.0836074347	0.0298381391	-0.0357509779	0.0165217	-0.0001627000000000017	2.6471290000000565e-08	0.00027296657089	0.0315133	-0.005747399999999993	0.0009930880768899998	3.3032606759999915e-05	0.15520499999999998	0.033138999999999974	0.024088592024999998	0.0010981933209999982	0.00108745	0.00011868199999999995	1.408541712399999e-08	1.1825475025e-06	0.00105057	0.00010723899999999997	1.1036973249e-06	1.1500203120999992e-08	0.000425578	0.000109441	1.8111663408399998e-07	1.1977332481000001e-08	0.0	0.0	0.0
8235.3607113992	10.626243325157704	112.91704720545862	67821166.04685754	10098.37776172337	9.833841036777812	96.70442953661531	101977233.41846909	6280.939854753691	6.2111512754772775	38.578400166863005	39450205.45903332	6608.227467716034	8646.492754908604	1.012318	44.509102	0.04916408000000001	0.029286400000000008	-0.056387035499999995	0.1190219032	-0.0245221927	-0.0591247453	-0.0448786826	0.012605783600000002	0.0599250835	0.0722923461	0.09420047349999999	0.044696195999999994	0.030648980699999998	0.0043735848	-0.1418806148	0.1148374818	0.0449468212	0.029933824300000002	0.1407323687	0.0677839196	0.0391440208	0.0785303176	0.0033461808	0.0877517387	-0.0770706933	0.0165624034	-0.0085723199	0.0072044477	0.0556427646	0.12075281310000001	0.0569793212	-0.0383022146	-0.10799215039999999	-0.0166863541	0.0392127264	-0.0072697278	0.1575272255	-0.0927621979	0.0558125395	0.07166356780000001	0.0201846605	-0.0178397002	0.005170629	0.0523314546	-0.0547076228	0.013700696799999999	0.0246768517	-0.0122462553	0.050610780099999995	0.0581717048	-0.0169169021	0.0300587379	0.0711097438	-0.09714464240000001	0.046236379	0.0056941134999999995	0.1022444542	0.0367665809	0.082197943	0.14250615	0.0240822027	0.048651125	-0.007552085999999999	-0.13891040289999998	0.028814799199999998	0.007282159399999998	-0.0764702176	0.0138599298	0.0159680826	-0.029068682599999996	1.21567e-05	-0.0214346337	0.0017340447	0.030061912200000002	0.0041460406	-0.030259194500000006	-0.08747250720000001	-0.0189313415	-0.0625765179	0.1272319484	-0.028258129700000002	-0.0261253206	0.045004093200000005	-0.0940644318	0.055410440899999996	0.1187945476	-0.0340678774	0.0833627663	0.050598505999999994	0.0025924246	0.1092472906	-0.0996828473	-0.0555709236	0.045681993	-0.074825397	-0.07971840200000001	0.08401144519999999	0.011205114399999999	-0.0151506123	-0.0052947984	-0.1638332133	-0.0282142092	-0.11519145539999999	0.061513974900000004	-0.011988149699999999	-0.0085560427	0.0315535702	-0.0894317463	-0.014300596100000004	-0.036085801699999996	0.07091201700000001	0.0455824978	0.1524441399	-0.022291132400000004	0.044627078	-0.0066715049	0.0239175209	-0.0472168713	0.0676147006	0.0048416039	0.1023826225	-0.0053741661	0.1348804774	-0.0283652135	-0.0623041207	-0.0389671953	0.010413337	-0.0234328164	0.0196093707	-0.129262215	-0.0335618014	0.09519814039999999	0.020991184399999998	-0.0199045875	0.10212411539999999	-0.07230492320000001	-0.1101236311	-0.0324055887	-0.08889765949999999	-0.052822064800000006	0.045904342300000005	0.0250994492	0.0596659642	0.0046495158	0.0597055275	-0.08898763900000001	0.0092720399	0.0429487451	-0.014525355600000001	0.101099773	-0.053391443899999995	0.1438819718	0.0359650408	0.026594819	-0.0188461896	0.0585637143	-0.0697091744	0.0153079165	-0.045125483099999995	-0.1032406318	0.0644369076	-0.0902713125	-0.0518801197	0.0169645776	-0.1232949331	0.1315977925	0.0197513445	-0.0005647906	-0.0707178916	0.031175335499999998	0.0342583027	-0.1090839411	-0.0205232346	0.015308026899999999	0.0596095625	-0.0004868294	0.0218784937	0.0716712779	0.0249993884	-0.010042095899999999	0.017893179199999998	0.0544505134	-0.0790572421	-0.08015756610000001	0.035194819599999996	0.1791605482	-0.086119911	0.0173713444	-0.0014535747	0.0718740797	-0.0058659013	-0.0088250598	-0.0973088493	0.0670203481	-0.1165907617	0.0100863271	0.0882832549	0.082531862	0.0264101769	-0.0407183291	0.0167365	0.0002148000000000011	4.613904000000047e-08	0.00028011043225000003	0.00600042	-0.02551288	3.60050401764e-05	0.0006509070458944001	0.14298	-0.012224999999999986	0.0204432804	0.00014945062499999964	0.00105966	-2.7789999999999976e-05	7.722840999999988e-10	1.1228793156e-06	0.00093535	-0.00011521999999999996	8.748796225000002e-07	1.3275648399999993e-08	0.00034436	-8.121800000000002e-05	1.185838096e-07	6.5963635240000044e-09	0.0	0.0	0.0
8253.901967576336	18.54125617713544	343.778180626163	68126897.6903605	10081.73954140941	-16.63822031396012	276.8303752158752	101641472.18081802	6269.9746854679015	-10.96516928578967	120.23493746602516	39312582.55640831	6592.874336310882	8609.439202558247	1.093575	48.08176	0.20527358	0.134126	0.0764034241	0.0923128934	0.033870457	-0.0596028824	0.0997265231	0.008571344	-0.1270926458	0.0045696079	0.006007231700000001	-0.031124703700000002	-0.1078607755	-0.0283051692	-0.0164328145	0.0415679333	0.0042608621	-0.0600621643	-0.0207648656	-0.0401494653	0.025188210099999997	0.0606867922	0.045334933200000004	-0.0107083847	-0.0985952898	-0.0522958913	-0.0079380637	-0.0008342219	-0.0553316708	-0.0361824984	-0.0028649412	-0.1060252956	-0.0101414023	-0.0340848761	-0.08294105780000001	0.1139880792	0.040628645299999995	-0.066684682	0.0690376021	0.0624330513	-0.1352115016	-0.10283652310000001	0.0553079499	0.0855513708	0.050724879900000006	0.1512889617	-0.098511927	0.0301334159	-0.0425849804	-0.081496935	-0.0001395631	0.1004988014	0.10266447390000001	0.0533410004	0.0807654948	0.056922941799999995	-0.056801143	0.06478853700000001	0.0796713572	0.0222927494	0.0206361789	-0.1126944183	0.1789598662	0.0809585251	0.0429186051	0.0457964587	0.043759608	0.11685279529999999	-0.049900413899999996	-0.00539465	-0.0067498239	0.0402301529	0.0637683391	0.1173539341	0.026054991099999997	0.026005772200000003	0.0660490828	-0.1499975857	-0.0141333481	0.0882001399	-0.0772036488	-0.0667567645	-0.0058214514	-0.2666489785	-0.1322943041	-0.0101188063	-0.0099287132	0.0348424468	-0.0107144726	-0.0101522205	-0.0320143952	0.0251449263	-0.0093877881	0.06991255610000001	-0.039067787	0.0263209898	-0.0026057857	0.0262563717	-0.1595419884	0.12522721650000002	0.1577278748	0.049160983	0.0254585179	0.0282633511	0.0462142345	0.0093046096	-0.0209131133	0.0295104854	-0.0141441195	0.036012383599999996	0.1131334126	-0.0063239399	-0.0469778582	0.1077739043	0.10297131039999999	-0.0371858843	-0.031226843900000002	-0.0002607525	-0.042005442000000004	0.10842388300000001	-0.0869994723	0.061474512	-0.07544776	-0.0289625655	0.0927831776	-0.026713123999999998	0.0349424077	-0.08709477980000001	-0.0908219175	0.0245213456	-0.0820733729	0.04516742940000002	0.015335413899999999	-0.11015708119999999	-0.0100423979	0.046463324199999996	-0.022704817999999998	-0.10059969449999999	0.011408644499999999	0.1203173859	-0.0532618725	-0.021870528700000003	-0.1338921364	0.0067993023	0.021950371200000002	0.0724284812	0.0679726938	0.0237673071	-0.1286706144	-0.08793634199999999	-0.014097417099999999	0.009605315	-0.0068907317000000004	0.0155044147	-0.2394733188	-0.038870927	-0.11046374390000001	0.11504772449999999	-0.0194297083	0.0501010001	0.0739566938	-0.1150451361	0.0043341021999999995	-0.0056729084	-0.0781256281	-0.051400129100000004	0.038980456499999996	-0.0691770611	-0.09111603619999999	0.0625385536	-0.0977017212	-0.024583264100000002	-0.0590979538	-0.0695755758	-0.0062053829000000005	-0.0171373373	-0.0758042221	-0.1384846026	-0.0358742894	0.0376081073	-0.1004183976	0.0247908594	0.024133886099999998	-0.1054094511	0.010669611	-0.08798301230000001	0.0866336459	0.051275384699999996	0.02461954	-0.0486368879	0.0307364425	-0.0207802003	-0.1030912094	0.0644875846	0.0217916104	-0.1115245574	-0.10499453939999999	0.0814322305	0.0229514217	-0.0455788729	0.0303073	0.013570799999999996	0.00018416661263999994	0.00091853243329	0.132987	0.12698658	0.017685542169	0.016125591500096396	0.107883	-0.035097	0.011638741689	0.0012317994090000005	0.00129496	0.0002352999999999999	5.5366089999999963e-08	1.6769214015999996e-06	0.001242	0.00030665	1.542564e-06	9.40342225e-08	0.000293926	-5.043400000000002e-05	8.639249347599997e-08	2.5435883560000027e-09	0.0	0.0	0.0
8269.08994537827	15.187977801933814	230.67466971203427	68377848.52475598	10074.818746599092	-6.920794810317602	47.89740080651906	101501972.7768245	6274.11624869232	4.14156322441886	17.152545941858744	39364534.70210499	6593.907784329537	8755.412700664205	1.001374	44.027931	0.1324021	0.08940689999999997	0.0158600447	0.009521021	0.0551857433	0.0818647448	-0.028252634900000007	0.0362163825	-0.03878822	-0.0483678741	-0.1499959279	0.0330382233	-0.08304693169999999	-0.024389799900000002	-0.0318233773	0.040080165699999996	0.0160431285	-0.002719508	-0.025638611699999998	0.0714292216	-0.0274769394	0.026259359399999998	-0.0098434054	0.049193718899999996	-0.032270291	-0.0041296315000000005	-0.0147853285	0.049764953	0.0309294688	-0.14107522390000002	0.029691611899999998	0.07562737139999999	-0.1280984548	-0.0228308525	-0.16110971	0.005637067	0.1039799208	0.0057897622	0.0258063592	0.11116393810000001	-0.06403983070000001	-0.0306381167	0.0261650798	0.0705580784	0.0703317638	0.0168708054	0.1278361232	0.112778756	-0.0412891876	-0.0226988676	0.037690624	-0.1465117467	0.06620242330000001	0.1179694847	-0.0416348469	0.0197674241	-0.0709861381	0.1972540519	-0.050765426399999994	-0.050076780999999994	0.026202195499999997	-0.10920765310000001	0.027936405	-0.0183212354	0.032384522400000004	-0.049653671100000005	-0.054994876500000005	-0.054630150999999995	-0.0401668804	-0.1636702082	-0.1042559457	-0.041350531499999996	0.0045252131	0.0773171329	0.020733573	0.0282410548	-0.0287146816	-0.0691496421	-0.0520209457	0.1038214756	0.0460942936	0.023205095099999996	0.027694900699999997	0.1054359783	0.0250808073	-0.0201332332	0.0121291724	-0.08489280029999999	-0.052119255999999996	0.0216019248	-0.041391827	-0.0859373876	0.0020862668	0.1019293134	0.109516018	-0.0106894255	0.07662036009999999	-0.11006985279999999	0.1372325255	-0.0023631815	-0.1133918015	0.1253891241	-0.0347515916	-0.0445960498	0.1193858719	-0.0086974506	0.039256263799999996	-0.10542714130000001	-0.022634119100000002	0.0528541946	0.19385548170000005	0.0650948158	0.046981915	-0.0125185105	-0.0159552898	0.045732975999999995	-0.07120973280000001	0.1407821054	0.0211913858	0.0601619885	0.10492486640000001	0.034475466600000004	-0.0250835498	0.0614687371	0.0305145806	-0.008796041899999999	0.1136044478	0.11306323160000001	-0.0554774638	0.1173642843	-0.026413211000000002	0.0350280058	-0.0416803439	-0.1203945743	0.0429674793	-0.075025252	0.1290037227	-0.08525758900000001	0.05433430349999999	0.0722399877	0.0026001823	-0.0151860402	0.047417845800000004	-0.06583061650000001	0.0749355003	-0.1304763994	-0.095685533	0.0433201007	-0.0820267048	-0.10750678050000001	0.027315516499999998	0.0352865451	0.0159655231	-0.0314360109	0.053767004800000004	0.045494807400000004	0.0472593288	0.0099285847	0.0143571338	-0.1558981721	-0.0068984665	0.1053399616	-0.0508239734	0.0835115424	0.012632600400000001	0.0254826881	0.0056078876	0.1449245842	0.150318714	-0.054651392199999996	-0.1071738229	-0.0589993403	-0.120266556	-0.026037972200000002	0.0685287982	0.12661100949999998	0.0452252774	0.06977850099999999	0.07806250599999999	-0.0290009227	-0.0582694843	0.010229646	0.0702690299	-0.10942540349999999	0.0044870718	0.0324420956	-0.0677067655	0.0517191223	0.032348598900000004	0.0721061058	-0.0175844968	0.0327990169	0.0150918752	-0.06240378980000001	0.0454055263	0.0614620735	-0.0006762746	0.0803088607	0.0194659062	-0.0503198596	0.028239799999999995	-0.0020675000000000034	4.274556250000014e-06	0.0007974863040399997	0.0490659	-0.0839211	0.00240746254281	0.00704275102521	0.135665	0.02778200000000001	0.018404992225000003	0.0007718395240000008	0.00115896	-0.00013600000000000005	1.8496000000000016e-08	1.3431882815999997e-06	0.00130017	5.816999999999997e-05	1.6904420289e-06	3.3837488999999964e-09	0.000472386	0.00017846000000000002	2.23148532996e-07	3.1847971600000006e-08	0.0	0.0	0.0
8269.235702078679	0.14575670040903788	0.021245015714130018	68380259.09653266	10098.21076190735	23.392015308258124	547.1863801817824	101973860.59190144	6273.0569140306725	-1.0593346616478811	1.122189925368631	39351243.04666802	6598.259206093652	8849.167218476035	1.027399	45.172165	0.08114049999999999	0.0450963	-0.0324925977	0.008063096899999999	-0.045171861699999996	-0.0007215905	-0.0865530189	0.0015639879999999999	0.0407915456	0.0537450561	-0.0016530554999999998	0.05147810059999999	0.0625118027	-0.11332073029999999	0.0360156211	0.1258246612	-0.14091911199999999	0.09652444449999999	-0.1054326188	-0.0887009154	0.0550655516	-0.0303464783	0.0377455665	0.072411582	0.014948346999999999	0.135300834	0.024186805800000002	-0.023447250899999997	0.0141871797	0.048136642800000004	-0.0756289607	0.0613286714	0.1061703978	0.0948015739	0.0446616064	0.0487902776	0.0311237896	-0.0133451131	-0.0267099739	0.1475827628	-0.1040139265	-0.12277607880000001	0.0677860596	0.0211173719	-0.047252080700000004	-0.0493891653	-0.0241688262	0.07944506059999999	-0.0936523917	0.042222562000000005	-0.005377417099999999	-0.0045672735	0.005250409100000001	-0.1324367495	0.0595485886	0.025114054900000002	0.0535740147	0.11730336849999999	0.16612164210000002	0.1564468531	0.032943262200000004	0.0668959194	0.0063069821	-0.052536086100000004	-0.0808234846	0.0099078278	-0.1142235234	-0.0465363887	-0.1314258691	0.007060818199999998	0.1175707085	0.0355277794	-0.0079978998	0.055763852	-0.014428779199999997	-0.0073240258	-0.0232483083	-0.0895365744	-0.0243575489	-0.063698513	0.0165129533	0.0676318328	-0.0404016656	-0.024270212000000003	-0.1112005632	-0.065583585	-0.045091593099999994	-0.0078548066	0.1623295474	-0.050788639000000003	-0.0649883547	0.1093488813	-0.1240813696	0.0692535557	0.048599356600000004	0.0414972867	-0.0026359737	-0.1725782316	-0.015995111399999998	-0.0029627715	0.0781474381	-0.083811197	0.0155363206	0.0924083908	-0.0406639063	0.0242040748	0.0556404826	0.0274391482	-0.0008896905	0.0757411198	-0.0252884146	0.0811468513	-0.07676538200000001	0.0763609098	-0.09703785779999999	-0.016709722	0.121372042	0.0534444133	-0.099321718	0.0878315558	-0.1476356992	-0.07921836730000001	-0.0033576536999999997	0.053420345	-0.033849362200000004	-0.031757699199999996	0.0120222848	0.0201248247	0.055820546799999995	-0.1068015506	-0.0977866193	0.0275610998	0.07393513480000001	-0.1392980445	0.1388852382	-0.0228815375	-0.1101382117	-0.1018597434	-0.0373404127	-0.0389773581	0.0389163831	0.0254890091	0.0915870833	-0.10899268029999999	-0.0087686076	-0.0458994684	0.0554977131	-0.0890865806	0.09546748810000001	-0.1136026274	-0.0320961031	-0.0117638378	-0.0172156752	-0.0055459346	-0.0402242624	-0.08247512809999999	-0.0029768607000000002	0.1009462387	-0.0070825507	0.1556195776	0.0357153478	-0.0222963722	-0.1504377624	-0.0898923023	-0.09595365289999999	-0.07259942230000001	-0.0097925018	0.0281230011	-0.0709481667	-0.1942156534	-0.011451216	0.07182281139999999	-0.0353435848	-0.147419194	-0.032396438	-0.024434613199999997	-0.1146700615	0.029893494	0.0042592590000000005	-0.0340934586	-0.015347656699999997	0.1343456441	-0.0372806271	0.041023497	0.007346023599999999	0.0404985849	0.1453234417	-0.053626088499999995	-0.051053427	0.0403170866	0.0051553734000000006	0.0393401201	-0.0389828798	0.09700976300000001	0.06876001150000001	-0.0825574835	-0.0142370675	0.0791620801	0.0159576943	-0.054928853300000004	0.0324942	0.0042544000000000045	1.809991936000005e-05	0.00105587303364	0.0104518	-0.038614100000000005	0.00010924012323999997	0.0014910487188100005	0.117609	-0.018056000000000016	0.013831876881	0.00032601913600000063	0.00111692	-4.203999999999992e-05	1.7673615999999928e-09	1.2475102864e-06	0.00116649	-0.00013367999999999995	1.3606989201e-06	1.7870342399999987e-08	0.000243786	-0.0002286	5.943161379599999e-08	5.225796e-08	0.0	0.0	0.0
8271.807950490778	2.572248412099725	6.616461893549558	68422806.76980245	10092.552557545956	-5.658204361394382	32.01527659530241	101859617.12682742	6273.752917200004	0.6960031693315614	0.4844204117195781	39359975.66607556	6594.399570397799	8773.307843315217	1.082382	47.589634	0.21038280000000004	0.168703	0.09785535890000001	0.024896553999999998	0.0072626792	-0.0818088946	0.0834267898	0.0050530543	-0.1006241608	0.0331592836	0.032771561	0.0006156407	-0.099560187	-0.013097814199999998	0.0045171374	0.0231638234	-0.0462449209	0.015958072900000002	-0.042392596799999994	-0.0524481404	0.0836395541	-0.054942968200000004	0.0036837999	0.013926274099999999	-0.0436369425	0.062294620999999994	0.0885307751	-0.0215187579	0.0526215882	0.0626496769	-0.0190743475	-0.049495583200000005	-0.0004638871	0.0784583238	-0.018100561799999998	0.0011021989	0.0342616034	0.0400125342	0.1211074515	0.059318736399999995	0.0187699537	-0.0609323786	-0.14484891789999998	-0.1309997499	-0.0868580709	0.052643826100000006	-0.08772211279999999	-0.0278400734	0.1872239669	-0.1051996016	-0.0343708922	0.0646309396	0.0009558667999999999	0.0414114434	0.028622732799999998	0.0712317695	0.016483895800000002	0.0008030267999999999	0.0428236207	-0.0237346285	0.018373766399999998	-0.1572747492	-0.0753722217	-0.11260632179999999	-0.0434456389	0.0172391126	-0.0063271264	0.044119104000000006	0.0147126057	0.0139529279	0.07533710639999999	-0.025710199399999998	0.0749750577	-0.0430086321	-0.08212325349999999	-0.0174830535	0.0552978363	-0.1246982932	0.0106085991	0.1311278697	-0.011136819099999999	-0.0050329386	-0.028468766200000002	-0.01423221	0.0654447475	0.0503194032	-0.0964359586	-0.0681799587	-0.09436869	-0.09304273730000001	0.0007907619	-0.0973685901	-0.0250703033	-0.1479447045	0.0190571007	-0.0306192213	-0.0244905115	-0.062205698899999995	-0.0181559143	-0.080703903	-0.0088240717	0.0201449049	0.08173715200000001	0.061132355	-0.0391334602	0.0691977841	0.07466956200000001	-0.0578288072	0.011852174699999999	-0.010656287	-0.023309076800000002	-0.08687108939999999	0.0559275037	-0.1683836001	0.07157764059999999	0.1111394637	0.0605755785	-0.044945667300000006	0.0059642811	0.1881683138	0.050255504699999995	-0.0877058358	0.08326973139999999	-0.0147858975	0.1095297073	-0.0352448684	-0.0094722521	-0.0658715149	-0.0511629657	0.0197658568	-0.08885776320000001	-0.018066312299999998	0.027979708	-0.011229059199999999	0.0194351072	0.0537472424	0.0506470488	-0.000978443	-0.1457907515	0.0730489193	-0.1023192891	-0.10031467990000001	0.0228815602	0.010844379099999999	0.0498233851	-0.0322439652	-0.021914037999999997	-0.0363625849	0.052093428899999995	0.012237061899999999	-0.0860141541	-0.0348489501	-0.0639320049	-0.0810927453	-0.0973740914	0.0722010733	-0.048502495199999995	0.0151188285	-0.0664104339	-0.0191790101	0.0152745847	0.0774852176	-0.0296575479	0.0417312444	-0.0637388232	0.09644922410000001	0.1483021404	-0.011452911000000001	0.060644310599999994	-0.0102145975	0.04461171	0.035484591600000004	-0.0190649804	-0.1294655573	0.010289142	0.0742962776	0.08061321490000001	0.0433227171	0.07820340049999999	-0.0343402341	-0.0509199995	-0.20381813559999998	-0.0891257811	0.0639518325	-0.02338975	-0.0200177898	0.0032195697999999997	-0.0286659355	0.09609939699999999	0.0318842411	-0.0033947182	-0.0055588172	-0.0679824015	-0.0350637383	-0.0765455047	-0.1067057582	0.1263984468	0.0779922229	0.012430876399999999	-0.0593937641	0.0277222	-0.004772000000000002	2.2771984000000015e-05	0.0007685203728399999	0.177039	0.16658720000000002	0.031342807521	0.02775129520384	0.0943602	-0.0232488	0.008903847344039999	0.00054050670144	0.00121687	9.995000000000013e-05	9.990002500000024e-09	1.4807725969000004e-06	0.00112079	-4.570000000000008e-05	1.2561702241e-06	2.0884900000000075e-09	0.000413632	0.00016984599999999997	1.7109143142399998e-07	2.8847663716000004e-08	0.0	0.0	0.0
8276.941466691163	5.133516200385202	26.352988579617318	68507760.04303166	10077.915570401845	-14.636987144111115	214.24139265687413	101564382.24414794	6269.0760639860555	-4.6768532139485615	21.87295598482099	39301314.696042895	6590.541257334477	8886.109483633452	0.948584	41.706863	0.12994465	0.0992634	0.0536436792	-0.0344199475	0.0863174835	0.0832025942	-0.0134244447	0.0176382967	-0.0885913183	-0.08335744490000001	-0.109438816	-0.00010614020000000001	-0.0644784659	-0.0462609083	-0.0465877693	-0.0192314977	-0.0018785310000000001	0.0078738146	-0.0158420082	0.0582348656	0.016027603300000002	-0.0314279898	0.1029238742	0.0459952846	0.0803714628	-0.0236960965	0.055031684000000004	0.058388419000000004	-0.052753916500000005	-0.0408534102	-0.051548370499999996	-0.0170337901	0.064445246	0.0561512354	0.0058945978	0.11252190050000001	0.0941309656	-0.09045513320000001	-0.0777263995	-0.0329312118	0.10028546099999999	-0.0587270578	0.0597476951	-0.0069851348	-0.0114346673	-0.026072849	0.0860866566	-0.006514664599999999	0.012921998799999999	-0.0762493619	0.0661392175	-0.0987387559	0.0330889783	0.07906951799999999	-0.011393038000000001	0.0895047847	-0.002223558	0.1343129324	0.0019171828	0.0802837324	0.095149112	-0.10279828460000001	-0.0596951039	0.0720847119	0.1254189263	0.004374446	0.048734867	-0.0684951984	-0.0033861353000000003	0.1042369759	0.022192311200000002	0.063930751	-0.0264477158	-0.0010526056	0.009065173499999999	-0.0461246317	0.1075054272	-0.0730566805	-0.0375738471	-0.0081083761	-0.0829009735	0.1394331608	0.0012743647999999999	0.07165018299999999	-0.0218400725	-0.048575821100000006	0.2116187421	-0.0328600306	0.0479034209	0.0900862374	-0.048960996799999996	0.0517846992	0.0032074566	0.1137728657	-0.02785007	-0.11220384380000001	-0.070760237	-0.0316259804	-0.0165018068	0.0340913341	-0.039979118	-0.1339165828	-0.0389208944	0.0566616696	-0.0742918436	-0.0728103487	-0.027375724599999998	0.032078133599999996	0.01468733	0.0066496587	0.1788835627	0.0479267336	0.022129798500000002	-0.043871192999999996	0.044115591399999994	-0.08816359619999999	0.0079179244	-0.0458569162	-0.0817187834	0.1032826375	0.0236840269	0.0649600284	0.0448437566	0.029674930899999997	0.08394791130000001	0.0267883656	0.08712399380000001	0.0731604787	-0.019178004499999998	0.0872979134	-0.072190863	-0.0014852792999999998	-0.0090688791	-0.0725204313	0.0977474191	-0.0883182816	0.10393304800000001	0.0189330261	-0.0541391654	0.11769703109999999	0.09758943699999999	-0.0047402786	-0.0440923783	-0.020980894700000002	-0.0507160715	0.033929077599999996	0.0481674856	-0.0339039717	-0.0337810261	-0.0822931974	0.0687300034	0.069139537	-0.0746573854	-0.0459548857	0.07152871	0.0010173197	-0.17925139280000002	0.0296015388	-0.035384137999999996	0.08656328279999999	-0.0214111856	0.0393878054	0.059924911	-0.10950851560000001	-0.035161337599999995	-0.05687011400000001	-0.18189721039999998	0.010884585	0.021454507400000003	0.0553150774	0.0321301347	0.12024179089999999	-0.1056168835	0.07954126759999999	0.0536641664	-0.0143457435	-0.0094775551	-0.051315615	0.028825757200000007	-0.0868768169	0.09326066529999999	-0.0099296885	-0.031456550699999995	-0.0046472171999999996	0.0435629649	0.1448764966	-0.0438261321	-0.0357086809	0.0173535126	0.0238543739	-0.0626069057	0.0121993651	-0.020212544199999998	0.09120446900000001	0.0330376948	-0.021674624	-0.0409316275	0.0767996302	0.0088895647	-0.0637028804	0.0263628	-0.0013594000000000002	1.8479683600000008e-06	0.0006949972238400001	0.0804813	-0.0965577	0.006477239649690001	0.00932338942929	0.0993909	0.005030700000000013	0.009878551002810002	2.530794249000013e-05	0.00122298	6.109999999999926e-06	3.73320999999991e-11	1.4956800804000004e-06	0.00124031	0.00011951999999999993	1.5383688960999996e-06	1.4285030399999978e-08	0.0008279389999999998	0.00041430699999999977	6.854829877209996e-07	1.716502902489998e-07	0.0	0.0	0.0
8275.581727734609	-1.3597389565547928	1.848890029972717	68485252.93241493	10097.396975768554	19.481405366708714	379.5251550620271	101957425.68625993	6277.372147417535	8.296083431479929	68.8250003020758	39405401.07717344	6600.470955750207	8934.999376388032	0.961478	42.273788	0.07895325	0.0552744	-0.0032753348	-0.038767107099999996	0.017058988400000002	-0.1211902912	-0.0524489612	0.0219446801	0.005368529499999999	-0.0038684634999999997	0.0174678495	0.12610260539999998	-0.1006195485	0.0508680876	-0.0073307576000000004	-0.025686581200000003	-0.090576895	0.0908422654	-0.06769437730000001	-0.0643399395	0.0704208281	-0.0510244505	0.0433533212	-0.0660244678	-0.0519978546	-0.032137747700000004	-0.1382941189	0.055951954299999995	0.0759153102	-0.024908284500000002	0.0212707054	-0.0246110511	0.1104729423	0.0161370261	0.0084973898	-0.0835862984	-0.1131784704	-0.045702809299999994	-0.031775266	0.0177099291	0.0373720221	0.07776194389999999	-0.08867224480000001	-0.012269676699999999	-0.1423428552	-0.0265877385	-0.12059046109999999	-0.0146325332	-0.19475266940000002	-0.0150785111	0.0539349347	0.0116161245	0.13394893970000002	-0.041217879900000004	0.0109177446	0.07314517599999999	0.0475132214	-0.0104652402	-0.0574981611	0.0517856666	0.0277730606	-0.096109915	0.152775696	0.0307957388	0.0434296099	-0.0611909012	-0.08678804039999999	-0.10495094949999999	-0.0416273709	-0.1219214578	0.06085620360000001	-0.0461249195	0.043842220300000005	0.0294945883	-0.0139264527	0.10693654640000001	0.0404269368	-0.0450603858	-0.0879486615	-0.0961275964	0.0306064625	-0.0249275129	0.047482791399999995	0.021043591	-0.002348971	0.0465270366	-0.0070795556000000015	-0.055800376	0.061720718499999994	-0.0565387714	0.022371640800000002	-0.014962401	-0.0813034996	-0.0235639189	0.0390271741	-0.0525850347	0.0081372051	0.0345148146	0.0506479133	-0.1670262583	-0.0139207375	-0.0272542533	0.1371772866	-0.0392615843	-0.0326164988	0.10456899970000001	0.0493643603	-0.0574572048	-0.0590646538	0.027773149599999998	-0.022890592	0.0067478906000000005	0.1032187902	-0.042083485700000006	0.0031795047	-0.0969254851	-0.0075916702	-0.0635172097	0.0444028324	-0.0682652851	0.047839137999999996	-0.0004217175	-0.057865042	0.0514724536	0.0187764236	0.0102406419	0.0863991898	0.0007327047000000001	-0.0717471757	-0.08732830220000001	-0.0487721845	0.0236753887	-0.0993283217	0.0278102807	0.011860357	-0.0100549301	-0.0567939579	-0.065037366	0.031310371000000004	0.1926305198	0.0523332258	0.021747449900000004	0.0010410515	-0.0634305119	-0.05193241269999999	-0.0498199447	-0.07047374940000001	0.055825863600000004	-0.013865186299999999	-0.1032028365	-0.0469215743	-0.112099981	-0.0175425936	0.0887878522	-0.0280957094	0.0129282497	0.0835574899	-0.0025817710999999997	-0.0868868138	-0.0352962631	-0.0765825238	0.0184742387	-0.09141143800000001	-0.054607256900000005	0.007147729300000002	-0.0273131898	0.1428771479	-0.054819014900000004	0.0292510548	-0.027435316	0.1487348743	0.0290731381	0.0757940809	-0.0024413685	0.025244665299999997	0.0687887315	0.0415338972	0.09767909779999999	0.012078876200000001	0.015028358799999999	0.0428533944	0.0579283536	0.12767289769999998	0.0247012753	-0.018475849199999998	0.0337802776	0.016748754299999998	-0.0647798568	0.0732615404	-0.0688559904	-0.1064105399	-0.0061013010999999995	0.0970439367	0.08041190599999999	0.06896936349999999	0.0762711284	0.0230437185	0.0755846496	0.0053378881	-0.0678448988	0.0302376	0.0038747999999999977	1.5014075039999978e-05	0.0009143124537599998	0.0275907	-0.05289060000000001	0.0007612467264899999	0.002797415568360001	0.100438	0.0010470999999999953	0.010087791844	1.0964184099999901e-06	0.00109915	-0.00012383000000000012	1.5333868900000033e-08	1.2081307224999997e-06	0.00120306	-3.724999999999996e-05	1.4473533635999996e-06	1.3875624999999968e-09	0.0005662040000000001	-0.0002617349999999997	3.205869696160001e-07	6.850521022499986e-08	0.0	0.0	0.0
8262.69303904214	-12.88868869246835	166.1182962113615	68272096.25743544	10089.452209955442	-7.944765813112099	63.11930382519475	101797045.89697474	6284.86256784827	7.490420430734957	56.106398229171674	39499497.49674036	6610.760774028163	8947.899257166078	1.232334	54.182632	0.15119875	0.0793428	-0.1401139283	-0.0327739792	-0.11285097390000001	-0.0169887311	-0.050280988799999995	0.0194541748	0.1482412699	0.0739936908	-0.11784741369999999	0.0022563284	0.005326318399999999	0.0789997024	-0.0006202878	-0.0425387069	-0.0219127987	0.018081882	-0.14200629439999998	0.0036517786	-0.0243118948	-0.07337046009999999	-0.012291239099999999	0.0060101495999999996	-0.0679429192	0.1836496808	-0.0543095071	0.061953080999999986	-0.0499259622	-0.0703514785	-0.0394007604	-0.09514604439999999	0.0162698276	0.0492014261	-0.0966314132	-0.12225696779999999	-0.0053750526	0.0994404167	-0.0089837021	0.034726726299999996	-0.0052457638	0.0772850817	0.0024602720000000003	-0.043702430599999995	0.0762655513	-0.048362037000000004	0.0044272475	0.0726313666	0.0390117759	0.150480732	-0.0493675597	0.0358733003	0.0618935175	-0.0291610731	-0.050976061399999995	-0.025914938199999998	-0.1191544333	0.0667699983	0.1088204198	0.0357996883	-0.0866851963	0.1230687535	0.0446745432	0.0073524239	-0.0132398351	-0.0981254645	0.0519180884	-0.0643243931	-0.027970918900000002	0.1465890921	-0.012294840500000001	0.040737848300000004	-0.1321945572	-0.09177020539999999	0.0740020793	0.091443505	-0.1343058679	0.0418602271	-0.0310500656	-0.014142476299999996	0.038019753999999996	0.038294621200000004	0.0381190331	-0.017034183999999997	0.0695717748	0.052392586799999995	-0.0379165218	0.0353390534	0.09667652199999999	-0.0637581045	0.0070157786	-0.0377033323	-0.1463348935	0.022178947400000003	-0.0826136034	-0.0024804299	0.0319669533	0.0965927276	-0.08631222449999999	0.16091800039999998	0.0517706187	0.0640826466	-0.1161230945	-0.064957894	0.08899003109999999	0.0158487343	-0.09674872820000001	-0.0663331592	-0.0379415958	-0.0131962112	0.0387462782	-0.0314219451	0.0203260441	-0.0226432263	0.0839129594	-0.0133187269	0.0716363929	0.055514437	0.10487609960000001	0.0134046601	-0.0307989185	-0.0406236743	0.0532331563	0.0582927589	-0.15672231960000002	-0.06587150230000001	0.0237309541	0.0129206867	-0.0846148153	-0.030213515	0.0794216156	-0.0742023795	0.08755525900000001	-0.0665392995	0.025313959599999998	0.0205442326	-0.029393892400000007	-0.11098876619999999	0.008963678499999999	0.0058715987	0.0454770776	0.12665759640000002	0.1069260634	-0.0216323541	-0.1581097982	0.018153001499999998	0.0550268866	0.0302405408	-0.0029280441	0.20783725100000008	-0.0354117832	-0.0306802438	-0.0107345657	-0.0020474981	0.0324037389	-0.07466830370000001	0.0759617078	-0.133875407	0.0331556187	-0.0239384769	0.0591185151	-0.0536719504	-0.031999541400000005	-0.0737320506	0.0363980408	0.087120134	-0.0251752012	0.037386128399999996	-0.0871279489	0.1560568938	0.07085206969999999	0.0016407177	0.0417501257	-0.033404114900000004	0.0884571525	-0.1244683927	0.0093740603	-0.0328737318	-0.1026819524	-0.0594123161	-0.1313347714	0.0641362899	0.054049375	-0.0424685488	0.1391948442	-0.0276531799	-0.0847824735	-0.0019742595	-0.0051210864000000005	0.0410921128	0.0779786035	-0.0080617538	-0.030360762700000002	-0.08143462809999999	0.149883969	-0.0333493602	0.1302804672	0.0743476354	0.0017799878	-0.0718089546	0.02618	-0.0040575999999999945	1.6464117759999953e-05	0.0006853924000000001	-0.0393134	-0.06690410000000001	0.00154554341956	0.004476158596809999	0.132961	0.032523	0.017678627521	0.0010577455289999995	0.00134454	0.0002453900000000001	6.021625210000002e-08	1.8077878116e-06	0.0008603569999999999	-0.00034270300000000014	7.402141674489997e-07	1.1744534620900006e-07	0.000200016	-0.000366188	4.0006400256e-08	1.3409365134400005e-07	0.0	0.0	0.0
8289.57795413725	26.88491509511005	722.7986596712759	68717102.65771832	10082.280393477271	-7.171816478170513	51.43495159655809	101652377.93269621	6292.9930744509875	8.130506602717105	66.10513761682644	39601761.83508809	6617.793109372233	8932.123349408152	1.143657	50.283764	0.11316602999999995	0.06451180000000001	-0.059610520800000004	-0.0132295965	-0.12450364470000001	0.0592773475	0.1025935731	0.0074725529	0.0559066939	0.10411853859999999	0.0354361936	-0.1324283582	-0.039074811200000004	-0.0642379964	0.0830239196	0.11497157179999999	-0.0598559151	-0.1228358608	0.07902375589999999	0.16258367880000002	0.0426122117	-0.08591391849999999	-0.0813325271	-0.0464969712	-0.1493560661	0.0349917778	0.0394995913	0.04228983150000002	-0.0030791047	-0.06274713650000001	-0.021040887999999997	0.0192745376	-0.0810784058	-0.034634103799999996	0.0585034292	-0.066421614	-0.1659282176	-0.0386262058	-0.030657692099999998	-0.009948974499999999	-0.1195677158	-0.0650388326	-0.0143252636	-0.0074727666000000015	-0.1144966382	-0.1684710961	0.0700391255	0.0261385942	-0.10405181710000001	0.1073589354	-0.1158942614	0.06120076820000001	-0.0958263053	0.0550102422	0.0686233123	0.052773607699999996	-0.05036327559999999	0.0564462256	0.10473119630000001	-0.043770599800000004	0.08544072720000001	0.051969521	-0.001211773	-0.1349209826	0.0892743449	-0.0827272366	0.053522255899999996	-0.1389681474	0.0125748367	-0.1287306109	-0.0722447873	-0.0381145369	-0.0075541279000000015	-0.031355090499999995	0.0881812998	-0.054338293899999994	0.058288808	0.053752464400000005	-0.0053330713	0.0274239537	-0.012314593300000001	-0.0310521921	0.0595339684	-0.0992139643	0.0373306073	0.1618058309	0.0831215313	-0.1226845394	0.10962854179999999	-0.0363479734	-0.040635232599999994	-0.0058216839	-0.0390376044	0.0560461672	-0.0487368713	-0.1489653971	0.1448795248	-0.033981154300000004	-0.041967046699999996	0.0050989804	-0.20658061449999998	0.0038812865999999996	0.025184761400000002	0.0256516637	-0.1293302401	-0.0470169432	-0.0316679339	0.131014476	0.0221121136	0.0069950365	-0.058921787	0.025014935800000002	-0.0512172648	0.12287865199999999	-0.029669612799999998	-0.0176485657	-0.0111244431	0.07651968349999999	-0.005136437	0.0557199101	0.040381142599999996	0.0076312185	-0.0383272577	0.038110089300000004	-0.1002617216	-0.0785042121	-0.073951621	-0.1005397558	0.0667446225	0.0828210666	-0.0582336588	-0.0720267816	-0.0866794205	-0.11436936449999999	-0.052381923399999995	0.0429761119	0.007407245	-0.0147764537	-0.0829432003	-0.0153409477	0.1163085291	0.0069866376	0.07929030549999999	-0.0015033374	-0.023130992599999997	-0.0756528466	-0.1001433694	0.0814997	-0.10428677609999999	0.060075331399999994	0.0192698113	0.1891596772	0.022165914	0.0267677871	0.1282044078	-0.0341619231	-0.0428085842	0.09414282859999999	-0.09126106980000001	-0.031163783799999997	-0.0321696148	-0.19897157710000002	-0.050707341399999994	-0.0466434254	0.0329205663	0.009100502199999999	0.059135157199999996	0.034240106400000005	-0.0035413419	-0.1661867251	0.0506785791	-0.09053769369999999	-0.0346339979	0.1051156928	0.0511008708	-0.0235753748	0.0033895754	-0.0484361168	-0.057935035	-0.1849276916	-0.142213409	-0.049765340400000004	-0.1323050758	0.1414275287	-0.0586611136	0.0895820715	-0.022980302799999998	-0.054221492	0.0359815041	-0.1391076078	0.0327545987	-0.0097976187	0.1675044731	0.0249082397	0.1162215775	0.0116550481	0.0910558763	0.0730889481	-0.0017799878	-0.0755846496	0.031085900000000007	0.0049059	2.406785481000001e-05	0.0009663331788100002	0.00174943	0.04106283	3.0605053249e-06	0.0016861560076089	0.08661039999999999	-0.046350600000000006	0.007501361388159999	0.0021483781203600004	0.00102688	-0.00031766	1.009078756e-07	1.0544825344e-06	0.0008603569999999999	0.0	7.402141674489997e-07	0.0	0.00029929	9.927400000000004e-05	8.957450410000003e-08	9.855327076000004e-09	0.0	0.0	0.0
8323.757228202743	34.179274065492784	1168.2227756440684	69284934.39405741	10073.975220439404	-8.305173037866552	68.97589918890553	101484976.74202716	6291.936721661711	-1.0563527892763886	1.1158812154120064	39588467.70939512	6608.528056396374	8960.16901139482	1.3318139999999998	58.556522	0.27979527	0.2353	0.12641981619999998	-0.0567237784	-0.016054948	0.09920067169999999	-0.0347473718	0.0168427448	-0.1209572151	-0.0368483841	-0.08801370800000001	0.0178974928	0.0868868165	-0.0700041816	0.07534578230000001	0.059751125499999995	0.0222538356	-0.0682840331	0.0484675841	0.0931719585	-0.0003205158	-0.052800560499999996	0.1536001052	-0.0614954279	-0.07527248269999999	-0.0765333696	-0.0140218552	-0.0428583986	-0.0606295718	-2.0567600000000006e-05	-0.0481521269	-0.0327020681	0.0914839917	-0.20331427510000002	0.0007865305000000001	0.1080127567	-0.0231736507	0.10359087970000001	0.0177816878	0.0415714384	0.0580078658	0.0625513399	-0.0106993414	-0.1546838153	0.0790671152	-0.048771426500000006	-0.0402324962	0.0672162107	0.0881550341	-0.09255274179999999	-0.09943779529999999	-0.0854933036	-0.0694068742	0.018116171	0.0150574041	0.15570017619999998	0.0668804351	-0.0075278585	0.1149841985	-0.0640626848	-0.0146040723	0.0027475394	-0.053551043300000004	0.0289265996	-0.0735598286	0.0402905951	0.1302714533	-0.0815548539	0.0148667577	0.015122091	-0.0710624703	-0.016187878899999997	0.0477535403	0.1010037681	-0.0557195362	0.1590132452	-0.030919158999999998	0.1635730529	0.1267199433	0.0593674643	0.0503437342	0.0079679563	0.0891764983	0.09223181789999996	-0.023229873199999997	0.0211976068	-0.041890925600000004	0.07946018349999999	-0.024797743599999998	-0.056343853099999994	-0.016949616100000002	-0.0224062179	-0.0401928388	0.1015639598	0.091343351	-0.043319766100000004	-0.0571468229	-0.0819987184	-0.0319691462	-0.1251277383	-0.027796412700000002	-0.06820146120000001	-0.0896844458	0.1290912225	0.0010731395	0.0123295807	-0.17321010469999998	-0.0359494806	0.0612908074	-0.0718655213	-0.0389443351	0.1364441096	0.0732083242	0.007875323299999999	-0.0252479482	-0.059089633499999995	-0.06640085700000001	-0.010468081800000001	0.10578178349999999	0.031302362	-0.0836866516	-0.0582703114	0.1375963271	-0.0236522294	0.0978823966	-0.0892593059	-0.030012620099999998	0.0889256531	0.0483342914	0.051435855999999995	-0.1010650946	-0.09201230710000001	-0.0640567424	-0.0167717168	0.0084373635	0.0392781414	0.011753223600000001	0.0479345091	-0.1063947789	-0.051308531	-0.0774883222	-0.0613350183	0.0030012939000000002	-0.0103054805	-0.1890909733	0.12075151810000001	0.0122387978	0.031891451099999996	-0.07094449629999999	0.0198580697	-0.080170358	0.09170045710000001	0.2053540211	0.0024681681	0.1387896073	0.0632315663	0.12325034160000001	-0.0007981042999999999	0.1514084291	-0.09524890400000001	0.09730582939999999	0.091171084	-0.0060218732	0.0797171011	-0.035735439	-0.09216695779999999	-0.0024051246	0.0667641928	-0.0095224187	-0.04266931	0.1587982463	0.1169122632	-0.095490732	-0.0017732808	-0.0900859224	-0.039592231299999996	-0.0321039802	0.0992843633	0.005379838299999999	0.0352148799	-0.005646676	-0.0125864031	-0.050209324400000005	-0.08011025299999999	-0.011076106399999999	0.06896659599999999	-0.0068460638	-0.0771563996	-0.0743693998	-0.0009527860000000001	-0.0337789976	0.0964811191	0.06282407059999999	0.12330559710000001	-0.0999057289	-0.027324374199999998	-0.0536648428	0.0718089546	-0.0053378881	-0.0791620801	0.0206134	-0.010472500000000004	0.00010967325625000004	0.00042491225956	0.23537600000000006	0.23362657000000006	0.05540186137600001	0.054581374209964915	0.07794339999999997	-0.008667000000000022	0.006075173603559995	7.511688900000038e-05	0.00110232	7.543999999999997e-05	5.691193599999995e-09	1.2151093823999998e-06	0.0008603569999999999	0.0	7.402141674489997e-07	0.0	0.0007644339999999999	0.0004651439999999999	5.84359340356e-07	2.1635894073599988e-07	0.0	0.0	0.0
8315.585692218683	-8.171535984060029	66.7740003387879	69148965.40463208	10099.770095078315	25.794874638910194	665.3755576370919	102005355.97343823	6285.101591453818	-6.835130207892688	46.71900495884716	39502502.01489532	6607.020546556733	9181.258175497478	1.031067	45.333424	0.1058056	0.0696328	0.1042727203	-0.139354618	-0.0408000049	-0.1099342534	0.0320623482	0.0067280662	-0.09255326609999999	0.0768595943	0.0790705123	0.0724526241	-0.0932978931	-0.06760348440000001	0.0581577516	-0.1150871765	0.0857192135	0.0641438024	-0.0048906346	0.059046183099999996	0.020778141	-0.0849012232	0.0642650642	-0.1217384851	-0.0654612302	0.040721404100000004	-0.1335038009	0.0865550239	0.0335671132	-0.0338146212	-0.0417727486	0.0102721528	0.1185622061	-0.008030746600000001	0.1476815084	-0.0260112505	-0.0680171507	0.0267563257	-0.132623292	0.0009773086	-0.094580808	-0.1557148777	0.0598032643	-0.0666255841	0.0288222832	0.024500430299999997	-0.010636526100000002	0.0556202438	-0.011287649399999999	-0.09361069039999999	-0.030846844900000007	0.099064476	0.022729875299999997	-0.004778253499999999	0.0211218694	0.1052875115	0.003515764	-0.06472501259999999	-0.0629343013	0.030218787900000002	-0.012046146200000002	-0.1048693864	-0.059664091600000004	-0.07742758549999999	-0.0011390846	0.0702815527	-0.0816173664	-0.100216044	0.0017830139	0.22099281420000005	0.046569433	-0.0673316275	0.0905921717	-0.0878364249	-0.0373532529	-0.0222710177	0.025622798999999998	0.0021599225	-0.0569122441	0.0345262697	0.0360794161	0.0504205009	0.0006582862	-0.0329947914	-0.0744583358	-0.0297047381	-0.0374701248	0.0800899371	-0.0851543682	-0.1392194347	0.1490052211	0.082376908	0.0632848008	-0.025749598399999997	-0.0826686708	0.083468418	0.1110421368	0.0197370839	-0.0709537487	-0.0057858454000000005	-0.022260064399999998	0.0164288591	-0.0361130614	-0.0111212317	0.1629721577	-0.0012270517	0.046440008600000006	0.0735575466	0.1453159758	-0.0097618488	-0.059687110999999994	-0.1093255471	-0.09036292039999999	-0.1239474693	0.0203389206	0.0033507119	0.08561711720000001	0.004018430999999999	-0.06770665740000001	-0.0018407153	0.0638820764	0.0598604725	-0.0529155171	0.0154202008	0.09201342970000001	-0.042146766399999994	-0.008695633199999999	-0.0746560064	-0.0523219168	-0.0442131271	-0.1244999658	-0.022499684300000003	0.0479745166	0.1070748137	0.0086302402	-0.027689455699999997	0.0442723721	0.05544328230000002	-0.050095947300000006	0.11354696759999999	-0.0338089091	-0.0021498612	0.0807179991	0.0823429053	-0.0071770305000000015	-0.0041239027	0.11861445	-0.0370142308	0.12193800800000001	-0.0210507151	-0.1232250026	0.07282034429999999	-0.08156208870000001	-0.0157763608	0.0195049268	0.0248032189	0.0610833807	0.026267762099999998	-0.0395786272	0.0780815365	-0.0134410526	0.0896797025	0.1251581755	-0.079615577	0.0259071856	0.0153621444	0.0150873295	0.004286373	-0.1056081256	-0.0447759675	0.0774272055	-0.0995324725	0.060755754	0.1281731308	-0.0818323406	-0.0948076492	0.0156927497	-0.0230183	-0.0454707672	0.1509909662	-0.0967838451	-0.0620204894	0.047067875599999996	-0.0594273838	-0.0208845632	-0.1006288324	0.061144264800000014	-0.04205776	0.0105698227	0.0779652123	0.0496077496	0.11006181820000001	-0.15102964	-0.0693469685	-0.0005378499	-0.018557351399999998	0.0613548513	0.070508028	-0.0088895647	-0.082531862	0.0300121	0.009398699999999996	8.833556168999992e-05	0.0009007261464099998	0.172405	-0.06297100000000003	0.029723484025	0.003965346841000004	0.0770233	-0.0009200999999999654	0.00593258874289	8.465840099999364e-07	0.00112426	2.1940000000000024e-05	4.81363600000001e-10	1.2639605475999998e-06	0.0009318070000000002	7.145000000000035e-05	8.682642852490005e-07	5.105102500000051e-09	0.00132136	0.000556926	1.7459922495999996e-06	3.1016656947600004e-07	0.0	0.0	0.0
8273.1929560957	-42.39273612298347	1797.1440759929087	68445721.6887915	10086.804018059327	-12.966077018987562	168.11915326231738	101743615.29873778	6278.849110290484	-6.252481163334777	39.09352069785621	39423946.1497956	6601.990875856886	9146.804630578275	1.019686	44.833027	0.1018581	0.08262339999999999	0.05153582599999999	-0.1140865485	0.052468319900000004	0.09425873679999999	-0.013370893600000001	-0.008845488299999999	-0.0602857027	-0.0965594935	-0.0341895319	0.0292835761	0.0137494271	-0.051675695	-0.0139377651	-0.0736123938	0.08637948640000001	0.0917147823	0.161313071	0.0003680877	0.050996718499999996	-0.020156448	0.1652729073	-0.013250225800000001	0.0329171175	-0.112408565	0.0235907479	-0.19210458940000005	0.0956097417	0.0040832471	-0.0345411383	-0.011358998	-0.0405060421	0.0337010466	0.0761400976	0.0812458675	0.0442998236	-0.0556210258	-0.0122290733	-0.007335596	-0.0453576563	-0.1003064967	0.013851997900000001	0.0128467972	-0.017345764099999997	0.1178309684	0.09960383589999999	0.013520893300000001	-0.050348899	-0.0796362514	0.0537927052	-0.08637762369999999	-0.0400897244	0.058581910599999995	0.0304839145	-0.0085740357	-0.0861486971	-0.1385834866	-0.1602004041	0.1226262921	-0.0348118622	-0.0571066924	-0.0189964772	0.0168335476	0.0078816976	0.1010805617	-0.0003364647	0.0812671883	0.0532873376	-0.0208952879	-0.0146398226	-0.0912589441	0.0487433486	-0.0953738503	-0.035054690699999995	0.04839345019999999	-0.0712100048	0.012237650800000001	0.0361093443	0.1244639565	-0.1014024332	-0.0921062284	0.07902224740000001	-0.0963962574	0.1348240172	0.025427906899999998	0.1517362324	-0.13703171349999999	0.1103828439	-0.12554791810000002	-0.059008177	0.0490086684	0.0198141096	0.1623476687	0.1015762647	0.0889957631	0.0646516597	0.0340778068	-0.0814764436	0.1186070848	-0.037945869300000004	-0.008076918	0.1483226544	-0.1233373669	-0.1216037449	0.0574792714	0.0157502908	-0.0376064868	-0.07182315709999999	-0.0351347679	0.041935437400000004	-0.0763277456	0.026756087	-0.0542174296	-0.0468869797	0.049073777400000004	-0.0101901679	-0.07950799019999999	-0.1162115542	-0.1010821629	0.1588173938	-0.0989575756	-0.108052091	0.0411709104	0.0747292181	0.052244407199999995	0.0323219657	0.0588883921	0.0402954157	0.0507685759	-0.052281376	0.0184658882	0.0975195932	0.1395606112	-0.0909891874	-0.136472405	-0.0256057991	0.0046833418	0.022479612599999997	0.1009923586	0.0234448693	-0.0824998874	-0.0021846404	0.08285733099999999	0.045225124699999994	-0.0608853402	-0.0213269066	-0.0006862198	-0.0503960782	0.05136027889999999	-0.0916875183	-0.086144389	0.0733609829	0.057887468	-0.0310213435	0.0819930345	-0.2131959872	-0.0337472957	0.0384125855	-0.0042243118	0.1185497802	-0.0050474114	0.07678073120000001	-0.0310477499	0.0359722204	-0.0802338535	0.0102397201	0.0304411898	-0.0082168794	0.039383276200000004	0.0046304327	-0.1646279582	0.0820389676	-0.09543275550000001	-0.0041862263	0.0577309882	-0.07588043929999999	-0.0455544291	0.0857587251	-0.24391712920000005	-0.08864581640000001	-0.0023606572	0.0827573165	0.0497187589	0.1485651243	0.0199819417	-0.0182059381	0.1050119427	-0.0332415943	-0.0211444517	-0.13224837009999998	-0.0705743517	0.0010404718	-0.013082251299999998	-0.010819113100000001	-0.0135534012	-0.006089801999999999	0.06918654769999999	-0.012430876399999999	-0.08568515619999999	0.034686699999999994	0.0046745999999999975	2.1851885159999976e-05	0.0012031671568899995	0.0902775	-0.08212749999999999	0.008150027006250001	0.00674492625625	0.0802814	0.0032580999999999995	0.006445103185960001	1.0615215609999997e-05	0.00118739	6.313e-05	3.9853969e-09	1.4098950121e-06	0.000959575	2.7767999999999738e-05	9.20784180625e-07	7.710618239999855e-10	0.00146642	0.00014506000000000002	2.1503876164e-06	2.104240360000001e-08	0.0	0.0	0.0
8245.536570535281	-27.65638556041813	764.8756622665045	67988873.33603473	10078.2648710264	-8.539147032926849	72.91703204994342	101571422.8105648	6279.008284666328	0.15917437584448635	0.0253364819254818	39425945.03890839	6604.916250343083	8945.607713213845	1.070746	47.078045	0.13473885	0.08288479999999998	-0.0473655317	-0.0258838198	0.0091171723	-0.1050725447	-0.0013022174	0.0258726244	0.0257829069	-0.025058577400000004	0.0364779307	0.0900564357	-0.08041626730000001	0.0402334869	0.0435180365	-0.0876012191	0.0896012659	0.0287596645	-0.0648846553	-0.0764415326	0.0215213554	-0.0743407207	-0.006215235600000001	-0.04268469440000002	0.0869503058	-0.0284464782	-0.0315384242	-0.0450279108	0.1233524993	-0.0178236221	-0.012790753500000002	-0.1058380628	0.0199101272	-0.0771490171	0.0791274055	0.057697321399999994	0.0637334125	-0.0188790706	0.1472931076	0.0057564534	0.0326098644	-0.0069596451	-0.028922000299999997	0.0954104376	-0.0228060828	-0.06579967889999999	0.1499281698	-0.017874170800000002	0.0801285677	0.022918847200000002	0.06246410440000001	0.0407764362	0.1024267911	-0.0398800552	-0.0807032141	0.0900761721	0.046702895599999995	-0.1075082783	-0.0345322645	0.11262781289999999	0.029256692400000006	-0.0379621494	-0.0490430783	0.0535742454	0.0960331099	-0.0190927873	0.14099213359999999	0.033079462999999996	0.08602474380000001	0.07144965589999999	0.0646240306	-0.15081115609999998	-0.0082837089	0.069567756	0.0028774759000000003	-0.0249002561	0.0194633227	-0.0337459251	-0.032256040699999995	-0.0026035792	0.06374355599999999	0.0675527954	0.0645270297	0.1659588303	0.0058320336	-0.0191563036	-0.0437425567	0.0085663628	-0.0637011749	0.0248816987	-0.0027638594	-0.06506479230000001	0.0637961186	-0.0381760357	0.0023228249	-0.0174736374	-0.0605463923	0.0081940865	-0.0408549453	-0.0169110071	-0.059854312699999995	0.0686879409	-0.0487562699	0.0971702359	0.0251945974	-0.1190696735	0.0627770784	0.0052450735	-0.0492542944	-0.056811535499999996	-0.0772864014	-0.0756604553	-0.046786976200000004	-0.053495075499999996	-0.0044574819	0.0953139999	0.07464901	0.0970711009	0.0848900562	0.0257876302	-0.0215697438	0.0390632035	-0.0069922016	-0.0140207831	-0.0229074583	0.0300511537	0.0639190489	-0.0067256402	-0.0853635208	-0.0828758417	-0.020235335	-0.0251790888	-0.0307540444	0.1515823902	0.0060755652	-0.0398812832	-0.0348362475	0.0120143331	-0.0993754547	0.0306881234	0.0667991455	0.0294793616	-0.11175281199999999	-0.031594370499999996	-0.08110236	-0.019951917	0.1698633985	0.0595286439	-0.0074628952	-0.0221766911	0.0946590911	-0.0325319993	-0.1103984301	0.0050842801000000005	0.0359618541	0.17688565469999998	0.049175257	-0.0062026949	0.0178800897	-0.0490238838	-0.031141972999999996	0.0004666286	0.0290196444	-0.012700736399999999	-0.0729427644	-0.0180026657	-0.0380901487	0.0371117301	0.0612847445	0.0365569637	-0.0636307439	0.037828766	-0.0496374426	-0.0050456982000000004	-0.0569481731	0.0273558416	-0.0285286202	0.1088074982	-0.0165697531	0.1059688744	-0.0276283529	-0.0875657092	-0.20247097809999998	-0.0046165303	-0.029250090899999998	-0.0393951108	-0.12347236119999999	-0.0505016132	0.0825498574	0.0460815114	0.0700827917	0.0953406359	0.0584707581	-0.0428205141	0.0146316081	-0.0748696247	0.015576722	0.0678448988	-0.0159576943	-0.0886136913	0.0291945	-0.005492199999999996	3.0164260839999957e-05	0.0008523188302499997	0.016627	-0.0736505	0.000276457129	0.005424396150249999	0.0940846	0.013803200000000002	0.008851911957160001	0.00019052833024000006	0.00122656	3.917000000000005e-05	1.5342889000000035e-09	1.5044494336e-06	0.0008624569999999999	-9.71180000000001e-05	7.438320768489997e-07	9.431905924000018e-09	0.0007668489999999999	-0.0006995710000000001	5.880573888009997e-07	4.893995840410001e-07	0.0	0.0	0.0
8244.349169810786	-1.1874007244950917	1.409920480531469	67969293.2337598	10068.66663146344	-9.59823956295986	92.1262027079679	101378047.73554534	6277.158061555686	-1.850223110642219	3.423325559154568	39402713.32975353	6602.657584102915	8947.865439587438	1.064897	46.820873	0.06079585	0.0358451	-0.09746496060000001	0.0100083936	-0.0323697983	0.0298157498	0.1332246548	0.0121802241	0.0604532683	0.0427376783	0.0540001016	-0.1681567315	0.012682121000000001	0.0054108738	0.06424542820000001	0.0684351855	0.0486777303	-0.008228640300000001	-0.049986601	-0.01650162	0.0143793979	0.0512011664	-0.07027739690000001	0.0262047008	-0.09509363009999999	0.0140077228	0.031135178700000002	0.0792459192	-0.0073557386	0.0172661934	0.1051697319	0.0420469258	0.0435004913	0.0682471883	0.0698533021	-0.0351746634	0.08444392449999999	-0.2280758467000001	-0.0703448645	0.037647905499999995	0.08228760610000001	-0.201241007	-0.005394517099999999	-0.0689120833	0.0393858744	0.0186492044	-0.0371803745	0.07792072259999999	0.0837098315	0.07470993690000001	0.0011570281	0.1064727973	-0.044073097900000004	0.047404029199999996	0.060811457699999995	-0.0627375773	-0.0040317706	0.0659330237	0.0866602784	0.052907567	0.0352044461	0.15431979140000002	-0.0282501863	0.0323340924	0.020244191	-0.030012217400000006	0.0116091275	-0.0102162256	0.1111181323	0.1498946646	-0.0214721134	-0.0699238285	0.0513811193	0.0789955987	-0.0220029433	-0.0334392346	-0.0264235433	0.0043949276	-0.0584883042	-0.0104539392	0.0494100473	-0.0513329035	0.0506194295	0.0352144148	0.131805633	-0.1097238499	-0.0786544503	-0.1796124685	-0.0221434491	-0.0894597085	-0.014386716899999999	0.0577548441	-0.1175902051	-0.0411211572	0.1259735714	0.094127085	-0.0038234911	-0.06511660309999999	0.11345736640000001	0.057198832699999994	-0.022349105499999997	0.0062360803	0.0056357524	0.0048035905	0.0448832798	0.1438439103	0.0366626439	0.0816186411	-0.0804691336	0.0037936615999999996	-0.0086812654	0.19963067969999998	-0.06408869610000001	-0.1566037475	0.0027545376000000002	-0.0397318582	-0.067232272	0.0427459482	-0.0716081603	-0.0261371577	0.09834159460000001	0.011086821799999999	-0.103722959	-0.09457850150000001	-0.0714164988	0.0030602375	-0.0277521452	-0.1355482496	0.05902609230000001	0.05904436480000001	0.024935895099999997	-0.0225179109	0.0564012258	-0.08158008139999999	0.039871292999999995	-0.054193593899999996	-0.0873426848	-0.0074786440000000004	-0.0226549121	-0.1207349974	0.0430039672	0.1012629727	0.0842225582	0.0078590152	0.0572411845	0.1275025197	0.12198534330000001	0.09825940289999999	0.0011872408999999999	-0.0565494329	0.0499653058	-0.0319412394	-0.0523683495	0.054376706600000005	-0.002743673	0.0471438091	-0.0158854271	0.0083353904	-0.0335826981	-0.022732734900000003	0.12306311310000001	0.1572173948	0.021418722999999997	0.10903258130000001	0.0316247991	-0.0192870819	0.0766662288	0.1793509263	0.0901276142	-0.0235817777	0.0028204924	-0.042628006100000004	0.09585284210000004	-0.036482491	-0.0049779967999999996	-0.0141015927	-0.0286437831	0.0892967859	-0.0698235838	-0.1086134751	0.0075863004	0.07564918030000001	0.0810005502	0.06039322480000001	-0.0753161168	0.0065994845	0.10781145140000001	-0.0063630018	-0.056334853899999995	0.0422007395	0.0678170831	0.0669085502	0.0480392117	-0.0573637119	-0.013692914399999999	0.1616167126	0.1330464059	0.06648347240000001	-0.0194659062	-0.0913097856	0.0351166	0.0059221000000000005	3.5071268409999986e-05	0.00123317559556	-0.0159263	-0.0325533	0.00025364703169000004	0.00105971734089	0.08996239999999997	-0.004122200000000034	0.008093233413759995	1.699253284000028e-05	0.00131351	8.694999999999992e-05	7.560302499999985e-09	1.7253085201e-06	0.0008877389999999998	2.528200000000006e-05	7.880805321209998e-07	6.391795240000031e-10	0.000515116	-0.00025173299999999986	2.6534449345600004e-07	6.336950328899993e-08	0.0	0.0	0.0
8267.502601388456	23.153431577669835	536.0813938218387	68351599.26396489	10075.476666488848	6.8100350254080695	46.37657704728469	101515230.05696124	6272.048221636398	-5.109839919287879	26.11046400074796	39338588.8945323	6594.444925139619	8769.118897348359	1.193509	52.475624	0.16329029999999994	0.106689	0.036505767200000004	0.0058801296	0.10951447550000001	0.0796839031	-0.0136074414	-0.0155286302	-0.0545580013	-0.10907845279999999	-0.08536824230000001	-0.0295889973	0.0334700441	0.0029866196999999996	-0.022817379199999998	0.1098890826	0.021308285099999998	0.051003457800000006	-0.060451295099999997	-0.07885846	0.0343741633	0.010201530799999999	0.0375338681	-0.042778660999999996	0.0244876714	-0.0259138586	-0.0705659408	0.1245502681	0.0711410591	-0.060132435	0.0035348809	-0.027959161099999998	0.091121515	0.0234588998	-0.0165953783	-0.100996944	-0.10080456410000001	0.0641760899	-0.0722129027	0.0243815691	-0.173070311	0.1591574108	0.06384599120000001	-0.1294314135	0.0986587826	0.10903773259999999	0.085534548	0.0544213523	-0.0009262822	-0.0606981729	0.061208075099999995	-0.0721859284	-0.0815592151	0.0537853511	-0.0297706315	0.0672697436	-0.0166831813	0.12180534720000001	-0.0004458095	-0.0042719807	0.0453846501	-0.0048399720000000005	-0.0422181305	0.0648470922	-0.0401066078	0.1228000207	0.0009409584	-0.0182156801	0.1224742759	0.1053386822	-0.0406763519	-0.0463905878	-0.0510598097	0.0403507985	-0.033910025	0.1183232618	0.042974312199999996	0.0036754746999999996	0.0433209461	-0.052188857000000005	-0.05702459150000001	0.09431582390000001	0.0673988853	0.0445323542	0.093836506	-0.0969658769	0.0928076244	-0.038042713799999996	-0.116028025	0.06111518360000001	0.0204971277	-0.09482000869999999	0.0643367494	-0.0300271148	-0.05216192730000002	-0.1195586896	0.013823934099999999	-0.10823133050000001	0.0547946808	0.09324061619999999	-0.1253839382	-0.0962368361	-0.0765373645	0.0436986857	0.0529872304	0.0954342908	-0.09342510279999999	-0.0376757432	-0.06211069280000001	0.06918621929999999	0.039212548199999996	-0.014947347	-0.0839926509	-0.10237810230000001	0.1148077547	0.13179070710000002	-0.0303916027	-0.022890967400000004	-0.019045919799999998	-0.0836247679	-0.018246686	0.011841538799999999	-0.0866360755	-0.0733976772	0.0626596482	0.058935917000000004	0.018444919299999998	0.06895129309999999	0.0287497855	0.0654118076	-0.044505480199999996	-0.058069905199999994	-0.0437477363	-0.1121331902	0.030564539900000007	-0.0821138555	0.0420169318	0.0172253901	0.027617221299999998	-0.0166109062	-0.0650729226	-0.0867582939	-0.00011344790000000001	-0.0765977439	-0.039762249	0.1134417572	0.13268065710000002	0.018043618600000002	0.0179920556	0.050030232599999995	0.0782487994	-0.0532835574	0.037922577400000004	-0.0013782712	0.0743454774	0.06336924740000001	-0.0661861608	-0.0586787295	-0.031542757000000005	-0.0174597228	0.036002837200000005	0.0570265292	0.1011690227	0.0138198623	-0.0294790743	0.023154169900000004	-0.0276040755	0.0369133431	0.0885678776	0.045438056100000006	0.0248662788	0.11955069800000001	-0.0521059751	0.2450570004	0.007461027199999999	-0.0099503353	0.061842537	0.0262797664	0.056737692199999995	-0.084387349	0.0893397541	-0.0662328084	0.109845819	-0.1053933218	-0.054210097400000004	-0.0247661223	-0.11234029	-0.1125310383	0.0405788578	0.056045696799999996	0.133404393	-0.0727180654	-0.08345325370000001	-0.1115817217	-0.0937689442	0.0377232361	-0.009761086	0.0651026654	-0.0229514217	-0.0937663669	0.032872900000000004	-0.0022436999999999947	5.034189689999974e-06	0.00108062755441	0.07845979999999997	0.09438609999999996	0.006155940216039995	0.008908735873209995	0.07737999999999999	-0.01258239999999998	0.0059876643999999994	0.00015831678975999948	0.00120599	-0.00010751999999999984	1.1560550399999966e-08	1.4544118801000004e-06	0.000904557	1.681800000000004e-05	8.18223366249e-07	2.8284512400000136e-10	0.00147234	0.000957224	2.1677850756e-06	9.162777861759998e-07	0.0	0.0	0.0
8280.225823424458	12.723222036001973	161.8803789774061	68562139.68690525	10093.565273211638	18.088606722789336	327.1976931717396	101880059.92458393	6275.73938802946	3.691166393062304	13.624709341272574	39384904.866464384	6599.238459663069	8955.85933874273	1.109252	48.771027	0.15459019	0.08796010000000001	-0.0610058553	-0.0668045675	-0.0115357964	-0.12371726960000001	-0.0583276212	0.0076752817000000015	0.0695289139	-0.008443586999999999	-0.0204820658	0.11934063	-0.06793041679999999	0.15021320789999998	0.0619891264	0.027119739900000002	-0.0615116684	0.0814706828	-0.0690793782	-0.0615046798	-0.0784398049	-0.039846485099999995	0.0647640363	-0.0526217104	-0.0625942845	-0.051074716900000004	-0.046714130300000004	0.0748196258	0.0288468109	0.037289490099999996	0.0394791714	0.0226439516	-0.1058606955	0.0802546111	0.0016760144000000001	0.0004936032	0.0416450573	-0.08683221710000001	-0.09003478289999997	-0.0899630409	-0.09801578970000001	0.1110036537	-0.014978896799999999	0.0564667244	-0.0213356683	0.0785879644	-0.0230612348	0.10097055	-0.0654566491	0.0452481047	0.037352034	0.044308255199999994	0.0933089778	-0.0325488485	-0.1315848277	0.0592397442	-0.0337849145	-0.0391058428	-0.0067688399	0.046769391699999996	0.10366363529999999	0.06877845	0.046028348499999996	0.0188822003	0.0571992133	0.0339791468	0.0922286615	-0.06142957280000001	0.0545456765	0.0437787621	-0.0777429841	-0.042702022	0.0101600147	0.0569319585	0.0301639365	-0.0202720014	0.0622222949	-0.0022407105	0.0414294605	-0.0870058586	0.1546394981	-0.024518377400000003	-0.0999109301	-0.0176309231	-0.057986489100000004	-0.0262814268	0.046440074299999995	0.0837995533	0.15524397	-0.036920260499999996	-0.0793648069	-0.016965783600000003	0.1210557926	-0.05109691	0.0655254879	0.0446062413	0.1518032724	0.0972756951	-0.0119391747	0.0300074494	0.1555802117	0.0540540567	0.1399383926	-0.1304958958	0.0761527832	0.014136073600000004	0.0345325448	-0.032851056000000003	0.1704877038	0.151590755	0.018283714399999998	0.0978060462	0.0345968618	-0.0186228749	0.0082978762	0.0033229775	0.09343596119999999	0.1450302135	-0.0389087154	-0.0458950197	-0.0604642857	-0.050788715	-0.0022192723	0.0638200437	-0.0497045825	0.019582496100000003	0.0605946213	0.03054986	-0.137333426	-0.08458430410000001	0.0327648676	-0.08447017009999999	-0.0696503402	-0.0408402719	-0.0218824542	-0.0725099049	-0.0523725417	0.0517506265	0.0034710374	0.017258240600000002	0.0985478873	0.012319986000000002	-0.0289615771	0.0035259907	-0.0628245707	0.07179372490000001	0.053433926900000005	0.012691282199999999	-0.0131508855	0.09046848800000001	0.10912738609999999	-0.026452729100000003	0.021584067400000004	-0.0592778679	-0.0172562031	-0.013250431399999998	0.1399788135	0.0490638704	-0.1092043843	0.0022842466	-0.0577137262	0.0753186265	-0.0844232492	-0.0328921826	0.0339170929	-0.1243712878	0.013395830800000001	-0.0552445082	-0.035327893	-0.0951121633	-0.0083906242	-0.2107893455	0.0988339299	0.0411861106	0.0386060581	0.0956936833	0.0356371716	-0.08342346839999999	-0.028992694	0.0016737492999999999	0.0873243915	-0.017487319299999998	0.1161910839	-0.1202879784	0.0271325146	-0.1764068016	0.1607386028	-0.0325724704	-0.0136440099	0.0584695416	-0.048107588	-0.1154390626	0.0229663469	0.0546513576	0.21721082519999999	-0.09627646769999999	-0.023523454500000002	0.0637028804	-0.0264101769	-0.0959769915	0.040672900000000005	0.007800000000000001	6.084000000000003e-05	0.0016542847944100007	0.00604651	-0.07241328999999996	3.65602831801e-05	0.005243684568624095	0.082121	0.004741000000000009	0.006743858641	2.2477081000000085e-05	0.0008025110000000001	-0.000403479	1.6279530344099998e-07	6.440239051210001e-07	0.00104708	0.00014252299999999998	1.0963765263999998e-06	2.0312805528999997e-08	0.000625624	-0.0008467160000000001	3.9140538937600003e-07	7.169279846560001e-07	0.0	0.0	0.0
8270.724840102388	-9.50098332207017	90.26868408625552	68404889.38068667	10074.058709806108	-19.506563405529963	380.50601589396064	101486658.8886203	6285.089138026226	9.34974999676524	87.41782500201161	39502345.47293525	6610.573416943751	9096.30493836999	1.067015	46.91399000000001	0.0473714	0.0263803	-0.0705440645	-0.07941905219999999	-0.0717167444	0.008535810999999999	0.1171097753	0.0086450802	0.0689423785	0.031130117000000002	0.1109051116	-0.1171219035	0.0347117512	-0.039983603199999995	0.0168274547	-0.021052614700000003	-0.0134337426	0.042238935400000004	0.0150496422	0.0225997631	-0.038854408	0.0027761195000000002	0.0837052029	-0.1034298575	-0.0158132395	0.12509646630000001	0.1498802465	0.0937590459	0.0159195897	0.0106787919	-0.08862405470000001	0.0192232593	-0.07798393690000001	0.0588939854	0.0087409794	-0.0182026003	0.0239190892	0.0464893188	-0.0529599006	0.023831427599999996	-0.1047993159	-0.0232579017	-0.0444051746	0.0902641691	-0.058837674699999995	0.028479989700000007	-0.0549803046	0.015141923	0.0305567204	0.0665130854	-0.0123721402	0.14479995140000002	-0.1245029486	0.0208571879	0.10367928230000001	-0.08842898029999999	-0.0685903088	0.0069249312	0.0538248333	0.0930813292	-0.0519195708	0.1354784165	0.030432931400000002	0.1378433234	0.0113476172	-0.0814188706	-0.014844693700000001	0.033250993799999996	0.028636673199999997	-0.0079725952	0.0190464526	-0.1472926833	-0.0404560096	-0.0422241591	-0.0145298104	-0.052420539800000006	-0.0754317222	-0.052157143600000004	-0.1912830209	0.0474388134	-0.0766798859	0.0081144537	0.0484902092	-0.0383625088	-0.0281885079	0.0172358192	0.12109122259999999	0.1469246369	0.0158700542	0.1124835257	0.044772527	-0.0703307341	0.12311522970000001	-0.0939441803	0.0638559724	-0.0633826115	-0.04230105	0.0179411849	-0.029544719900000002	0.0173039204	-0.079750138	0.0142401714	-0.0316964215	0.0822453133	0.1263723051	0.1429736591	-0.1144809686	0.0213648694	0.0533277318	0.053350860599999994	0.1066671286	-0.0904975791	0.10472704279999999	-0.0603038525	0.0588169357	-0.059026227199999996	0.0296046017	0.0509998248	0.047110029299999995	0.0520306949	0.0376916671	-0.1114429684	-0.037028041	-0.0527247169	-0.0711891701	0.0106324822	-0.0626434924	-0.17021422809999998	0.0890048615	0.0189380701	0.0139733479	-0.0446128689	0.1121004986	-0.0418815018	-0.0080931513	-0.0097053153	-0.0586665813	-0.006492232	0.0874627582	-0.0375999417	-0.0036510759999999996	0.1199146683	-0.0098396272	-0.065121047	-0.0473813476	-0.08529435210000001	0.061288968	0.0834167673	-0.106500673	0.1197686134	-0.0188354245	0.0263605019	-0.0479528669	0.0648762672	-0.014303053799999996	0.025157441800000003	-0.1184466274	0.0146722155	-0.0554402784	0.006590115600000001	-0.1036904414	0.1426899498	0.034299038	-0.115452435	-0.1537744045	-0.0204600747	-0.0389868294	-0.0527950881	0.0474087451	0.044869734800000005	0.0336095556	-0.0018507931	-0.053931764900000005	0.0530206173	0.0389803126	-0.0536217665	0.06999322320000001	0.0396249785	-0.0866621931	0.009920154399999999	0.010147804100000001	-0.0635854575	0.0797757863	-0.0364117828	-0.1615033133	0.0899412156	-0.0372552565	0.10526921730000001	-0.0687021226	0.0167785893	-0.0097831462	-0.011426458	-0.08883787470000001	-0.2045204138	-0.012572400800000001	-0.0758427454	0.0183625432	0.062284525300000004	-0.0298381391	-0.09793586060000001	0.0422579	0.0015849999999999961	2.512224999999988e-06	0.00178573011241	-0.00349719	-0.0095437	1.22303378961e-05	9.108220968999998e-05	0.0766623	-0.005458699999999997	0.005877108241290001	2.9797405689999965e-05	0.00127401	0.0004714989999999998	2.2231130700099978e-07	1.6231014800999997e-06	0.00100845	-3.863e-05	1.0169714025e-06	1.4922769000000002e-09	0.000731175	0.00010555100000000006	5.346168806250001e-07	1.1141013601000013e-08	0.0	0.0	0.0
8270.192354499573	-0.5324856028146314	0.2835409172048614	68396081.58042319	10086.86711847577	12.808408669661729	164.05533264906578	101744888.26578768	6280.672258394135	-4.416879632090968	19.50882568438004	39446844.01736168	6603.272134204492	8907.363044527909	1.208568	53.13770699999999	0.18414899	0.132824	0.0689795601	-0.0233624421	0.0801623242	0.0845070528	-0.032656555	-0.016885378899999998	-0.06764127269999999	-0.10775619119999999	-0.0128161556	-0.0119639203	0.0678769778	-0.0353787753	0.051329464500000005	0.043658676699999996	-0.0671836412	0.0614745744	0.1307985263	0.057511045999999996	0.0642658928	-0.0409422449	0.0169490951	-0.0358232755	0.0648471301	-0.0080413514	0.0849305378	-0.0139172383	0.0115636363	0.0815924058	0.0101908882	-0.0339167052	0.10716400179999999	-0.0108510887	0.0375081148	-0.028490313599999997	-0.0539396101	0.07373729150000001	0.12088167359999999	-0.059439814199999996	-0.0736098421	0.09444956269999999	0.11684684890000001	-0.1272958854	-0.08098857129999999	-0.0435327994	-0.01078927	-0.0237002081	-0.1302934285	-0.0799463946	0.0493593677	-0.0822342781	-0.10774509310000001	0.022149804300000003	0.0336006581	-0.0070100226000000005	-0.0861317608	-0.0374196144	0.0058915015	-0.042023438600000004	-0.09790100449999999	0.1073942144	-0.008470383	0.0029264657	-0.0804875615	-0.0359276919	-0.0538487246	-0.0252825467	0.06254701110000001	0.0047283572	0.0584284591	0.0507853389	-0.10836474730000001	0.09596237619999999	0.0337724446	0.0516658407	0.0483743825	-0.012612826200000002	-0.0185342342	-0.1159041619	-0.1152893497	0.0731345514	-0.1119969021	0.0276848368	0.0768495211	-0.12299836980000001	-0.0653365955	-0.0765993322	0.0544252594	0.0295552555	0.1418002069	-0.0147621286	0.1979673878	0.029859377200000002	-0.0334029651	0.1006012425	0.0219836681	-0.02562403	0.0333777397	0.030239455499999998	-0.0625626811	0.038587213100000003	0.0920631651	0.0021280306	-0.057122958	0.0686354766	-0.1515452941	0.0299501475	0.0046789021	-0.0016232071	-0.0195938679	-0.039683993	-0.0508852183	0.018577543300000002	0.1712932461	-0.0026883131	0.0180918175	-0.074010666	0.1174992735	0.0689939723	-0.0575136413	-0.11555153779999999	0.0788106392	-0.0192602371	0.0790605508	0.0640636924	-0.008080299499999999	0.0530610575	0.10541952519999999	0.0476754456	-6.68342e-05	-0.05459108	0.0254341946	0.019689871799999998	-0.0664197924	0.007341907	0.016670493600000003	-0.012056641399999998	0.0704614757	-0.055591381100000004	-0.0222229424	0.056681123	0.087101724	-0.061514122000000004	-0.0732395128	0.0781330419	-0.0722772966	-0.0037294115000000004	0.053938432	-0.0110480148	0.10245669810000001	-0.0189682748	0.027890627	0.027245325600000002	-0.0372481542	-0.09340433390000001	-0.1265350623	-0.1725103952	-0.032649971800000004	0.0978238417	0.0549600286	0.038672711	-0.1042135058	0.0402685282	-0.013404993200000001	-0.0317382011	-0.0198084424	-0.10594221449999999	0.13957388210000002	-0.0194992525	0.0834249454	-0.0559122055	0.043574775700000005	-0.0117392506	-0.1053490266	-0.1058949417	-0.016234109899999998	-0.0450829919	0.1206487294	0.0740630596	0.0575950426	-0.129831312	0.16266277769999998	-0.0239834606	-0.045402404900000005	0.0162848836	-0.1684356184	-0.0393641437	0.009535065	-0.1063689083	0.1333085918	-0.0312154669	-0.0241528639	0.0459860416	0.0138960998	-0.0143549431	0.1045970856	0.0608480136	-0.0332313112	-0.09963783609999999	0.0442416	0.001983699999999998	3.935065689999991e-06	0.00195731917056	0.119795	0.12329219	0.014350842025	0.0152009641149961	0.0720928	-0.004569500000000004	0.00519737181184	2.088033025000004e-05	0.00124792	-2.608999999999988e-05	6.806880999999938e-10	1.5573043264e-06	0.000932993	-7.545699999999991e-05	8.704759380489999e-07	5.693758848999986e-09	0.0017157	0.000984525	2.9436264900000002e-06	9.69289475625e-07	0.0	0.0	0.0
8259.550397065761	-10.641957433812422	113.25125802307548	68220172.76166917	10087.47637418015	0.6092557043812121	0.37119251332104697	101757179.59964272	6282.371407817161	1.699149423026029	2.8871087617696856	39468190.505758576	6607.155094755097	8894.474620918096	1.12209	49.335506	0.15352924999999998	0.0986523	-0.0479233154	-0.0272639756	-0.02409466	-0.0973792591	-0.0125429351	0.0014118041	0.0644897606	0.0057804834	-0.0082527842	0.092020233	-0.05460023519999999	0.08906944730000001	0.035294443599999996	-0.0792970366	0.0531155984	0.0161741655	-0.06967196269999999	0.012248187399999999	0.048092543499999994	0.0564877624	-0.10534452779999999	-0.0243157657	-0.0697945807	-0.00013996969999999998	0.051651461399999994	0.0995681717	-0.010766088	0.046174216799999994	-0.1207722006	-0.0841850301	-0.11562403380000001	-0.0416751018	-0.09032887349999999	-0.08295724389999999	0.0766531568	0.0021134054	0.021723847799999998	-0.1273939473	0.1335233692	0.0377688169	-0.0015195558	-0.0815587579	0.0656850121	-0.0469764638	-0.088562234	-0.0776858459	-0.0277806796	0.028192675099999998	0.024560206600000002	0.0689045452	0.052430220199999995	-0.009623606600000001	-0.094027779	0.0772500925	-0.017160406200000002	-0.0716402436	0.012947338400000001	0.0275946972	0.0378380289	0.0758724175	-0.1202480996	-0.0399699948	-0.1224918457	-0.0340652032	0.09659926810000001	-0.0192101507	0.0002112505	-0.0276413802	0.0320608555	0.006064396	-0.011595635	-0.021345096400000003	-0.07202900179999999	-0.1123477842	-0.007069065699999998	-0.11101689460000001	0.0626781189	-0.0091243696	0.0020908066	-0.1346604172	-0.0214295381	0.0067947027	-0.049152854800000007	-0.056297767699999994	0.0477058856	-0.0201906247	-0.046548541	-0.0197513863	0.0349549317	-0.029579163999999998	0.020262371799999998	0.0549609831	-0.006975928100000001	0.0413768573	-0.0661438313	-0.0843771367	-0.1127394608	0.0260635887	0.0066830247	0.11702683109999999	0.0372453831	-0.0049434238	0.119039738	0.12141278039999999	0.020452373	-0.0138474656	0.040321397599999996	0.0715233243	0.1365846395	0.0044493191	-0.0639967154	0.0515652734	0.0009774955999999999	0.025311869	-0.06425661469999999	-0.052612817699999995	0.026622712000000003	0.0771560008	0.0958432243	0.1107955158	-0.057669312300000004	0.055477858600000006	-0.0357693163	0.028562755099999997	0.0303261543	-0.019852740600000002	-0.11358464539999999	-0.0525371101	0.0079832454	-0.056668357300000013	-0.0007381655	0.10645824710000001	-0.0157054181	-0.0387331171	-0.0106895176	0.0488216174	-0.1365981934	-0.11397277380000001	-0.0378316025	0.0574124317	0.0634344763	-0.061680963899999997	-0.0372689946	-0.025718195099999997	-0.097763583	-0.0272750904	0.0459449418	0.0566575717	0.0720813108	-0.055216892000000004	-0.0511438134	-0.0353642593	-0.1048244379	-0.001247613	-0.0618453681	0.13034339539999998	0.016835546399999998	-0.024446835099999998	0.0441628564	-0.0315889181	0.0162129711	-0.0095279861	-0.0109754454	-0.1072245884	-0.04326814650000002	0.048525772800000005	0.0162307387	-0.0408759436	-0.1471921309	0.0271913156	-0.023818826499999998	-0.0109460474	-0.1256904284	0.0487357891	0.0713900713	0.0167225351	-0.047523500499999996	-0.0331982911	-0.0808877642	-0.0069702805	0.18165331920000002	-0.0420317493	-0.0455020908	-0.009599702	-0.018373997	0.0639136966	0.0095937942	0.041569256	-0.0120686104	0.0283929065	-0.0793304227	-0.0421634186	0.0167100099	-0.027574597200000002	-0.0915891304	0.0593937641	-0.0365857372	-0.10107845359999999	0.035914	-0.0083276	6.934892175999995e-05	0.001289815396	0.0279002	-0.0918948	0.00077842116004	0.00844465426704	0.0937615	0.021668700000000003	0.008791218882249999	0.00046953255969	0.0011612800000000006	-8.663999999999936e-05	7.506489599999891e-09	1.3485712384000015e-06	0.000935426	2.433000000000036e-06	8.750218014760002e-07	5.919489000000174e-12	0.00117201	-0.0005436899999999999	1.3736074401e-06	2.955988160999999e-07	0.0	0.0	0.0
8252.273922730816	-7.2764743349453065	52.94707874711773	68100024.89578305	10083.0646515953	-4.4117225848513035	19.463296165687076	101668192.76825064	6281.636108805299	-0.7352990118615708	0.5406646368446024	39458952.20344658	6608.364215699718	9012.016470487437	1.121374	49.30402	0.03539809999999999	0.0214353	-0.0427222295	-0.0011336535	-0.0633315182	0.0636799212	0.1539647292	-0.007861290699999999	0.0296725818	0.0408017876	0.0911456167	-0.1411845569	0.013869794599999999	-0.08453266050000001	0.0058644502	0.052311843	0.0039586635	-0.0444218396	0.1636554484	-0.0270054635	-0.0372002698	0.085366655	-0.1815767729	0.028478028199999998	-0.11518974359999999	0.060710246100000004	0.074083623	0.0171248744	0.0741987237	-0.053526855400000004	0.08516218240000001	0.0030895918	7.59342e-05	-0.062084989800000004	-0.10423503810000001	0.0226789935	-0.0868193458	0.0278748766	-0.0339717287	-0.077580815	-0.0148961176	-0.059018729299999996	-0.1210181149	-0.0104819039	0.030893626299999997	0.0504612861	-0.0517322944	-0.0258404148	-0.0136403872	0.0411280143	-0.0347091152	0.09975645849999999	-0.1038948392	0.019042561	0.11953022640000001	-0.0710547755	0.0013685451000000001	-0.0863273757	0.0233517254	-0.0099325257	-0.0844144683	0.0888182101	-0.0103987713	-0.0333427435	-0.042012016299999996	-0.1425120069	0.027932343300000002	-0.0623254353	0.014276686799999999	0.0625825587	-0.110571669	-0.0924751248	-0.1140550304	0.0315630301	0.0073593357	0.061491526399999996	0.0593660471	0.032546954100000004	0.0547265909	0.1022817242	-0.028123472000000004	0.0156713112	0.0540393858	-0.0980196734	0.0139469501	-0.147186832	0.1280419816	0.0649157915	-0.0830995727	0.0976610356	-0.0008759319	0.0365108346	0.0412340415	-0.14232708	0.027689532700000002	-0.0325686302	-0.004300775	-0.0187359348	0.0150346473	-0.1633885276	0.16345211369999998	0.1902814815	0.1062727503	-0.11441143470000001	-0.047185942800000005	-0.0350686296	-0.0083454786	0.0713756057	0.0172211402	0.0044145702000000005	0.0410540023	0.0820857692	-0.0703760868	0.0711505724	-0.044731056100000006	-0.1393295813	-0.026968830099999997	0.0401292751	0.027088058999999998	0.0744217724	0.0642714727	0.0439917275	0.1379952247	0.0416715575	-0.0381654107	0.0009883496000000001	-0.0781887176	-0.1401924223	0.0971610056	0.0426846443	0.010671195500000001	0.027543867799999996	0.0333216412	0.019272438	-0.037925209	0.0812366513	-0.0666751373	0.029333982999999998	0.082077894	-0.0285103971	0.013001141499999999	0.0765177785	0.1978605132	-0.0355330197	-0.0322622612	0.0276869838	0.0160635483	0.00920316	-0.1174724034	0.1304909809	0.0320283758	0.048223149699999995	0.0753343897	-0.037931469100000004	-0.1068695442	0.074799512	-0.009616955	-0.0902111488	0.042317419	0.10177251720000001	-0.0047177464	0.1533294944	0.0899931685	-0.0832512075	0.1359486315	0.0509135645	0.09229816710000001	-0.0456475686	0.12951918269999999	-0.0594113868	-0.183959578	-0.007819923199999999	-0.0983125411	-0.0620225998	-0.0077479934	0.0977027167	0.1568128682	-0.07924400059999999	-0.1135281916	0.065119728	0.0014275784	-0.0447448092	0.0485675962	-0.0492161938	-0.0194869142	0.043143728	0.0708959508	0.0716444994	-0.0380860877	-0.1171921471	-0.045341303	0.09656456949999999	0.10241962980000001	0.1645059368	-0.0168743141	-0.09959701929999999	0.0041658028	0.057922200800000004	-0.039897505800000004	-0.102253934	0.0445703	0.008656299999999999	7.493152968999997e-05	0.00198651164209	0.026825	-0.0010751999999999984	0.000719580625	1.1560550399999966e-06	0.074509	-0.019252499999999992	0.005551591081000001	0.0003706587562499997	0.0012543500000000006	9.307e-05	8.6620249e-09	1.5733939225000015e-06	0.000950858	1.543200000000001e-05	9.041309361639999e-07	2.381466240000003e-10	0.00119179	1.9780000000000055e-05	1.4203634041000003e-06	3.9124840000000235e-10	0.0	0.0	0.0
8253.233926848192	0.9600041173762291	0.9216079053793128	68115870.25127803	10059.170528834486	-23.894122760813843	570.9291025088421	101186911.72817226	6259.993764794956	-21.64234401034264	468.39105426201394	39187521.93527173	6581.933151661732	8734.585014769547	1.242659	54.63661999999999	0.24935380000000001	0.190605	0.1034215906	0.030836299100000002	0.0653278859	0.0961102908	0.0044321667	-0.011805583	-0.10340228539999999	-0.0786915309	-0.1060510593	-0.0310496134	0.024851677599999997	0.045348171900000005	-0.0588356808	0.0660137631	0.0746736429	-0.0273850252	0.098161077	0.0388887711	0.0698653031	0.033026580800000004	0.023882632999999997	-0.054242501799999995	-0.0894639134	0.10927357480000001	-0.032006744	0.07790147509999999	0.0258223708	0.19896943039999998	0.0344222272	-0.0788243061	0.0909624558	-0.0859811889	-0.027083008500000002	-0.0151959143	0.0283085897	0.0748450137	-0.0514196543	0.0401757971	0.013188011699999998	0.0847353876	-0.068168325	0.0434812804	0.016490444099999998	0.2637442761	0.0456866934	0.0122950418	0.047950115	-0.1233700619	0.0116747757	-0.1106874649	-0.04842675230000002	0.045131804500000004	-0.047775497300000004	0.0112341503	0.0393406762	0.1049066935	-0.059135781100000014	-0.0493043392	0.0246748606	-0.047251447599999996	0.0539682286	-0.044589049900000004	-0.1089462709	0.0819394487	0.1460549262	-0.011986440400000001	0.0918646952	0.0797439721	0.1934766663	0.0078423895	0.054026233300000004	0.0707094149	-0.0780524183	-0.0689979545	0.0012985931	-0.022628989	-0.0607518808	-0.1694177824	-0.08261564730000001	-0.022373788199999998	0.0242391057	-0.0847048344	0.15712531470000002	0.0484885062	-0.10720021140000001	0.076386355	-1.02411e-05	-0.028366810099999997	-0.11168052449999999	-0.025492206099999998	-0.08232615110000001	-0.0279630212	-0.1188228156	0.06339868	-0.0103997515	0.1372511551	-0.1593308971	0.036627914	-0.1031842151	-0.039321130600000004	-0.0939807416	-0.0469515137	-0.012738135900000001	0.0563872007	0.0241351887	0.1682663733	-0.0519240482	0.1397090445	-0.0312109975	0.0402352879	-0.0307116108	0.0091408022	-0.0436627993	-0.1090390634	-0.041446750299999995	-0.0077746804	-0.17308030600000002	0.041547439500000005	-0.010934106399999999	0.1013674056	0.05368710559999999	0.0733008792	0.1177971425	0.0174398239	0.0017496395	0.0853406566	0.0392769407	0.0651603719	0.036806042000000004	-0.008037637700000001	-0.1069891437	-0.0235802644	0.0156525651	-0.0699974759	0.048612120700000004	-0.0404866469	-0.10289857220000001	0.028363772000000002	-0.1883786634	-0.0023274519000000002	-0.0499980346	0.0425278914	-0.0936018338	0.0739674746	0.067410491	-0.0429133837	0.15361670789999998	-0.0151765173	0.1284615071	-0.028503627	-0.1035230177	0.2271245863	-0.0150938494	0.0277651521	-0.10645743619999999	-0.045654538700000004	-0.10563135550000001	-0.0106775253	0.0204401015	-0.0798014281	-0.030122841	0.0608236948	-0.09900922710000001	0.0469143888	0.05638747490000001	-0.0208356663	-0.16481655039999998	-0.028955102400000002	-0.1179302172	-0.051370417599999996	0.1292046378	0.08156375519999999	0.008600334	-0.089025004	-0.019684724	-0.11636214560000001	-0.07282268459999999	-0.1207858307	0.0014639339	-0.0118501971	-0.0036543371	0.0131726448	-0.00037632599999999996	-0.0768767781	-0.0059890546999999995	-0.0018700905	-0.12518986740000002	0.014413823000000001	-0.1097076286	0.0770287689	-0.0263899125	0.014789211799999999	-0.0563541443	0.0110855642	-0.08650276550000001	0.0564337526	-0.0431627558	-0.1031611942	0.0471547	0.002584399999999993	6.679123359999967e-06	0.00222356573209	0.208702	0.181877	0.043556524804	0.033079243129000006	0.0771743	0.0026652999999999955	0.005955872580489999	7.103824089999976e-06	0.00121927	-3.50800000000007e-05	1.2306064000000493e-09	1.4866193329e-06	0.0008883759999999999	-6.24820000000002e-05	7.892119173759999e-07	3.904000324000027e-09	0.00233877	0.00114698	5.4698451129e-06	1.3155631204e-06	0.0	0.0	0.0
8278.726065910894	25.492139062702336	649.8491539921544	68537305.27439247	10087.727950307572	28.557421473085927	815.5263211914689	101762255.1994166	6273.952434626178	13.958669831221414	194.84446345705086	39362479.15195175	6597.365937984404	8817.237505803756	1.241531	54.587006	0.29854085	0.196879	-0.0405366859	-0.0358433471	-0.0226622296	0.0012918066	-0.1244406986	-0.0047697734	0.0721018357	0.0252261588	-0.1123698092	0.1336338604	-0.012451756999999999	-0.0750337722	0.0702462001	-0.022907512799999998	-0.0015668076000000001	-0.1531593208	-0.1495944578	-0.047859776500000006	0.0061046173	0.0452297511	0.030061654	-0.0694955153	-0.0560146403	0.0158486825	-0.0822587525	-0.1724021327	0.08512771400000001	-0.057926188899999995	0.162618443	-0.0554196216	-0.0742322872	-0.0505185981	0.0267605687	0.0153127172	0.022270271600000002	0.0056880614000000005	-0.12973071419999999	0.1220745297	-0.0082829976	0.0322849974	0.0365031216	0.077029795	-0.0239355662	-0.0361568153	0.0259750477	-0.0748487069	-0.0573703021	0.0749317359	-0.0147150686	-0.0918964791	0.0567236673	-0.0960174433	-0.0352466642	0.142529799	-0.0498110083	-0.0751053699	0.1790594558	-0.0695631918	-0.0345350711	-0.0237037965	0.024325766800000002	-0.083454988	0.0444996391	-0.1413685822	-0.0170174197	0.060896399000000004	-0.07476576139999999	0.007138600500000002	-0.0070820834	0.0455469437	0.0072006	-0.09263385199999999	-0.0766458409	0.0897906185	0.023959711	0.0699779089	0.0628099632	-0.0028820434999999997	-0.1675140598	0.06695033809999999	0.0650316172	-0.0440215302	-0.0176663879	-0.0174008948	-0.15395808130000002	-0.0657690732	-0.1358488688	-0.11191218359999999	-0.0879984023	-0.0993877033	-0.1670519894	0.0301097947	-0.0265080457	0.0131058663	0.09921755939999999	-0.1066987197	0.0273506933	-0.0926383124	0.0706226924	-0.0340728535	-0.0361736907	-0.0883621927	0.088119487	-0.007100174599999998	-0.0732926398	0.0265633811	0.056972150599999986	0.0045686953	-0.0268997539	-0.0934340467	-0.0123173733	0.0325721667	-0.0749790664	0.0729968808	-0.0415170808	-0.054552337199999995	-0.09806153710000001	0.0957050405	0.08898530710000001	0.023582025299999997	-0.035471934	0.023149394900000002	-0.0728887067	-0.0440296662	0.0593004455	0.1371683174	-0.0800788811	-0.0563338659	-0.0861454242	-0.0837456251	0.0647278468	-0.0384395384	-0.0404275152	0.2049891811	-0.0449954972	-0.0791957815	-0.146890601	0.016801276299999997	0.025044643300000002	0.045996330099999996	0.012407014499999999	0.053344088600000006	0.0181299007	-0.0298539413	-0.0846438267	-0.0037591495	0.012535570800000001	-0.0275795683	-0.0565522938	-0.0542607042	0.022230097799999998	0.022607880099999998	0.0184371987	0.0317742955	0.0704100795	-0.1532424479	0.1647481915	0.1140506218	0.0087047088	-0.056371165999999986	0.0510661337	0.08899092480000001	-0.0589571001	0.0323617031	0.1996488068	0.0431292765	0.0281682836	0.0072545173	0.022142179300000002	0.1098606099	-0.1269783449	0.043814453600000004	0.0279257556	0.0684732795	0.0554678697	0.0042423604	0.0269187904	0.0205120044	-0.17726705199999998	0.1217127135	0.0291617883	0.09927726140000001	0.0616452104	-0.06726712280000001	0.0244245011	0.080487023	-0.0011004456	0.0400865142	0.0820993775	0.0325057993	-0.026450473399999997	0.0187402406	0.0657669722	0.0184406215	-0.13540820550000002	0.054928853300000004	-0.0463776798	-0.1037978542	0.0369446	-0.0102101	0.00010424614201000001	0.0013649034691599995	0.0257114	-0.1829906	0.0006610760899600001	0.03348555968836	0.112794	0.035619700000000004	0.012722486436000002	0.0012687630280900006	0.00132977	0.00011050000000000015	1.221025000000003e-08	1.7682882529000005e-06	0.000905075	1.669900000000012e-05	8.19160755625e-07	2.78856601000004e-10	0.00107156	-0.00126721	1.1482408336e-06	1.6058211840999996e-06	0.0	0.0	0.0
8287.630327422445	8.90426151155043	79.28587306607835	68684816.44401225	10110.787901485508	23.059951177936448	531.7613483288129	102228031.98882572	6290.585505139324	16.633070513145867	276.6590346952825	39571465.99746896	6619.042773593929	9059.082643333772	1.1254	49.481018	0.08808467000000003	0.046424	-0.0858700529	-0.0729837942	-0.15584821140000002	0.0416730159	-0.0740145386	-0.0437289161	0.11376769839999999	0.1015109769	0.0545122757	0.0375370587	0.12287201630000001	-0.0321544948	0.10580814470000001	-0.0250660371	-0.029027539100000006	-0.0376929169	0.035980952000000004	0.0832934291	0.0250460609	-0.0051435885999999995	0.0637260484	0.1326103232	-0.08925816660000001	-0.0864107552	0.0253920598	-0.0040068397	0.0673886395	-0.1197825683	-0.0168150904	-0.10048130779999999	-0.0687821822	-0.0252318798	-0.09153951029999999	0.0137414538	0.09558817019999999	0.0629835616	-0.08775011740000001	-0.015481715200000001	0.0390097308	-0.0211780966	-0.0453530838	-0.0120055541	0.04783648769999999	-0.020107355	0.1143451067	0.12075316039999999	0.0486940582	0.1290641149	-0.12893961710000001	-0.0197450946	-0.0861343441	-0.09508125699999999	-0.0127228122	0.08899703560000001	0.067857223	0.0626369782	0.0229391773	-0.015197055400000001	0.0117259242	-0.07504797719999999	0.0398046623	0.0254866987	-0.021232910499999997	0.0004431579	-0.0587390379	0.0335985544	-0.09436322400000001	-0.09526102089999999	0.0517953686	0.10584390279999999	0.1105271688	-0.0500100825	0.045648017400000004	-0.0827348775	-0.1162310755	0.0135825221	-0.05894087570000001	0.0406882562	0.0217422844	0.0503361525	-0.08550406519999999	-0.0053191454	0.0945755274	-0.053765792800000003	-0.026836056	-0.1004346314	-0.092654645	0.0699345042	0.0735547526	0.1264299548	0.11818776480000001	-0.0156345459	0.0130028079	-0.1405671911	-0.0412633258	0.1456729486	-0.0332678645	0.0832907808	0.08356545950000001	-0.0404262618	0.1003996234	-0.011356490300000001	0.0816549319	0.0647200888	-0.06353285480000001	0.0316784213	-0.0343813938	-0.1545513116	-0.09416038310000001	0.012924066000000001	0.0420721492	-0.0250175531	-0.10583842060000001	0.1068091028	-0.0773364713	0.0369646324	-0.047248799400000006	-0.0877474761	-0.09603816539999999	0.09859359029999999	0.1039726528	-0.0845095235	-0.1324115098	-0.0763249671	-0.1167395884	0.0430657655	0.042631809400000005	-0.0702532791	-0.1021720399	-0.0576322192	-0.0224321546	-0.0254666032	0.0854609175	0.0288643872	-0.036214588900000004	-0.0013400167	-0.0063862667000000005	0.0235117451	-0.067314115	-0.0427944076	-0.0272974005	0.003260235	0.0995046683	-0.056100898200000006	-0.1535724266	0.0042948925	-0.0341515533	-0.1210703573	-0.1273999713	-0.0031680245	-0.0420665353	0.0578536923	0.025868707400000003	-0.15397788839999998	0.038451677999999996	-0.0331866789	0.004904158499999999	0.06903270809999999	0.1009677103	-0.0367799056	0.050896007400000005	0.0793347271	0.0045142287	-0.009872082800000001	-0.1598229437	0.027855246299999997	0.10664500800000001	0.0845990316	-0.0314781099	-0.0055825482	0.1198173102	0.0618417696	0.049610784000000005	-0.0686217797	0.08482048560000001	0.1021178918	-0.1457430914	-0.0186650031	0.050860662699999996	-0.10117823349999999	-0.0490018306	0.062561992	-0.0055724663	-0.2099631805	0.0100967662	0.0900918451	0.0423234674	-0.05663354900000001	-0.0685049436	0.0036613836	0.136199513	-0.0378032894	-0.156219727	-0.0449153214	0.0173911242	0.053407941699999996	-0.0495385296	-0.1041622441	0.0351199	-0.0018246999999999923	3.329530089999969e-06	0.0012334073760100002	-0.00481607	-0.03052747	2.3194530244900005e-05	0.0009319264246009	0.0889039	-0.023890100000000008	0.007903903435209999	0.0005707368780100005	0.0012513400000000005	-7.842999999999956e-05	6.15126489999993e-09	1.5658517956000014e-06	0.000421926	-0.000483149	1.78021549476e-07	2.3343295620100001e-07	0.000996291	-7.526899999999999e-05	9.925957566810002e-07	5.665422360999998e-09	0.0	0.0	0.0
8296.037937614901	8.407610192456561	70.68790914829944	68824245.4623457	10084.93135264064	-25.856548844867568	668.5611181670228	101705840.38747418	6282.5108288155125	-8.074676323811218	65.20039773431745	39469942.314184174	6605.959850721668	9030.74798714481	1.325444	58.276459	0.33722452	0.256903	0.12353719880000001	-0.054197842	-0.0948279762	-0.0680587833	0.0497649399	-0.008770858199999999	-0.09576889429999999	0.1127097548	0.0609114528	0.018129096	0.029864084	0.0247554953	0.1461480933	-0.0470045315	0.0377733708	-0.058155355599999986	-0.057476400199999986	0.0947227335	0.0289638819	-0.0331127649	-0.0811424743	0.005665702	-0.0047340152	-0.1458585854	-0.0236123421	0.0824018788	0.0766183378	0.08959285119999999	-0.1363070539	0.0431431692	0.0220938732	0.042013921600000004	0.0076845691	-0.019017628999999998	0.0294117515	0.021624719700000003	0.1129784615	0.1373328566	-0.0189749777	0.09025251810000001	-0.027988597	0.0957679074	0.0786207406	-0.10191649789999999	0.053968253499999994	-0.0097900378	-0.0638235939	-0.0835259062	-0.0990609457	0.0783730405	-0.043280242000000003	-0.019975637	0.0290434711	0.1062794976	-0.018739147299999998	0.0125413001	0.0222281015	-0.07844795190000001	0.0356884244	-0.0023244967	-0.0178426597	0.0030665158	-0.0686154794	0.0765297975	0.051847824800000004	-0.0852235097	-0.0686030497	-0.1157308434	0.0738196756	-0.049664636500000005	0.021356818399999998	0.1796984373	-0.0424743046	-0.1035578769	-0.0599421554	0.12468654539999999	-0.1352974608	0.055682637199999996	0.055976498099999994	-0.0034672745	-0.1102223735	0.11065153609999999	-0.1429845983	0.0497704741	0.12904168119999998	-0.0302212725	-0.057343138099999996	-0.0735469433	-0.0187449851	-0.0139777298	-0.0041850912	0.038387300000000006	-0.0113846811	0.10157505550000001	0.0084892765	0.0013744894	-0.0946442569	-0.054560200999999996	0.0118477889	-0.07817030309999999	-0.050074319299999996	0.0082229422	-0.029413905299999998	-0.0200225354	-0.0197901365	-0.0628785978	-0.0306688719	-0.0536715396	-0.0111521692	0.1025899137	-0.1561819318	-0.0372172988	0.1196880035	0.0494243533	-0.06281816929999999	0.0395575124	-0.0905475897	-0.0365825846	0.0460243214	-0.032593311800000004	0.1302932862	0.0651016495	0.08246311099999999	-0.07185358	-0.09090985189999999	-0.0519385712	-0.0083145723	-0.0211684594	-0.0704131291	-0.0694024579	-0.0295271909	0.0144295144	-0.0413090921	0.011446801000000001	0.054296032300000005	-0.029923723399999998	-0.0454749608	-0.1012695728	-0.10686156570000001	-0.0253940358	-0.0326990818	-0.0279554435	-0.1093332645	-0.09776806789999999	-0.008983801500000001	0.0991465351	0.0344189648	-0.1845745523	0.048958056900000005	0.1658643886	0.0275416523	-0.00364421	0.1070414042	-0.068662237	0.0272596284	0.0804184267	-0.042633888499999995	-0.0171857895	-0.0240828151	0.0475251358	-0.07446890540000001	-0.0688791437	0.025816538700000002	-0.0562766174	0.0250674771	0.0155180467	0.0089599229	0.0244903052	-0.037128333900000005	0.0291980677	0.0163258612	-0.0480522565	-0.0753871398	0.045003971	-0.06282859860000001	0.0417004353	0.0359574103	-0.0182658168	0.037123173599999996	-0.08456262710000001	-0.1182129337	-0.0483076484	0.0597486109	-0.1463587305	0.056507968099999986	0.014183158999999999	-0.14809870320000001	0.0448198185	0.0705531336	-0.024423510699999998	0.0384607883	-0.040747166	-0.024138266800000002	0.059451676900000014	0.0264745764	0.0518714612	-0.052641619699999996	-0.104253408	0.0461665	0.011046599999999995	0.00012202737155999993	0.00213134572225	0.246482	0.25129807	0.06075337632400001	0.0631507199857249	0.0833325	-0.00557139999999999	0.0069443055562500005	3.104049795999989e-05	0.0013036	5.2259999999999496e-05	2.731107599999948e-09	1.6993729600000004e-06	0.000758056	0.00033613	5.746488991359999e-07	1.129833769e-07	0.00199407	0.0009977789999999999	3.9763151649e-06	9.955629328410002e-07	0.0	0.0	0.0
8264.867826874011	-31.170110740889868	971.5758035993381	68308040.19569714	10086.586045014	1.6546923733603762	2.7380068504569945	101739218.0434712	6271.592352400682	-10.918476414830367	119.21312722120695	39332870.63469072	6595.328938415418	9072.703787806582	1.054912	46.381863	0.13218154999999998	0.103804	0.0803411111	-0.08189103240000001	0.0217692789	0.0917741302	-0.036488939	-0.0121702598	-0.0690505017	-0.0370282365	-0.060861072	0.0661878867	-0.0091367659	-0.058153725999999996	0.07082207480000001	-0.0731432907	0.1592478329	0.0971672894	0.0058441236	0.061709777599999995	0.054207223799999996	-0.0352228636	0.0029357488	-0.0223034177	-0.0052967654	-0.0926280042	0.0206230853	-0.022860421699999998	0.0609263421	0.0370769736	-0.0189072156	0.0153342668	-0.11962675210000001	-0.083804775	-0.0198442327	-0.0943105367	-0.033009073	-0.0429779298	0.0982492445	-0.0034386032	0.09314438609999999	0.0198790932	-0.0594643804	0.1294609774	-0.1081780669	0.032185723799999996	0.0111983462	0.0257976102	-0.0289067822	-0.0814186045	0.0138801229	-0.0545286866	0.0215555536	0.0329999359	-0.0114944533	0.0137160124	-0.0888209743	-0.0660521884	-0.0502811562	0.10561062789999999	-0.0739629557	-0.0306404705	-0.025507790699999998	0.055449571100000004	-0.1078978509	0.0215574371	0.0017862244	0.0508961921	0.1867514026	0.052556886	0.0046644895	-0.0224051363	0.0386289479	0.029374422	-0.0511370792	0.06886345990000001	-0.121181518	0.0909560025	-0.0282151784	-0.0274147525	0.068073724	-0.0288408079	0.1064352055	-0.0551009397	0.0208796201	0.0004304396	-0.057102428	0.0450857181	-8.23478e-05	-0.1454161818	0.0233003095	-0.022492753900000002	0.0021631906	0.0090904445	-0.0322919483	-0.11544555039999999	-0.08336969400000001	-0.0078268164	-0.0382282443	-0.1466466719	0.0438786362	-0.0296062537	0.0419371573	-0.0262284946	-0.055228449400000004	-0.1577250338	-0.0921661258	0.1151336632	0.1182979301	0.180428687	-0.0200137068	-0.053018293099999995	-0.049195094	0.0990698444	-0.0817004945	0.024850522599999997	0.0429487195	0.0520770229	0.0116897966	-0.0530111496	-0.1251699323	0.0001010529	-0.08596764470000001	-0.0715677145	0.0799640727	0.014736256000000001	0.0187050133	0.0552914596	-0.007600350899999999	0.0370972968	-0.0426942041	0.000732298	0.12440014419999999	0.1293109888	-0.0680981678	-0.102528693	0.001996028	-0.0199997247	0.0148094978	0.0281729818	-0.0696844613	-0.0023283749	-0.0078197058	-0.1199852708	0.0110917175	0.1150443509	0.0063269339	0.1300181392	0.0698754992	0.1283754905	-0.024223017599999997	-0.0975238525	0.0391959982	0.10346789	-0.0212862383	0.05413919	0.0273312744	0.012457069	0.0202665147	-0.0305023525	0.0811280092	-0.016668153300000002	-0.0035164937	-0.0949422051	-0.0087932819	-0.09956912820000001	0.05664805320000001	-0.06531164730000001	-0.07764718129999999	-0.034854992200000004	0.061117639	0.0462620547	-0.0441204279	0.049954534800000006	-0.0245416993	0.0463395787	0.06905428799999999	-0.0777333298	-0.045213299400000004	0.0547292453	-0.1115656049	0.0366390148	-0.1125744273	0.1680275805	-0.0883838711	-0.0894042492	0.042526602000000004	0.0719529319	-0.059349550599999995	0.1460704472	0.0756464869	0.0022032857	0.1313787091	-0.1572453947	0.1374642264	0.157602585	-0.030528117599999998	0.0503198596	-0.055683332	-0.1040711067	0.0543281	0.008161599999999998	6.661171455999997e-05	0.0029515424496099995	0.14405	-0.102432	0.020750402500000004	0.010492314623999998	0.08756339999999999	0.004230899999999982	0.007667349019559997	1.7900514809999848e-05	0.0012267	-7.689999999999997e-05	5.9136099999999965e-09	1.5047928900000004e-06	0.000786487	2.843099999999999e-05	6.185618011689999e-07	8.083217609999993e-10	0.00223588	0.00024180999999999985	4.9991593744e-06	5.8472076099999916e-08	0.0	0.0	0.0
8232.416519909495	-32.45130696451633	1053.0873237052665	67772681.75727876	10083.276854927204	-3.309190086796661	10.950739030553297	101672472.13311064	6274.2626698993445	2.6703174986623712	7.1305955436624595	39366372.05089245	6602.516181955572	8958.63192958621	1.212098	53.292923	0.2070532	0.14107999999999998	-0.0749356369	-0.0195895149	-0.0686411287	-0.0722175479	-0.0428232709	0.0008559742999999999	0.0712194408	0.0452109828	0.0865734894	0.0357610767	0.0140642454	0.0336659952	-0.0119691222	-0.0591891402	0.11855617189999999	0.112622535	-0.0003930214	-0.0324192592	-0.044004633200000004	0.0481492258	-0.0057577966	-0.012453935800000001	0.09315312490000001	0.0206362442	-0.1994533861	-0.0669579283	0.0117910825	-0.0376344413	0.0561382916	-0.0441338046	-0.0726939233	-0.0452176293	0.0221021487	-0.0546117065	0.0980335249	-0.0475094367	0.0834346937	0.0651476743	0.0397512693	0.0699722165	0.15328195390000002	0.0867865477	-0.0548905109	-0.0711210764	-0.10023513630000001	0.038926457000000005	0.032652053	0.059899477	0.0135773116	0.0022187154	0.023018775099999996	-0.0809409737	-0.0540511597	-0.0043978233	0.0326708388	-0.0425606008	-0.0828527993	0.1784036745	0.11015720550000001	0.012810749199999999	-0.07696231740000001	0.0705592304	-0.08918001560000001	0.02179726	-0.0621106517	-0.0471048662	-0.0032191967	0.0280588023	0.0808934396	0.0340383223	-0.1449512767	0.048430056299999996	-0.0066337491	0.0149327003	-0.0310813768	0.0278823557	-0.0848828609	0.0695705996	0.0090687771	-0.012228801999999999	-0.0353868714	0.048029079100000004	0.09811590199999999	0.0848293192	-0.0812471147	-0.001958329	-0.1602378777	-0.0020066346	-0.0324428597	0.1136595986	0.0795933985	0.028601508199999997	-0.039665913	0.0759677757	0.0567945407	-0.0664274779	-0.029122022200000007	0.0258230971	-0.0028751232	-0.1005231283	0.08471768519999999	0.0337895239	-0.0379423266	0.025350640499999997	-0.010092413599999999	0.036924595299999995	-0.0384826504	-0.0516084479	0.0903658813	-0.0812282372	0.0852733666	0.047241225899999996	-0.10874565539999999	-0.0095874438	-0.012494883500000002	0.09528598	-0.0136753835	-0.060868375599999996	-0.19569626059999998	0.0008471630000000001	0.0118686584	-0.0303226084	-0.0714720814	-0.006742484399999999	-0.0048355571	0.005021287	-0.010310964	-0.1054148255	-0.008797866	0.016914125500000002	0.045969681500000005	0.1023719201	0.0384182074	-0.1806522141	-0.0895440675	0.1130644447	0.011219214699999999	0.018014327099999998	0.023947839300000003	0.0589805956	-0.0092354293	-0.0751515009	-0.00034379809999999996	-0.0685136946	0.0191130101	0.0954463772	0.12695001820000001	-0.1179572443	0.0025185533	0.044560107300000006	-0.011732175800000001	-0.014148711999999999	-0.0652644782	-0.022362251099999998	0.03488356	-0.0690874455	-0.072634949	-0.1078926731	0.0768116638	-0.0292640298	0.1527837242	0.08518213990000001	-0.0282532916	-0.0056809502	0.035571484300000004	-0.0386521289	-0.035506002	0.0278047294	-0.0046064061	0.095901705	-0.0915027294	0.0063053232	-0.0406210484	-0.1445350202	-0.11745954859999999	0.017928488700000002	0.0475629321	0.0002713982	0.0727335942	0.0117221155	0.0360557425	0.10160523619999999	-0.00026359990000000003	-0.0560811925	-0.023849960400000002	0.028188024199999998	0.0242229663	0.0435801305	-0.1359550906	0.005863502	0.022307098900000003	0.003652775	0.0684959329	0.0086988225	-0.1261393193	0.0487535893	-0.05866012	-0.10361581859999999	0.055522900000000014	0.0011948000000000095	1.4275470400000236e-06	0.003082792424410001	0.0101474	-0.1339026	0.00010296972675999998	0.017929906286760004	0.107783	0.020219600000000004	0.011617175088999995	0.00040883222416000016	0.00148356	0.00025686000000000003	6.597705960000002e-08	2.2009502736e-06	0.000785743	-7.440000000000052e-07	6.17392062049e-07	5.535360000000076e-13	0.00145876	-0.0007771200000000001	2.1279807376e-06	6.039154944000001e-07	0.0	0.0	0.0
8215.512430337509	-16.904089571986333	285.7482442577371	67494644.49303012	10056.794244233177	-26.482610694027247	701.3286691714061	101139110.47084156	6268.373172331508	-5.88949756783677	34.68618160155523	39292502.22760537	6593.742592585897	8852.331588581625	1.034437	45.481636	0.14907489999999998	0.07708779999999997	-0.0030275226	0.0330992119	0.0331807315	-0.0015713803	0.1358379843	0.0032954056	-0.0176362607	0.013136458	0.0697821836	-0.0872837254	-0.0129979544	0.0537953715	-0.0092589405	-0.0009491339	0.1630960793	0.09883890640000001	0.025301075099999997	-0.031552592000000004	-0.1388689341	-0.0447134079	-0.0160935496	-0.0808578053	0.0575403763	-0.0046357775	0.0039179289	-0.21604924890000002	0.0048721592	0.0605497542	0.033243714	-0.0858360246	-0.0347418693	0.08402366160000001	0.039690157000000004	-0.10642204179999999	-0.06401060480000001	-0.0704135766	-0.08278439480000001	-0.022544733900000002	-0.0271984212	0.0918037744	0.13082906390000001	-0.0469359922	0.0736712009	-0.0043189244	0.0021403882	0.028589252599999997	0.0078252815	-0.013769264299999999	0.0383475006	0.0882196119	-0.0199735406	0.0500789654	0.06534790809999999	-0.0902233476	-0.051441078700000004	-0.0374733277	-0.0022966028	0.0462245274	0.058336153099999996	-0.018171268799999998	0.0153909319	-0.0344057314	-0.1406660169	0.0327684056	0.0833578451	0.027787804500000002	0.046645274699999996	-0.1382652409	0.09679840740000001	0.0415909857	-0.0080517995	-0.0558157575	-0.0734940962	-0.014314585500000001	-0.011870350900000002	0.0403113888	-0.0052394890999999996	-0.1672893633	-0.0943162451	0.0700231793	0.0293244771	0.0717778983	0.0293043066	-0.0473791399	-0.0361535222	0.0268212183	-0.0447974842	-0.0190647696	-0.0077608387	0.10079940130000001	0.0023176717999999997	0.009238442	-0.0427094738	-0.034736360099999995	-0.10285061359999999	0.1353919023	0.20085561149999998	0.0179082938	0.0357051581	0.10779904480000001	0.0128043251	-0.0053843373	0.048511247800000004	-0.1323707808	-0.09325476279999999	-0.1116838373	-0.027055256	-0.0232671077	0.0034672093	0.0322115716	0.073539067	-0.0445410126	0.0169997115	-0.048829448399999996	-0.016711411000000002	-0.029875074799999998	-0.0531459055	0.1437772658	-0.0441218829	0.022453864700000003	-0.1102688582	0.07154128950000001	0.015512916699999999	0.0427247646	-0.0129641294	-0.12265679439999999	0.008443578699999999	0.0317481481	0.051871099000000004	0.038281846200000004	0.056593631	0.00667317	-0.09561956419999999	-0.079438686	-0.0968350092	-0.018568069	-0.0317530004	-0.0167301147	-0.0833330858	-0.0319965466	-0.11507074310000001	-0.032436755299999995	-0.0313583077	-0.010053710300000001	-0.1044813958	-0.0363413328	0.0829437517	-0.042184150499999996	0.131323102	-0.0968104101	0.034050097200000004	0.0796775636	0.1109503194	-0.08319202769999999	0.05727860730000001	-0.0708987547	0.0052950612	0.0817621227	-0.023229006099999998	0.0809756296	0.0980178242	0.0083644074	0.0275240205	0.0043658768	-0.0715793688	-0.0289116826	0.0099582922	0.1007437268	0.0018489339000000002	-0.0854144608	0.0909995392	-0.1311419234	0.1206256366	-0.08104985769999999	0.0614313733	-0.0256689534	0.0387442043	0.09319526550000001	-0.047912431799999995	-0.0378855894	0.0017108572	-0.002750845	-0.050982488	0.06464495719999999	-0.0351219167	-0.1197217575	0.1112348932	0.0642659756	0.0244210535	0.0396346691	0.0396356951	0.0633685159	-0.0175337508	-0.021405100099999998	-0.1378945165	0.047173106799999996	-0.061568513	-0.10288873779999999	0.06096759999999999	0.005444699999999983	2.964475808999981e-05	0.0037170482497599993	0.0733863	0.0632389	0.0053855490276899995	0.00399915847321	0.0780808	-0.02970219999999998	0.006096611328640001	0.000882220684839999	0.00103508	-0.00044848	2.0113431040000005e-07	1.0713906064e-06	0.0008821849999999998	9.644199999999986e-05	7.782503742249997e-07	9.301059363999972e-09	0.00192762	0.00046886	3.7157188644e-06	2.198296996e-07	0.0	0.0	0.0
8216.963553459032	1.4511231215237783	2.105758313820915	67518490.03887409	10054.482878696146	-2.311365537030724	5.342410645773328	101092625.95799394	6258.466227443243	-9.90694488826466	98.1475570191133	39168399.52004766	6583.134267623864	8772.332305854987	0.974607	42.85104000000001	0.08136609999999997	0.04604	-0.0423379678	0.0294321288	0.10113122880000001	0.049284454000000005	-0.0661343053	0.006497059	0.034710814300000004	-0.10200378	-0.0395887348	0.0254592325	0.0780825535	0.010218387800000001	0.0367458501	0.0920326891	0.1361155167	-0.035681778500000004	-0.06969919549999999	0.0248069702	-0.1377028306	0.0045142371	-0.1317081808	0.0466173451	-0.013599078200000001	-0.0286078025	-0.0248611082	-0.0571377291	0.0849419827	-0.0383753625	-0.052442315	-0.0777282295	0.069255867	0.0961266968	0.029019666800000007	0.048784775	-0.0137633305	0.05326864110000002	-0.0395694683	-0.10452795349999999	0.038968079100000004	0.058332836	-0.0656351822	-0.015827444399999998	-0.0747874179	0.0701531028	-0.09844416539999999	0.0777227585	-0.1474332012	-0.0027190522999999997	0.10583369779999999	-0.0824520155	-0.029522918500000002	-0.011334632800000001	0.0006945317999999999	7.11352e-05	-0.171306013	-0.0065589145	0.020433919	0.0164837116	0.1158061964	0.0554674689	-0.021549917999999998	-0.0379078834	0.0221293211	0.0661812203	0.0104561083	0.1522603147	-0.031733452200000005	-0.0198006793	-0.009414022900000001	-0.0278392305	0.033397413199999997	0.0190141923	-0.11351541	-0.0265507519	-0.0720091582	-0.0100050482	0.0117711695	-0.0524000482	0.0313818611	-0.021689365800000002	-0.0679745955	0.0271213986	0.0017280607	0.08764267560000001	-0.029216214900000002	-0.1338989496	0.0958203634	-0.088619675	0.08488621369999999	-0.007525725	0.041745088199999995	-0.0850198769	0.08676489800000001	0.0331033439	0.057358537599999995	0.1805177544	0.1212724566	-0.0728846822	0.0103786414	0.0221557673	-0.0843426367	-0.013744968500000001	0.09747633130000001	0.02094261	0.1406722504	0.07437045	0.0789364011	-0.058321806799999994	0.0658542696	0.1431608501	0.0169319748	0.09357763150000001	0.054064753	0.0671187034	-0.0364945261	-0.146692059	0.0836790574	-0.0323583213	-0.0056833674	0.0755454393	0.11501880099999999	-0.055449272699999996	-0.0026367481	0.0897176206	0.053978632	0.0700920683	0.0249367257	0.0159858019	0.0326311543	-0.0306730472	0.054295646100000004	-0.0673278365	-0.1542150074	-0.09159788810000001	0.009407219100000001	-0.0193698157	-0.0642433025	-0.0701764639	0.0261494731	0.048144256399999995	-0.0436907148	0.033748179100000004	0.0979997126	-0.0682491648	0.032346559	-0.0051201935	0.0174829639	-0.0173554733	0.0124547608	-0.0660433149	0.0584970182	-0.059844093099999995	0.0157589917	-0.0246702754	0.0187984394	0.11053528929999999	-0.0208822686	-0.0418587147	0.059400677	0.047348201500000006	0.020416982900000002	0.0395444851	0.10280644	-0.0129394122	0.0574575133	0.0160577943	0.0088032157	-0.0555179205	0.0149412145	-0.08709682199999999	0.24791301100000002	0.0174285879	0.0772714252	0.10409086619999999	-0.029722341800000007	0.1093567549	-0.0023683306	0.0504312083	0.0596514893	0.024124261299999998	-0.06464425509999999	0.0578274631	-0.0901475389	-0.0203599841	-0.1237610367	0.1813146404	0.0070068189000000005	-0.0250739355	0.0707248911	-0.040132388399999996	-0.1246580555	0.1063020953	-0.0117600227	0.0274957396	0.0471630086	0.0455788729	-0.06440511980000001	-0.1018917716	0.0673971	0.006429500000000012	4.133847025000015e-05	0.00454236908841	0.0329411	-0.0404452	0.00108511606921	0.0016358142030400002	0.0899803	0.011899499999999992	0.00809645438809	0.00014159810024999984	0.00138875	0.00035366999999999994	1.2508246889999994e-07	1.9286265625e-06	0.000825497	-5.668799999999984e-05	6.81445297009e-07	3.2135293439999813e-09	0.00188614	-4.147999999999999e-05	3.5575240996e-06	1.7205903999999988e-09	0.0	0.0	0.0
8217.979807828176	1.0162543691440078	1.032772942804285	67535192.12187164	10073.819011525196	19.336132829050253	373.8860327826751	101481829.47696649	6267.534523083405	9.068295640161525	82.23398581737248	39281988.99804232	6594.015811828437	8793.414928799839	1.034895	45.50174000000001	0.08893729999999997	0.0617087	-0.1260563631	0.032704679199999996	-0.026969697999999997	-0.07820012230000001	-0.0563858511	0.0039263346	0.1111286683	0.0292043255	0.08990028230000001	-0.0052998949	0.0700493121	0.1225721914	0.0183628497	0.047276502000000005	0.0437718104	-0.0180295288	0.0205615883	0.068828203	-0.125085421	-0.0492241886	0.0344319215	0.1170421052	0.0636596287	0.0790365318	-0.1492316858	-0.07618709650000001	-0.0023440562	-0.002750217	0.0514333162	0.012879315300000001	-0.0798523454	-0.1464791963	0.1782360732	0.0726003143	0.1059848414	-0.0186674214	0.0199510914	-0.0602610867	-0.0315391121	0.0317350111	-0.011892358200000001	0.0270119596	-0.0813673961	0.0207324847	-0.0653779989	-0.0161417274	0.0020047806	0.1036392102	0.0231499714	0.0677163396	0.0013387235999999998	-0.1062530748	-0.0550954628	-0.0866508834	0.0560508645	0.056980023399999996	-0.0503531722	0.010958252	0.10658849	0.09275541470000001	-0.0184637427	0.0367947772	-0.067445293	0.030975647999999998	-0.1560801783	0.1081931148	-0.0313507897	-0.0442450726	-0.0239005177	0.0246013375	0.0837561653	-0.0495587953	-0.0689862522	-0.06619357769999999	0.10015551130000001	0.0344649842	0.0185984836	0.008956940200000001	0.0628180374	0.0073982480000000005	0.0252394766	0.115293853	-0.0770753742	-0.0221439357	-0.029566164500000002	-0.0417975427	0.0966197201	0.0020398701999999997	0.0048499924	-0.0060669352	0.027936026200000002	-0.0948208344	-0.016659541899999998	-0.1049896047	0.10504237359999999	-0.0676445343	0.0227846855	0.11614862179999999	0.0647423998	0.0100035412	-0.1284929218	0.1063614567	-0.0755010168	-0.0246880267	0.008959942	0.0014331042000000002	-0.1499395513	-0.145394636	0.0048220041	-0.0433403243	0.0084916395	-0.026967210800000002	-0.08466168339999999	0.0116013395	-0.0070252265000000005	-0.0553856286	0.11832146880000001	-0.0193007301	-0.0403423448	-0.0035782646	-0.006936326	0.1132398738	-0.1112760394	0.012518853600000001	-0.009410766	-0.036855304900000004	0.0003670479	-0.11476154179999999	0.0929563189	-0.022993036	-0.0288318911	-0.06563231309999999	0.04648876019999999	-0.084214914	-0.0650864354	0.1200867459	0.06916690389999999	-0.0750733403	-0.0671873026	0.0302038959	-0.05500927940000001	-0.0078626338	0.2321167709	-0.0158762602	0.0313409668	-0.0133259681	0.0334967269	-0.08357374690000001	-0.038540119	0.053921508	0.035636949	-0.046938940400000004	-0.024671805800000002	-0.0332567784	0.0853600146	0.1082349257	0.0310513986	0.0266471067	-0.0671158737	-0.0161351933	0.0173592919	-0.042221873099999994	-0.0070039937	-0.050214319400000006	0.0262570698	0.0553885809	0.1003223687	0.0099439292	0.0298420213	0.0945161751	0.1293736322	0.0878955944	-0.0042906795	-0.13122785039999998	-0.0112325703	0.024879795299999997	0.0024575936	0.0256258765	0.013535361299999998	0.1123296944	-0.10266829449999999	-0.0647802493	0.1580287158	0.0532852718	-0.1526088903	-0.0082848337	0.1150274299	-0.008774237800000001	-0.08383679150000001	-0.0258803329	-0.0220204693	0.0699958945	-0.023828617599999997	0.0486029334	0.050504527800000004	0.0439713523	-0.0671666331	-0.100627535	0.06386500000000002	-0.003532099999999983	1.2475730409999874e-05	0.004078738225000002	-0.026514099999999995	-0.0594552	0.0007029974988099997	0.0035349208070400004	0.090754	0.0007737000000000023	0.008236288516000001	5.986116900000032e-07	0.0014263600000000006	3.761000000000064e-05	1.4145121000000481e-09	2.034502849600002e-06	0.000604871	-0.00022062600000000005	3.6586892664099997e-07	4.867583187600001e-08	0.00164085	-0.00024529	2.6923887224999995e-06	6.01671841e-08	0.0	0.0	0.0
8228.327280550015	10.34747272183813	107.0701917291842	67705369.83584361	10046.620589284728	-27.19842224046807	739.7541723707878	100934585.26503982	6264.630059249783	-2.9044638336217763	8.435910160816903	39245589.779255934	6589.5394856344055	8771.654111307813	1.095471	48.165138	0.13491085	0.0897018	-0.0050181960999999995	0.0402200224	0.0512303151	-0.0405522931	0.1166312529	0.0133111896	-0.0037659601	-0.0330721395	0.08061322809999999	-0.11741527	-0.0386998728	0.056863656900000004	0.0471970684	0.155202036	-0.0755020406	-0.0336267823	-0.0370932411	-0.052208659299999995	-0.1439190151	0.022863869900000004	0.0081133811	0.0225468568	0.045958548099999996	-0.11251727560000001	0.0169582718	-0.08562859630000001	0.0774175621	0.1662628871	0.0609186818	0.0342204456	0.005258439100000001	-0.0802698681	-0.0052259769	0.0215452258	-0.0283161531	0.041350266600000005	-0.08943595720000001	0.0460933584	0.0194268199	-0.0302751826	-0.0623289863	-0.0703833181	-0.012775956299999999	0.0485889592	-0.1033599225	-0.0861614306	-0.0046695295	-0.016496032600000002	0.0435024801	0.1383396864	-0.0380798014	0.0308527452	0.0240429066	-0.0779853477	-0.0595336646	-0.0329398053	-0.035912222	-0.071319959	0.0624787341	0.0343253277	0.1447584408	0.0290962552	-0.046611369699999995	-0.028959906400000002	-0.0418471412	-0.0185763516	-0.0478546986	-0.036616085699999995	-0.0353431953	-0.057767192599999996	0.0255586365	0.1186543389	0.0110364624	0.0097659046	0.0070484192	-0.0730997804	0.027487318900000002	0.0756765929	0.0299145429	0.13448618880000002	-0.025805846400000002	0.0006144616	0.010882443600000001	0.0573545348	-0.0874837705	0.1473728342	-0.0374918359	-0.08505363960000001	-0.0410380807	-0.0455031093	-0.0523245928	0.0762268267	0.021946429500000003	-0.0774593551	-0.19705273	-0.0901300181	0.0530992613	-0.034379381800000004	-0.0528663504	0.1126892334	-0.100134877	-0.0634014824	0.0044280693	0.0090063502	0.0059705463	-0.0086304483	0.0994162006	-0.0042587615	-0.0593911656	-0.0129627749	0.08753883330000001	0.0027501126	-0.0248932135	0.15099186779999998	-0.032351569	-0.1500541797	0.0186105239	-0.1032865298	-0.0937315452	0.0823292268	-0.0056511967000000005	0.051679334	0.019838586499999998	0.0501957549	-0.011232352	-0.13955606939999998	-0.0147450874	0.0254265691	0.072759798	-0.020371515700000002	-0.030812407799999997	-0.087755741	-0.12821174	0.0509728854	-0.0710642304	-0.0131869579	0.0992579544	0.0343403761	-0.0487320169	0.0688863864	0.0323916547	-0.0268813446	0.01162705	-0.0216520052	0.0043265793	0.014332923400000001	-0.0721242906	-0.0770226536	-0.053878046500000006	0.0352063464	0.0037983443	-0.0245087973	0.038841723700000004	0.0999375409	0.0642106702	0.0390726357	-0.0487001308	0.0024480307	0.1083028775	-0.0390247158	-0.09395789269999999	0.0407044081	-0.13663379650000002	0.012216103300000001	-0.07609691639999999	0.08548933759999999	-0.0792549896	-0.0104637538	-0.0535278743	0.08798191109999999	-0.0449366761	-0.0756320608	0.0511002529	0.0953851634	0.040888875	-0.08217562839999999	0.0145255329	0.153574973	-0.0233253385	0.0247850157	0.010902456299999998	-0.0187588172	-0.0787088629	-0.0315641126	-0.07768572160000001	-0.0602380865	0.0585889134	0.0488724022	-0.042202589000000006	-0.1558483239	-0.049603006799999995	0.0122990447	-0.0737308904	0.0596246325	-0.0454272335	0.0423510136	-0.0698498331	-0.0990993443	0.07194680000000002	0.0080818	6.531549124e-05	0.005176342030240003	0.059948	0.08646210000000001	0.0035937627039999997	0.0074756947364099996	0.0812013	-0.009552699999999996	0.006593651121690001	9.125407728999997e-05	0.00139934	-2.702000000000065e-05	7.300804000000348e-10	1.9581524356e-06	0.000852036	0.00024716500000000004	7.259653452960002e-07	6.109053722500002e-08	0.00198295	0.00034209999999999986	3.9320907025e-06	1.1703240999999995e-07	0.0	0.0	0.0
8240.19265461727	11.865374067256198	140.7871017559159	67900774.98520842	10060.918516705424	14.297927420695489	204.43072852747588	101222081.39978608	6269.249129357996	4.619070108213236	21.335808664589038	39303484.645956	6591.647190349117	8745.110665794407	0.970931	42.68943	0.035383300000000006	0.0187955	-0.026062877	0.020742368100000002	0.0986788441	0.053173633	-0.0728199156	0.0056925954	0.0236858668	-0.1097840597	-0.0770512858	0.0007245304	0.0339814097	0.0655064379	0.05017608	0.12700079820000001	-0.0566698163	-0.0618796426	0.0476230941	0.0717867502	-0.0269627788	-0.0065054612	-0.052727431	-0.1274215785	0.008217691899999999	-0.0572966191	0.0329860458	0.0338795207	0.0559467166	-0.055813595199999996	-0.025438132599999996	0.09119905019999999	0.2210458045	-0.08885181019999999	-0.009216535999999999	0.0641176615	0.0384532022	-0.0252020165	-0.110144748	0.0155621608	-0.0871100184	0.044090627199999996	-0.0919261023	0.0735117206	-0.0212099298	-0.0073918147999999986	-0.071653979	-0.1686831417	-0.0064616502	0.0089666219	0.0798191897	-0.1181328795	-0.028313012400000007	0.0232103364	-0.0369680465	-0.0023273322	-0.1314076173	-0.0651660422	0.026046403500000002	-0.0678008576	0.1030660645	0.062564395	0.0417330801	0.015592533	-0.0862766228	-0.0047305624	0.121522825	0.029574816299999997	-0.0360361451	0.06143685650000001	0.0028514943	0.038800570699999995	-0.0659856791	-0.16925504719999998	-0.08202873599999999	-0.0553714226	0.056811137699999986	0.007419099399999999	0.089099266	-0.0477688084	0.0073668647	-0.014721942	0.0426683262	-0.0248097531	-0.014760934	0.07695102969999999	0.1083565718	-0.0015794667	-0.0458344172	-0.030551618500000002	-0.0051380417	0.0215162469	0.11667654179999999	0.0033391151	0.0107305553	-0.0231411411	-0.0813726843	-0.018118429499999998	0.0170766342	-0.08754605310000001	-0.02882812	0.0373043137	0.0774258092	0.1127413209	-0.06423143419999999	-0.014455068	0.0632390331	0.0178520102	-0.148403511	-0.0435023016	-0.08873904880000001	0.0061470458	-0.1134983376	-0.020926777	-0.0618731562	0.1073521643	-0.0066474487	-0.0379270773	-0.0975054181	-0.18049450739999998	-0.029336414300000002	-0.0516371391	0.014673754399999999	-0.0371032055	-0.0073398774	0.0621383825	0.0613135266	0.10202389619999999	0.0162704802	0.0580413281	0.052653175999999996	-0.0722108203	-0.0343753198	-0.0991155686	-0.163037312	-0.012290363799999999	0.0003246978	0.0709509083	-0.023778394900000003	-0.0309213617	-0.048656046900000006	0.0540272354	-0.0396738124	0.063516633	-0.07760938190000001	-0.005104415300000001	-0.051708785800000004	-0.0636245037	0.0206157202	0.062209023899999986	0.0324886989	-0.0318703875	-0.0092785648	-0.0756037602	-0.0125269852	-0.038220282599999995	-0.0269290789	0.0195374411	-0.0250832275	0.0053944941	-0.0550140407	-0.0565590177	0.21444372969999997	-0.047636417699999996	0.0050247741	-0.1293632927	0.0323555928	0.011271239399999999	-0.0033689116	0.049894827	-0.07354905860000001	0.0181826535	0.052725460099999996	0.0084507462	-0.10553176939999999	0.0689767049	-0.040781784700000004	0.0028954742	-0.028845636600000002	0.0243324696	0.0061154725	-0.0482969028	-0.0370255979	0.1489661327	0.0301995865	0.013313341000000001	-0.0150075898	-0.1232845953	-0.0643324799	-0.10751755449999999	-0.0229646862	-0.048271386900000005	0.0005234591	-0.000584197	-0.1790515633	0.0968283556	0.0033653039000000004	0.0407183291	-0.0724515914	-0.09731120800000001	0.0642894	-0.007657400000000022	5.863577476000034e-05	0.00413312695236	0.0460379	-0.013910100000000002	0.0021194882364099998	0.00019349088201000005	0.0905606	0.0093593	0.00820122227236	8.759649649000001e-05	0.00140286	3.5199999999999117e-06	1.2390399999999381e-11	1.9680161796e-06	0.0008489259999999997	-3.110000000000287e-06	7.206753534759996e-07	9.672100000001783e-12	0.00190045	-8.249999999999989e-05	3.6117102025e-06	6.806249999999982e-09	0.0	0.0	0.0
8241.867154015099	1.6744993978281857	2.803948233326956	67928374.18443295	10100.352640159535	39.43412345411162	1555.0500925941155	102017123.4555777	6275.415217697536	6.166088339539781	38.02064541100848	39380836.15450981	6604.303112642116	8819.153721579018	1.014189	44.591347	0.07017637000000003	0.0472694	-0.0842349688	0.0264638426	-0.0434897832	-0.0640731149	-0.0623686774	-0.0259375685	0.08959493199999999	0.0706618869	0.0758886351	0.033427465	0.06698375940000001	0.060124457	-0.0300685713	0.007565757399999999	-0.0676119867	0.1048636814	0.1576572857	0.0550879622	-0.14343118130000002	0.033729678799999996	0.1099096309	0.051418043	-0.0938633644	0.0975008159	0.0097032371	0.06747016019999999	-0.0600454154	-0.0362022647	-0.0056355434999999995	0.0834276488	0.041120387200000004	-0.071610634	0.0471003329	-0.001259907	-0.1297491542	-0.02908426	-0.0049462116	-0.0642009341	0.053424043600000005	-0.0306877454	-0.0689450801	0.07102896610000001	0.036286963900000004	0.073214725	0.013152572900000001	0.031832848	0.0042205672	0.0743230134	-0.0047404202000000005	0.0351880183	-0.0271159456	-0.11555436779999999	-0.049511004500000004	-0.07529915059999999	0.0740145852	0.0635988737	-0.057105156399999996	-0.0196677594	0.10021586589999999	0.0263407035	0.023995427000000003	0.0288520608	0.0076951638	0.0499277148	-0.11378165859999999	0.07612657269999999	-0.0034193043	0.102606661	-0.083334117	-0.051743504100000004	-0.10314765529999999	-0.0465708106	0.057317703899999996	0.031822625099999995	-0.0104711232	0.1232562852	-0.12819960060000002	0.0310650767	0.0035735332	-0.1073960216	0.0184375016	0.05315873769999999	-0.06984983980000001	-0.0043732999	0.068474207	0.21786426620000002	-0.014617040100000001	0.011023780300000001	0.024902698199999997	0.0170751837	0.0366469588	0.0628558136	0.0348362838	-0.0693936106	0.1217476207	-0.0561087614	-0.0302725389	-0.048842896600000005	0.0582916846	-0.0231376664	0.038551886	-0.19038709539999998	-0.1270577396	-0.0645310566	0.0364595558	-0.0194292057	-0.0368460138	-0.0871269086	0.006011411800000001	0.0345125267	0.0236707837	-0.059730692	0.0821722057	-0.043053765300000005	0.1919160338	-0.1201603489	-0.0942113979	0.0012696003	-0.0422838397	0.0823266641	-0.0783095473	0.0093176849	-0.0796779327	0.0075875868999999985	-0.050808163600000004	-0.0057230487	0.0101983936	-0.12101005179999999	0.0446962962	0.0097042877	-0.0008474341	-0.056612935999999996	0.08506253050000001	-0.0740956016	-0.0344375279	0.1176555577	0.1209525074	0.042220532000000005	-0.03103628	0.0619525372	0.0658548066	0.0334714485	0.09888897519999999	-0.0141845368	0.1454982431	0.1022471751	-0.0495050858	0.0813873979	-0.015286804	0.067110627	0.061327730899999995	-0.0547912275	0.018742663899999998	-0.0859845225	0.0120686052	-0.0643029421	0.0469651094	-0.1171117281	-0.1029551766	0.1615564538	0.05620833099999999	-0.0528608604	-0.0093425289	0.0409351624	-0.061985389	-0.1015181792	-0.1762260718	-0.0788392574	0.0359887111	0.0050017475	-0.0690912001	0.0412541768	0.0513089724	0.0327211418	0.08992643880000001	-0.094157265	0.0483474116	0.0206243878	0.042846112	-0.045728562699999996	0.013757868400000001	0.0114593841	0.2517858116	-0.052069380199999994	0.044965697400000004	-0.021247571200000002	0.1565769934	-0.0609410256	-0.006353253499999999	-0.0634139495	-0.0379808118	0.08917448130000001	0.0022611188	0.041907085	-0.0153438979	0.039073774900000004	-0.0749688743	-0.0952678165	0.0606866	-0.0036027999999999967	1.2980167839999973e-05	0.00368286341956	0.00142013	-0.04461777	2.0167692169e-06	0.0019907453997729	0.0894673	-0.0010933000000000054	0.00800439776929	1.1953048900000118e-06	0.00141727	1.4410000000000075e-05	2.076481000000021e-10	2.0086542529e-06	0.0007315359999999998	-0.00011739	5.351449192959996e-07	1.3780412099999997e-08	0.0016149999999999995	-0.0002854500000000005	2.6082249999999986e-06	8.148170250000026e-08	0.0	0.0	0.0
8239.778076115135	-2.0890778999637405	4.364246472116912	67893942.74362764	10083.318560799004	-17.034079360531905	290.15985966089903	101673313.19855368	6267.112822240841	-8.302395456695193	68.929770319353	39276703.12669555	6592.62309170345	8827.417880452731	1.169932	51.43898	0.24818347	0.170873	0.0762370386	0.0468994345	0.0159916299	-0.030577320499999998	0.1192319924	-0.033208857	-0.0828240878	0.0070785362	0.0936953657	-0.0605431705	-0.0237384614	0.0826742509	0.0107651862	0.034570362599999994	-0.09398982759999999	0.051831206799999995	0.1085788941	-0.0471584496	-0.1920811397	0.0408554167	-0.0983541859	-0.0351957716	-0.0345425945	0.004794500300000001	0.0329558522	-0.0595260374	0.0223661749	0.0391669927	0.0051853028	0.0138164207	0.005683221	0.044408625	-0.1164372201	0.0265004417	-0.1349939884	0.0275300396	0.0777549961	-0.0475281655	-0.0132890556	0.009816459	0.0582087134	0.07896531400000001	-0.0248932233	-0.056452410599999996	-0.0093451703	0.00032057959999999997	0.0200810947	-0.0726773104	-0.0213908729	0.0931994234	-0.0515956634	0.0006097408000000001	0.0378478731	-0.07781941690000001	-0.0301747967	-0.000479496	-0.0082317074	-0.11345750980000001	-0.0754337828	-0.0544610283	0.1213913724	0.1024390141	-0.045800035	-0.0994401359	-0.007675973199999998	-0.077341155	-0.0701085845	-0.027817726400000003	-0.1388981648	-0.0070761981	0.0106975112	0.0106137781	0.015611407800000001	-0.017678294	-0.043069295300000005	0.009793076999999999	0.1958288402	-0.077110937	-0.1146766754	-0.042311141399999995	0.0526981907	0.0007749432000000001	-0.12425299199999999	-0.1682975066	-0.0369720738	-0.017183103999999998	0.117368559	0.1151078046	-0.023614874100000002	0.012904895900000001	-0.1460499209	0.056009543499999995	-0.0285489309	0.0157262614	-0.06476853070000001	0.0171158974	-0.0407257811	-0.018034353700000002	-0.0447610392	-0.0432617142	0.0644071655	0.0739149531	0.0138798909	0.026267677200000002	0.0349968683	0.037118840699999996	-0.0036880297999999996	0.0636382418	0.0510278761	-0.14483150050000002	0.0124095412	-0.0813287011	-0.0471781159	0.23585188149999997	0.0102149171	-0.0028635384000000002	0.0970523996	-0.1496151566	0.0433897418	0.056654301799999994	-0.045156303700000004	-0.10594673939999999	0.0775557777	0.0267228671	-0.0772047671	-0.1017220805	0.00449107	0.0039590543	0.0526026491	0.0171796179	-0.008247161	-0.0551773871	-0.06474364	0.0967077699	0.0111004139	0.0062812946	0.1693930625	0.0598888948	-0.048257765099999995	0.0487740858	0.0314492796	-0.0580354304	-0.050650006	0.0775892044	-0.0660753559	-0.1128249294	-0.1301449858	0.045715572999999995	0.020594795200000002	-0.049346937300000004	0.0396975423	0.050742126500000005	0.0610520712	0.024504480699999998	0.0377894239	0.09360908539999999	0.23253472649999998	0.0635313989	-0.0840352274	-0.14541041710000002	-0.0330039654	-0.0020764095999999998	0.09017519019999999	-0.06163671320000001	-0.0383447317	-0.0717697303	0.0324558647	-0.0262557352	-0.0420999171	0.0339127616	-0.0057770151	-0.0662502527	0.0498481791	0.0744305084	-0.1346119468	-0.0431462928	-0.108327862	-0.0379592024	0.0337669497	0.042898961299999996	0.07054352259999999	0.0022039406	-0.0415604859	-0.0337405664	-0.0816679447	-0.0696511822	0.2158048552	0.1851185729	0.041974255700000004	-0.0249896188	0.0013390694	-0.07690870059999999	-0.2263990966	0.033321822200000004	0.046502923	0.0374178302	-0.07739874690000001	-0.0929745299	0.07004930000000001	0.009362700000000009	8.766015129000017e-05	0.0049069044304900005	0.16475	0.16332987000000002	0.0271425625	0.026676646434216904	0.0720776	-0.017389699999999994	0.005195180421760001	0.00030240166608999983	0.00135267	-6.459999999999994e-05	4.1731599999999935e-09	1.8297161289e-06	0.0009014	0.00016986400000000017	8.125219599999998e-07	2.885377849600005e-08	0.00254256	0.0009275600000000008	6.464611353600002e-06	8.603675536000014e-07	0.0	0.0	0.0
8231.014385339358	-8.763690775776922	76.8022760134375	67749597.81166345	10072.402013256216	-10.916547542787155	119.17101025393231	101453282.31664789	6263.496776814243	-3.6160454265973385	13.075784527215529	39231391.87316241	6586.85237787047	8720.65163973792	1.0233660000000002	44.994839	0.09872465	0.0533384	0.033579637200000005	0.04153436	0.0914330754	0.0672402412	-0.0447664801	-0.0090841472	-0.0330626387	-0.09967274150000001	-0.1025061803	0.027407502400000002	-0.011073339	0.0671773727	-0.0271322148	0.1044480434	0.09057525400000001	-0.0577859399	0.0652372158	0.00321599	-0.0761969456	-0.066596236	-0.0345987938	-0.050286443300000004	-0.061052838	0.020455808500000002	-0.007629850600000002	0.1385193179	-0.1164873597	-0.0774352567	-0.050094506399999995	-0.036154342	-0.0150597857	0.0060838773	-0.0174664576	0.07739418370000001	-0.0398050588	0.1484718807	0.0850799387	-0.0807041265	-0.0753613158	-0.0991229285	0.166301904	-0.0137598268	0.0315622271	-0.027132991699999998	-0.0254014722	-0.08640190619999999	-0.0379296761	-0.0431053708	0.053759976900000006	-0.0991329401	0.023928008900000002	0.0570726228	-0.0560987039	0.0213783219	-0.0817632163	-0.0411082962	-0.0012236977	-0.1060700902	0.06551733900000001	0.0086603922	0.0179672985	-0.0144713374	-0.07785571849999999	0.0386223143	0.0231249083	-0.0217098627	-0.08672609460000001	-0.0562822026	0.010170649300000001	-0.0619008935	0.1172567415	-0.0037578489	-0.0676424701	0.0345796171	-0.0001614608	-0.0451883816	0.026831531699999998	0.1019162758	0.0789084261	-0.0741287018	-0.0244143895	0.0292826569	-0.0276321428	-0.04347322730000002	0.0539060283	-0.0189555448	0.0568930529	0.11856398300000001	-0.0417803077	-0.0485419033	-0.0753234981	0.0015674893	0.0581852932	0.007767310699999998	0.015262201699999997	0.0314192452	-0.0375184385	0.0159412862	-0.0543747312	-0.0051736242	0.019406678	-0.09841435529999999	-0.0339857796	-0.0687787533	0.0920977526	0.1192947395	0.0674657046	-0.0327158534	-0.1054887417	0.0078174729	0.0996733928	-0.11036315460000001	-0.0095667691	-0.0448631894	0.08434430009999999	0.0077398036	0.00016684540000000002	0.07501860490000001	-0.0673287878	-0.1256722476	0.15298275109999998	0.12341929039999999	0.0460976866	0.0343732052	0.0613066955	0.10875779460000001	-0.045876788099999996	0.0500717388	0.0302435315	-0.0408813031	-0.0669851626	-0.0340516198	-0.1214995806	-0.0375152005	0.0107110205	0.046933739599999996	-0.0243837319	-0.0280405318	-0.0926528274	-0.0085200139	0.0226021224	-0.016739136499999998	-0.0047089393	-0.044367608499999996	0.0005799189	0.0009401498	-0.0054836874	-0.0652365137	-0.1064897868	-0.017411771399999998	0.0435785525	-0.0494372447	-0.0449382903	0.0286201966	0.030695831200000002	0.0841068965	0.050629757000000004	-0.0111917045	-0.0411905613	0.0467757408	-0.1374454656	0.0158032676	0.09703445599999999	0.026784254900000002	-0.0803322626	0.0745226479	-0.0283895617	-0.0205946766	0.0269259981	-0.035170151000000004	-0.053344455199999995	0.06257428429999999	0.0458215961	0.0321842757	-0.0787002617	-0.1167337636	-0.0164998233	-0.0508459118	-0.040324913500000004	-0.0576693752	-0.09871261460000001	0.0255162147	0.0283071743	0.0657555603	0.06818696490000001	-0.0354406124	-0.0601951707	-0.110769621	-0.0677951244	0.1284131521	-0.17676562699999998	-0.012492151799999998	-0.037065917000000004	-0.1880163112	-0.0545466807	0.0357509779	-0.079738376	-0.0904373636	0.05729840000000001	-0.012750900000000004	0.00016258545081000004	0.0032831066425600013	0.12053100000000005	-0.04421899999999995	0.014527721961000013	0.0019553199609999962	0.077416	0.005338399999999993	0.005993237056	2.8498514559999933e-05	0.000902909	-0.0004497610000000001	2.0228495712100013e-07	8.152446622809999e-07	0.0008457139999999999	-5.5686e-05	7.152321697959998e-07	3.100930596e-09	0.00231968	-0.00022287999999999995	5.3809153024000006e-06	4.9675494399999985e-08	0.0	0.0	0.0
8240.26478572324	9.250400383882152	85.56990726212706	67901963.73883048	10098.187778947002	25.785765690785407	664.905712260086	101973396.41887458	6266.393346715259	2.896569901015937	8.390117191471473	39267685.57575727	6593.131084570008	8736.517085532889	1.029436	45.261738	0.12455510000000003	0.07881059999999998	-0.0310053259	0.0500627848	0.0025213798	-0.015963841399999998	-0.06421635769999999	-0.047736927900000004	0.0363149674	0.0065280923	0.08657036039999999	0.029479792999999997	0.0491480018	-0.0219875048	0.023227794700000002	0.046274456799999995	-0.1386717624	0.0104474163	-0.010992392	0.0405743596	-0.008732131	0.0266584458	0.0538047479	0.0485145256	-0.07422358679999999	-0.025629179	-0.011771097	0.0183433251	-0.0853705466	0.1147951736	0.0934914651	-0.0148822829	-0.0550327309	0.004165034000000001	-0.10843179119999999	0.0532551283	0.0071388931999999995	0.0071419816000000014	0.0392870527	0.045198451900000006	0.057852622699999995	0.0284768975	0.013999833100000001	0.0006429705	0.0284960404	-0.0232190812	0.0322964194	0.163563598	0.0130459505	0.0181705947	-0.0045894666	-0.0114057207	-0.0404009517	-0.12474795050000001	0.048836676399999994	-0.0309049323	0.07690078410000001	0.0813138857	0.0357173057	0.056781836100000004	0.056244641399999996	-0.09217928189999999	0.0390094162	0.1294455767	-0.030352504500000002	0.07641190490000001	-0.087239105	0.1065266965	-0.004707793300000001	-0.0074918985	-0.05011806	-0.0191875209	0.0140257933	-0.0570683793	0.0221453467	0.08626376390000001	0.0242877133	-0.09889637400000001	0.0233304513	0.0430813133	-0.1149142788	-0.0164068923	0.0234311184	0.055147079800000005	0.08969246689999999	-0.0908041225	-0.0688681647	0.0517242376	0.0009823617	0.0263987332	0.0255570583	-0.06804890849999999	-0.0967208517	0.0011281782000000001	-0.0960757205	-0.0421838104	-0.022743475699999998	-0.005145317700000001	0.008455917	0.0665140259	0.1111304005	0.0741722471	-0.0581315952	-0.033250376400000003	0.0441537413	0.1199872924	0.07512896599999999	0.023537614900000003	-0.0308878787	0.0714317659	0.0298928259	0.0625610836	-0.1604315218	0.0915300027	0.0308713827	0.0034634826	0.1137406041	0.0773910445	0.036497148	-0.1151341192	0.1199785382	-0.0519057979	0.058092628099999995	-0.0989136399	-0.0183591159	0.0134650279	-0.039265034500000004	0.035457398	0.0602002815	-0.1099644975	-0.0707736781	0.0420003913	0.0469074682	-0.1291129801	0.1020249258	-0.0134068978	-0.0638640724	0.025942444199999998	0.0309265381	0.060517276200000004	-0.097995877	-0.0377822355	-0.0438814828	-0.0078263906	0.0674957783	0.0178628232	0.032602923799999996	-0.06699990019999999	-0.060584636500000004	-0.0382377054	-0.0408201796	-0.1562416821	0.0171309452	-0.06895155389999999	-0.0176411081	0.038433441400000004	-0.0749096252	-0.0491926038	0.0918134391	-0.07748507730000001	0.0056456506000000005	-0.0587716157	-0.0289590102	0.0346843166	-0.0539495466	0.0798009771	-0.0408957123	-0.0044736645	-0.0010215735	-0.017229603	-0.1457615267	0.0504025142	0.0857787337	-0.0124499958	0.0842328575	-0.0399665727	0.0763262474	-0.019242251999999998	-0.0063190563	-0.0361021976	0.0312205654	0.0816383649	0.081920361	-0.094232786	-0.0835475521	-0.0364195724	0.0748353879	-0.014987718600000003	-0.0680800925	0.0171428185	0.1597965837	0.0373157528	0.0263004714	0.0070379579	0.023176951499999997	0.0126781043	0.16908263199999998	0.0340737038	-0.0819850338	-0.0876629727	0.0651837	0.007885299999999991	6.217795608999985e-05	0.0042489147456900005	0.0461157	-0.07441530000000006	0.0021266577864899995	0.005537636874090009	0.08327239999999997	0.00585639999999997	0.006934292601759995	3.4297420959999654e-05	0.00121285	0.000309941	9.6063423481e-08	1.4710051225e-06	0.000826653	-1.9060999999999904e-05	6.833551824090001e-07	3.633217209999964e-10	0.00192072	-0.0003989600000000003	3.6891653184e-06	1.5916908160000025e-07	0.0	0.0	0.0
8256.170698591635	15.905912868394806	252.99806417696755	68164354.60428311	10077.903331627627	-20.284447319374518	411.45880305248016	101564135.56163125	6260.639690006007	-5.753656709252027	33.10456552792087	39195609.32807852	6584.5627356946225	8753.106730960078	1.018638	44.786968	0.1877188	0.128909	0.0800833398	0.024541917799999997	0.0229512668	-0.09268532609999999	0.066007024	-0.020077088899999998	-0.08794594359999999	0.0388282006	0.0594746012	-0.0007070455000000001	-0.1086353057	0.012823931100000002	0.0237969278	0.0408214721	0.0049140383000000004	-0.09809796050000001	-0.0533288045	-0.0289859664	0.015489839699999999	-0.0082520452	0.058763294	-0.0521974322	-0.0233955666	0.0409416867	-0.057936635800000004	-0.1324725525	-0.08411865810000001	0.0110594329	0.0352907689	0.0230262496	0.1903132739	-0.107215796	-0.050960999900000005	0.0393558302	0.029275125	0.0296697229	-0.0591777847	0.0413938413	0.2533822787	0.0150862305	0.1000424048	0.0620215062	-0.0124029585	-0.04251928940000002	-0.09069685849999999	-0.0350849549	-0.101106605	-0.0835510424	0.0188076744	0.0887918828	-0.0160324274	0.0017412472	-0.0084778448	0.0034874213	0.0276466622	0.06848485139999999	0.0133435395	-0.1596527518	0.0349559028	-0.062308494699999994	-0.0751296231	-0.0879409346	0.0568529968	0.0123430926	-0.0439002322	-0.0950346531	0.027397469900000002	0.1108242704	0.0248514212	-0.0139583524	-0.0053033992	-0.1460544512	-0.0616371185	0.023600556600000003	0.1263389235	0.09398185939999999	-0.10309244769999999	0.0156135032	-0.0105762698	-0.14145832560000002	-0.025518988399999998	-0.011936139699999999	-0.05957538990000001	0.0291805231	0.0076050064	-0.0113647504	0.0191533935	-0.0711263266	-0.0195468487	-0.0330270869	-0.0452969608	0.0539633093	0.0875047122	0.1355958903	-0.11037560199999999	-0.0501151392	0.18767435579999997	-0.0186128769	0.09168988089999999	0.0597161113	-0.1121502542	0.0731764254	-0.0089714972	-0.034769605099999996	0.0641867267	-0.1413836517	-0.08568793570000001	-0.01241781	-0.0759023967	-0.1127011993	0.1016472212	0.0699456344	-0.0048536463	-0.021342368900000002	0.1001831666	0.0171679369	-0.022621227	-0.047342691500000006	0.0100208873	-0.043144128600000005	-0.0198043763	8.55342e-05	0.0880609368	0.013045723	-0.015071071699999999	-0.0870624493	-0.0626233207	-0.0148258305	-0.024966247599999998	-0.0204660895	-0.0404443105	-0.0743170549	0.0286169854	0.0388877932	0.14645238970000002	0.0639500112	-0.0877078346	0.0186811295	-0.0246279708	-0.0454025887	0.0694602276	0.0951430865	0.0163845463	1.54001e-05	0.0276483661	0.0117384472	0.0906860969	-0.0179678122	-0.11570396779999999	-0.0038366005	0.0577125047	-0.0451163213	0.0276808521	0.0250679682	-0.0589939603	-0.08673625480000001	0.0144450823	-0.0259676008	-0.1728854888	0.0872484314	0.0368665325	0.0230607135	0.09634158220000001	-0.0791058261	0.1162279193	0.07904835980000001	-0.1381190761	0.10401125580000001	0.09831443029999999	0.0114735223	0.0075091327	-0.1455141376	-0.0631861949	0.0564494975	-0.0008186859	0.006525458299999999	0.0451570292	0.1174347712	-0.0510625665	0.1714374182	-0.0351198374	0.057513629000000004	-0.0039432555	0.11019104730000001	-0.0064667419	-0.10370694429999999	0.09659185449999999	-0.045257062800000004	0.006085466800000001	-0.0031414225	-0.003938989600000001	-0.0318137733	0.011249346	0.0424617559	0.0172296982	0.032386496800000004	-0.0841361006	-0.0846586349	0.0719122	0.0067284999999999975	4.527271224999998e-05	0.005171364508839999	0.16682	0.12070430000000001	0.027828912400000003	0.01456952803849	0.07889910000000001	-0.004373299999999955	0.0062250679808100035	1.9125752889999606e-05	0.00142097	0.00020812	4.3313934400000005e-08	2.0191557409e-06	0.0008878369999999998	6.118399999999992e-05	7.882545385689999e-07	3.743481855999992e-09	0.00276967	0.0008489500000000003	7.6710719089e-06	7.207161025000005e-07	0.0	0.0	0.0
8261.975392891485	5.804694299849872	33.69447591470958	68260237.39274439	10057.196244248738	-20.707087378888897	428.78346771694	101147196.29533093	6265.94408502524	5.304395019232288	28.13660652005631	39262055.27666278	6588.2061140006235	8944.42716860598	0.992818	43.651741	0.13576555	0.0971663	0.0043386236	-0.0632813413	0.0693928719	0.072527409	0.0122180578	0.0010761661	-0.0065614709	-0.0795924883	-0.0959088775	0.0036079440999999997	-0.0285487067	0.068108058	0.0399407084	0.0246268069	0.0065244746	-0.0082433922	0.030086500099999997	0.0795871419	0.1486732629	-0.0304836111	0.0918743568	0.10038218380000001	0.1111512585	0.140174832	-0.0594641653	0.0350999269	0.01027637	0.0429247812	-0.0198338463	-0.1001449867	0.006585871899999999	0.010827723300000001	0.0414395244	-0.0240416542	0.0153039857	-0.0034141195	0.032920683	-0.0138407383	0.0023187374	0.0345369369	-0.1024632608	-0.0260073629	0.0169570863	-0.0395823069	-0.0202688276	-0.013843336599999999	-0.04017257	-0.0323550638	0.0688862144	-0.0519619112	-0.0227342028	0.0963314514	-0.082419144	-0.0294768668	-0.0334313277	0.138271077	-0.0891070558	0.1003234859	0.0355104886	-0.0821203817	0.0249267108	0.0467453123	-0.0779693291	-0.0811160039	0.10632311230000001	0.042063425999999994	-0.0273396478	0.0184509522	0.0329930167	0.0724752129	-0.0742998723	-0.0655866073	-0.0106021169	0.0050799862	-0.0498784646	0.027650023399999998	0.0366621676	0.055228706100000004	0.0366055478	0.0356601196	-0.0508678785	-0.0343672348	-0.013591081599999999	0.0536784591	0.024436507200000002	0.13704185929999999	-0.0578032486	0.0502196196	0.0106569774	0.044039188099999994	0.009773355400000001	-0.24421082460000001	0.15225542150000002	0.0665141641	-0.06556337	0.0085036019	-0.07414485700000001	-0.0112850125	-0.042574044000000005	-0.0918243859	-0.0203997465	0.0299596497	0.0271524634	-0.0233680723	0.0333869124	-0.1506779842	0.07870541240000001	-0.0446808516	0.0156918368	0.017252592	0.0492448933	0.0254818412	-0.005427134300000001	-0.0018637876000000002	-0.0045147839	0.0412760367	-0.010872608600000002	0.0298292804	0.0455517805	0.16761062470000002	-0.0649641577	0.020877553	0.0337876204	0.0651437839	0.0412098823	0.052927112000000005	-0.0342579083	0.0892936116	0.0564877712	-0.0587882912	-0.014546144099999997	-0.0328132483	0.0739027974	-0.14751457380000002	0.0448133349	-0.0198061875	-0.0158631547	0.0756210437	-0.0757411191	0.027525268199999998	-0.0967727187	-0.0223930466	-0.0354119336	-0.0571301642	-0.039492104900000005	-0.1095170213	-0.071466748	0.1803780266	0.018411458000000002	0.0317940396	-0.035196150600000004	-0.0070289391	-0.010506213	-0.0504975323	0.0627593366	-0.023596932	-0.1047289919	0.0455155016	-0.0265550939	0.1367240784	0.10041267179999999	0.0072088446	-0.025184488300000002	0.1548846797	-0.0293535563	0.0202993061	-0.0046405878	-0.0193356455	0.0201923701	0.0774955459	-0.0626925626	-0.1088869088	-0.12536915210000002	-0.0301569075	-0.0927230766	0.1226326241	-0.0533641338	0.0106765382	0.0486200262	0.025313183599999997	-0.062152093099999986	-0.014300011299999997	-0.0739668004	-0.0092004011	0.0243223514	0.08997505119999999	0.0564193997	-0.001494895	-0.1184961498	-0.040776928399999995	0.0775417474	-0.0109004902	0.0547680088	-0.0831559973	-0.0476511644	0.0306898489	-0.0861890685	-0.0814322305	0.0659699	-0.005942299999999998	3.531092928999997e-05	0.00435202770601	0.07514689999999999	-0.0916731	0.005647056579609997	0.008403957263610002	0.08280189999999997	0.0039027999999999563	0.006856154643609995	1.523184783999966e-05	0.00140979	-1.1179999999999956e-05	1.2499239999999906e-10	1.9875078441e-06	0.0008467099999999998	-4.112700000000018e-05	7.169178240999995e-07	1.6914301290000145e-09	0.00213703	-0.0006326400000000003	4.5668972209e-06	4.0023336960000036e-07	0.0	0.0	0.0
8252.58493612091	-9.390456770575838	88.18067836005359	68105158.12788975	10083.646549250612	26.450305001873854	699.6186346921534	101679927.73021378	6276.293608083286	10.349523058046543	107.11262752903707	39391861.45486711	6602.672949712456	8998.928635594584	1.062984	46.73674000000001	0.11982931	0.08217729999999998	-0.0907914375	-0.0562958833	-0.0259954255	-0.023388576499999997	-0.09117542890000001	-0.015111358100000001	0.0951728045	-0.0078886832	0.046101632999999996	0.021347808399999998	0.0868992862	-0.048177959699999995	0.06301271230000001	0.0164590693	-0.0805600014	0.1014813348	-0.1034945751	-0.0084428319	0.083178851	-0.0101307564	-0.07984683940000001	0.050820760599999994	-0.0312131396	0.039643273799999997	-0.09343013119999999	-0.0691403941	-0.0795966138	0.0302045484	-0.044101603499999996	0.09166886519999999	0.0459295028	0.07822124059999999	-0.0761156652	-0.0653087346	0.0981555998	-0.1078886973	-0.0838784957	0.21665722440000001	0.0611415245	0.0655039615	0.0493178357	-0.0424704446	0.04794625	0.0065244674	-0.0289772523	-0.026267958900000003	0.023367597099999998	0.0655511231	0.0134014026	-0.016387385	-0.0368707534	-0.08712813369999999	-0.014964712199999999	-0.009397	0.06481417769999999	0.0666521612	0.1289446522	0.029591452200000007	-0.0703183636	-0.0032532585	0.057438582099999996	0.044284127	-0.021514438700000003	-0.0799660051	-0.0506930989	0.0206734544	-0.0513440728	0.11280184019999999	-0.015935650200000002	-0.0278671472	0.07124580009999999	-0.05196993900000002	-0.0697491744	-0.0270403796	0.001559813	0.0354332459	-0.0416872657	-0.0769016627	0.048829773300000004	0.053325112800000005	-0.0355583601	0.0004283054	0.0020000142999999997	0.042226682800000005	-0.013757586499999998	-0.0056166095	0.06730629070000001	0.060654697	-0.12949677980000002	-0.0863460061	0.029862822400000006	0.0179476475	0.0263797419	-0.1672876479	0.0113344705	0.0313135531	-0.004014038	-0.0514555411	-0.029707382400000006	-0.0628798579	0.1271855194	-0.0041454573	-0.0345613139	0.1412060883	0.0986517153	-0.0843700167	0.0681779341	-0.012866267800000001	-0.0126814631	-0.0091474703	0.042166418899999995	0.1438799369	0.0483243571	0.048596075499999995	0.0388353543	-0.0059772435	0.012897283	0.0707478455	0.0341913872	-0.0351390044	-0.1728577838	-0.0505302248	-0.07455427419999999	0.0144068158	-0.0164066067	0.0264479101	0.056858149800000014	-0.0720523446	-0.0181961889	-0.0331519187	0.0913571581	-0.0627684225	0.1417805284	0.0658996995	-0.0668286892	-0.028647784	-0.0203993981	-0.0028681475	-0.0462472275	0.0946422497	0.0051768207	0.022261521800000003	-0.0002407482	0.0538900957	0.045958304299999996	-0.0339242509	0.0292285558	0.0190754257	-0.04115385	-0.0807649591	-0.0152493631	0.0123497747	0.09661472970000001	-0.022869965899999997	0.09965718	-0.0121105799	-0.10697437859999999	0.0354018813	-0.0394218032	-0.0633584972	-0.073275558	0.003062858	-0.0472685692	-0.1098324067	0.0488070863	-0.0341139535	-0.0249190579	0.0011411492999999998	0.0316520748	0.0146731833	-0.0857286077	-0.0005542883999999999	0.058218718600000004	0.08793746779999999	0.0642783069	0.0387453615	0.0416944469	-0.1220978592	0.1079154904	-0.0051662411	0.0029981178999999997	0.0426462714	-0.11223276880000001	0.0193550397	0.0231480313	0.0181156541	0.0691092387	-0.1142635763	-0.0112253844	-0.0783243579	-0.054510511399999996	0.0520818591	-0.0319411068	-0.0649543942	0.0008543422	0.0289842546	-0.08814154390000001	-0.0779922229	0.0674671	0.0014972000000000039	2.2416078400000118e-06	0.00455180958241	-0.00392176	-0.07906865999999999	1.53802014976e-05	0.006251852994195598	0.08950930000000001	0.006707400000000044	0.008011914786490002	4.4989214760000594e-05	0.00148356	7.377000000000013e-05	5.442012900000019e-09	2.2009502736e-06	0.000649989	-0.00019672099999999972	4.22485700121e-07	3.86991518409999e-08	0.0017564	-0.0003806299999999999	3.0849409600000002e-06	1.4487919689999988e-07	0.0	0.0	0.0
8247.98105136139	-4.603884759519133	21.195754878932547	68029191.42361654	10063.582407991844	-20.06414125876836	402.56976445181067	101275690.88244292	6273.346081336808	-2.9475267464777057	8.687913921201453	39354871.05622389	6598.470001199695	8913.656651349658	1.042102	45.818626	0.19561831	0.106734	0.0145297728	-0.0283981902	0.0376009671	-0.08430081240000001	0.08882218210000001	-0.0101288178	-0.0289636356	0.0006730575999999999	0.067495246	-0.0151440336	-0.022785658599999998	0.0349711121	0.0654292926	-0.0235838544	0.0690629659	-0.0251576846	-0.096554937	0.0103291947	0.0730995433	-0.1404119748	-0.13002269789999998	-0.0160458887	0.1174479972	-0.0474764437	-0.0071337626	-0.052195356500000005	-0.0291055544	0.014982073600000001	0.055238832	0.0075826891000000006	-0.0366178164	0.0466273212	-0.1556230249	-0.06591124059999999	-0.033278712099999996	0.0433606513	-0.0956626677	-0.07037140389999999	-0.0342279587	-0.0015080392000000001	0.0172253336	-0.0354775354	-0.046443054299999995	0.0060979941	0.0394175759	-0.06127188820000001	0.0342764702	-0.0453232268	0.0278713462	0.1141673686	-0.0855587994	-0.0267719564	-0.0186816562	0.0282140425	-0.0221566623	-0.061180153200000004	-0.0760148581	-0.0971274917	0.0083949018	-0.008112488000000001	-0.0515159871	0.021744386600000002	0.04948967940000002	-0.014690551299999997	-0.011628192800000001	0.0984683702	0.0622743237	0.1143229013	-0.019176991299999998	0.1002405356	0.2606099241	-0.0458815834	0.0454810224	0.1280215616	-0.1023005498	0.0089076785	0.0192274636	0.0330108265	0.0065043814	0.007483471899999998	-0.0089897387	0.0657925127	-0.029509913199999998	0.1679151871	-0.0063290216	0.0930424391	0.044037012199999996	0.0317467729	-0.042101760499999995	0.005162109000000001	-0.1144172899	-0.061674568799999996	-0.16556038369999998	-0.026241896	0.0763177188	-0.0838156533	0.044694124	0.044053018099999994	0.0326139881	-0.0313166496	0.1267540761	-0.1201093456	-0.0402618805	0.0253217875	-0.1411875127	-0.0007302274000000001	-0.1250121017	-0.0333326991	0.0361818823	0.0098997251	0.012938118200000001	0.0015606942000000001	0.0515940588	-0.038186521699999997	-0.11379859279999999	0.0731387427	-0.0004757017	-0.00329431	0.0217988764	0.040067749	-0.0204647565	-0.0895565717	0.040968988399999996	0.0491025448	-0.0471528962	-0.0961237354	-0.014332889599999999	-0.031530797	-0.0092382685	-0.0790168888	-0.0083664431	0.056040043	-0.0759751082	0.025089601200000002	0.06361217549999999	0.015675906200000003	-0.0691836331	-0.002792132	-0.0173291216	-0.0073827081000000004	-0.06639536780000001	0.006730438	0.0643465271	0.21040958420000005	0.072944105	-0.07494438490000001	0.0017889823	0.0271018353	-0.2433448815	-0.0525534921	0.0355165868	0.0037506303	0.0504199284	0.005554940600000001	0.0583647782	0.0645147455	-0.0161728745	-0.1497759426	-0.0345058945	-0.052856592699999996	-0.0357657717	-0.053864811	-0.0687617976	0.153306992	-0.0253906792	0.0009478616	0.0069475461	0.0539792694	-0.04818673440000002	0.0474214378	-0.0372036646	-0.019870995500000002	0.1364914733	-0.120437565	0.0272995269	0.0270624269	0.1393318051	-0.0224547163	0.0491156117	-0.057362347	0.1294227933	0.0278610333	0.0967590967	-0.0630078543	0.0325464093	0.0388028781	-0.059173480099999995	-0.0751409247	0.006431533299999999	-0.0341299471	0.1500448508	0.023504193700000002	-0.0161890673	-0.0331764791	-0.0029394385999999997	0.0272702111	-0.0899912501	-0.0743476354	0.07486210000000001	0.007395000000000013	5.468602500000019e-05	0.0056043340164100034	0.08749999999999998	0.09142175999999998	0.0076562499999999955	0.008357938201497595	0.0537672	-0.03574210000000001	0.00289091179584	0.0012774977124100008	0.00116634	-0.00031722	1.006285284e-07	1.3603489956e-06	0.000783878	0.000133889	6.14464718884e-07	1.7926264321e-08	0.00252648	0.0007700799999999997	6.383101190399999e-06	5.930232063999999e-07	0.0	0.0	0.0
8254.26249152701	6.281440165619642	39.45649055425972	68132849.27902968	10058.69637200852	-4.8860359833233815	23.873347630330887	101177372.70425735	6267.113057902601	-6.233023434207097	38.85058113137485	39276706.080533296	6593.726278076215	8920.597224207822	0.996256	43.802891	0.12230114999999996	0.0673844	-0.0464798024	-0.0546796666	0.0815490071	0.0755778891	0.0002884599	-0.0074433201	0.0352408505	-0.089473149	-0.11775888470000001	-0.0232099744	-0.0097839739	0.0943102141	0.0591412875	0.024291026	0.0090994157	0.0148510554	-0.054345367199999994	0.06328004200000001	0.1351213703	-0.0772314138	-0.1017161951	0.0717203183	0.0393018429	-0.0028883614	0.0727187587	0.069680391	-0.0195615505	0.0349558659	-0.0391238958	0.0560847529	-0.0444644109	0.0018208119	-0.1027392114	0.0493512745	-0.0728725388	0.024152815299999998	0.1322566877	0.013902840900000001	-0.028635114700000002	0.009141613100000001	-0.013395913300000001	-0.17609148989999998	-0.071094513	-0.0214248964	0.0339695247	0.08883282449999999	-0.0001578583	0.0196005703	0.0752882312	-0.0747376108	0.028199147200000007	0.0927064049	-0.09767010220000001	0.021783455099999998	-0.09555301349999999	0.07372295400000001	-0.0095166032	-0.0470641764	-0.027034904	0.0539697949	0.08566939999999999	-0.0279903227	-0.0191708892	0.0089134321	0.0734729289	0.0160185277	0.118440928	-0.0994625132	0.11662437689999999	0.0286676484	-0.0661459749	0.0503980038	0.1090914159	0.0536851255	0.0052000876	0.0030077246	-0.045554525400000004	0.0085252883	-0.0696640157	-0.0596030117	-0.06449553570000001	-0.019581473500000002	-0.0391989695	0.0302106888	-0.004309692899999999	0.0549931027	0.1176027457	0.0997573008	0.1512450361	-0.0462818989	-0.0292159672	-0.0070297276	-0.0181459803	0.1712267932	-0.030598458	-0.0679151866	0.011734346100000001	-0.0951456086	0.1030581138	0.035110359	-0.0016484773	-0.0164854334	0.0238287225	-0.11330364150000001	-0.0327643039	-0.1421627677	-0.0044013386	-0.08971858220000001	-0.1260849114	-0.032746374	0.00600806	-0.0270699453	-0.0837036515	0.0474084825	-0.0653027885	0.2024896352	0.029111598199999998	0.0335072197	0.0451522959	0.0309359104	0.046394929800000005	-0.0655368081	-0.0228289199	0.07187651639999999	0.0601739182	0.07832575929999999	-0.039130798599999995	0.0889755043	0.0649236924	-0.0595825207	-0.0670102152	-0.0206908685	-0.0524465499	-0.052557273200000004	0.0355608498	-0.1182152946	0.0185786246	-0.0438124908	-0.0477208959	-0.0689492129	-0.0719332011	-0.0588833001	-0.0484267922	0.0448438773	-0.0301828592	0.1017361366	-0.056930298	0.0627950011	0.035917889700000004	0.0426158686	0.0029230081	0.008917331700000001	-0.0320516484	-0.0333990518	-0.0688190021	-0.19107391070000002	-0.0197054372	-0.0112638268	-0.0419248853	-0.0857077732	-0.15768480470000001	-0.0388149219	0.0111668899	0.0650482623	-0.0194041728	-0.042637958	-0.028984690499999997	-0.04829027650000002	-0.013645745	-0.07674117650000001	0.021269081800000002	-0.1378423127	-0.049905850300000006	-0.0134594869	0.020515681299999998	0.13321746539999998	0.0216634021	0.1567686914	0.0078291197	-0.0291736667	-0.10539806630000001	-0.0637306673	0.09510784039999999	-0.01292772	0.1014176351	0.02020772	-0.016194776	-0.0260534454	0.0388572783	0.0881048767	0.1250556749	-0.0212038002	-0.0281777331	-0.11063381609999999	0.08146257309999999	0.025548217999999998	-0.09173603050000001	-0.070508028	0.0742768	-0.0005853000000000107	3.4257609000001264e-07	0.005517043018240001	0.0323629	-0.05513709999999998	0.00104735729641	0.003040099796409998	0.08411239999999999	0.03034519999999999	0.007074895833759999	0.0009208311630399995	0.00148356	0.00031722	1.006285284e-07	2.2009502736e-06	0.0008241289999999999	4.025099999999994e-05	6.791886086409999e-07	1.6201430009999949e-09	0.00215928	-0.0003671999999999998	4.6624901184e-06	1.3483583999999987e-07	0.0	0.0	0.0
8253.03356191824	-1.2289296087692492	1.51026798330974	68112562.97414888	10107.182030095277	48.485658086756295	2350.8590401058373	102155128.58948088	6284.711002756329	17.597944853728222	309.68766307485964	39497592.38816647	6615.263815634851	8865.479438898492	1.318226	57.959114	0.25074179999999996	0.13878900000000002	-0.1801188141	-0.0243670142	-0.1346678675	0.0551294475	-0.1343840101	-0.0502209904	0.2105468247	0.0804989651	-0.164716639	0.0401664363	0.11809999759999999	-0.0943936641	0.048643378200000004	-0.05973394730000001	-0.0182336917	-0.08979441099999999	-0.1552944456	-0.10428727369999999	0.029118183500000002	-0.1463044333	0.030278968599999997	-0.1179988401	-0.008650602	-0.007624339	0.1741177753	0.1190793176	-0.0096525107	-0.0258291334	0.0303588235	-0.0639812369	0.0865074969	0.0521942919	0.0874938308	0.0456774448	0.034862655	-0.1006326731	0.1504157308	0.032086449100000004	0.0372821571	0.0504698015	-0.0349726001	-0.0067793328	-0.0644885937	0.0531063228	0.0103492359	-0.1928986707	0.09102354380000001	0.2188011245	-0.0965298107	-0.09512508869999999	-0.0345747995	-0.08261156019999999	-0.0011991659	-0.0466158005	-0.1013745935	0.0040726040000000005	0.1683499082	-0.06726438480000001	-0.14789974990000002	-0.1805539321	-0.0047575563	0.0714475358	0.0687388751	-0.0011506539	0.0993456256	0.05994256360000001	0.0389897096	0.0251763588	0.12148028289999999	-0.039038355	0.0889764877	0.139054128	0.050391538099999994	-0.17859922309999998	-0.054363407	-0.0115857261	-0.1357200736	-0.0391668101	-0.0258381596	0.0076926843000000005	0.09681356029999999	0.1312813571	-0.0764075967	-0.0601151815	0.0114835196	0.0351672926	-0.0167637329	0.0117076145	-0.0315735953	0.07688345349999999	-0.08449157300000001	-0.0679004879	-0.0607478855	0.0270268563	0.081051187	0.0004994788	0.08298555469999999	-0.0854497535	-0.06767141089999999	0.1129383802	0.1291504752	0.1435875098	-0.0231857947	-0.0401309968	0.0811631427	0.018982677	-0.005107210300000001	0.0715575587	-0.0409151998	-0.1597316553	0.0048124851000000005	0.0083872778	-0.0674059628	-0.1379250607	0.012488095	-0.1215469849	0.0717377596	-0.1638737192	-0.0599483864	-0.0040780497	0.0847944136	0.0548146556	-0.2281829825	-0.0617563479	-0.0641700124	0.12830167380000002	0.008835958100000001	-0.0001429023	0.0005031107	-0.0269922875	0.1510737077	-0.0360345309	-0.0183445386	0.18185372940000002	0.055041279000000005	-0.12051630279999999	-0.11511388630000001	0.0442593627	-0.0381659747	-0.0093130647	-0.112742397	-0.0199295965	-0.0629774484	0.101303605	0.0424281003	0.0634729203	0.0892123216	-0.1061743138	0.036177926299999996	0.043490284000000004	-0.2581191451	0.0929780672	0.0103509087	0.0151638432	-0.030509502400000006	0.0999014449	0.0798382807	-0.0791990168	-0.1210847767	0.056160916799999995	0.0062283348	-0.0619055125	0.0405929654	-0.0048864343	0.0015964753	-0.17550231379999998	0.1331732393	-0.07200326139999999	-0.0656611863	-0.0609451034	-0.038639475	-0.033862676200000004	0.0901120976	0.0412149355	-0.1164460965	0.07127487910000001	-0.035222251499999996	0.0321695072	-0.0815332127	0.0859652403	0.0463054158	-0.0253809922	0.07162267650000001	0.11265735140000001	-0.065651819	-0.1142108833	-0.0167275759	-0.0456737569	-0.1388074786	0.08636419960000001	-0.0230394127	-0.027632197400000003	0.0209640132	0.0431929558	0.0293703209	0.0238187774	-0.0933738509	-0.06648347240000001	0.0651459	-0.009130899999999996	8.337333480999994e-05	0.004243988286810001	-0.08781329999999997	-0.12017619999999996	0.007711175656889994	0.014442319046439991	0.134373	0.0502606	0.018056103129	0.0025261279123600005	0.00238858	0.00090502	8.190612003999998e-07	5.7053144164e-06	0.000566667	-0.000257462	3.21111488889e-07	6.628668144399996e-08	0.00189828	-0.00026099999999999995	3.6034669584e-06	6.812099999999998e-08	0.0	0.0	0.0
8268.74486387311	15.71130195486876	246.84500911706292	68372141.62382792	10096.069115526021	-11.112914569255736	123.49687022357641	101930611.58547838	6281.603592218597	-3.107410537731994	9.65600025000784	39458543.68977359	6607.272076679591	8828.642376932374	1.451993	63.840523	0.30417845	0.210984	0.0247541748	0.045665037400000004	-0.1036292903	0.0615824317	-0.0468017029	-0.055352041	0.0165970669	0.10132541769999999	0.07367746559999999	-0.0459102554	0.1249892883	-0.1505916669	-0.0659140642	0.0084394394	0.06747125429999999	-0.08668336300000001	0.0754147834	-0.13539199359999998	0.0068692053	-0.11813640369999999	0.1920502163	-0.036147669300000004	0.09707995359999999	-0.085717827	-0.012452266299999999	0.1207428844	-0.0196218024	0.0006731997	0.06412329480000001	0.0940068932	0.049059765899999996	0.1246765077	-0.0879036631	-0.0379348574	0.0599896302	-0.061554978899999994	0.1556710344	-0.042017788	0.18862017260000002	-0.0525834371	0.0530751363	0.1516140011	0.0445990936	-0.1062257442	0.1277546622	0.0191841793	-0.1008615591	0.0445116834	-0.1526996257	-0.0502360163	-0.0885982106	-0.12265501720000001	0.11589939029999999	0.053124789699999994	0.0372999883	0.0547294236	0.0147428126	-0.024622808399999998	0.0918412697	-0.046798956399999994	0.061890745	0.1076743035	-0.08852701939999999	0.0249598385	-0.0617415569	-0.0787846636	0.057528650099999995	-0.1467888176	0.0022607053	0.0679051453	0.0208301374	-0.0556775733	-0.0137559909	-0.1555042986	0.09113998470000001	-0.1076350116	-0.0347814651	0.0797355965	-0.013770693300000001	0.0552309367	-0.062581229	-0.031920203	-0.048891927	-0.0089410709	0.1182464339	0.0035544223	-0.0435924946	0.1414052916	-0.034043187	-0.0809002722	-0.0691103213	-0.0004819845	0.1331891227	0.0938925116	-0.0240423725	0.1654739197	0.012299738000000001	-0.12442255199999999	-0.09241800039999999	0.0278776937	-0.013051728700000001	-0.0965073625	-0.0320464975	-0.0178546074	-0.0325833311	0.011849545800000002	-0.0291878562	0.0523326583	-0.017186093899999998	-0.09635172410000001	0.0216773643	-0.11093095630000001	-0.014212051000000003	0.0029618340000000004	0.0131463974	0.0219141466	-0.033316271	0.0431077775	-0.0129093359	-0.09485275439999999	-0.0819809393	-0.0180580518	-0.0414963816	-0.0980030677	-0.1246065826	0.0455957811	0.12459176220000001	-0.0749986765	-0.107457494	0.025885977799999998	-0.1004846894	-0.0812998223	-0.046477250899999996	-0.010002743	-0.0534689317	0.0461260233	0.10060869539999999	-0.0009486686	-0.1160033727	-0.0700544679	-0.0482124054	-0.0695991564	-0.0058807261	-0.0331808365	-0.1578419513	0.0159515155	-0.0235156156	-0.1410273034	0.047713997599999995	0.022097504100000002	-0.1839917833	-0.10570486300000001	0.07085296349999999	0.05687524190000001	-0.1677638345	0.044559827	-0.0394162672	0.0639906267	-0.1439400814	0.0385486541	-0.0168659189	-0.0457876947	0.0668311026	0.14818247369999998	-0.0229550762	0.0333323785	-0.0361228968	0.1388406271	0.109430575	-0.0887676066	-0.1209836613	-0.0747836224	1.75055e-05	0.1840247898	-0.015840180500000002	-0.0469858929	-0.11469184369999999	-0.013896498600000001	0.0926275785	0.0325939793	0.0052528702	0.025092229599999998	0.0219471172	-0.026116968100000002	-0.03920326	-0.016255878999999997	-0.0438791401	-0.021010266899999998	-0.0361585629	-0.0062697216	-0.0199162583	-0.1241114094	0.13252479080000001	0.0323022566	-0.1003096895	0.022082393399999997	-0.09490280150000001	-0.062284525300000004	0.06830950000000001	0.0031636000000000025	1.0008364960000017e-05	0.0046661877902500004	0.116822	0.2046353	0.013647379684000002	0.04187560600608999	0.100378	-0.033995	0.010075742884	0.001155660025	0.00166205	-0.00072653	5.278458408999999e-07	2.7624102025e-06	0.000594068	2.740100000000003e-05	3.5291678862399997e-07	7.508148010000018e-10	0.00239204	0.0004937599999999998	5.721855361599999e-06	2.4379893759999977e-07	0.0	0.0	0.0
8297.139600094715	28.39473622160585	806.2610450945755	68842525.54345989	10083.066460974658	-13.002654551362864	169.06902538207746	101668229.256432	6275.289923484912	-6.3136687336855175	39.8624128787181	39379263.62379127	6597.2796312773535	8925.669848969077	1.266471	55.683559	0.32871975000000003	0.24182	0.1648320948	-0.032126210499999995	-0.0652108488	-0.053203985700000005	0.06325390360000001	-0.0377524057	-0.13695194289999998	0.1289092785	0.0208828229	-0.0484951429	0.0481720606	-0.020037871999999998	0.0406112802	-0.0508479312	0.1156705891	-0.1196959968	0.048332967000000004	-0.0019731186	0.0990665575	-0.041819682999999996	0.1176086769	-0.054607032300000004	0.0378588521	-0.041969440999999996	0.11427256429999999	0.014734829599999999	-0.0496936516	-0.0869730783	-0.0955818801	-0.0430251855	-0.0434446451	0.08538334369999999	-0.0685188246	0.0162618086	0.0518532411	-0.0989844938	0.0218102906	0.1259914585	-0.0281447075	-0.0819164687	0.17292995309999998	0.0269094258	0.014636458500000001	0.0491808824	-0.10804356679999999	-0.0097434488	0.0442716305	-0.12317792179999999	-0.1313828779	0.11329895220000001	-0.0629313584	0.005893890400000001	-0.026288141299999998	-0.0115480127	-0.1302285713	0.036131801899999996	-0.08710339619999999	-0.027425883199999997	-0.0446754355	0.0086856454	-0.0418115117	-0.09286982490000001	-0.0625242089	0.0891147518	-0.0624285532	0.1680571391	-0.0726539798	-0.007443670699999998	-0.0849314699	-0.0889165282	0.0148589691	-0.1020863149	-0.0082755537	-0.0054659523	0.12972447980000001	0.0732825976	0.11941671220000001	-0.0235965028	-0.0346190182	-0.0377136114	-0.0703411085	-0.0660100604	-0.011799859499999999	-0.0352398003	-0.0968218701	0.07687318950000001	0.07944083769999999	-0.0594301638	0.0902831414	0.0728377908	0.0792891445	-0.036491690099999995	0.0162620694	-0.0741485031	0.0369784166	-0.0329546235	0.0922512875	0.0653952316	-0.0697659975	-0.0433258503	-0.0475408744	0.0261663863	-0.0703489746	-0.0743159624	0.014518715500000001	0.0293025077	-0.0512462194	-0.006602882900000001	0.0426395183	0.08891851320000001	0.0084409362	-0.0189989439	0.00280019	-0.044477251100000004	0.0807040695	0.0284614557	0.021306267799999997	0.0664701795	0.032057283799999996	-0.11627751039999999	0.1867988054	-0.1031778832	0.11526294960000001	-0.09370297550000001	-0.1156576458	-0.0553644083	-0.0396477939	0.0164763647	0.011930498000000001	-0.10233233609999999	0.062473621500000014	-0.014166626299999999	-0.0722283035	-0.0244963137	0.0588511942	-0.0213699268	0.042372580199999996	-0.0342689933	-0.08823637050000001	-0.1216998391	0.0153114133	0.05816326910000001	0.1944269257	-0.06827142530000001	0.046652567199999995	-0.1003001573	-0.042689867400000005	0.10600010300000001	0.0088147516	0.0636471022	0.1025936916	0.0042606225	-0.08679437599999999	-0.0069946631	0.029129660800000002	0.09231971050000001	0.041505740299999996	0.0720843545	-0.0073185916	0.0240092544	0.028631332000000002	0.0741894508	-0.0114011453	0.0380158946	-0.0010882131	-0.1210940831	-0.0386909467	-0.060722381900000004	0.0663545187	-0.0229608346	0.076091064	-0.0463982742	0.0076688934	-0.0337488542	0.12308781390000001	-0.0224542699	0.1212242458	-0.014684321	-0.0099313596	0.02344024	-0.047179296600000004	0.072870193	0.0107505324	0.1639886316	-0.0892733933	0.0006351427999999999	-0.1264942879	0.044714446399999996	0.052772220300000006	0.057427648899999996	-0.0061680302	0.0239023985	0.052644454900000005	0.0044019343	-0.0014679246	0.020339572099999998	-0.09632109970000001	-0.057922200800000004	0.07900219999999998	0.010692699999999972	0.00011433383328999941	0.006241347604839997	0.352318	0.235496	0.12412797312399998	0.05545836601599998	0.0902833	-0.010094699999999984	0.008151074258890003	0.00010190296808999969	0.00196685	0.00030480000000000004	9.290304000000002e-08	3.8684989225e-06	0.000773625	0.000179557	5.98495640625e-07	3.2240716249e-08	0.00335641	0.0009643700000000004	1.1265488088100003e-05	9.300094969000008e-07	0.0	0.0	0.0
8283.106245667066	-14.0333544276491	196.9350364920186	68609849.07700875	10090.84854161753	7.782080642871732	60.56077913215893	101825224.28986464	6269.062491788809	-6.22743169610294	38.78090552962754	39301144.52595331	6593.717121000071	9102.0005790773	1.050909	46.20585300000001	0.16756135000000005	0.14813499999999996	0.1060604577	-0.1082224901	0.0361788445	0.0365125484	-0.0984804416	-0.0338147206	-0.0764284054	-0.0877340072	0.0204462619	0.08033728820000001	0.0548966684	-0.0811157543	0.072545736	-0.1083190582	0.0389085805	-0.0149693883	-0.0300097306	0.0700069066	0.0563854101	0.121475545	-0.0112757032	0.023075836800000003	-0.013680396000000001	0.21937208649999998	-0.001590949	-0.0799937193	0.082765058	-0.0012620189	0.049710033099999995	-0.1174240429	-0.019978585	-0.10650166230000001	-0.0958034203	0.0727636057	0.0167895776	0.007299110799999999	0.0763075986	-0.1551988224	0.0029545819	-0.0810560955	0.0028279221	-0.0599972496	0.1055652736	-0.15525550230000001	-0.0248291392	-0.009171535500000001	0.11643775699999999	-0.09403596339999999	0.0267077236	-0.1141017938	-0.049618737	-0.011294811799999999	-0.0040878002	0.054623644299999996	-0.0522574934	-0.1094986409	-0.06362277969999999	0.10391261380000001	-0.01975886	-0.0124651034	-0.0303438904	-0.0230477483	-0.030714716800000007	0.0486650444	-0.0122977668	0.0422753483	-0.0384887106	-0.036287812	-0.0783232002	-0.021701549599999998	0.0557255192	-0.06472227230000001	0.06895413639999999	0.011591147900000001	-0.0954466808	-0.0868317358	0.0021228994	-0.0443949279	0.10983929630000001	-0.0658659982	0.14233237	-0.010890671000000001	0.07302771450000001	-0.0785760278	0.0034181389	0.06361760799999999	-0.0293344542	0.0339726647	-0.0554737351	0.030701010299999998	0.0064492698999999995	0.0776080467	0.0685541685	0.11533422	-0.0564068333	-0.0388377533	0.048375647	0.1241192384	-0.11248324539999999	-0.1237664478	0.0040939563	-0.09449532349999999	-0.06083469480000001	0.0631806601	-0.08936966800000001	-0.0099209723	-0.0249062222	-0.038183217799999995	-0.0917130254	-0.0164141629	0.012919845400000001	0.2322233922	0.1103745925	-0.052043232	0.0620697551	0.0335551788	0.18378982670000002	0.0467662352	0.043797803899999994	0.0717478489	0.0083548679	0.1166459168	0.0906869973	0.0366115995	-0.0021091542000000003	0.11065528960000001	0.0423879796	-0.000835155	-0.064598413	-0.0427839615	0.0908358531	0.1080017078	-0.052122114500000004	-0.054081785800000004	-0.034517885899999996	0.012899611399999998	0.0007603423	-0.0040308960999999996	0.0012240104	-0.063701355	0.061436678499999994	0.0408300244	0.0722033646	-0.0470628521	-0.0317742417	-0.0760315872	-0.0689953728	0.060708703600000004	0.0252947696	-0.14176143730000001	-0.015240023799999999	0.1500814873	-0.0870525765	0.0591756454	0.022786746	0.045689185199999996	0.05857902	-0.0478439117	0.0652481367	0.0622383314	-0.0187339992	0.0111961552	0.014958448300000001	0.06282703769999999	-0.12096000289999999	0.0390556369	-0.1000407954	-0.00046755150000000003	0.0127844555	0.0152590314	-0.0754515144	0.12339426740000001	-0.09496694509999999	-0.12128315390000001	-0.08202697519999999	-0.0304655304	0.047096257300000006	-0.094561307	-0.0515636647	0.0512553604	0.0034909486	-0.006546235	-0.0648228274	-0.0126336588	0.0083650996	-0.11383522859999999	0.0780658815	-0.180230912	0.0659891181	-0.0800618224	0.085818395	0.0760238571	0.0336823589	0.0292814368	0.08214739480000001	0.018590821599999998	-0.0976270918	-0.053407941699999996	0.0875426	0.008540400000000017	7.293843216000029e-05	0.00766370681476	0.204626	-0.14769199999999996	0.041871799876	0.02181292686399999	0.08833789999999997	-0.0019454000000000413	0.007803584576409995	3.7845811600001618e-06	0.00193339	-3.346000000000013e-05	1.1195716000000087e-09	3.7379968921e-06	0.000833486	5.986100000000002e-05	6.946989121960001e-07	3.583339321000004e-09	0.00345076	9.435e-05	1.19077445776e-05	8.901922499999998e-09	0.0	0.0	0.0
8259.01930074088	-24.086944926186327	580.1809158771334	68211399.81001037	10079.497664982528	-11.350876635002349	128.84240038304227	101596273.17838822	6265.3738907511915	-3.688601037617445	13.605777614712494	39254909.99090672	6593.376262975153	9148.344670209217	1.005523	44.210323	0.14548025000000006	0.09000119999999999	0.026003376600000003	-0.1032458467	0.015384356699999999	-0.1275102951	0.0327413693	-0.0266097008	-0.0224834659	-0.027158238199999997	0.1698299254	0.001088119	-0.0692351984	0.0025641418	0.034213571400000004	-0.1664535939	0.0526295154	0.0110485303	-0.0678653526	-0.009188331	0.0081516283	0.022898285600000002	-0.0256471789	0.008845745	0.14554059	0.0102201039	0.0120463272	-0.09949128789999999	0.048305830099999995	-0.11879562560000001	-0.0955754892	0.0880254256	-0.0361062219	-0.0288097393	0.1118402899	0.060739524800000014	0.0622250518	0.1114162445	0.0303323826	-0.030304370499999997	-0.0042926326	0.0427875847	0.014622121	-0.1078649637	0.0056092569	0.0058754067	-0.1333090149	-0.151185026	0.0743369892	-0.043626168099999994	0.0534529784	0.0678333674	0.016203389199999998	-0.0431441043	-0.015542859099999999	0.040266702	0.0194443109	0.0241229561	-0.0673998772	0.0033661065000000004	-0.0486143148	-0.060828785499999996	-0.10984155820000001	-0.1624858225	-0.0405698259	-0.0923485367	-0.048614409000000004	-0.2015446844	-0.0397197567	0.0245287822	0.1256842945	-0.0446167964	0.09880741970000001	0.0113518557	0.057041647599999995	-0.10088255550000001	-0.0987596733	0.1461737498	0.008312291500000001	0.0020106803	-0.0563426074	-0.058658245899999996	0.002248935	-0.0116067784	0.0655324732	0.0008616903999999999	0.0385904754	-0.0850016642	-0.0221547404	0.093421949	0.0124548859	0.0231715044	0.0846018883	0.0494970267	-0.0320423218	-0.0059043675	0.10229081109999999	0.052384591200000004	0.0101413936	-0.0315373452	0.15048075619999998	-0.1144931715	0.0115653499	0.10341840669999999	0.0701234177	0.0106595268	0.1516813538	0.0181550304	0.0258529868	-0.009879318599999999	-0.0373097607	0.044889508099999996	0.0019569946	0.0893028127	0.1153186647	0.0768303635	-0.09662786539999996	0.004441339	0.1497934931	0.0042957484	0.014470123400000003	0.034330500699999995	-0.0485645748	-0.0036765938	0.0394591966	0.0476677206	-0.011745219599999999	-0.08169242	-0.0266448681	-0.07102291919999999	-0.019996576000000002	-0.0049139616	0.04154261	0.1212720359	0.08413266900000001	-0.0229009011	0.12207277679999999	-0.004602682	-0.1453283701	0.0189893458	0.0544359637	-0.0139852742	0.16549741310000002	-0.0351573606	-0.0307729139	-0.057928141600000004	-0.1024905157	-0.0273273092	0.0970353807	-0.0290316704	-0.1258157733	0.1139358227	-0.028168905499999997	0.123656314	0.0645407565	-0.047464705499999996	0.0543194177	-0.0609131316	-0.008348381	0.014615807199999999	-0.0098249584	-0.09220815710000001	0.031101581899999998	0.0967791577	0.09245423650000001	-0.15758956	0.0064401655	-0.1004814077	0.013443815	-0.0012575057000000001	-0.065846061	0.0317079531	0.11554079910000001	0.088837988	0.1016100417	0.052959658099999994	-0.1514221566	0.0615768626	-0.018659333400000002	0.0410827374	0.11310704220000001	-0.12143322720000001	-0.0616983071	-0.12080419220000001	-0.0031962178	0.025108181099999998	0.1240937727	0.09346890890000001	0.0492149825	-0.053030180700000006	0.16703942730000002	-0.0103527253	-0.0457124188	-0.0536704685	-0.0247712772	-0.0669232999	0.0118035864	0.0168366517	-0.0988192551	-0.0487535893	0.0956625	0.0081199	6.593277600999997e-05	0.00915131390625	0.121681	-0.082945	0.014806265761	0.006879873025000001	0.059181	-0.029156899999999968	0.003502390761	0.0008501248176099982	0.00184072	-9.267e-05	8.587728899999998e-09	3.3882501184e-06	0.000669007	-0.00016447900000000004	4.47570366049e-07	2.7053341441000008e-08	0.00320274	-0.00024802000000000027	1.02575435076e-05	6.151392040000013e-08	0.0	0.0	0.0
8226.600697535074	-32.418603205806	1050.9658338154948	67676959.03668456	10061.112745970997	-18.384919011530656	338.00524706054136	101225989.68714003	6256.411236158422	-8.962654592769466	80.32917734929164	39142681.55592936	6586.762528682288	9125.14459425682	1.079076	47.444286	0.1763294	0.0974186	-0.0553485832	-0.0611721497	0.044273105199999996	0.0670465382	0.0790269002	-0.015209463000000001	0.0511577012	-0.060611552	-0.0526598492	-0.0635214546	-0.0575233951	0.08487905800000001	0.0694058704	-0.07269448690000001	0.0996082439	0.1167151169	-0.0473388911	-0.16564955	0.0201265536	0.1014374127	0.053044039800000005	-0.0027355283	0.12537993449999998	-0.0381310438	0.0469668096	-0.0121843996	0.06346286200000001	-0.0197657352	-0.040316961400000004	0.035866482000000005	0.0710266965	0.019443905	-0.0612234501	0.0444368706	-0.073324415	0.0433280516	0.0363224248	0.023123484700000002	-0.1930853574	-0.1923345363	-0.056615892599999995	0.0128954994	0.0156103707	-0.07851666809999999	0.1539059266	0.0803283816	0.0273929926	0.023365107000000003	0.0659283517	-0.0039748896	-0.00034435010000000003	0.12288867740000001	-0.1107442374	-0.0651483592	-0.0647228911	0.0778212925	-0.1030954374	0.07503175940000001	-0.044546038899999994	-0.0255000449	-0.0701201778	-0.0499970679	0.0683716973	0.1013668477	-0.0453703108	0.0652029263	-0.0825142485	-0.23169812059999997	0.0286359561	0.1434258488	0.10102636529999999	-0.0233864819	0.119187845	0.0699474409	-0.0809823284	-0.1348608304	0.05446312230000002	0.034588856800000005	0.030444118399999998	-0.0170001693	-0.0424744654	0.011973567099999999	-0.0224066139	-0.1415609759	0.06881888950000001	0.074389725	-0.0374679721	-0.018045751000000002	-0.1353448415	-0.048457463799999996	-0.0787562696	-0.1298124695	-0.134150554	0.06289825339999999	-0.0711337353	0.0712182435	-0.041120216	-0.1192224524	0.028234437299999998	0.0452588058	-0.0944349301	0.0068369767000000005	-0.08325817	0.117896173	0.08568553179999999	0.057773145	0.018738028	-0.07354994	0.0743260083	0.0286634678	-0.0979361126	0.0578506191	-0.0166716402	-0.10218405480000001	-0.044853102699999994	-0.0166415532	0.0523759669	-0.014575279299999999	-0.002181209	0.0157626372	0.0838019984	-0.0534534858	-0.0268925028	0.0777204174	0.0141541026	-0.0105390559	-0.0606773004	0.11691725539999999	0.1112002448	0.0211479334	-0.0181244744	0.053216350999999995	-0.0156984831	-0.1338074383	0.0686596724	-0.1384019426	0.050272519	-0.025410945299999998	0.10361073529999999	-0.19400541629999998	-0.0342998352	-0.1162561961	0.067390966	-0.0496099746	-0.1000230574	-0.1015446442	-0.0542276025	-0.0904265422	-0.07949340839999999	-0.1349437959	-0.0705454685	-0.11124899320000001	-0.0348875755	-0.0303102104	-0.027325430499999998	0.0484806183	0.1253374999	0.0418314917	0.024962102200000003	0.1002225501	-0.10545632	-0.0164035504	-0.025777991400000002	0.0786224211	0.0699658712	-0.055814650099999995	-0.0816617565	-0.0152688856	-0.1654088868	0.0884373143	-0.039409338599999996	0.0218342166	0.047692566299999996	-0.08147070669999999	-0.029669744900000006	0.050497196900000006	-0.053894453200000005	-0.0370143349	0.0536331002	-0.012494000900000002	-0.0618736991	-0.040511571499999996	-0.0943032304	-0.0127632653	-0.0542714959	0.10298112279999999	-0.0578062721	-0.0084639822	-0.0259518703	0.0374880414	-0.0544244114	0.0620730363	0.021604366099999998	0.0231492663	0.1278505507	0.015077573799999999	-0.09989619949999999	-0.0439713523	0.0853363	-0.010326199999999994	0.00010663040643999987	0.007282284097690002	0.0356615	-0.0860195	0.00127174258225	0.0073993543802499985	0.08049879999999998	0.021317799999999984	0.0064800568014399965	0.00045444859683999934	0.00213858	0.00029786000000000027	8.872057960000015e-08	4.573524416400001e-06	0.000811325	0.000142318	6.58248255625e-07	2.0254413124000002e-08	0.0024696	-0.0007331400000000003	6.098924159999999e-06	5.374942596000003e-07	0.0	0.0	0.0
8207.896796028283	-18.703901506791226	349.83593157574717	67369569.81425135	10076.665332981851	15.552587010854038	241.88296273018585	101539184.23291823	6263.110799348565	6.699563190142727	44.88414693871538	39226556.88491662	6594.103505417368	8891.887800409175	1.0415370000000002	45.793793	0.07756688	0.0450386	-0.1016088457	0.0284941653	0.020579903899999998	0.0721624283	-0.051085276	-0.0229126294	0.0920082117	-0.0630972117	0.036788263700000004	-0.0686606275	0.11618681369999999	-0.0779037751	-0.040486408599999996	-0.0400791379	0.0011322997999999999	0.0690530787	-0.0708592536	-0.1044068802	0.0054057004	0.0070057984999999994	-0.0688370743	-0.010021289000000001	0.0043700703	-0.0235212529	0.1339431729	0.0400505429	-0.055252534299999996	0.1058417451	0.0716506852	0.052808390999999996	-0.027660701	-0.045105308	0.0009052129	0.15643639410000001	-0.1089077052	-0.0321944058	0.1509541525	0.073583212	0.0070258639	0.11021113910000001	0.1615267542	0.0018297504000000001	-0.0590610342	-0.0321957716	-0.06831344519999999	0.0511792445	-0.1328533634	0.0770312798	0.0402278243	-0.05831742030000001	-0.0538458459	-0.0224270074	0.0765782055	-0.0826278868	0.0018358104000000001	0.0178005561	0.095589304	-0.025238966499999998	-0.108616799	-0.061153095	-0.0543924878	-0.054204624699999995	0.0013215036	0.1255057021	0.0283500207	-0.025949017999999997	-0.0065324027	-0.0629397206	-0.0074651952	0.0530139689	0.0416997128	0.1045783839	0.1177160664	-0.0733967442	0.0597514992	0.0340521564	0.1002293809	-0.1009705734	-0.002008736	-0.1743368605	0.025976046200000002	-0.0814560437	-0.0821214737	0.0426000734	-0.1398854038	0.0863214051	-0.0892895683	-0.06918026719999999	0.18158724280000002	-0.024002197799999996	0.0615948583	-0.0355962559	0.0077772963	0.0575447531	0.034499981400000004	0.0999505296	0.0664272228	0.023225651200000003	0.0017551009	-0.0308069506	-0.1644259312	-0.02655381	-0.1686304251	0.0100788009	-0.083563998	0.0052064141	0.0876711851	0.10935031070000001	0.0156178624	-0.09073831789999999	0.013929916399999999	-0.040343509300000004	-0.108649354	0.031833692999999996	-0.1376927812	0.0647670518	-0.0408368197	0.1185515311	-0.0438414006	-0.1053503478	-0.0485749896	0.0601952449	-0.08053220009999999	0.0536158883	-0.0250531831	0.0116033356	0.1418987816	0.002010245	0.0384632198	0.07271380059999999	0.0617546597	-0.010533665800000001	0.0022227269	0.0921394502	0.0019212819	-0.0612143734	-0.0237447584	-0.0776463092	-0.0048218635	-0.1651966256	-0.027807224900000004	-0.042052901600000005	-0.0452195196	0.0873345269	-0.050349501500000005	-0.0486192559	0.0415924825	-0.0424017078	0.0625403409	0.1196210805	-0.0189828997	0.0525832485	-0.1097946402	-0.05709635160000001	0.043602141500000004	0.1005045559	0.0680542007	-0.1469629087	0.0026765109000000003	-0.040494799399999996	-0.0391957801	0.0891285938	0.0715940701	0.0415746813	0.0635352433	-0.1589366257	-0.0678563413	0.0455795991	0.1106969388	-0.112693326	0.049052052699999994	0.059333158399999995	-0.1096886575	-0.0061203165	0.11160205470000001	-0.1405072493	0.1248769679	0.11915681269999999	0.0326850526	0.11611162130000001	-0.0947881557	-0.0729136371	-0.1032518061	0.0043119142	-0.0704294778	0.0584932589	-0.0830483385	0.0118385582	-0.0411288832	0.0353037848	0.013490521699999999	-0.017776029	-0.022588733399999998	-0.0526751651	-0.1952166066	0.0133141006	-0.1008566694	-0.039073774900000004	0.0810214	-0.00431490000000001	1.861836201000009e-05	0.006564467257959999	-0.00660898	-0.04227048	4.3678616640400015e-05	0.0017867934794304	0.08902649999999998	0.008527700000000001	0.007925717702249997	7.272166728999999e-05	0.00227972	0.0001411399999999997	1.9920499599999907e-08	5.197123278399998e-06	0.000688369	-0.00012295600000000002	4.7385188016099996e-07	1.5118177936000004e-08	0.00228462	-0.00018497999999999995	5.219488544399998e-06	3.421760039999998e-08	0.0	0.0	0.0
8216.768092359185	8.871296330902624	78.69989859068635	67515277.883612	10075.022525352968	-1.6428076288830198	2.6988169055162503	101506078.88636968	6259.154711500496	-3.956087848068819	15.650631061637778	39177017.70249886	6585.974160147969	8641.010927549742	1.080324	47.499168	0.15926958000000002	0.108947	0.0034502223	0.092949831	0.05939963030000001	-0.1155487727	-0.0095912477	-0.0155948178	-0.0183689703	0.0016915973	0.1385299427	0.0119409005	-0.0524450109	0.0965091951	-0.09915303550000001	0.05694509070000001	-0.04634433599999999	-0.023104714100000003	0.0108487157	0.0759044536	0.0385676271	-0.0236836473	-0.030092123	0.0280343343	0.1009939724	-0.09092719390000001	0.11608272830000001	0.0398247339	0.1343399622	-0.1656000185	0.09013305449999999	-0.0033149782	-0.044557938600000006	0.1545241555	-0.0040618058	0.0633343268	0.016526938300000002	-0.057491062	-0.0340269895	0.0268697808	0.0609587486	0.0377363597	-0.09586957550000001	-0.031958966	0.043639205	-0.0068600371	0.010637735	0.0261278464	0.0171239833	-0.027490431800000003	0.0486671838	0.0962980392	0.050403703099999995	-0.10296515839999999	-0.0425147076	-0.024573835899999997	0.09501946439999999	-0.038226359700000004	-0.027804936000000002	-0.0321832897	-0.0170750684	0.007841111500000001	0.0890044641	-0.0880999743	-0.0352838162	0.099891663	-0.0342331558	-0.1352428166	-0.016922308400000002	-0.0621443633	-0.0033063077000000003	0.1249695499	-0.09973773539999999	-0.0449288578	0.0712510609	0.0428426883	0.0811479663	-0.014860546399999999	0.072218114	0.065247536	-0.0249961428	-0.0331681877	0.0077026198	0.0339409472	-0.0779766334	0.0678550336	0.0357935633	0.0090310965	0.0223047178	-0.0309581675	-0.0341233248	0.0206413619	-0.0665646617	-0.0177196572	-0.0780349722	0.11174725640000001	-0.1247901467	-0.1209105434	-0.0076098125	0.065412077	0.0021596853	0.0942305741	-0.0746767911	-0.0037709582	-0.0138874127	-0.0150612569	0.0753160345	-0.08859219199999999	0.0260360615	-0.0716231645	-0.0098880571	-0.108813126	0.0152298343	0.0361913336	0.0118518447	0.0010704474000000001	-0.014648561000000001	-0.1231695156	0.0572028482	0.0198867801	0.17097778489999998	-0.0341646274	-0.046784329400000005	-0.05668429990000001	0.0310235742	0.050567005	-0.0043719253	-0.0655136622	-0.0494268056	-0.13404423769999999	0.049653977300000006	0.0541722394	-0.1211792109	0.0021290633999999998	0.0009408617	-0.0088660632	-0.0385861177	0.0123197757	0.008888948	0.0077060616	0.06655459679999999	-0.1537640298	0.0425255409	0.0603989653	-0.0775217949	0.051215316	-0.0784308349	-0.0422464648	0.0167630187	-0.0022179377	-0.0156988801	0.12485981	-0.0029363940999999998	-0.0985018669	-0.052663729299999996	0.0016633827	-0.015028803899999997	-0.0656469264	0.0572629914	0.031746803500000004	-0.0809029167	-0.0644041284	-0.0525123721	-0.0392417183	0.0663572769	0.0008535706	-0.004826131	0.062516163	-0.0746000308	0.0264290108	-0.1196024076	0.10609849310000001	-0.0006948903	-0.1346150601	-0.0900116397	-0.0394759161	0.029266291	0.025518028199999997	0.1826173984	0.0239138426	-0.09197499769999999	0.0697270917	0.0633122005	-0.055648135999999994	0.0222242907	0.1001434852	-0.0187855415	0.0582863786	0.031334911800000004	-0.051710604	0.0250295428	-0.0935329518	-0.0414468015	-0.0361661296	-0.0039754774	0.032764139399999996	0.1113215712	0.011546746200000001	-0.101699545	-0.0340737038	0.0882193	0.007197900000000006	5.1809764410000106e-05	0.0077826448924899995	0.0972537	0.10386268	0.009458282163690001	0.0107874562967824	0.0890933	6.680000000001962e-05	0.00793761610489	4.4622400000026214e-09	0.00208679	-0.00019293	3.72219849e-08	4.354692504099998e-06	0.000827923	0.00013955400000000007	6.854564939290001e-07	1.9475318916000014e-08	0.00291498	0.0006303600000000004	8.497108400400001e-06	3.9735372960000047e-07	0.0	0.0	0.0
8236.878297700816	20.110205341630717	404.4203588825527	67846164.0911347	10065.79853733901	-9.22398801395866	85.08195488165303	101320300.19429614	6266.72483503146	7.570123530964338	57.30677027405997	39271840.15800008	6591.4758266308945	8719.833918407427	0.978929	43.041073	0.1041694	0.059303599999999984	-0.0514237272	0.0366955089	0.0394812008	-0.023507975299999997	0.08901638210000001	-0.0077520444999999985	0.0189024201	-0.0086958296	-0.0469030704	-0.057497275300000004	-0.10286430640000001	0.1078918489	-0.0037266385999999998	0.07652238110000001	-0.0621104346	0.0652334069	-0.0197274059	-0.0490433658	-0.1359609916	0.0923492216	0.06404067690000001	-0.0763357159	0.026218643	-0.044200569599999996	-0.005589688000000001	0.08693331539999999	0.1242480379	-0.060035416200000004	0.0671757076	0.062460158499999995	-0.21317013370000001	0.0377000541	0.0004453314	-0.006309106700000001	0.024791151600000002	-0.0229322294	-0.0149950868	0.1525570481	0.1255518425	-0.0538058954	-0.0064005621999999995	-0.048664905999999994	0.1214880535	0.06361873059999999	0.0531996322	-0.1510182135	0.0531181631	0.0329750684	0.0522232158	0.1194757032	0.0410236653	0.0582043246	-0.059905052699999996	-0.0260596989	-0.053531910999999995	-0.0632089269	0.1068972126	-0.059881340899999996	0.0033038571000000004	0.0031848895	0.0028900514	-0.0184775859	0.0019227373999999998	0.0073187975	-0.0807501519	0.0598037875	0.0826692961	-0.1101972069	0.0034734308000000003	0.1263339122	-0.0612604179	-0.0493938976	-0.0115298459	-0.1633786897	0.122428396	0.042659944000000005	0.0349731706	-0.1895982837	0.17538612920000002	-0.018185561200000002	-0.020509632399999998	0.055015795	0.020479984	-0.05759356	-0.0082807227	0.0354266393	-0.0051898358000000006	-0.09097310210000001	-0.1476080809	0.021287112	-0.0088683702	-0.0110171681	-0.023377242700000002	-0.0348644071	0.0270697725	0.1037237479	0.0481325277	0.020415163899999998	0.0229904742	-0.05391977480000002	-0.0098985514	-0.0275575072	0.1012459401	0.0048085987	-0.11612621320000001	-0.0063981051	-0.0752289648	-0.09454285289999999	0.0707094725	0.0875237526	0.08115392910000001	0.022143813300000002	0.0056391183999999995	-0.0655046902	-0.0052715185	0.0474186449	-0.0758374953	0.0869938898	0.0638487019	-0.0234750337	0.0081156916	-0.1176840948	-0.025407699900000004	0.0339777743	0.0314762204	-0.0669477347	-0.11883675789999999	0.049503028899999996	0.0520813357	-0.0198921523	0.0387629367	-0.0650174724	-0.0544315847	0.077079959	-0.103058655	0.050857273	0.043589148	-0.056550441500000014	0.0759349659	-0.0735778599	-0.0546647563	-0.0073608763	0.1395578882	0.0009918011	-0.0887694937	-0.043420237199999996	0.1006138336	0.0164091533	0.160370997	0.045446222	-0.118965424	-0.050907465199999995	0.048759734900000004	-0.03564208	0.12829640890000002	0.0217189422	-0.0146764294	0.0403446851	-0.0926394379	0.07223498	-0.041153516099999995	0.08128081599999999	0.018947891799999998	-0.1048665176	-0.0315639445	0.0017650259	-0.0734113939	0.10165554310000001	0.0655785602	0.0133556412	0.0202123682	-0.055269006600000004	-0.0026791975	-0.0779898358	0.1296271226	0.1391220342	0.0149048416	-0.1355490873	0.0209439878	0.006287565500000001	0.0009657197	0.020276743899999998	0.1037825686	0.053079036600000004	0.0230225564	0.0848700219	-0.1892165357	0.0711649307	0.051215992099999996	-0.007565286	0.0370154831	0.037365544900000006	0.042461665700000005	-0.06409993209999999	-0.0033631975	0.0097760258	-0.1024238435	-0.0289842546	0.0821345	-0.0060848000000000005	3.702479104000001e-05	0.00674607609025	0.0459841	-0.051269600000000005	0.0021145374528099997	0.00262857188416	0.107271	0.0181777	0.011507067441	0.0003304287772900002	0.00201996	-6.682999999999993e-05	4.466248899999989e-09	4.0802384015999985e-06	0.0008849389999999998	5.7015999999999794e-05	7.831170337209998e-07	3.2508242559999763e-09	0.00246608	-0.0004489000000000003	6.0815505663999986e-06	2.0151121000000032e-07	0.0	0.0	0.0
8240.653214059152	3.774916358335759	14.249993512430905	67908365.39438343	10079.644312358001	13.845775018991844	191.70548587653857	101599229.463651	6270.5635839930455	3.8387489615852246	14.73599359007164	39319967.660899706	6596.314428700089	8872.226999230777	1.013684	44.569157	0.04963565	0.026654700000000003	-0.058986252999999995	0.0030095607	0.0284296791	0.0897372074	-0.049978837000000005	-0.0092884037	0.0488643391	-0.0442548552	-0.0128517775	-0.0629207241	0.0545467739	-0.052286758499999995	-0.0036658504999999997	0.02421176	-0.1178670803	0.0976245766	0.09829264970000001	0.17194737559999998	-0.051080089800000006	0.039811977900000003	0.0585894095	-0.08460041759999999	-0.0192056082	-0.0103436867	-0.0207757273	0.068554175	0.1120474494	-0.0200527992	0.0086737174	-0.0798470635	0.0669350568	0.0388091424	0.18510944140000002	-0.0181231948	-0.026785534399999998	-0.0524541688	0.0489747004	-0.0001858323	-0.0635183554	0.0361374472	0.0581972866	0.0132345617	0.0590592946	0.0769735745	-0.0379661275	-0.0233715311	0.0711998407	0.0429289084	0.027565643900000002	-0.0736702211	-0.076593941	0.0039102346000000005	0.0665682114	-0.0790688633	-0.0657187196	-0.0839733053	-0.024995319199999998	0.008892552	0.0413633438	-0.0047418738	-0.08098118110000001	0.08529199679999999	0.0266258566	-0.08239611179999999	0.0660605848	-0.1101369551	-0.039127159	0.0621619868	-0.1547161188	0.0400491906	0.020836879699999998	0.0152578392	-0.043453633	-0.0957946327	0.0078419484	-0.0415556584	0.1247538938	-0.0295458741	0.0326384901	0.0028412396000000004	-0.0447173439	0.0341195248	-0.0832365722	0.07410523179999999	0.0155208011	0.023478428500000002	-0.0320834552	0.2100515252	-0.0438057076	0.030490297799999996	-0.0664753734	0.0018301178	0.1258138796	0.09575708699999999	0.0409958577	-0.0561707739	0.0660604195	0.1053442891	0.0356333948	0.0031742487	0.0145368458	-0.08373483820000001	-0.1015779508	-0.0431865046	-0.10583923460000001	0.06581659620000001	-0.0351384531	0.07445319759999999	0.0270400644	-0.043578491100000005	-0.0155087374	0.07017734610000001	0.0226544233	-0.0366490692	-0.1078280037	-0.0629415187	-0.0436718454	0.1299879609	-0.077304078	0.0194716308	-0.0540715897	-0.0329959506	-0.0438984938	0.021696749700000004	0.0052173136	0.0292748535	0.1132659396	0.0352299371	0.0096215794	0.0048923282	0.08671867529999999	-0.0335577741	-0.0515970304	-0.0334556549	0.036157224	0.16488038019999998	-0.0084275081	0.0188760589	0.0189121048	0.0856106579	0.0028192441	0.057149568	-0.0745826739	0.0649619641	-0.0299559883	-0.152869316	0.032742246600000004	0.0354333764	0.0785124264	0.0243786257	-0.0193503576	-0.0110174999	0.0047746032	0.059147596399999995	0.0347491134	0.1050008176	0.0175392612	0.0003761914	-0.0568852587	0.014172729299999999	-0.027153256400000002	0.0665595578	0.025761712599999997	0.073083795	-0.057940205599999996	-0.042206539800000005	0.18575290239999998	0.0022118364999999997	-0.0247265677	-0.0232383134	-0.1551182708	-0.0334762924	-0.05375579690000002	-0.0201247617	-0.0966232269	-0.1199366116	0.041722863	-0.07968740469999999	-0.0230953169	0.1091604538	0.0401881717	-0.0333323717	0.05179386019999999	-0.0532497544	0.0360706408	0.1337054778	-0.0127554119	-0.134657899	0.09048007289999999	-0.07327128769999999	0.0334344122	0.0156210597	0.07115126349999999	-0.0309386515	-0.0701442814	0.0080024557	-0.10302872029999999	-0.0238187774	0.083508	0.0013734999999999995	1.8865022499999995e-06	0.006973586064	0.0242562	-0.0217279	0.0005883632384400001	0.0004721016384099999	0.0978649	-0.009406100000000014	0.009577538652009998	8.847471721000027e-05	0.00213858	0.00011862000000000027	1.4070704400000062e-08	4.573524416400001e-06	0.0006636060000000001	-0.00022133299999999975	4.4037292323600004e-07	4.8988296888999906e-08	0.00246347	-2.6099999999996785e-06	6.068684440900002e-06	6.812099999998322e-12	0.0	0.0	0.0
8237.82104862907	-2.832165430081659	8.021161023349629	67861695.62923615	10073.314041407575	-6.330270950425984	40.07233030580709	101471655.77681902	6267.1845253767115	-3.3790586163340777	11.418037132621572	39277601.87512132	6592.265306278854	8806.906308640177	1.094211	48.109726	0.21244565	0.133544	0.0429449846	0.0361573377	0.036400361400000004	-0.1274136498	-0.01315904	0.0006400023000000001	-0.048373852099999996	0.0093121234	0.1129647901	0.0364231795	-0.0353768249	0.06821936320000001	-0.0824159228	-0.027185601299999997	-0.042356612300000006	-0.0329142733	0.1566652309	0.039199555	-0.0346928835	-0.019876118300000002	-0.0180056645	0.08261633110000001	-0.0108045594	0.015071544	-0.0762387644	-0.0195226176	0.038199063	-0.036085988900000004	-0.026389863399999998	-0.0048918375	0.021227045899999998	0.203429398	-0.0197882092	0.0050763027	0.15595268140000001	0.1287157668	-0.0406412278	-0.0516014691	0.0425484246	0.049154228700000004	-0.0064285614	-0.028843613599999998	0.10251358070000001	-0.12154217380000001	0.0027746622	-0.0682456977	-0.0074600391	-0.060549346500000004	0.0172173164	0.0660878832	0.037656115	-0.1057317455	0.0085422606	0.006506544300000001	0.055938070599999994	-0.0930752564	-0.1283355256	0.13496804240000002	0.0091902863	0.0516214266	-0.0032423349	-0.012225411	0.0072264742	-0.0797285509	-0.14412725710000002	-0.0415878457	-0.0151428835	0.1219241643	-0.0072892201	0.0217207591	-0.1409368188	0.0327339093	-0.0391647577	0.07312797389999999	0.06195775150000001	0.0361545145	0.0392956625	0.0331304069	0.0292427856	-0.0661384154	0.0110185463	-0.006202167	-0.0408866912	0.056212710199999995	-0.0588926863	-0.0967838925	5.3732799999999995e-05	0.1588668689	0.10552876650000001	-0.10681376960000001	0.0690395088	-0.0459583629	-0.0337313442	0.0227884585	-0.0042870888	0.0873360759	-0.0593722618	-0.0302122177	-0.2517997715	0.1204567293	-0.0360991843	0.0052281452	0.0023295745000000002	0.039277348	0.0653086004	0.050341276799999994	0.0520310603	-0.0020747641000000002	0.1019300808	-0.105136387	-0.08056788969999999	0.0697301338	-0.1596323677	-0.1030434001	-0.062070223099999995	-0.0050968399	-0.1473611137	0.1165897597	-0.0100848942	0.0389072713	0.0358217748	0.07076352179999999	0.0521704044	0.0086061829	-0.0045373651	-0.05178883	-0.0003854331	-0.1316540853	0.0088347153	0.037717311499999996	-0.033665180499999996	0.0942970927	0.017152348600000002	-0.07443127599999999	-0.0564921009	0.10072248130000001	0.059047021799999995	0.092261718	0.0563624879	0.115646734	0.0690772001	-0.0447742238	0.0142180472	-0.0254811183	0.06010890820000001	-0.057642149299999994	0.0558147583	0.073460698	0.05545587019999999	0.0976068161	0.11810731210000001	-0.0443309529	-0.1060976871	0.0117659538	-0.044209781100000005	-0.08915061949999999	-0.027370758199999998	0.025328743900000002	-0.1130597877	-0.1934173751	-0.0104850048	-0.0232125976	0.0624912901	0.11668027730000001	-0.0250269586	0.0678404437	0.1085858093	-0.0063160578	-0.037348268	-0.08637589289999999	-0.0520402629	0.0584582813	-0.0967966638	0.056463798899999994	0.0233081241	0.0965115437	0.011513334699999999	-0.0238864952	-0.0305387581	-0.0153402319	-0.0480177646	-0.0221642677	-0.1211522641	0.0399505582	-0.1392224899	0.0644801492	-0.0152703472	-0.0153270125	-0.1010298964	0.1796264428	-0.1855239435	-0.0265945252	0.0363662692	0.026145570299999997	-0.068372082	0.0062265527000000005	-0.1035134703	-0.018590821599999998	0.08887610000000001	0.0053681000000000145	2.881649761000015e-05	0.007898961151210002	0.15087799999999998	0.12662179999999998	0.022764170884	0.016033080235239996	0.08089400000000001	-0.016970899999999983	0.006543839236000001	0.00028801144680999944	0.00188013	-0.0002584500000000001	6.679640250000008e-08	3.5348888169e-06	0.000986203	0.0003225969999999999	9.725963572090001e-07	1.0406882440899992e-07	0.00315212	0.0006886499999999999	9.9358604944e-06	4.742388224999998e-07	0.0	0.0	0.0
8238.364913680676	0.5438650516061898	0.2957891943586035	67870656.45096481	10060.437598055107	-12.876443352468414	165.802793409328	101212404.66436079	6269.017629405138	1.8331040284265328	3.3602703790335826	39300582.037792414	6595.577004837064	8789.260038941178	1.083069	47.619827	0.16498069999999998	0.095653	-0.0326063225	0.025951979700000002	0.0255136668	0.000101996	0.10151243050000001	0.0040567633	0.0166598986	-0.0211625218	-0.1092497805	-0.0075455202	-0.11809655880000001	0.1223151732	0.0415429981	0.0850956083	0.0756561517	-0.0717718921	0.0230424748	-0.1223440216	-0.08981654730000001	0.031689460499999995	-0.022342386000000002	0.112608024	-0.0895366817	0.0184381536	-0.07635701339999999	-0.0650637924	-0.1443181601	0.0212720857	0.055339169800000004	0.0351601745	0.0690708995	0.057869482699999995	-0.1545018103	0.098089632	-0.0520804209	-0.09525249400000001	-0.1038929012	-0.0254358038	-0.0459744496	0.0059962224	-0.07738074910000001	0.0867492225	-0.1134172919	-0.0517136521	0.0315397571	-0.1632128723	0.06891031	0.0224735583	0.022713035	0.060093715199999995	0.0945814809	0.0753043466	-0.09728827529999999	-0.0065977221	-0.046500082400000003	-0.1370894667	0.1305261022	-0.1195701426	0.0193693736	0.0348793631	0.0726699733	-0.0731347681	0.058887568700000004	0.053521483200000004	-0.1151846783	0.0147048796	0.0620848204	0.0389849571	0.0022046557	0.0380812237	0.1341831513	0.029726503900000006	0.035296690299999996	0.0005164592	0.0076052952	0.07390285190000001	0.0696892601	0.08981465359999999	0.0185032796	0.1092581925	0.0021376066	0.1247916868	0.0451123939	0.0741474614	0.0072292126	0.020622742700000002	-0.0852977657	0.036209866800000004	0.0946109373	-0.044975388899999996	-0.0217875168	0.0481864694	-0.10399087470000001	0.050630260700000006	0.0015389365	-0.1112214859	-0.0241148484	0.0738062476	0.0025252523	0.0101003233	0.1022385407	0.0546153368	-0.0132724618	-0.0359317761	0.025712805099999996	0.0571523367	-0.0470409795	0.0388582329	0.0747241049	0.15865274529999998	-0.052028358499999997	0.072738369	-0.0291498689	0.087789188	0.1911924946	0.0782157515	-0.0326583613	-0.1359589898	0.027241033900000003	0.0183935181	-0.0907855735	0.045828912400000005	-0.0149000868	0.0152217379	0.0331941293	-0.0176718145	-0.17408819890000002	0.0795751835	0.0538455364	-0.0021323022	-0.0265790175	-0.0172156807	-0.12812171279999998	0.1284251082	-0.1359751219	-0.011234501599999999	0.0058803297999999995	-0.028415093399999997	0.0378821233	-0.0175704597	0.0163932561	0.0299317588	0.10575831949999999	0.1225736992	0.0418380072	0.0023948523	0.0847737291	-0.038810061	-0.175432594	0.059061514	-0.0095702844	-0.0222134847	0.1471374609	0.0837562936	0.0336263396	-0.0388029569	-0.0282680232	-0.128822521	0.0477453758	-0.050590943099999994	0.0072835969	-0.0124688877	-0.0343633092	0.0794753508	-0.0347456114	0.0553927149	0.0336031627	-0.048275765400000004	-0.1712882147	-0.0176162238	0.0121957969	0.053788068099999996	-0.0415914478	0.022393857200000002	-0.0263517552	0.011480181899999999	-0.0322450221	0.0250324587	0.054598107699999995	-0.06604297370000001	0.0763086178	0.1806184527	0.031994404	0.022341302400000002	0.11814650289999999	-0.1080271511	-0.0005933291999999999	0.11642987	0.0898020415	-0.0069003601	0.034817145099999995	0.1633769959	0.0509747493	0.09809139759999999	-0.0642915165	0.0044488346	-0.1038775282	-0.0133141006	0.0781426	-0.010733500000000009	0.00011520802225000017	0.006106265934760001	0.0664865	-0.08439149999999998	0.00442045468225	0.007121925272249995	0.107047	0.026153	0.011459060209	0.0006839794089999997	0.00182224	-5.789000000000011e-05	3.351252100000013e-09	3.3205586176e-06	0.0008661389999999999	-0.00012006400000000002	7.501967673209998e-07	1.4415364096000003e-08	0.00245602	-0.0006960999999999997	6.032034240400002e-06	4.845552099999998e-07	0.0	0.0	0.0
8243.978331545994	5.613417865317388	31.510460130664416	67963178.73099986	10087.702692213914	27.26509415880719	743.3853594886218	101761745.60649984	6288.0519007354615	19.034271330323463	362.30348507637376	39539596.70634285	6619.9694276243945	8698.768022953289	1.289584	56.699799	0.2153043	0.111803	-0.1240022122	0.0502467292	-0.1316833429	0.1450608867	-0.0090432929	-0.043193404299999995	0.1399141262	0.0612857021	-0.144227363	-0.11507138300000001	0.0357412645	0.0444044758	-0.0911320681	-0.1596003832	-0.0539556267	-0.059258735199999996	0.0772135829	-0.1058739182	0.1136108955	0.08515056789999999	0.0042076846999999995	0.0447819928	-0.0457514962	-0.1174853747	-0.0839815566	-0.0695857677	-0.1434427937	0.0079182755	0.09644148289999999	-0.0490519189	0.020933111	0.0113820476	0.0955865484	0.08418045619999999	-0.0830387421	0.1492652425	-0.054991765	-0.0640919559	-0.010286744799999999	0.030280063	-0.0853864438	0.0576757392	0.0537388649	-0.1356386611	-0.0434186091	-0.0030596859000000002	0.0293943072	0.19756643629999998	-0.1361551943	-0.0875147306	-0.0430386677	0.1105950261	-0.0995869633	-0.003836742800000001	-0.0318083773	-0.046098113200000006	-0.08605199599999999	-0.0537212355	-0.0721270848	-0.09052298269999999	0.1582645549	-0.06267368059999999	0.1358613435	-0.1693116743	-0.0362763906	-0.0188600425	0.0313067385	0.23400566890000002	-0.0177763986	-0.061921350800000004	0.041812114	-0.029649751600000007	0.17321553809999998	0.0010733802000000001	0.0379555303	-0.2115755112	-0.0085505221	0.0088306586	0.004574197	-0.0224260744	0.1200205958	0.0098109605	-0.0255831326	-0.0176982097	-0.07309036599999999	-0.1308126734	-0.0408132535	-0.0692608077	0.07857015839999999	0.1564474168	0.1280626126	-0.020722005	0.12870947619999998	-0.0271838922	-0.0622168875	0.1067926784	-0.0242421017	0.040625659	0.0022382085	0.008531703199999999	-0.011295356299999998	0.0185194628	0.028716330800000002	-0.060259389000000003	0.0512777908	-0.1545913376	-0.0555924044	0.08769646800000001	0.10227457460000001	0.0856612083	0.0944826874	0.0476817295	0.0647686765	0.0552663711	-0.0871711282	-0.1119973533	-0.0568963257	-0.062427755	-0.0216344254	0.019499891999999998	0.1484656869	0.0734848349	-0.20253342670000002	-0.08048276559999999	-0.0871941358	0.08487681130000001	-0.0218588481	0.1588379962	0.0519636584	-0.0256403588	-0.0642476471	0.0924847582	0.0159368044	0.1161837914	0.08169351009999999	-0.0393331649	0.0385958891	0.2346022275	0.10265112480000001	0.082251248	0.1826183081	0.1184905	0.0404985156	0.07480152450000001	0.1469041068	-0.0251414698	-0.1031454806	-0.0083295513	-0.0272071526	-0.0725659986	-0.1988366766	0.0247242884	-0.189750988	0.035888589900000004	0.038227814900000004	-0.024588426099999998	0.0092811781	-0.0213633715	-0.0001521298	-0.022629563	0.1730136245	0.026284958799999997	0.0411592017	-0.031948380400000004	-0.0356002432	0.1317276191	0.059426477199999994	0.0014032327	0.051892368700000004	-0.08816608990000001	0.22457272350000002	-0.0189691069	-0.0584441602	0.1300462194	-0.0319487097	-0.0172288069	0.0530681779	0.0303186233	0.0985161541	-0.043596167400000004	-0.054241512	-0.10648532849999999	-0.023741302599999996	0.084801973	-0.058199776900000014	-0.051075482699999994	-0.0671486973	0.0919743883	-0.0765382785	-0.1285652073	0.0420366829	0.025141153599999997	-0.09598521939999999	-0.0205145573	-0.0423448038	0.0026698196	-0.10412046949999999	-0.0080024557	0.055924400000000006	-0.0222182	0.00049364841124	0.0031275385153600012	-0.0289724	-0.0954589	0.00083939996176	0.00911240158921	0.118204	0.011156999999999986	0.013972185615999996	0.0001244786489999997	0.00268781	0.0008655700000000003	7.492114249000005e-07	7.2243225961e-06	0.000668425	-0.00019771399999999988	4.4679198062500007e-07	3.909082579599995e-08	0.0017899	-0.0006661200000000001	3.203742010000001e-06	4.437158544000001e-07	0.0	0.0	0.0
8270.813582328034	26.83525078204002	720.1306845349795	68406357.31362188	10096.038845451407	8.336153237492907	69.4914507989635	101930000.36886378	6286.14006688651	-1.9118338489515736	3.655108665996989	39515556.940515935	6615.919298775878	8799.977420997233	1.4236540000000002	62.59450500000001	0.34944509999999995	0.279974	0.09686479869999999	0.0739321973	-0.12367086529999999	0.1663019746	0.0188408953	-0.058785362199999996	-0.0457616734	0.0685584092	-0.0848553654	-0.1156997399	0.1145912833	-0.019308251499999998	-0.1662257508	-0.0816503488	-0.0665467025	0.0147653149	0.0376910678	-0.1525290369	0.0162568626	-0.0647675934	-0.1264451744	-0.0386073802	-0.0340146127	-0.1009181778	-0.1564226984	0.00023127439999999998	-0.0067649916	0.09315070310000001	-0.120980925	0.1000611645	0.0498723908	-0.07422570490000001	0.1209124522	-0.12312846710000001	0.069541693	0.05954673360000001	0.0699897341	0.072906407	0.0178304551	0.08980010210000001	-0.12426351699999999	-0.0462354707	0.0759083283	-0.0775547573	-0.0186854262	-0.008204250500000001	0.09426452810000001	0.011661424299999999	-0.19582657550000002	-0.1261152254	-0.139385788	0.0949184025	-0.0187390968	0.0033927775	0.12211072710000001	-0.07734348099999999	-0.19207149699999998	-0.1635365912	0.037674191	0.0605062067	0.0611993024	0.0157852593	0.0516509567	0.040716928799999996	-0.0347796987	-0.0607902341	-0.13272574310000002	-0.0343638992	0.0018137598000000001	-0.0032684334999999996	-0.128966928	-0.0329471699	-0.09013589220000001	0.0476910666	-0.008547974	-0.1582250361	0.122749701	-0.0034992481	-0.0309343736	0.1924237862	0.037506618900000004	0.0673627269	-0.0701925275	0.0085894445	-0.0631642599	-0.0080877841	-0.026125317000000002	-0.0415787217	-0.0174218072	0.09759655800000001	-0.02614769	0.0075466485	-0.040953491	-0.0222873308	0.1162992434	0.1360533943	0.034662700299999995	0.0176357865	0.1279894863	-0.0905479551	-0.13555312349999998	0.1328129942	0.1169088668	0.0654132964	-0.0025384773	0.10561363970000001	0.0053751738	0.053407117000000004	-0.022317211899999998	0.0006807731	0.105093575	-0.0346949664	0.0186996179	-0.045615497000000005	0.0761576657	0.1010081493	0.051221167000000005	0.0369206906	-0.0167697699	0.09291714220000001	-0.1553802023	0.031731716800000004	-0.0133802824	-0.1036051226	-0.1735155552	0.0950370692	0.1124768624	0.1397573873	0.0333985159	0.0509062821	-0.2549977161	0.0855337103	-0.0542374193	0.0293735288	0.0535810729	0.0269925602	0.16350758699999998	0.0131943203	0.0272593822	0.0747273668	0.0093284542	0.0654281838	-0.0631730766	-0.15927751199999998	-0.0063498146999999994	-0.0674023404	0.1528125594	-0.1112409883	0.007921473	-0.1098868344	-0.0284570533	-0.1891202344	0.0426604057	0.0655344937	0.13529885949999998	0.0777526244	0.11330088960000001	0.0821880136	0.09327748640000001	-0.0796931778	0.10914367400000001	-0.0018316317	-0.1950343498	0.0219493817	0.069095673	-0.0263704037	0.0030597169	0.0404682284	0.0674513652	-0.0037110871999999997	0.0541855683	0.04387286	0.0350106975	-0.1036715817	-0.005159847800000001	0.018188071899999998	-0.0613383558	0.0174874247	0.08732879240000001	0.050664498200000005	0.0129922248	-0.0599309379	0.0036772417999999998	0.022727125499999997	0.0529767667	-0.0202552817	0.052715335700000004	0.044512778899999994	0.09029294480000001	0.0164154258	-0.028632437799999997	-0.025154532799999997	0.1392721772	-0.0834374384	-0.0156677034	0.0008900264	-0.104242011	-0.0026698196	0.0652582	0.009333799999999995	8.711982243999991e-05	0.00425863266724	0.248185	0.2771574	0.061595794224999986	0.07681622437476	0.0983462	-0.0198578	0.00967197505444	0.00039433222083999983	0.00254385	-0.00014396000000000027	2.072448160000008e-08	6.471172822499998e-06	0.000671927	3.5019999999999535e-06	4.51485893329e-07	1.2264003999999678e-11	0.00250436	0.0007144600000000001	6.271819009600001e-06	5.104530916000001e-07	0.0	0.0	0.0
8291.382275044007	20.56869271597316	423.0711200441272	68747020.03091393	10094.92396585436	-1.1148795970475476	1.242956515912902	101907489.87638073	6270.9106997198205	-15.229367166689372	231.93362429783627	39324321.00386053	6599.762551176843	8961.935065436792	1.271726	55.914612	0.3091759	0.245419	0.18635266670000009	0.0036725414000000002	-0.1216211066	-0.0490705629	-0.1395696722	-0.023225146600000003	-0.12779103630000002	0.1538630687	0.035164599	0.11896947449999999	0.1678349125	0.1016040113	-0.044562785599999995	-0.024673498500000002	-0.0146464049	0.0442882817	0.027897145	0.0036844039	0.10378289439999999	0.0267225666	-0.0863517285	0.0210023583	0.0375391146	-0.032022799500000004	0.0125854375	0.0372993868	-0.1226395075	0.1085781041	-0.0015279312	-0.005555178399999999	0.0619679083	-0.0799917105	-0.0434272133	0.12212269630000001	0.029843912799999997	0.0339489381	-0.1467768193	0.0783488921	-0.0479978911	-0.12197266820000001	-0.06968517070000001	0.0361904562	0.0348059025	0.0504785776	0.09057047289999999	0.071345085	0.0145647754	-0.1161649085	-0.1733516616	-0.039765834300000004	0.0093804818	-0.1550478072	-0.0647111856	-0.0792650542	0.0536802225	0.012904832199999999	-0.012179568100000001	0.0207174501	-0.1627749568	0.0165529338	0.056773472	-0.09934363369999999	-0.092452935	-0.0079758535	0.1959653309	0.0573787154	0.0873848251	0.023640859700000003	-0.0576984697	0.0525989361	-0.1137961624	0.0013471322	0.0865763953	0.08836060150000001	0.0451713547	0.045921557599999996	-0.038147318900000005	0.0111690412	0.10546779710000001	0.0630915219	-0.0307310528	0.0773388424	0.09704830619999999	-0.0472749079	-0.0961458851	-0.1037523908	0.09588428660000001	0.0700951304	-0.0357064015	-0.112172109	0.0161197935	-0.0095643153	0.023204935299999997	-0.0195097557	0.013422698	0.0243281188	-0.1008970709	0.0615715991	0.1526665692	-0.1525373859	0.021266604900000003	-0.1420395871	-0.0262548575	-0.0152443097	0.10502836119999999	-0.0813707567	0.0170485248	0.1044628147	0.1060432695	-0.0738433498	-0.043259209800000004	0.1133764523	0.0110124266	-0.0193764378	0.0667727275	-0.1490077478	0.024386837400000003	0.0315253201	0.0284559806	-0.0411320274	0.1234302891	-0.011722786899999999	0.09970475699999999	-0.1193598388	-0.1402149859	0.08430029019999999	0.023990259	-0.1485423441	0.1307480525	0.0215402591	-0.002302236	0.1151358858	0.0575363758	-0.0023798195	0.0327197989	-0.13534418439999998	-0.0293635002	-0.0310135918	-0.0428118217	-0.0604323384	0.0426516789	0.1046771711	-0.0493343385	0.09183151810000001	-0.0024282936	0.0943347728	-0.0742036359	0.08567650449999999	0.151774292	-0.07204713530000001	-0.0037450103999999997	-0.0678217855	-0.0449286712	-0.0141777002	0.1309574434	-0.17769568579999998	-0.0455701296	-0.0139289594	0.0495654732	-0.0613464906	-0.0416201571	0.0129213131	-0.0092279198	0.0081496144	-0.0454646517	0.029565417099999998	0.031159356800000006	-0.043069116	-0.050809893099999996	0.030777283399999997	0.0335153594	0.0277954075	-0.0487984125	0.1083723505	-0.059494668099999995	-0.1395268536	0.0783665357	-0.1658259027	0.1414198951	0.1494314088	-0.0830177524	0.0908197336	0.0552022492	0.030079444700000006	0.07585894509999999	0.069053155	0.0348501441	0.0323667988	0.0103988149	0.0136249004	-0.1249201418	-0.012867593600000001	-0.0215102185	-0.1105376824	0.0729944067	-0.0008900264	-0.104242011	0.0026698196	0.07952439999999998	0.01426619999999998	0.00020352446243999942	0.006324130195359997	0.490372	0.24218700000000004	0.24046469838400006	0.05865454296900002	0.102401	0.004054800000000011	0.010485964801	1.6441403040000087e-05	0.00298411	0.00044026	1.9382886760000005e-07	8.904912492099999e-06	0.000573309	-9.861799999999997e-05	3.2868320948100004e-07	9.725509923999992e-09	0.00293884	0.00043447999999999973	8.636780545599997e-06	1.8877287039999969e-07	0.0	0.0	0.0
8257.247416880376	-34.13485816363027	1165.188541851156	68182134.90357766	10072.947377853918	-21.976588000441552	482.97042014115164	101464268.87701412	6263.911661053216	-6.999038666604066	48.9865422566188	39236589.29747847	6590.167159003113	9005.435028159858	1.07558	47.290588	0.21260735	0.17083299999999998	0.1456405166	-0.0365420341	-0.0455030787	0.0102081618	0.0741601149	-0.0114031257	-0.13410929789999998	0.056777954299999996	-0.0256897596	-0.0155047056	0.0041616483	0.039451989900000005	0.0017528126999999999	-0.0618422779	0.0062275998	-0.0127572214	0.0087719221	0.0204580953	-0.022311097000000002	0.1193547231	-0.015176761499999997	0.030882769100000002	-0.0569069859	0.021689188300000002	0.043171036600000004	0.0239171077	-0.0362431706	0.0658864706	0.11438516550000001	0.0258962285	-0.028385824100000002	0.0843544245	0.1402517338	-0.0741025231	-0.1518136635	-0.0331959443	-0.028297393100000002	0.006852168299999999	0.0179900601	-0.05695510440000001	-0.0211192475	0.0271997631	0.1285721576	0.0544362718	0.051577490700000006	0.042723603799999996	0.0637514656	-0.12253649609999999	-0.0627299063	0.0636235688	0.052607935	0.07730785650000001	-0.0752710789	-0.09340245380000001	0.06677806900000001	-0.17405784629999999	0.0828574304	0.0300424973	0.019758334199999998	0.0332558638	0.0183182792	0.13892829140000001	-0.01303352	-6.89788e-05	0.0333980575	0.11477826640000001	-0.0152550867	-0.1162386116	-0.043574514800000005	-0.024653758300000002	-0.0204631218	-0.09288905759999999	0.1810622495	-0.0372019071	-0.1147592695	-0.0032649071	-0.0628405128	-0.0527907537	-0.0612144317	0.2041027907	-0.1004455991	0.011119261299999999	0.042635949699999995	0.08995675550000001	0.0819841246	-0.1080391517	-0.016847179599999998	-0.0440796126	0.15119643119999998	-0.0200541197	0.0691412883	0.2100766903	-0.0567974739	0.1933723399	0.0915634576	-0.019808772199999998	-0.07259263120000001	-0.1014722557	0.0451065641	-0.0817674105	0.0061581331	0.010200895699999999	-0.0218609101	-0.045683676799999996	0.023083020699999998	0.0665478097	0.0903270636	0.0746246071	-0.0046279638	0.08576531650000001	0.052044473099999995	-0.062372439	0.0220649327	0.017267404	-0.0545450725	0.0321912956	0.0488344664	0.0155070884	0.0741074643	-0.0599567368	0.023753807999999998	0.057600207800000004	0.1181778924	-0.0432803396	-0.055121272699999994	-0.0328433012	-0.07528728230000001	0.052982506500000005	0.0831291623	0.0359266592	0.0749788355	0.1099020766	0.0037995813	0.0809661558	-0.1462382506	0.0879645177	0.0440784593	-0.0650441332	0.059823975700000004	0.0027967802	-0.0259765456	0.060589176900000014	-0.009950529100000001	-0.083023313	-0.0087602748	0.0413576461	-0.1708032414	-0.09093256960000001	0.0444901651	-0.10420252630000001	-0.09558301150000001	-0.0205823823	0.2493481773	-0.1376097996	-0.0732508142	-0.0634232096	-0.029253748700000002	-0.0507763172	0.1658643606	-0.10199619189999999	0.024122198100000002	-0.0424749204	-0.0072606246	-0.019876971599999998	-0.0500975009	-0.10345128699999999	-0.0368688273	-0.0350326515	0.0324116165	-0.1278451082	-0.0064060348	0.0347752057	-0.0863999395	0.0205783278	-0.1204794642	-0.0483558454	0.1149380342	0.0716542282	0.0299722846	-0.1235788983	0.0685628057	-0.034942300600000004	0.0392628641	0.034940895	0.0829665745	0.1020327807	-0.0692258929	-0.0107360512	-0.0023431745999999997	0.1140152625	-0.011417635800000001	-0.0385158369	0.07327442299999999	-0.0327912888	0.024363058700000002	-0.0026698196	-0.10412046949999999	0.0080024557	0.0833495	0.0038251000000000257	1.4631390010000196e-05	0.0069471391502500006	0.32163800000000003	-0.168734	0.10345100304400004	0.028471162755999996	0.108206	0.005804999999999991	0.011708538436000001	3.369802499999989e-05	0.00288675	-9.735999999999991e-05	9.47896959999998e-09	8.3333255625e-06	0.000719314	0.00014600499999999994	5.17412630596e-07	2.1317460024999978e-08	0.00338034	0.0004415000000000001	1.14266985156e-05	1.9492225000000004e-07	0.0	0.0	0.0
8228.387627079996	-28.85978980038089	832.8874673221692	67706362.94148315	10071.184705424996	-1.7626724289220874	3.107014091682091	101428761.37078635	6264.459573238668	0.5479121854514233	0.3002077629661549	39243453.744741604	6592.552351808691	8885.015448968907	1.039942	45.723656	0.18872555	0.167751	0.0458206757	0.0020858713	0.050392430300000006	-0.024522031099999998	-0.09672441970000001	-0.0009556275	-0.0174121628	-0.0658400655	0.006789828299999999	0.1172654213	0.069258504	-0.0861424773	-0.0649387973	0.0028394439	0.0274188558	-0.0184006045	0.012023888200000001	0.032284967799999995	0.0228560077	0.1309167525	0.0057454979	0.09426786029999999	-0.2252898398	0.0329735574	0.13481460779999999	-0.0058894368999999995	-0.08664306990000001	0.07153054589999999	-0.0683451016	0.0102915215	-0.0764789699	0.0619512479	0.10167860529999999	-0.17891160949999999	-0.0113728681	0.0721639955	-0.0429284149	0.084385974	0.0184010513	0.0487607241	-0.0322414682	0.0433495193	0.0056873673	-0.0451762987	-0.0538035175	-0.0141431599	0.0432210259	-0.0548246529	0.0367028397	-0.0640705184	0.0394260981	-0.0474656783	0.0657956075	-0.0529855196	0.0834773809	-0.0708020182	0.0228092817	0.0404253445	-0.0015154565	-0.0128066278	-0.0812657593	0.1133423749	-0.0904815342	-0.14011672949999998	-0.035606217999999995	0.0277944917	-0.0398044109	-0.042867103200000006	-0.14198011900000002	-0.2204452493	0.0059026725	-0.030814072400000007	0.1041438189	0.0241868685	0.0255839112	-0.0294528571	-0.0059923207	-0.0146284742	0.0520799384	0.0522901817	-0.1205308355	0.0214695317	-0.0915073337	0.0667658889	-0.096655113	-0.09830035640000001	-0.0281155581	0.0326617803	-0.08928719199999999	0.00618212	-0.004922685	0.0091267901	-0.038700828900000005	0.0882011146	0.088911978	-0.0663666638	-0.0005339521	0.0951036752	-0.10655023599999999	-0.024716435499999998	-0.0545832949	0.042234767699999995	0.0185496268	-0.0623543663	0.0418737784	-0.17736184149999998	0.1331279604	-0.012154438	-0.1087046007	0.09354175099999999	-0.1529543309	-0.0985510774	-0.0318380149	0.0433819962	-0.055700313200000004	-0.0424850564	-0.0428400337	-0.0122423046	-0.0769328563	0.0252288804	-0.0345529031	0.1017806491	0.0439839916	0.0307203718	0.0217522998	0.06005934280000001	0.0603616793	-0.0438743844	0.0039513735	0.0734676507	0.1106147106	0.0870165443	0.0332614201	0.078826852	0.0125928062	0.0822427335	0.030482432	-0.042544273	-0.025533945899999997	0.052664696	0.0665519069	-0.0329478367	0.0124963315	-0.1260803459	0.09217799189999999	-0.0092409167	-0.20478557890000001	-0.0192840988	0.0131815146	-0.082314157	-0.004833033	-0.0008745636	0.1260153696	-0.0098967428	0.1164306863	0.0571410729	-0.1333377602	0.0128566749	-0.0352087388	-0.10559964279999999	-0.032565918799999996	0.08826331789999999	0.0333383211	-0.0436420387	0.031249997400000007	0.027157914	0.0671821655	-0.0600260575	0.042383402300000005	-0.124978474	-0.1277213827	-0.0855091433	-0.10355191539999999	-0.0999822496	-0.040017466	0.0341349063	0.12825989710000002	0.0065683577	-0.054274860300000005	0.0212033009	-0.0461416196	-0.111563545	-0.06889928349999999	-0.0342501255	0.0905232676	-0.0644230489	0.045469898099999996	0.1139503382	-0.0246679187	-0.0765769394	-0.0833540496	-0.0640693279	-0.0055723375	0.1242696787	-0.0605051037	-0.0044488346	-0.1038775282	0.0133141006	0.0886447	0.0052952	2.803914304e-05	0.007857882838090002	0.15421600000000002	-0.16742200000000002	0.023782574656	0.028030126084000004	0.111486	0.0032799999999999913	0.012429128195999995	1.0758399999999944e-05	0.00289583	9.079999999999852e-06	8.244639999999731e-11	8.385831388899999e-06	0.000799751	8.043700000000004e-05	6.39601662001e-07	6.470110969000007e-09	0.00321529	-0.00016504999999999992	1.03380897841e-05	2.724150249999997e-08	0.0	0.0	0.0
8209.785314474027	-18.60231260596811	346.04603429016004	67400574.90975341	10063.083675902604	-8.1010295223914	65.62667932265704	101265653.06821749	6258.940512444309	-5.519060794358666	30.460032051826907	39174336.33831664	6589.506043168653	8864.665009344897	0.977547	42.980301	0.1531949	0.104873	-0.0394994165	0.022887797	0.0459595191	-0.1031577675	0.0640441903	0.0127231007	0.0168969297	0.0382475131	0.1031641774	0.0168448941	-0.0449402835	0.0323356122	-0.0157454294	-0.0140448831	0.09537514470000001	-0.013594746299999998	-0.0860688874	0.0824335761	0.0679609735	0.19366092510000002	-0.0947038174	0.0958682216	0.1168070996	-0.0994916567	0.0337842138	0.025754907599999998	-0.034073563	-0.0942930523	-0.0098652425	-0.0156607752	0.1485102419	-0.04678805849999999	0.1282398306	-0.0626622831	-0.0752786529	0.13892242529999999	-0.0445692085	-0.022848883700000003	0.014568246100000001	0.0195550094	0.025003801699999998	-0.0324435713	-0.0760448462	0.0647538287	0.0647731537	0.040275449	0.0102386755	0.0174479101	0.0675849855	0.070390395	0.0519138763	-0.0241117135	0.051565022599999996	-0.0632547539	-0.0120738989	0.0574081803	-0.11032332550000001	0.0360547045	-0.0435493188	0.050786810099999996	-0.10805441560000001	-0.0015180076	0.016262124	0.0545656871	0.0654901435	0.0070632423	-0.0732717907	0.09747002869999999	-0.10902172730000001	0.0483488775	-0.0142901055	0.0700459207	0.0770007943	0.0823015506	0.0448337817	0.0052916353	-0.1279060394	-0.08706603	-0.0776879909	0.0627840882	-0.0144232197	-0.12302228609999999	-0.0491228078	0.025865087400000004	0.0934600215	-0.2146942472	0.0044874353	-0.0844659966	0.0420152986	0.0650313591	-0.038088676099999996	0.07218455929999999	0.0640809708	0.0551585721	-0.0291244737	0.0062792652	-0.005254946	-0.134725696	0.0217757977	-0.1022390506	0.0519286209	0.07935056759999999	0.0957045795	-0.0827949457	0.031216345099999997	-0.0100340362	0.12563622730000001	-0.0727684627	-0.0421125542	-0.105318011	0.0709280437	-0.0399841696	-0.005638499	-0.0926735418	-0.0291380925	-0.1037178085	-0.0169051783	-0.0469414625	0.023050719	0.0157478355	-0.0350078227	-0.1863036075	-0.0170437221	0.05551582	0.025177648900000002	-0.10832834179999999	-0.0186528373	-0.044867413499999995	0.0396268794	0.0716417892	0.0470181988	0.0789891101	0.0105717288	-0.0753196032	0.1574833811	-0.064983145	0.018946514299999998	-0.0679602894	0.0423257701	-0.0317000088	0.0601556709	0.11083693380000001	-0.0211614491	0.0121149244	0.0741726141	-0.017265451299999998	-0.1161136436	-0.1494486284	0.0792504886	-0.025574907200000004	0.0380484292	0.034205952000000005	0.0218600215	-0.0884038513	-0.12045094349999999	-0.0688392576	-0.0630506955	0.0892494189	0.0713036118	-0.0434257946	0.0946818935	-0.0835683583	0.11366752460000001	-0.0847326383	0.0535296212	0.005905397	0.0232740456	0.0561976164	0.19942046789999998	0.0572737635	-0.023403472	0.0416642289	0.060677828499999996	0.1014908949	-0.0821353376	0.1209306546	0.0086237668	0.09605396320000001	-0.0819243762	0.0398436977	0.0594671878	0.0311417038	0.0743725376	-0.06645038660000001	0.049955922	-0.0050231461	0.046451474000000006	0.0064271513	-0.0806771257	0.0174221952	0.025678023900000003	0.0775263013	0.010078216999999999	0.060174325599999995	0.0762475173	-0.0062265527000000005	-0.1035134703	0.018590821599999998	0.0957995	0.007154799999999989	5.119116303999984e-05	0.00917754420025	0.0527774	-0.10143860000000003	0.00278545395076	0.010289789569960005	0.0946565	-0.016829499999999983	0.008959852992250002	0.00028323207024999946	0.00302335	0.00012752000000000032	1.626135040000008e-08	9.1406452225e-06	0.000835351	3.5600000000000005e-05	6.978112932010001e-07	1.26736e-09	0.00282297	-0.0003923199999999998	7.969159620900003e-06	1.5391498239999982e-07	0.0	0.0	0.0
8199.897596896988	-9.88771757703944	97.76695888329466	67238320.59959699	10049.144709633061	-13.938966269543016	194.294780663458	100985309.39514616	6258.920681493503	-0.01983095080595376	0.00039326660986815817	39174088.0972271	6586.772151198044	8911.842431201505	0.960474	42.229664	0.09142157999999996	0.0560749	-0.0899164859	0.0192594872	0.1043194897	0.0724489115	0.0333081057	0.0076705851	0.055919873700000004	-0.0761020082	0.0339727006	-0.1276121848	-0.012029221599999999	0.052216694800000005	-0.024682609700000004	0.0295492336	0.002245231	0.0797254766	-0.0107103878	0.0866788476	-0.0217121536	0.0194129101	-0.058120689	0.0038852826	0.1236987825	-0.0094739625	0.0389702383	-0.056637804000000014	-0.1378066501	-0.11221107710000001	-0.0564018784	0.0982933094	0.0083308743	-0.05575833349999999	0.0575816256	0.09046746289999999	-0.0987490937	0.0045966463	-0.0251319442	-0.0095847351	-0.0470054713	-0.0738704979	-0.1260787733	0.0616140191	-0.0205586773	-0.0779035361	0.0158947449	0.0020651901	-0.0288667966	0.0433671232	0.1295186009	-0.0082670581	-0.0093742081	0.1112564258	0.006110023199999999	-0.1370941722	-0.039984879	0.0314921312	-0.0322769154	0.08092546169999999	-0.0329627492	0.0656825627	0.025895035499999997	-0.13984551779999999	-0.0060595434999999994	-0.0359786411	0.14858743119999998	-0.0358558498	-0.0027320425	-0.013204326899999999	0.0220558523	0.0971448015	-0.024054815	-0.0728691353	0.1651767205	0.0364241187	0.026955495	0.1720847568	-0.0462054957	0.1558805338	0.011205399199999999	0.0037221967	-0.0774400176	-0.0914343627	0.0178773147	0.1509887276	-0.1070878556	-0.057597431500000004	-0.0522314533	0.0776681633	-0.0923607121	0.1170751709	-0.0492720445	-0.0025823722	-0.0401538514	-0.0845617805	0.0371096078	0.0202555235	0.0926256736	0.0709715432	-0.0375082766	0.014545316899999999	-0.07302243650000001	0.072336548	0.0662460875	-0.0797801502	-0.0194165015	0.1506973595	0.0334033382	0.053831211100000005	-0.0952325042	0.013433954599999999	0.08967718150000001	-0.0062486146	0.047404051399999994	0.028542743199999998	0.0940350732	-0.012722278	-0.0031724668	-0.1051705732	0.0525314425	0.0182556705	0.042088266900000004	0.0089477866	-0.0411962572	0.1209586917	0.0507405791	-0.046516687800000005	0.0530002703	0.0860189216	0.12490662640000001	0.0619599361	0.0233404575	0.0192928927	-0.0189982183	-0.1223228035	0.0188383339	-0.09033317029999999	-0.0739002193	-0.054696113899999996	0.09065333490000001	-0.0366744963	-0.010409709	0.1136012963	-0.036909953100000004	0.0196221201	-0.08112008700000001	0.0632718142	-0.097110439	0.0397209939	-0.10728642740000001	0.17716149050000002	-0.008685067900000001	-0.0224736162	-0.0210614522	-0.1618919743	0.1274595509	-0.0984200805	-0.0985789623	0.0041395692	-0.025072942400000003	-0.1261301071	0.1106089692	0.0717083221	0.032505594900000004	0.0851098077	0.0371979184	0.094983653	0.0171598941	0.008580371600000001	9.8136e-05	-0.0129354424	-0.0181643971	-0.0492019514	0.1454523208	-0.0766978302	-0.09451773769999999	-0.14848541769999998	-0.0558294379	0.0561377574	-0.0050580509000000004	-0.0196360185	-0.025331374	0.0326656164	-0.0722148863	0.0914492153	-0.0500355961	-0.0506203617	-0.0761755876	0.0700275112	0.048803737300000004	0.0058606316	0.0854795899	0.029490816	0.022917838500000003	-0.0363552558	-0.010805105800000001	-0.0080024557	-0.10302872029999999	0.0238187774	0.101961	0.0061615	3.796408225e-05	0.010396045521	-0.00103028	-0.05380768	1.0614768784e-06	0.0028952664269824005	0.0845666	-0.0100899	0.007151509835560002	0.00010180608200999998	0.00319741	0.00017405999999999975	3.029688359999991e-08	1.02234307081e-05	0.000967101	0.00013175000000000006	9.35284344201e-07	1.7358062500000007e-08	0.00294441	0.00012144	8.669550248100001e-06	1.47476736e-08	0.0	0.0	0.0
8188.0353579820085	-11.862238914979569	140.7127120760557	67043923.02356356	10057.172472938108	8.027763305046392	64.44498368184937	101146718.150424	6252.943108150959	-5.977573342544018	35.731383065492885	39099297.51377258	6582.180893992354	8730.857782072355	0.973559	42.804947	0.06755227000000004	0.0407545	-0.1279181887	0.0771932602	0.0680458387	-0.0632958325	-0.0806604186	0.029613506	0.1177016445	-0.060495423300000004	0.0246610865	0.0560796585	0.0238627146	0.0867248381	-0.0900299041	0.060257324	-0.0592164415	0.0356165798	-0.027745743	-0.0173271678	0.0812297144	-0.1780294375	0.0217866886	-0.0131091082	0.028752355	0.0337079574	0.058490931600000004	-0.0764440395	-0.15138389859999998	-0.0532094704	-0.0815112317	0.0054997443000000005	-0.2052522671	0.06521623809999999	-0.0107804705	-0.039323102400000004	-0.0479911097	0.058118222000000004	-0.045411084500000004	-0.08681047550000001	0.005168649799999999	-0.054312437400000003	0.0004892826	0.0067806685999999994	0.0552987775	0.0990388447	0.0566188917	-0.012959248500000001	0.0242948835	0.084554849	0.10446957679999999	-0.0177699704	0.057253590800000004	-0.1217632504	-0.0584424562	-0.10153730820000001	-0.0045343766	0.0103829735	-0.0386381271	0.09451923029999999	-0.055837748300000004	0.012125528600000001	0.1336766056	0.0135722239	0.1126107882	0.08743920960000001	-0.0118949656	-0.0007024799000000001	-0.012208711399999999	-0.0240232004	0.058834341	-0.027472712000000003	0.0012983054	0.06990279	0.04340583889999999	0.013099606299999999	0.04678505980000002	-0.038745179399999996	0.0761686157	0.0077015901	0.09752920400000001	0.0459948677	0.0642300442	0.0245139571	0.0553264508	0.1680121815	-0.10062197939999999	-0.0647772891	-0.0227737395	0.1045072098	-0.0353363819	-0.0851741151	0.1161594514	0.0683103829	0.0173149093	-0.0151420568	-0.012756515800000002	0.022889132000000003	-0.028028035099999998	-0.025046343199999998	0.009854035300000001	-0.0051396612	0.0252665569	0.0696535291	-0.12187266109999999	0.015871478	0.024034210299999997	0.029689291800000007	0.0518240496	-0.0746126899	-0.10314972689999999	-0.0707207337	-0.09292613029999999	-0.1047182077	0.20237356550000002	-0.0597403036	-0.1827385041	0.0378567076	-0.07797791429999999	0.0194855901	-0.0056967766	0.0213319425	0.048769815999999994	-0.0321859958	-0.08646148220000001	0.07942059230000001	0.0731030587	0.0257665071	0.014586126299999997	-0.1103870895	0.1351765359	0.0404506104	-0.0449591527	-0.0223414867	0.019847258700000002	-0.0193319843	-0.0781276107	-0.12474849310000001	0.050508923	0.0571525182	0.0753462484	-0.0617469675	-0.1058919153	0.0230270672	-0.0103337795	-0.023630157599999996	0.0460644045	-0.0260108173	0.0655088387	-0.00033525	-0.0212781787	0.0080417441	-0.0361003925	0.0150253855	-0.0723136328	0.0804378241	0.053635304800000005	-0.0478938899	-0.08739108539999997	-0.0718914391	0.069611737	-0.11555227369999999	-0.0790883698	0.0323753436	-0.0362278115	-0.0386700221	0.0056470491	-0.009654733399999999	0.1217410925	-0.0218376123	0.1078789723	0.048810184000000006	-0.0842286572	0.019739758899999998	-0.0627600242	-0.023066792200000002	0.0375742435	-0.13695224220000002	0.0040070989000000005	-0.0278185405	0.029538100699999997	-0.17708506359999998	-0.0821893977	0.0381136089	-0.0154651773	-0.0036338836	0.0425545622	-0.0134160342	-0.0875668211	-0.1415777441	-0.0795931602	-0.0542155967	-0.0493674109	-0.1239928058	-0.0341196633	0.21580565699999998	0.09212955869999999	-0.0097760258	-0.1024238435	0.0289842546	0.103026	0.0010649999999999963	1.1342249999999923e-06	0.010614356676000001	-0.0318605	-0.03083022	0.0010150914602499999	0.0009505024652484	0.110559	0.025992399999999985	0.012223292481	0.0006756048577599992	0.00327384	7.643000000000016e-05	5.841544900000026e-09	1.07180283456e-05	0.000893408	-7.3693e-05	7.981778544640002e-07	5.430658249e-09	0.00290124	-4.317000000000036e-05	8.4171935376e-06	1.8636489000000318e-09	0.0	0.0	0.0
8207.331095300218	19.295737318209827	372.3254786533555	67360283.70788188	10056.698306843704	-0.4741660944036994	0.224833485082058	101137180.83487302	6265.381118435772	12.438010284812664	154.70409984510556	39255000.55925149	6593.504423310673	8656.996732456262	0.939547	41.309559	0.03929785	0.0218233	-0.1069305909	0.1076184108	0.0325380828	-0.088175844	0.0372474436	0.024243613100000002	0.0815365886	0.0060867385	0.083688383	-0.050194874900000006	-0.0457220833	-0.0016218002	-0.14042821560000002	0.0856763684	-0.0671032079	0.0661612967	-0.0693501712	0.0760167415	-0.0224286805	-0.0368049587	0.0513512472	-0.0934083754	0.0362552123	0.011172309699999999	-0.0383678781	-0.0260503129	-0.08720988449999999	-0.0598135637	-0.0691637363	0.0079241225	0.10051938789999999	0.1332025187	0.0266209657	0.0075500935	0.0145607371	-0.0926181467	0.01473144	-0.1562276314	0.13793129269999999	-0.06615632490000001	0.0170509203	0.0268887294	-0.0137775932	0.17439063870000002	-0.025739717000000002	-0.0789673099	0.09039068630000001	0.0780828023	0.044182320899999995	0.10267206820000001	0.0028343820000000003	-0.0451117104	0.0007698916000000001	-0.0750439178	0.060462987300000014	0.0023744142	-0.08947831630000001	-0.0486571989	0.059704574800000014	-0.023318226600000002	-0.05981708700000001	0.1226100784	0.0286331079	-0.0568950804	0.13910294380000002	-0.0954701951	-0.0671367279	-0.0561050874	0.0244215525	-0.012001213200000001	0.0098258876	-0.0348091187	-0.0178776785	-0.0669162874	0.0209800399	-0.02890246	-0.015223787800000001	-0.00275001	-0.10173340480000001	0.0337855813	-0.0396068843	-0.0982288042	0.0465006649	-0.0035840867	0.0318881394	-0.0734179297	0.0069023811	0.0390649009	0.1300253902	0.0714839343	-0.0824608515	0.0259628722	-0.09056468960000001	-0.1203453194	-0.0492764167	-0.031409341	0.1134212174	0.0158489582	0.1330626543	-0.0324444551	-0.0831985516	-0.00041226089999999994	0.06382845990000001	-0.0906548683	-0.0522642878	0.039321626400000004	0.1050911781	-0.1114703588	0.0587826824	0.0338731898	-0.056066799800000004	-0.1230576603	0.14193493810000002	-0.1344625046	0.09300124369999999	0.0187789078	-0.103129859	-0.059352828600000004	0.0419721496	-0.0370416795	-0.0325178479	0.0565939396	-0.0784569333	0.0379577566	-0.0041137394	-0.1187059733	0.0155849228	-0.06790312059999999	0.0595923351	0.0200137465	-0.0632604987	-0.047112443	0.050461010099999995	-0.0245851632	0.10785929359999999	0.1685441873	-0.023477274700000002	0.0355532314	0.0399732587	0.0399078956	-0.1268879581	0.0549995521	-0.1151252197	-0.08018764980000001	-0.08370738009999999	0.0164251073	-0.044712850400000004	-0.0084732461	0.0010074896	-0.0169821394	-0.050091928200000004	0.05429587599999999	-0.008307583299999999	-0.0003124887	-0.0564928936	0.0214854064	-0.0344026304	0.1075008658	0.044273552	0.0168806052	0.0444682724	-0.0322649062	0.0810288858	-0.0125195801	-0.0746925823	0.0045954019	0.1141389853	0.027086791699999998	0.0888827288	0.0928665322	0.030301025699999998	-0.0035320722	0.11645410810000001	-0.0855345686	0.0680143567	-0.1460591567	-0.016995728600000003	0.11793407550000001	-0.0435041452	0.0080683419	-0.042084537000000005	-0.0033939994	0.0547601734	0.0533020033	0.16880500620000002	-0.0419153247	-0.047754365099999994	0.09562834939999999	0.0400045994	0.1123046847	-0.09638149720000001	0.1001789095	0.026498778599999998	0.16609041189999998	0.07117922110000001	-0.011546746200000001	-0.101699545	0.0340737038	0.10417	0.0011440000000000061	1.3087360000000142e-06	0.010851388899999998	-0.0155874	0.0162731	0.00024296703876	0.00026481378360999994	0.0975997	-0.012959299999999993	0.00952570144009	0.00016794345648999981	0.00328426	1.0419999999999699e-05	1.0857639999999376e-10	1.0786363747599996e-05	0.0008458489999999998	-4.75590000000003e-05	7.154605308009995e-07	2.261858481000028e-09	0.00302169	0.00012045000000000024	9.1306104561e-06	1.450820250000006e-08	0.0	0.0	0.0
8231.963361925866	24.632266625647393	606.7485591169823	67765220.79208979	10050.11858166518	-6.579725178524313	43.292783424906816	101004883.50553171	6266.320281281931	0.9391628461589788	0.8820268516054339	39266769.86760525	6592.503892593375	8726.217810832091	1.050475	46.186768	0.17515160000000002	0.120984	-0.00022467049999999998	0.05987755650000001	0.08301690099999999	0.035703534599999996	0.0995340443	0.0042716102	-0.0307486758	-0.053832416900000006	-0.011961448400000001	-0.1459169356	-0.0115128818	0.0476562383	-0.07799757389999999	-0.0367816426	-0.059948413	-0.0850887106	0.06534415889999999	-0.031834287999999995	-0.0684396989	-0.0664681439	0.103367435	0.1062190623	-0.088927571	0.0589260966	-0.0558417728	-0.06974317719999999	-0.0253490973	0.0555339882	-0.0709299434	0.035791379	-0.0198638839	-0.055802259699999995	0.030779087000000007	-0.1162360541	0.0209055307	-0.009716905999999999	-0.0129564744	-0.073300381	0.0338562249	0.028740328500000002	0.0685843776	0.0279090761	-0.0783509993	-0.09491072369999999	-0.0445334448	0.0458496121	0.0137872999	-0.0139760073	0.034145119700000004	-0.0086666863	-0.0117091193	0.09721109800000001	-0.0315518529	-0.044036041399999996	0.17291393440000002	-0.1045807808	-0.0179746273	-0.0483716981	-0.0277825401	-0.0075675889	0.068414716	0.0642766936	0.047190158600000004	-0.0074177296	-0.0759155608	0.0205193259	0.0125427788	0.0061630379	0.0642849167	-0.0110531255	-0.1167040942	-0.018321683999999998	-0.0361758451	-0.0405038944	-0.0760635921	-0.061274398499999994	0.027845150899999997	-0.0424425368	-0.0049810672	-0.1191335486	0.0392161533	-0.0723136522	0.046517555599999996	-0.0536672983	0.0237852144	-0.0551203015	-0.0419874983	-0.0301348342	-0.1243511219	-0.0600527434	0.028892332799999997	0.0470253384	0.015283986000000001	-0.0274729034	0.021251079300000003	-0.0754639966	-0.0410879683	0.0628580514	-0.057086644299999996	-0.0099098494	-0.06525620230000001	0.0117741241	0.0617230613	-0.028155173999999998	-0.1185782932	0.131014949	-0.0883029734	-0.039698893799999996	-0.0544290993	0.1190233717	-0.0330997789	-0.0753116928	-0.07558875309999999	-0.0565631609	-0.11610851380000001	-0.0038847758000000003	-0.084062151	-0.0336994713	-0.0097740242	0.0126269746	0.1135570751	-0.0731642962	0.0187979564	0.0438255369	-0.0092272	-0.0230420415	-0.0135551689	0.0918039189	0.056817134400000004	0.059659021	-0.0945598748	0.057857844400000004	0.0751019131	0.147298719	-0.08805176	0.1086202571	0.1037852855	0.0581409384	-0.0234042171	0.0367495087	-0.0409236141	-0.010756087099999999	0.0016046391	-0.0890645414	0.014433989599999999	0.0397926948	0.0947840302	0.0758282555	0.0386042837	-0.0267119195	9.28655e-05	0.060703028099999994	-0.0170863791	-0.0446986845	-0.1104224308	-0.0211359408	0.0476763444	-0.0281340717	0.022352744700000003	0.010638253899999998	-0.042815100099999996	0.1542487701	-0.0817419561	-0.0743555882	-0.0018698963000000001	0.16881366399999995	0.0319860002	0.0271630971	0.0043828356	0.0030870478	-0.0377464249	0.11492496279999999	-0.0215989506	-0.06459465190000001	-0.06573864730000001	0.0177252957	-0.0676536248	-0.0626278487	-0.048000649699999995	0.0141918504	-0.04699993400000002	-0.0087643809	0.1167247891	-0.027603112200000002	-0.0073139732	-0.050017565199999996	-0.16152713859999998	-0.0217843971	0.0290438881	0.0254350074	0.1041108372	0.07704157589999999	-0.022115077599999998	0.12125122880000001	-0.0143071551	-0.0133141006	-0.1008566694	0.039073774900000004	0.10199	-0.0021800000000000014	4.752400000000006e-06	0.0104019601	0.100852	0.1164394	0.010171125904	0.01355813387236	0.08647739999999997	-0.01112230000000003	0.007478340710759993	0.00012370555729000063	0.00264826	-0.0006359999999999997	4.044959999999998e-07	7.0132810275999985e-06	0.0008356509999999998	-1.0198e-05	6.983125938009997e-07	1.0399920400000001e-10	0.00328369	0.0002620000000000001	1.07826200161e-05	6.864400000000004e-08	0.0	0.0	0.0
8240.62444713833	8.661085212464968	75.01439705757934	67907891.27877392	10089.072438254705	38.95385658952546	1517.4029431973156	101789382.66435072	6270.299293740558	3.97901245862704	15.832540145909196	39316653.23308334	6598.150088863094	8781.983975648394	0.932649	41.006256	0.05556354999999999	0.0307186	0.023326432299999998	0.0354034877	0.04959609	-0.005160287899999999	-0.0781743396	-0.0095475942	-0.0231507608	-0.063006054	0.0189027356	0.07314105629999999	0.0371492522	-0.0970289216	-0.0985715275	-0.13712816630000002	-0.1543858152	-0.0507209108	-0.0821558086	0.06269064120000001	-0.1354235258	0.059008115	0.0641780044	0.0248318262	0.0015667093	-0.0516482972	-0.0707897034	0.0840830392	0.0287416354	0.1246907504	-0.1040104283	-0.1258493668	-0.0005033504	0.0327252621	0.043646845499999996	-0.0789619691	0.056643954	-0.0283630431	0.0193340649	-0.0338704794	-0.1472893009	-0.0846132789	-0.0381553549	-0.0948432053	-0.0336483906	-0.1058096092	0.042529222900000004	-0.1052230417	-0.08984778460000001	-0.0275753933	0.023156399900000003	-0.0537408806	-0.0221692962	-0.06334446120000001	0.072162165	0.011452223999999999	0.0602998478	-0.037653535099999996	0.018824468	-0.052798383600000005	-0.1216191389	-0.0887887626	-0.0690575906	0.0006454583	0.0353444489	-0.0970681357	-0.0557943034	0.023008930499999997	0.0082481608	-0.005262752900000001	0.0167695086	0.006825348100000001	-0.1438509527	0.0179725299	0.05108351269999999	0.0099703098	-0.0396002626	-0.0647006262	-0.0017517997	-0.09630365980000001	-0.19234717629999998	-0.0210804547	-0.0105962524	-0.1887407598	-0.0137066253	0.0290777358	0.11841975589999999	0.0800522162	0.050926474900000004	-0.0328613123	-0.1113627618	-0.027049164599999998	0.0541459439	-0.0695052001	-0.0363118199	-0.0380818111	-0.0250920561	-0.0851603006	0.0047853492	0.1806703424	-0.020111092	0.0558203145	-0.0127695148	0.1104191038	-0.0723963552	0.0157979943	0.0043015944	0.0486377963	-0.0189252246	-0.1104320333	-0.1463061678	0.060722387999999995	0.038699403	0.021301679599999998	-0.0023812798000000003	0.0748941435	0.0468610135	0.1062621112	0.0246484178	-0.0463379487	0.11388832119999999	-0.084440796	0.0764092052	0.0596227878	0.026620487400000004	0.038982452	-0.0068813880000000004	0.0482150726	0.0853592307	-0.0384554678	-0.0198687406	0.0528722243	0.0282150224	0.0570186937	0.0399824649	0.2059042339	0.0811253274	0.0127355777	0.053355737800000004	0.0554715926	0.0197961993	-0.010993312600000001	0.0246714938	-0.1201184659	-0.026428854300000002	-0.0573542918	0.0318910432	-0.0592495634	-0.0071518397	0.10518953119999999	0.0796875618	0.0156265438	0.08642509359999999	0.0500522846	0.005709801600000001	-0.0810775558	-0.16940477559999995	0.034652087000000005	-0.0202292821	0.024833465099999997	-0.015155061599999999	0.0036183153	0.0037639032	0.0228946114	-0.140090192	1.7435e-06	0.0721907474	0.0298922954	-0.00516629	0.1152229899	-0.0549616659	0.049253031100000004	0.0561207149	-0.0256808838	0.0955817485	-0.17633817289999998	-0.0344465871	-0.0228727848	-0.025766136800000002	-0.0126632701	-0.1222125484	-0.0053283136	-0.0564194118	-0.048091103200000006	-0.015233476499999999	0.0472073384	0.016273761499999997	-0.11217771779999999	-0.0285570724	-0.0508779691	-0.0036836011	-0.0727205222	0.0681742632	0.119793656	-0.06872779400000001	-0.08781028630000001	-0.0490226518	-0.015077573799999999	-0.09989619949999999	0.0439713523	0.102847	0.0008570000000000105	7.344490000000181e-07	0.010577505409	0.12021200000000005	0.019360000000000058	0.014450924944000012	0.00037480960000000236	0.0754258	-0.011051599999999969	0.00568905130564	0.00012213786255999928	0.00223206	-0.0004161999999999998	1.7322243999999984e-07	4.9820918436e-06	0.0008474999999999997	1.1848999999999976e-05	7.182562499999996e-07	1.4039880099999938e-10	0.00334154	5.7849999999999915e-05	1.11658895716e-05	3.3466224999999902e-09	0.0	0.0	0.0
8224.749413053867	-15.87503408446355	252.01670718287946	67646502.90752994	10072.477710424793	-16.59472782991179	275.38499174884885	101454807.22700427	6265.504244752319	-4.795048988238705	22.992494799609023	39256543.44100933	6593.592554984722	8835.583973184219	0.915761	40.263741	0.07469145	0.0507628	0.036623485	0.0385619285	0.026254035499999998	-0.0954168623	0.043462738499999994	0.013755623600000001	-0.0310116302	0.0048173897	0.0497326405	0.031142828900000002	-0.0638318527	0.028151388599999997	-0.11229981650000001	-0.1312887144	-0.0383977648	-0.1298762471	0.013062910300000001	-0.0189119736	-0.0867572248	-0.0688902258	-0.10039667949999999	-0.008865978	-0.0673472529	0.0222406255	0.0148185143	0.09381899960000001	0.0184931164	0.0022871494	-0.0694954228	0.0342876127	0.08728260210000001	0.0081038646	0.0233180744	-0.0772045209	0.056785062699999986	-0.0299671671	-0.09865710130000001	-0.030444142	-0.049854267300000005	0.09271360769999999	0.0700686534	-0.07842957519999999	-0.1028153289	0.0272027635	0.1359023808	0.10116632310000001	0.17863775329999998	-0.055223764	0.0092373316	0.0394309398	0.0494089129	0.0041327809999999994	0.0023508393	0.07079740080000001	0.08892075210000001	0.0277189873	-0.1381468303	-0.1131574483	-0.05745720360000001	-0.0554724292	-0.0681546444	-0.061946042800000004	-0.009146294899999999	-0.17313068339999999	-0.0070379915	0.0534917778	-0.0329819888	0.12009368179999999	0.1077161907	0.0575241584	-0.0332039239	0.1237741986	0.014313941200000001	0.1066900145	0.0140790413	-0.1257985013	0.056205075099999995	-0.0940643895	-0.025391569	-0.11650348699999999	-0.16967228510000001	0.0725521264	0.14811118439999998	0.0038344297999999997	0.17350288530000002	0.055396854	-0.005979949399999999	0.045247092999999995	-0.0784418669	0.0628534511	-0.0026005219	-0.0661363956	-0.041159639500000005	-0.054429262699999995	0.0506388508	-0.0170820598	-0.0258278282	-0.023745521000000002	-0.024216816699999998	-0.0129978681	0.1311088259	0.028545402999999997	-0.011909354399999999	-0.0127077035	-0.0381264902	0.0471925663	0.1208119908	-0.1579276724	0.0022444367	0.1375001928	0.0813046372	0.0553436319	-0.09504546859999999	-0.0337333029	0.0117208801	0.0335413794	0.0489536453	0.0299289905	-0.0820940741	-0.09151616119999999	-0.1003481415	0.1528605325	0.0469228671	0.021305826400000002	-0.0099860725	-0.0601800049	-0.0210005409	-0.0211691154	0.0251691298	0.0309284067	-0.1129251359	0.1204445591	0.0366582673	0.124351528	0.19377668309999999	-0.0294439102	-0.026347037400000002	0.0427142467	-0.0614651335	0.1354836757	0.0286167358	-0.1309312901	-0.0086248621	0.0076536017	0.0397916528	-0.0814073932	0.055903394800000006	0.0248891941	0.0374673696	-0.0288103429	0.08476344470000001	-0.116159409	-0.0201993115	-0.0018816051999999998	-0.0872665591	-0.049462249400000005	-0.0807602738	-0.0001166301	-0.046760305	0.06504407150000001	-0.0508280558	0.1589113677	0.07004720639999999	0.023044755400000002	-0.0655897742	-0.0365166821	-0.047426438700000004	-0.1249421003	-0.0371537174	0.014215261399999997	-0.0207811006	0.1063897164	0.10670218640000001	-0.1262260948	-0.0048015279	0.11014009289999999	-0.0514256881	-0.043970637699999995	-0.0211608119	-0.08666082509999999	0.0218529308	0.07342641230000001	-0.0259680963	-0.0486747453	0.11071520060000001	0.0191757948	0.039972139500000003	0.0067713346	-0.170331393	0.010282571899999999	0.0923711535	0.19237529280000001	0.0775228716	-0.046446494299999995	-0.0311985141	-0.0168366517	-0.0988192551	0.0487535893	0.10396099999999997	0.001113999999999976	1.2409959999999468e-06	0.010807889520999996	0.168773	0.04856099999999995	0.028484325529	0.002358170720999995	0.0790113	0.0035855000000000045	0.006242785527690001	1.2855810250000038e-05	0.00238657	0.00015451000000000004	2.3873340100000022e-08	5.695716364900001e-06	0.0007716410000000001	-7.585899999999963e-05	5.954298328810002e-07	5.7545878809999445e-09	0.00353979	0.00019825000000000008	1.25301132441e-05	3.930306250000003e-08	0.0	0.0	0.0
8219.423034576579	-5.326378477288016	28.370307683317016	67558915.02132806	10084.156269157696	11.678558732903184	136.38873407786923	101690207.66079248	6269.855280752152	4.351035999832675	18.931514271839927	39311085.24157564	6598.923858126571	8708.716002280094	1.036065	45.553196	0.17437969999999994	0.0985676	-0.0491866966	0.07850873679999999	0.013245876	0.08538961460000001	0.0692241713	-0.0273900708	0.019570918200000002	-0.0183759327	-0.1173271122	-0.0492774555	-0.0905106075	0.0022364897	-0.004309976599999999	-0.0616549431	-0.0736779644	-0.0873806215	0.0486897729	-0.0274447281	0.0044451213	-0.1353352175	-0.0706044077	0.1287680204	-0.044386599400000004	-0.099856579	0.051648329800000004	-0.0119985134	-0.0252523885	-0.0188875189	0.0101597153	0.051432289400000004	-0.0443130829	0.007946081800000001	0.0267289275	0.0062123179	0.041029579	-0.0744586358	-0.0031833701	-0.0481544465	-0.115043226	0.08452128710000001	0.1252060338	-0.0009590516	-0.1268020202	-0.07584586019999999	0.0944711267	-0.11037747710000001	0.054146571500000004	0.0507728182	-0.0159454698	-0.010837575	0.029424389199999998	0.1333273724	-0.0854041983	-0.0231549994	0.1130872631	-0.058400969299999994	0.113442446	-0.062064915	-0.0198313408	-0.0071974615	-0.0726827266	-0.12340937589999999	0.0253780179	0.061027431500000014	-0.07617990820000001	0.043487034699999996	-0.111644378	0.06765142860000001	-0.068172169	0.003169359	-0.059412833	-0.0141732926	-0.1104637366	0.15750095050000001	-0.0416911815	0.036424369	0.0798318246	-0.0413969276	-0.014605518	0.056850275199999994	0.0078942476	0.0590811831	-0.0616584226	-0.0163196928	0.1833182005	0.05989633940000001	0.1240297777	-0.055359507599999996	0.0297231271	-0.0388958071	-0.0461074788	-0.11490778630000001	0.0011877158	0.020116328200000002	-0.0086657825	0.054213973	-0.0255328127	0.121654006	-0.11994754449999999	0.0961797524	0.0919041486	0.0279935453	0.014438579299999999	-0.0353108927	0.0923029849	0.017173556399999998	0.0155822494	0.0187240579	0.09811026380000001	-0.0683028858	0.0340271631	-0.16409874730000001	0.0108857604	0.04227696	-0.0173119356	-0.0683137219	-0.0654289673	0.0757831307	-0.1803604636	-0.1099433658	0.1407443441	-0.038980171	-0.0468001803	-0.0018516299	0.0031735818	0.0373750738	-0.0977301866	0.12284306960000001	0.0033249035	0.0424949243	-0.0447114854	0.0232809185	0.0705526439	0.1297429956	-0.06259697480000001	0.0534793127	-0.036005704	-0.0047126788	0.0059568361	-0.0411099252	0.09403330289999999	0.024003054399999998	0.034556742599999996	-0.0139119195	0.09271616140000001	-0.14401755800000002	0.0658789453	0.04293554980000002	0.0111165236	0.05533619730000002	0.2403554218	-0.0758031958	0.06923532019999999	-0.040772759	-0.0275163624	0.0318560931	0.1069353539	-0.008216628	-0.0325167001	0.035365679500000004	-0.07355457929999999	-0.1367158983	-0.0223036392	0.0775902415	-0.0728287612	-0.079811979	0.04654497	-0.0023109014000000003	-0.0289980544	-0.0530126233	0.058431199	0.0229733411	0.1060461171	0.0224362355	-0.079942248	0.040954993700000004	0.0180891743	-0.0244042069	-0.07080708940000001	-0.0655701758	0.001215486	0.1380547026	0.0070030271	-0.0267104139	-0.09839972550000001	-0.0071514846	-0.0368676452	0.1158143178	-0.13313817990000001	-0.07122834360000001	-0.1179881033	-0.10899205710000001	0.0639512054	0.011637512	0.0252746941	-0.018590821599999998	-0.0976270918	0.053407941699999996	0.0944306	-0.00953039999999998	9.082852415999964e-05	0.008917138216360001	0.0825448	-0.08622819999999999	0.00681364400704	0.00743530247524	0.112606	0.033594699999999984	0.012680111236	0.0011286038680899991	0.00253769	0.0001511199999999998	2.2837254399999943e-08	6.4398705361e-06	0.0008830389999999999	0.00011139799999999976	7.797578755209997e-07	1.2409514403999943e-08	0.00290178	-0.00063801	8.420327168400001e-06	4.070567601000001e-07	0.0	0.0	0.0
8233.164052074344	13.741017497764915	188.81556187388162	67784990.30836923	10079.709914382216	-4.446354775480359	19.77007078943699	101600551.95809516	6269.280475566022	-0.5748051861301064	0.33040100200206635	39303877.68131332	6595.5894415535795	8622.341226858693	1.031258	45.341835	0.15923695	0.08807199999999997	0.026672071699999998	0.10945517130000001	-0.0080206547	0.11732194259999999	-0.0006597233	-0.0282491064	-0.0332144573	-0.0198818341	-0.0408789782	-0.0670383548	0.0737545832	-0.0886486676	-0.1323204566	0.0276847826	-0.10995036710000004	-0.0776837525	0.0712445798	-0.042315146399999996	0.0265292092	0.0396867367	-0.064782145	-0.0624414005	0.0192770668	-0.09741153599999999	-0.09314536820000001	0.0832259548	0.0316482228	0.1550712302	0.029013942200000007	-0.0150728525	-0.0001312651	-0.1859619146	0.0153648455	0.0521738701	0.0373919633	-0.0701316565	-0.0470493608	0.0070804310999999995	0.0282482225	0.0143639774	0.0178034536	-0.005704508299999999	-0.037112208	-0.0459454256	0.059750462000000004	-0.0723988942	0.0773222496	0.0135471926	-0.06313403320000001	-0.12827779720000002	-0.06837584440000001	0.0655606659	-0.0079339909	-0.0419980687	0.129455786	0.0058752933	-0.11386302539999996	-0.09462046630000001	0.0523102996	0.058991363399999996	0.0056607625	0.1069639492	0.0699697648	-0.0787220211	-0.0907542355	-0.1063597801	-0.04667045349999999	-0.029173727799999997	-0.0437702957	0.0175102717	0.012976224599999999	0.060415804299999994	-0.1545986225	0.09598657599999999	0.0377354202	0.0646091991	-0.1015115242	-0.1008785611	-0.0700494987	-0.0903482984	-0.0882265906	-0.08451410390000001	-0.0721930952	0.1422623686	-0.2362777993	0.1056221658	0.11769123779999999	-0.040916760499999996	0.0063678663	-0.0636036492	0.0332691298	0.1319773051	-0.0868557176	-0.0358042108	0.028163474900000002	0.0255263983	-0.0405932259	-0.0252149196	-0.074579112	0.043091994800000005	0.0929931461	-0.08458139070000001	0.11412732630000001	-0.0025252456	0.0347788875	0.0141411188	-0.1390808099	0.0290662541	0.0451793242	-0.021018042799999997	-0.107660509	-0.012721189499999999	0.12553028800000002	-0.0613653207	-0.0473940738	0.0541837445	0.0011774589	-0.0669457488	-0.0150707609	0.0410275339	0.059015761500000014	-0.0301339408	-0.0071421818	-0.0268441718	-0.056110870199999996	0.0773839323	0.1055839544	0.09826479279999999	0.0052067983	0.036911354199999996	-0.1306994053	0.00035126440000000003	0.0583878697	0.0246021694	0.0530848984	0.1353882468	0.08818333269999999	0.0156266466	0.008534844599999999	0.1270525125	0.0063728785999999996	0.0373762151	-0.0388296897	-0.0166309214	-0.0099626253	0.0432122068	0.0450406014	-0.10608087050000001	0.015125613500000001	-0.0186085432	0.2035114194	0.125665984	-0.06478404980000001	0.0540168464	0.0587991729	0.0039967358	-0.0421441089	-0.0217746294	-0.1304500545	-0.1423247178	-0.0666509468	0.0609050897	-0.1370652427	0.0082798492	0.0018972313	-0.003538732800000001	-0.1494581231	-0.0617342617	0.0096287766	-0.0509427095	-0.0230054432	-0.1151300826	0.0818931176	0.0687722978	0.061062119299999995	-0.0161680828	-0.0119090784	0.0636852351	-0.09994762550000001	-0.043230449299999994	0.1598157452	0.060798064299999996	0.066490631	-0.12578556289999998	-0.0767232039	0.1120987654	-0.0025967785	0.0024631565	0.052066950300000005	0.1167110658	-0.029051914900000007	-0.1269347208	-0.0695228899	0.0698913127	0.12167715650000001	-0.020339572099999998	-0.09632109970000001	0.057922200800000004	0.104049	0.0096184	9.251361856e-05	0.010826194401	0.162098	0.07955319999999999	0.026275761604	0.006328711630239997	0.0931495	-0.019456499999999998	0.00867682935025	0.00037855539225	0.00286772	0.0003300299999999998	1.0891980089999988e-07	8.223817998399999e-06	0.0006270119999999999	-0.0002560269999999999	3.931440481439999e-07	6.554982472899996e-08	0.0033279000000000004	0.0004261200000000003	1.1074918410000004e-05	1.8157825440000025e-07	0.0	0.0	0.0
8280.26666899829	47.102616923946705	2218.65652108407	68562816.10972404	10084.65529159427	4.9453772120541535	24.456755769504518	101700272.35028031	6264.207927437219	-5.072548128802738	25.730744519020142	39240300.9581673	6588.8577683952635	8801.450840305268	1.181997	51.969463	0.3188879000000001	0.258273	0.15654671039999998	0.030175098799999998	-0.043684918499999996	-0.032986300499999996	-0.1228603428	-0.0379108675	-0.1539735385	0.0524982892	0.0148069454	0.06717839519999999	0.1038278666	0.0187846087	-0.0267675059	-0.0316178493	-0.1324434863	-0.1243971539	0.0803294532	-0.1189740893	0.0193420706	0.11834672449999999	0.0059463878	-0.08753302060000001	0.0409839575	-0.010754136499999999	0.1614228976	-0.1277735757	0.026447676899999998	-0.1358580633	0.1111115095	0.0991138438	0.013071816100000001	0.0815382895	-0.1767875076	0.1008971631	0.041064671000000004	-0.0635723913	-0.030830457400000007	-0.011804108600000002	-0.034525222200000004	0.1092202819	-0.0756240133	-0.0051431582	-0.1323045594	0.09101113570000001	-0.0450421464	0.11437540269999999	0.086987773	-0.1357732681	-0.1242737868	-0.0212553383	-0.0382928652	-0.1558634718	-0.0040737984	0.0325819627	0.0050440013	-0.043498851399999997	0.09420640289999999	-0.0041802645	0.0229668633	-0.0735177078	-0.0185074347	-0.058452942699999996	0.18686239579999997	0.00045293419999999996	0.0547266666	0.009605623800000001	-0.051078148399999995	-0.1357576182	0.0973434246	0.108112189	0.0783911616	-0.0012513836	-0.0410205003	0.0868157592	0.0398016277	0.035731523599999995	-0.1252289019	0.0039941844	-0.0543823425	0.029838452	0.049902571900000005	-0.0449843904	0.1827090989	0.08438177990000001	0.0767111222	-0.0362931223	-0.021062358599999997	0.0217781083	0.0127897462	0.0468774617	0.0109895442	-0.0310818288	0.0811512967	0.0087339216	-0.046151812699999996	-0.057625066600000004	0.0418822225	0.1222386737	0.0722138623	-0.00032854879999999996	0.0847796873	-0.1148206221	0.1340052441	-0.11392570710000001	0.0244436183	0.0391900105	-0.0333108264	0.09305589449999999	-0.002344459	-0.0758902845	-0.1811956836	-0.035713009	0.0390719058	-0.0398223892	-0.0758744875	-0.0500655174	0.19556419	0.0783210879	-0.08718806189999999	0.017688161100000002	-0.10039012859999999	-0.0928683142	0.1271456541	-0.0842614152	-0.11445454460000001	0.0680191247	0.018434223200000002	-0.10983713310000001	-0.0078353524	-0.0279995006	-0.0133453035	-0.024427212	0.008343674	0.14915434800000002	-0.019386464699999998	-0.0573437098	-0.1251369374	0.0233792552	0.17134652920000001	-0.0589142955	-0.11994638199999999	0.0624828896	0.023734914500000003	-0.0255957156	-0.11726577449999999	-0.0040461546999999995	0.011141994799999999	-0.12582641349999998	-0.05633482	-0.0389218419	0.0733941162	0.059896406799999996	-0.0949976826	-0.012767416100000002	-0.09545719849999999	-0.10007365210000001	-0.1440900866	-0.08454081050000001	0.0057650352	0.1233852786	0.0851234532	-0.051872084699999994	-0.0050272333	-0.0063722846999999996	-0.0638633877	0.0204488186	0.0292647179	-0.000842163	0.0026646151	0.0174993341	0.0032734609	-0.0206019511	0.08506258679999999	0.0418907435	-0.07082218950000001	-0.062083435199999995	-0.0006245358	-0.0010469335	-0.0471321892	-0.0355619852	0.0599377237	-0.062045735199999986	-0.025360749900000003	0.0810564278	0.0714702109	0.1588720562	0.15000923830000001	-0.0153437865	0.162095709	-0.0333070875	0.0052338471	-0.1568879967	-0.059539198099999996	0.034202388	-0.0991182392	-0.022082393399999997	-0.09490280150000001	0.062284525300000004	0.105164	0.0011150000000000047	1.2432250000000109e-06	0.011059466896000002	0.417547	0.25544900000000004	0.174345497209	0.06525419160100003	0.08191959999999998	-0.011229900000000015	0.006710820864159997	0.00012611065401000034	0.00310523	0.00023751000000000024	5.641100010000012e-08	9.6424533529e-06	0.000806642	0.00017963000000000007	6.506713161640001e-07	3.2266936900000015e-08	0.00393264	0.0006047399999999999	1.5465657369600007e-05	3.6571046759999993e-07	0.0	0.0	0.0
8285.429123131808	5.162454133516802	26.65093268066473	68648335.75444071	10065.493985787512	-19.16130580675781	367.15564022009056	101314169.1779246	6266.813541624988	2.6056141877688788	6.789225295502473	39272951.96549433	6588.710662169166	8980.219964352847	1.0632620000000002	46.749001	0.1743786	0.151946	0.1291741385	-0.0789757542	-0.0315815484	-0.03793548	0.0707478684	-0.0009869848	-0.10568180210000001	0.0409380075	0.0048912462	-0.050335253600000004	-0.0273468868	0.0008495608999999999	0.0801826054	-0.0110310698	0.0088244515	-0.1375281983	-0.08307901549999999	-0.1058728238	0.042831005	0.1763864731	0.1284674578	0.0370642711	-0.0187187279	0.0885561649	-0.08690352	0.1004242385	-0.0790813741	-0.0837128851	-0.21668628410000002	-0.08339691839999999	-0.11360737609999999	-0.114416763	0.1827211484	-0.1360608996	-0.08820206359999999	-0.23187625039999998	-0.0428686387	-0.0489786351	-0.0841992836	-0.025337018500000003	-0.0881308356	0.0283042306	-0.13677072380000002	0.0829268589	-0.0576340235	0.0350001954	-0.0181005858	-0.0983173955	-0.0488624292	0.09010064150000001	0.0404960735	0.0753505944	-0.0671528442	0.049199325999999995	-0.0350935935	0.1003802511	0.08089260940000001	-0.1309497211	-0.2055309524	0.0362558931	-0.119194029	-0.044278556100000005	0.0880266102	0.1159298222	-0.0684567329	-0.0409589492	0.10086874650000001	-0.0323048825	-0.0376229272	-0.1445588683	-0.001317947	-0.0853438361	0.0783068331	0.0584117462	0.1100977968	0.011687626100000001	-0.102842821	-0.14669397550000002	0.0597825512	0.0672253198	0.151703039	-0.059607474699999996	-0.06216733400000001	-0.0044426605	0.0318726289	-0.0339456652	0.0414855244	0.17553724129999998	-0.0372119542	0.006335689300000001	0.1649487009	0.028648336899999998	0.0326145474	0.0008147714999999999	-0.019928996100000002	0.0016644317	0.056665965	-0.0359257779	0.0380758811	-0.0402593349	-0.06326908769999999	0.032825348399999996	0.0217105298	0.179986924	-0.0179161297	0.059298128	-0.0398986668	-0.052124173600000004	-0.013921409	-0.0417559453	-0.004137034699999999	0.06624926769999999	-0.1261840104	0.015540339399999999	0.0029044093	0.0349254742	-0.1101553851	-0.0098266155	0.020011034599999998	0.1582505987	-0.1776908118	0.1372240425	0.10878250769999999	-0.042507812	-0.0166030168	-0.0581211476	-0.07979467259999999	0.0679859875	-0.0001261332	-0.0738710051	-0.0090245477	-0.0326323743	0.0650099655	0.1209213593	0.10476539509999999	-0.079767239	0.1003149432	-0.12263723689999999	0.0964944815	-0.2326115826	0.0918741295	-0.0030746809999999997	0.0080012213	0.0005977576000000001	0.11663674310000001	0.0808967123	0.0421151875	0.006205426700000001	0.0543715302	-0.07597988480000001	-0.0048447981	0.12232086310000001	0.038127026	0.0280718941	0.027843914700000003	-0.0183546821	-0.0118339895	0.059776174400000014	-0.1410443701	-0.0277152106	0.0779090012	-0.07715562599999999	-0.0716418705	-0.1761505918	0.0779606095	0.069257796	0.0546805484	0.028067402999999998	-0.031866325200000004	-0.1114984363	-0.12124031880000001	0.1648181657	-0.059176623	-0.1401304327	0.1177354036	-0.00308684	-0.13295225630000002	0.0196226675	0.0887901477	0.1470399957	-0.0177178206	0.0994398787	-0.0801496487	0.0030674572999999997	-0.0507428988	0.1385739966	0.10513082550000001	-0.1511249979	-0.0570568484	0.0079780008	-0.0112063253	0.0227823033	0.0549703051	-0.0103631182	0.0633895768	-0.0238187774	-0.0933738509	0.06648347240000001	0.103255	-0.001909000000000008	3.6442810000000297e-06	0.010661595025	0.266702	-0.150845	0.071129956804	0.022754214024999997	0.07930620000000001	-0.0026133999999999736	0.006289473358440001	6.829859559999865e-06	0.00286772	-0.00023751000000000024	5.641100010000012e-08	8.223817998399999e-06	0.0008810860000000002	7.444400000000012e-05	7.763125393960002e-07	5.541909136000017e-09	0.00400091	6.826999999999962e-05	1.60072808281e-05	4.6607928999999476e-09	0.0	0.0	0.0
8275.120227612255	-10.308895519552607	106.2733268330518	68477614.7814375	10076.139552108887	10.645566321374645	113.32808230278609	101528588.27357309	6274.044301517078	7.230759892089736	52.28388861705358	39363631.89739891	6599.680150470649	9012.130276416028	1.326723	58.332703	0.3652537	0.25413600000000003	-0.06777025099999999	-0.1157297377	-0.0460628032	0.1050875589	-0.0381619796	-0.0017088138	0.06934272450000001	-0.0083737022	-0.1705724455	0.0351212247	-0.036127958700000004	-0.052068560599999994	0.09637825380000001	-0.0109437718	-0.0320821556	-0.0351786171	0.07784589459999999	0.0714708453	0.11869272460000001	0.1271801062	-0.1083471878	0.120639466	-0.002015451	0.22811559120000002	-0.114988381	0.0070523168000000015	0.1256234621	0.0501856612	0.0297288692	0.1099223924	-0.1119252131	0.0963911418	0.0694536499	0.1618803059	-0.1462686451	0.0961286672	0.0055118248	0.0781785078	0.0323548434	-0.0166545273	0.1256175344	0.0243235714	-0.0321054241	0.0345051294	0.09575934529999999	0.032892407900000004	0.0533455254	0.10072039619999999	-0.0154525298	-0.11137747769999999	-0.0152149651	0.057702185999999996	-0.0158891933	0.05642629690000001	-0.0114310349	0.007050107	-0.06026038860000001	-0.0339052735	-0.0244108496	0.0540176333	0.0061810675	0.0422540759	0.1248678108	0.1101401672	-0.0460652347	0.0365142771	-0.2144703143	0.0162437429	-0.1138412353	-0.1966658239	-0.0115665488	0.0408363696	0.046814171200000004	-0.0192205734	0.14419264939999998	0.0605209834	-0.07573760269999999	0.036708432400000005	0.10089216460000001	0.0709023061	-0.0849954405	-0.0750486098	0.20043051920000002	-0.060457135599999996	-0.0038981435	0.0154635288	0.0377703167	-0.0263080072	-0.0810404963	0.050766400700000006	-0.0311701506	0.0328034163	0.0347068517	0.0147548271	-0.075976201	0.10205198050000001	-0.1572243162	-0.1383443916	-0.0340139882	0.0383795634	0.0140256999	0.0729832418	-0.0383750225	-0.1813148181	-0.0528518703	-0.061681285999999995	-0.10450382150000001	-0.050532193200000006	0.012216085	0.0056387296	-0.0028590299	0.1012131106	-0.0920044645	0.030978795299999997	-0.011007468500000001	0.0661848339	0.0799041767	0.0438397076	0.0686910405	0.0080459583	-0.0571648293	-0.1299654244	-0.0902553239	-0.0338307152	0.0424134036	0.12879798039999998	-0.030733687599999997	0.0822117092	-0.08437278279999999	-0.0495815676	0.0280914202	-0.004406763	0.015318997800000001	-0.0307918291	0.0405804472	0.012552798300000001	0.143122189	-0.0605946149	0.048303667599999996	0.0024613654000000002	0.031381633	0.262709211	0.032021605099999996	-0.1647217439	0.12820904789999998	-0.0609418004	-0.1167829354	-0.1150022101	0.02026776	0.0205550985	0.021488031499999997	0.039709903399999996	-0.0119800524	0.12426234539999999	0.0349737246	-0.08526066689999999	-0.1234702213	0.0957183306	0.053261067999999995	0.0084987566	-0.1334937532	-0.0285507743	0.11212125519999999	-0.010543479299999998	0.0096136372	-0.11352791720000001	-0.1184535396	0.0111481028	-0.060966275599999994	0.0920147585	-0.0299820462	-0.0173846007	-0.0416501652	0.058741094199999996	0.026868642400000003	0.06494266530000001	-0.1242375933	-0.09584458650000001	-0.0460483206	-0.14829682689999998	-0.08061264280000001	-0.0129034496	0.09237072210000001	0.08761718060000001	-0.0781598798	0.0453467517	-0.031695484700000005	-0.0254037854	0.019668022	0.0268389292	0.17222111739999998	-0.0460854594	-0.001020142	-0.026447074900000003	-0.0803284971	-0.025548217999999998	-0.09173603050000001	0.070508028	0.0915481	-0.011706899999999992	0.0001370515076099998	0.008381054613610002	0.0239611	-0.2427409	0.0005741343132099999	0.05892314453281	0.113004	0.03369779999999998	0.012769904016	0.0011355417248399991	0.00291535	4.763000000000033e-05	2.268616900000031e-09	8.499265622500001e-06	0.0007233239999999999	-0.0001577620000000002	5.231976089759999e-07	2.4888848644000066e-08	0.00266414	-0.0013367699999999995	7.097641939600002e-06	1.7869540328999993e-06	0.0	0.0	0.0
8276.7549448324	1.6347172201458309	2.672300389841312	68504672.41680759	10074.762856390284	-1.3766957186035145	1.8952911016212464	101500846.61250132	6268.212029972355	-5.832271544722972	34.01539137138527	39290482.05269015	6594.871382973158	9060.73398826208	1.078018	47.397762	0.17810934999999992	0.101043	0.0240571042	-0.0931927465	-0.0079579426	0.0579640885	-0.07478951360000001	-0.0074826552000000005	-0.0069459929000000005	-0.0379687512	0.0304355865	0.035248152799999995	0.0254633667	-0.10198922029999999	0.14109671099999999	0.0578550546	-0.005546100000000001	-0.0599445405	0.0551948328	-0.080370937	-0.0195692554	0.0036683559	-0.017866144599999998	-0.022907252700000002	0.1333292922	-0.0110015303	-0.0368829534	-0.1131663159	0.0654483612	0.0084535093	0.07022216099999999	0.12247902699999999	-0.08908980470000001	0.0231988575	0.0083864725	-0.034821532	-0.1144249183	0.06157296440000001	-0.045065981100000006	-0.06970063929999999	0.1185989977	-0.0195376708	-0.0639825931	-0.04584347	0.0805636434	-0.0038257271	0.015011139599999999	-0.0513705932	-0.1223362048	0.0041502969	-0.0129361748	-0.0655991401	-0.0900452474	-0.0415907904	0.14852942449999998	0.0862740259	-0.0287363	-0.0298157245	0.025980917000000003	0.0576029166	-0.0052261860999999995	0.09399552779999999	-0.0158729198	-0.0753335816	0.1315767175	0.0885782001	0.0427658532	-0.033857454599999996	-0.0458978838	-0.0793364944	-0.1140677644	0.0951494532	-0.0215659509	-0.0195938446	-0.1054588758	0.1013097036	0.0672045433	-0.111664026	-0.0597944303	0.0542864866	0.0797937981	-0.0301328973	0.0943952383	-0.021389825499999997	0.055019815599999994	0.0186642114	-0.0382350356	0.1052662409	0.0409303126	0.010498429699999999	0.0904265027	0.10772431130000001	-0.0317527425	-0.1518343795	-0.0967679884	0.06580064599999999	-0.033952732799999996	-0.0036578534	-0.0114749794	-0.0479725102	-0.007641670600000002	-0.0308335007	0.0246174174	-0.057973312199999995	0.1118157251	-0.09912566519999999	-0.060286088200000004	-0.047874297	0.029734846699999998	0.062106424199999996	-0.1987661316	0.0531178125	-0.06919343809999999	-0.0609290776	0.0031006832	0.1036425369	0.0336514573	0.0024133502	-0.1425296008	-0.1492016292	0.07731487150000001	-0.0118005519	0.01352424	0.1436265416	0.0035265833000000008	0.0007335234	-0.0150357767	0.029272130299999997	0.1289321447	-0.0204716185	-0.142594003	-0.0281884913	-0.0184739638	-0.0175654584	-0.0436424419	-0.0169647253	-0.0534904476	-0.0755067327	0.025977865099999997	-0.05786557	0.1625826623	-0.0584310138	-4.01101e-05	0.1828349875	-0.030567738799999997	-0.014879376699999999	-0.1145072229	0.004823377199999999	0.0159111926	-0.012645393500000001	0.0375958818	-0.0782443264	0.1151638094	-0.0489522275	-0.1487464183	0.0371625918	0.0478191055	0.0118264027	-0.0623926463	-0.0133865352	-0.0560082328	0.023888186800000002	0.0139612921	-0.1924451652	0.0302706334	0.1725110696	-0.0007591564999999999	0.0665271638	-0.0256253246	-0.0395160207	0.048533703399999996	-0.014264184499999999	0.0276675252	0.035579392599999995	-0.0069225114	-0.0810880688	0.013508320400000001	0.0378343478	-0.0420937272	0.10802479050000001	0.0041494368	-0.0092049736	0.0221583548	-0.0639034077	0.0218158257	-0.1404172786	0.1185612809	-0.17612540699999998	-0.0953309257	0.0342075239	0.0363159886	0.0128760276	0.0361950405	-0.0141324725	-0.11875649199999999	-0.0247785114	-0.0774354513	-0.0272702111	-0.0899912501	0.0743476354	0.109976	0.0184279	0.0003395874984099999	0.012094720576	0.110969	0.08700790000000001	0.012314118961	0.007570374662410001	0.0810737	-0.031930299999999995	0.0065729448316900006	0.0010195440580899997	0.00300464	8.928999999999968e-05	7.972704099999943e-09	9.027861529599997e-06	0.000726269	2.9450000000000743e-06	5.274666603609999e-07	8.673025000000438e-12	0.00338677	0.0007226299999999997	1.14702110329e-05	5.221941168999996e-07	0.0	0.0	0.0
8289.198988761691	12.444043929290276	154.8542293141061	68710819.87528785	10065.230004191291	-9.53285219899226	90.87527104783156	101308855.03727262	6274.012645143651	5.8006151712961564	33.647136365471155	39363234.67142243	6598.0335617260025	9151.499270379916	0.937294	41.210472	0.0667405	0.0293948	0.0362313559	-0.135482517	-0.0167153889	-0.123859491	0.0231407627	0.021233450600000002	-0.0061795085999999996	0.0298523705	0.11752991460000001	0.0519640884	-0.0401008221	0.0025316992	0.0964411931	-0.0696782287	0.058287113200000004	-0.016245511299999998	0.051420353499999995	0.030123278599999997	0.0374578958	0.0695970654	0.0922188174	0.0524078496	-0.024104799700000002	-0.1318850692	0.082795687	0.0204069553	-0.052540591100000006	0.0046010321	0.0015549388000000001	0.1076661276	0.0529822765	-0.0684916762	-0.0239999756	-0.0840280441	-0.0387042822	0.0598620859	-0.019471483300000002	-0.1204981911	0.10023794550000001	0.0013142127	-0.009694689	0.08674931279999999	0.040481094700000005	-0.020174941499999998	0.0906167245	0.031600527999999996	-0.0755378965	-0.036829183	0.0157708855	0.1113666006	-0.016530178899999998	-0.036298478700000004	0.01618015	0.1444057238	0.011505833100000001	-0.0608380172	-0.0455896196	0.076455128	-0.0429255431	0.05770644730000001	-0.1742061797	-0.0136640905	0.042923242	-0.008397326	0.0623061009	-0.0069807402	0.0089941603	-0.0684161394	-0.0243592529	0.0567725079	-0.029906932	0.0341641112	-0.0952158805	0.0143836154	-0.008334108199999999	-0.0879809234	-0.006474165600000001	0.055257195999999995	0.1119705049	0.0120949226	0.0212124799	0.00046092459999999997	0.08565386929999999	-0.0383281664	0.0173486188	0.0102342836	0.059401863099999994	0.037592656	0.0962046132	0.057090423	-0.0075085528	0.07837598650000001	0.1059504931	-0.1286742501	0.0772549958	-0.0637288691	0.09459375769999999	-0.11027542929999999	0.0471442236	-0.045821899299999996	-0.08160386139999999	0.0172595533	0.0365319971	0.08491137300000001	0.0590074721	-0.0336157921	-0.0509350958	0.082835886	0.0406060833	-0.190252413	0.0319462114	0.039112089700000005	-0.13317720119999998	0.0021768828	-0.022631957999999997	0.0923372766	0.0456975983	-0.0075831129	-0.040132976699999996	-0.052017861299999996	0.0599679791	-0.0749598387	0.0323311068	0.0079390135	0.007566138000000002	-0.101138563	-0.010864543999999999	-0.0666393636	-0.09495759960000001	-0.0913376724	0.0082255743	0.1203870655	0.025763985299999997	-0.0265395256	0.0398157132	0.017096133700000002	-0.046140771500000004	-0.08935626390000001	0.0960321368	-0.033897106499999996	-0.0200810996	-0.0011820094	-0.0431703894	-0.0554545926	-0.0934501252	0.029367778599999998	0.0411029708	-0.0004835906	0.0151669353	-0.018606565	0.043321026500000005	-0.1343080676	-0.0697268197	0.0683463645	-0.0247286563	0.0323381109	-0.026142465400000002	-0.08980570140000001	0.1425401334	0.0394710321	0.0693858997	-0.0726207951	-0.0228273227	-0.045624671500000005	-0.0418619983	0.014362071200000001	0.0642833556	-0.0958027142	0.058276755199999995	-0.0058503292000000005	-0.045339039299999995	0.0732657792	0.062507107	0.0991474447	0.053036798899999994	0.0256443525	-0.011604986299999998	0.0105868685	0.0639452262	0.24712153050000002	-0.009942074399999999	0.0334530371	0.0262951825	-0.0352419009	-0.1093942522	-0.0481049392	-0.0152052939	-0.0001482541	-0.0304522446	0.0533355927	0.055019180300000005	-0.11157724849999999	-0.0531372126	-0.126678481	0.0038504539	-0.0289842546	-0.08814154390000001	0.0779922229	0.123601	0.013624999999999998	0.000185640625	0.015277207201	0.129788	0.018819	0.016844924944000004	0.00035415476100000013	0.07628430000000001	-0.004789399999999985	0.005819294426490002	2.293835235999986e-05	0.00277434	-0.00023029999999999972	5.3038089999999865e-08	7.6969624356e-06	0.000822311	9.604200000000008e-05	6.761953807210001e-07	9.224065764000013e-09	0.00365057	0.00026380000000000023	1.33266613249e-05	6.959044000000013e-08	0.0	0.0	0.0
8268.133408127405	-21.06558063428565	443.7586874595907	68362030.0545925	10040.481699386291	-24.74830480499986	612.4785907211793	100811272.75571103	6270.3178692570455	-3.6947758866053846	13.651368852240605	39316886.18152422	6596.056788706017	9266.407151865376	1.067898	46.952816	0.16190740000000006	0.106379	-0.0721656286	-0.15880708529999998	-0.006201145	0.0695993525	0.062257365700000004	0.027315637799999997	0.0519213486	-0.028369637799999996	-0.0746712781	-0.058127910199999994	-0.0409728052	0.0289341093	0.052605652999999995	-0.0687129849	0.19881456620000001	0.012928478600000001	0.084329653	-0.1552590302	-0.0098352	0.1300956792	0.1494773974	-0.0763020148	0.0124375776	-0.010536722	0.0278246892	-0.07204316150000001	-0.047569474	0.0408116556	-0.0103102915	-0.0061636028	0.0352121971	0.011999071399999998	-0.0648392193	-0.0867526338	0.17889985379999998	-0.0398678494	0.0079686406	0.0105377771	-0.0382315744	-0.0184552225	-0.050653555499999996	-0.052395734699999995	0.0598699782	-0.0100483451	-0.0482249258	0.07462083	-0.1290339727	0.059397644299999997	0.043893567800000005	0.0132454427	0.0060032429000000005	0.1442724257	-0.1116687984	0.0253520471	0.07713383830000001	0.0186623541	0.0045633444	0.12736654890000002	-0.0355036803	-0.1490034794	-0.07245515200000001	-0.1031355723	0.056646487999999995	-0.0319785456	0.0065583662	0.0925061766	0.0053838311	-0.1790175971	-0.0014276154	-0.008780673499999999	-0.0261992398	-0.1376455815	-0.041501889199999996	0.0922506877	-0.0264695561	0.0415721279	0.0029069854999999997	0.07220787599999999	0.012571286299999998	-0.1432683871	0.09793544900000001	0.0002711778	0.0200153689	-0.0545675123	0.10189181480000001	0.0477148568	0.0872353117	0.0419322364	0.0378889236	0.0765873716	-0.060171673700000004	0.024402009199999998	0.057555595599999995	-0.08194598759999999	0.0327839251	0.0582659585	-0.0396675211	-0.1272716568	-0.0753476315	-0.0852121766	0.0007219177	0.0306280377	-0.018842836499999998	-0.015257813700000001	0.023113185	-0.0477798281	0.007171945600000002	0.1253707584	-0.0016432910999999999	-0.0521533099	-0.11344973609999999	-0.0504636847	0.0948607586	0.0248334648	0.13914576039999998	-0.0347345938	-0.0643314004	0.005514024100000001	-0.0586433917	-0.0071349518999999995	-0.0473502091	0.1064040251	-0.05427933769999999	0.040193965299999995	0.0421904017	-0.0097333387	-0.061995986600000004	0.12005819109999999	0.0187279501	-0.028836735699999998	-0.0179458074	0.1063135696	0.10613275800000001	-0.0437152751	-0.027990908999999998	-0.050108285700000005	-0.0782340332	0.0825070289	0.038816332599999996	-0.18042891100000005	-0.055958350999999996	-0.0779197437	0.09841854470000001	-0.1284222234	-0.0898560597	0.0575671233	-0.0583672085	0.0881197048	-0.0016530134	-0.07997808099999999	0.0899819076	0.012960632	-0.030334507099999998	0.0011315256	-0.0206281837	0.0112867025	0.0764822522	-0.0711241542	-0.0664419999	0.0506765403	0.0821027274	-0.1022524953	-0.0084942635	0.025784332799999997	-0.0799155429	-0.0368590626	-0.1101315315	-0.1402269999	0.0289658171	-0.0108755344	-0.069899164	-0.0247663507	0.0593926665	0.08083355269999999	-0.051469450099999994	-0.0255443929	-0.1297881634	-0.0844279504	0.060891782699999994	0.003914879699999999	-0.0661309312	0.0502418286	-0.0398187947	-0.0459214674	-0.0203212827	-0.1709687713	0.018735156200000002	0.0649932443	0.003728936	0.0656066372	-0.0702602132	-0.0270587679	-0.0101275702	-0.041558081600000005	-0.0029599894	-0.0306898489	-0.0861890685	0.0814322305	0.117558	-0.006043000000000007	3.651784900000008e-05	0.013819883363999998	0.0277448	-0.1020432	0.0007697739270399997	0.010412814666240005	0.0965167	0.020232399999999984	0.00931547337889	0.00040935000975999934	0.00295384	0.00017949999999999994	3.222024999999999e-08	8.7251707456e-06	0.000746385	-7.592600000000002e-05	5.57090568225e-07	5.764757476000005e-09	0.00323422	-0.00041635000000000017	1.04601790084e-05	1.733473225000002e-07	0.0	0.0	0.0
8241.741156235712	-26.392251891693373	696.5509599145928	67926297.28638957	10068.116038768769	27.634339382477265	763.6567131059338	101366960.57011291	6267.26112995684	-3.0567393002056638	9.343655149421807	39278562.07106789	6596.089824836399	9150.100472863538	1.026718	45.142235	0.07996765	0.0359284	-0.07440314370000001	-0.0797172581	0.0128922826	0.0376100913	-0.0668591556	0.0088112126	0.0638377481	-0.06993804719999999	0.086386406	-0.0104071101	0.0827394628	-0.173242177	-0.08233058389999999	-0.0667870117	0.0017335942	0.0333211437	-0.0353197754	0.0614254639	-0.0626395663	-0.0032855949	0.0105573693	-0.0769689927	0.0643525316	-0.0253150059	0.038367937799999995	0.0599828203	-0.0068210133	-0.1275504595	0.0876568886	-0.053407333	-0.038832286800000004	-0.047932721799999994	-0.1532676658	-0.0758128193	-0.0177569905	0.0957626351	-0.0076348280000000015	0.034753010699999996	-0.1052041266	-0.0023969054	-0.0918989385	-0.0107810293	0.0019261775	0.0282050828	-0.10241380470000001	-0.1478469084	-0.1927160494	0.0645295147	0.0596996703	-0.035840351	-0.1382512048	-0.0626672216	0.105434391	0.0051424137	0.0355579987	-0.030145405400000002	0.038590577200000004	0.0294820096	-0.0943765395	-0.11094550980000001	-0.0854598991	0.0465693621	0.017119268899999998	-0.0901656978	0.0160349305	0.08613755099999999	0.0918620511	-0.0463193675	-0.014077291899999999	0.003358802	-0.17363208230000002	0.0759094278	0.0363996781	-0.0660436629	-0.0442676029	-0.033305218500000004	0.048685410199999994	-0.018718281	0.1301738874	0.0067424677	0.0576518104	-0.0136966156	-0.0271069579	-0.08330251030000001	0.0725643473	-0.0287847037	0.0183459708	-0.1238853226	0.0825689072	-0.0114857516	-0.0988251049	0.047689525499999996	-0.0407239342	-0.016036463600000002	-0.0376386617	-0.0506727522	-0.08825114460000001	0.021377063300000002	0.0360802908	0.0029520329999999997	-0.0601470282	-0.0499464304	-0.0127950352	-0.0410380173	0.0042960129	0.054385004199999996	-0.11100365429999999	-0.0128554693	-0.0309680132	0.08962727919999999	0.0591085671	-0.11983029949999999	0.1002566542	-0.0121264105	0.056985658099999996	-0.0442558387	-0.0593448267	-0.0383213698	-0.0832650652	0.025864677000000003	0.0358372271	-0.0883139993	-0.0599927455	0.06388444389999999	-0.0009279612	-0.011643403200000001	0.1892202792	-0.023585224900000003	-0.07724935570000001	-0.0080036362	0.0748282183	0.055808795	0.034496401	0.1031315727	0.0416875852	-0.009890971	-0.021012398999999998	0.03346331	0.0152595757	-0.0564391059	-0.0604988267	-0.1442036599	0.062125828099999995	-0.0172239152	0.0168761267	0.0802594404	0.0057396834999999995	0.1340617545	0.1352561336	0.0185318547	-0.0433145821	-0.0551103157	-0.027977030099999998	0.0129299383	0.0009066575999999999	0.0670270817	0.060316923499999994	-0.019194300900000003	0.1136051469	0.026004926499999997	-0.0038688021	-0.09450508310000001	0.0726703508	0.0208469301	-0.0781068452	0.06418591679999999	-0.0553011005	0.07019606540000001	0.0156840296	0.12339694679999999	0.0344216431	-0.034735842999999995	0.0006502348	0.0222462699	-0.0564133423	-0.0518485581	0.0049602493	0.0391847734	0.024836619	-0.057841961	0.11121912380000001	-0.0143394711	0.1796089978	-0.027283754	-0.0196605968	-0.1245005087	-0.083411011	-0.054185781100000004	0.042476106500000006	-0.0397994302	-0.0619370142	0.0368221215	-0.0332940871	0.0490328937	0.0048375476	-0.032386496800000004	-0.0841361006	0.0846586349	0.128807	0.011249000000000007	0.0001265400010000002	0.016591243249	0.0196578	-0.008086999999999997	0.00038642910084	6.539956899999995e-05	0.07239989999999999	-0.024116800000000008	0.005241745520009999	0.0005816200422400004	0.0033904000000000004	0.00043656000000000033	1.9058463360000032e-07	1.1494812160000002e-05	0.0009046220000000002	0.0001582370000000002	8.183409628840005e-07	2.5038948169000067e-08	0.00336972	0.0001355000000000002	1.13550128784e-05	1.8360250000000057e-08	0.0	0.0	0.0
8241.169841417348	-0.5713148183640442	0.3264006216823408	67916880.35508683	10063.668845367847	-4.4471934009216065	19.777529145200678	101277430.6292274	6265.722596443242	-1.5385335135979403	2.3670853724640235	39259279.65557944	6593.532337691847	8916.912498144899	1.033675	45.448112	0.1367465	0.105056	0.0025758014	-0.0153474934	0.042859291699999996	-0.1072365022	0.0620211088	0.0160211267	-0.0389181412	0.0021087508	0.09901465710000001	0.018350326200000003	-0.0874791741	-0.0049004257	-0.09559464919999999	-0.0801821108	-0.044328394800000004	-0.061467079	-0.028675566800000007	0.019786	0.007272711899999998	0.0384890578	-0.046895027	-0.0819047924	-0.0051838732	-0.0203455725	-0.0511834128	0.045394712999999996	-0.0559144693	-0.0378503661	0.0725230534	-0.0810990455	0.091695827	0.0335368427	-0.015308128300000001	0.0397016338	0.07336232349999999	0.0327346485	0.10245962	0.0797775319	0.0048755709999999996	-0.006478469000000001	-0.10305262720000001	-0.0044600534	0.060691434100000004	0.09191202820000001	0.013733878799999998	0.0972158308	-0.07676769259999999	-0.0213442171	0.0496807112	0.12616223140000002	-0.0424297613	-0.023668395	0.031598084500000005	0.049988230099999996	0.1094755822	0.0017571757000000002	-0.0119047686	-0.0695350367	0.1452485116	0.043160076500000005	-0.021761137599999997	-0.0336579015	0.044771019800000006	-0.1056864364	0.1251702455	0.0706054433	0.0489572761	0.048732575599999994	0.025867469	0.0014958673999999998	-0.0161902594	0.1096378848	-0.0279128633	0.0623896466	0.058719950800000004	-0.0386080977	0.10521372429999999	0.0409849661	-0.009332559399999999	0.0496365039	-0.048780681500000006	0.025752798700000003	0.0202941364	-0.035457179500000005	-0.013862940700000001	-0.1291623016	-0.0288848244	-0.1568344492	-0.0254114459	-0.1221107199	0.0775964068	-0.0280841437	0.0302564544	-0.024272248700000002	0.0812043645	0.1609266629	-0.1025630877	0.041236698599999996	0.0381486608	-0.006365659	-0.1014656374	0.009589417	-0.19304782239999999	0.041424165	-0.11531031289999999	-0.1901211088	-0.047249514900000004	0.048780575	-0.067116577	-0.0662169615	-0.036070587599999995	0.0558630958	-0.0483497118	0.0293344681	0.0717698006	0.12917427	0.0668567002	-0.0626076552	0.0225778839	-0.0671509109	0.0010611252	0.017927814	0.0249985312	0.0563538624	-0.0056830775	-0.12202837960000001	-0.0026249715000000004	-0.0415642789	-0.0101281737	0.0004191341	-0.12482375960000001	0.0175725656	0.0100109832	0.0442856682	0.0623779078	0.0269627627	-0.15890613480000002	-0.0337685624	-0.007796765600000002	0.140674919	-0.08984286050000001	-0.0476418031	0.0034342527000000003	0.0409894542	0.0359546575	0.0089679553	-0.0385982766	0.016921450600000002	0.04812084	-0.017997715600000002	0.026799886499999998	-0.1596107087	0.0189960288	0.0760298053	-0.0084073261	-0.0508756971	0.0570688341	0.0692819669	0.1438411122	-0.0430919459	-0.0703995335	0.015773565700000002	-0.005119808	0.0124598025	0.16404528289999998	-0.05497848809999999	-0.0108903481	0.0738196849	0.0667843984	0.0097543383	0.1358003159	0.0414036202	-0.1510344629	0.0344912528	0.085910103	-0.08381618610000001	0.0748967477	-0.1945270902	-0.0257705692	0.027561092000000002	-0.1484657475	-0.1638223235	0.0104415233	-0.0473403424	-0.09446500669999999	-0.08176319900000001	0.055089161799999994	-0.0053893514	0.0004017897	0.0289527728	0.0720443873	0.0049166548	0.04196723	-0.0894732346	-0.0004635275	-0.0340737038	-0.0819850338	0.0876629727	0.131063	0.002256000000000008	5.089536000000037e-06	0.017177509969000002	0.12133800000000003	0.1016802	0.014722910244000003	0.010338863072040004	0.071483	-0.0009168999999999844	0.005109819289000001	8.407056099999714e-07	0.0033904000000000004	0.0	0.0	1.1494812160000002e-05	0.00102845	0.00012382799999999976	1.0577094025e-06	1.533337358399994e-08	0.00388376	0.0005140399999999999	1.50835917376e-05	2.642371215999999e-07	0.0	0.0	0.0
8251.888300408256	10.718458990908402	114.88536313978516	68093660.52241465	10061.844298943428	-1.8245464244191683	3.3289696548607712	101240710.69618036	6271.766966041421	6.044369598179401	36.53440383939541	39335060.876328416	6600.024197643815	8922.636861334622	0.993543	43.68362800000001	0.1801168	0.09322250000000004	-0.0718214526	-0.028790509	0.0451130726	0.0681171332	0.0568967866	-0.0043443049	0.0420957249	-0.0639263744	-0.0411923992	-0.0887431555	-0.051072763	0.0087076126	-0.1072623333	-0.1051693641	0.044631199100000005	-0.0548163591	0.0244145996	0.0224256214	-0.023005189500000002	-0.0376826735	0.0115662796	0.1586641221	-0.0469392554	0.0014645239000000002	0.0023202551000000003	0.011154798899999999	-0.005974188199999999	-0.0433811763	-0.0813001806	0.0253288988	0.06160585070000001	0.0168288351	-0.1046900867	0.06101183950000001	0.0844335251	0.0704885133	0.0990123134	-0.0469249421	-0.0154442901	-0.1104677548	0.1127269962	-0.0255668752	0.009724834	0.058485243799999996	-0.0801421781	-0.013065006899999999	-0.1218315384	0.0668190091	0.0340656684	-0.0138226671	-0.027844805299999997	0.09673875720000001	-0.1089371709	0.0059096275	0.1689648956	0.0043630469	0.0545962908	-0.1102233134	0.0661131168	-0.0341069774	0.0079393507	0.17633069640000001	0.0394523747	0.0204566113	0.032322089	0.0364959541	0.1221361969	0.0013159928	0.14384138800000001	-0.0820688002	0.03534308	0.1669775346	-0.080763093	-0.0461136993	-0.054663969699999995	0.0192326696	-0.0038575551	0.061026745	-0.009875655799999999	0.0114487541	-0.0669648311	-0.060064009400000014	-0.0152039643	-0.048586240700000005	0.0645922336	-0.1561604304	0.13889229890000002	-0.0881834948	0.1169728139	0.006766773	0.0494577118	-0.0042617008000000005	-0.0186456092	-0.0457557961	-0.0242733259	0.024519364199999998	0.0511201892	-0.09121055759999999	0.05649019900000001	0.2018092054	-0.1374956441	-0.062464236299999996	-0.0476760387	0.0859825726	-0.0871059142	-0.0623951187	0.0239225644	-0.0072931551	-0.034834504700000005	-0.039024362	-0.0639193846	0.11476805679999999	-0.0578990638	0.011004316200000001	0.135192935	-0.1272607705	-0.1078658835	0.1170233834	0.0626205407	0.0412814438	-0.0134741477	-0.0346741546	-0.0623613604	0.051932506600000004	0.0100638734	0.023239433599999998	-0.0459697414	0.10975802800000001	0.0263058846	0.0031534576	-0.0979524056	-0.0010100006	0.1359075124	0.0724224712	0.00701514	0.133420875	-0.0371371452	0.015736203799999997	-0.0800298495	0.0115244751	-0.1383668977	-0.1197598962	-0.019303093700000003	0.019128408200000002	0.08912242039999999	0.1749147424	-0.0025274885	-0.0585454714	-0.025450025600000002	0.0007947155	0.011410188500000001	0.0122102794	0.0251044518	0.0330339516	-0.17093903170000002	0.0231033111	0.019300408300000002	0.0469671508	0.2143143553	0.0491561725	-0.1292418074	-0.0475265972	0.1396526903	-0.09739979039999999	0.0473796224	0.07795383759999999	0.0383988745	-0.0221063367	-0.024604041899999998	-0.08733287449999999	0.0864337043	-0.1229651182	-0.0393979647	0.0438950968	0.2214849802	0.026516031800000003	-0.0025383339999999997	0.0451074624	0.0285242368	0.0732830896	-0.053072445700000005	0.0157094546	0.029256132	0.0014218659	-0.0137290249	0.00301091	0.0499820575	-0.0835706997	0.09836822279999999	-0.022801475	-0.0932752866	-0.0006444432	-0.0072376961	-0.0235633923	-0.036399809500000005	-0.0357509779	-0.079738376	0.0904373636	0.114447	-0.016616000000000006	0.0002760914560000002	0.013098115809	0.040530800000000006	-0.08080720000000001	0.0016427457486400006	0.0065298035718400005	0.102934	0.031450999999999986	0.010595408356000001	0.0009891654009999994	0.00312408	-0.00026632000000000045	7.092634240000024e-08	9.7598758464e-06	0.000689078	-0.00033937199999999995	4.74828490084e-07	1.1517335438399999e-07	0.0034646	-0.00041916	1.200345316e-05	1.7569510560000002e-07	0.0	0.0	0.0
8250.56120264533	-1.3270977629272238	1.7611884723664417	68071760.15859634	10077.854235187238	16.009936243810447	256.31805853087525	101563145.98568135	6265.122213293679	-6.6447527477421335	44.15273907862662	39251756.34750589	6594.204455374354	8947.29883905515	1.063293	46.750351	0.227523	0.132152	0.0266362129	-0.0049098742	0.0538783114	-0.012639868200000001	-0.08794482619999999	-0.0038920916999999997	-0.0174753003	-0.1105596599	0.088096991	0.0713698587	0.0942692893	-0.0796112505	-0.0620032826	-0.0995140414	-0.0975675699	-0.1914221484	-0.0055204163	-0.071572778	-0.1087698297	-0.0310817671	-0.056425885499999995	0.0273426298	0.0368525394	0.0338478351	-0.0131179565	-0.10421329630000001	0.0405698848	0.0653442371	-0.09309300449999999	-0.0838606432	-0.1092647292	0.035066909	0.060135750700000004	-0.06416364940000001	-0.0637698796	-0.015809429099999998	0.0197555532	0.101898949	-0.1522343059	0.0104864128	-0.0422842849	0.0999608365	0.0166007632	0.048102023	0.020112166100000002	0.0570411741	-0.2043393468	-0.017511346100000002	0.034347537000000004	-0.0468812937	-0.039960422599999997	-0.0973864419	0.075341504	0.0026047413	0.0854222209	0.023534645899999998	0.0638015165	-0.0585194008	-0.049710318200000006	-0.1295723053	-0.0441038687	-0.0310751792	0.037525898599999996	-0.1285185691	-0.0047126986	0.1089812399	0.044983489	-0.0545047013	-0.0062939332	0.0727864417	0.0162979324	0.0750826497	-0.024538173599999998	-0.042557802900000004	0.0256100372	0.1163610433	-0.0015453756	-0.1020331466	0.0878720897	-0.0626182616	-0.0308062227	0.0145614392	-0.12184997759999999	0.0082109969	0.1335159553	0.0095205898	0.0156545937	-0.0314310042	0.1641391803	-0.052102718799999996	0.0038529758	-0.0121922149	0.050022286500000006	0.0781519828	-0.1167566376	-0.0390360792	-0.024086678700000003	0.0765482212	-0.053972154800000005	0.0262953956	-0.029812148700000006	-0.0492093385	0.08756034230000001	0.0750219989	0.010989791399999999	0.054786343	0.0159685857	-0.07101645549999999	0.0608012104	0.1077155957	-0.005806025899999999	0.1110287643	-0.0302870598	0.081289549	-0.0374623508	0.0682527086	0.1107561676	-0.0806893515	0.0335502248	0.083147044	-0.0747210553	0.1475404466	0.0221384904	0.0558889568	0.0032298901	0.0264634816	0.12721035460000002	-0.0715381476	-0.0139107596	0.028202764900000007	-0.019042431999999998	0.0352921627	0.0426472629	0.20098198760000002	0.0503625696	-0.0657083708	-0.0216015148	0.0170176904	0.007120706	0.033357352	-0.1262371763	-0.1087926726	0.1070093218	0.0207445879	0.0143613914	-0.054054669900000005	-0.0381159916	0.042628539400000005	0.1189625101	0.0933380533	0.0850009134	0.025134671600000002	0.08438267990000001	-0.0493280492	0.027023838300000002	0.0795405966	-0.0601339613	-0.026975264199999998	-0.0407803037	0.040107572	-0.0536833172	-0.0710873999	0.0712590425	-0.025983095	-0.0449962471	0.1203268528	-0.049673233	0.028875721200000006	-0.020899762	-0.0282732098	0.09372444699999999	0.0025790109	-0.0851650064	0.0657348861	-0.0272656955	0.1133405453	-0.097003866	0.0892793542	-0.025042243399999997	-0.0274794111	0.0355063393	0.077162223	-0.1484026568	-0.0357176157	-0.0160396502	0.0969033191	0.0557924868	0.0331006936	0.0077536333	-0.07764734940000001	0.02968792	0.0170037839	0.028915942400000002	0.040915311499999996	-0.034068775499999995	-0.0374178302	-0.07739874690000001	0.0929745299	0.13353000000000004	0.01908300000000003	0.0003641608890000012	0.01783026090000001	0.156574	0.1160432	0.024515417476	0.013466024266239995	0.0981622	-0.0047718000000000075	0.00963581750884	2.2770075240000063e-05	0.00404103	0.00091695	8.407973025000003e-07	1.6329923460900002e-05	0.000878918	0.00018984000000000004	7.724968507240002e-07	3.6039225600000015e-08	0.00411031	0.0006457099999999999	1.6894648296099998e-05	4.1694140409999974e-07	0.0	0.0	0.0
8238.56989522273	-11.991307422598766	143.79145370327225	67874033.91847026	10071.54168779635	-6.31254739088763	39.84825456220222	101435951.96901976	6257.325286864731	-7.7969264289477005	60.79206173842313	39154119.74563679	6586.016682306222	8878.61720969913	0.963351	42.356133	0.08841485000000003	0.06848380000000001	0.06730466480000001	0.018496719499999998	0.0251534918	-0.08523352990000001	0.0736069595	-0.0025675534	-0.0671683508	-0.0147865207	0.0628015649	0.0047593741	-0.090654131	-0.029256876400000006	-0.1076984408	-0.0814408419	0.035193972999999996	-0.09104540109999999	-0.0653356498	0.0275506633	0.0843206593	-0.0744208618	-0.10400982800000001	-0.0314846403	-0.07174506110000001	0.068764112	0.07863862469999999	0.051025120800000004	-0.0214385153	-0.0160156386	0.0266968292	0.0166459376	-0.10794369359999999	-0.1130362969	-0.0180550818	0.1439721024	0.012761240200000001	0.077039058	-0.0285578662	0.0464910221	-0.09868194050000001	0.0242117275	0.055790839	0.0800041635	-0.008761806	0.0725459579	0.0212030621	0.0826577181	-0.052989552599999996	-0.0726387245	0.010717676499999999	0.09679948070000001	0.049993283	-0.0079802412	0.0958127637	-0.022309468199999998	0.007480348299999998	0.0925067416	-0.08599855210000001	-0.0356803364	0.0224258323	0.0228454105	0.0005153464	-0.0091539111	-0.0839894006	-0.058934857800000004	-0.0609274285	0.14114797839999998	0.050522701100000005	0.0484289757	-0.08029506759999999	0.1679365662	0.10201001259999999	0.15912118050000001	-0.0172152873	0.1028304923	0.0243333066	0.0338653103	-0.057944574699999994	0.0276815173	0.0506255489	0.08620954800000001	0.0223579383	0.0194070748	-0.025368562400000003	-0.1010497182	0.0985379247	0.0212533101	-0.08975906609999999	-0.0216656932	-0.0010792471	0.1498624715	0.0188773025	0.0049698599	-0.0027510667999999998	-0.053869993899999996	-0.0341693975	0.041056427400000005	-0.0432457734	0.0606796407	-0.09120113099999999	0.0914529174	0.0326261976	-0.0489297571	0.0926872707	0.0732946101	0.0335625705	-0.043277373	0.012363646899999999	0.18804332370000001	-0.1899378447	-0.0098447473	0.08844425789999999	-0.020082342	-0.06006581940000001	-0.0717353189	-0.0688019117	-0.09266189820000001	0.0993314941	0.0679003017	0.0467068414	-0.0086018328	0.0390106749	-0.0718914592	0.0671238981	0.013015774099999999	-0.0008823839	-0.1143067876	0.0064140916000000004	-0.0316395056	0.0002255213	0.0759852087	-0.023416608199999998	0.0376361111	-0.0081842783	0.0065402590000000005	0.1306321422	-0.10552649689999999	0.0097583824	-0.0196814904	-0.0713613922	0.1218372549	-0.0233236406	-0.038311168199999995	0.18213639969999998	0.2191869623	-0.0218066414	-0.0084292623	-0.0781964528	-0.1295132473	0.0374449184	0.041187712200000004	0.1051602492	0.0128306402	-0.0545639851	-0.0172547673	0.042932741100000005	-0.0012710105	0.0376394632	0.0677069313	0.0624648324	0.076031845	0.0880712241	-0.0495394042	-0.0283829662	0.0617323983	-0.0988631949	0.0332486875	-0.053760589500000004	0.0148321508	-0.0264794874	-0.0298775789	-0.0223095452	0.0370703294	0.019109728	-0.012751789199999999	0.1118346036	0.10071333269999999	-0.0258110682	-0.1115435907	-0.0147904108	-0.0107142734	0.07622697469999999	-0.0163285226	-0.0496920093	0.0497691697	0.1141690443	-0.032947577799999996	-0.0314470818	-0.0120993099	-0.0436248262	-0.0817370109	-0.0052745349	-0.2298078375	0.0824878403	0.0138511256	-0.0011372906	-0.039073774900000004	-0.0749688743	0.0952678165	0.12923800000000002	-0.004292000000000018	1.8421264000000157e-05	0.016702460644	0.224584	0.06801000000000001	0.05043797305599999	0.0046253601000000024	0.100101	0.0019388000000000046	0.010020210201	3.7589454400000167e-06	0.00391742	-0.00012361000000000056	1.5279432100000137e-08	1.53461794564e-05	0.0007617369999999999	-0.00011718100000000016	5.802432571689998e-07	1.373138676100004e-08	0.004153	4.269000000000061e-05	1.7247409000000005e-05	1.822436100000052e-09	0.0	0.0	0.0
8228.752746563438	-9.817148659292798	96.37640779865437	67712371.76407532	10063.904277830005	-7.63740996634624	58.33003099404488	101282169.31332506	6261.322614300947	3.9973274362155284	15.978626632321406	39204160.88035645	6588.645982814427	8789.467850351959	1.037193	45.602806	0.18474905	0.12067000000000005	-0.0233722341	0.034731285099999995	0.0378273337	0.0994068559	0.009990008100000001	0.0129171723	0.0192869488	-0.054469816	-0.1079347365	0.010280008299999999	-0.047083446900000006	-0.022062027	-0.0134411225	-0.0097847058	0.0230858923	0.0075059896	-0.0042082876	0.1093121559	0.0913713236	-0.11926126699999999	-0.0745712892	0.0234153456	-0.023294132999999998	-0.0244751177	0.0488163409	-0.08789151140000001	0.0526568917	0.0333109622	-0.0010376239	-0.1038519247	-0.0814595138	-0.0618764004	-0.0899406929	-0.1448302921	0.07969107240000001	-0.0529966995	-0.1293091171	-0.013988583	0.0389554177	-0.046338679400000006	0.0486727475	-0.028160233700000002	-0.0343800931	0.0350559863	0.0992010764	-0.0763437516	0.06663889049999999	0.0264681299	0.0216660498	-0.06882877280000001	0.0387640189	0.0980761388	0.0268068129	0.0008080458	-0.0492133286	0.058651861	-0.0992318859	0.0175788772	0.0133000931	0.036326716099999996	0.0555782134	-0.0773013532	-0.1655092319	-0.08725588710000001	-0.0775941956	-0.09886220109999999	-0.0302487273	0.0339470844	0.04829801	0.014465979399999999	0.0139545958	0.1279572655	-0.0704419437	-0.1164235889	-0.07646127900000001	0.0747924766	0.0149738173	0.1328961948	0.0961959799	-0.03818645	0.0741850484	-0.1085789583	0.0216060628	-0.11103527140000001	-0.0041435693	0.0212656933	0.10419016060000001	-0.0083859228	0.0326194644	-0.0562051578	-0.0456486013	0.05505159019999999	0.06709082	0.0437421401	0.1031716875	-0.1187604043	0.0432811875	0.0497493668	0.0278441932	0.0797143245	0.0908144195	0.0648887855	0.09651057460000001	-0.1335433792	-0.1071344274	-0.0515174829	-0.0020983147	-0.0195880927	-0.0432763583	-0.0858634751	-0.0277932254	0.050987219800000004	0.1436056823	-0.0321497699	-0.028479405699999998	-0.0595344058	-0.0588655758	0.042636533899999995	-0.0036997384000000003	0.0025982542	-0.1094510886	-0.17785630289999999	-0.0215858011	0.0012638230999999999	0.0596902234	0.05049883610000002	-0.0145561598	0.0756108096	-0.021796440099999998	0.031044543100000002	-0.02482482	0.0226398319	-0.0323990494	-0.1098282827	0.030939779700000006	-0.0117332425	0.0099123033	0.0108958574	-0.120548281	0.1223529482	0.10060921390000001	-0.0319630303	0.052924172	0.0289100838	-0.0943653489	-0.0256783587	0.0431709773	0.0625303612	-0.0725858904	0.1733359229	0.021369800699999997	0.1207884508	-0.12007175070000001	0.0398930515	0.0572704267	-0.0615356496	-0.030667829900000002	0.0153044797	0.09868291	0.0576393666	-0.14352367859999998	-0.0486324505	0.021282125699999998	-0.0746378932	-0.0609681269	-0.0073105865000000015	0.0944380898	0.0115864921	0.0471432043	-0.0675144826	-0.0571286897	-0.019584351200000003	0.0117302578	0.0379967326	-0.1032146381	0.057172603499999995	-0.028041357000000003	0.0401234471	-0.1865156318	0.0396991474	-0.0098368374	0.007942044399999999	0.0897455439	0.028226959399999998	0.0674277076	-0.0715979254	-0.0401022269	-0.036466788199999996	0.11643911550000001	-0.1175963692	-0.0684689683	-0.060745318099999994	-0.0256274912	0.0109861912	0.0003106488	-0.0407183291	-0.0724515914	0.09731120800000001	0.128193	-0.001045000000000018	1.0920250000000378e-06	0.016433445249	0.111188	-0.113396	0.012362771344000002	0.012858652816000002	0.126976	0.02687500000000001	0.016122904576	0.0007222656250000006	0.0035236999999999994	-0.0003937200000000002	1.5501543840000016e-07	1.2416461689999995e-05	0.0007192460000000001	-4.249099999999975e-05	5.173148085160001e-07	1.805485080999979e-09	0.00372055	-0.0004324500000000005	1.38424923025e-05	1.870130025000004e-07	0.0	0.0	0.0
8229.60819229566	0.8554457322225062	0.7317874007776998	67726450.99869984	10068.584297739164	4.680019909159455	21.902586350128875	101376389.76067965	6255.1713336400635	-6.151280660883456	37.83825376895883	39127168.413192414	6582.489534064723	8708.592163683707	1.04221	45.82336	0.21066275	0.15073699999999998	0.0754431681	0.0693556204	0.0192577723	0.0046631929	-0.0869339683	0.00027691369999999996	-0.0725820593	-0.0048008946	0.0423638441	0.0643333575	0.0895204402	-0.0488344434	0.0876324472	0.038282352799999995	-0.1049730857	0.0013403977	-0.0816654395	-0.12751081449999999	-0.0355854549	-0.1850750927	-0.030233843	0.0461586282	0.0414056973	0.014992413700000004	0.066202988	-0.11234945980000001	0.0346004052	-0.0618713131	0.0502830291	-0.1362615825	0.0006973016	-0.0960491158	0.1010431654	-0.0312860326	0.0230347225	0.0462969022	-0.016011769199999998	-0.0087304174	-0.0119454319	-0.0790849441	0.10067121789999996	0.0886105766	0.0404213541	-0.0949140356	-0.0318474942	0.0680763674	0.1463522308	-0.0733771149	-0.0245980248	-0.031759481299999996	-0.0245152012	-0.1302056242	0.046610185400000004	0.0239361003	0.0602751546	0.03062826	0.056971265099999994	-0.0142348234	-0.0320739851	0.0963898425	-0.0007178678999999999	-0.0363228461	0.08479486800000001	0.060800954500000004	0.0459228911	0.11048298320000001	-0.1197214851	0.0168521636	0.11106653650000001	0.1456535447	-0.0052985961	0.1408559008	-0.028202166299999998	-0.0447283983	0.027293071699999998	0.0108719866	0.1767944468	0.0672728052	0.0861227732	0.0286714052	-0.015500920500000001	-0.009268596899999999	-0.0342850316	0.0212821329	0.0205416098	-0.037209050699999996	-0.1219879023	-0.0777449288	-0.0124005556	0.0941722069	-0.0119524027	0.0796639311	0.036647563	-0.048538736299999996	0.09063899630000001	-0.0478655719	0.085777252	-0.027787831699999998	-0.0809545647	0.0152909651	0.0564720304	0.0141138053	0.008833315	0.0071801437	0.0767727003	-0.0525885686	0.0577733667	0.0455239425	0.078068195	0.0018290821	0.0372377257	0.0727956743	0.008176072099999999	0.057851879400000014	0.012499916399999998	0.04380411730000002	-0.11154612050000001	-0.0373049794	0.0296023957	0.1083751357	0.0219388321	-0.0547745492	0.0760755202	-0.014893771799999999	-0.023739740099999997	0.051900661900000006	0.0675837838	-0.0905759199	-0.039446336400000004	0.011697984199999999	-0.042169079299999995	-0.0393547304	0.0146081316	0.0515314324	-0.06670038860000001	-0.12222461130000001	-0.018458425900000002	-0.1085514191	0.050390852699999995	0.0534380667	-0.1381443418	0.0378030154	0.0173236443	0.027344470699999998	0.0204309242	-0.09868652	0.1279702446	-0.066031555	-0.017487967099999998	0.1295506431	-0.0226101283	-0.0910827497	-0.0349012566	-0.037687236	0.034944308199999996	0.0365789181	0.0244490131	-0.0093231917	0.2015502159	0.0019058163	0.10867112289999999	0.034280260800000004	0.08303666009999999	-0.012812820400000001	-0.0341627991	-0.0219591717	0.0100752177	-0.1062873542	-0.0268570442	-0.0045594234	-0.06485328650000001	-0.016116476499999997	0.060872206799999995	0.1195919535	-0.013221367900000001	0.0554996337	0.065126288	-0.0373674662	-0.08819495210000003	-0.0321985872	0.0261151862	0.0143849342	-0.08263041230000001	-0.012652418899999998	-0.1077416464	-0.0297336183	0.0653376188	0.0404975742	-0.054706705	0.0031182358000000003	0.0264311973	0.1617463399	-0.0435179602	-0.0046021102000000005	0.0571607927	-0.0423510136	-0.0698498331	0.0990993443	0.133562	0.005368999999999985	2.8826160999999843e-05	0.017838807843999997	0.25526	0.14407199999999998	0.0651576676	0.020756741183999998	0.122748	-0.0042280000000000095	0.015067071504	1.787598400000008e-05	0.00366671	0.00014301000000000068	2.04518601000002e-08	1.34447622241e-05	0.000556711	-0.0001625350000000001	3.0992713752100003e-07	2.6417626225000037e-08	0.00455488	0.0008343299999999999	2.07469318144e-05	6.961065488999999e-07	0.0	0.0	0.0
8256.849507247869	27.241314952208995	742.0892403254454	68175563.78533937	10062.128688057212	-6.45560968195241	41.6748963657177	101246433.73502396	6258.369926658374	3.1985930183109303	10.230997296787427	39167194.13890195	6582.957321810194	8811.67063372868	0.953553	41.925339	0.033335199999999975	0.0167	0.0879106008	0.005763613000000001	-0.0042275675	-0.09120143539999999	0.041611795099999994	0.0162851473	-0.0941769708	0.07073392860000001	-0.0215976401	0.037468207999999996	-0.054841519400000004	0.0355939431	0.061931951799999996	-0.0008549642	-0.039579810699999995	-0.0704915473	-0.07628693980000001	0.0432026346	0.171729822	0.08901576039999999	-0.0188650549	0.0152850353	-0.0057471972	-0.011163393700000001	-0.0562337546	-0.012567331499999999	-0.0479429699	-0.042750655199999994	0.1233844004	-0.1526374729	0.1229026719	-0.0310006103	-0.0096618859	-0.054959200199999995	-0.118445545	-0.0975642314	0.1558645133	0.0512256691	0.0085161141	-0.046279094400000005	-0.0006625858999999999	0.0396044459	0.026547900299999996	-0.0025608395000000003	-0.1221696493	-0.018295598700000002	0.0506268344	-0.0724180785	-0.0267876473	0.1072117043	0.026312723700000002	0.0421779702	-0.050174621100000004	0.07337605309999999	-0.0730525268	0.0973030041	0.0727918502	-0.09046330679999999	0.03735114	0.083914059	-0.15918792269999998	0.07621080940000001	0.053955601799999996	-0.002597645	-0.0777216999	0.022595888999999997	0.0422904597	0.0358623417	-0.0114644354	-0.0451495349	-0.058306392900000004	-0.1004521528	0.1502780948	-0.0453349443	-0.0360684477	0.0656176322	-0.0057166163	0.09963645189999999	0.04862975940000002	0.0381429692	-0.1889866683	-0.0314647013	0.0942253717	-0.0447620151	-0.10039568980000001	0.0362917208	-0.044640829900000005	-0.060555954400000014	-0.0819638569	-0.026943457	-0.140304844	0.0090754702	-0.0267266822	0.0086024427	-0.06393250360000001	0.05467193	0.012270784299999999	-0.0377888205	-0.0271044358	0.0742432752	0.15531880439999998	0.08555555949999999	-0.055846870800000004	0.06759845469999999	0.0436814289	0.0188884278	0.0878791426	0.017707294199999998	0.0723195783	0.001398619	-0.0923753958	-0.0255948333	0.035967684	-0.067524157	-0.022736098700000002	-0.0636525891	-0.0598447263	-0.0268481785	-0.10092488990000001	-0.1086808838	-0.104517099	0.017216362	0.08433528550000001	-0.038138112599999996	0.002068393	-0.0662219489	-0.1112849156	0.0189712861	-0.045369303300000004	-0.0949340689	0.0112484526	-0.08375001950000001	0.0325056566	0.0327243341	0.1158033789	0.0835729932	0.0008113754	-0.1435179237	0.0890337706	-0.025457747000000003	0.0609053207	0.0177214986	0.08519512119999999	-0.0073940663	0.0938018716	0.048829935199999994	-0.0045432277	0.0319431994	-0.0779402306	-0.023362457200000002	-0.1379718271	-0.061732463200000004	0.0737976837	-0.0446215182	-0.0080663771	-0.06113282110000001	-0.09050814089999999	-0.0019619466	0.0802740982	0.0346964927	-0.0749481245	0.09138317650000001	-0.0050606351	0.0168834045	-0.0321540317	-0.21626562149999998	0.0178131489	0.0740858643	-0.0746137083	0.0820338107	-0.026281911800000002	-0.1544612007	-0.0094338337	-0.0237688498	-0.0525722841	-0.0541089124	-0.0509377496	0.0184247866	-0.071654413	0.0520777882	0.0481377322	0.0365897192	-0.1540605509	-0.11506499349999999	0.0013621333999999999	-0.0465267854	0.0012360595	0.0238180074	-0.1071661056	0.07521718849999999	-0.105472144	0.010396274399999999	0.0424318767	0.102635053	-0.011697313700000002	-0.0439713523	-0.0671666331	0.100627535	0.13251300000000002	-0.0010489999999999666	1.10040099999993e-06	0.017559695169	0.265491	0.01023099999999999	0.07048547108099999	0.0001046733609999998	0.129441	0.0066930000000000045	0.016754972481	4.479624900000006e-05	0.00378417	0.0001174599999999998	1.3796851599999952e-08	1.43199425889e-05	0.000547027	-9.684000000000038e-06	2.9923853872899993e-07	9.377985600000074e-11	0.00473498	0.00018009999999999988	2.24200356004e-05	3.243600999999996e-08	0.0	0.0	0.0
8258.044824936936	1.1953176890674513	1.4287843777975522	68195304.33066772	10049.698382328386	-12.430305728825259	154.5125005120661	100996437.5757738	6262.170768167273	3.800841508898884	14.446396175768745	39214782.729688704	6584.976287985027	8977.454744539695	1.073173	47.18473400000001	0.2524524	0.17344	-0.0241683898	-0.0645405587	-0.0048016325	0.088972673	0.0183608767	0.024045306800000003	-0.008541190300000001	-0.0348159603	-0.1015849592	-0.0381670056	-0.045332473	-0.0030439053	0.0884230064	0.0700896169	-0.0403472367	0.058220315099999996	-0.038480108900000004	0.12690577279999998	0.0820378444	0.05661309320000001	-0.0981497435	0.07847644150000001	0.08630903599999999	0.05010825309999999	-0.11318877199999999	-0.006698452099999999	-0.0014244320000000002	-0.0122045385	-0.06454154940000001	0.0114430868	0.0794066469	-0.0204114853	0.028304358300000002	0.09984068550000001	-0.041377374700000004	-0.0486248094	0.06725554730000001	-0.0745339448	0.0062921831	0.0792959028	0.1495369683	0.07878111	0.0966020604	0.0047774661	-0.0746305672	0.1273220552	-0.022411936099999998	0.0268136428	0.0161626388	-0.0801079102	0.034757835699999996	0.0775346482	-0.0295174043	-0.0044899124	0.07180414809999999	0.0832940849	0.0502512716	0.0840539112	-0.0629427721	0.0677426216	-0.1048922692	-0.0006307385	0.0041400874	0.1488317676	0.011638559599999999	-0.0184328574	-0.0449057724	0.06101839730000001	0.006717729300000001	-0.1060714651	-0.1165603326	-0.0163945153	0.0067886612	-0.1275622202	0.1143317991	-0.09319513900000001	-0.1177619572	0.0078784703	-0.129168431	0.0257527531	0.0366102037	-0.039178879900000005	-0.0078967747	-0.0788439455	-0.0803902429	0.1271818371	0.0200513152	0.0346502288	-0.0406322166	0.027210598399999997	-0.06592831	-0.0815287699	-0.064120625	0.04623116769999999	0.16731183560000001	-0.0074021283	0.0431059524	-0.014716427399999999	-0.045821773200000006	0.043801434199999996	-0.0281053452	-0.1037931955	-0.12886177210000002	-0.0364660446	0.060768682699999986	0.0600312196	0.1050112483	0.07333945559999999	0.052813526500000006	0.0532099526	-0.0947581839	-0.0596311975	-0.0989900196	0.15090371660000002	-0.08618227210000001	-0.09549404619999999	0.197561583	-0.0303355676	0.0084806666	0.05112602	-0.045573624699999996	-0.08526449970000001	-0.0167946973	-0.0138044653	0.0634712756	0.0649443118	-0.022907460499999997	0.0812716822	-0.0429335201	0.0111936126	0.053217518899999997	-0.060598581	0.1633034407	-0.0864990299	-0.0047237438	0.0637980225	0.0346876027	-0.0976708121	-0.0315365751	-0.0321155848	0.0646565271	0.0970275733	-0.0419428137	-0.0598268858	0.1261650309	-0.020025955800000002	0.0493253267	0.0098621666	0.11521022	0.054877771799999996	-0.0629658021	-0.0397588406	-0.0845295914	0.027964999100000002	-0.06600186429999999	-0.002286915	0.0432094624	0.0255863603	-0.054617923	0.0332306442	-0.027510399900000003	-0.060512043499999994	-0.0404182909	0.0716736796	0.141025141	-0.09001810869999999	-0.0111205525	-0.1236443532	-0.1115650025	-0.08641703699999999	-0.0053893944	0.0352706573	0.1290718336	-0.061483139900000004	-0.0790624184	-0.0515500725	0.0230584941	0.0307313852	0.0109002619	0.0254025327	-0.06870021679999999	-0.1081049674	-0.0667478056	0.030439702599999997	-0.0161946882	0.0710166087	0.1558561718	0.08282156780000001	0.0822029106	0.0400882753	0.11174290949999999	0.0047762475	-0.1224308542	0.1096134873	-0.1362593252	-0.0455788729	-0.06440511980000001	0.1018917716	0.126386	-0.006127000000000021	3.754012900000026e-05	0.015973420996	0.0997657	-0.16572529999999994	0.00995319489649	0.027464875060089988	0.147583	0.01814199999999999	0.021780741889	0.0003291321639999997	0.00391742	0.00013324999999999972	1.7755562499999915e-08	1.53461794564e-05	0.0007195789999999999	0.00017255199999999994	5.177939372409999e-07	2.9774192703999983e-08	0.00379162	-0.00094336	1.43763822244e-05	8.899280895999996e-07	0.0	0.0	0.0
8251.035113075033	-7.009711861903269	49.1360603869074	68079580.43719712	10059.764079035678	10.065696707291863	101.31825020318622	101198853.32585657	6261.927666558517	-0.24310160875666045	0.0590983921800764	39211738.10121099	6586.5909606329005	8976.0616097158	1.000082	43.971119	0.16351169999999998	0.0940308	0.042070517599999996	-0.0414617035	0.0212604554	-0.0636505011	-0.0878712416	0.0145643222	-0.031342079	-0.0007875891	0.049549883200000006	0.0523287044	0.0263078692	-0.09835831490000001	0.0740275291	0.0079052695	-0.0342390642	0.024745278199999998	-0.1487900985	-0.095167369	0.028761082799999997	-0.009019454	0.0028802286	0.0539872697	-0.0156994188	0.0537034371	0.005707406999999999	0.05443485309999999	0.060055787699999995	-0.046681366200000005	0.022600304900000003	0.1411097339	0.0391287467	0.16313949949999998	0.07370926679999999	-0.1324622174	-0.0599652931	-0.0755131049	-0.0863698983	-0.12121950599999999	-0.014701238500000003	0.10062292310000001	-0.0091899309	0.059030528099999986	0.110797416	-0.0475423552	0.0031371684	-0.032030054100000004	-0.0493350958	-0.0345654215	0.012051741000000001	-0.0140369473	-0.0100692626	-0.0798346623	0.029477845099999997	0.11401675509999999	0.021907708900000003	0.052262782699999996	0.0386631614	0.0773893722	-0.1201234724	0.060602262000000004	0.014129814	-0.028941704500000002	-0.0190240781	0.08851235390000001	0.0255166787	-0.022998774700000002	0.0046440745	-0.0913064644	-0.0070669285	-0.0826292552	-0.0086355854	-0.027346927000000004	0.024301777099999998	-0.011918505	-0.0304333149	0.0672883638	0.024490685499999998	-0.061795578	0.0068887793999999995	-0.09081030279999999	0.09624016	0.0444541017	-0.038003159700000004	0.0217486069	0.005073683	-0.0802741096	0.0121983919	-0.1275739782	-0.1968987488	-0.0171587831	0.0313570611	-0.1061531412	-0.089479959	-0.0349335756	-0.14974236119999998	-0.0339913451	0.0740077175	0.0211318998	0.06283040690000001	-0.0259892593	0.0142684783	0.0222285162	0.0742447575	-0.09210302140000001	-0.015446681399999999	-0.0034805866999999997	-0.0197219725	0.051487566500000005	0.161069236	0.0052516398	0.1692643771	-0.048644602099999996	0.052225768799999996	0.0467288996	-0.1371505768	-0.024072324500000002	0.029803167400000007	0.021786861400000003	-0.0066973904	0.0101542749	-0.0453437071	0.0710313461	0.042525630999999994	-0.0121997389	0.0278603131	0.0193762611	0.0329940587	-0.08707437400000001	-0.0974615066	-0.0314327618	0.0185848003	-0.0071710047	0.0740297911	0.000820345	-0.0605952864	-0.1248406516	0.0491316648	-0.0942924461	0.0556593987	-0.10782625130000001	0.0613833414	-0.0219066574	-0.047909970999999996	-0.050619323099999995	0.0125122897	0.0249680992	0.0261112659	0.0785540111	0.049506541200000004	-0.0593751259	-0.0198801979	0.0881446847	-0.0206951105	-0.0246602606	0.039737850899999996	0.0823749608	0.0611120638	-0.0530804585	-0.08390491550000001	0.0247226659	0.0021271508	-0.0044844904	0.06192482	-0.1047457129	0.1254561994	0.058759709800000004	0.051526992800000004	0.0793967439	-0.0324160368	0.1408507067	0.0470171199	-0.030520950699999997	0.0869573441	-0.0316700335	-0.0195656916	0.0085487592	0.1404925931	-0.028520638799999998	-0.054922404400000006	-0.0897523926	0.0863630636	0.046666348499999996	0.0117707329	0.0704684028	-0.027447365699999997	0.0488409842	-0.0173669505	0.1247947784	-0.06774093269999999	-0.1247071509	0.0842671539	-0.0625394336	0.0181384505	-0.0829677101	-0.09890306609999999	-0.047173106799999996	-0.061568513	0.10288873779999999	0.13434400000000002	0.00795800000000002	6.332976400000031e-05	0.018048310336000004	0.181809	0.0820433	0.033054512481	0.00673110307489	0.120546	-0.02703699999999999	0.014531338115999999	0.0007309993689999996	0.0039770000000000005	5.958000000000092e-05	3.5497764000001086e-09	1.5816529000000006e-05	0.000881527	0.00016194800000000008	7.77089851729e-07	2.6227154704000022e-08	0.00449956	0.0007079399999999997	2.02460401936e-05	5.011790435999997e-07	0.0	0.0	0.0
8246.467022216517	-4.5680908585163715	20.867454091660832	68004218.34850454	10067.016606431689	7.252527396010919	52.599153629888924	101344823.35417141	6264.949884388606	3.0222178300891755	9.133800612508924	39249597.05390081	6591.185612326366	8881.003422375205	0.966181	42.48056	0.1314553	0.0813784	-0.020298019599999998	-0.0343678441	0.0159224663	-0.0691756048	0.0861953597	0.014498700500000001	0.0008279546000000001	0.0010204871	-0.027523048999999997	0.040871708	-0.0841596551	0.0138689855	0.1213535395	0.08483995960000001	0.0772784141	3.6319e-05	-0.0887071179	-0.11600166599999999	-0.0602708134	0.0389482213	-0.0041878272	-0.023813165299999998	0.0144765425	0.0629321317	0.022535263	0.1080259746	-0.0150659545	0.0521098776	-0.0013751098999999999	0.0414567032	-0.0055648342	-0.0871137225	-0.0255897552	-0.0743912687	-0.07115281820000001	-0.0009842869	0.2182247211	-0.0293039656	0.0158272445	-0.0214009506	0.058870483200000004	0.057019240199999995	-0.0225997806	0.0415925081	0.135425789	-0.09983342699999999	0.0949739866	0.0164781568	0.019119786899999998	0.0650392039	0.1034073579	0.1064452484	0.0720921171	0.07407314450000001	-0.1036536718	0.0505906518	0.0452102981	-0.0115600802	-0.024378495299999997	0.0687840265	0.0316128023	-0.0474535388	-0.0614477324	-0.0383040085	-0.06286647440000001	0.061982109699999996	0.0428873648	-0.0631563156	-0.1007574067	-0.0659911475	0.0163123134	0.0603862455	0.0724381263	-0.031168827000000007	0.024641673700000002	-0.10859038609999999	0.008384521800000001	-0.0610865142	-0.028450161800000002	0.0411811958	-0.0316497845	0.013720908600000001	0.0059414898	0.1213993188	-0.0716255412	0.0014614951999999998	0.0034938967	-0.1228428273	-0.0708034224	-0.1376919714	0.0231253404	-0.028079444500000002	0.0544109741	-0.0342185588	-0.0845525649	-0.0431246489	-0.0803472734	0.1094193703	0.0674300973	-0.0532912533	0.0206371246	-0.23115370149999998	0.0041079682	0.0216787677	-0.1057119819	0.024257910499999997	0.0238985192	-0.0821867995	-0.0201107639	-0.046708565099999995	0.024945738999999998	-0.11811835039999999	-0.182824713	0.0294021948	0.10854305310000001	-0.0790337067	-0.052710956600000004	0.0284072624	-0.0266098953	0.0780004807	-0.0666950118	-0.0756994117	-0.0111873672	-0.0157922722	0.0669439765	-0.0694562727	-0.11217045710000001	0.042728954400000005	-0.0693200064	-0.017893356399999998	0.0674541299	-0.042794077800000004	-0.09386095230000001	0.024589677	-0.0016505575	-0.1033047722	0.1078257834	-0.10367369900000001	-0.0013163060999999998	0.0073618339	0.050189363	-0.0720464585	0.0627743484	-0.033624200699999995	0.0029125634	-0.0073598852	-0.1144150285	0.020973053	0.041043139900000004	-0.0312912616	-0.060001382	0.0119430896	0.0116945371	0.0877724159	-0.006828162099999999	-0.00631734	-0.042595020899999995	-0.043384156900000005	-0.0546133054	-0.0046771723	-0.0689800796	0.0724007815	-0.1286142978	0.025391415499999997	0.07881134070000001	0.1273709852	-0.0385176348	0.117614261	0.1267836645	0.0092150162	0.0261858043	0.00046920290000000003	-0.0392773593	0.0055769172999999995	0.08767548630000001	-0.060236045099999996	0.0927658996	-0.0303178017	0.010761545400000001	0.0207248219	0.0133363194	0.0501794046	0.1038003281	-0.17451994170000001	0.0869202824	0.1156264005	0.0774262723	0.0702226413	-0.0091475528	-0.026929544	-0.07333655139999999	0.08515785769999999	-0.0491162398	-0.0052843102000000005	-0.17451663420000002	-0.0487535893	-0.05866012	0.10361581859999999	0.12757000000000002	-0.006774000000000002	4.588707600000003e-05	0.016274104900000003	0.106102	-0.07570700000000001	0.011257634403999999	0.005731549849	0.13985700000000004	0.01931100000000004	0.01955998044900001	0.00037291472100000136	0.00391742	-5.958000000000092e-05	3.5497764000001086e-09	1.53461794564e-05	0.0007651309999999997	-0.00011639600000000027	5.854254471609996e-07	1.3548028816000064e-08	0.00408227	-0.0004172899999999999	1.6664928352899998e-05	1.7413094409999988e-07	0.0	0.0	0.0
8249.23705024035	2.77002802383322	7.6730552528213725	68049911.91105811	10059.870597704878	-7.146008726811488	51.06544072366594	101200996.4425671	6267.222385441298	2.2725010526919505	5.164261034486024	39278076.42857651	6590.85710303385	8982.473604626488	0.991828	43.60820800000001	0.08397685000000002	0.0454831	-0.0465796754	-0.04375661559999999	0.0358859515	0.1011282991	0.033706102200000004	0.0129386071	0.0269438385	-0.0373657265	-0.035478428900000004	-0.0914138451	-0.018132684099999997	-0.06793675469999999	0.0455763365	-0.0023729333	-0.028928610299999998	0.0763587857	-0.014233263500000001	0.081608351	0.09557156439999999	-0.0206013929	-0.018730940800000002	-0.035095711200000004	0.08019056769999999	0.1030049934	-0.1053172015	-0.0088711679	-0.0740010573	0.0393389302	0.0058806081	-0.0073390425	-0.0080254588	0.147813405	-0.0434575678	0.0730756627	0.07240923889999999	-0.0206809779	-0.0569391775	0.0804880844	-0.0348417356	0.08480960359999999	-0.1056578142	-0.08542698929999999	-0.088277997	-0.072661498	-0.0019783414000000004	0.023889542799999997	-0.0773770771	0.018818541799999998	0.0168358862	-0.0634513346	-0.08182242099999999	0.0448342704	0.0341205652	0.012818813	0.0685886336	0.10040161539999999	-0.0282242326	0.10261834269999999	-0.0133463025	0.005364265500000001	0.023741584	-0.0152564758	0.0370747254	0.10330346300000001	-0.0224080298	-0.0409842878	0.1732165153	0.0709049563	-0.0159081305	-0.027024836	0.11936518130000001	0.0234116277	-0.1101464788	-0.0336914974	0.0184788627	-0.06703236309999999	-0.0580897638	0.036788227	-0.058897307999999995	0.0030069062	0.054956604299999996	0.051678000099999996	-0.0089902443	-0.0102737329	-0.10871082189999999	-0.0070415541000000016	-0.0427910373	0.07120418349999999	0.0988427647	-0.0671165988	-0.1069638085	-0.0169759325	-0.2120495852	0.008280805300000001	-0.0089006621	0.0151984754	0.0417145392	-0.0497271591	0.0584582055	0.015015651000000001	0.056887712699999995	-0.0445265947	0.0095940044	-0.09387080390000001	-0.0110337448	-0.0685598442	-0.002160347	-0.0447123711	0.1030772565	0.1140366534	0.0515932215	0.1218104364	0.0064824507	-0.0019611996	-0.037477397	0.12533502859999998	-0.0035930893	0.0350760838	0.025711198799999998	-0.1605076835	-0.0416941598	0.0952745741	-0.018352514599999998	0.0030358186	0.0285040708	0.0122867271	0.09578965539999999	0.0743216233	-0.0765065381	-0.0241540346	0.021284590200000002	-0.0320285309	0.1260655001	-0.1457050526	-0.0262286453	-0.0030523316	-0.045330231299999996	0.025442085899999998	-0.051823962599999995	-0.0183496221	-0.008637559599999999	0.0876371733	0.0098280236	0.1271471066	0.0089955893	0.06802204469999999	0.09814083380000001	-0.0122834198	-0.0047230937	-0.0466901653	-0.0466572076	0.059169888899999995	0.014265093500000001	0.1574445052	-0.0032463567	0.0159108663	0.0653720075	-0.0246843043	-0.0758820495	-0.11070927900000001	-0.09666812470000001	-0.0459225766	-0.0327097167	0.1245293397	0.0417861644	-0.0351117363	0.055917334000000006	0.025680715899999998	-0.0646985516	-0.0039194905	0.024304295099999998	0.051067583099999994	0.030786719100000002	0.0163330274	0.0825293978	0.044615711100000004	0.052444354000000006	0.1507660957	0.0088389676	0.011507658899999999	0.010282585300000001	-0.017325338200000002	-0.0844671675	0.0179995892	0.0377318264	0.0143326101	-0.058268537599999996	0.0792321504	0.026218199100000002	0.0543880157	0.0956556219	0.035154124	0.1026147684	-0.021641830299999998	0.0730318952	-0.0503198596	-0.055683332	0.1040711067	0.137802	0.010231999999999993	0.00010469382399999982	0.018989391204	0.06669070000000002	-0.03941129999999998	0.0044476494664900034	0.001553250567689999	0.123793	-0.016064000000000037	0.015324706849	0.0002580520960000012	0.00396893	5.151000000000027e-05	2.653280100000028e-09	1.57524053449e-05	0.00053813	-0.00022700099999999965	2.895838969000001e-07	5.152945400099985e-08	0.00416915	8.688000000000012e-05	1.73818117225e-05	7.54813440000002e-09	0.0	0.0	0.0
8267.467573237926	18.230522997575463	332.3519687651278	68351020.0745406	10064.579651534359	4.7090538294833095	22.175187968971425	101295763.56207952	6270.763347313227	3.5409618719295395	12.538410978458748	39322472.95800699	6594.646651153701	8947.804834760804	1.011162	44.458271	0.15142070000000002	0.0994289	0.0282051213	-0.0474980806	0.041286775	-0.0931501364	-0.068615227	0.011310717	-0.039139339700000005	-0.012980141499999999	0.0303090939	0.044721112800000004	-0.001435211	-0.060400306699999996	0.0808466143	0.0044901528	-0.0380046732	-0.0075199644	-0.068679515	-0.08393728859999999	-0.0265974668	-0.09016111800000001	0.0305073823	0.0046573985	0.026180136899999998	0.0189824848	0.008032805300000001	0.0057709279	-0.0251371632	-0.046327425199999994	0.004309834	0.024153908199999997	0.085621297	-0.0735059024	0.0617818177	0.1069806953	0.08481315119999999	-0.0099098076	-0.08391128169999999	-0.0008005222	0.033861727200000004	0.0286734589	0.039621759900000005	0.0650494778	0.1009927749	0.1859541864	0.0378184141	0.082397103	-0.1022369243	-0.030555773300000002	0.045692762000000005	0.029751612	0.028510907400000007	-0.0672040398	0.040356287000000005	0.1465588691	0.0108323159	-0.011980496399999999	0.0528409906	0.047029255	-0.0508358951	0.0602882429	0.1635789975	0.0909593859	-0.0774455834	-0.1521296035	0.028879092000000002	-0.0811686177	0.014497118799999997	-0.024163835499999998	-0.0119360907	-0.0244057048	0.14300679	-0.0622234467	0.038222024	0.045032194000000005	-0.1544965264	0.045156062999999996	-0.1190938795	0.11604102919999999	-0.017795811	0.0056534054	-0.0729724397	-0.0031379424	-0.0266426158	-0.0585268667	0.0202402966	0.0103614425	-0.025603367000000002	-0.0090945271	-0.039344970099999994	0.0901016731	0.0464371501	-0.0166814052	-0.0623434634	0.04736619809999999	-0.0743346554	0.054515615999999996	0.028892987400000007	0.0338692013	-0.0656774156	-0.0682333685	-0.1368490551	0.0238703303	-0.014145633700000004	0.0194638456	0.0696199758	-0.061247785199999995	-0.1257769893	0.0154655388	-0.0182990295	-0.031141967799999996	-0.076717115	0.034423776600000004	-0.0462110004	-0.1011509744	0.1142418732	0.0584894965	-0.0703137155	-0.009292362	-0.06559434139999999	-0.20128739350000002	0.0181741517	-0.0204714768	0.0360444215	0.021088192599999996	0.0363625397	-0.0136133695	0.0040088704	-0.08898784529999999	-0.0993301844	-0.0399297468	-0.0150924556	0.0079479018	0.0508097838	0.0200094468	-0.080959343	-0.0793507879	0.0062496860999999996	0.0247872604	-0.052651833200000005	0.1219387401	0.0030075634999999997	-0.0396504244	-0.10167881150000001	0.0305971974	-0.084508166	0.11783414810000001	-0.12850051699999998	-0.051628306900000004	-0.1702890832	-0.0193644905	-0.0367322921	0.0983829782	0.025958165699999997	-0.030430050099999998	0.0296640321	0.0193232423	-0.0097782082	0.1209862469	-0.0229487443	0.051510538700000004	0.0591370528	-0.028131323	0.0266894138	0.06050713820000001	-0.0252372	0.065251783	-0.0580706902	0.1121612193	-0.12288286050000001	-0.0053242924	-0.0053480540000000005	-0.0145911522	0.006797481899999999	-0.0687323738	-0.048498749800000004	0.042552777300000004	0.09572353789999999	-0.0227112184	0.100800463	0.1049266689	-0.1121812932	-0.0650040928	0.04441234610000002	-0.054427994800000004	-0.0494509355	-0.11608573189999999	-0.13101616619999998	0.0125965293	-0.0288373196	0.07585964440000001	-0.0918000805	0.0085586487	0.10876694210000001	-0.0176692746	0.003794954	-0.0518714612	-0.052641619699999996	0.104253408	0.139317	0.0015149999999999886	2.2952249999999654e-06	0.019409226489	0.160975	0.0942843	0.025912950625000004	0.008889529226489997	0.104834	-0.018959000000000004	0.010990167556	0.0003594436810000001	0.00394104	-2.7890000000000036e-05	7.778521000000019e-10	1.5531796281599998e-05	0.0008265679999999999	0.0002884379999999998	6.832146586239996e-07	8.319647984399987e-08	0.00458607	0.0004169200000000003	2.10320380449e-05	1.7382228640000026e-07	0.0	0.0	0.0
8268.350940021011	0.8833667830858758	0.7803368734594888	68365627.26734634	10062.16500418323	-2.414647351130043	5.8305218303193325	101247164.57140972	6271.050080684521	0.2867333712938489	0.08221602621353621	39326069.11445334	6594.712092968955	8986.282641424115	1.007789	44.309963	0.16803415	0.102781	-0.0519731079	-0.08183144070000001	-0.021147306499999997	-0.054377673	0.0842863379	0.0189400628	0.0363125858	0.0226329296	-0.029131902299999998	-0.0075803946	-0.0832625004	0.0358431246	0.10758798439999999	-0.0093994892	0.0113838651	0.0234053133	-0.0072950228	0.0588103073	-0.0256652465	-0.0726359068	-0.022402056899999998	-0.106663874	0.0481602295	-0.0170656444	0.0075991546	0.1541926261	0.025323208399999998	0.0456449496	0.029194938599999998	-0.0386148828	-0.1022325699	0.0644733908	-0.011010615500000001	-0.0610243039	0.08548622480000001	0.0785919229	0.0912269425	0.018482004399999998	0.0094387891	0.0057836076	0.0751520123	0.0009860891000000001	-0.010473686099999999	-0.0395710828	-0.0093775106	0.0257498836	-0.0221632448	0.050652795599999995	0.0071509217	0.1102925617	0.0672941838	0.1149167634	0.0087278667	0.0496253459	-0.10400177449999999	0.0142069562	0.0256484736	0.0712324591	-0.012879099599999999	0.0260813542	0.0586237323	0.0659140546	0.0021759003	0.0227881285	-0.022294151	0.0670458419	0.0379050411	0.0052082658	-0.024041058900000002	-0.0302049142	-0.017019096799999998	0.0880270657	-0.0807085128	0.015326043999999999	-0.037838501000000004	0.1035057544	0.0212297598	0.0368278237	-0.1458963369	-0.056469825599999995	-0.0074324517	-0.0699623538	-0.0889726755	-0.1153580356	-0.0550344304	0.0008245164	-0.10915534810000001	0.09579738800000001	-0.0387046291	-0.1538596585	-0.058460831799999995	0.0697143607	-0.0981104657	-0.1012142234	0.006202706600000001	0.0268842889	0.0496655666	0.0664601093	0.0027219677000000003	-0.090289606	0.0361217201	-0.0740399763	-0.09775275800000001	-0.0007029661	0.1583	-0.051014242800000005	0.061932989699999996	-0.0491387775	-0.12033656460000001	-0.1181051713	0.0262848344	0.007416574499999998	0.10912484289999999	0.0644498441	-0.1365685779	0.1600469236	0.0645715834	-0.0731671321	-0.0382142796	0.12848185199999998	0.1207492973	0.0612634833	-0.0438350681	-0.0235236165	0.05897402280000001	-0.09033241019999999	-0.11346548220000001	0.056498067699999995	-0.0730754134	-0.0652873794	0.09638869230000001	-0.0346801002	-0.030437632200000002	-0.0811570298	-0.0578087914	-0.0402284004	0.0778507242	-0.0061221489	-0.0420560678	0.0675490852	-0.0620251671	-0.0405545118	-0.0026483713	0.047053437999999996	0.0308471487	0.10251414369999999	0.00016400279999999998	0.038511967700000004	0.025328161800000002	0.0098338795	0.0652496705	0.0306490236	-0.012666004299999999	-0.0103345156	-0.014953726100000004	-0.020161513500000002	0.1202828643	0.038223910699999995	-0.023672874700000002	-0.09184981560000001	-0.0531470328	0.0750656004	-0.0101333094	0.049849671500000005	0.0323284191	-0.1085161641	0.0149310418	0.0990284698	-0.0087500353	0.058509024699999995	-0.0208183199	0.0450832468	0.1383196139	0.1226884938	-0.061782004	-0.0817821713	0.07493246419999999	0.019667729499999998	0.0063061953	-0.0359566454	-0.0866650277	-0.0774486705	-0.1159104046	-0.0874161021	0.0038552941999999996	-0.0513200144	-0.0045371076000000005	-0.0615723669	0.0105261648	-0.0359629596	0.051661065	-0.055710646600000004	-0.0876602426	-0.0199123718	0.1191146673	-0.053407941699999996	-0.0495385296	0.1041622441	0.13716500000000004	-0.0021519999999999595	4.631103999999826e-06	0.01881423722500001	0.0684976	-0.09247739999999999	0.004691921205760001	0.008552069510760001	0.133521	0.028687000000000008	0.017827857441	0.0008229439690000003	0.00377127	-0.00016976999999999964	2.882185289999988e-08	1.4222477412900003e-05	0.000753913	-7.26549999999998e-05	5.683848115690001e-07	5.278749024999973e-09	0.00393414	-0.0006519300000000003	1.54774575396e-05	4.2501272490000035e-07	0.0	0.0	0.0
8267.460828869262	-0.8901111517498066	0.7922978624693672	68350908.55688761	10058.319765370705	-3.8452388125260764	14.785861525356953	101169796.502447	6264.958203471655	-6.091877212866166	37.110967976638044	39249701.29124679	6589.059247805373	9101.31456745518	1.050825	46.202164	0.186521	0.108926	0.028278707400000002	-0.0858661691	0.0410732383	0.10204414939999999	0.0200207928	0.0169552603	-0.0285572839	-0.0348620925	-0.014738760200000001	-0.0755507387	0.0028942014	-0.0752412925	0.0015059048	-0.0202637639	-0.0760435382	0.0805287407	0.10523884130000001	0.08648626	-0.0334051447	-0.1649775698	0.023644554900000003	0.0163676813	0.046690561799999995	0.14486748	-0.0438765932	0.0152943401	0.0815014292	-0.0022343366	0.0694646673	-0.0375380406	0.1503650081	0.0034718135	-0.0078651359	0.0127746446	-0.00924546	-0.10041204279999999	0.0733075978	-0.0005352406	0.1309327048	0.0469926182	-0.1185776182	-0.11097397869999999	0.0317723887	0.0208765101	0.1287431777	0.13494396890000002	0.0586233787	-0.0375815663	0.0367775122	-0.0602415739	-0.07951662570000001	0.0357013915	0.0309901264	0.052028447199999994	0.08818974019999999	0.1591591916	-0.0470971189	0.0313984398	-0.0050014056	-0.062024593600000004	0.0515688046	0.047458468200000006	-0.0387344357	0.0035098965000000004	0.0460304276	0.0497416792	0.0253441942	0.0078527737	0.0674672058	0.0049690752	0.0365707728	-0.0047029872	-0.023460707400000003	-0.1362705966	0.0846501015	0.09860775199999999	0.053432880300000006	-0.0515835947	0.0292290522	0.0730226313	0.1451573273	-0.0305204127	0.0010547631	0.0029160803000000002	0.0212509277	0.030587225699999998	0.0029238014000000003	0.0127745435	0.1285042523	-0.0385615066	-0.0276690389	0.011307558799999999	0.0532604809	0.0431423483	-0.0162818818	-0.1332060031	-0.0594121686	-0.0034896989	0.0617592609	-0.0190809412	0.0815563022	-0.0150070629	-0.0712012321	0.0135604351	0.0602858129	0.0771933582	-0.0865000299	-0.0442532933	0.0894547691	-0.0916388462	0.18007031399999998	-0.1379491965	0.0511263203	-0.0854607208	0.080715531	0.1507467367	0.050500643600000006	-0.0676441816	0.0731687231	-0.0662540968	0.0660306378	0.011906209899999999	0.0419246136	0.025172339	0.0268168704	0.0238349035	0.1003126454	0.0465181479	-0.0554995475	-0.0285994519	-0.0540421589	-0.0373137043	0.1300307591	-0.06851161230000001	0.0024971755	-0.021682063799999998	0.0077204408	0.0363405642	-0.1147728306	0.0070872684	-0.1345930567	-0.0491624321	0.0386322728	0.03529913	-0.0513561769	-0.060588996799999996	0.041533365499999995	0.0803816349	0.033715376899999996	0.1094905916	-0.09049389699999999	0.0983030242	0.0432956334	0.0664794875	0.0210220829	0.005466370799999999	0.06329878530000001	0.0030790681	0.029268387400000002	0.0425769453	0.0374887201	-0.10344172869999999	0.0271564779	-0.0005247228	0.051799396399999996	-0.0197196853	-0.0026362558	0.0159608787	0.0837007558	0.0883261339	0.024818615800000002	0.0378456055	-0.049385999900000005	0.023877629100000002	-0.0250887883	-0.0760631752	-0.054629816100000006	0.077303732	0.051710382400000005	-0.0118834393	0.1725784856	0.1093723041	0.1437560057	0.1113895669	0.045337629299999994	0.0640531279	0.08576641289999999	0.0323086928	-0.0674968504	0.0602438075	0.081592031	0.006114209399999999	0.0764218601	-0.0429100119	0.1593673388	-0.054928853300000004	-0.0463776798	0.1037978542	0.139264	0.002098999999999962	4.4058009999998395e-06	0.019394461696	0.165635	0.09713739999999998	0.027434953225000003	0.00943567447876	0.111197	-0.022324	0.012364772808999999	0.0004983609759999999	0.00410899	0.0003377199999999997	1.1405479839999981e-07	1.68837988201e-05	0.000549631	-0.00020428200000000007	3.0209423616100004e-07	4.173113552400003e-08	0.00469135	0.0007572100000000002	2.2008764822500007e-05	5.733669841000007e-07	0.0	0.0	0.0
8264.184842134719	-3.27598673454304	10.732089084901967	68296751.10496925	10077.696059802876	19.37629443217156	375.4407859222027	101559957.87376642	6260.903724451991	-4.054479019663631	16.438800120892562	39198915.44685682	6586.100473488108	9007.314816257587	0.983188	43.22831	0.0644486	0.0352883	0.034544656	-0.0581327524	0.0076429814	-0.12122078039999999	-0.0535465	0.0159006144	-0.0278920708	-0.0106757328	0.044124633899999995	0.1401043612	-0.0675369609	0.08500699	-0.0003598133	-0.062169304	-0.07933892719999999	0.0885732658	0.0488307565	-0.08712681789999999	-0.0163146375	-0.0336981181	-0.037470602900000004	-0.1096319889	0.023245919900000002	0.0045283538	-0.0272618448	0.07910547450000001	0.0391720467	0.022914346699999998	-0.0341143078	0.0353415491	0.0813661886	-0.0951515979	-0.1085056023	0.0063696213	-0.0290369363	-0.09350465949999999	-0.0033719093	-0.0814717443	-0.0033485633000000002	-0.0567357895	0.08885146949999999	-0.0267469897	0.0673600948	-0.0037797565999999998	-0.0025504235	0.0217078272	0.045019319599999996	-0.030344327	0.0460313556	0.0170933972	0.0782947974	-0.0453984757	-0.0358988708	0.0641991525	-0.0186239343	-0.0284507829	0.0203303334	0.0358521385	-0.0013927624	0.0665432706	0.1241940649	0.0710844392	-0.064025315	-0.032378892799999996	0.025159883799999998	-0.043442641	0.10887116919999999	0.0063111237	-0.050256252	0.1283927983	-0.09478856710000001	0.057464312300000014	-0.034562603	0.10984033439999999	-0.0159399315	-0.06113235490000001	0.09159258220000001	0.0095686064	0.0124979572	-0.21279294	0.0925808169	0.1560983431	0.013721518200000001	-0.0107485538	-0.0164133758	-0.011972101899999999	-0.061182722	0.097765094	-0.043272334800000006	-0.0536837916	0.0220396175	0.0806552197	0.0724166508	0.061197663099999994	0.0795445665	0.0199200018	0.067186945	-0.0581265424	0.0296203177	-0.0006409871	-0.0624430672	0.0820239272	-0.023775881800000002	-0.047658902	0.0649259062	0.0442780757	-0.1429366879	-0.04242686	0.026314602200000002	0.0995713652	-0.013754626399999999	-0.11887619220000001	0.0700758513	-0.14236362460000002	0.11593074210000001	-0.1904447402	0.0042695175	-0.0242781748	-0.0037967141999999997	0.0028647778999999996	-0.029073547999999998	0.000463052	0.0349000611	0.0183301467	0.068642276	0.0078210136	-0.0725846634	-0.0851525192	-0.0034054163	-0.024934881800000003	-0.0838492617	0.0235122953	-0.0348204082	-0.049209383899999994	-0.0924796985	-0.061668401500000004	0.0658944672	0.0236330275	0.0100899143	0.0816584573	0.033858652	-0.065270989	-0.0917184533	0.1412696193	-0.10544991570000001	0.0797633084	0.0381863639	0.014789866200000001	0.0849259824	-0.1072915556	0.028110271200000002	-0.1445113114	-0.0726674332	0.046582823899999994	0.0153453398	-0.000264892	0.0779638047	-0.1593071634	-0.060336658200000004	0.0504412831	0.0433199516	0.142694248	0.0449203302	-0.021545815899999998	0.0049456319	-0.038290828900000004	-0.0313738371	-0.0201707205	0.0562566646	0.021677914500000003	-0.0469934262	-0.0005680933	-0.0394804852	-0.0141082761	-0.0911564725	0.0518828629	-0.0425467574	-0.05301941599999999	0.022858442000000003	-0.0396517811	-0.0211830689	-0.009603796500000001	0.10594005779999999	0.1869443778	0.077755585	-0.0006086861	-0.0180581425	-0.0511703506	0.03599162	0.0591573385	-0.1533702855	-0.0095511547	-0.007800941	0.16939263429999998	0.0160234016	-0.0564337526	-0.0431627558	0.1031611942	0.141302	0.002038000000000012	4.1534440000000486e-06	0.019966255204000003	0.195381	0.029745999999999995	0.038173735161	0.0008848245159999998	0.124381	0.013183999999999987	0.015470633160999997	0.00017381785599999966	0.00407792	-3.107000000000023e-05	9.653449000000143e-10	1.6629431526399998e-05	0.000797223	0.00024759200000000004	6.35564511729e-07	6.130179846400001e-08	0.004802300000000001	0.00011095000000000027	2.3062085290000008e-05	1.2309902500000064e-08	0.0	0.0	0.0
8247.648912534709	-16.5359296000097	273.43696773647684	68023712.58443497	10061.444581546088	-16.251478256788687	264.11054553087547	101232667.06752312	6266.228743294225	5.325018842233477	28.35582567014155	39265622.66328672	6593.595832815283	9018.573283012964	1.016375	44.687477	0.12382200000000007	0.08884749999999997	-0.0292109763	-0.0401715577	-0.0421171524	0.00393074	0.1396807716	0.0131905187	0.0387636034	0.0400510002	0.036559238	-0.0780472118	-0.0711444413	-0.049123622199999994	0.0458524896	-0.0208630393	0.0012326544999999999	0.1102865586	-0.006156304699999999	-0.0258531251	-0.0083672227	0.0255736054	0.0366884319	-0.07593192019999999	-0.1133400919	0.0046681694	-0.0198420027	-0.0823856883	0.0688196928	-0.0716804986	0.1096686774	0.0009523616000000001	-0.0167925638	-0.09096096279999999	-0.0370835785	-0.026983884500000003	0.058434821	0.0080076928	-0.0762793896	0.029869910099999997	0.0379790542	0.010376474699999999	-0.006209648000000001	-0.108657793	-0.1744992584	-0.030940941	0.020559751299999998	-0.055772992599999995	-0.0649058979	0.0278611465	-0.0214215087	0.100825087	-0.024049876600000002	0.0727998954	0.1065019879	0.0208287667	-0.0658705288	-0.0610640995	0.0689232012	0.1034852119	0.0332316433	0.0575935837	0.0588145736	-0.0240797723	-0.022295362599999997	0.040272637400000005	0.07136027639999999	-0.12125835119999999	-0.015257923999999999	0.01245262	-0.1207384458	0.1311524866	-0.024575786800000003	0.059258778899999996	-0.09498734910000001	-0.0443259559	-0.1438084722	0.08968898	0.017319953500000002	0.05845316530000001	-0.0282947123	0.1593881277	0.017168705	0.0239402483	0.0447347341	-0.044089402199999995	0.0460351347	0.011423270800000001	-0.022149300299999997	-0.0742488458	0.10470983789999999	-0.1123002318	0.0948823157	-0.0298604966	-0.0211153474	-0.065830212	-0.0390690888	0.1214922563	0.1036838397	0.033021212	0.0088079927	-0.044457057300000005	0.0442201005	0.0651988378	-0.088907802	-0.0924321847	0.017788131699999998	-0.0157267699	-0.0092906144	0.0907184755	0.1327737654	0.0406459866	0.0164374823	-0.0700859397	-0.0475122505	0.0175822858	-0.0918532331	-0.006099431800000001	-0.0480185662	-0.027898061600000003	0.0638780632	0.0252070587	-0.0907703553	0.17795957010000002	-0.026926444700000003	-0.0262240592	-0.0056686335	-0.1220759709	-0.0120764584	0.0468496778	-0.07574347570000001	0.0018316466000000001	0.1003718118	-0.0296503902	-0.039566269300000005	-0.0612442893	-0.1278328883	-0.026123506600000002	0.0070133901	0.0394967978	0.0419952217	0.0913020632	0.06478965769999999	0.0625680091	-0.12617528960000002	0.0811349659	-0.1450356991	-0.012964723899999999	0.0434030766	0.0373067973	0.0306224818	0.067049905	0.0637380167	-0.0189362809	0.09260278460000004	-0.0291774486	0.026260132400000004	-0.0040695127	0.0490542712	-0.0085478473	0.1401153981	0.10540545230000001	-0.030459837799999997	-0.08390235039999999	-0.1001717776	0.0083443712	-0.026696467999999998	-0.061343702699999995	0.11973561949999999	0.1524054308	-0.0347490587	-0.0513751307	0.029681827799999998	0.096967102	-0.0201923909	0.09295622949999999	0.0140604671	-0.0367700248	0.053278082000000004	0.0514985887	0.0070831106	-0.027997868	-0.0465527091	0.0317160673	-0.102890286	-0.017824148300000002	0.0022508462	-0.013639773999999999	0.045873745599999995	0.066768288	-0.1126231664	0.0367435938	0.05995762280000001	0.0071805246999999996	0.033724456	-0.0034020481	-0.028497575499999997	-0.057922200800000004	-0.039897505800000004	0.102253934	0.136925	-0.004377000000000021	1.9158129000000174e-05	0.018748455625	0.109142	-0.086239	0.011911976163999999	0.007437165120999998	0.133195	0.008814000000000016	0.017740908025000002	7.768659600000029e-05	0.00414122	6.330000000000051e-05	4.006890000000064e-09	1.71497030884e-05	0.0007601329999999998	-3.7090000000000256e-05	5.778021776889996e-07	1.3756681000000191e-09	0.00441485	-0.000387450000000001	1.94909005225e-05	1.5011750250000073e-07	0.0	0.0	0.0
8241.703087436654	-5.9458250980551375	35.3528360966624	67925669.78146286	10060.455706788094	-0.9888747579934716	0.977873286996647	101212769.02824514	6258.929172542408	-7.299570751816645	53.28373316077703	39174194.38690239	6584.067861389636	8891.502476138063	1.088205	47.845657	0.28813795	0.188975	0.0805109512	-0.0100358287	0.0546821966	0.0878683224	-0.039102546200000005	0.0124312958	-0.09500039699999999	-0.0544950723	-0.0673749363	-0.0053881013	0.008690584599999999	0.0353550427	-0.0424510498	0.0656644426	0.0183769396	0.11723226449999999	0.0440262237	-0.0007497764999999999	-0.05732241160000001	-0.0941964264	-0.1408298796	-0.1284704819	0.0097985713	0.0625255633	0.0792345097	-0.0086976442	0.0050019152	-0.0297269897	0.11046190060000001	0.0029443293	-0.0908847124	0.0009981055	0.0896506833	-0.031386387599999996	0.0747194947	0.0230343216	0.0383516242	0.0890085976	0.091797005	0.008286231	0.09207422550000001	-0.0416398255	0.0847551802	-0.12501683289999999	-0.1062247448	-0.0146086064	-0.0646485687	-0.0970344583	-0.0011780546	-0.10189604210000001	-0.0101974131	0.0532992854	0.014711905700000001	0.062877339	-0.0450772496	0.0987988273	-0.0287477984	0.0441914324	0.0399837501	0.0821035488	0.1299687662	-0.0647821412	-0.028967040099999997	-0.0170571605	-0.0072026309	-0.0559865542	-0.08704781439999999	0.0552639424	0.0821859365	-0.0086013825	0.0666321619	0.07596196549999999	-0.0457460936	-0.10705552410000001	0.0572128035	0.0160344314	-0.0431478497	-0.0160345333	-0.0748403291	0.0597611657	0.0337849708	0.12371070699999999	-0.0651086035	-0.026943903300000002	-0.1137771372	0.0811225375	0.038921587599999995	-0.0749616404	-0.1399028245	0.0443766878	0.1094207654	-0.024653104900000004	-0.021145379900000004	0.0406830885	0.0317861011	0.0263626762	-0.051868616	0.0373393509	-0.0592975457	0.0368433596	0.0236831328	0.0946161651	-0.0394715593	-0.0068085897	-0.0080207722	0.05891283820000001	0.076287361	0.0107390156	-0.0348332692	-0.0306066012	0.056690821100000004	-0.06672421740000001	-0.06769243280000001	-0.028449100800000002	0.12052570369999999	-0.0681028282	0.1460152543	0.0007464584	-0.0131521155	-0.0693429388	-0.0551575672	-0.0465377584	0.09472049910000001	-0.0017146535999999998	0.0217622454	0.0675481215	0.0374597247	0.050268993600000006	-0.0218047576	-0.0190156533	-0.030425723300000002	-0.0219589458	-0.0094840126	-0.1168229466	-0.0153748299	-0.11611417449999999	-0.026689126	0.0057931351	-0.0260084794	0.1668285509	-0.0081935615	0.0056622237	-0.0323620343	0.0335326279	0.0015730035	-0.004323755	0.0231673049	-0.1297986576	-0.0070487989	0.1356294732	-0.0833834348	0.0258385245	0.0054439049	0.024896585899999997	0.06861798570000001	0.0374883448	0.0381624039	0.09746792789999999	-0.1057504752	0.0351278556	-0.0360293773	0.0654233699	-0.1131467646	-0.0545395071	0.052588917699999994	0.005291944	-0.0871247542	-0.068924029	0.0127191899	-0.029610391099999998	0.0609442186	-0.0166169184	-0.0432927439	-0.0705669468	0.000757427	-0.0157915225	0.0156732949	-0.0479627782	0.022734450899999998	-0.12232870380000001	0.0300742565	-0.0464317862	0.029287824700000006	0.1162431767	-0.0584028218	-0.0216706507	0.1257162242	0.09979967640000001	0.0146159303	-0.021893337000000002	0.0126021923	-0.0300913159	0.005024715999999999	-0.0218988527	0.0647085297	-0.0593937641	-0.0365857372	0.10107845359999999	0.147697	0.010772000000000006	0.00011603598400000008	0.021814403809000002	0.28628200000000004	0.17714000000000002	0.08195738352400002	0.031378579600000005	0.118482	-0.01471300000000002	0.014037984323999995	0.0002164723690000005	0.00458079	0.00043957000000000013	1.9322178490000019e-07	2.0983637024100006e-05	0.000891042	0.00013090900000000023	7.939558457640001e-07	1.713716628100006e-08	0.00555463	0.00113978	3.08539144369e-05	1.2990984484e-06	0.0	0.0	0.0
8257.059300811803	15.35621337514931	235.81328922311454	68179028.2971227	10079.615552260373	19.159845472278906	367.0996785216064	101598649.6813692	6262.737255037769	3.808082495360395	14.501492291470251	39221877.92563801	6589.444060969599	8831.115531642492	1.0729030000000002	47.172867	0.2732564	0.16858399999999998	-0.023171476099999998	-0.0035956482	-0.0113464477	-0.0992548427	-0.025027737400000003	0.0074156182	0.0341395545	0.0381267416	-0.0002931311	0.08497808789999999	-0.0836804768	0.07572827879999999	0.0352681943	0.11004388640000001	0.0391193685	0.12275439699999999	0.0179651542	-0.0481024572	0.0035297288	-0.0849612584	0.14274918849999998	0.0372180289	-0.048456711	-0.060551113399999995	-0.056413612599999996	0.0340839259	0.0751505809	-0.0035713076	-0.0562469152	0.0446194004	-0.09098732300000001	0.040966057400000006	0.0595437676	0.0375255429	0.018404382900000002	-0.039879261400000005	-0.0751405402	-0.0369763125	0.04449623690000002	0.0456350619	-0.0622587444	-0.049675171100000005	-0.050206596299999996	-0.08702487029999999	-0.14951561800000002	0.0332157715	0.05567161650000002	0.021986379	0.024039267000000003	0.0351251745	0.10109826150000001	-0.0502847988	-0.0069336801	0.1212976633	-0.021675684700000003	-0.022344185899999997	0.0564150633	-0.041996587099999996	0.0270566005	0.023426333599999998	0.0376736762	0.0162494811	-0.0384857068	0.0787149013	0.0407463585	-0.047320709100000004	-0.0645982143	0.0370839273	-0.0830900972	-0.0182871211	-0.0380438714	-0.0987558694	0.018514194299999998	-0.0258478842	-0.1724105279	-0.0555528221	-0.061577897699999995	0.0285296006	-0.060954874699999995	-0.0538806416	0.015739083799999998	-0.058727584699999995	0.020817181599999998	-0.0229649587	-0.0606948664	0.0782492997	-0.0367588352	0.029650129700000007	0.1136576591	-0.0143963389	-0.0619882924	-0.0036648067	0.1324027162	-0.0248098517	-0.060982549500000004	0.1089243991	0.0411088796	-0.0387651656	0.04315434	0.0448463672	0.19579369530000001	0.0352995849	-0.0248764785	0.0932995549	-0.0570436571	0.024917577799999997	0.0270808746	-0.1516697416	-0.0008357776	-0.0063203199	-0.0685234179	0.0177062022	-0.1484222992	-0.045501157699999996	-0.1089585843	0.0161053952	-0.0510879746	-0.0515098666	-0.0016944897	0.026068144100000003	0.13272508800000002	-0.0367072715	-0.0222801233	-0.023350394	0.0637562424	0.0220229345	-0.1303378989	-0.0894037653	-0.1040866077	-0.0203508516	-0.019979528700000002	-0.042017659900000004	-0.031925626	-0.0390665775	-0.07596451679999999	0.0529509424	0.0233616836	0.0161716912	-0.0399888372	-0.0009246782	0.1192698366	0.0666782959	-0.09538467199999999	-0.0267784793	-0.0187686943	0.0305785794	-0.0370275085	0.0237023938	-0.05029195	-0.001948533	-0.0544216428	0.0253983158	-0.0234001667	-0.1180222752	-0.0269020342	0.0453027612	0.0724752865	-0.0653709918	0.0412110953	0.0710619725	0.0639280664	0.0112915383	-0.0626032742	0.0332843212	-0.0240526125	-0.10840416679999999	0.062041351900000014	0.0694231801	0.0413755513	-0.0503003661	0.0649129311	-0.0963749606	-0.052590478499999996	0.06197182690000001	0.050645835599999994	0.064848513	-0.1613405135	0.0154275121	-0.0282805796	0.0323424758	-0.0075431206000000015	0.0570520116	-0.0817026015	-0.0647476548	-0.0238837031	0.0455725913	-0.0651981735	-0.0985649342	-0.1413663626	0.0459389771	0.0359491035	0.094409133	-0.1967937829	-0.0025414349	0.0066794302	-0.0608480136	-0.0332313112	0.09963783609999999	0.135446	-0.012250999999999984	0.00015008700099999962	0.018345618916000003	0.130629	-0.15565300000000004	0.017063935641000002	0.024227856409000013	0.139722	0.021240000000000026	0.019522237284	0.00045113760000000096	0.00406307	-0.0005177200000000002	2.680339984000002e-07	1.65085378249e-05	0.0007592239999999999	-0.00013181800000000013	5.764210821759997e-07	1.737598512400003e-08	0.00452192	-0.00103271	2.04477604864e-05	1.0664899441e-06	0.0	0.0	0.0
8261.631830093045	4.5725292812421685	20.90802402781702	68254560.49600656	10047.080357067862	-32.53519519251131	1058.538926214811	100943823.70137888	6262.36849258172	-0.3687624560488985	0.13598574899121574	39217259.13688024	6585.2849634010045	8959.029941673409	0.982185	43.184212	0.14412660000000002	0.07991430000000001	0.0365314971	-0.0427836318	-0.0090380422	-0.0326225865	0.11842289269999999	0.0291090746	-0.0307241253	0.0324017209	0.040829225499999997	-0.0646540082	-0.0729916457	-0.0082502889	0.1134240271	0.0603077169	-0.05587352599999999	0.0714415694	0.10667749	-0.017812418	-0.0216341425	-0.0498217274	-0.0537635505	-0.0413314072	-0.1477903878	0.006466685	0.1230833925	0.0471861332	0.0061242451	-0.0385473141	-0.0165378764	-0.0705972137	-0.0834367223	0.0028014488	-0.0233794148	-0.042652989800000006	-0.0519136463	0.10900207279999999	-0.0092409977	-0.0505111091	0.0587196566	-0.1043978527	-0.07101863139999999	-0.0571486329	0.08553238490000001	0.0732424235	-0.0526687044	0.010988566299999999	0.0019940461	-0.048620786500000006	-0.009116942099999999	0.12114762789999999	-0.0194803741	0.0787869736	0.06657892280000001	0.0215212654	-0.1531145695	0.0845916025	0.022011878399999997	0.052765896500000006	-0.0049593189	-0.041996540199999995	0.0848903761	0.05825973440000001	0.1317973479	0.0179292574	0.0100453257	-0.0980703358	-0.0230853575	0.0016527367000000002	0.0334142739	-0.0072878787	0.1183603162	-0.0353422739	0.028053342599999996	-0.1551521924	0.0022011123	-0.045637203499999994	0.1077960075	-0.047365813	0.0911943115	-0.06460436530000001	-0.1217436196	0.075160196	0.0914618566	0.0950770453	0.0043324282	-0.025754990099999996	0.0036299659	-0.0675089033	0.107657183	0.044132268499999995	0.0320547446	-0.0345868866	0.0321380638	-0.018170896399999997	0.0161717132	-0.08538219720000001	-0.013747715800000001	0.066148927	0.0115215394	0.0424681377	0.0042296014000000005	-0.09589427869999999	-0.0801458204	0.011323666599999999	0.0765819745	0.1154951255	-0.0171777787	-0.0835282881	-0.0418550901	-0.049064240099999996	-0.1185838163	0.052265	0.0499592	-0.0528386828	0.0870535716	-0.0904583304	0.0570132083	-0.0048151227000000005	-0.0695521429	0.05487804599999999	0.0106213105	0.0638482168	0.0496420673	-0.0235665071	0.0134458616	-0.1354483459	-0.0063197213	0.0542401611	-0.0445050822	-0.06311582889999999	0.0486306226	-0.1088474157	-0.0353122715	-0.0412663777	-0.0043152477	-0.06445885309999999	0.0491590756	0.09904174980000001	0.08535874130000001	-0.006564193100000001	-0.0409548446	0.0187562669	-0.0285079435	0.011517024499999999	-0.0360130236	-0.0793827079	0.0207244116	0.0545668883	-0.0915366407	0.028132277400000003	-0.13955414289999998	-0.0103171737	0.0014833668	0.032464839100000004	-0.0349223852	0.13708624390000002	-0.1465815254	-0.0818485514	0.0271820175	0.0372773305	-0.0415587276	0.09840696	0.131200648	-0.0157042068	-0.12140813240000001	0.015934732099999998	0.007307974799999999	-0.0929729317	-0.0104414959	-0.0019508048	0.1206917923	0.026609447	-0.0667315243	-0.028307128900000002	0.0077268797	-0.1126617639	0.029465704	0.0446604926	-0.022933112999999998	-0.02278737	0.0120705065	0.0040854243	0.0619070075	-0.0951439541	-0.055497699299999995	0.043624979800000005	0.15212832269999998	-0.10515195810000001	0.0742119654	0.0416825916	-0.0516547394	0.0517395212	0.0595855725	-0.0042059651	0.029559425	-0.062284525300000004	-0.0298381391	0.09793586060000001	0.143403	0.007956999999999992	6.331384899999987e-05	0.020564420409	0.199282	0.06865299999999999	0.039713315524	0.004713234408999999	0.116262	-0.023460000000000026	0.013516852644	0.0005503716000000012	0.00438507	0.00032199999999999937	1.0368399999999961e-07	1.92288389049e-05	0.0007531219999999997	-6.102000000000125e-06	5.671927468839997e-07	3.723440400000153e-11	0.00507495	0.0005530300000000004	2.57551175025e-05	3.0584218090000036e-07	0.0	0.0	0.0
8269.93789617798	8.306066084935082	68.99073380730881	68391872.80664068	10056.946843047355	9.866485979493518	97.34754558354216	101142179.80388016	6259.109066668724	-3.2594259129955385	10.623857282306805	39176446.30845463	6580.872972071124	9020.342296815674	0.960769	42.242615	0.03349940000000005	0.0174612	0.0370381916	-0.0882419306	0.0630970717	0.0685721738	-0.042937868399999995	0.018270011200000002	-0.025806353900000002	-0.07083471179999999	-0.11867128210000001	0.0528271841	0.0025735928	-0.010635146699999999	0.0602502087	0.0651680805	-0.0310243733	-0.0302162877	0.06468455099999999	0.07116464269999999	0.0546951113	0.0306790386	0.033449375	-0.086481482	-0.0923016613	-0.010494263	-0.0654823537	0.010126873100000001	-0.08444578109999999	-0.053860427	-0.0696787553	0.0718785268	0.056885683799999996	0.0214792008	-0.0927775451	-0.0179413831	0.0304839683	0.0003583651	-0.0152293196	0.00043617870000000003	0.0241666852	-0.0905209033	-0.0157148592	-0.0639935813	0.0075139014	-0.0257780138	0.0453572676	-0.1459185593	-0.0676764229	-0.0392976289	0.056355548899999997	-0.0932051041	0.0276246854	0.0508665363	-0.046205324000000006	0.1113641668	-0.0570865221	0.12252653460000001	-0.004275526500000001	0.006459306999999999	0.0839582813	0.0533409267	-0.0060094564	0.045497456500000005	0.047031958	-0.0831212818	-0.0673693603	-0.026130809700000004	0.08939455140000001	0.0435887446	-0.0497614455	-0.082623675	-0.0036805125	-0.1209205938	0.047687756399999996	-0.0072948763	-0.048192933099999995	-0.043968179	-0.0887538773	-0.015983743999999998	-0.0070436987	0.0660822236	-0.1234241577	0.0856985627	0.0678367265	0.0344017202	0.029673929100000006	0.1052545232	-0.0743727673	0.00094344	0.1173750636	-0.0291532778	-0.0045203095	-0.1010717175	-0.0356595209	0.1550835674	0.006310761999999999	-0.1002171568	0.039222940899999996	0.060140817699999995	0.0376215228	-0.0403867466	-0.013822456499999998	0.0633421646	0.0281709133	-0.032330094	-0.1227164448	-0.013238688799999999	-0.0087592759	0.0197934666	0.0258415663	-0.0025417991	0.1441419052	-0.014809794499999999	-0.1001856168	0.0241089706	-0.038778293900000003	-0.1073510494	0.014776626000000001	-0.022538159	-0.0706480146	0.0266536359	0.062614726	-0.0239773935	0.044185534900000004	0.0176343921	0.0926827836	0.0961077878	-0.030186798900000002	0.0605368607	-0.0479014779	-0.1008416512	-0.026242296600000003	-0.081690341	0.027545253399999997	-0.0800284886	0.0576783115	0.013096229499999999	0.018622403500000002	0.0065599239	0.0543554739	0.0819712498	0.08226194099999999	-0.0337653221	0.0301712989	-0.0190157795	0.0223677088	0.0499178345	-0.0823723522	0.043488599100000004	-0.087527355	-0.0207314285	-0.0777202537	-0.028406782599999996	0.1651462269	0.0165419979	-0.0869657668	-0.0228554521	-0.1151170241	-0.050549555999999995	-0.0630056037	0.0250574321	0.044729427300000006	0.034343208199999996	-0.0663884702	0.0868531188	-0.034491274599999996	-0.05310206940000002	0.0702218071	0.013497211200000001	-0.0197772856	-0.034902823900000005	-0.0024131114	0.0567036113	-0.1254211371	-0.09512805619999999	-0.017553255900000002	0.0763035734	0.0209266133	0.1376739797	0.0207868394	0.051512570199999996	0.0423969191	0.043476304	0.0889289391	0.022422326800000003	0.0041524958	-0.0064334851	-0.1000853247	0.142060723	-0.009534585699999999	-0.10753071410000001	-0.0485744383	0.0300766735	-0.0760682181	-0.0556527185	-0.06493344200000001	-0.0637028804	-0.0264101769	0.0959769915	0.13773	-0.005673000000000011	3.218292900000013e-05	0.0189695529	0.207183	0.007901000000000019	0.042924795488999995	6.24258010000003e-05	0.129978	0.01371600000000002	0.016894280484000004	0.00018812865600000052	0.00438507	0.0	0.0	1.92288389049e-05	0.00083266	7.953800000000031e-05	6.933226756000001e-07	6.326293444000049e-09	0.005030300000000001	-4.464999999999938e-05	2.5303918090000005e-05	1.9936224999999445e-09	0.0	0.0	0.0
8263.526345521972	-6.41155065600833	41.10798181456085	68285867.66313572	10074.587461623183	17.640618575827826	311.1914237378419	101497312.52189504	6263.508339907241	4.399273238516798	19.35360502713008	39231536.72408756	6589.858040460299	9066.948707141604	1.0851030000000002	47.709255	0.22627325	0.160418	-0.08063301610000001	-0.08488592869999999	-0.0411013748	-0.06245339990000001	-0.06759307120000001	0.0032230203	0.0829541297	-0.0052216939	0.032556662400000005	0.0938833758	0.0166131188	-0.0288623223	0.1458307776	0.0072835769	-0.1435057523	0.1507609215	0.1435184277	0.0298261978	0.010550577	0.0023329557	0.0369231004	0.015684448400000002	-0.08897755269999999	0.0335143368	-0.1505731301	-0.0985583417	-0.08174662440000001	0.0733932128	0.0248281965	-0.0740152034	0.0300887835	0.0091180098	0.0226693858	0.0205430862	0.0182306056	0.039725732799999997	-0.050982600700000005	0.045455261399999995	-0.0157640288	-0.0894588025	0.0119798431	0.08356696129999999	0.040694004	0.0632392658	0.030019254	-0.1296833583	0.0427953096	0.0805331642	0.0246697548	0.019637751499999998	0.033344206099999996	-0.130464644	-0.0290437544	0.0448871458	0.0026679515	0.0274619461	-0.0027787835999999997	0.1876185857	0.0215378364	0.0050317963	0.056413738	-0.015429288999999999	0.0415844343	0.1310708475	-0.07891929339999999	-0.055438963	0.1078519617	0.10991819789999999	0.0610196703	0.0144193275	-0.0183482129	-0.2110342589	-0.1444926379	0.048840839299999994	-0.0128981874	-0.07520012549999999	-0.0175244536	-0.0310905671	0.0028053112	0.012389985400000001	-0.09129975119999999	-0.0534943074	-0.1410471996	0.0137302481	0.037406581	-0.061939373099999986	0.0441516458	-0.007540863	-0.002160312	0.0545758567	-0.0516505085	-0.053541951	0.0269599248	0.0602347924	-0.0702098139	0.0062844068000000005	0.0159579056	-0.0710590768	0.0392218507	-0.0451625109	-0.0031106004	-0.054124834000000004	-0.0129136798	0.0272346211	-0.1381851138	0.0418415305	0.052640065199999996	0.035761401899999996	-0.0395751466	0.1330723249	-0.0599664565	0.028163336400000002	0.0997521569	0.1114696927	-0.0546389824	-0.0118627914	0.11203668619999999	0.0230799332	-0.0036641838	0.050715374400000006	0.0341423623	-0.034213256000000004	-0.0781986615	-0.0087032064	0.0538302874	0.0209517825	-0.018690108799999997	-0.13098657560000002	-0.0663942611	-0.0518170683	0.0600393804	-0.0386918794	0.0826636116	-0.1261966425	-0.11027435470000001	0.0033803092	0.0345010233	0.1187876491	0.0131820343	-0.0444287274	0.0278510756	0.0491244838	0.0177037149	0.0480857793	0.0761095146	-0.025056586800000002	0.1491073999	0.07599739679999999	-0.09586081369999999	-0.1268644586	0.04869861599999999	-0.09781999039999999	0.0660795488	-0.0820520522	-0.1155533941	0.0778724149	-0.0453570264	0.1624159014	-0.09529027640000001	-0.0272081213	-0.030802950099999997	-0.0153446703	-0.0127442821	-0.0365871584	0.0158918761	0.0885016723	-0.034613924	-0.1207039669	0.0454986218	-0.0293055241	0.0379666484	-0.050541408899999994	-0.0262007209	0.0122890243	-0.03695637	-0.0164338295	0.006767245	0.0034497903999999996	0.0013535859	-0.0404265733	-0.0095286092	0.0525515292	-0.09120136289999999	0.031884042	0.04327955	0.0671719551	-0.055675170999999996	-0.044528482599999995	0.1637059702	0.0096558985	0.0663760723	0.0104426451	-0.11377417220000001	0.0459375782	-0.0793455289	-0.0651026654	-0.0229514217	0.0937663669	0.133366	-0.004363999999999979	1.9044495999999813e-05	0.017786489956000004	0.0537355	-0.1534475	0.00288750396025	0.023546135256250003	0.148071	0.018093	0.021925021041	0.00032735664899999985	0.00438507	0.0	0.0	1.92288389049e-05	0.000672805	-0.0001598550000000001	4.52666568025e-07	2.555362102500003e-08	0.00418278	-0.0008475200000000009	1.7495648528399993e-05	7.182901504000015e-07	0.0	0.0	0.0
8250.83020741443	-12.696138107541628	161.19192284577073	68076199.11158246	10057.019302072653	-17.568159550530254	308.6402299928874	101143637.24226192	6258.044765204218	-5.46357470302337	29.850648535516893	39163124.28329991	6583.915188917187	9060.151304925308	1.093325	48.070793	0.27275725	0.176272	0.0421732456	-0.053277667300000005	-0.0043959641	-0.0712123143	0.09431721039999999	0.0120364927	-0.0510833467	0.007471898199999999	0.0747459352	-0.034476919	-0.1271776963	-0.0412158544	0.04763041690000002	0.0136489023	0.0267164892	0.10642874849999999	-0.0375841839	-0.0196966401	0.0672623056	-0.058221283799999995	-0.040574200299999995	-0.0394701058	-0.0474733106	-0.013580586499999998	-0.0001061307	-0.0995177888	0.0122863381	0.0331918245	0.0039179746000000005	0.119266065	0.04412376690000002	-0.12830458919999999	-0.0097221255	0.0168020089	-0.0002751518	0.11631059029999999	0.0759211009	0.0188489364	0.0523732234	-0.034691662799999995	-0.06361755200000001	0.0585757272	-0.1097202642	0.10545040050000001	0.0047743436	0.1351592136	0.027665697000000003	-0.059537980899999995	0.024825216299999998	0.1081191068	-0.0601242312	0.0275172643	0.061804812599999995	0.0488035902	-0.0128210236	0.025138183300000002	-0.025105938300000002	-0.0321782177	0.0403286874	0.0342446959	-0.022652461000000002	-0.0336729659	0.0978154676	-0.0488710593	-0.0416554917	-0.1056198927	0.0419234958	-0.0681924621	-0.0114686924	0.024590823900000003	-0.0337056764	-0.0622558581	-0.013598466100000001	0.058787037199999996	-0.1317987228	0.056742165899999995	-0.0048897987	-0.0265129313	-0.1074037181	-0.052781960999999995	0.1150951214	0.2074162349	-0.0130847836	0.0979582814	-0.0254334951	0.0023354498999999997	-0.016068105200000002	-0.037242159	-0.11324625699999999	0.0801003794	0.0045753681	0.0627969563	0.036255805	-0.0174602919	0.1542287997	0.0820497041	-0.1262406822	0.0001307688	0.043804135999999994	0.11165929529999999	0.0095278207	0.0688107322	-0.0934528421	0.1586551711	-0.0402411954	-0.1230335819	0.0905563892	0.0819293552	0.0385721867	-0.039492584500000004	-0.010810610900000002	-0.0343418587	0.0539760404	0.0468961669	-0.0075692973	0.034336897000000005	-0.0763041128	0.0461917471	-0.169323972	0.034615614700000005	0.0360445794	-0.0132425169	0.0622080637	0.027133232900000002	-0.011019523600000001	-0.13104896230000002	0.0174511077	0.0120809098	-0.0720536907	-0.0142362664	-0.0269614681	-0.0034211853000000003	-0.0199865545	-0.0352388499	0.034628605699999995	-0.0406747192	-0.0446915106	0.0288250213	0.12130301130000001	0.0916103274	0.0613071561	0.0040909151	-0.024139883799999998	0.0056285729	-0.0675252146	0.0609657821	0.1104369903	-0.0207461247	-0.1006105943	-0.021873471000000002	0.0073609322999999985	-0.0057764477	0.15406584	-0.0403293592	0.0331335516	-0.020805871299999997	0.1447146014	-0.1339851755	-0.0517160408	-0.0490534822	0.098606584	-0.0557090326	-0.0315495611	-0.06867104360000001	0.0799037218	-0.1044259416	0.0068463084999999995	-0.0944699372	0.046251266799999996	0.014061548899999998	-0.00019021029999999998	-0.0958396086	-0.0379457993	-0.0744999781	0.0473580293	-0.0967026094	-0.0807221814	-0.1639156867	-0.0302072259	-0.0243090986	0.04432307940000002	-0.1949850433	-0.0148558487	-0.08979882550000001	-0.1344133481	-0.0097273038	0.0202780815	-0.0557128888	-0.15569475130000002	-0.09389490240000001	-0.0415425015	-0.044947589100000004	0.0118216228	-0.029183422599999998	0.0176903228	-0.06648347240000001	-0.0194659062	0.0913097856	0.14391199999999998	0.010545999999999972	0.00011121811599999942	0.020710663743999998	0.217025	0.1632895	0.047099850625	0.02666346081025	0.109577	-0.03849400000000002	0.012007118929	0.0014817880360000009	0.00438507	0.0	0.0	1.92288389049e-05	0.0008212099999999997	0.00014840499999999978	6.743858640999996e-07	2.2024044024999936e-08	0.00524293	0.0010601500000000002	2.74883149849e-05	1.1239180225000005e-06	0.0	0.0	0.0
8255.905023732726	5.074816318296143	25.753760664444822	68159967.76089527	10053.77614038845	-3.2431616842022777	10.518097709877754	101078414.68104409	6266.001349419327	7.956584215109615	63.30723237213149	39262772.91092483	6589.7272419181945	8981.245065994148	1.04504	45.947819	0.19848925	0.113739	-0.0453533329	-0.050987787199999995	0.0327138767	0.0702649502	0.06829404110000001	0.0160231867	0.047677880199999995	-0.0575805261	-0.11136462789999999	-0.0341214273	-0.061248814400000004	0.048062329699999996	0.1175091223	0.045282754800000005	-0.0139599693	0.0018788964999999999	0.0781609159	-0.07880235349999999	0.0807983613	-0.054377890199999994	0.051018466500000005	0.082417214	-0.063285073	0.006921345400000001	0.1445931211	0.020783186999999998	0.056435378	0.2069615114	-0.020119970600000002	0.0419511635	-0.0934579539	0.053281914400000005	0.0724165789	0.0754762831	0.0418605548	-0.0696622462	-0.0548002413	-0.027238656099999998	0.09513624220000001	0.0074286943	0.0569128706	-0.0736166985	-0.0643943759	0.0497036487	-0.1235384099	0.09829094779999999	-0.10131535359999999	0.020536801299999997	0.047075089800000004	-0.06099626230000001	-0.0088123352	0.1274875105	-0.1123258815	0.0779364997	0.0848440293	-0.0039186946000000005	0.1405418525	0.0425942132	0.001325757	0.0556637672	-0.0273514159	0.10578097410000001	-0.1442283448	0.0360056506	0.0209114408	-0.0022709805	-0.1876044375	0.083641118	-0.030724829	-0.0462026779	-0.0155643575	-0.1123165292	-0.0546178005	-0.1063466493	-0.0752044074	0.0014958272	0.0853121935	-0.1187267259	0.0720257459	-0.0466208159	-0.0135914308	0.0188457175	-0.1199236707	0.0321741281	-0.0387289643	-0.0658628208	0.020560816200000002	0.0695693139	0.0613863672	0.0638560459	0.0364461385	0.09583308310000001	-0.0772571012	-0.048044484000000005	-0.1997771386	-0.0163781681	-0.12363509140000001	-0.11069114740000001	-0.0008867209	0.016604404	0.0659717621	-0.09551884599999999	-0.024599989	0.0172688919	-0.0666360674	-0.0067764248	-0.0729989209	0.0402884055	-0.0943139267	-0.056698962699999994	0.0190191909	0.040916767799999997	0.132553471	0.0146609017	0.0073115578	0.0024773719000000002	0.026994627	0.10454697619999999	0.056093600599999995	0.0156864097	0.0530403056	0.0193938879	-0.022061690699999997	0.0270442342	0.06271808429999999	0.0645896352	-0.0717108489	0.12208565	-0.0354337925	-0.0829575434	-0.0071002966	-0.0124398251	0.0981265636	-0.013566253700000001	-0.1482595668	0.073156376	-0.0213918694	-0.11645059810000001	-0.105410103	0.0284365535	0.0371197636	-0.0096988517	-0.1424422826	-0.046746808099999995	0.012293625800000001	-0.121173807	-0.013023124399999999	0.0066753156000000004	-0.0021157354000000002	-0.102954836	-0.0145201272	0.078409938	-0.014794383000000001	-0.1273413201	0.0235427992	0.1319302921	0.092582275	0.0357657159	0.0078928098	-0.1820701342	0.009401167299999999	0.0085583405	0.1177331825	-0.047534424900000004	-0.1200755166	0.0248128436	-0.057139959000000004	-0.0339875575	0.0351808838	0.0386019204	-0.10135966880000001	-0.096766964	-0.1215228177	0.0472842454	0.1531669845	-0.0214640265	0.0348261571	0.0711079861	0.11083091460000001	-0.0803238135	0.061612540199999996	0.1374938553	0.0076517611	0.014777353	-0.036959856299999996	-0.0124952823	0.0288013538	-0.0829139862	0.056492974400000014	-0.0461518534	-0.0181967465	-0.0288945303	-0.0100010524	-0.0682157867	0.0089621525	-0.0678448988	-0.0159576943	0.0886136913	0.137657	-0.006254999999999983	3.9125024999999794e-05	0.018949449649	0.115965	-0.10105999999999997	0.013447881225000005	0.010213123599999995	0.14706	0.037482999999999995	0.0216266436	0.001404975289	0.00415158	-0.00023348999999999942	5.4517580099999714e-08	1.72356164964e-05	0.000616795	-0.00020441499999999976	3.80436072025e-07	4.178549222499992e-08	0.00460701	-0.0006359199999999999	2.12245411401e-05	4.043942463999999e-07	0.0	0.0	0.0
8246.962950249159	-8.942073483567583	79.9606781855225	68012397.9027823	10064.558225647766	10.782085259315863	116.25336253915644	101295332.27745412	6259.206701164663	-6.794648254664025	46.167244904608886	39177668.52790462	6585.194600786531	9009.381182011624	0.9916990000000002	43.602516	0.11822769999999995	0.0611221	0.0078398635	-0.0405221811	0.0563066342	0.0656529003	-0.0566425149	0.009124268199999999	-0.011161771599999998	-0.0698068183	0.0529024429	0.0081927511	0.0824495252	-0.13243370710000002	0.0070311873	-0.0007116438	0.0774226052	0.10581774140000001	-0.0183092269	0.031817631	0.0087767878	0.0177556748	-0.059190710999999986	-0.1604590353	-0.0104042589	0.1230663389	-0.0564940121	0.0580202338	-0.02286839	0.028953320699999997	0.0591888969	0.0210049252	-0.018973850900000002	-0.0156450077	0.046874497800000005	0.0915242024	0.2176117886	-0.0934521256	-0.0053028214	-0.050526059500000005	-0.0772914092	-0.0360451876	-0.0130143132	0.0334683027	-0.015684921299999998	-0.0406039996	-0.042142583600000005	-0.0689104259	0.0093665197	-0.020670367	0.05208215730000002	-0.0773093532	-0.0808426379	-0.0361487618	0.0986907212	0.0690656473	-0.017312159599999998	0.036149341200000004	0.0607772596	0.12092088449999999	0.047660887199999995	0.0537843351	-0.010054218699999999	0.0043318712	-0.0201374839	0.0491510505	0.0120155245	0.017544478999999998	0.010461880500000001	0.0699804815	0.0305503012	-0.0057456952	0.076118775	0.005326279200000001	-0.0290270329	-0.0167622703	0.0823225955	0.0817928824	-0.0045640502	0.0018994702	-0.0783802274	-0.0784834371	-0.0725071689	-0.0884286983	-0.0044120609000000005	-0.0415839434	-0.053528233200000004	0.0269784921	-0.176306778	0.0982470273	-0.1384464397	0.08596687630000001	0.06489773559999999	0.2105790717	0.1199735417	-0.11635460060000001	-0.053734791799999994	0.05580023730000001	0.0198535445	-0.010709327900000001	-0.0660254645	0.030149839900000006	-0.046732600199999995	-0.1134432706	0.045743197	7.07326e-05	0.073984854	0.0109047828	0.010540541499999998	-0.1117496474	0.044614649699999995	0.18177938170000002	0.029298947599999996	-0.0124455511	-0.0162006873	0.1032724517	0.1437902602	-0.033476868300000004	0.0731630418	-0.0069883049	0.07246954530000001	-0.1354344927	-0.0272687101	0.032261220800000004	0.0161754869	0.0392613208	0.021622137799999996	0.048953835700000004	0.12413639259999999	-0.005948503000000001	-0.0971921749	-0.0396361917	0.0785318051	-0.0213736423	0.0252442105	-0.10459308699999999	-0.0531594079	-0.0168670434	-0.0589265411	-0.0651757218	0.0060104313	0.06176607	-0.009767044	0.0259930683	0.0078715712	0.051142464400000004	0.030461580099999996	0.081100697	0.0217259813	-0.0526899596	-0.0096128392	0.0143382847	0.0721699724	0.049472328499999996	-0.067463153	-0.0166453331	-0.0074013748	0.0312087102	0.011277428999999999	0.1030978618	-0.04433326519999999	0.0232835629	0.1630261264	0.2648721068	0.0056909774	-0.055619975700000004	-0.07649068269999999	0.0329636369	-0.1260289366	0.0610354022	-0.0102250714	-0.0327766042	-0.0973429533	-0.0056216148999999995	0.1021171434	0.1214616064	0.1278096347	-0.0139961164	-0.1216768836	-0.1114711157	0.0636693113	-0.0613606731	-0.0440580888	-0.009373585600000001	-0.0128583829	0.0479891687	0.0167137249	-0.0010458941	0.0103934601	0.0234097823	0.0408153838	-0.034241949300000005	-0.007556526700000002	0.1390862894	0.1685232591	0.11177865710000001	-0.027047960299999996	-0.06918654769999999	-0.012430876399999999	0.08568515619999999	0.13730699999999998	-0.00035000000000001696	1.2250000000001188e-07	0.018853212248999995	0.164266	0.04830099999999998	0.026983318756	0.0023329866009999985	0.121755	-0.025304999999999998	0.014824280024999999	0.0006403430249999997	0.00457477	0.0004231899999999995	1.7908977609999958e-07	2.09285205529e-05	0.0008004689999999999	0.00018367400000000002	6.407506199609999e-07	3.3736138276e-08	0.00488558	0.0002785699999999997	2.3868891936399995e-05	7.760124489999982e-08	0.0	0.0	0.0
8243.43221933792	-3.530730911239516	12.466060767582224	67954174.7548185	10083.103449069626	18.54522342185919	343.92531176667467	101668975.1646398	6266.409352335698	7.20265117103463	51.87818389160655	39267886.1710403	6594.808110253462	8917.590918081025	1.04543	45.964943	0.10749054999999996	0.0534404	-0.040532966499999996	-0.023348470299999997	-0.0042838497	-0.1051020504	-0.049307548	0.0033208344	0.0566204432	-0.0141333169	-0.0018350845999999998	0.1439430905	-0.0728791394	0.0690117194	0.013065366100000001	0.0697001567	-0.0273549083	0.046590046100000004	0.103531455	-0.061399889299999996	0.029090788	-0.0864927551	0.07227783900000001	-0.0364646107	0.0154176173	-0.057862553399999996	0.0143321374	0.0247967304	0.0370322338	0.0394263811	0.023777271800000003	-0.0302979687	0.023787347799999997	-0.0773977732	0.0239347546	0.017332216299999998	0.07748921889999999	-0.0154890974	0.0011687155	0.08644637	-0.0566698685	-0.0608729456	-0.0477202067	-0.2506403529	-0.0808746882	-0.0316146597	0.09619073060000001	0.034673358	-0.0201745139	0.0361788144	0.0350392777	0.0218365056	0.0845418853	-0.029631794500000006	-0.0747485116	0.181403239	-0.028953039700000002	-0.0279348644	0.0084486296	-0.0077783411	-0.0163099908	-0.0015800219000000001	0.11828416359999999	-0.04256876440000002	-0.0602128342	0.0064014397	-0.0391271295	0.0479417641	0.0151595053	-0.0849390977	-0.0455060729	-0.0767869779	0.0687527654	0.0101015067	0.0417551931	0.0332916312	-0.0535389897	-0.0239148238	-0.0001741173	0.0811058887	-0.0970641885	0.0556601013	0.1383228358	0.010913751499999999	0.0138314831	-0.0072167465	-0.0239523147	0.11685983119999999	0.0357810084	0.0730492625	0.0046923788	0.1316550134	0.005733870899999999	-0.0141450354	0.1300922882	0.06302127490000001	0.1509282243	0.035512092200000005	-0.0385234621	0.0125146622	0.0990558508	0.0267855334	-0.11613382539999999	0.0962433185	0.0253855862	0.0514339908	-0.0538754544	0.0138922092	-0.0548312926	-0.04326688769999999	0.013544361599999999	0.05223512809999999	0.0499009567	0.0701371286	0.0581290158	0.0691305242	-0.0783059584	-0.08416148949999999	-0.1119087265	0.1251524435	0.053281427199999995	0.0262396977	-0.0059861866	-0.0607166842	-0.0297101804	0.0048510265	0.0679265121	0.039599401299999996	-0.1331277283	-0.0700881223	-0.08562744539999999	-0.0505837608	-0.0948482865	0.0379885075	-0.057657621299999996	0.0162627401	-0.08207679059999999	-0.083527294	0.0280504729	0.0392293225	-0.0475296012	-0.030420740099999996	0.043860405199999994	-0.0330584316	0.012226241200000001	0.0155642973	-0.0097984503	0.014481206200000001	-0.1135915344	-0.052718527800000005	-0.0637443084	0.0226227329	-0.0005790091	0.0503111799	0.0127844671	0.094485741	0.0181759236	-0.0024350979	0.0781204811	-0.006079925	0.0574857637	0.04474499	0.1032502814	0.0249596391	-0.0816504363	0.0024811214000000003	0.0286703695	-0.087492217	0.043776578499999996	-0.032227961400000005	0.006938744300000001	-0.08012255	0.0131578654	-0.0755343067	-0.0321234376	-0.11753351529999999	-0.0140733304	0.005607215400000001	-0.11567203279999999	-0.0013767238000000001	0.0505489167	0.0556638238	-0.07119768259999999	-0.039772857200000004	0.07467439940000001	0.0988763314	-0.019194418600000002	0.0834212374	-0.0275397854	-0.1179515553	0.0656394255	-0.1464353761	-0.0099642705	-0.011321693	-0.0379814877	-0.0535923039	0.0293884352	-0.070508028	-0.0088895647	0.082531862	0.131118	-0.006188999999999972	3.830372099999965e-05	0.017191929924000003	0.135375	-0.028891000000000003	0.018326390625	0.0008346898810000001	0.15872	0.036965	0.0251920384	0.001366411225	0.00438507	-0.00018970000000000008	3.5986090000000044e-08	1.92288389049e-05	0.000746398	-5.407099999999994e-05	5.57109974404e-07	2.923673040999993e-09	0.00442044	-0.0004651399999999993	1.95402897936e-05	2.1635521959999934e-07	0.0	0.0	0.0
8237.904099765106	-5.528119572813012	30.560106011318307	67863063.95692675	10095.809594721064	12.706145651438419	161.44613731556748	101925371.37286188	6287.3780471469545	20.96869481125668	439.6861620876229	39531122.70774545	6618.657372748166	8853.18248320491	1.344257	59.10363	0.34832625000000017	0.20690100000000006	-0.17907156800000001	0.023370956499999998	-0.2044208875	0.013911143700000001	0.0295880517	-0.026846049900000002	0.221670129	0.1371240717	-0.0881253957	0.022406051200000002	-0.0504172787	-0.0521109628	0.0028290893	0.0048159317	0.0932552886	-0.0388950481	0.0685099406	-0.0328632991	0.0028339069	-0.0510112417	0.012043241000000001	-0.0664514682	0.0188343024	-0.1081239904	-0.0308805763	-0.0077272326	-0.0131981878	-0.0779031905	0.07528598759999999	-0.0640523667	-0.0607041234	-0.0873674965	0.0701012094	0.062440344	-0.1361407248	0.0810571719	0.0875186106	0.0287237869	0.0095548684	-0.0447954971	-0.050706158200000004	-0.0839600132	0.0364991406	0.2095935666	-0.0994285946	-0.0659051033	0.0866588769	0.2441197762	-0.1449133061	-0.0029437879999999997	0.0586107328	0.013123028200000001	-0.1218184777	0.0801181737	-0.1531791603	-0.1219204809	-0.1203156383	0.0783103619	0.07531455620000001	-0.17043945030000002	0.00028132849999999997	-0.0802360493	-0.0020082273999999997	0.0284126436	0.0467553987	0.1073541502	0.06564894610000001	0.0318592591	0.0383811688	0.13938805099999999	-0.0136688293	0.05969650610000001	-0.0199565787	0.0823291343	0.028630161	0.008476765	-0.030188683799999998	0.0114548746	-0.0050751112	0.1283242364	-0.0512417921	-0.0859052072	-0.056937739	-0.0616099131	-0.1012791982	-0.0654725816	0.075099312	0.0196626375	-0.0208552191	-0.0593202875	0.0385970677	0.0956393024	-0.009744709	-0.050763188499999994	-0.09638315480000001	-0.20066855	0.0509839937	0.0037742796000000004	-0.0559732929	-0.0500586175	-0.054738719500000005	-0.0755202809	0.0514628834	0.07257493599999999	0.0067663906999999995	0.0265931137	0.052193499500000004	-0.0304324316	-0.0176336628	-0.0179653527	-0.047814210700000005	-0.21749140190000002	-0.08864156	-0.0115033922	0.0268864322	0.025140048300000002	0.0387171401	0.050558017000000004	-0.0449576594	-0.0149438788	-0.011354758799999998	0.161496132	-0.2489175215	-0.11714965289999996	-0.046990200999999995	0.047940537199999994	-0.1365052124	0.0106966844	-0.040645889500000004	-0.0387665325	0.0066138201	0.0756074939	-0.1562670505	-0.0732977429	0.055588503600000005	-0.011041748300000001	-0.070844531	0.16981424190000002	0.0434979816	-0.0691311634	-0.1034933686	-0.028297107599999996	0.0731633971	0.1225838474	0.046601433899999996	-0.009729056	0.0019327801	0.0076397651	0.0871544167	-0.011639492900000001	0.0655069401	0.0216366678	-0.0602520625	-0.1226508786	-0.0504603654	-0.0267204735	-0.0063394636	0.10664111949999999	0.126402417	-0.028713960099999998	-0.033644696	-0.0188081759	-0.1111529959	-0.0445389203	0.0043620155	0.1679540569	0.015539774199999997	-0.0429584456	0.0678349169	0.0442562441	-0.1686654584	-0.024496048700000002	0.0464941944	-0.0309287192	0.0166808679	-0.0627740102	0.15855257109999998	0.0564261774	0.0416193656	-0.035187892799999995	0.021016681800000003	0.0068083308	-0.0301415514	-0.059517825199999985	-0.0195067685	0.0637839249	0.0452592913	0.05713815980000001	-0.0645370018	0.158741598	-0.1035424544	0.007289990899999999	-0.061990800599999986	0.0201115701	0.058913212199999995	-0.0718089546	-0.0053378881	0.0791620801	0.10422	-0.026898000000000002	0.0007235024040000003	0.0108618084	-0.054129099999999986	-0.1895041	0.0029299594668099997	0.035911803916809995	0.22548	0.06676000000000001	0.050841230400000006	0.0044568976000000015	0.00477391	0.0003888400000000005	1.5119654560000039e-07	2.2790216688100006e-05	0.000625015	-0.00012138299999999995	3.90643750225e-07	1.4733832688999993e-08	0.00362738	-0.0007930600000000004	1.31578856644e-05	6.289441636000007e-07	0.0	0.0	0.0
8254.106086072901	16.20198630779487	262.5043603179724	68130267.2801457	10121.825705785212	26.01611106414748	676.8380349020571	102451355.6182943	6295.2172024956235	7.839155348669009	61.45235658056595	39629759.62659682	6629.002807545732	8739.05712598478	1.297019	57.026688	0.2837545	0.222624	-0.0352231026	0.11811150529999999	-0.3099824	0.1115069741	0.0609030947	-0.0622784783	0.07892640440000001	0.233424878	-0.048621298099999995	-0.022525454599999998	0.0026548041	-0.2134055279	-0.07239718070000001	0.0773089668	0.14032670490000002	-0.049753804000000006	0.1119634424	0.0033652676	-0.11415968609999999	-0.1404032801	0.0041472625	0.0381279227	0.08670697050000001	-0.10277381220000001	-0.1703590139	0.0750805296	0.036541524	2.1737e-06	-0.1129917859	-0.0749952643	-0.0252004989	0.10218002179999999	-0.1457477439	0.0352024065	-0.1438536442	-0.1102182731	-0.1036016889	-0.0720281616	0.0073082723	0.041972465099999995	0.09483304740000001	0.0764947184	-0.0185557034	-0.0607572716	-0.0749737008	0.1016292192	0.0472236321	0.1498439986	-0.2708333089	-0.039502227200000004	-0.006059064100000001	0.0833880251	0.0695708916	0.139571422	-0.075311977	-0.1465782219	-0.09746722140000001	0.0453769813	0.2246875203	-0.1659611234	0.0497120074	0.11783542529999999	-0.025798791800000002	0.028056829300000002	-0.06345343889999999	-0.0982562092	0.033574897299999996	0.1145239384	0.062141412800000004	0.018776225	-0.037378587000000005	-0.0112342879	0.08867964730000001	0.054617713899999996	-0.07386905719999999	0.1069750755	0.1378313082	-0.0318255705	0.0482653778	-0.0297332711	-0.0829617842	-0.105546031	-0.026580206600000003	0.019937730600000002	0.0657332472	-0.0061341855	-0.016764298700000003	0.039659656200000004	-0.0762212917	-0.2071097684	0.0100338166	-0.2080925554	-0.0638782812	0.053589089000000006	0.050760981399999995	-0.06879094849999999	0.14708318410000001	-0.0970236218	-0.046063380099999995	-0.0847485658	-0.007216233000000002	0.0739522112	0.0065660667	0.047340175	-0.0138272862	0.04342286730000002	0.0075346291000000015	0.0146965103	-0.06057949610000001	0.0084180554	0.012745888700000001	0.17818238670000006	0.0189207552	-0.0185516444	0.021995905099999997	-0.08380546650000001	0.0526072338	0.0272335015	0.0965066056	-0.0707938833	-0.0653385853	-0.0624193131	-0.1528480639	-0.2136291383	-0.1512191701	0.0209294149	-0.0146150687	0.0661458943	-0.1881940366	0.0831352108	-0.1160522365	0.040376464300000005	-0.22876793780000002	-0.08580779150000001	0.012500273400000001	0.1740682093	0.0180307654	0.186020799	0.0341807296	-0.010619369699999999	-0.073131847	-0.1824019125	-0.068252093	0.0578512245	0.043054011100000004	-0.077003882	-0.0197596947	0.1357514829	-0.08491109529999999	0.042779449500000004	-0.0034739465999999997	-0.0112790435	0.0429213185	-0.08978866349999999	0.0029742171000000004	0.0186430405	-0.1173342092	0.0288245771	-0.025556622200000004	-0.0122200093	-0.0628018331	0.1150502073	0.1108351342	0.026055222700000002	0.1737909288	-0.0501222822	-0.0204066824	0.07208672769999999	-0.0466876096	0.0246813879	-0.0560469769	0.1298717036	0.0185218449	0.0283920727	-0.0818663171	0.13730335189999998	0.1112886357	0.014452315700000001	0.038812570899999996	0.0565476565	0.0028456589000000003	0.0643189938	-0.12220324070000001	0.1099345848	0.048834134800000005	0.0234865384	-0.020500456599999998	-0.0838701221	0.0726628991	-0.0478118463	-0.0373697971	-0.043215204800000004	0.0249670444	-0.024586922799999997	-0.0361706021	-0.0730889481	-0.0017799878	0.0755846496	0.114934	0.010713999999999987	0.00011478979599999973	0.013209824356	0.16634300000000002	0.2204721	0.02766999364900001	0.04860794687841	0.242274	0.016793999999999976	0.058696691075999986	0.00028203843599999915	0.00470983	-6.408000000000021e-05	4.106246400000027e-09	2.21824986289e-05	0.000454917	-0.00017009800000000004	2.06949476889e-07	2.8933329604000015e-08	0.00410869	0.00048131	1.6881333516099998e-05	2.316593161e-07	0.0	0.0	0.0
8265.631446581836	11.525360508934682	132.8339348609111	68320663.21072254	10093.499433760073	-28.326272025138678	802.3776868421539	101878730.81931493	6275.500832549837	-19.716369945786933	388.7352438391304	39381910.69933369	6606.647280364869	8926.869875160442	1.473475	64.78501900000002	0.6217013000000001	0.49049	0.11467977929999999	0.0617303737	-0.2829607351	0.16020382	-0.0031887062	-0.0429102945	-0.0578295282	0.2514805659	-0.1503837756	-0.07053054389999999	0.1745376095	0.0919238131	-0.0068099553	0.0460232109	0.1634012037	0.078528583	0.0125875776	0.08852708779999999	-0.1256912765	-0.1117854632	0.0233232954	-0.0803574235	0.0028901014	-0.0414965187	0.0054627677	-0.041157895699999995	0.0680777584	0.0293399684	-0.0632458386	-0.0480556168	0.0108531158	0.0093068752	0.0786275327	-0.0064525649	0.0218249467	0.1507657543	-0.036689551800000005	-0.0732803736	0.042762126	0.0083786755	-0.07668576889999999	0.0568550905	-0.0664628385	0.0254999915	0.0096999113	0.0331275495	-0.0345805743	-0.057882737699999985	-0.3110012472	-0.0595169192	-0.0918965446	0.046856445700000006	-0.0720632489	-0.1532673808	-0.118052393	-0.1581348759	-0.00283256	0.17946906079999994	0.014848916200000001	-0.0090451204	-0.013198936100000001	-0.0086166338	-0.0499387112	0.1413939861	0.0045175456	0.0412886198	-0.0789505777	0.0163154532	0.08403456529999999	-0.0554856276	-0.04730519019999999	0.0450446672	0.0355980364	-0.0083880963	0.052472324800000004	0.0016475935	-0.022231845299999997	0.0393404089	-0.058511569900000004	-0.1516924459	0.027151129399999998	0.09030232619999999	-0.0929379016	0.0903227178	0.0766776903	0.099490383	-0.0250065128	-0.056499259800000014	-0.0455849729	0.0154700365	-0.050252544100000004	-0.0026370567	0.09097383869999999	-0.12232148550000001	0.014078209	-0.013176483999999999	-0.0782108562	0.028608266400000002	0.2078074776	0.037692909	-0.0373369364	0.0948129357	0.0925267558	0.0885449344	-0.0598237199	-0.1114651831	0.014585256999999999	-0.0730093612	-0.0693215842	-0.0161032998	0.0382684858	-0.006178873499999999	-0.05508060769999999	-0.0312195625	-0.027554989900000004	0.05731607690000001	-0.092160831	-0.0004710580000000001	0.0795616497	-0.1105977075	-0.072040866	-0.0514946139	0.0292055058	-0.2315975559	-0.2277124764	0.0804677347	0.021110528700000002	0.096666542	0.14432481449999998	0.0081981217	0.1078342009	0.1061615051	-0.17569716859999998	-0.15262002759999999	-0.1546781586	-0.0315709842	-0.0724063461	0.024186242099999998	-0.0060360405	-0.0702525617	-0.067958692	-0.0677495646	-0.0981551066	-0.1314747469	0.13943106689999998	-0.0356258536	0.0137808332	0.0072995648	-0.0282618638	0.1244037977	0.022916137799999996	-0.1067285026	-0.0374342782	-0.0269871546	-0.0318204942	0.005829471700000001	0.0898504631	-0.07201625440000001	-0.1149928939	0.042526839299999994	0.04536055730000002	0.0161693722	-0.027339211699999998	-0.0860111798	-0.0218998786	0.0060300822	-0.0038874496	-0.0019245313	0.042752920800000004	0.1122377698	0.0458745426	-0.0734282985	-0.0130903887	-0.048828234299999995	0.1754945776	0.018668651	-0.1013826118	0.0212617388	-0.0924307064	0.1041793683	-0.0272957702	-0.0476373345	0.0595997423	-0.05189304980000002	0.1961085679	0.0157207752	0.0374733716	0.0185132948	-0.0489617966	-0.1245786363	0.046532218099999995	-0.0485090699	0.0046215031	0.0005484476000000001	0.12433087550000001	-0.0743476354	0.0017799878	0.0718089546	0.11839400000000005	0.0034600000000000602	1.1971600000000416e-05	0.014017139236000013	0.6463260000000001	0.4799830000000001	0.4177372982760001	0.23038368028900005	0.220444	-0.021829999999999992	0.048595557136	0.0004765488999999994	0.00626469	0.00155486	2.4175896196e-06	3.92463407961e-05	0.000594973	0.00014005600000000006	3.539928707290001e-07	1.9615683136000017e-08	0.00474234	0.0006336500000000004	2.2489788675600008e-05	4.015123225000004e-07	0.0	1.0	0.0
8238.530977371212	-27.100469210623487	734.4354314359517	67873392.66510506	10089.57421962766	-3.925214132412293	15.407305985289192	101799507.93337512	6251.094598432204	-24.406234117632266	595.6642638046773	39076183.67854829	6581.484411313039	8931.701870687635	1.129192	49.647739	0.18733820000000004	0.107167	0.1183189019	0.045764350499999995	-0.20563175109999998	-0.0041992384	-0.1829893626	-0.0150300816	-0.0763802965	0.19997149820000001	0.0067924434	0.0822549399	0.23119063780000002	0.0711197801	-0.0451253987	0.013894243	0.1456779561	0.1522156666	-0.1595964802	-0.0066247861	-0.0311483665	-0.0335219686	-0.11795563449999999	0.20187952550000002	-0.0413435916	-0.09880830439999999	0.008028532	0.0541960714	-0.0889820786	0.0401055897	0.047056418899999994	-0.0906564149	0.0594191753	0.07147796599999999	-0.018290491699999998	0.11919781539999999	-0.0631137118	0.08809054919999999	-0.0639950956	-0.0031864968	-0.0724347717	-0.0433577659	-0.1247466334	-0.0699557938	-0.0760166772	0.0686513814	0.066283806	-0.0523427576	0.0320076906	-0.10856718050000001	-0.20959761429999998	-0.054451855	0.054480245	-0.1893657561	-0.1254559957	-0.22391867629999998	-0.0832165543	0.0167051425	-0.0043660949	0.0782676591	0.0186587963	-0.0736336884	-0.0239566801	-0.045991067999999996	0.05189756	0.0047005735	0.0758506109	0.021447683199999998	0.1365878391	0.0362415046	0.033795368199999995	-0.15168107	0.0493088734	0.0008045966000000001	0.0027374132000000002	0.08106454219999999	0.0028512126000000003	0.07586196440000001	-0.047819179100000005	0.010020185400000001	0.056587818899999996	0.0963309605	-0.12370029119999999	0.030121078199999998	0.0270390485	-0.09969841369999999	0.0324627481	-0.0461643463	0.0157876334	0.0983038906	-0.023281381400000002	0.051772814900000005	-0.2151401968	-0.0257227644	0.024057252400000003	-0.06442327240000001	-0.011191528000000001	-0.0081027889	-0.1370200964	0.0187792235	-0.056143816799999996	0.12953985210000002	-0.0864950365	0.0325022848	-0.11488863	0.055575148399999996	-0.1215005296	0.1039848423	-0.0621054005	-0.0575135316	-0.0206962659	-0.0061442066	0.1275081548	-0.020413395600000002	0.044215871600000005	0.0490528789	-0.051057480599999996	0.0358921115	-0.1070093893	-0.0364390963	0.0314695044	0.0871861572	-0.029792107	0.0366501101	0.08173625940000001	-0.1671511574	-0.13436544279999998	0.11239597130000001	0.0109663876	-0.1513750751	0.2269648014	0.0467048214	0.12446915369999999	0.0087244552	-0.0031798319	-0.09249820019999999	0.0410030732	-0.0031330059	-0.1217800896	0.1072429892	-0.011195634099999999	-0.06603461349999999	0.0022317222	-0.0404734936	0.0467491143	0.0867818585	0.2038518227	0.1546330092	-0.055693592800000004	-0.0218812216	-0.0445783368	-0.0490949704	-0.0172498175	-0.0712515786	0.14656636439999998	0.0077057651	0.0457836511	-0.0067383945	-0.055887003600000006	0.1307206025	0.0480830259	-0.0016187625	-0.14002277800000001	0.0092775697	0.0623539342	0.07955996	-0.000562727	0.0339149133	0.1034939941	-0.0579190978	-0.064550019	0.0807949417	0.0088959341	-0.0054572175	0.0313603238	-0.0566810647	0.028608874399999998	-0.1208619982	-0.19557152949999998	0.0114948945	-0.0250646108	0.0038646146999999995	0.0856168433	0.042111872300000006	0.0274135259	0.0046758849	-0.1461808379	-0.0482312185	-0.0287309334	-0.0783227909	-0.015379617	-0.0070390452	0.1131181831	-0.0182735924	-0.1116110307	-0.0585190747	-0.0846854699	-0.0755846496	0.0053378881	0.0678448988	0.125532	0.00713799999999995	5.095104399999928e-05	0.015758283023999998	0.712453	0.06612699999999994	0.507589277209	0.004372780128999992	0.229867	0.009423000000000016	0.05283883768900001	8.879292900000027e-05	0.007755149999999999	0.001490459999999999	2.221471011599997e-06	6.014235152249997e-05	0.0006249869999999999	3.0013999999999865e-05	3.906087501689999e-07	9.008401959999921e-10	0.00531487	0.0005725299999999999	2.82478431169e-05	3.277906008999999e-07	0.0	0.0	0.0
8193.443681694913	-45.08729567629962	2032.8642314020667	67132519.36510628	10032.673918127864	-56.900301499796115	3237.6443107677	100654545.94748312	6236.722037978342	-14.372560453862205	206.57049399992383	38896701.77900472	6563.759611352873	8848.849048727912	1.1128559999999998	48.929516	0.27403054999999993	0.218073	0.10769554449999999	0.06013078700000001	-0.09234442179999999	0.024364809100000002	0.0311796065	0.0298387928	-0.1022362191	0.0932204644	-0.0027601165	-0.0161950799	0.08416005720000001	0.1031928205	-0.101411086	-0.0529952785	0.0790172135	0.11110886560000001	-0.0868724843	0.0555535117	-0.0835087396	0.031135164700000002	0.0460448357	0.022651265299999997	0.0233130807	-0.0142896979	-0.019144662399999998	0.0082276863	0.1599354375	0.1059595201	-0.0363658606	0.0942164582	0.0166451828	0.075670967	-0.089651088	-0.0392629511	-0.0378839216	0.10022123470000001	0.0030883434	0.0361065415	0.045318277000000004	-0.0650899575	0.1665619676	-0.0562514578	0.0249649879	0.1018234537	-0.0313994756	-0.0471277074	0.0741310896	-0.1141954416	-0.07046395849999999	0.0135828874	0.08439806300000001	-0.026883275800000002	-0.022562609100000002	-0.22936545260000002	-0.004557293400000001	-0.0554808275	0.055536128600000005	0.0135261057	0.1213882852	0.0189889977	0.0334513817	-0.031690817	-0.0841308583	-0.1479847161	-0.005565583000000001	0.0417878352	-0.08710575570000001	0.1214954689	-0.1070766667	0.040368031	0.0988843264	-0.0379363744	-0.09253651980000001	-0.0631088742	0.1101348865	-0.0384713294	-0.1479314558	0.0284574357	0.0208705382	-0.0640908154	0.0897727915	0.000168293	0.0091920892	-0.1363272996	0.0668041851	-0.10335873949999999	0.0164860883	-0.1635913476	-0.0937191321	-0.0872456681	-0.0068392507	0.043055095	-0.07995843059999999	0.11357820769999999	-0.0110520338	0.0333520053	-0.017589715	-0.22217062399999998	-0.0315020128	-0.1163102624	-0.0838369881	0.0097117883	-0.022419831	0.0834554011	-0.1046174034	0.0008127903	0.0198759713	-0.0474222125	-0.0664427645	0.0032260629	0.063222424	-0.0178340536	0.059419324	0.011415961499999999	-0.0111064083	0.1355708792	0.13215154070000001	0.0577264021	-0.0366055002	0.13663009980000002	0.0741223847	0.002166519	0.1037936125	-0.0784126375	-0.0308461696	-0.0034852805	-0.033443424	-0.023345517599999997	0.19581902350000002	0.08114922150000001	0.1264552528	-0.0225439904	-0.023453472200000002	-0.012201373400000002	-0.09489813220000001	0.0963972106	-0.0902206094	0.0351496799	-0.120468485	0.1691452414	0.0773422884	0.0451261192	0.1137687617	0.036717231499999996	-0.052158328399999995	-0.04605159	-0.1046275337	-0.1056651448	0.0009095123	-0.06349548599999999	-0.0471532113	-0.012681311	-0.0058864631	0.0112397401	-0.0316548106	0.0240743179	0.044754454900000004	0.008710723	-0.011347654799999999	0.0905597784	-0.0946363206	-0.1261924331	0.1021973097	-0.1105135925	0.23231699649999998	0.0538466937	-0.1719989423	0.0501620412	0.1812581998	0.105320237	-0.0896310036	0.0757451323	-0.0031112408	0.0033487915999999996	-0.0616502929	0.0768244879	0.007609978000000002	-0.0120519534	0.0441362675	-0.1408109262	0.0195262291	-0.008626008000000001	-0.0358983458	-0.0047671908	-0.11675875869999999	-0.022674960499999997	-0.1420280248	0.0081547933	0.023884444900000003	0.0884940076	0.09381648460000001	-0.0006847339	-0.0238247795	-0.138075419	0.0583278385	-0.0767996302	0.0088895647	0.0637028804	0.13812700000000006	0.01259500000000005	0.00015863402500000128	0.019079068129000017	0.496987	-0.215466	0.246996078169	0.046425597156	0.220493	-0.00937400000000002	0.048617163049	8.78718760000004e-05	0.00747288	-0.00028226999999999853	7.967635289999917e-08	5.58439354944e-05	0.0006627180000000001	3.773100000000016e-05	4.391951475240001e-07	1.4236283610000116e-09	0.00572678	0.0004119099999999997	3.27960091684e-05	1.6966984809999974e-07	0.0	0.0	0.0
8175.870339636821	-17.57334205809184	308.8223510906995	66844855.8105531	10046.843965437325	14.170047309460642	200.79024075235282	100939073.66584441	6235.729506607059	-0.9925313712828938	0.9851185229807016	38884322.47956992	6563.026018795891	8739.543073291092	1.092423	48.031097	0.3281431	0.252687	0.0139291275	0.0870403632	0.0620973063	0.0418944878	-0.0750197011	0.0127008713	-0.0165624615	-0.0472645538	-0.030289732200000002	0.0314017167	0.09819951699999999	-0.044186177800000004	-0.0406195328	0.0519922325	0.1441538878	0.006907769300000001	-0.08824967619999999	0.045097894900000005	-0.034388308900000004	0.2048425973	0.029991329700000006	0.0461542911	0.0125151142	0.0262653691	-0.0355636308	0.012808072700000001	0.0837875427	0.1016964777	0.0221659206	0.032050767599999995	-0.0679186727	0.0143701643	0.0186620212	0.0496644758	-0.0653262452	-0.092865134	0.0290688434	-0.058565794000000004	0.1277680981	-0.0102247562	-0.0200273814	-0.029155613900000002	-0.0615278832	-0.0412659234	-0.0048960454	0.0388128627	-0.0140428645	-0.0391183423	0.0643425941	-0.12131946380000001	0.0089066023	-0.0265578559	0.047327530199999995	-0.1667610975	-0.0797215728	-0.0040278394	0.0881648693	-0.07671493759999999	0.1142086506	0.0060065836	-0.06146856780000001	-0.0900038757	-0.0537633808	-0.060427334900000004	-0.0005808875	0.0431724462	0.0049610131	-0.0622359489	-0.052071656200000004	0.0353975363	-0.0063178664	-0.1434098365	-0.0994869861	-0.0007565453	-0.1093214802	-0.0558404146	-0.0933416999	0.07130547820000001	0.0231933638	0.058818168	0.139846795	0.0044327917	-0.0884263662	-0.047799092599999995	0.0200473914	-0.04443300099999999	0.0195664636	0.0388635294	0.07308485049999999	-0.0800097011	0.0602629231	0.0468692074	-0.0167844999	0.0576618349	0.0934848226	0.07411246	-0.08766453939999999	0.0660602641	-0.026543002599999997	0.0141347471	-0.046474258399999996	0.0032428709000000004	0.11275514	0.0706924572	0.0302266444	0.121235034	0.1274206889	-0.08714546460000001	-0.06365822639999999	0.022406545899999998	-4.33633e-05	0.1194243542	-0.056073701100000005	-0.0703995644	0.0191272216	0.0660856051	0.0613901741	-0.0371145621	-0.1312175818	-0.10737975	-0.13631951109999998	0.0386054883	0.0333143996	0.0321374132	0.046803294599999996	0.079606398	0.0713293774	-0.0005393857	0.0936507484	0.06574258059999999	0.12506399699999998	-0.10632811800000001	-0.0831430657	-0.0008560552000000001	0.0170345437	0.0821833188	-0.1134051369	-0.0367436564	-0.0427266156	0.0165004231	0.0471623165	0.0276869971	0.09979487710000001	-0.0480834237	-0.0896154239	0.0813484989	-0.012381924099999999	-0.011245123899999999	0.0028089048	-0.0782195163	0.0235787564	-0.046403446699999996	0.0713822434	-0.0632552958	0.0545031621	0.0228772888	0.1264595966	0.0032641703000000004	0.0062152709	-0.0198451171	-0.0372175399	-0.1490301225	-0.0798469738	0.027415843999999998	0.013006123	0.0976435883	-0.06024017900000001	0.0374509538	0.0422971613	-0.1153820835	-0.0360113394	0.1293232705	-0.0391598652	-0.0506930941	-0.14961544570000002	0.049176480300000006	-0.094058775	0.1008643367	-0.044265953600000005	-0.0249219527	0.0110164101	-0.10636547269999999	-0.11299173609999999	-0.0255815587	0.0064710911	0.086239993	0.0187864642	-0.0920957164	-0.0071817418000000004	-0.0190243159	-0.080898284	0.0910685901	0.1160158343	-0.06950155570000001	-0.004988247800000001	-0.0779922229	0.012430876399999999	0.0593937641	0.148805	0.010677999999999938	0.00011401968399999868	0.022142928025	0.248821	-0.248166	0.06191189004100001	0.061586363556	0.193873	-0.026620000000000005	0.037586740129	0.0007086244000000003	0.00693496	-0.0005379199999999999	2.8935792639999986e-07	4.809367020160001e-05	0.00082282	0.00016010199999999994	6.770327524e-07	2.563265040399999e-08	0.00557122	-0.0001555599999999999	3.10384922884e-05	2.419891359999997e-08	0.0	0.0	0.0
8164.877429236927	-10.992910399893844	120.84407906009424	66665223.43446261	10034.068533811398	-12.775431625927013	163.21165322873608	100682531.341224	6236.5225932651965	0.7930866581373266	0.6289864473154327	38894214.05630725	6566.025892296101	8715.998325363264	0.98289	43.215214	0.2099286	0.164878	-0.0776898354	0.1062824335	0.0679694027	-0.0951801969	-0.0440067913	0.0514695502	0.0666417609	-0.0661951897	0.11037500160000001	0.0783795249	0.0314367707	0.0757088989	-0.0811459249	0.1055031449	0.1028734034	0.0824360552	-0.033377097200000004	0.0379724673	0.0645548878	0.12420129619999999	0.0949502002	0.0421864114	-0.0697194082	-0.1614890099	0.0619704263	-0.0254482296	-0.0054385047	-0.0467274179	-0.005683626	-0.0652185139	-0.083892737	-0.0185310276	0.0445132084	0.045973962699999996	0.040223039700000005	-0.13212772009999998	0.1227829866	-0.008179511	-0.0631811749	0.13547116369999998	0.044832496799999996	-0.06384416309999999	0.0304625179	0.0160541249	-0.0356530642	0.046607525700000006	0.05925296820000001	0.0454244677	0.11338602019999999	0.0088603757	0.0931547851	-0.1413839013	0.0475201168	-0.105733059	-0.0181254998	0.0333142226	0.0134986405	-0.06871214070000001	0.0984567905	-0.13891161429999999	-0.0671670887	0.055581009699999996	-0.0011963018	0.0947778433	0.0226559096	0.0005304779	0.0063152814	0.0316842597	0.09819166730000001	0.0380243377	-0.0612432825	-0.1279387972	0.1242936941	0.0045161068	0.08875298279999999	0.07037161139999999	0.0670285897	0.0864820351	0.0242055211	-0.053588824199999996	0.1317307915	-0.0377746927	0.023127571200000002	-0.0164810901	0.0001045564	0.0760143899	-0.0323587549	0.0058162578	0.0338486679	0.04804784559999999	0.0221470467	0.11416004	0.0189851521	0.013456649199999999	-0.0139626327	0.0066270351	0.0187895943	-0.0199627413	-0.10134838730000001	0.1309597445	0.0180239235	0.11560547980000001	0.1251151076	-0.0124785501	-0.1200024134	0.0059051336	0.0748062215	0.0813961617	-0.0193823644	0.1666164166	-0.0683241512	0.0186296873	0.0185808827	0.0841331148	0.0694732827	-0.0009741550999999999	0.0402381738	0.18369449899999998	-0.12355627890000001	0.0787575428	0.1093581645	-0.021810996800000003	-0.0412524239	0.0595887108	0.0826800221	-0.0287996841	0.0285422509	-0.1480232741	0.0818364452	0.0788422352	0.038590142599999995	-0.1139374655	-0.0164744364	-0.0127907019	0.0587614587	0.1583029468	-0.008609947199999999	0.0599482719	-0.0281420846	-0.182343439	-0.030648187900000002	-0.016748887	0.048358587599999996	0.0077147664	0.057027944000000004	-0.0556635229	-0.023823504900000004	0.0133977977	-0.0324279899	0.06580020889999999	-0.0411564499	-0.0141749402	-0.067441449	-0.0742028642	-0.0088389368	-0.1279425041	0.0724957433	-0.1056212277	0.036091139700000004	0.0043423907000000005	0.1313687	-0.0057328218	-0.0297301818	-0.0987920932	-0.0387581078	-0.003575621500000001	-0.1031861442	-0.048750126399999996	-0.013146761100000001	-0.1095583638	-0.081899632	-0.037559357599999996	-0.08261917519999999	0.0252221108	0.0443463133	0.09791954619999996	-0.17722578719999998	-0.0553762559	-0.0647349327	-0.0908822795	-0.034346456000000004	-0.053712463499999995	-0.06982424799999999	-0.0015298822	-0.0502305367	-0.11708148060000001	-0.0118922333	0.0581926694	0.23393827739999998	0.0048716086	-0.0041867436	0.0278625188	0.09331459730000001	0.0025219694	-0.0634722024	-0.0791620801	0.0159576943	0.054928853300000004	0.1596	0.010795	0.00011653202499999997	0.02547216	0.08575349999999997	-0.16306750000000006	0.0073536627622499936	0.02659100955625001	0.178373	-0.015499999999999988	0.031816927129	0.0002402499999999996	0.00681669	-0.00011827000000000017	1.3987792900000042e-08	4.64672625561e-05	0.000921342	9.852199999999998e-05	8.48871080964e-07	9.706584483999996e-09	0.00537669	-0.00019453000000000005	2.89087953561e-05	3.784192090000002e-08	0.0	0.0	0.0
8159.971193708356	-4.906235528571415	24.07114706181643	66585129.88215017	10038.64015902462	4.5716252132224335	20.89975709017105	100774296.24238186	6243.9249081837215	7.402314918525008	54.794266153017894	38986598.25903709	6571.137968433575	8807.369609043235	0.906029	39.835854	0.10829595	0.0679844	-0.1128282284	0.10943648380000001	0.0661766019	-0.08636369039999997	0.0677957131	0.0509753879	0.1206379325	-0.0458657128	0.09523678949999999	0.0081499003	-0.0666214057	0.056237993099999994	-0.0628857436	0.0209955738	0.0298964104	0.025819506699999998	-0.09037542859999999	0.06945867809999999	0.0206095895	0.014545218	0.1102083326	-0.1432395331	0.031886074900000005	0.0413221146	0.0886623091	-0.0652978003	-0.0133341776	0.1324950139	-0.07151207799999999	-0.021022500899999998	0.0281367762	0.0469930346	-0.052778881799999997	0.0764160432	-0.12221474380000001	0.012874713000000001	-0.0653886973	0.1270605954	-0.13152086529999998	0.0655594392	-0.0936200579	0.1018521463	0.1550897397	-0.0727011517	0.1261326268	0.005068489	0.0214065602	0.0816418973	0.1360800239	0.0851062968	0.0647655821	-0.0260232993	0.1194221842	-0.1602894994	-0.1267084481	0.0769988301	-0.10101255619999999	-0.1263879534	-0.0390887461	0.0431557183	-0.0754640483	0.1085767703	-0.019443416499999998	0.0875260865	-0.0469181509	-0.0343959488	0.0171245425	-0.0218944083	0.2564256298	-0.020993124199999998	0.0450776062	-0.0833193952	-0.039248985699999996	0.1280449086	-0.020058753999999998	0.0582238763	0.061875933099999995	-0.08388564679999999	-0.005255581600000001	0.1127184101	0.0099635109	0.07761523099999999	-0.0243236779	0.1019650449	-0.0098695909	-0.07251411719999999	0.0108806534	-0.0101376547	-0.056972658899999994	-0.0396333847	-0.0150090655	-0.1141179524	0.18106571440000002	-0.0819456953	-0.030629635699999998	-0.0311138526	-0.1756341275	-0.046142648200000004	-0.011867333700000001	-0.054829839500000005	-0.01811305	-0.011284513000000001	-0.0055028933	-0.0561725191	-0.023325812999999997	0.0322797683	-0.039665859	0.1592370566	-0.0105875311	-0.0185977157	-0.060259141100000004	0.0467630095	0.0528310878	0.1030809724	-0.0533140345	0.0049050251	0.0024279264	0.0747077322	0.072758703	-0.0884631621	0.0616695436	0.0157692483	-0.0773736491	0.08155395139999999	0.112195307	-0.13508789289999998	0.0449706833	-0.044875392	0.11415046279999999	0.0770704874	0.0674310105	-0.0813202889	-0.1034969028	-0.023631470099999996	0.16607288380000002	-0.026470115699999998	0.0903578308	-0.0602715978	-0.0435747446	-0.0651326714	-0.1058963118	-0.08538401609999999	-0.119089616	-0.049498792	0.0828911907	-0.0308051094	0.16945209379999998	-0.0251737123	-0.1250321085	-0.1032196174	0.028810642400000006	0.0640596516	0.0752424409	-0.04519883809999999	0.0346127798	-0.10042445109999999	-0.0627091065	0.0222932747	-0.0773674691	-0.0337930989	0.0406684521	-0.047923978799999996	-0.0772493474	0.0486601458	-0.035717183199999995	0.0312840104	0.0830314196	-0.1174027624	0.0314546952	0.10073893710000001	0.0807369762	-0.0253069097	-0.1105850509	0.17929652140000002	0.0069612176	-0.0227791637	0.0164708175	-0.16796233370000002	-0.0546645174	-0.0745420171	-0.044649822900000004	-0.012982756299999999	0.048923251200000004	0.0559639193	-0.0135433011	0.05959874690000001	-0.0658299729	-0.0347266832	0.0297853527	-0.0276438059	0.0398537844	-0.1267999901	0.0402956323	-0.11749096839999999	-0.0944030914	-0.0803088607	0.0194659062	0.0503198596	0.16329200000000002	0.003692000000000029	1.3630864000000212e-05	0.02666427726400001	0.0217085	-0.06404499999999996	0.0004712589722500001	0.004101762024999995	0.159527	-0.018846	0.025448863728999998	0.0003551717160000001	0.00708386	0.00026716999999999973	7.137980889999986e-08	5.01810724996e-05	0.000937451	1.6109000000000045e-05	8.788143774010002e-07	2.5949988100000146e-10	0.00522571	-0.00015098000000000018	2.73080450041e-05	2.2794960400000063e-08	0.0	0.0	0.0
8152.740899315533	-7.230294392822543	52.27715700688111	66467184.17137225	10015.204530963743	-23.43562806087721	549.2286626077752	100304321.79703668	6255.650314608824	11.725406425102847	137.48515583384312	39133160.85866548	6582.804975910804	8765.858583239757	0.902621	39.686012	0.03324955000000001	0.0157279	-0.11711108949999999	0.129770344	0.0963146514	0.0290176082	0.10121382	0.0407592679	0.0764780477	-0.0943110943	0.009299888000000001	-0.17185505129999998	-0.0660338303	0.1024809581	-0.1678707277	-0.024571335	-0.026980840899999997	0.061209483899999986	-0.0508680291	0.061838564900000004	0.0193303268	-0.0024786757	0.11010770619999999	-0.0830118326	0.08846613869999999	-0.09286087789999999	0.0087417951	0.0459885966	-0.0432802239	0.0146117382	-0.0013811914999999999	-0.04333174	0.014063028	-0.049463043600000006	-0.0159945605	-0.1085643508	0.0006336906	0.1461862388	-0.0558564821	0.1086391308	0.0249589506	-0.019875937399999998	-0.014750636000000001	0.0313764661	-0.0149645103	-0.0961003074	-0.08476368869999999	0.1533692768	0.052472917699999996	0.06719859360000001	0.1152590545	0.0310353883	-0.0089369558	0.0676322307	0.028074904700000004	-0.14419854070000002	0.0961978035	-0.0046741818	-0.0037977022999999997	-0.0499024137	-0.0372102956	-0.10837807279999999	-0.010014960600000001	-0.0323843941	-0.1124207795	0.10451652880000001	0.21303832239999998	-0.1123585525	-0.17103275739999999	0.024432803399999998	0.1055048409	-0.134381755	0.0824047814	-0.1194639961	0.08975522539999999	0.1804657728	-0.0975596525	0.0047289817	-0.024411147299999998	-0.0345405623	0.0756615192	0.026713552400000003	-0.11277853789999999	0.0744821987	-0.0655361989	-0.065186947	-0.025796421400000002	0.0626308005	-0.0627273563	-0.018678838700000002	0.0403347598	-0.0795051573	-0.0206739128	0.0659572024	-0.0233437734	-0.1255037174	0.1295702791	0.0002523356	0.11463931470000001	-0.0189463308	-0.0351015271	-0.0255608323	0.08408331050000001	-0.0309551707	0.0703815387	0.1700079885	-0.0536773699	-0.0044161847	-0.0844113301	-0.0909912586	0.1326198507	-0.0546334184	0.0016391323	-0.016195387	-0.0330889559	-0.022128004399999998	-0.0382094603	-0.0394287758	0.0833024739	-0.0008412863	0.0473588136	-0.021929584900000004	0.0518854963	0.0738703778	-0.0576360069	0.0993381081	0.0668671069	-0.0876208677	0.040411019900000004	0.0675555829	0.1191307445	0.11460367099999999	-0.043589647999999995	0.0014357935	0.048892319299999994	0.019133514	0.0300474494	0.0131235146	-0.0970441908	0.0549162803	-0.1521670925	-0.1755824618	0.0421680588	0.0342536675	-0.2255219886	-0.11447321810000001	0.0825425037	-0.033262890499999996	-0.074227936	0.0223284063	-0.16777232420000002	-0.07340338240000001	-0.0346445264	-0.0657921497	-0.021761083100000002	-0.1264529892	0.1679899128	0.0730994669	-0.0007223252000000001	0.0155325879	-0.0191775761	0.0874063745	-0.013612939	0.0989850835	-0.0814040377	-0.043511641399999995	-0.0728500741	-0.10307657890000001	0.08415835199999999	0.0961843387	0.0650162788	-0.0024664382	-0.020567861899999998	0.0591765079	0.1150944881	0.0153922891	0.08842505619999999	0.10871968060000001	0.0682145856	-0.0691122439	-0.0062157333999999995	0.0148044859	0.1702553439	-0.0204145534	0.039507236	0.007137509	-0.07071382150000001	0.042372804800000004	-0.056296818	-0.0022489572	0.0291570373	0.1395575434	-0.0508696418	-0.0126747651	0.007058904200000001	0.024398006200000003	-0.0480074934	-0.0814322305	0.0229514217	0.0455788729	0.160832	-0.0024600000000000177	6.051600000000088e-06	0.025866932223999998	0.0155008	-0.0062077000000000035	0.00024027480063999995	3.853553929000004e-05	0.164203	0.004675999999999986	0.026962625209	2.186497599999987e-05	0.00728798	0.00020412000000000037	4.166497440000014e-08	5.311465248040001e-05	0.0009676280000000002	3.0177000000000152e-05	9.363039463840004e-07	9.106513290000092e-10	0.00538953	0.00016382000000000026	2.90470336209e-05	2.683699240000009e-08	0.0	0.0	0.0
8149.888985414241	-2.8519139012923915	8.133412900384789	66420690.47457636	10038.266480190034	23.061949226290377	531.8535021159955	100766793.9273068	6257.648509817321	1.9981952084963268	3.992784091257679	39158164.87241893	6586.481583250426	8506.787000640685	0.986844	43.38908	0.10799929999999996	0.0536335	-0.12066534150000001	0.18903368140000001	0.11568815019999999	0.0490236759	-0.0410684741	0.0243442362	0.1041459938	-0.1152641606	-0.1279758036	-0.008287964699999999	0.016409458000000002	0.0049274419	-0.1438933845	0.087364612	0.0836794714	-0.1014009694	-0.0928666181	0.050389370499999996	-0.0745693315	0.0132260417	-0.0357163107	0.029881955699999997	0.002328716	-0.0413036527	0.0187562284	-0.1139056009	-0.0149525777	-0.008896487	-0.0128970298	-0.1008864878	0.1185585307	0.022525222	-0.026192659700000002	-0.1115023224	0.0093478337	0.0438656609	-0.0144980609	0.0286594258	0.0459673619	0.0241219079	-0.0487000071	0.0781432395	-0.0848986567	-0.0519457871	-0.0922442877	0.044858648499999994	-0.0464776021	0.09331870619999999	0.0901796191	-0.0714505061	0.0435719353	0.024466730099999997	0.1148265656	-0.1022303225	-0.0219791482	-0.06856711110000001	0.0084800035	-0.1327671762	0.0399396527	0.0312908821	0.0390800336	-0.17225803480000001	-0.098696319	-0.04537333019999999	0.024988959100000003	0.09319273060000001	0.09937841050000001	0.0767110622	0.2088176575	-0.019796726299999998	0.0895377002	-0.060526238499999996	-0.0275650892	-0.1069279943	-0.0007960321	-0.1242122153	-0.0538862857	0.0046057213	0.0540534283	0.0758004597	0.0115904264	-0.0737781179	-0.0342012404	0.0376773008	0.0862887365	0.0687491288	0.1630057997	0.0788733084	-0.0040767053000000004	-0.0199114896	0.028328970099999996	0.0694353775	-0.0116169949	-0.0102351988	0.039224684100000004	-0.007009033299999999	0.025400987799999997	0.011085281899999999	0.0401395004	-0.12958930300000002	-0.0528403261	-0.0508332912	-0.0541347799	-0.0444382545	-0.059718170599999995	-0.2164942011	0.0146378501	-0.0027097765000000003	0.1364997772	-0.0734240275	-0.0813510314	-0.019415842	-0.0009680447	-0.0527916811	-0.019320068	0.0391320853	-0.016752435	-0.053574252999999995	-0.027588079300000002	-0.0198733978	-0.0589057401	-0.06508566240000001	-0.0895994343	0.0701213495	0.0897962143	0.025653216800000003	0.029801399	0.042175707199999996	0.0744941236	0.13276763630000002	-0.0435892109	-0.0176860392	-0.1746534362	0.0882008978	0.0128696223	-0.0472235295	-0.1598483715	-0.0628353838	-0.1532734986	0.0452846753	-0.0215830151	0.0148935452	0.0840313466	-0.050258668099999994	0.0083164032	-0.0300930494	0.0974525124	0.10914356160000001	-0.0770414011	-0.0266605009	-0.12195723480000001	0.0116217605	-0.025811172099999998	0.034038264900000004	-0.0440094135	-0.036541959900000004	-0.1409345833	0.08246644019999999	-0.046034958099999995	0.0055988739	-0.0154914903	-0.22086713260000002	-0.032683853	-0.0952935124	-0.0952852394	0.0100686392	-0.0208455951	0.039856577000000004	0.079658683	-0.1127285449	-0.08211214	0.006273203000000001	0.0391331551	-0.0195652111	0.004017466	-0.044939561399999994	0.0728218367	0.017250393500000002	0.1051746376	0.1648146578	-0.0297393141	-0.0895898502	0.0060280651000000005	-0.0284262758	0.0011202403	0.0555224329	0.1179233215	0.0421554647	-0.0437789293	-0.025397808199999997	0.075413834	0.0241707998	-0.0408994888	0.0054769152	0.039676556200000004	-0.082531862	0.0264101769	0.0407183291	0.150154	-0.010677999999999993	0.00011401968399999984	0.022546223716000003	0.035497100000000004	0.0199963	0.0012600441084100007	0.0003998520136900002	0.209912	0.045709	0.044063047744	0.0020893126809999997	0.006969599999999999	-0.00031838000000000087	1.0136582440000057e-07	4.8575324159999985e-05	0.0007949479999999999	-0.00017268000000000036	6.319423227039997e-07	2.9818382400000125e-08	0.00524827	-0.00014125999999999982	2.75443379929e-05	1.9954387599999953e-08	0.0	0.0	0.0
8170.075452136491	20.186466722249857	407.49343872850113	66750132.89360328	10055.191275771147	16.924795581113358	286.44870546247427	101106871.5923442	6256.64359888261	-1.004910934711006	1.009845986701748	39145589.12343873	6586.481208380463	8503.649066899892	0.9909	43.567394	0.07904065	0.0383812	-0.1096593694	0.2036909125	0.051278096399999994	0.0258116976	-0.0512449171	0.0008424255999999999	0.090657741	-0.0321486821	0.072839292	-0.0018072612	0.0539502772	-0.0724240504	-0.0738413584	0.08366438059999999	-0.0578178595	-0.012026976699999999	-0.1279299179	0.0550168301	-0.0583785496	0.06001663650000001	0.0970190806	0.1039136999	-0.0152682027	0.0338480606	0.05317722	-0.084328211	0.1367181293	-0.0513425086	-0.17334838800000002	-0.08044784719999999	-0.017790613400000002	-0.023003195	-0.0015299247	0.0400663932	-0.0414056275	0.0118070199	-0.0029712184000000004	0.1215283767	-0.0158279887	-0.1577691087	0.0524022718	0.0017823916000000001	-0.1361919456	0.0645913832	0.0713495727	-0.0771484227	0.0341387026	0.0906785602	0.0334438004	-0.0219920809	-0.045245884800000004	-0.08755774109999999	0.155315987	-0.1464230723	0.004945184	0.023270636	-0.014093240900000003	0.0033804149	-0.022965400499999997	-0.15439347609999998	0.0927044543	-0.08045076599999999	-0.0843508599	-0.062062234	0.047354378600000004	-0.022097210699999998	0.0603777225	0.025947155099999997	-0.0792520831	-0.0897936767	0.0182969623	-0.0501082171	-0.0676156432	-0.0189570889	0.0731683738	0.10671527369999999	0.1708211063	0.0702944747	-0.023517491499999998	-0.0165691104	-0.046740151699999996	0.048024391900000005	0.0779863336	0.0440472525	0.014240085900000001	0.1705234875	-0.1012503805	-0.1448007079	-0.026268032099999998	-0.0328144624	0.1356797907	0.0219070863	0.0148955545	0.0653171099	0.0113556555	-0.0175734218	-0.1081507526	-0.0366190974	0.0706871038	0.100451154	-0.0320818406	0.0120398232	-0.0076081258999999984	-0.011703938700000001	0.07396475849999999	0.053376114100000004	0.11170265759999999	0.0001649389	0.0995723365	-0.0171704294	0.043323255	0.0071032855000000015	0.006108856	-0.11031801570000001	-0.0439031054	0.038485419	0.007708483199999999	-0.0718172337	0.0950728619	0.1418219573	-0.0653193641	0.0384528103	-0.0877932583	0.0324523414	0.0036279513	-0.016299836	0.13651880560000001	-0.0524971126	0.023593667999999998	0.1290334994	0.070653801	-0.07656333139999999	-0.0293239088	0.0309179271	-0.0234598138	-0.0415840592	-0.0451501199	0.1212512058	-0.1326861193	-0.046330967	0.0097756658	0.04535811309999999	0.0352121397	-0.0047492635	-0.06788788429999999	-0.0635866548	-0.0527633307	0.1240034542	-0.009535929	0.1184355482	0.0606638302	-0.0612945295	0.0984520191	0.2107490607	0.0771147312	-0.0397478128	-0.022548887099999998	-0.0039185804	-0.0069419962	0.0892775432	0.0610020829	0.1111864192	-0.0181357638	-0.1390957961	0.045185108700000004	0.028460000200000002	-0.093221783	-0.014250236999999999	-0.17084154489999998	0.0248379507	0.036818522	0.00462478	-0.1417162717	-0.0316435098	0.0013994268	-0.13598422640000002	-0.0158058433	0.0931948678	-0.0938061036	-0.050864221900000006	0.0276187927	-0.0491825399	-0.0170729009	-0.0069970421	0.0572899471	0.1082854593	0.0092568471	0.0607328632	-0.1252085191	0.1084805313	0.0123003651	-0.0271018561	-0.016262501999999998	0.0624692658	-0.027578579500000002	-0.0836074347	0.0298381391	0.0357509779	0.151896	0.0017419999999999936	3.0345639999999775e-06	0.023072394816	0.0644872	0.028990099999999987	0.00415859896384	0.0008404258980099995	0.19442	-0.015491999999999978	0.0377991364	0.00024000206399999927	0.00667303	-0.00029656999999999953	8.795376489999969e-08	4.45293293809e-05	0.000605417	-0.00018953099999999984	3.665297438890001e-07	3.592199996099994e-08	0.00507804	-0.00017023000000000038	2.57864902416e-05	2.8978252900000132e-08	0.0	0.0	0.0
8200.202023717422	30.12657158093134	907.61031522098	67243313.2297793	10048.96314971981	-6.228126051337313	38.78955411134649	100981660.38442668	6248.715617798511	-7.927981084098973	62.85288406983114	39046446.872119024	6575.535218523467	8523.864040998593	1.289612	56.701008	0.4812554000000001	0.36957	0.0655507518	0.1919040052	-0.0072760857	-0.085464057	-0.0655746681	0.0086985453	-0.0848616417	0.0644437226	0.031079473	0.0190310247	0.0207907381	0.1273478887	-0.1240693968	0.11745696300000001	-0.0403530124	-0.10310873429999999	-0.0779267176	0.0814083312	0.0024579359	-0.0475696302	0.0873034674	0.0332384329	0.0174343667	0.10429528029999999	0.052032776100000004	-0.0188798022	0.1342546946	-0.12743799	0.12704872109999998	-0.0942608774	-0.0124951179	-0.0270797453	-0.0198481176	0.0177919353	-0.0474584308	-0.10896754019999999	-0.053811069100000004	-0.0522016807	-0.0332202603	0.013714173400000002	0.013710056200000001	-0.0298069579	0.0915114283	-0.10782528949999999	0.0703695909	0.0157376795	-0.1662354951	-0.0856070634	-0.024851607400000003	0.018379022	0.0757365188	-0.1463943462	-0.0727485925	-0.0923843033	0.036445856	0.0181303793	-0.0525723381	-0.0171142796	0.1177611304	0.0715669483	0.0336373706	-0.0457679053	-0.0158801025	0.0081971231	0.1646398354	-0.0229918468	-0.016790815900000002	-0.0687163617	-0.0439860568	-0.0184655668	-0.0030740178000000003	-0.0030549566	-0.07271189730000001	-0.0383804509	-0.0267349487	0.0212562108	-0.053253248899999994	0.0203888138	-0.046958935800000004	-0.0012111463	-0.0295726569	0.0266102187	-0.0124070422	-0.010913461999999999	-0.055317476100000006	-0.0206762645	0.0020441226	-0.026762318599999998	0.1215441124	-0.010694956	0.0073356539	-0.14589748449999998	-0.023159833799999998	0.0410687641	-0.0058101724	-0.0631408475	-0.0631010259	0.0295450783	-0.0470586328	-0.05353307190000002	0.1754618105	-0.0100097653	0.08118532219999999	-0.0642308717	-0.0191775367	0.0733765627	-0.17103691489999998	-0.0474551902	0.109348754	0.0276848252	0.08439406740000001	0.0225903602	-0.1546946341	0.015707873600000002	0.0103464084	-0.0377778159	-0.09171888310000001	0.1163957792	0.08673405099999999	0.0399178122	0.0213553529	-0.0556782751	0.0803177828	-0.0348334002	-0.0304594111	-0.006812803	-0.0347688646	-0.1454530078	0.1376476692	0.060331363	-0.0929373574	-0.0808462934	-0.0107035702	-0.0721652647	-0.0120334495	0.032714306	-0.1039193484	-0.0255333454	-0.0364734929	0.0208532342	-0.0077796179000000016	0.10586181929999999	-0.0256194321	-0.0311686625	-0.07504863769999999	0.0775967328	-0.05939152480000001	0.021653908599999997	0.0450541697	0.042993177800000004	0.0228814583	0.0874265553	-0.0547454379	0.021945874700000003	-0.0133849862	0.0580919642	-0.0070941379	0.0008688191	-0.0591491507	0.0254748448	0.0161385384	-0.0512748115	-0.054423231100000004	0.1224335399	-0.0259383337	0.00017181880000000002	0.09616076720000001	0.050800742	-0.1268103298	0.028768840299999997	0.1246312302	0.0379188465	-0.0751061963	0.006317657900000001	0.0019721189	0.144131701	0.08100746610000001	-0.005793174	-0.0331125969	-0.0224038351	0.1161526287	0.2165025574	0.130517151	-0.0077596937	-0.016730016599999998	0.0680249242	0.040119147	0.0347823299	-0.0141620845	0.0639952304	-0.0179997347	0.0339820381	-0.0041079435999999995	-0.0479950417	-0.1070197471	-0.0846586349	0.0332313112	0.0306898489	0.158656	0.006759999999999988	4.569759999999984e-05	0.025171726336	0.426686	0.3621987999999999	0.18206094259599995	0.13118797072143995	0.181689	-0.012730999999999992	0.033010892721	0.0001620783609999998	0.00750039	0.0008273600000000001	6.845245696000001e-07	5.62558501521e-05	0.0008000089999999999	0.00019459199999999983	6.400144000809998e-07	3.786604646399994e-08	0.0060474	0.0009693599999999998	3.657104676e-05	9.396588095999997e-07	0.0	0.0	0.0
8212.996548677906	12.794524960483615	163.6998689644382	67453312.3085952	10047.890886595114	-1.0722631246953824	1.1497482085815052	100960111.26892117	6245.791652045143	-2.9239657533680656	8.54957572686928	39009913.36075679	6571.385450224536	8740.172641120245	0.951602	41.839577	0.06836909999999999	0.0357286	0.0777693229	0.1100753043	-0.0127620398	0.012427863400000001	0.0480696908	0.0066491075	-0.1124885541	0.0339564922	-0.041672719500000004	-0.0575083187	0.0158755537	0.1186338285	-0.0107469972	-0.0138137724	-0.0550735933	-0.021948723	-0.1092155625	0.0449421058	-0.056376370499999995	0.0785177923	0.0959262414	-0.007594381099999999	0.0128184272	0.1484552337	-0.0002212818	0.08510974269999999	0.16982154789999998	0.0389887445	0.1734951579	0.0409884071	-0.0069558399	0.108444679	-0.0329541453	-0.0334729792	-0.024556765499999997	0.10410100539999999	0.0837153056	-0.0019592041	-0.0559075913	0.1138606457	0.0193266314	0.2308631145	-3.2478400000000004e-05	0.0574370372	-0.1294799591	-0.0405857958	0.0400224102	-0.11518810439999999	-0.0478542533	0.0354091987	0.0342242469	0.025628224900000003	-0.08747243519999999	-0.1460014815	-0.0336100092	-0.0425026538	0.0688713113	-0.0127724695	-0.0297660742	0.09047267460000001	0.060632689299999994	-0.0756447699	0.036757458199999996	0.0611748985	-0.135859511	0.0517101892	-0.0339734591	0.1582011083	-0.0133458819	0.028014193700000002	-0.0001822643	0.0729360082	-0.04352202769999999	-0.167839984	-0.0982510391	-0.088755659	0.0889834333	-0.10405278429999999	0.0357195944	-0.1395215104	0.01594588	-0.0133509831	0.11411353560000001	0.051512602000000005	-0.0231291759	-0.1048312954	-0.0766516639	0.15202711970000002	0.0598857044	0.005721036	-0.0886020908	-0.0175857991	-0.037179906	0.042133485400000004	0.026557205	-0.002349131	-0.0293471856	-0.015127900900000001	-0.026180042200000003	0.0267830558	-0.0782576997	0.1360109409	0.1058448467	0.0206820773	0.09780798380000001	-0.0009293865	-0.0651619903	0.0514508821	0.040139087999999996	-0.10871954589999999	-0.09628497859999999	-0.0636214471	-0.019985498100000002	-0.0289119395	0.0418993062	0.056051261500000005	0.027789601	0.039912321	0.0743937445	-0.061296869800000015	-0.0192953325	0.014979682099999999	0.1126156918	-0.037150894	-0.0356651028	-0.0118240594	-0.0783932188	0.0352104097	0.1555107872	0.0416076087	0.0340666573	-0.04418041599999999	-0.009814481	0.0412652844	-0.1217931082	-0.040738894399999996	0.0063398893	-0.046968968300000004	0.010512753100000001	0.09787993699999999	0.0805979616	0.0983158824	0.1121555933	0.0015285432000000001	0.062055501299999996	-0.0912872882	0.2123653416	0.0521745059	0.05249463769999999	-0.014177562099999999	-0.0932354708	0.0726996388	-0.0886518127	0.0247069379	-0.1123847624	0.0957679459	-0.016040478799999997	-0.0943706001	0.0068058177	-0.0951977581	0.007012033000000001	0.1148978817	0.1471207348	0.028730125699999998	-0.0523136279	0.0018867651000000001	0.0684344523	0.0407917967	0.0149360429	0.09061384539999999	-0.0491926382	-0.044960768600000006	0.0062499276	-0.0205615256	-0.0237235934	0.1496799391	-0.0689607418	0.060609547300000004	0.0334581148	0.0369791659	-0.0384400952	-0.1031880505	0.0088350733	-0.011919383799999999	0.0033460671999999995	-0.062447089000000004	0.06605580929999999	-0.027993541	0.0226844554	0.1074720761	-0.0366266521	-0.1463426477	0.1166427465	-0.0624361517	0.0723583174	-0.08568515619999999	0.0365857372	0.025548217999999998	0.1584	-0.00025599999999997847	6.553599999998897e-08	0.025090560000000005	0.455434	0.02874800000000005	0.207420128356	0.000826447504000003	0.195349	0.013659999999999978	0.038161231801	0.0001865955999999994	0.007624279999999998	0.00012388999999999806	1.534873209999951e-08	5.8129645518399976e-05	0.000644617	-0.00015539199999999986	4.15531076689e-07	2.414667366399996e-08	0.00628222	0.00023482000000000014	3.94662881284e-05	5.514043240000008e-08	0.0	0.0	0.0
8204.302726479527	-8.693822198378257	75.58254441701455	67310583.22771941	10041.453110466748	-6.4377761283667505	41.444961478968786	100830780.56970233	6238.649757090831	-7.141894954311283	51.006663538416966	38920750.79164949	6564.095689456038	8729.808186773053	0.940741	41.362049	0.039954800000000006	0.023441	0.0729911354	0.08890854769999999	0.033141414300000005	0.0607502787	-0.11559084060000001	0.021274313700000002	-0.0824647766	-0.0290243961	-0.0636597089	0.0437591631	0.1543708918	0.0533924937	-0.0165714868	0.0941564339	-0.010496360900000001	-0.027285341299999998	-0.024734199300000002	0.09177988029999999	-0.0833613143	0.041111895600000004	-0.1196694974	-0.1009737916	0.0065738409	0.0383933828	0.0379798774	-0.0700470182	-0.16057041960000001	0.0485906294	-0.0404237632	0.08171095219999999	-0.035055873700000004	0.0591346692	-0.0131132511	-0.016836705900000002	0.032992201	-0.101613744	0.05912541900000001	-0.0612003024	-0.08814623279999999	-0.0666135865	0.0754121577	0.0221831019	-0.0462323184	-0.0346604887	-0.0663494542	-0.011874861499999998	0.0631179461	-0.09463560380000001	-0.001298102	-0.1067848165	0.0342574142	-0.055625738	-0.0890984494	-0.0856099241	-0.1197097533	-0.042423807599999995	0.118307148	-0.08250349230000001	0.1521574277	0.0894790174	-0.1536557992	0.10612767099999999	-0.0017036504	-0.139576178	0.0840661061	0.021841900499999997	-0.0284703541	-0.0379027855	-0.0012602557	0.027585388	0.054646546	0.058417967	-0.0234780273	0.135474644	-0.0464203046	-0.1485745333	-0.0467342167	-0.0188131522	-0.0459933411	-0.0308953621	0.08607316220000001	-0.1706031117	-0.052450011	0.0931497042	-0.11615468300000001	0.06914585940000001	-0.1163421908	0.0041444756	-0.048345693200000005	0.1101060907	0.1240225841	-0.15174103960000002	0.0183640934	-0.050680184	-0.09459207	-0.0384370727	0.0409128057	-0.0657557312	0.0213709708	-0.0057909604000000005	-0.044657883499999995	0.0396839815	-0.1509295585	0.021817415899999998	0.16661428650000001	0.0022107975	-0.08300097299999999	-0.0038446915999999997	0.0406731374	0.006341525600000001	0.0229278202	-0.016507613799999998	0.10149596529999999	-0.0968294201	-0.0208214457	-0.046203480199999994	-0.0272945637	-0.044395491100000004	0.0649644935	-0.049701000499999995	-0.1158840884	0.0392289928	0.0898108256	-0.0178415616	0.013956641	0.1225223515	-0.0024651869	-0.0076077123	0.1381708723	-0.0364313165	0.061247612699999995	-0.1159332547	-0.0854681147	0.06126663650000001	0.058527672999999995	0.1469817151	-0.087626381	-0.1242596485	0.0724606145	0.12242238970000001	-0.0158280198	-0.10770933710000001	-0.0859073409	0.020346665700000002	-0.0586707072	0.0170506698	-0.040705548599999995	-0.0438430763	-0.0382007651	-0.1438227258	0.0667891559	0.0711498015	-0.16344496890000001	-0.035189666	-0.0055479085	0.1203365182	-0.09624556140000001	0.023090686000000003	-0.0173984174	0.026626194500000002	0.1700019893	0.0137887849	-0.0928254907	0.1676695584	0.1339368784	-0.016596672399999998	-0.026091973900000003	-0.0480093179	-0.0443789133	0.0605775596	-0.0041996722	-0.027971006	0.0331010683	-0.0049243473	-0.0149943897	-0.07054557809999999	0.0541657568	0.0783652395	0.036538146699999996	-0.0077619679000000006	-0.1000435439	-0.0008965697	-0.0643487021	0.0715348651	0.0383592979	0.0608331162	0.0077861675	-0.1111048055	-0.126755087	-0.0385053721	0.0356467621	0.006367069699999999	0.0069869215	0.1499956656	0.12117615890000001	-0.08668669949999999	0.039897505800000004	0.020339572099999998	0.158124	-0.00027599999999999847	7.617599999999916e-08	0.02500319937600001	0.433974	-0.021460000000000038	0.188333432676	0.0004605316000000015	0.198636	0.0032869999999999844	0.039456260495999984	1.0804368999999898e-05	0.00777598	0.000151700000000002	2.3012890000000612e-08	6.04658649604e-05	0.000704263	5.964600000000001e-05	4.959863731689999e-07	3.5576453160000005e-09	0.00619493	-8.728999999999942e-05	3.83771577049e-05	7.619544099999897e-09	0.0	0.0	0.0
8212.053142674558	7.7504161950309935	60.068951196198704	67437816.81811109	10055.244188808603	13.79107834185561	190.19384183119885	101107935.6965692	6243.4321025367235	4.782345445892132	22.870827963845226	38980444.41898613	6571.036282077772	8676.68585917346	0.976503	42.934383	0.23603425	0.14417	0.0213875057	0.1036439109	-0.0043591284000000004	-0.0138514045	-0.09079850980000001	-0.0003094464	-0.031412139900000004	0.031612475099999995	0.0347699639	0.0667851941	0.0378340041	0.0292527005	0.028924064399999998	0.0798045807	-0.058004098	0.0132736922	-0.0272012952	0.0812341486	0.021672231299999997	0.0345702752	0.1575968498	0.11243541480000001	-0.0771506827	-0.0174833894	0.09233907029999999	0.054034092199999995	-0.2210866815	-0.0975285567	0.0709627004	0.0908674543	-0.0772986816	-0.1310048884	0.0711562641	-0.0283851067	0.08125190110000001	0.053451272699999997	0.06796366849999999	0.021185427200000002	0.0185117127	0.12515335060000002	-0.0126060674	0.0508513892	0.1314817805	-0.0531513075	0.0470998855	-0.19865428359999998	0.017658353	-0.015756535	-0.008436261	-0.0637868124	0.067349491	-0.1078567047	0.0029484188000000002	-0.0709168853	-0.0044435925	0.1254087316	-0.001243	-0.057178742699999986	0.0507779426	-0.1616766629	-0.0305750444	-0.0307451929	-0.048990092699999994	0.0479631691	-0.015824933500000003	-0.08705331390000001	-0.082297704	0.0095645357	-0.1109382663	-0.0282304389	-0.1032204283	-0.048817949400000005	-0.017739666499999997	-0.078792429	-0.0742557595	-0.127563769	0.09888935539999999	0.0483487279	-0.0902189777	0.0621328522	-0.0678696509	0.0726517964	0.0306348806	-0.0344138474	-0.0645797553	-0.0120178488	0.0523739587	-0.104713449	0.035615932	0.008674459300000001	0.05445165230000002	-0.0127667193	0.13220778130000002	0.0229959889	-0.050267511699999996	-0.0789814435	0.0908581308	0.1362225781	0.049178317199999995	-0.0831184247	0.0804235209	-0.0697188254	-0.032609522099999996	0.09831574779999999	0.045293981399999995	0.0370657818	-0.0518276566	0.060961407599999996	-0.0200009459	-0.0097885618	-0.0358792353	0.0327149535	0.0635962915	0.0926917481	-0.008309012900000001	0.1551901435	-0.10639018439999999	-0.0345214909	0.0077723036	-0.0596651318	0.0392748909	-0.029084094300000002	0.0151160131	-0.0369451058	0.0025667922	0.0823917196	-0.013967404	-0.0961919105	0.0047470012	0.08773761779999999	0.057997543600000014	-0.1733863043	0.0699724453	-0.0081040453	0.0810873533	0.05570729	0.0355733844	0.0902378233	-0.059123525499999996	-0.0731181242	0.14062965630000002	0.0185648292	-0.028459914500000006	-0.0827696078	-0.0628545256	-0.09838376869999996	-0.0060289986	-0.025031248199999998	0.0757365998	0.0360490458	-0.0363207002	-0.0504355303	0.036247932000000004	0.024654339100000002	-0.0299267242	0.0104454386	0.09624989099999999	0.0021398319	0.0826407504	0.0520614537	0.024940021200000002	0.08780154470000001	-0.151156155	0.0334172394	-0.06398008599999999	0.1016440899	0.073421663	-0.0342516267	-0.0121091558	-0.0438506295	0.112899631	-0.0672770682	-0.0594381298	0.044338792599999996	-0.049083678799999995	-0.041861520299999996	0.0776928278	-0.0145023742	0.073096552	0.0178500659	-0.0460083418	0.147015529	-0.0545423325	-0.1850332184	0.0392106176	-0.0746807983	-0.0207999548	0.014735391200000001	0.0375436274	-0.1076735551	0.0729340483	-0.024037142999999997	0.0394246924	-0.0804052979	0.1839147491	-0.0876629727	0.0431627558	0.015077573799999999	0.148901	-0.009223000000000007	8.506372900000017e-05	0.022171507801	0.300485	-0.13348899999999994	0.090291235225	0.01781931312099999	0.214962	0.01632600000000001	0.046208661444	0.00026653827600000017	0.00714064	-0.0006353399999999999	4.036569155999999e-07	5.098873960960001e-05	0.000511348	-0.000192915	2.61476777104e-07	3.7216197225e-08	0.00548326	-0.0007116700000000003	3.00661402276e-05	5.064741889000003e-07	0.0	0.0	0.0
8238.844094498116	26.79095182355741	717.7550996121739	67878552.01344648	10025.568506376563	-29.675682432040052	880.6461278072902	100512023.8760496	6248.623576959211	5.191474422487771	26.95140667934475	39045296.60653053	6570.499496668922	8731.923515105043	0.9543720000000002	41.961349	0.20624859999999992	0.133796	0.08663797050000001	0.0629843684	-0.0478197157	-0.08722132029999999	-0.039217002200000003	0.024238798199999998	-0.1054304055	0.121695651	0.0186379035	0.0142397409	0.0222365931	0.142720643	-0.0180145145	0.1121033048	-0.0385505487	-0.1213938661	0.0648941574	0.016865059499999998	0.1178872864	0.1302844279	0.050267558399999995	-0.0580737271	0.0467452075	-0.0620352934	0.0257597075	0.0009937167	0.0428765562	-0.1235231656	-0.026429819700000003	0.083130824	0.0126717657	0.050538614	-0.0173619382	-0.0319080739	-0.0149359198	0.059173675999999995	-0.0083480172	0.0481416675	0.0002768521	0.2019012657	0.0357521685	-0.0516466218	-0.1708586116	-0.0940978647	0.0230195373	0.06517857349999999	0.0430927047	-0.0903601155	-0.0689120241	0.0588516833	0.11086069890000001	-0.10272365730000001	-0.079299247	-0.0394861154	-0.0756747995	0.028882969100000006	0.041447369500000004	-0.10326451390000001	0.0937348476	-0.0236270973	-0.0932926675	0.0819497398	-0.0328170105	0.0040016219	0.05107345889999999	-0.16703227880000002	0.1302763755	-0.0318108614	-0.05579742099999999	0.0613138814	0.0147275325	0.0797473445	0.0551177526	-0.0772355471	0.12143321130000001	-0.0724532825	0.0264235309	0.04154353	0.0031430342	-0.0380240083	0.1233731267	-0.1159983142	0.0436205477	0.06223082570000001	0.0059198966	0.1077107348	0.17797878620000002	0.0364378244	-0.08172789009999999	-0.0224202166	-0.0215654952	0.0242498667	-0.0343749219	0.0196959696	0.0139001408	0.1692004468	0.0805736687	0.0634847848	-0.11415832470000001	-0.1226960831	0.1380788558	0.0752387531	0.017427433500000002	0.0239441444	-0.1077140804	-0.1866295802	-0.0572089267	0.050252619000000005	-0.013532791499999999	0.0380222993	-0.0272194365	0.0125660627	-0.0684493684	0.0164022958	0.0083235368	-0.0136658822	0.0030366182	-0.1064999605	0.0407622836	0.0554259477	0.19045779989999997	0.0523724192	0.0863477983	-0.0903077474	-0.033870282	-0.0078243935	-0.0957912202	-0.1257666372	0.0949705875	-0.0237754734	-0.0283750081	-0.1491844585	-0.0472558737	-0.0020313933	0.0887602233	0.1722973807	-0.0045581567	-0.0341404812	0.042282865700000005	-0.0981568687	0.0476510257	-0.0169810524	-0.0794625814	0.1129678618	-0.1090791944	-0.0076167991	-0.040491148500000004	0.0277618865	0.0865503599	0.07501546469999999	-0.0290361678	0.0554717641	-0.08063885059999999	0.1521963099	-0.0258504095	0.0059205917	-0.070143285	-0.0742522094	-0.028651641000000002	-0.10763499509999999	-0.0514455407	-0.0862261457	-0.07398775610000001	-0.023438988100000002	-0.0016307605	-0.057699323399999995	-0.0280005461	0.12358735609999999	0.0748283483	-0.18383076350000002	-0.030408862400000007	-0.0655840608	0.0714440718	-0.032429899	-0.0546514006	0.0999097627	-0.0233276904	-0.1951675425	0.06582577419999999	0.0954458077	0.045441994299999997	-0.0087692468	0.0058511519	-0.004663737	0.0049968042	-0.08495029220000001	-0.0731910696	0.08568564890000001	-0.018182276	-0.012735257	0.0981364251	0.0490764629	-0.0815721671	0.0386547145	0.012624066000000001	-0.0886136913	0.0463776798	0.0097760258	0.154928	0.006027000000000005	3.6324729000000055e-05	0.024002685184	0.427764	0.12727900000000006	0.182982039696	0.01619994384100001	0.195112	-0.01985000000000001	0.038068692543999985	0.0003940225000000003	0.007563689999999999	0.00042304999999999865	1.7897130249999884e-07	5.720940641609997e-05	0.00064523	0.00013388200000000002	4.163217529e-07	1.7924389923999996e-08	0.00598818	0.0005049199999999998	3.58582997124e-05	2.5494420639999986e-07	0.0	0.0	0.0
8266.457521803355	27.613427305239387	762.5013675417401	68334319.95977926	10024.883325862957	-0.6851805136066105	0.4694723362262185	100498285.69716512	6265.108956250049	16.485379290837955	271.76773036278894	39251590.23368458	6584.418404757729	9018.980747852149	0.977435	42.975357	0.20660389999999998	0.147285	0.0491974882	-0.055147624400000005	-0.0073224051	-0.0013012223	0.0746701897	0.0257435794	-0.0607924417	0.067212542	-0.0451919743	-0.06817898780000001	-0.048295171799999995	0.0059099115	0.1342220305	-0.0348373017	-0.0408585166	-0.0345271995	-0.0015625561	-0.056095155300000005	-0.051500909500000004	0.1563764668	0.0136133111	-0.063025975	0.0653614612	0.0329903031	0.0073564335	-0.0388107596	0.044358807	-0.10909950199999999	-0.1460783908	-0.07049045799999999	0.0056311447	-0.10026200269999999	-0.0286701939	-0.040816189100000004	-0.0032402332	-0.0058723733	-0.0211662184	-0.0537719683	0.016709296499999998	0.1094047676	0.0628066186	0.0370901548	0.11523552949999999	-0.08289248440000001	0.0596536141	-0.030031892999999997	0.093766931	-0.0388026145	-0.0191147624	0.0641680895	0.0012299016	0.034911014	-0.033463215299999995	-0.051152124800000004	-0.0599832692	-0.10588461980000001	0.0193221201	0.0478686364	0.0058459021	-0.020354303799999997	-0.0026529965999999997	0.0171439195	0.021231530800000002	-0.0790205364	-0.1600332812	-0.0314963288	0.15809464939999998	-0.08750644689999999	0.0078773747	0.0096066962	-0.0601420951	0.0202203435	0.022673599	-0.2006713554	-0.027172798300000002	0.0277351138	0.038028737	-0.0398147058	0.0017719219	0.1036374484	-0.0363733717	-0.0822834441	0.1357513949	0.0182184943	-0.0057821855	0.0326512369	0.0644770463	0.0229204948	-0.10670651630000001	0.0053277485	0.0186434836	-0.0805391627	-0.014569673799999999	-0.1305509804	0.000917795	-0.1301820864	-0.0681821019	-0.0492404812	0.0010583113	-0.0007270015	0.0156023221	-0.0048553879	0.11160847609999999	-0.0761087784	0.1100366747	-0.0300390871	-0.0878598773	0.0057317755	-0.0313529548	-0.0057755588	0.0771688999	0.0446767266	0.1128302558	0.0953245301	-0.0003107734	-0.06844109030000001	0.0749243191	0.1223411459	-0.049611986600000005	0.028153100299999997	0.0787086104	0.06337561230000001	0.0444003534	-0.0364747594	-0.0066460942	-0.0475496234	-0.051092697199999995	0.0342121731	0.029028722000000007	-0.043601202	0.10227819460000001	-0.0036152126000000002	-0.033569876299999996	0.051651215800000004	-0.060318249500000004	0.1252102444	0.0639797609	0.0053409401	0.10376254130000001	-0.0274428086	0.0134460849	-0.0557135721	0.1040880309	0.0007677278	-0.12148600009999999	0.0448046682	0.082308985	0.1042832834	0.1020484545	0.0637777116	-0.1057364292	0.09451109349999999	0.041947064000000006	0.0834245302	0.0436203664	-0.0369070601	-0.136153172	0.0769652058	0.0347668973	-0.0328189536	-0.0073132709	0.0739926396	-0.11709836400000001	-0.058266149800000014	0.0074012751	0.0701475585	-0.0139130298	-0.0679171318	-0.1098112014	0.1254257957	0.0259322797	-0.021321802	0.1454264284	0.0239622799	-0.010019512099999999	0.0677800042	0.019252956	0.018613520300000002	0.0369609449	-0.0425515667	-0.051296510499999996	-0.0526422078	0.13687211230000002	0.0303752327	-0.011577206599999999	-0.13095269210000002	0.1068942882	-0.09862911220000001	0.0283340653	0.0114975179	-0.045799667800000006	-0.1032859948	0.015004816499999999	-0.15843715220000001	-0.1071549475	-0.0895385782	0.0495385296	0.0044488346	0.15991	0.004981999999999986	2.4820323999999867e-05	0.0255712081	0.285702	-0.14206200000000002	0.08162563280400001	0.02018161184400001	0.17003900000000002	-0.02507299999999996	0.028913261521000013	0.0006286553289999977	0.00714064	-0.00042304999999999865	1.7897130249999884e-07	5.098873960960001e-05	0.000572162	-7.306800000000003e-05	3.2736935424399995e-07	5.338932624000004e-09	0.00579456	-0.00019362000000000025	3.35769255936e-05	3.74887044000001e-08	0.0	0.0	0.0
8255.263229810373	-11.194291992982473	125.31217322415146	68149370.99345918	10063.778644673304	38.89531881034782	1512.8458253585968	101279640.60898244	6270.869257405047	5.76030115499816	33.18106939627314	39323801.24346773	6595.634228237743	9113.172069150723	1.038647	45.666733	0.24412915	0.16045799999999996	-0.0421249438	-0.0930508883	0.020956226	0.043883712000000005	-0.08649584699999999	0.0035214486999999997	0.0523506207	-0.0294167105	-0.0530960362	0.1003824075	0.022875763799999997	-0.0931166686	0.1148808516	0.04441799900000002	0.0635729246	0.0366010751	0.1107012614	0.0874916229	-0.0536966704	0.09531520519999999	-0.0505837883	0.0194650751	-0.0256679783	-0.0707667849	0.061242894299999996	-0.09268926779999999	0.09213085160000001	-0.106247798	-0.0862128005	0.0472739225	0.0621111241	0.0806275815	-0.0173460952	-0.048846020700000006	-0.0458662119	-0.050698651500000004	0.040650072599999997	0.16252278609999998	-0.028521267599999997	0.036323546	-0.0798211175	0.0884483882	0.0647659198	-0.1962533459	-0.000879763	0.0699066561	0.14615676619999998	0.0360192733	0.0411592679	-0.11092575140000001	0.0188940393	0.0258542844	0.08100896190000001	0.0177528114	-0.0670193973	-0.1836375792	-0.054228338200000004	-0.0313357114	-0.0393745921	-0.0236040459	-0.0876429992	0.17520084760000001	-0.0549109194	0.0116705271	0.06408190379999999	-0.0032290453000000004	0.0389509883	-0.011484609599999999	-0.030050971	0.0679446435	0.1079370614	-0.08706651779999999	0.0265867131	-0.0161066247	0.0728909994	-0.0382518742	-0.019962016000000003	0.0421957163	0.0168447606	0.024384897599999997	0.0011876457	0.0651228163	-0.08785820779999999	0.0333429473	0.0135679055	-0.0034169659000000004	0.0834092868	-0.0404244606	-0.0101468707	0.0226877652	-0.07957544309999999	0.0290428169	-0.1406037109	-0.0527533563	0.051306209699999994	0.0204149148	-0.0438166977	0.0524455297	-0.028884978399999997	0.1100171668	0.1182826631	0.0515262115	-0.0031000882	0.047307912699999996	0.1994754286	-0.1347586719	-0.0075774499	0.0567813169	-0.020979832	0.1334299518	-0.0074042336	-0.1115053268	-0.08633720130000001	-0.031687759700000005	0.052061115	0.0706351378	0.0681647813	0.0561800207	0.0046846286	0.1857547773	-0.0149503326	-0.1411949001	-0.0416141221	0.012039008799999999	0.070941238	0.0930189208	0.0253044941	0.0094045152	-0.0553802697	-0.0009232333	0.1354984644	0.0986964558	-0.13518385289999998	0.0282270433	0.0515948038	0.1455644403	0.0326652223	-0.0165878135	-0.0284347976	-0.0158762587	-0.0897665417	0.058706252699999996	-0.031493115499999995	0.067491997	-0.05727112440000001	-0.0166650159	-0.0702971997	-0.0198403279	-0.059472592699999986	-0.08528145869999999	-0.0441674051	-0.0923067032	0.0414480569	-0.0136602694	0.0376904778	0.0389550583	-0.0211070291	-0.0357142592	-0.0101469986	-0.11606035890000001	-0.027606436600000003	-0.1184326151	-0.0465987023	-0.024959955699999998	0.0284150826	0.0197915759	-0.0215319827	-0.0420983157	-0.1593863946	-0.053288605700000005	0.060565917300000015	-0.0284313419	0.042357247800000004	0.033256785	0.0733798968	0.1410265848	-0.0032326683000000003	-0.1515152595	-0.036662899900000004	-0.0399426604	0.037812530899999995	-0.1492294482	-0.0072660915	0.0014825408	0.11466172779999999	-0.145630327	0.1773071452	0.008044361600000001	-0.062232191799999996	0.1186568072	0.012276220800000001	0.031072582400000007	-0.029251956000000006	0.10631164470000001	0.0220934202	-0.0904373636	0.052641619699999996	-0.0008900264	0.148074	-0.011835999999999984	0.0001400908959999997	0.021925909476000004	0.133463	-0.152239	0.017812372369	0.023176713121000003	0.197653	0.02761399999999997	0.039066708409	0.0007625329959999983	0.00691665	-0.0002239900000000003	5.017152010000013e-08	4.78400472225e-05	0.000627215	5.5053e-05	3.93398656225e-07	3.030832809e-09	0.0050248	-0.0007697599999999995	2.524861504e-05	5.925304575999994e-07	0.0	0.0	0.0
8235.73944340675	-19.523786403622577	381.17823553427786	67827404.17968573	10051.856131246364	-11.922513426939984	142.14632641556426	101039811.68327512	6270.0986533238765	-0.770604081170859	0.5938306499171838	39314137.12241389	6597.255189801827	9086.40975363371	0.991083	43.575451	0.0919991	0.0450557	-0.0317618315	-0.036858736600000004	-0.005973030799999999	-0.0904411601	0.017303463300000002	0.0157579972	0.058027772699999994	0.012239812099999999	0.12012888769999999	0.0411545606	-0.07729568719999999	-0.0144839551	-0.0230967881	0.0853350027	0.1261151127	0.018283696699999998	0.1515568059	0.0322812643	0.0532623763	0.0815764605	-0.099296207	-0.0342352764	0.0327609219	-0.0088897962	0.0214328342	0.021884639100000002	-0.0143192753	-0.03809096	0.0189100861	0.023659573700000002	-0.0002247282	-0.004409318	-0.024336598199999997	-0.0582263513	0.09826848	-0.033905793999999996	0.0659803412	0.0075772648	-0.15819045980000002	-0.0373187825	0.028976554300000002	0.0822577975	-0.1359260185	-0.04268730849999999	-0.0164068443	-0.0158986352	-0.0005522672	0.0337197984	0.027803090099999997	0.048941037800000003	0.014542950700000001	-0.0374176406	0.07966868740000001	0.06852876179999999	0.11484359429999999	-0.0772915389	-0.1010127153	0.0406244554	-0.0918593557	0.0324251384	-0.1091858783	0.0555529496	-0.1197365391	0.014430041999999999	0.0049559915000000005	-0.1159999114	0.0525243741	-0.0494794282	0.0051174108000000005	0.0027929201	0.06893889980000001	0.045772245	0.0834885504	-0.0289761194	0.0558725654	-0.0717465563	-0.07692733360000001	-0.018864011599999998	0.021814346600000003	0.022120689500000002	0.0644587958	0.0816419228	-0.04357765190000002	0.0976247918	0.0206005704	0.028391733500000002	-0.050070923899999994	-0.08820730140000001	-0.0587840166	-0.02731287	-0.0159542633	-0.025632655600000002	0.0719810375	0.0382212584	-0.0509205511	-0.0427830517	-0.0165660918	0.1039181851	-0.0545143633	-0.047946257400000004	0.0142529673	0.053931793	0.08872916119999999	0.0621183479	-0.053391579800000005	0.14942388939999998	0.027466225099999998	0.0026876392	-0.0461392237	-0.11643573310000001	-0.006958298000000001	0.033043845	0.0555293565	-0.0532473421	0.037258067799999996	0.0012869903	-0.0806981604	-0.1002193324	0.0177810327	0.052738446900000006	0.08717936789999997	-0.0822647905	-0.0380673432	0.0234117058	0.019690503999999998	-0.0660885551	0.044774746799999994	-0.080553232	-0.0769921732	0.032547726400000004	-0.0214347505	0.1896542703	-0.008113581199999999	-0.0569947424	0.0032551289000000002	0.0577513648	0.0613175767	-0.11712264189999999	-0.034961130099999994	-0.0674480521	0.0158288362	-0.075271781	-0.1009321278	0.0132285977	-0.0081290259	-0.026657527	-0.004719265	-0.11059490529999999	0.011225413200000001	0.0701431228	-0.09774394730000001	0.0275928446	0.0500631068	0.0694729448	0.0046521296	0.0289660996	-0.1070233893	-0.07558461030000001	-0.1082633926	0.015959633	0.0379409488	-0.0053764277	-0.0682804082	-0.0263474425	-0.0144399122	0.1185331204	-0.0161318828	0.014549373	-0.012881714099999999	0.0199111295	0.0142892543	0.0300517223	-0.0726092563	-0.058311865899999996	-0.06922481230000001	-0.0694935174	0.01449001	-0.0638452495	-0.132936253	0.026706590699999998	0.053162321299999996	0.0572062757	-0.06962009870000001	-0.050673367000000004	-0.00207355	-0.0080216976	-0.052247998399999995	-0.046626140499999996	0.0167387758	0.000226725	-0.0405954589	0.0455594659	-0.135399569	-0.0543549919	0.17443399829999998	-0.0913097856	0.055683332	-0.0062265527000000005	0.15721500000000002	0.00914100000000001	8.355788100000019e-05	0.024716556225000002	0.149257	0.015794000000000002	0.022277652048999997	0.0002494504360000001	0.162156	-0.035497	0.026294568336	0.001260037009	0.00726652	0.0003498700000000004	1.2240901690000027e-07	5.28023129104e-05	0.0006417969999999999	1.4581999999999966e-05	4.119033892089999e-07	2.1263472399999887e-10	0.00529169	0.00026688999999999966	2.80019830561e-05	7.123027209999981e-08	0.0	0.0	0.0
8232.852544646856	-2.886898759894393	8.334184449879785	67779861.02189821	10038.231531234018	-13.624600012346491	185.629725496432	100766092.27466086	6261.427780635436	-8.670872688440795	75.1840331791485	39205477.8521132	6588.516452532037	9022.99983463038	0.925521	40.69286	0.02444555	0.01249	-0.031302825699999995	-0.011280956200000001	0.0543155392	0.0503771368	0.1195894292	0.0115759825	0.0289805288	-0.044407893399999995	-0.0135924213	-0.09215159220000001	-0.035134816299999996	-0.021386368500000003	0.0030755541	0.0309837423	0.0889904926	-0.07749186150000001	0.10110617949999999	0.0015784991	-0.0820057463	0.029595632400000002	-0.0470279588	0.1017600941	-0.0654301315	0.051846493	0.0727083661	0.0135207177	0.0469733296	-0.0060375086	0.023089605299999996	-0.0238126175	0.1097895876	0.012482576799999999	-0.0196172127	-0.1360604593	0.10825189269999999	-0.0292086484	0.085803503	0.0261279914	0.0583513225	0.0348553978	-0.1960231347	-0.015211933200000001	0.051538112999999997	0.0292018221	0.043935724	-0.059683627	-0.0020792707999999997	0.0066701263	0.059113648899999996	0.000248598	-0.0163193678	0.11768845509999999	-0.010775213	-0.06250252070000001	0.11049457720000001	-0.0888183352	0.0502218434	0.0287486295	-0.0603047859	0.0705242031	0.0423535563	0.0471634529	0.0067762528	-0.0414100555	-0.0264067188	0.0736367387	-0.0119496125	-0.035308701899999996	0.0925190695	0.0196062987	0.0340306729	-0.027272307000000003	0.052445762800000004	-0.0207755765	0.0470226212	-0.014888881299999997	-0.048701586799999995	0.0196726871	-0.18688014719999999	0.0081093286	-0.0408268991	0.06461259230000001	0.09339031589999999	0.027953190699999998	-0.0361943851	-0.053658282	-0.1267170254	0.0239370192	-0.0770143457	-0.0251476151	-0.0195379314	0.0327974144	0.10958737880000001	-0.025030071600000002	0.0676705606	-0.0489294259	0.1412387184	-0.05121166	0.0056456219999999994	0.0460287196	0.0318763832	-0.0855213329	0.0075519779	-0.0185065726	-0.0520861302	-0.0859616112	0.06718776580000001	0.0184087249	-0.0048214497	-0.0367956871	-0.0383226407	0.0486915579	-0.0726042049	-0.0212927433	0.099294719	0.0565864192	-0.0681685815	0.0976842417	0.085578742	-0.026062761400000002	0.1358114201	0.035648953	-0.0065155176	0.057158856200000004	0.028265220299999998	-0.041163637	0.0066337396	0.10724810359999999	0.025114786	0.0431558811	0.034507979300000005	0.11072457919999999	0.0400580425	0.0643998238	-0.1512538469	0.0073484589	0.0073578203000000016	-0.09830431710000001	-0.031160498	0.0560977679	-0.0785427088	-0.0126701904	-0.0030875328000000003	-0.0405730844	-0.0129031323	0.0347826158	-0.0467769887	-0.0642837156	-0.0356957557	0.006000971999999999	-0.0648066037	0.0118167247	0.0347958184	0.0069096533	-0.1447069579	-0.1836694211	0.0292217422	-0.041791890400000004	-0.0893971098	0.032284006000000004	0.0390914487	0.12412408130000001	-0.0166728046	0.0598729426	0.054420043099999996	0.051802804	0.0831274332	-0.054184780999999994	0.0087607448	-0.0688398795	-0.0555862637	-0.048787212999999996	0.0374700031	0.0604450443	0.1256467429	-0.0260879258	0.10409562480000001	-0.08742669550000001	-0.0713602978	0.0740055703	0.010467300300000001	-0.0162705725	0.0407029302	-0.018815713	0.0146968216	-0.018602367800000002	0.014124817	-0.0350717022	-0.0040598097999999996	0.0903704515	0.0449292279	0.118939559	-0.0125047608	-0.1193430677	0.0207314923	-0.0921555899	0.05866012	-0.011546746200000001	0.156854	-0.00036100000000002797	1.303210000000202e-07	0.024603177316	0.158689	0.009431999999999996	0.025182198721	8.896262399999993e-05	0.159593	-0.002562999999999982	0.025469925649000004	6.568968999999908e-06	0.00739064	0.00012412000000000013	1.5405774400000033e-08	5.46215596096e-05	0.0006939380000000001	5.214100000000012e-05	4.81549947844e-07	2.718683881000013e-09	0.00535722	6.553000000000028e-05	2.86998061284e-05	4.294180900000037e-09	0.0	0.0	0.0
8233.643172860176	0.7906282133208151	0.6250929716988644	67792879.897987	10059.028951703018	20.797420468999924	432.53269816437665	101184063.45119952	6256.879102015228	-4.548678620207284	20.690477189930835	39148536.09723489	6585.225342089049	8887.871984513638	0.972548	42.760525	0.1397954	0.0808403	-0.0806411754	0.0102094573	0.060086346299999996	0.0185022835	-0.0811308502	0.0039974926	0.09236161	-0.0569161033	-0.0165883425	0.0757856047	0.022431898500000002	-0.100138542	0.0197769333	0.0412473889	0.1458991258	-0.1149958507	0.0156751477	0.011112840300000001	-0.1492248051	0.0067780104	-0.0935027759	0.0796064596	0.0453265786	-0.0022609514000000003	0.1551370529	0.053259584900000004	0.0407014614	0.0098547428	0.10065992369999999	-0.1334213524	0.0674205384	-0.11080681630000001	0.0381846485	-0.0259198234	0.0131437909	-0.024100591400000003	0.0099119915	0.0253591358	0.0302350403	0.027503350299999996	-0.0643477244	-0.0528530382	0.022918998399999998	0.041859851600000005	-0.0620078506	0.11991351800000001	-0.1176304893	0.0806196897	0.077480458	-0.0958399568	0.0418568713	-0.00345958	0.0738092415	0.0469022838	-0.0248256502	-0.073636948	0.1315361381	-0.0652179007	-0.05002797690000002	-0.0323016416	0.0360266328	-0.0633847042	0.0121972862	0.02053698	0.035324516	0.0822897885	-0.13108013529999998	0.0129261742	0.0132400521	-0.1580801214	0.0578568068	0.0539462138	0.0688139398	0.0615011167	-0.0198133268	0.11125588980000001	0.0219358267	0.09399081449999999	0.0917039559	-0.05950127700000001	-0.0756616491	0.025884650800000002	0.0005344281	0.0108670424	0.067638626	-0.027411134	-0.041446319700000005	0.0615599035	-0.0919999038	-0.0261504744	0.10639729519999999	-0.0441483393	-0.0755327178	0.1106402193	-0.018216757	-0.0178597541	-0.024169674	-0.0009023458	-0.0528049279	-0.07188159200000001	-0.169056459	-0.1177807921	0.0470631688	0.0207967322	0.021057664700000003	0.0661977289	-0.1194159567	0.1423679242	0.1424752514	-0.0631661635	0.0828884111	0.0489749471	-0.0029479731	-0.056215107	0.0206210017	0.0020519628	-0.1190134323	-0.0999268173	-0.1205134353	-0.0016753588000000001	0.011864554199999999	-0.1436928125	-0.0772517693	0.0533523378	0.0808773289	0.0859377294	0.0180113936	0.0014200295000000001	-0.07823987889999999	0.050042337400000005	0.0417473252	0.0212806558	-0.0953649549	0.1228089112	-0.0339291854	-0.085014357	-0.0788760547	-0.0763605171	-0.0837399696	-0.036089604	-0.017491824399999998	-0.0002450479	-0.0131728427	-0.1025582973	0.11801249400000001	0.0834714867	-0.10298233960000001	-0.030557388300000002	-0.075557165	0.1024844237	0.0490131524	0.0018040712	-0.0318495897	0.047043355599999996	0.06480297809999999	0.0166437927	0.0178569191	-0.0267807647	-0.0202373845	0.0217287571	0.0384953737	0.0892404331	0.1580853555	0.0028068561	0.004513823	0.0413547982	-0.07893795769999999	0.014121210300000001	-0.1499078652	-0.0296877675	-0.0345252429	0.1669134093	-0.043861249500000005	-0.028799869500000002	-0.1169203685	-0.1116790081	0.045876708499999995	-0.0074097337	0.1777347705	0.0639332705	0.07661707400000001	0.0469531721	0.056796411	-0.06882896919999999	-0.1810479516	-0.01697737	0.027546116000000002	0.0060505804	-0.045105642	-0.0307580416	-0.0353876504	-0.09493421640000001	0.0805920469	0.0072468264	0.1010676703	-0.0929745299	0.061568513	-0.0168366517	0.14893199999999998	-0.007922000000000012	6.275808400000019e-05	0.022180740624	0.08634759999999997	-0.07234140000000003	0.0074559080257599955	0.005233278153960004	0.185469	0.025875999999999986	0.034398749961	0.0006695673759999991	0.00711272	-0.0002779200000000001	7.723952640000003e-08	5.05907857984e-05	0.0006717380000000001	-2.22e-05	4.5123194064400004e-07	4.928399999999999e-10	0.00498422	-0.0003730000000000001	2.48424490084e-05	1.3912900000000005e-07	0.0	0.0	0.0
8234.537624717517	0.8944518573407549	0.8000441251003262	67807609.89288841	10045.98160012204	-13.047351580977194	170.23338327762804	100921746.30999058	6261.471816700123	4.5927146848944185	21.09302817684483	39206029.31132994	6585.8922723251135	8787.320321788397	0.974295	42.837326	0.14023140000000006	0.0653308	-0.0480626867	0.0421309776	0.0027185882	-0.0898426208	-0.014005748600000001	0.012058196699999999	0.0767307654	0.0194461167	-0.0124696804	0.0860601639	-0.0878185468	-0.007050972900000002	-0.0797458339	0.0711458052	0.1421317136	-0.22137753100000002	0.061593874699999995	0.0079927169	0.0454260376	-0.0732450894	0.0582847333	0.0117854002	0.1051166167	0.0428962751	-0.1868319428	0.1020062811	-0.0012881622	0.0253351688	-0.0294507569	-0.010841551100000001	-0.08140410370000001	-0.0910045808	-0.06671263059999999	0.110444505	-0.00037965940000000015	-0.013099398500000001	-0.0612443392	0.12609461800000002	0.0209176067	0.0306559719	0.0057381315	0.0309610625	0.0179539315	0.026026758100000002	0.043200324000000005	0.0373584199	0.023509744300000003	0.0795648096	-0.0089659406	0.035335723900000005	0.0718352427	-0.06639274	-0.016744061100000002	0.0784231866	0.049594615999999994	-0.147286106	-0.0728274372	-0.110393617	0.1348988129	0.10674074380000001	0.12044945289999999	-0.0799054309	-0.017641102	-0.0468852274	-0.040943126499999996	0.0384091234	0.068767432	-0.1434481953	0.1203238968	-0.21180883	-0.0117803496	0.0484428555	-0.013346353100000001	0.0346521276	0.1934915121	0.1520518866	0.0429235568	-0.052354562199999996	-0.15285123	-0.0143039843	0.049544179	0.0192849608	0.0341512498	-0.1396097087	-0.007151274399999998	-0.0232918105	-0.0057306206999999994	0.0649157462	0.04389721	0.1352360648	-0.1363210859	-0.0075081716	-0.0412491145	0.040903104700000005	-0.1596487422	0.1252456781	-0.0206209053	0.0596222872	-0.1012664012	-0.1562928902	0.0295954008	-0.0427361053	0.0136705512	0.0256869087	0.048510185	0.022617025699999998	0.1777476725	-0.0237653094	0.1383681145	0.0566431521	-0.0249530411	0.021019584900000002	0.0304137671	-0.0718653738	-0.0401024667	-0.0284260364	0.0096062325	-0.11327121130000001	0.047375990800000004	-0.033646047400000004	-0.0384994691	-0.0588450414	-0.07022130809999999	-0.017638323600000002	0.047662254800000005	-0.0018637854	-0.0743345459	-0.0825145409	-0.0362464884	-0.0084093905	-0.2196068648	0.012974264499999999	-0.1608585594	0.034458345	-0.08068212570000001	0.0495433326	-0.050073756799999994	-0.0399128327	-0.06126288410000001	-0.029532103100000002	-0.025722086499999998	0.006304183499999999	0.14001110619999999	-0.0994307037	0.0473741284	0.1637495981	-0.0192112398	-0.040237422	0.042666053499999995	0.0041736838	0.0592248386	0.171481324	0.0191675606	0.17135914149999998	0.006921135699999999	-0.1363140292	0.0677596531	0.2542154319	-0.10626999869999999	-0.025814542000000003	0.0217826036	-0.0315032101	0.1055744486	0.030408567999999997	-0.1253424223	-0.1759703563	0.0080686231	-0.056083213300000004	0.06053309730000001	0.11013792859999999	0.09368891359999999	-0.0143352883	0.016802904599999998	-0.0219491656	-0.08872178039999999	-0.0391562735	0.0611846069	-0.11003853029999999	0.0356486564	0.028989059700000007	0.1059278103	-0.06669596059999999	-0.1692985343	0.018102536000000002	0.003806724	0.0638743054	-0.0909098257	0.128913917	0.0083571316	-0.019129343400000002	-0.013975868700000001	0.1175554576	0.0264293364	0.0853334474	0.0043662017999999995	-0.0937663669	0.06440511980000001	-0.022082393399999997	0.129369	-0.01956299999999997	0.0003827109689999988	0.016736338160999998	0.13707200000000005	0.050724400000000086	0.01878873318400001	0.0025729647553600085	0.196972	0.011503000000000013	0.038797968784000006	0.00013231900900000028	0.00653101	-0.00058171	3.383865241000001e-07	4.26540916201e-05	0.000489398	-0.00018234	2.39510402404e-07	3.3247875600000014e-08	0.00457945	-0.0004047700000000005	2.0971362302499995e-05	1.6383875290000037e-07	0.0	0.0	0.0
8267.820261458886	33.28263674136905	1107.7339084579296	68356851.87579009	10063.225200060691	17.243599938650732	297.3417388442355	101268501.42713654	6275.585731271827	14.113914571704301	199.202584537367	39382976.27054256	6600.584749172813	8807.998957904196	1.102707	48.483261	0.045710599999999935	0.0214547	-0.05652661849999999	0.031409163	-0.0853607066	0.0034479717	0.0841645466	-0.0263365427	0.04359878650000002	0.10003713730000001	0.0141232416	-0.1403668487	-0.0546148953	-0.12428829949999999	-0.028321000099999997	-0.0122542192	0.0188603245	-0.1244628159	-0.0449604834	0.0681850734	0.0216243287	0.0650986767	0.1487409229	-0.056835582	-0.2125128972	0.0040416613	-0.15120962300000002	-0.12202231	0.1418935989	0.047083302800000004	-0.064864904	0.0833582811	0.015057056899999999	0.0516361042	-0.13522007960000001	0.0219063844	-0.0019525546	0.01922658	0.0645960818	-0.009958047900000001	-0.0796570216	0.0806090254	0.033182517200000004	-0.2303415361	0.0590506629	0.0010029302	-0.0179354964	-0.0802442523	0.0359722209	0.1187837117	-0.1114340793	0.0778863073	-0.0548247275	0.0659189944	0.076559825	0.0147468742	-0.0151782798	0.10263766939999999	0.0119021094	-0.0958673807	0.12818868949999998	-0.0916941732	0.0771782754	0.0493853329	-0.0097931609	0.0149632643	0.1353995902	0.0037549978	-0.0182942899	-0.06363356860000001	0.028942633399999997	0.054085759000000004	-0.1645952034	-0.08055017440000001	0.0124114533	0.0149496682	-0.067542243	0.0435407375	-0.12238347890000001	-0.0528995662	0.0247114908	-0.1071212627	0.1546542279	0.1260586469	0.2555057529	0.0157622923	-0.047520221900000006	0.0121910192	0.1535051053	-0.024327152299999998	0.0090712155	0.014130573700000001	0.16137273	0.074695396	-0.0988127352	0.033320419	-0.0383110116	-0.1155969497	-0.0135090311	0.0040820636	-0.0423753482	0.0056736767000000006	-0.080291498	-0.0044901279	-0.0651328835	0.1225738377	0.12389648800000001	0.0458087654	0.1708043884	-0.039222481499999996	-0.0605523271	0.059027869000000004	-0.026984201200000002	0.04600766	-0.1022594156	0.0381397857	-0.07706860900000001	-0.0863081454	-0.0033485290000000003	0.0601812718	0.067903933	-0.0400045296	0.0224477306	-0.16235137300000002	-0.1095224886	-0.097493761	-0.0729796085	-0.1044216057	0.0305561924	0.0702354647	-0.09924947320000001	0.0247982027	-0.021560887200000003	-0.1906645863	-0.0193451241	-0.0018037172	0.068102275	0.038746290499999995	-0.07154115280000001	0.1022915118	-0.034562419500000004	0.022291339599999998	-0.045596097599999996	0.0943352764	-0.036848067400000004	-0.12069417730000001	-0.1348959741	0.11610502980000001	-0.028218127599999997	0.0620181379	0.1313753289	-0.11249657490000001	-0.016371658799999998	0.0721331929	0.0364256113	-0.0275160797	0.0101304666	-0.16935539289999998	0.0636692709	-0.20933559010000002	0.1272580108	0.0231426185	-0.0602128459	-0.024266103100000002	0.0130472958	-0.1451872439	-0.0491898865	0.0449644178	-0.1427572632	-0.1102325654	-0.0685258335	0.0339763847	0.0715506094	0.0027745343	0.020594685800000002	-0.1588510785	0.0396514448	0.0740411487	0.0611463145	0.0019272392000000001	0.052406681	-0.0330940967	-0.0081808543	0.0235350929	-0.1106019461	0.15948492820000001	-0.0354351878	0.1384856966	-0.0037189026000000003	-0.0088821535	-0.0045800855	-0.0226649387	-0.09143856439999999	0.0325851239	-0.0660903551	0.0437724876	0.0363234111	-0.0945308701	0.0671666331	-0.0272702111	0.14146	0.01209099999999999	0.00014619228099999978	0.0200109316	0.12603	-0.011042000000000052	0.0158835609	0.00012192576400000114	0.19703	5.7999999999974745e-05	0.03882082089999999	3.3639999999970697e-09	0.00664445	0.00011343999999999936	1.2868633599999858e-08	4.41487158025e-05	0.000317216	-0.00017218200000000005	1.00625990656e-07	2.9646641124000017e-08	0.00441468	-0.00016476999999999982	1.94893995024e-05	2.7149152899999945e-08	0.0	0.0	0.0
8300.233201181329	32.41293972244239	1050.5986614506835	68893871.19399285	10031.38328926141	-31.84191079928132	1013.9072833493884	100628650.69607309	6269.732863850949	-5.852867420878283	34.25605704637841	39309550.184052624	6590.814564380214	8995.0949608866	1.393048	61.248859	0.6124994	0.437263	0.1190948333	-0.0441924578	-0.11212801189999999	0.069317737	0.0123340217	0.0024605974	-0.1018393351	0.103355124	-0.0690899777	-0.0466878769	0.09262686279999999	0.1221648696	0.0032681383	-0.09479762929999999	0.028091098199999998	-0.0115344249	0.032034701299999996	-0.0223009261	0.0036734752000000003	-0.06339945799999999	0.0986515727	-0.0416117605	-0.13548632300000002	-0.0368800173	-0.05477864599999999	-0.148458267	-0.023165788399999998	0.018019794	0.0987979831	0.0788256621	0.026659293100000002	0.0395012253	-0.0398982642	0.0752830298	-0.040670362200000004	-0.0922807092	0.1158119284	-0.0017844256	-0.1560264171	-0.1146828585	0.0729203184	-0.0827471081	0.026619580499999997	-0.0030187777	0.0048866318	0.0451665632	-0.0663752918	-0.0998173521	-0.1659266546	0.0112954054	-0.05989505940000001	0.0036129665	-0.1246593216	-0.0516173407	-0.0214177145	0.0049248034	0.0449978283	0.030818039300000002	0.0378291681	0.0012128769	-0.025824343599999997	-0.1394888014	0.018916876200000002	-0.0179423215	-0.0677252605	-0.18397647600000008	-0.0819312176	-0.0068969606999999995	0.0014700694	-0.0868537498	-0.0105183226	0.057341543099999996	-0.0323285429	-0.0199824109	-0.0696614097	0.06162624200000001	-0.06370613879999999	-0.1311967867	-0.0774023903	-0.0445436484	0.0565462303	0.0631391424	-0.0906510814	0.0299261053	0.1064679317	-0.0462037159	-0.05736554150000001	0.0300846193	0.08960273980000001	-0.0044734006	0.04592248349999999	-0.0988518315	-0.0101083897	-0.1331666842	-0.1640592271	0.0072973778	0.0570148567	0.1102103215	-0.0161220725	0.043087925	-0.030857602400000007	-0.18000161739999998	-0.055695404299999994	-0.057950237	0.0430486895	-0.1441062751	0.1375266196	0.0326475007	-0.0019933513	0.09310541060000001	-0.0364821379	-0.0105211167	0.0399550458	-0.0112719527	0.0695682485	0.012379386899999999	-0.035017087200000005	-0.0487803678	-0.11027455480000001	0.0605887171	0.0845972992	-0.1233012662	0.0890829716	-0.121918435	-0.11778481789999999	0.0256712033	-0.022119016000000002	0.0348633508	0.10869916449999999	-0.08017248490000001	-0.0101041991	-0.0233449656	0.0309645843	-0.0238189457	-0.0680888177	-0.0429807943	-0.11387987570000001	0.0809115685	0.07218264519999999	-0.0061176126	0.1152723228	-0.053341659400000005	-0.0467058299	-0.1122396503	0.0161251534	0.0006338778	0.10864443859999999	-0.0454103871	0.0451516328	0.0362709338	0.106174934	0.191103782	0.08831739529999999	-0.0580947331	-0.0561215773	0.0052419113	0.0357983011	-0.0165470126	-0.07449158089999999	0.041371047200000004	-0.0167705729	-0.10077103109999999	0.132496894	0.0985690592	-0.08544998	0.0574059883	0.0303032351	0.0212095725	-0.0292312263	0.051230867	0.0448963454	0.0164727735	-0.0372701937	0.0659942703	0.1493988745	-0.0912066637	0.1384456189	-0.0473778234	0.0299331209	-0.0410036026	-0.066219964	-0.15002816900000002	-0.0726011669	-0.0711715837	0.0523941842	-0.0688216685	0.0064165191	0.0235206517	-0.0055995527000000005	-0.0829355017	-0.1292544554	0.169619245	-0.012270354399999999	0.0360782814	-0.10684189390000001	-0.0952678165	0.0698498331	-0.032386496800000004	0.154647	0.013187000000000004	0.0001738969690000001	0.023915694608999997	0.547244	0.42121400000000003	0.299475995536	0.17742123379599994	0.17766499999999996	-0.019365000000000018	0.03156485222499999	0.0003750032250000008	0.00793071	0.0012862600000000009	1.6544647876000022e-06	6.28961611041e-05	0.000513484	0.00019626800000000004	2.6366581825600004e-07	3.852112782400001e-08	0.00610682	0.00169214	3.72932505124e-05	2.8633377796e-06	0.0	0.0	1.0
8299.725743759465	-0.5074574218633643	0.2575130350042125	68885447.42162362	10055.954964113029	24.57167485161881	603.7672050136762	101122230.24026948	6257.9439335108	-11.788930340148909	138.97887856488347	39161862.27496462	6583.053342792033	9199.665103279878	1.033777	45.452587	0.12899379999999994	0.0905846	0.0998849081	-0.1202948591	-0.0682808191	-0.0267828391	-0.15638613070000001	0.0028019822	-0.038566480800000004	0.0756081167	-0.0312062709	0.1258393997	0.0883996216	-0.0048981049	0.1354429917	-0.0873431568	0.0183122337	0.0368616649	-0.0163471079	-0.08649876109999999	-0.11686950089999999	0.0563837081	0.0477189692	-0.054943169699999996	0.0010967608999999999	0.1264463865	0.11209703050000001	0.08918693609999999	0.028606761	-0.0122197503	-0.1355971032	0.0173133006	0.0570040726	-0.0447057763	-0.0920095741	0.0111918796	0.0797533627	-0.0181085119	-0.1677669653	-0.0289996326	-0.017448576599999998	0.0373649708	-0.0673505209	-0.10231394449999999	-0.0293954154	0.0163349795	-0.0020350304	0.0356142734	-0.0508286344	-0.08987021070000001	-0.0747587796	-0.056897975499999996	0.0070571746	-0.0913493587	-0.08572662369999999	0.0083448605	-0.0742855783	-0.0150757452	0.0130157646	-0.0026706825	-0.0789505373	0.0126000129	-0.028143824300000002	0.0550905874	0.0524460712	-0.1273550925	-0.0675892102	-0.062268979599999996	-0.0784717213	-0.1086350366	0.1454891227	-0.0366047619	-0.0586252326	-0.0003607236	0.055417925599999994	0.061955756699999996	-0.018189521	-0.0209545549	-0.08537339109999999	-0.1300306715	-0.0015464554	-0.0823097797	-0.009184598	0.0669516611	-0.0357834505	-0.1641532492	-0.033024565299999996	0.06324322339999999	-0.0931520008	-0.1023603576	0.0414564185	-0.0910932571	-0.0062402308	0.0335380353	0.07017371480000001	0.0235809702	0.107611891	-0.045774705199999995	-0.0210236975	-0.0820457002	-0.06989750730000001	0.0318920286	0.055227852	-0.0912689847	-0.04954736	-0.1854125821	-0.0388032875	-0.0037546689	-0.0425934167	-0.1049618972	0.0897721873	-0.0372931943	-0.007361719799999999	-0.0411806867	0.0251965488	0.0664216643	-0.0372864057	-0.0162003833	0.012880281	-0.0151250739	0.0032690473	0.051580914400000004	-0.0860989707	-0.031807952599999995	0.0719838471	-0.0693805857	-0.0331207746	0.1042494427	-0.018271988	-0.0726897046	0.043665206100000006	-0.1056003174	0.0844356088	0.0442087924	0.0125129827	0.07558210110000001	0.025270314	-0.0161777312	0.055156938600000004	0.023250669100000003	0.0668233952	0.0337782117	0.0116722287	-0.16807749079999998	-0.0481300863	-0.10412282689999999	-0.025540826200000002	0.0307626364	-0.0169714121	-0.025171002400000003	0.0029082029	-0.0377749358	-0.044369175	0.055090694	-0.0758340118	-0.0567772159	0.0241965175	-0.0928880525	0.0414748952	0.0012693244	-0.1099181392	0.1645950284	-0.0931903051	0.024871477000000003	0.016847845	0.029937690099999997	-0.0406593633	-0.10595696619999999	-0.007405389	-0.1009341734	0.0005011138	-0.0189747683	-0.0136300558	0.1081059449	-0.0382246107	0.1135361575	-0.0290189164	0.0313713808	0.0424865154	0.043938438899999994	-0.10274686779999999	-0.06995567309999999	0.0488027154	0.0099652385	0.0992655359	-0.054938980400000004	-0.1120198356	-0.0023087119	0.0410706914	0.0557057951	0.0388579381	0.0085355936	0.08371530599999999	0.0126310034	-0.07459183400000001	0.08792598609999999	0.0095362042	-0.0959769915	0.0724515914	-0.0374178302	0.156903	0.0022559999999999802	5.089535999999911e-06	0.024618551409	0.4637520000000001	-0.0834919999999999	0.2150659175040001	0.006970914063999983	0.184084	0.006419000000000036	0.033886919056000005	4.120356100000046e-05	0.00730996	-0.0006207500000000005	3.8533056250000074e-07	5.34355152016e-05	0.00061231	9.8826e-05	3.749235361e-07	9.766578275999998e-09	0.00612378	1.6959999999999892e-05	3.75006814884e-05	2.876415999999963e-10	0.0	0.0	0.0
8269.395496008197	-30.33024775126796	919.9239286532953	68382901.86940067	10064.41527628528	8.46031217225027	71.57688205192606	101292454.85352448	6268.015426949564	10.071493438764263	101.43498008707162	39288017.39247773	6593.360541783367	9152.752371821729	1.10016	48.371269	0.30867695	0.215659	0.0188693141	-0.1047008277	-0.08570912720000001	-0.0432034482	0.0759576003	-0.0185922153	-0.0068812602	0.0680365235	0.0032933825	-0.0233446638	-0.041534487099999996	-0.0526221258	0.1209544493	-0.022916837000000002	0.0194668927	-0.0278392264	-0.0144552628	-0.0228816939	-0.0331035393	0.11282457800000001	-0.0559274712	0.0027525718	-0.029327888599999997	-0.10140151310000001	-0.0427852541	0.1046119583	-0.0855377235	0.0545370802	-0.05452426269999999	0.0588892718	-0.046819829900000005	0.060548575999999986	0.0844763895	0.041827501499999996	0.030588962400000006	0.0842608367	0.0754273845	-0.0823120398	-0.0534969846	0.0104718009	-0.0075995766000000005	-0.1015275329	0.0470094772	0.033430773399999995	-0.0758495411	-0.0120202254	-0.0759530618	0.0054960172	-0.0504395532	0.0883180196	-0.006636885899999999	0.047254593	0.0398719172	0.0431157262	-0.1555998841	-0.0175338657	-0.0006472956	0.0604416003	-0.09878383240000001	-0.0709159475	-0.0738920622	0.1125149339	-0.1118891915	0.1759513458	-0.08789780970000001	-0.0527415058	0.0076336159	0.036352393999999996	-0.0379338517	0.0346132617	-0.0371254289	0.0323373327	0.0819387987	0.0013746973000000001	0.060273702	-0.0151101539	-0.040572322	-0.024808408799999997	-0.0069607948	-0.0689004215	-0.08395187009999999	0.0956163141	-0.044295885099999995	-0.1031138811	-0.0044203182	-0.09562443970000001	0.0608510949	-0.11642720960000001	-0.029979612200000002	0.025708272200000003	0.0256317475	0.0492267511	0.0248947403	-0.015119776299999999	0.0890858716	-0.00796554	0.0014662815	0.054213314400000004	-0.024884342599999998	-0.0046975006	-0.1017532998	0.0168939757	-0.0045787299	-0.1035494675	0.0727976439	-0.0921907392	-0.0238261215	0.0431676414	-0.022709053599999997	0.0731231388	-0.0024118992	0.037310005099999995	0.029349559100000002	-0.1859038811	-0.0798554933	0.1423176095	-0.0429398671	-0.0631973082	0.0464339319	0.06580076259999999	-0.0141250851	0.10350982	-0.0103507549	-0.0469017799	-0.0421465845	-0.0770200278	-0.046896226799999996	0.0374275762	-0.1006069024	-0.0417684846	0.17768269820000002	0.0083659923	-0.0579887993	-0.0492331957	0.046001284	0.0079118878	0.1520625879	-0.016541441599999998	-0.0182441544	-0.1231557259	0.0651326208	-0.0216660506	-0.0425533654	0.0494236342	0.0556782746	0.0098002504	0.011281395	-0.11403811779999999	0.0970744142	0.019577701399999998	0.0084703075	-0.045501821	-0.031711906	-0.0863814112	-0.037085995499999996	0.0300332843	0.029346994700000007	-0.0127641711	-0.0132550871	-0.0037950815000000002	-0.068325808	0.0704620664	0.0610295817	-0.0545738355	-0.0239638576	0.0973367674	-0.020167149199999998	-0.0716439837	-0.034156007099999997	-0.033231155400000004	0.1356980319	0.0520942835	-0.0536756314	-0.047053986900000004	-0.0101306715	-0.005359732900000001	0.0611172366	0.0013648173999999999	-0.0253022657	0.07759212559999999	-0.0360253815	-0.1031926135	0.0296273538	0.0571154068	0.024283286299999998	-0.0950714898	-0.009275706600000001	0.0435252546	-0.1564717942	0.046597418099999996	0.08766414550000001	-0.021765458799999998	0.10450155009999999	0.1176796051	0.053585851100000005	-0.0966581881	0.0749688743	-0.0423510136	0.14733	-0.009572999999999998	9.164232899999996e-05	0.0217061289	0.256499	-0.20725300000000008	0.065791737001	0.042953806009000034	0.193401	0.009316999999999992	0.037403946801	8.680648899999984e-05	0.00682124	-0.0004887199999999998	2.388472383999998e-07	4.65293151376e-05	0.000425881	-0.00018642900000000005	1.81374626161e-07	3.475577204100002e-08	0.00514825	-0.0009755299999999996	2.65044780625e-05	9.516587808999992e-07	0.0	0.0	0.0
8246.1948687895	-23.200627218697267	538.2691033409563	67999729.81405029	10044.90038530769	-19.514890977588948	380.83096986718255	100900023.75075458	6251.863127091366	-16.152299858198603	260.8967907091626	39085792.55988463	6578.474044659735	9159.261999195214	1.018934	44.800007	0.2556109500000001	0.14581	0.0621385337	-0.0741722708	-0.012827646000000002	0.1330389577	-0.0226563923	-0.0077336945	-0.07995976070000001	0.0015892772000000001	-0.0572287287	-0.057280555199999986	0.0774148296	-0.00959389	0.0312385433	-0.0701409646	0.026131249300000003	0.1332692654	0.0673556248	-0.0461195591	0.0014367003	0.050029129699999994	-0.048785556699999996	0.1486446283	0.021256179700000002	-0.0436888697	0.034738100699999996	0.061966771799999994	-0.081057466	-0.12188185859999999	-0.058734539100000004	-0.0637152084	0.0599413595	0.056672183200000004	0.040719581	0.0591030996	0.0186070673	-0.00087626	-0.0722480082	0.050082435700000004	0.1229912309	0.023744789900000004	0.1050850104	-0.06457261660000001	0.048632408099999996	-0.0597173442	0.0813574378	-0.039907022	-0.052326410999999996	-0.0753608124	-0.013333236799999999	-0.09773292800000001	0.021645347599999996	0.028091797999999998	-0.0061546019	-0.0443698329	-0.059322919	0.0669711439	-0.0422571712	-0.0146938614	-0.0605757588	0.036177463	-0.1570427291	0.0764507664	-0.10177698019999999	-0.0032101572999999996	-0.1168488042	-0.1559993502	-0.0010595073	-0.0547166509	-0.029053731	0.0377703903	0.0814817062	0.0135552244	-0.0065874415	0.0310123762	-0.07417038769999999	-0.025549907900000002	0.10590414460000001	0.059217481900000014	-0.09247967019999999	0.026530283199999997	-0.0476333046	-0.0829769298	0.1657305539	-0.0848637699	0.048625750999999995	-0.0273851344	-0.07515975059999999	-0.0184819047	0.05610154690000002	0.024886173799999998	-0.055358488	0.0347746626	-0.1059435027	-0.0282444144	0.1150170525	0.0220734265	-0.04273063269999999	-0.0405620661	0.0509708967	0.0724131547	-0.1171181535	-0.0762690444	0.07467886480000001	-0.1164021838	-0.0012932166	-0.0023077494	-0.0094266884	-0.0142059881	-0.0024562325	-0.0425159032	0.044838494400000005	0.053185458	-0.0540247975	-0.0412414872	0.0693994769	-0.0348415877	-0.049103382599999995	-0.027318490600000002	-0.0019784839	0.046174884699999995	0.1089932642	0.0332381408	0.0656255513	-0.0025162418	-0.0118183543	0.0662753182	0.0366951704	0.052401889400000005	0.049799762000000004	0.0281269275	0.0757536641	0.021006563500000002	0.022416137599999997	-0.0663062307	0.0976641585	0.0509693446	0.1007644809	-0.0783095146	0.0184086333	-0.038677044300000005	0.11416473419999999	-0.13517353699999998	-0.0300336362	0.0268092863	-0.13916981949999999	-0.034138797799999995	0.0282019272	-0.085038801	-0.1300720491	0.0160908617	0.0158782491	-0.0089018428	0.0425873541	0.0789019931	-0.07188236190000001	-0.0626580248	0.0049856437	0.0742701522	0.1403664776	-0.0891642303	0.0213212249	0.07292993	0.13763925330000001	0.0757522564	-0.0364425658	-0.0018452741	-0.0066716558	0.0142862446	-0.0725228592	-0.0428781891	0.0075766064	0.113231258	0.1026591406	-0.0111228123	0.055069010700000004	-0.037557413399999996	-0.0573508608	0.0819472054	-0.0932712422	0.0840903101	-0.046809615199999995	-0.008819312900000001	0.1285914487	0.044482583	-0.014832788999999999	0.050711603	-0.0515247176	0.1222885202	0.0144296831	0.042039870599999994	-0.0386202298	0.017375468999999998	-0.0331544067	-0.0238758863	0.0141463785	-0.09731120800000001	0.07739874690000001	-0.047173106799999996	0.158814	0.011484000000000022	0.00013188225600000052	0.025221886596	0.384736	0.12823700000000005	0.14802178969600002	0.01644472816900001	0.17033	-0.02307099999999998	0.0290123089	0.0005322710409999991	0.00783222	0.0010109800000000007	1.0220805604000015e-06	6.134367012840001e-05	0.00059491	0.00016902900000000007	3.539179081000001e-07	2.8570802841000026e-08	0.00582462	0.0006763699999999999	3.39261981444e-05	4.574763768999999e-07	0.0	0.0	0.0
8234.290285069126	-11.90458372037392	141.7191135553918	67803536.4987838	10049.194110940824	4.293725633133363	18.4360798126265	100986302.27936772	6250.161373941965	-1.7017531494002467	2.8959637814936583	39064517.20031612	6577.6401123727355	9022.00691323361	1.001448	44.03115800000001	0.18943505000000008	0.13464600000000002	0.0035600954	-0.024228015699999998	0.0125903534	-0.0952284582	-0.0579021996	0.0149412005	0.0250113887	-0.0013891632999999998	0.0660871062	0.0937967433	-0.042158755199999995	0.057398602300000004	0.031133074	-0.06293385650000001	0.069949371	0.12761916369999998	0.045676947999999995	-0.0346529346	0.0589198606	-0.0206367465	-0.0087986784	0.0309364181	0.0561826745	0.0010644005	0.033649922	0.043812524400000004	-0.007195665	-0.0054431317	-0.0922778414	0.0372134492	0.010828293999999999	-0.06424119860000001	-0.0663959359	0.1442186091	-0.04956439940000002	-0.1047863858	-0.0944203453	0.0374412533	-0.12219693289999999	0.1004938918	-0.10677297150000001	-0.0007910446000000001	0.042879138	-0.1288150398	-0.1043287625	-0.1204058842	0.0373806792	-0.0118107324	0.0473005558	0.0068801687	0.08767838900000001	-0.0805189292	-0.050742374699999995	-0.0294203775	0.06290783009999999	0.0317328837	-0.009186124399999999	-0.0598362179	-0.0077206785	-0.0518129356	0.046598014199999996	0.014573373999999997	-0.07202767610000001	0.06405513269999999	-0.0403341184	-0.0966952081	0.1304334623	-0.0602662493	-0.0794100865	-0.0594135288	-0.059357502199999995	0.0438870263	0.056245300199999994	0.0351597279	0.1174727775	-0.0459999965	0.0170223575	0.0070198807	0.0371665118	0.1487998677	-0.07457008080000001	-0.0601008735	0.0378727763	-0.0647714185	0.0157550654	0.08626608960000001	-0.024349401200000002	0.0001470969	0.0348354485	0.0341214988	0.0139425103	0.029544145499999997	0.0112190266	-0.0434979879	0.0140657734	0.0493258809	0.011831131299999999	-0.120872731	0.029806983	0.0642401406	0.0013064914	0.0474626564	0.071523825	0.022833363500000002	0.06270969280000001	0.0894129209	-0.0831045768	0.078737535	-0.0924488617	-0.08176771940000001	0.0948079717	0.11682209019999999	0.0724678592	0.16302135380000002	0.0206355251	-0.0405485883	-0.1076603075	-0.0223034207	-0.0871893546	-0.1046279349	-0.0006536221	0.10286202	0.0081729465	0.0310141458	0.0378104389	0.007801779399999998	-0.027540980299999997	-0.1066215928	0.0565715552	0.0519902034	-0.0587015249	0.0223363015	0.0244280811	0.0080708962	0.0191240012	0.0164273555	0.10136176529999999	0.0410406473	-0.0365151455	-0.1202372324	0.1000205885	-0.0666804833	-0.0300465581	0.0977481833	-0.021855075	0.10434651810000001	0.018829829399999998	-0.0866320925	0.093516715	-0.0208307893	-0.0374559833	-0.0561433639	0.042023869900000003	0.1018197814	0.08384348700000001	-0.042672004699999995	-0.0654208392	0.09392783369999999	0.06264210049999999	-0.0248788108	0.0829786101	0.0249492847	-0.058023635999999996	-0.020159268	0.0165314812	-0.124672911	-0.0346882252	-0.048695064	-0.0335840447	-0.0092445874	-0.00691173	-0.0019984086	0.0696212749	0.1088046658	0.0467538112	-0.0253047569	-0.08713543789999999	0.161138836	-0.0645818118	0.005802261600000001	-0.0429861139	0.0883261748	-0.08683108939999999	0.0620805165	-0.054861187400000004	-0.1170723249	-0.0714537829	-0.0556156571	0.017746553300000002	-0.1708770902	-0.0903701344	0.0047428557000000005	0.0134125331	-0.118923775	0.0136013499	-0.09793586060000001	0.079738376	-0.0518714612	0.15371600000000002	-0.0050979999999999906	2.5989603999999912e-05	0.02362860865600001	0.25440300000000005	-0.13033299999999998	0.06472088640900002	0.016986690888999994	0.179798	0.009468000000000004	0.032327320804000005	8.964302400000009e-05	0.0074595	-0.00037272000000000086	1.3892019840000065e-07	5.564414025e-05	0.000530599	-6.431100000000006e-05	2.81535298801e-07	4.1359047210000064e-09	0.00537093	-0.0004536899999999997	2.8846889064900006e-05	2.0583461609999968e-07	0.0	0.0	0.0
8219.754987256323	-14.535297812803035	211.27488250687682	67564372.0505252	10051.424011859664	2.22990091884094	4.972458107847668	101031124.66618904	6257.3157787292175	7.154404787252133	51.185507859856244	39154000.75473364	6585.073862922955	8967.021854400346	1.024322	45.036869	0.20335800000000004	0.163153	-0.07737130610000001	0.0108757643	-0.0078189526	-0.025904742799999998	0.1250571086	-0.0074212586	0.09575256369999999	-0.003421312	0.0546540063	-0.0793542221	-0.11053213869999999	-0.0383878239	0.07663434849999999	0.0568132274	-0.0110768862	0.0999581228	-0.047314161900000005	0.011939704099999999	-0.0193721451	0.0525200792	0.0105493116	-0.0880447669	-0.1095122442	0.0029053565999999998	0.054204287999999996	-0.059730683799999996	-0.0503471095	0.0364422621	0.0622728443	-0.07405472769999999	-0.039668703300000004	-0.059076631500000004	-0.020958166599999998	-0.005859837	0.0070970422	0.061769247699999995	-0.1019667875	-0.0563863649	-0.05829077780000001	0.0489184828	0.1121762551	0.0370460987	0.0970689828	0.0541835415	0.1153043599	0.0322624551	0.029449339799999998	0.0883995439	0.0335926598	0.08498833730000001	0.01754743	0.0384575639	0.1110937395	-0.030477949700000007	-0.0949306902	0.030792643199999997	-0.0666930215	-0.0048898286	-0.0418912552	-0.1408707058	-0.0904631075	-0.0075364339	-0.06049176780000001	0.015471936100000003	-0.12577272609999998	0.0083522952	-0.2480103175	0.0203899498	-0.0156616158	0.1280040215	0.012387563300000001	0.1452133077	0.0084764796	0.045154797	0.0156314211	0.0107764672	-0.0732145441	-0.0534828884	-0.0273803138	0.0273126622	0.1393681408	-0.071951503	0.038101436	0.0277123619	-0.1401180154	-0.12400255369999999	0.0049513293	0.1639686624	0.0295967083	-0.0541137072	0.0097888018	-0.0605293689	0.020805151100000002	0.0603454737	-0.014236383100000001	-0.047415418099999995	-0.1018956526	-0.069338382	-0.0100480484	-0.024875681200000003	-0.0340703091	-0.0554346096	-0.0347920725	0.0307480163	-0.0947438213	-0.087166341	0.0400058457	-0.0906605611	0.09289190119999999	0.0856223095	0.044128801399999994	0.008241781600000001	-0.017884473799999998	0.0590842571	0.1462808392	0.0196132803	-0.1660346385	-0.0446223721	-0.10424150210000001	0.047589682	0.0133288524	0.0104734733	-0.0821606304	0.030347796	0.0056174274	-0.1193583894	-0.008306805799999999	0.0306528386	-0.0495691416	0.0615790432	0.106202486	-0.0421169507	-0.0619157678	-0.0236887703	0.0727975443	-0.0361310605	0.0740370834	0.0495382859	-0.0165005512	0.0005604343000000001	0.0435631118	-0.051841493499999995	0.0087594516	-0.0254668143	0.0113631375	-0.1839517527	0.018329994199999998	-0.1476754221	0.0235159782	0.0499137791	0.0479011621	0.16804217670000002	-0.1287389046	-0.0529845062	0.046765144800000005	-0.11745703619999999	-0.0019522455	-0.061032206799999995	0.0709551668	-0.029582900099999997	-0.060469741500000014	-0.0403703036	0.0033783794	0.118073551	0.11209940789999999	0.0776072022	0.10641846070000001	-0.053821669800000006	0.09350030949999999	0.0574265177	-0.1124999045	0.029578126200000002	-0.0235187614	-0.044563609299999994	0.0416337928	0.0371112688	-0.1275088593	-0.0381328343	0.1471708272	-0.0077683722	-0.047865263	0.05863894450000001	0.07367078440000001	-0.0852819813	-0.037251051800000004	-0.0383236685	0.020108231	0.0856647484	0.0217955536	-0.0847695834	-0.1658557345	0.11940033970000001	-0.0056557521	-0.0499567612	-0.08557489019999999	-0.098531964	0.0819850338	-0.0564337526	0.14769300000000002	-0.006023000000000001	3.627652900000001e-05	0.021813222249000005	0.0935855	-0.16081750000000006	0.00875824581025	0.02586226830625002	0.180375	0.0005769999999999942	0.032535140625	3.3292899999999325e-07	0.00731318	-0.00014632000000000013	2.1409542400000037e-08	5.34826017124e-05	0.000440999	-8.959999999999997e-05	1.94480118001e-07	8.028159999999992e-09	0.00488804	-0.0004828900000000006	2.38929350416e-05	2.3318275210000053e-07	0.0	0.0	0.0
8222.121069411403	2.3660821550802207	5.598344764589063	67603274.88005891	10026.192457927202	-25.231553932462703	636.6313138467741	100524535.2033963	6257.404099758372	0.08832102915403084	0.007800604190827166	39155106.06767288	6581.760418100013	8880.52885018078	0.973849	42.817699	0.1809318	0.122568	-0.012403288500000002	0.0339685372	0.0737111761	0.0807430219	0.06546571150000001	0.0018022073999999998	-0.0104584117	-0.0782168162	-0.0629870257	-0.1300069399	-0.0274318848	0.0659810754	0.026521361099999998	0.0232343898	-0.0013131439000000002	0.0204092402	-0.0194440135	-0.033769313100000004	0.0384270588	-0.020755584	0.151423844	0.0942135456	0.13531128109999999	0.0470970792	-0.041045933300000004	0.0572612255	-0.11871692800000001	-0.037189596	-0.0531102025	-0.0931882927	0.0034677571	-0.043673399800000005	-0.005663275400000001	0.0182788479	0.0477124624	0.0774775521	-0.0068448653	0.0014886069	0.0834399933	-0.09725242619999999	-0.1335174751	0.0863400249	-0.035165987	-0.0810944445	-0.0473199029	0.014173122199999999	-0.08572164189999999	0.0018920484	0.0235047298	-0.008488393	-0.009873509300000001	0.1000000165	-0.0285372057	-0.0319052474	0.09659737060000001	0.0413709629	-0.0202176524	-0.025588709100000002	-0.0008514307	0.0090844419	0.05449029019999999	0.0030616852000000003	-0.09871227390000001	0.0487553994	0.0450353935	-0.0518378655	0.012344564399999999	-0.0563478944	0.02589159	-0.027523511400000002	-0.0570119806	0.0398586815	0.1055790392	0.0888741856	0.0577460664	0.10796278599999999	0.0389247366	0.1032146774	-0.0185522944	-0.0472796629	0.0575903739	-0.0716643412	-0.0038493897999999998	-0.051666168	0.022220578900000003	-0.0712904893	0.053160449500000005	-0.08900121050000001	-0.040657467200000005	0.0837677269	0.0731826184	-0.1013908566	-0.012389368000000001	0.006332119000000001	-0.0015245093	-0.0254956819	-0.0106170602	-0.025048417400000002	0.0281909352	0.0682048098	0.12090534859999999	-0.0723463874	0.0239920904	0.0565544179	0.0270871311	0.0353572387	-0.0699679059	-0.06960503929999999	-0.0523398292	-0.038520383	-0.1302661794	-0.094896616	0.0745377195	0.014579503	-0.0091712839	0.0424352171	0.08451726119999999	0.0159802559	-0.1430195986	-0.0590078786	-0.12153325429999999	0.06794934799999999	0.0054707577	0.0328325836	0.009669785799999999	-0.0001746202	-0.0020392391	0.1046901995	0.0352322098	0.0251162728	-0.1258485654	-0.0086743566	0.08494864519999999	-0.0189267215	-0.0327301606	0.023663759399999998	0.0639421962	-0.012050016299999999	-0.0661429587	-0.1235687801	0.0122041995	-0.0393551951	-0.0692094264	-0.0184582441	-0.0116930179	0.0659946128	-0.0458144301	0.037719024500000004	-0.018159126299999998	0.08455298609999999	0.026464332200000003	0.0171312485	-0.1110112732	-0.044446322	0.0382536102	-0.048637652	0.0391062928	0.0539579797	0.0030676315	0.0071752736	0.0709538148	-0.0633096278	0.0396858032	-0.0911157189	0.10252638019999999	-0.0263240009	0.0404327538	-0.09599942970000001	-0.0191542235	0.028080255800000002	0.0491142129	-0.0900215767	0.053696064800000005	-0.0432042443	-0.0882104281	0.0156906412	0.0418533498	0.0115924971	-0.048199205300000006	-0.0776010366	-0.021463295299999997	0.0394803001	0.0050309777000000005	-0.199710045	0.0357989227	-0.0856098466	0.0186433464	-0.1091082681	-0.048438742400000005	-0.005723495699999999	-0.030903095499999998	-0.016897726999999998	0.18042979550000002	0.11506772039999999	-0.0247333205	-0.0990993443	0.0841361006	-0.0608480136	0.154951	0.0072579999999999876	5.267856399999981e-05	0.024009812401	0.212285	0.11869949999999999	0.045064921225	0.01408957130025	0.168567	-0.011808000000000013	0.028414833489	0.0001394288640000003	0.00758247	0.0002692900000000001	7.251710410000008e-08	5.74938513009e-05	0.000657625	0.000216626	4.32470640625e-07	4.692682387599999e-08	0.00526545	0.00037740999999999984	2.77249637025e-05	1.4243830809999992e-07	0.0	0.0	0.0
8238.239994889429	16.11892547802563	259.8197585661438	67868598.21339577	10061.257047709023	35.06458978182127	1229.5254565674045	101228893.38007449	6264.4872764424645	7.083176684092906	50.17139193807736	39243800.83670953	6589.806347755522	8858.697234608768	0.943719	41.492981	0.09804464999999994	0.0635966	-0.0479584443	0.0281022085	0.0720052482	-0.0551499099	-0.08166814110000001	-0.0096849806	0.0806197792	-0.08251249719999999	-0.009490276800000001	0.0835838563	0.018032364	-0.021775225099999997	-0.0310925894	-0.0024253086	-0.0204574523	-0.044363977	-0.0825779633	-0.0814140508	-0.087522495	-0.025927969	0.0711076404	-0.0102421438	0.0257979694	-0.054031362199999995	-0.06339890990000001	-0.048903322	-0.1583405307	0.09375079	0.0806497674	0.04738729480000002	0.026919688100000002	0.0153900805	-0.052356635199999994	-0.0226284634	-0.0589373642	-0.043713006299999996	-0.0113910396	0.0248625969	0.0557864687	-0.0635569717	-0.0158511358	-0.012031133000000001	0.1549372865	0.0707141979	0.0352176778	0.0174474922	0.0149885825	0.0514758446	0.0602601462	-0.0257906698	0.0232495684	-0.018214226200000003	0.0384184028	0.042327518200000004	0.0159697979	-0.0088221484	0.031478684	-0.026713960499999998	-0.124650124	0.1030063575	0.0292780161	-0.0169317075	-0.0009306582000000001	0.0368187079	-0.071747438	0.09128696039999999	-0.0407917915	0.016149563000000002	0.0587444958	1.88033e-05	-0.0653105117	-0.0235321002	0.0267705832	0.1256822111	0.0579822364	-0.0092505264	-0.025389132999999998	-0.06903473809999999	-0.0484897982	0.0151038509	-0.016575822	-0.012287319	-0.0933024283	0.1211019243	0.0736325184	-0.060921712300000014	-0.0079525003	-0.0240294474	-0.0008216347	-0.0594784973	-0.0720836288	-0.0972285189	0.0380798794	-0.0397045729	0.0484447171	-0.0004632594	0.142410699	-0.0686124437	0.0017659627999999999	-0.0308473998	0.12967143679999998	0.0471788041	0.0238497935	0.0236543779	0.006322614399999999	0.07403145280000001	-0.032705938999999996	0.2118037883	-0.036757129	0.1359238801	0.0835395554	-0.0145152745	0.035949940699999995	-0.12112028009999999	0.0405244835	0.1243675325	0.018871143	0.0308812667	0.0410628567	0.0765424325	0.0418799384	-0.0790589677	-0.050465366100000006	0.0517006075	0.057996226	0.045886116799999994	0.0071841918000000015	-0.034430776600000004	-0.0233113262	-0.0098645702	-0.0157950938	0.021641618199999997	0.0032222596	0.1025140432	-0.0074284179	-0.11910184970000001	0.0597734359	-0.0687852677	-0.0148317969	-0.0067629783999999995	-0.0094772373	-0.013444758400000001	-0.007982088	-0.0515261148	0.1020401731	-0.0394605729	0.0269025471	0.026202262400000002	-0.0256068362	-0.0335950449	0.0830077728	-0.0886242533	0.0250047077	-0.1379083272	-0.029506756800000002	-0.0207986989	-0.050083685999999995	-0.050712208200000004	-0.0881187259	-0.0033406578	0.018812546399999998	0.0017869020000000004	-0.0483968954	0.0661955201	0.1028113842	-0.0086082853	0.0248118914	-0.043717892	0.0602283022	0.0094201192	0.1006692888	0.0360524784	0.0623967267	0.0834495275	-0.0200575927	-0.0283844038	0.0730721031	-0.0361357352	0.0402482229	0.0179088191	0.1237735788	0.0422987176	-0.1000001773	0.15452316929999999	0.1002870101	-0.1480794594	-0.0541647066	0.0014831477	0.0825856626	0.0979814766	0.0071843370999999994	0.014523932199999999	0.003629973	-0.0532587761	0.042558640599999996	-0.09963783609999999	0.0861890685	-0.0651026654	0.151313	-0.0036380000000000015	1.3235044000000015e-05	0.022895623969	0.151926	-0.060359	0.023081509476000003	0.003643208881	0.174762	0.006195000000000006	0.030541756644000002	3.837802500000008e-05	0.00737531	-0.00020715999999999964	4.291526559999985e-08	5.4395197596100015e-05	0.000732088	7.446299999999998e-05	5.359528397439999e-07	5.5447383689999965e-09	0.00499002	-0.0002754299999999992	2.4900299600400006e-05	7.586168489999957e-08	0.0	0.0	0.0
8230.076617619136	-8.163377270293495	66.64072845714448	67734161.13188124	10057.738849246958	-3.5181984620649014	12.37772041847584	101158110.75965153	6271.429621994818	6.9423455523538	48.19616176828658	39330829.50363407	6598.427135430053	8926.596496195381	0.943796	41.496349	0.05166050000000001	0.0269597	-0.0613576474	0.019785524	0.012426908700000001	-0.0659126775	0.07835459980000001	-0.014502141999999999	0.0599014111	0.0048765452	0.10469622529999999	-0.0386669368	-0.077713115	-0.0769144575	-0.0440375456	-0.0823808051	-0.0332566261	0.0248512459	-0.1218317228	0.2223419046	0.0826263063	0.0196913503	-0.0805002079	-0.0078437435	0.0473792772	-0.0973169388	-0.0619334212	-0.026023414900000003	0.043785768499999995	0.09335672980000001	-0.0002249845	0.0616600484	0.0409030582	0.0256656942	-0.039889554199999996	0.0805367113	-0.084326415	-0.09598839560000001	-0.0070217365	-0.0489639666	0.0240947889	0.046489502099999996	-0.0073392877000000014	0.024295718900000002	-0.0712954548	0.077075273	0.0665530377	-0.1089241771	-0.0140411327	0.0658423437	0.0184132636	0.0812295137	-0.0663567759	0.0029188159000000003	0.1406362078	0.0364938879	0.026325689700000002	0.005059045999999999	-0.0976505333	-0.0893398285	-0.0653716889	-0.0148680374	-0.038919342999999995	-0.1613122355	0.07123111809999999	0.091127667	0.1481781097	0.0507180358	0.038936562	-0.004589087	-0.168390465	-0.1132490333	-0.039644219	-0.0369572113	-0.2005229155	-0.06295911629999999	-0.0390482873	0.0333801027	-0.048422878899999994	-0.0021059248999999998	-0.0337433717	-0.029279399700000007	-0.1152359688	0.0150891132	-0.022908161099999998	-0.08354769719999999	-0.1230948527	-0.0571787008	0.0213334876	0.12141471029999999	-0.0950747356	-0.0023363027	0.0329438135	-0.010159084300000001	-0.1393270355	0.1081317448	-0.0158804744	-0.033904983799999996	-0.044222850099999995	-0.0636939707	0.11706542210000001	-0.0393208264	0.0504027024	0.10344145310000001	0.0178700877	-0.0188593141	0.0491256672	-0.0629318157	-0.17001117359999998	-0.054110390099999996	-0.0598055327	0.013813796399999998	-0.0268099535	0.022163891499999998	0.0403101816	-0.0284397366	-0.0604784076	-0.1109405883	-0.0446788796	0.09128250140000001	-0.0846414941	-0.0035581693	0.0115263321	0.1090437224	-0.061869215899999996	0.0335476394	-0.0248700864	-0.13043040039999998	0.054971137	-0.0029107052	-0.0865604209	0.0407223352	-0.0020759488	0.0457850615	-0.011678508300000001	-0.0202015202	0.1272992964	-0.0424108785	-0.0806940687	-0.0235953512	-0.058178743399999996	-0.0308126961	0.0626440813	0.29501258059999996	0.0231651248	-0.0281559306	0.0037159797999999997	0.0973241873	0.0609521016	0.0668625363	0.1052473767	-0.0823269324	0.1073009533	0.0168489072	0.003471244	0.0334106431	-0.0028847820000000002	0.1270694261	0.0617060794	0.0872124915	-0.05557834019999999	-0.0341551918	-0.08396260039999999	0.0866165258	0.0094734596	-0.0420550622	0.0816205993	-0.09157807779999999	0.1193139663	0.059246585	-0.1402891725	0.07851210019999999	-0.0402707421	-0.0559699903	-0.0624088796	-0.0348880491	-0.049165484100000004	0.0396775066	-0.021698782799999997	0.07787760490000001	0.141257592	-0.0342723763	-0.0280204459	0.0676636144	0.14698662210000002	-0.05947375780000001	0.0506531541	-0.041830109	-0.0059749040000000005	-0.0761000716	-0.0248710764	0.0134359941	-0.0478421884	-0.031629837599999995	-0.012328805900000002	-0.0078828732	-0.0182064062	-0.1001472826	0.08814154390000001	-0.06918654769999999	0.155589	0.004276000000000002	1.8284176000000015e-05	0.024207936921	0.12906900000000002	-0.022856999999999992	0.016658806761000004	0.0005224424489999994	0.164072	-0.010690000000000005	0.026919621184	0.0001142761000000001	0.00755208	0.00017676999999999968	3.1247632899999894e-08	5.70339123264e-05	0.000703678	-2.840999999999998e-05	4.95162727684e-07	8.071280999999989e-10	0.00491845	-7.156999999999998e-05	2.4191150402500007e-05	5.1222648999999946e-09	0.0	0.0	0.0
8225.998405192177	-4.078212426958999	16.631816599402804	67667049.76222423	10037.929163526353	-19.80968572060556	392.42364834916367	100760021.89197284	6261.779830613667	-9.649791381150862	93.11847369973349	39209886.64708013	6588.057210808365	8949.457057297413	1.025217	45.076221	0.26160075	0.174901	0.0201390855	0.016874798	0.06936861379999999	0.0998177642	0.029833330499999998	-0.00632191	-0.0323913184	-0.0592289295	-0.039172877599999996	-0.06502338099999999	0.0070567248	0.042728332	0.0103596855	-0.0428084187	-0.021457877	0.07435379190000001	-0.054539283	0.06479203759999999	0.1535347279	-0.0805022803	-0.057563315999999996	0.0818487245	-0.0172690923	-0.1038655375	-0.04473604900000002	0.007291634	0.1415755209	-0.0324907398	0.0660349644	0.1356183691	0.0052382755	-0.0695831943	-0.1531025065	-0.1302806631	-0.0250292096	-0.006140005699999999	0.06796525190000001	0.0458519854	0.0398130285	-0.1708367621	-0.0292173383	0.069080124	-0.0336498618	-0.0162764953	-0.11093349849999999	0.0448332439	-0.0628871574	-0.0386837761	0.028469277999999997	-0.0364949273	-0.0832889645	0.0847802511	-0.0037434326000000003	0.0084699462	0.0359395283	0.1292982638	-0.0500101533	0.0920236982	-0.028955367000000006	0.0331135017	0.0358664102	-0.0828186998	0.0068654508	-0.0407701466	-0.007579858	-0.0635135972	0.1126970078	0.0003280802	-0.07033575269999999	0.0722625751	0.1008307869	-0.0192077181	-0.1033017711	0.0715543189	0.0069326182	0.0016840226	0.0002714918	-0.0437919243	0.013812418500000001	0.014974100300000001	-0.11505566699999999	0.0012752707	-0.067865496	0.1038692302	0.1551273087	-0.09837818109999999	0.0290245464	0.1617305429	-0.0431833009	-0.027954747599999996	-0.0340558708	0.05307265269999999	0.0047727646999999995	-0.016370978300000002	-0.0104643622	-0.0255363365	-0.0862999809	-0.0318383978	0.1547918697	0.11417749199999999	-0.0762587094	0.0774396576	-0.1210830957	0.0404550709	-0.007169541	-0.0057295796	0.0660712089	-0.0189594141	0.0030654391999999997	0.011246423799999999	-0.0425726071	-0.0249892593	-0.14107918960000002	0.0441026725	0.0254575519	-0.0718465947	0.0600314467	-0.1511326154	0.0022344413	0.13036053460000002	0.0841463397	-0.16956470070000002	0.036352655299999995	0.0564840639	-0.0171966863	-0.0051923016	0.0489291195	0.0977083772	0.0256054836	-0.0229938106	-0.0686719783	0.04682817190000002	0.0781938638	-0.1341136489	0.014706541399999997	-0.1341642128	-0.0487921574	0.0376324668	-0.0249988334	0.0128148724	0.0581346765	-0.0039854381	0.060234367000000004	0.1157822892	-0.0671810117	-0.0109884957	0.0080538636	0.017355023400000003	-0.0810338986	-0.045878029199999996	0.1158495248	-0.14065857539999999	0.1627627023	-0.021862446	-0.1087730968	0.0562493971	-0.1038931199	-0.0176315092	-0.0489276554	-0.1025233131	-0.058500364900000004	-0.091090898	0.0996574133	-0.1150848723	0.0303381298	-0.0037144083000000003	0.080628836	0.0532469384	-0.0500719793	0.030279482599999998	-0.09294238279999999	-0.031047599	-0.0440436076	0.0399745835	0.0328775792	-0.0284502012	-0.0923410167	-0.034782692999999996	0.1130773309	0.08736338980000001	-0.0070177463	-0.0943508656	0.0889073903	0.023285940800000002	0.0075292732	0.0913784936	0.046093160700000003	0.022795974500000003	0.01419487	-0.06832554190000001	0.0526958911	0.0736346041	-0.0893577296	0.13404668349999999	-0.0162253673	-0.100627535	0.0899912501	-0.0730889481	0.164071	0.008481999999999991	7.194432399999982e-05	0.026919293041	0.29575	0.166681	0.08746806250000001	0.027782555761000003	0.15501700000000002	-0.00905499999999998	0.024030270289000004	8.199302499999963e-05	0.008150229999999998	0.0005981499999999977	3.5778342249999745e-07	6.642624905289997e-05	0.000935163	0.000231485	8.745298365690003e-07	5.358530522500001e-08	0.00563647	0.0007180199999999997	3.17697940609e-05	5.155527203999997e-07	0.0	0.0	0.0
8220.185147245118	-5.813257947058446	33.793967959038184	67571443.85498925	10059.85285704904	21.923693522687245	480.6483376767186	101200639.50547773	6260.990086131309	-0.7897444823584008	0.6236963474155387	39199996.85863454	6587.269318727878	8840.326518239337	0.947292	41.650066	0.12137454999999996	0.065399	-0.0130449905	0.0488852271	0.0428446738	-0.0612854775	-0.06253810559999999	-0.0081148305	0.027225709	-0.029572448900000006	0.0246855979	0.1178914202	0.0386272489	0.09533285109999999	-0.1207961078	-0.054820317699999996	0.0354638735	0.0405548207	0.0192097301	-0.041668593500000004	0.12476307269999999	-0.0482690533	0.0041658042	0.1461920995	-0.1606317746	-0.020161961200000002	0.044859205199999995	-0.0247231439	0.0215488481	0.09910458039999999	0.0180336207	0.0490729274	0.0523591929	-0.0546001563	-0.0436487426	-0.1047530526	-0.1277304167	-0.1276252568	-0.0563289628	-0.0154837698	0.0194408844	-0.048637545899999995	0.1709151809	0.0930372166	0.0223677398	0.0236780958	-0.0386078096	-0.1436000874	-0.0640806276	0.009243902	0.06149740240000001	0.00029854860000000003	0.0245259364	-0.055422446900000005	-0.0659209575	0.0201297088	0.0435699721	-0.0535247185	-0.0829799218	-0.0140379698	-0.0786876691	0.0659582215	0.11253609960000001	-0.0833304079	-0.2010874634	-0.0038730783	-0.028174519	0.08755071560000001	-0.0411665008	-0.015005186399999999	0.0113850887	-0.0415699095	0.0126335996	0.059060974	-0.0684596562	-0.035096657999999996	-0.0635171256	-0.1457019183	0.0033339362	-0.1201637508	0.1208841753	-0.0256706012	0.0199241036	-0.0785935362	0.1299706149	0.0278850164	0.11248621789999999	0.06586561490000001	-0.008356360799999999	-0.034989188500000004	0.058017430999999994	0.0924646968	-0.0772067504	-0.0067264073999999995	-0.1003389768	-0.1463395803	0.101161654	-0.1182712964	0.1082534039	-0.0002073344	-0.032825517900000004	-0.032085919	-0.0196672692	0.0872482967	-0.1378027168	-0.087956257	0.035769522799999995	-0.0783446035	0.0671301642	-0.0266534702	-0.029530143999999998	0.0298090852	-0.045916763	0.0370024311	-0.0328026461	0.0850191557	-0.11369395369999999	0.0321925932	-0.0673573713	-0.0472551157	-0.1123859785	-0.0632774552	-0.1188265218	-0.0187400797	-0.0120183898	0.0598433346	0.0353318565	0.0263019054	-0.0300547235	-0.0754247859	0.0586895258	0.0026211915	-0.1035846644	0.1258183583	-0.0375277132	0.0085759828	-0.099090624	-0.1086571016	0.0437076978	-0.021206928599999997	-0.1975334418	0.05859751360000001	0.0924249048	-0.0024543897	0.051841627599999995	-0.0556363808	-0.050986144000000004	-0.0496248468	0.0888089834	0.0378240779	0.0546916796	-0.0581043234	-0.0187683498	-0.0023331692	-0.0069094366	-0.0321925735	-0.0226820882	0.0974864896	-0.1389069148	-0.053571835400000004	0.1622675016	0.0335030864	-0.0129143127	-0.047704917199999995	0.0395964279	-0.054262961500000005	-0.0355766401	-0.13943718900000002	-0.0008910642	-0.054546371100000005	-0.0133410276	0.0192146405	-0.0958471237	0.0651076501	0.1312958763	-0.0728580358	0.0550347404	0.047706950899999996	0.0578367428	0.07250006070000001	-0.1179692814	0.0575953897	-0.13285433160000001	0.0085178186	-0.0272840701	0.0464040093	0.010008850699999999	-0.0510353396	0.0035002158000000004	0.023293311299999998	-0.0640575136	-0.1719191024	0.1383006308	-0.0343613682	-0.0691053276	0.0540579285	-0.0537324209	-0.10107845359999999	0.09173603050000001	-0.0767996302	0.150312	-0.013758999999999992	0.00018931008099999983	0.022593697343999998	0.239022	-0.05672800000000003	0.057131516483999986	0.0032180659840000034	0.17935799999999996	0.024340999999999943	0.03216929216399999	0.0005924842809999974	0.00810685	-4.337999999999738e-05	1.8818243999997727e-09	6.572101692250001e-05	0.0007086719999999999	-0.0002264910000000001	5.022160035839997e-07	5.1298173081000046e-08	0.00537541	-0.0002610600000000005	2.88950326681e-05	6.815232360000024e-08	0.0	0.0	0.0
8204.390347861683	-15.79479938343502	249.47568756295928	67312020.98008595	10048.613806609808	-11.239050439231503	126.31625477558987	100974639.43438926	6252.560462948609	-8.429623182700198	71.05854700231659	39094512.34282813	6579.698209062042	8855.41374514871	0.939722	41.317219	0.06552165	0.033652800000000004	-0.0015007068	0.0764659245	0.0090581146	-0.0413825129	0.0960711489	-0.0084350847	-0.023294652000000002	0.039499225299999996	0.097660859	-0.06176917639999999	-0.1150691923	-0.0368079982	-0.07004126990000001	0.0023528410999999996	-0.030967210699999997	-0.0300215327	-0.0488375673	0.0705352675	-0.0358275001	-0.07266717519999999	-0.0195459548	-0.0795354732	-0.13085407640000002	0.0176785163	0.0537056824	0.0019359235999999998	0.0136791285	0.0765773892	-0.0514713767	-0.0051873099	0.1373281276	-0.1194853391	0.0031815535	0.09552126529999999	0.015812001000000003	-0.0523723129	-0.015136073500000001	-0.11743519779999999	0.0371878521	0.0574497508	-0.0035478067	0.0588346095	-0.0118067552	-0.0077931647	0.0830903652	0.0504956117	-0.1464716294	-0.0210994897	0.008400623199999999	0.09599272810000001	-0.021478643999999998	0.0066100575	0.09026977609999999	-0.0706932681	-0.06428585839999999	0.10722339759999999	-0.0017087137	-0.0060708985	0.008905075699999999	-0.15926389130000002	0.1509923089	-0.021360643	0.1149794545	-0.07193985650000001	0.0320930166	0.0970191225	-0.000545315	-0.0188751594	-0.0983236591	-0.0811928167	-0.06077842360000001	-0.04065833	-0.11345905810000001	0.12105169939999999	-0.0880437505	-0.1307247352	-0.08530517359999999	-0.0611417638	0.0165817165	-0.0809934404	-0.1247202092	0.0263492169	0.0271280288	-0.0541524362	-0.0400676436	-0.0644888451	-0.1067600916	-0.0461029809	0.0408412465	0.054661844400000006	-0.0123382577	0.0149592357	0.0761246362	0.018424756100000002	0.0125222551	0.0091605793	0.0835188513	0.0202261246	-0.058910073099999995	-0.0173734362	0.0331045618	0.0977458452	-0.0736183205	-0.1351128579	-0.059154095	-0.0200761531	-0.0547707259	0.15571278689999998	-0.1262076969	0.008152304300000001	-0.0633992	0.0105026638	-0.0129796472	-0.0652364017	0.0765903689	0.041646942799999996	0.0995059908	0.0462365992	0.0088576461	0.016094798100000002	-0.0379193862	-0.0072330166	0.0207623924	0.0271254427	-0.033823803199999995	-0.1368602256	0.0167920183	0.019366559	0.017823055	0.06976736900000001	0.0101191592	-0.0875771967	0.006006461899999999	0.0376603962	0.0696768311	-0.1490830672	-0.012858877	0.1984903368	-0.0097407698	0.0958823166	-0.0018301199	0.0764926314	0.040954860499999995	-0.0561223777	-0.0219338657	0.0853025624	-0.0478279076	-0.0042632225	0.046663570099999996	-0.2001682088	0.0825960969	-0.0335371158	0.010964034499999999	-0.052095860599999995	-0.06896209589999999	0.1085531094	-0.0540263895	-0.0191691742	-0.0024256160000000002	0.0787998188	0.050889030700000004	0.1520987493	0.0003228204	0.1127635825	0.0177297575	-0.061789618	0.014500572199999999	-0.052676445499999995	0.0524095917	-0.043566283600000005	-0.017813880600000002	-0.026363365299999997	-0.13903005599999999	0.0301945669	-0.0713371516	0.015215911	0.0112188704	0.0401113455	-0.0335960685	0.0612052226	-0.0308395632	-0.0040243247	0.0706742841	0.0488924829	-0.0232135322	-0.1254367096	-0.0042167706	-0.029886206000000002	0.0957058523	0.0602558443	0.1163267519	-0.09138429210000001	0.0955480905	0.0022629776	-0.0606944561	-0.1014999067	0.0933738509	-0.0803088607	0.15847999999999998	0.008167999999999979	6.671622399999969e-05	0.025115910399999997	0.266589	0.02756699999999998	0.07106969492099999	0.000759939488999999	0.164832	-0.014525999999999956	0.027169588224	0.00021100467599999872	0.00826701	0.0001601599999999995	2.565122559999983e-08	6.83434543401e-05	0.000644269	-6.440299999999988e-05	4.15082544361e-07	4.147746408999984e-09	0.00545606	8.06500000000007e-05	2.9768590723600007e-05	6.504422500000111e-09	0.0	0.0	0.0
8215.94386765197	11.553519790286375	133.48381954453887	67501733.636408	10036.303320847976	-12.310485761832751	151.5480596922869	100727384.3480641	6247.589635121038	-4.970827827571156	24.709129291355787	39032376.24887182	6573.3337843194495	8746.672522169267	0.977722	42.987976	0.19208250000000002	0.129886	0.0444358174	0.08684740310000001	0.0657265496	0.0841565423	0.0212347266	-0.0250005197	-0.0738585692	-0.0710328385	-0.0497241071	-0.1028048425	0.062446226500000014	0.1036919567	-0.0690488989	-0.0010263533	-0.092977708	0.0803190748	-0.1165220199	-0.0296166069	0.0441648666	-0.0644295214	0.053506814400000005	0.031436052799999996	-0.0766039407	0.035299101	-0.0077954166000000005	-0.06624241139999999	0.046887932400000006	-0.0476391931	-0.0035155229	0.0219651003	0.0483063553	0.0521157809	0.0270907669	-0.0785441418	0.1302006626	0.0595965125	0.1214839869	-0.0671346691	-0.0941526736	-0.0019235967	-0.006244064499999999	0.12031483789999999	-0.0563777621	-0.0056934635	0.0699896718	-0.0322614032	-0.0024012479	-0.0729071473	0.0170619202	-0.025141559100000002	-0.059078020999999994	0.0681728686	-0.11365513070000001	-0.0830445748	0.091060316	0.1073579598	0.0369233145	0.07526384	0.06822738240000001	0.0606352621	0.0140735961	0.0034214021999999997	0.0845568649	-0.09997210109999999	-0.0210318385	0.1108721476	-0.117474729	-0.0430375749	0.0011678556	-0.0610788402	0.010672053400000001	0.0822778623	0.0626635769	-0.058642360899999996	0.0705542961	0.0386827022	0.054670622800000006	0.1605350624	0.0036426629	0.011992051	0.1962200143	0.0854703469	-0.0152969171	0.07316819	0.0162390544	-0.040679929100000005	-0.0178622863	0.0221290013	0.0687667008	-0.1003545327	0.0046567014	-0.103641179	-0.0789622937	0.011773218200000001	0.0073561302	-0.07438538780000001	0.042699909800000005	-0.0503708738	0.1547405673	-0.09565105689999999	0.10806373849999999	0.0412951933	-0.07964857	0.0308091811	-0.17744977350000002	0.09124564439999999	0.0711192824	0.1038510716	-0.09966026880000001	0.052042754100000005	-0.0496843508	-0.0036626309000000004	-0.0063430436	-0.0109355893	0.012507834399999999	-0.09146522	-0.0358460903	-0.0528123289	0.0610372713	-0.0225853455	0.0170714823	0.1387760861	0.0732815059	0.0414709779	-0.0367444842	0.0403942593	0.0155636227	0.08687189669999999	0.12500407859999998	-0.006644298000000001	-0.0810597537	-0.0646888564	0.1380783742	-0.0078139952	-0.045848963799999996	-0.0319120808	-0.031010538100000002	-0.012541493	0.05961002610000001	0.0885395392	-0.0872146201	-0.07055190160000001	0.0958110241	-0.1141051377	0.0349444015	-0.0555993087	-0.0957354521	-0.0449249172	-0.0528469033	0.0801422951	-0.0532911624	-0.0439329684	-0.043810044699999995	0.0873029292	0.024568439700000003	-0.0178709313	0.092601669	-0.19589333469999998	0.028029138399999997	-0.0401852094	-0.0068357046	-0.13202177240000001	0.0091357811	-0.0535174301	0.1619652302	-0.058413213	0.2054531286	-0.0206369231	0.0748991104	0.0206886776	0.0013846085999999998	0.0551393346	-0.048381421900000006	-0.0662800142	0.029593361600000007	-0.1319780607	-0.0215617182	0.0025427935	0.0604310637	-0.0095770629	0.010614796599999999	0.1145143676	-0.0903228769	-0.0041596749	0.2023866578	-0.0401716998	-0.0811397999	0.0228883068	0.06868840429999999	0.0426626392	-0.0576545218	-0.0463757994	-0.0494957866	0.0384453155	-0.1008537406	-0.1018917716	0.09490280150000001	-0.0836074347	0.157046	-0.0014339999999999908	2.0563559999999737e-06	0.024663446116	0.388694	0.12210500000000002	0.15108302563599998	0.014909631025000003	0.160771	-0.004061000000000009	0.025847314441	1.6491721000000072e-05	0.008905939999999998	0.0006389299999999976	4.0823154489999695e-07	7.931576728359996e-05	0.0008459689999999999	0.00020169999999999983	7.156635489609999e-07	4.0682889999999946e-08	0.00590508	0.00044901999999999963	3.48699698064e-05	2.016189603999997e-07	0.0	0.0	0.0
8237.43806308547	21.494195433500863	462.00043733352936	67855385.8431693	10059.760688755976	23.45736790800038	550.248109171286	101198785.11504012	6253.16838593062	5.578750809582743	31.12246059542011	39102114.86280216	6579.5941833304305	8720.305032469783	0.979407	43.062088	0.23348515	0.134969	0.0041884296	0.07065270230000001	0.059900095199999996	-0.0124053001	-0.0895222317	-0.0113955054	-0.0068858146	-0.0563595426	-0.0189763645	0.0819146048	0.0227473046	-0.011607809699999999	0.0385137087	0.0210561745	-0.14303023609999999	0.0038489718	-0.0648060997	-0.08926721300000001	-0.1970982874	-0.013496646200000002	0.041757676800000004	0.061284300000000014	-0.0093438802	-0.0421524474	0.0332924681	0.08689637310000001	-0.0752340361	-0.0438509416	0.041084877	0.027301040099999997	0.0638117575	-0.1283592848	-0.0034099276000000003	-0.043099553799999996	-0.0040397681	-0.0166881966	-0.0102299665	0.0206505626	0.0215821054	0.07165992410000001	0.0784917928	-0.1399269797	-0.0902713381	-0.0640888684	0.0344492978	0.10053365130000001	0.12063012099999999	-0.0104244313	0.0250577669	-0.0421566113	0.040029808	-0.11174705300000001	-0.0450216938	0.0742396435	-0.0151032895	-0.0317587991	0.10985545599999999	-0.0282805391	-0.0949778074	-0.0562882438	0.0219126929	0.029029497999999997	0.0129949958	-0.0196195054	-0.11320503259999999	0.025786724900000002	0.0074674174	0.0470400657	0.0795857504	-0.0197076152	-0.0660854445	0.0975106685	-0.1262503643	0.031314553599999996	-0.05895660570000001	0.0726445138	0.042541969299999996	0.1282498243	-0.0525158267	0.0880957317	-0.1072067937	-0.14332714289999998	-0.027878886600000003	0.0646623036	0.047268057599999996	0.0014336762	0.1300823194	0.0350135028	-0.0098036262	0.0852088317	0.1277414999	0.013746796799999999	0.0571835387	0.1156126734	0.09857809619999999	0.0582096307	0.0719959378	0.0296066534	0.0943316205	0.0170517104	-0.09194950880000001	-0.0802066807	-0.0023406849	0.0357233585	0.0026383417	0.074179117	-0.0397081374	0.0207394686	-0.00844543	0.0323432639	0.0760934659	-0.1289020611	0.0044087744	-0.0327985655	-0.12130427449999999	-0.010545138400000001	0.1111502456	-0.0590423096	0.0108546305	-0.025051433999999997	0.0405294666	0.041109481	0.011385609199999999	0.026061707599999998	0.020253061200000002	0.0960300626	-0.0319825473	-0.0754143146	-0.028888065600000002	-0.0312211168	0.047373194199999996	-0.030047826	0.020773842	0.1536479268	-0.015423218899999999	-0.0249709181	0.0656078924	0.046141882599999996	-0.0130545221	0.016155593700000002	-0.0076130985	-0.0961023773	-0.0240074494	-0.0020302259	0.0331413169	0.0189832951	0.1264229917	-0.0026222412	-0.053500802300000004	0.1114422693	0.150808961	-0.0673315838	-0.0070275791	-0.0163224516	-0.0686266997	-0.012588950900000001	-0.0158634912	0.0807983312	0.1055644917	0.016288433999999997	0.0597400941	0.0363596404	-0.029429179	-0.0398925887	0.044960018899999996	0.04243544849999999	0.012817720900000001	0.0296056843	0.0369091673	-0.19334722510000002	0.0103474063	-0.0692013638	0.0790696279	-0.0472412565	-0.0809368014	-0.0220145477	0.0062193354000000005	0.0730936615	0.19712218010000002	-0.0130586937	0.0378092861	-0.0324501973	0.0820081532	0.0010585471	0.0141603483	0.15535115119999998	-0.0630767333	0.010618770800000002	0.0081279692	0.0208653743	0.0614717485	-0.0974325512	0.0536235775	-0.0802059979	0.09278860470000001	-0.102253934	0.09632109970000001	-0.08668669949999999	0.147893	-0.009152999999999994	8.37774089999999e-05	0.021872339449	0.268438	-0.12025599999999995	0.072058959844	0.014461505535999994	0.19737	0.03659900000000002	0.0389549169	0.0013394868010000015	0.0082829	-0.0006230399999999982	3.881788415999979e-07	6.860643240999999e-05	0.0008158459999999997	-3.0123000000000172e-05	6.656046957159996e-07	9.073951290000103e-10	0.005208699999999999	-0.0006963800000000008	2.7130555689999992e-05	4.849451044000011e-07	0.0	0.0	0.0
8248.19383464636	10.755771560889118	115.68662187003108	68032701.53389822	10048.76943258081	-10.9912561751662	120.80771230812913	100977767.10917044	6256.884375402155	3.715989471534158	13.808577752552711	39148602.08715161	6580.843971216036	8863.678031518406	0.907169	39.885937	0.055510599999999966	0.0319612	0.017081128799999998	0.0223022564	0.0050453742	-0.0836156846	0.0039284271	-0.0081704082	-0.0378700924	0.0247557418	0.0821189999	0.00045093339999999996	-0.0264760393	-0.032486512	-0.0154373922	-0.030838191299999998	-0.18347759239999997	-0.00966245	-0.0046566474	-0.0051525828000000004	-0.0039990869	-0.0858734963	-0.08613287539999999	0.11406496949999999	0.1306975302	-0.050351854800000005	0.0147176024	0.1499469944	0.1029004477	-0.0396374232	0.057210020099999995	-0.1130999074	-0.0574185917	-0.057154351299999996	0.026821259700000002	0.0379315853	-0.0195340453	-0.017267364099999998	-0.0127686181	-0.0172193	0.0370446757	-0.018665816000000002	0.0400682895	-0.0480433813	-0.1153835216	0.0298346998	-0.0299850499	-0.0724207839	0.1139603694	-0.0181454645	-0.0058821578	0.0403311862	-0.0149959809	-0.058002037199999995	-0.0101231408	0.0811131532	0.0330904696	-0.0133597956	-0.054665961799999996	0.023280330499999998	0.032240851800000005	0.0712952851	-0.0152843898	0.05609519809999999	0.0597294927	0.0365321646	-0.10597638050000001	0.040788586200000004	-0.0215959881	-0.0488225517	0.057207675	0.0733148557	0.0993756237	-0.0956364692	0.11060993849999999	0.0315737846	0.155544202	-0.086264533	0.0416063711	0.1213670766	0.066889281	0.0074960238	0.026544197999999998	0.023768965099999997	-0.0952376485	-0.14249507039999998	-0.0358619836	-0.0498273034	-0.0574323828	-0.034443801499999996	0.1032575133	-0.052376483	0.1273059952	-0.0189448069	-0.0579438591	-0.1034889175	-0.055450556799999995	0.0823644204	-0.022696765299999998	0.098310082	0.0134951279	0.0367539291	-0.0379638174	0.0144115275	-0.09807103800000001	-0.0655299501	-0.1196324869	0.0181111238	-0.0177658368	-0.010343155	0.0673356879	-0.037348257999999995	-0.0737929971	0.0382534437	-0.011694381100000002	-0.0841298692	-0.16011412960000002	-0.065115325	0.1172354658	-0.029647414599999998	-0.0470334326	-0.0840869418	-0.042843960300000004	0.0028816113	0.0193444702	-0.012703195	-0.0154745048	-0.0325828134	-0.00307859	-0.05856881360000001	-0.0751983486	-0.054601609800000006	-0.0479160766	0.006336904399999999	0.0437459427	-0.0010514424	0.0034172642	0.067800279	0.08541787039999997	-0.030168039	0.06356945139999999	-0.054347172699999995	-0.0518910084	-0.0455952538	0.1305621635	0.0576934271	-0.0208119618	-0.0326084839	-0.0475053608	-0.07338820809999999	-0.1225858837	-0.0057740421	-0.0758400862	-0.11916780800000001	-0.196565452	-0.016405178200000002	0.0132804175	-0.0136432123	0.054992008099999996	0.100148302	-0.029673610099999997	-0.0097561517	-0.0640332847	-0.031653259100000004	-0.033201483500000004	-0.044712913300000004	-0.0857880091	-0.0441547505	0.1093102724	0.10744151869999999	0.0172715973	0.016724386	0.0296530731	0.130797558	-0.1115758566	-0.0437390264	0.0858263483	-0.0289936082	0.0944740986	0.0078301223	-0.0943333601	-0.0931600865	-0.0334265481	-0.0176992097	-0.0187251634	0.0518429279	-0.07121594889999999	0.09819962619999999	-0.0006262651	-0.025670372799999997	0.0044285975	0.0436566033	0.1581510657	-0.0362134833	0.0617948572	0.09769406380000001	-0.0516303521	-0.1025862884	0.0976270918	-0.0895385782	0.146454	-0.0014389999999999956	2.070720999999988e-06	0.021448774116	0.27992399999999995	0.01148599999999994	0.07835744577599997	0.00013192819599999864	0.168863	-0.028507000000000005	0.028514712769000007	0.0008126490490000003	0.008458099999999998	0.00017519999999999862	3.0695039999999514e-08	7.153945560999997e-05	0.0007438439999999999	-7.200199999999983e-05	5.53303896336e-07	5.184288003999975e-09	0.00517433	-3.436999999999885e-05	2.6773690948900006e-05	1.1812968999999209e-09	0.0	0.0	0.0
8260.552304813902	12.358470167542693	152.7317848820427	68236724.38056627	10036.685003896071	-12.084428684738667	146.03341663653475	100735045.86743228	6259.08382112583	2.199445723675126	4.837561491392799	39176130.27987912	6583.114792845784	9054.397026912218	0.90593	39.831463	0.10325279999999996	0.0528602	0.0359145966	-0.0484775188	0.024651652799999996	0.0360380264	0.08727102369999999	-0.010076227	-0.0535258557	-0.0404813993	-0.0069952139	-0.0604934845	0.0016561060999999999	0.0398025696	0.09851090359999999	-0.0270945723	-0.0563917587	-0.0232389783	-0.0295296436	-0.0225539513	-0.08065555719999999	-0.0375563241	-0.045296072400000005	0.1353336003	0.0874141031	0.0810581629	0.0277134159	-0.034412049300000004	-0.0122010171	-0.0132728694	-0.0299138644	-0.0451344407	0.0687806037	-0.0017090126999999998	-0.0367276696	0.0793052638	0.1169960269	-0.011913744799999999	0.040408009700000004	-0.1107852186	0.0163675436	-0.0562734915	0.0147763323	0.0784353874	-0.0020529703	0.0584941976	-0.0334381237	-0.0195560842	0.05082432940000002	-0.0446710747	0.0058390785	0.0254828002	-0.058600960099999995	0.0822103637	-0.0708308545	-0.0592383359	0.0740283106	-0.06349714620000001	0.041184379199999996	-8.653770000000001e-05	-0.0325538127	0.0528612211	0.0445236059	0.11623381630000001	0.0795031276	-0.08079724690000001	-0.048433430599999994	0.0371398967	0.038743081299999996	0.0588198782	0.023699749300000003	0.17830630030000005	-0.0264836497	-0.0964967124	0.034940554	-0.0539433129	0.0390311595	0.0339370649	-0.010316653299999999	0.0656124645	-0.0137998726	-0.0800327812	-0.059800327800000004	0.023192292200000002	0.0018213574	0.0883514514	0.09815523289999999	0.1206427566	-0.0356618954	-0.024113657900000002	-0.0017461781	-0.0323807364	-0.044343867599999996	0.0744392921	0.0492667512	0.0223897789	-0.13064824	0.0851719703	0.0727589371	-0.0876844785	-0.0340879442	-0.1973533175	-0.0982716906	-0.049870222	0.0983666003	-0.0147775406	0.14558852349999998	0.03464629	-0.045959183099999995	0.034066260200000004	0.044293378	-0.076156919	-0.0360662206	-0.0394080085	-0.09146342800000001	0.1214116917	-0.0661983109	0.0086479018	-0.0418719354	0.043022438200000006	-0.0625212243	-0.015114851100000003	0.0043626791	0.0570469692	0.0427558367	0.034456716400000004	-0.042966072	-0.023318843399999997	0.000708891	0.0824068445	0.061985401399999994	-0.037336302599999996	0.014970036499999999	0.0488851161	0.0747795644	0.07453615870000001	-0.0811295772	0.0563226182	0.0819447365	-0.024645399300000002	0.0682572966	0.0745720299	-0.0785791017	0.0037086637	-0.0009159810000000001	0.0401712768	-0.0435165044	-0.0304700773	0.0178158421	0.0607988343	-0.0531923458	0.0291830404	-0.049178806799999995	-0.0674335433	0.0060821225	-0.023868659700000003	-0.10910115849999999	-0.063080152	-0.004367078	-0.055237775999999995	-0.1180409884	-0.0542034225	0.0835917717	-0.0157492502	0.0227247816	0.0086619803	-0.112071941	0.023309533900000002	-0.20978583690000002	0.0327474885	-0.0724013296	0.1265915298	0.0288206586	0.0320297208	0.043287840300000005	0.16908116480000002	-0.0551707262	0.025332008	0.05355887980000002	0.0306702053	0.10861042119999999	0.09006152640000001	-0.1131707559	0.0920128668	-0.0651191066	-0.12192661390000001	-0.0482929868	0.0435206957	-0.0613572033	0.0059741079	-0.0282687773	0.0389561746	0.0326490387	-0.0356712307	-0.0033271452	-0.0057396923	0.0747486688	-0.10288873779999999	0.0988192551	-0.0921555899	0.156953	0.010499000000000008	0.00011022900100000018	0.024634244209000004	0.322439	0.042515000000000025	0.10396690872099998	0.0018075252250000019	0.144963	-0.023900000000000005	0.021014271368999998	0.0005712100000000003	0.008530809999999998	7.271000000000014e-05	5.28674410000002e-09	7.277471925609997e-05	0.0008675599999999998	0.00012371599999999982	7.526603535999996e-07	1.5305648655999957e-08	0.00550468	0.00033034999999999917	3.0301501902399995e-05	1.0913112249999948e-07	0.0	0.0	0.0
8252.211133192883	-8.341171621019384	69.57514401129914	68098988.58679256	10052.693251364466	16.008247468394984	256.26398700937443	101056641.60602868	6264.462467241449	5.378646115619631	28.929834037070144	39243490.00347683	6589.312706961228	8988.885684892686	1.024711	45.054008	0.28019144999999995	0.165582	-0.0383252035	-0.0568864907	0.0550624608	0.0615396602	-0.0710666325	-0.011731997	0.051236733099999994	-0.0722146504	-0.0704343742	0.0675933904	0.0041378607	-0.07659614049999999	0.0534712288	0.0461245361	0.014864505600000001	-0.0734728393	0.0933810516	0.1103536384	-0.0654489766	-0.024571466299999997	-0.0299578376	-0.081484075	0.08734136470000001	-0.0206110563	0.0583495258	0.0117232573	-0.064829594	0.0646875148	-0.0009581407	0.1754585534	0.0445778146	0.1073053389	0.1231963633	-0.0844620298	0.0381806191	-0.0642054803	0.057366019000000004	0.0102777225	-0.048977082699999994	-0.1001833174	0.0117841748	-0.0227535591	-0.0394856767	0.0006126286	-0.0377688039	-0.0040693076000000005	0.0575370541	0.0531899114	0.0281087042	-0.0740059713	0.007349162399999999	0.018412531200000002	0.046411542199999996	0.0802151851	-0.1100339734	-0.0014500195999999999	0.06792266849999999	-0.1445279151	0.013248401699999999	0.101597193	-0.056858553099999994	0.0919074007	0.0129823821	0.1554829991	-0.028534977200000002	0.0245719681	-0.0069238701	0.0692665548	-0.0363379705	0.0692149134	-0.0202921902	0.11377619	-0.028031168199999998	0.028506880499999998	0.032404282400000005	-0.0072071375	-0.0349621733	0.0415460922	0.0344782814	-0.1506385398	-0.035080259700000005	-0.0231809467	0.08835233949999999	0.024372537200000002	0.0884950959	-0.0632399452	-0.0009735555	0.0443038641	0.0050114643	0.0372664207	-0.0644214266	-0.0806587046	0.0324174989	0.0124383541	0.0187213042	0.013129713500000001	-0.1512094144	0.0173417638	0.09195779050000001	-0.033677562200000004	0.0423573771	0.0542464217	0.047168594400000007	0.08642397519999999	-0.0477859321	-0.009773919	0.1333740921	-0.0327340892	0.0363775883	-0.032941099700000004	0.0983871452	-0.0949081358	0.0618047027	0.0893549692	0.0048891358000000005	-0.0824960921	0.0921516564	-0.0202087124	0.10398577560000001	-0.0821246721	-0.013795611200000002	0.1568871868	-0.046494567	0.02664605	0.0463612148	0.091675046	-0.0040424937	0.0367394348	-0.08967545460000001	-0.030113144900000006	0.0102414499	-0.0609873369	-0.1160389596	0.0384858158	0.06361717230000001	0.037093592200000004	0.0747651805	-0.12184074	0.0067666811	-0.0064531914	-0.0127301597	0.062556063	-0.0566606758	0.11848227230000001	0.058483693499999996	0.0269213944	0.0388737666	-0.036330457999999996	-0.0042833244	0.04207431650000002	0.0991405452	-0.0615141541	-0.06506037049999999	-0.0104217846	-0.0917644291	0.0562099367	-0.0782018397	-0.10289536369999999	0.0382755781	0.0171125785	-0.0217633921	-0.0005682073	0.119432785	0.012376958600000001	0.0205262041	-0.059573895099999996	-0.007774127099999998	0.0128172645	0.114498901	0.0631457723	0.0636533712	-0.0192576338	0.0270233923	-0.0395720206	0.007724450600000002	0.0038510594	-0.1684107832	-0.0948736234	0.0011166116	-0.11408852259999999	0.0366361453	-0.0222970239	-0.0155297381	0.04370444230000002	0.1422016188	0.07811357099999999	0.031489997900000004	0.1446288124	-0.0804464973	-0.049940903099999996	-0.1060761697	-0.06720840480000001	-0.0316003552	-0.1597177281	0.016299086100000002	-0.1031611942	0.09989619949999999	-0.0945308701	0.142559	-0.014394000000000018	0.0002071872360000005	0.020323068481	0.17121	-0.15122899999999995	0.029312864100000002	0.022870210440999992	0.185955	0.040992	0.034579262025	0.001680344064	0.00782445	-0.0007063599999999979	4.98944449599997e-07	6.12220178025e-05	0.0007893709999999998	-7.818899999999999e-05	6.231065756409996e-07	6.113519720999999e-09	0.0048177	-0.0006869799999999994	2.321023329e-05	4.7194152039999906e-07	0.0	0.0	0.0
8254.165775381342	1.95464218845882	3.8206260849030853	68131252.64747666	10046.36263581285	-6.330615551616575	40.076693262369616	100929402.21025649	6267.680656827895	3.2181895864459875	10.356744214309396	39283820.81597456	6592.344435618212	8984.547742626524	0.944442	41.524761	0.1654471	0.0843961	0.0006218233	-0.033850173500000004	0.016741963000000002	-0.0291122854	-0.0662610812	-0.010644838799999999	-0.0041898755	-0.0345569828	0.07522838400000001	0.0358021092	0.0448509563	-0.0573027107	-0.0035344027	4.15322e-05	-0.0357940766	-0.079469443	-0.0290947831	-0.13202591449999998	0.0012026574000000001	-0.0532473441	-0.024063353399999998	0.0928447254	-0.0149195874	0.15020533449999998	-0.0626474017	-0.0494187737	0.0620195695	-0.012972019199999999	0.0744538972	0.015576037099999999	0.0209402988	0.0943122606	-0.021730693500000002	-0.0442867648	-0.0771529973	0.0351290725	0.0955566399	0.0255502791	0.0416447555	-0.0694930782	-0.147897103	-0.0793701226	0.0734392589	0.023658774100000002	0.0357422073	0.0116661648	-0.030958032000000007	0.0094905859	0.0138709625	0.0207651777	-0.0612732246	-0.0541549425	0.1207272804	0.0817897001	0.0770579493	0.0127998197	0.0183269298	0.029053762599999998	-0.1035813139	0.057969669400000014	0.14114123720000002	0.036337464900000005	0.0417187217	-0.0059583075	-0.012258203600000002	0.0602059276	-0.08975429900000001	0.0045569618	0.012700766799999999	0.0633984278	0.0378175471	-0.07999422889999999	0.0713509562	-0.0110558794	-0.09508605789999999	0.0104697097	0.0248745373	-0.07026065990000001	0.0403743512	0.0062099912	0.031341905	0.0362389223	0.0654628473	-0.0646216869	0.041772806600000004	0.0389773193	0.0587981158	-0.0222846135	0.0064702865	-0.056866999	9.445100000000001e-05	-0.048592656399999996	-0.0481700674	0.0225926336	0.0176108614	0.07952908019999999	-0.1708709073	0.050092831399999996	-0.0850455249	0.036589047	0.0309622004	0.0762715492	0.0555803389	-0.0922158533	-0.0045300946	-0.06559770349999999	0.029882869500000006	-0.0787743778	-0.0591055967	-0.048821502999999995	-0.0030178449	-0.13676055380000002	0.036017634900000005	0.0482419754	0.0444558656	0.0054607414	-0.0002809252	0.0754893447	0.1269295012	0.06590683900000001	-0.057669418099999994	0.1113105649	-0.0037976714	0.023735776099999998	-0.0160421975	-0.0264512815	0.09815948570000001	-0.0670032707	-0.08868505869999999	-0.0099112	-0.0412126176	0.009724466	0.0506344732	0.06977505190000001	-0.1026078905	-0.121834284	0.0727271852	-0.020975965	0.0067961525	0.0620897684	-0.0745521337	0.0762743152	-0.001746946	-0.023159191099999997	-0.0042019383	-0.0868256754	-0.0267856266	0.09571007029999999	-0.0315663425	-0.0793874871	-0.0979158018	0.025045706600000002	0.0083532595	-0.0832939464	0.011911881599999999	-0.07042586990000001	0.0486259933	0.0143114163	-0.0024179746	-0.0247536633	-0.118565004	-0.0786545547	0.011334928700000002	0.0367605398	-0.0254408625	-0.0230191995	-0.043838009500000004	0.0149472834	-0.019411424899999998	0.0221244345	0.0543455272	0.09279885449999999	-0.0276087193	-0.0637390573	-0.0101545163	0.0533839363	-0.0500235408	-0.0371376808	-0.1103599016	-0.0809087842	-0.063968254	-0.0877125207	0.0801629957	0.0117583047	0.033388159300000005	-0.0034269964	0.0036125904	0.012636303799999998	-0.0657181981	0.034795659900000005	-0.1389414492	-0.0557907431	-0.0406773825	0.0477350578	0.0085467207	-0.10340357800000001	0.1008566694	-0.0966581881	0.153219	0.010660000000000005	0.00011363560000000005	0.023476061961	0.235379	0.064169	0.055403273641	0.0041176605609999995	0.149796	-0.036159	0.022438841616	0.0013074732809999995	0.008513919999999998	0.0006894699999999977	4.7536888089999677e-07	7.248683376639998e-05	0.0008141729999999997	2.4801999999999984e-05	6.628776739289996e-07	6.151392039999992e-10	0.00519261	0.00037491	2.69631986121e-05	1.405575081e-07	0.0	0.0	0.0
8262.934893501591	8.769118120249914	76.89743260689536	68276093.05424616	10057.533112437679	11.170476624829464	124.7795480258614	101153972.30778034	6267.17072276176	-0.5099340661354289	0.2600327518054121	39277428.86824216	6592.643776128156	9016.977062960423	0.8704279999999999	38.270546	0.06813154999999987	0.0449535	0.0234458479	-0.0551971009	0.0192444498	-0.0651315492	0.0562929825	-0.0193762764	-0.0290183586	-0.0031358009	0.0658515708	-0.0341910755	-0.06369191519999999	-0.025963375	0.0203869389	-0.042553265199999996	0.0024678693	-0.0981953656	0.0763220956	0.0395663302	-0.0654047235	-0.0407636582	-0.0122134972	-0.0440468294	0.0034668421999999996	0.0362695154	0.046684534400000005	0.0740104356	-0.15496503609999998	-0.0958677415	0.0403991731	-0.02691926	0.0272466191	0.11144344769999999	0.12187791939999999	0.0515868176	0.072159633	0.1053317205	0.0029502664	0.11473777710000001	-0.0417940562	-0.0531167231	0.0617233533	0.0601795381	-0.0197182564	0.009889252099999999	-0.042054227	0.0165080399	0.062054669000000014	-0.038053450600000004	0.0120477591	0.10389510730000001	-0.0337229114	0.0418380404	-0.038564712	0.0858693901	0.0837554784	0.0626418511	-0.039207209	0.0147708341	0.025567501800000003	-0.0009986265	-0.035775426	-0.0436828624	0.18736668920000002	-0.0414102799	-0.0072805364	0.11667823050000001	0.0606155367	0.007563188399999999	0.0303028652	-0.09094070619999996	-0.0167186625	-0.0333954463	-0.0735168922	-0.11020260550000001	-0.077425324	-0.008880796	0.0326801458	-0.0121599243	-0.0345606573	0.0596502766	0.031568019100000004	-0.0632723501	-0.1335876782	-0.0011007023	-0.0189161961	0.127458125	-0.06232815940000001	-0.0574457403	-0.0780742171	0.0060790789	-0.036879752200000004	0.0380503887	0.1326912327	0.0380787964	0.0389759681	-0.1152419299	-0.0074556469	-0.0030296566999999997	-0.0438805304	-0.0321427221	-0.015614898799999999	-0.0593113791	0.0744624675	0.0297611831	0.0041370549	-0.0140244909	0.0542598688	-0.0492347453	-0.0909809755	-0.0338496528	-0.0474633934	0.0537237728	0.017020656999999998	-0.18224925690000002	-0.09115452869999999	-0.06825965860000001	-0.0319754159	-0.08831805710000001	0.0010294963	0.0454873348	0.1165272018	0.0555152241	0.039886508	0.0296641317	-0.0301870414	-0.08571772300000001	-0.0390309546	0.017085323700000002	-0.0583674366	-0.057047025700000004	-0.0699134902	0.035503739	0.08628429050000001	0.0216280742	0.0664776655	-0.0147585419	-0.0437993273	-0.020564721299999998	0.07924989219999999	0.0467276392	-0.0840709974	0.0254382315	0.1221995779	-0.0536411729	0.1122813536	0.026699219500000003	0.025853921000000002	0.0725268685	-0.0120626495	0.0773309578	-0.0559507417	0.045728530999999996	0.0674814	0.0331096616	-0.0310724538	0.09781105539999999	0.0739896922	0.0995290928	-0.054905481	0.033104487599999996	0.0847978544	0.0507625405	-0.0911978017	0.0461855095	-0.012294676000000001	0.0445592609	-0.027015666299999998	-0.0618277044	0.0716960627	-0.0626920521	-0.06517230519999999	0.018022296299999997	-0.0141705487	0.069007369	-0.08663396550000001	-0.00021788540000000002	0.0200463468	0.0437036854	-0.13995261550000002	0.0668229078	0.0221638488	-0.0747235044	0.0085534766	-0.0343501346	0.0952986344	0.0920175921	-0.1495084348	-0.1186668292	-0.0249499682	-0.0625557647	-0.0664477851	0.0189098184	-0.1537454141	-0.0069765745	0.10393640679999999	-0.10361581859999999	0.101699545	-0.098531964	0.156447	0.003228000000000009	1.0419984000000056e-05	0.024475663809	0.278875	0.04349599999999998	0.07777126562499999	0.0018919020159999984	0.151274	0.0014779999999999793	0.022883823076	2.184483999999939e-06	0.00834078	-0.00017313999999999698	2.997745959999895e-08	6.956861100840001e-05	0.000669132	-0.00014504099999999972	4.4773763342399997e-07	2.103689168099992e-08	0.00527302	8.040999999999951e-05	2.78047399204e-05	6.465768099999921e-09	0.0	0.0	0.0
8256.179759625396	-6.755133876195033	45.631833685317716	68164504.22324806	10033.022140169138	-24.510972268541078	600.7877615491899	100661533.26512413	6270.25433044125	3.0836076794903415	9.508636321011812	39316089.36841725	6595.994792933163	9035.981070649072	1.0968440000000002	48.225494	0.32127745	0.193679	-0.08310480740000001	-0.0680685051	-0.0101548386	-0.019238498700000002	0.0722234247	-0.004366255800000001	0.10245990390000001	-0.0460256057	-0.0214215381	0.0176263034	-0.09432025960000001	0.0039769306	-0.0001245185	-0.1931392884	-0.0325796648	-0.11203770449999999	0.044824118499999996	0.0027008134999999996	0.1073581887	-0.08963880119999999	0.005427751	-0.10478147539999999	0.0136299682	-0.1121320835	0.07524891269999999	0.0659145944	0.008158308100000001	0.0724307398	0.17241611760000006	0.0628447534	-0.0334379675	-0.0034216465	0.0682195038	-0.0760521204	-0.0692965968	0.011566583	-0.11949580859999999	-0.11796496109999999	-0.138789736	-0.0619029658	-0.0086638128	0.0631254597	0.1215707597	-0.0550197908	-0.1457472179	0.09120639230000001	0.1467298285	0.1088025619	0.019115232	-0.0115988439	0.0239672452	0.075929444	-0.0750191521	0.0970747736	0.0900668963	-0.16918547670000006	0.0094409444	-0.08755751960000001	0.0533003536	-0.033840798	-0.0414543218	-0.20469240589999999	-0.0783849341	0.0459434022	0.012993123799999999	-0.0086110249	0.0292696627	0.0197033994	-0.2150979011	0.05672983440000001	0.0204873439	0.027216807200000002	-0.0250981182	-0.052502993899999996	0.0406045512	-0.059422680599999986	-0.18546874079999998	-0.0206205763	0.0422899521	0.031245092400000007	-0.0690173011	0.0183439647	0.024719367000000003	0.07917693190000001	-0.0164464367	0.0391746261	-0.0130469166	-0.005701587199999999	-0.025858911800000002	0.0347876664	-0.1070180209	0.139245113	0.1423461591	-0.09462902990000001	-0.1242476475	-0.0048539009	0.0054998608999999995	0.0837640418	0.0014792209	0.09027997630000001	-0.037376935099999994	0.0914313651	-0.1159385216	-0.0741893857	-0.1187454454	0.20971688149999998	0.046535745499999996	0.023425107799999997	0.1254101865	-0.1349031788	-0.0811195942	0.0062783293000000006	0.1124651165	-0.060091671799999996	0.009863000600000001	0.0584451359	0.1357244949	-0.0026056367	0.0490678018	0.0021531351	0.0258274674	0.0104236367	-0.1019100961	0.024069597400000003	0.029747749599999998	0.0208939786	-0.10228551699999999	0.0642634233	-0.0770497903	0.0026099088	-0.09190599640000001	0.1416196985	-0.03140503	0.0830512209	-0.037957792000000004	0.0783307209	-0.09620137570000001	-0.015418761000000001	-0.0319259474	-0.0362135211	0.1885388804	0.1545078464	0.0764959514	0.0863090443	-0.020456971	-0.011229828600000002	-0.011439489099999998	-0.09694573	0.1164507424	0.0372819592	0.0492507534	-0.0081399681	0.044101049	-0.0655534592	-0.0140817157	0.12339587839999999	-0.10883485300000001	-0.123708328	-0.0190973939	0.0701793067	-0.034621598999999996	-0.0370836477	-0.1591301191	0.00031076220000000003	-0.1827708425	0.07826678320000001	0.054269758499999994	0.0350518254	0.1051597904	0.1651070299	-0.0434465176	-0.07675412849999999	0.0570040844	0.0214981119	-0.0405405941	-0.2638841906	-0.05961855820000001	-0.0040380031	-0.0810550683	-0.0007217189	0.012693091299999999	-0.0450038304	-0.050951932000000005	0.0542954417	-0.1166763425	0.049480561900000004	0.025220890099999997	0.0176817977	0.140381989	0.1345173103	0.09197438460000001	0.0010968036	0.1018993411	-0.0261767052	0.0027473196999999996	-0.1037978542	0.1024238435	-0.1001472826	0.137987	-0.018460000000000004	0.00034077160000000017	0.019040412169	0.100704	-0.17817099999999994	0.010141295616	0.03174490524099999	0.189744	0.03847	0.036002785536000004	0.0014799409000000006	0.00739334	-0.0009474400000000008	8.976425536000015e-07	5.46614763556e-05	0.000606493	-6.263899999999998e-05	3.6783375904900007e-07	3.9236443209999966e-09	0.00455957	-0.00071345	2.07896785849e-05	5.090109025e-07	0.0	0.0	0.0
8224.450540077614	-31.729219547782122	1006.7433731113592	67641586.68618296	10049.225448668736	16.20330849959828	262.54720633315384	100986932.11817136	6261.08671940065	-9.167611040599695	84.04509219172543	39201206.9078552	6589.166674152359	8976.12588874391	1.1788360000000002	51.830494	0.16911295	0.09424080000000004	-0.042913124500000004	0.0066789881999999995	-0.0283301327	0.1504228927	0.081646345	-0.028780438	0.0272259865	-0.0453087164	0.021804870499999997	-0.1338951274	0.0393459418	-0.11550993609999999	-0.1320573128	0.0309375548	0.0422281396	0.06443210519999999	-0.002045478	-0.21016834780000002	0.1433916321	-0.0474979883	-0.1397213315	0.0668684907	-0.09014597810000001	0.005692550699999999	-0.12471292199999999	-0.0707595122	0.15517539449999998	-0.1659161248	-0.1443812288	0.1065078662	-0.0778556886	-0.10794080060000001	0.1751391282	0.04730574059999999	0.0019435698	0.0281889147	-0.0320204952	0.0339598866	-0.038167902000000004	0.0129453617	-0.0177608854	0.0160426428	0.1600622577	0.0147382096	0.06780526769999999	0.0463488592	0.0317673125	0.06818163969999999	-0.0262481094	-0.0455831633	-0.10317003970000001	0.0594889043	0.0399326818	0.0091195316	0.046576340300000005	0.1298125802	0.012508236599999998	0.08374366429999999	0.1887227559	-0.0206314319	0.0317985864	-0.1483750755	0.0358550902	-0.009959971	-0.028486142000000002	-0.022047856	0.1621879706	-0.044107422800000004	-0.0568502942	0.0357614982	-0.1733279705	0.074750847	0.1286595565	0.08712115460000001	-0.057689916699999996	-0.046139503899999997	0.0494507197	-0.1275331894	0.1439371192	-0.0306452532	-0.0300136461	-0.022328356299999998	-0.0939694967	0.079537165	0.026621878300000002	-0.04776100269999999	-0.1139850227	-0.0296039358	0.054154634900000005	0.070334193	-0.0935756739	0.06548646129999999	-0.1302172058	0.026468651	0.0800189176	0.08656783300000001	-0.053846024299999996	-0.0627777875	-0.039429884500000005	0.021576343300000002	0.0604759379	-0.121632923	0.11643511220000001	0.0383879815	0.0223083286	0.0048464519	-0.1299139795	-0.0319179273	0.0249434025	-0.07300071009999999	-0.013441555800000001	0.0137613724	-0.05156490440000002	0.054955215099999996	-0.0004302003	0.0180872186	0.0396986851	0.0329620375	0.0125975003	-0.07596528129999999	-0.057557589900000004	-0.0330850424	-0.0560785191	0.0174312558	-0.0608024451	-0.0184653147	0.1222953333	0.10150237320000001	-0.0459680058	0.08106905589999999	-0.1734594287	-0.0686529676	0.0216649059	-0.1076524893	-0.0140808804	-0.09434055949999999	-0.10686309529999999	0.0634682473	0.1547225125	-0.0266120118	0.1186776609	-0.12470225800000001	0.0952592487	0.0304071495	0.027811950499999998	0.0930364309	0.033644084399999996	-0.0033328620000000002	0.179032124	-0.062247086500000014	-0.06786477519999999	-0.0778814495	0.0238750583	-0.047604933499999995	0.1230887752	0.016857856	-0.0321069481	-0.0355041285	0.05890713559999999	-0.1478762069	0.08214475519999999	-0.0139885127	0.0716690786	0.09737530470000001	-0.0010812259	-0.028616905499999998	-0.1485795833	0.040614353900000004	-0.0422247255	-0.0425860938	-0.0756169508	0.0025626296	-0.0324716978	0.0116119023	0.0438522063	0.1421938998	0.025946851200000003	-0.0213902704	-0.1442740193	0.0409096562	0.1109325151	0.010838589499999999	0.0409996968	-0.1533821783	-0.0316677109	0.0650634082	-0.0106606916	-0.0853749982	0.0409471168	0.059352721	0.0315373798	-0.0036577751000000003	-0.062238263099999996	-0.055460718	-0.0767503956	-0.1039496317	0.10302872029999999	-0.1014999067	0.14268800000000004	0.004701000000000039	2.209940100000036e-05	0.02035986534400001	0.175616	0.07491199999999999	0.030840979456000003	0.0056118077439999995	0.16104000000000002	-0.02870399999999998	0.02593388160000001	0.0008239196159999987	0.008313249999999998	0.0009199099999999976	8.462344080999959e-07	6.911012556249998e-05	0.000529404	-7.708900000000002e-05	2.8026859521599996e-07	5.942713921000003e-09	0.00477849	0.00021892000000000005	2.28339666801e-05	4.792596640000002e-08	0.0	0.0	0.0
8267.028985624018	42.5784455464036	1812.9240251480567	68343768.24914768	10033.652252582357	-15.57319608637954	242.524436344827	100674177.525751	6260.323572334592	-0.7631470660580817	0.5823934444330581	39191651.23032815	6580.066170529701	8844.668643089513	1.289888	56.71315799999999	0.4331215	0.319741	0.078135519	0.0017420901	-0.010082346899999999	0.08560551359999999	-0.088149521	-0.0181030787	-0.10274920189999999	-0.0057556879000000005	-0.0980770094	-0.0571649241	0.1513200152	0.09071540730000001	-0.0650280354	0.0477266448	0.0260630295	-0.04402514230000002	-0.0197477127	-0.0571655329	0.062405995199999995	0.0583319331	-0.0396670023	-0.1986124429	0.0492699991	0.0728368952	-0.1380808742	0.0294753471	-0.011194316999999999	-0.0990828349	0.1710689578	0.0912721295	-0.1613647728	0.010215403	0.1738198494	0.0481261845	0.059080630499999995	0.0459629079	-0.09610534	-0.0255954201	0.0651797228	0.0182986763	0.0025185693	-0.07309669070000001	-0.12052461560000001	0.11050276140000001	0.11165111890000001	-0.0851238825	-0.0944475237	-0.070570207	-0.0779097939	-0.07736177150000001	-0.0728587583	-0.0372411698	-0.0630417558	0.0217119738	-0.0144420673	0.0858246998	0.0250824358	0.0351614492	-0.0896430299	0.1163975483	0.051509796600000005	-0.0230205842	0.06463302650000001	-0.0152284538	0.1431112558	0.0157742201	0.0037302114000000003	0.0647589699	0.12752291359999998	0.0153978979	-0.0152992601	-0.0403119226	0.0407445907	0.058089632599999996	-0.025018331499999998	-0.0447839961	0.09707235800000001	0.0657917542	0.1029568094	-0.0476365114	-0.0706581875	-0.0571627297	-0.0461182428	-0.07914656490000001	-0.011793596699999999	-0.0387889005	-0.0401623814	0.0758796672	-0.055172102800000004	-0.0732067018	0.0179247827	0.16999621969999998	-0.09340444519999999	0.0070913682999999995	-0.0826750964	0.11936749949999999	0.202311336	0.1689289837	0.0066270863000000005	0.05922958	0.0686312642	0.032102750299999996	-0.0055116209999999995	0.0102747753	-0.0190059685	-0.0119696896	0.1360823397	-0.0700951054	-0.11065834220000001	-0.0656588676	0.0940890251	-0.05696384440000001	0.023269201	0.0650178151	0.0744803195	-0.0014860295000000002	-0.1066580962	0.0806033004	-0.0308492607	0.0788268379	-0.062830047	-0.0622378499	0.0735949726	-0.056011748300000004	-0.0536471891	0.09281866150000001	0.040408591	0.0017942335999999999	0.0596790794	-0.1001706035	-0.0773961893	-0.0605965376	0.052605896	-0.0282236365	-0.0045439945	-0.1231445952	-0.0181508918	-0.032985140499999996	0.0701605737	0.0201770529	-0.0482637981	0.0699571804	-0.0566174378	0.005269115400000001	0.0437225301	0.06289331320000001	0.0184513442	0.0819432146	-0.05848435110000001	-0.0380974932	-0.0358588897	-0.0793072421	-0.1174466345	-0.0435358233	0.0348468237	-0.06339273349999999	0.07199063650000001	0.09227503529999999	0.0091321502	0.0141348732	-0.0296379142	0.1043272907	0.051694013600000005	-0.08240411019999999	-0.1014442824	0.0689407901	0.0273191558	0.3218964591	0.0645327485	-0.16971449989999998	-0.1344500492	-0.07270372879999999	0.0610133679	-0.075330384	-0.0321382183	0.0021160337	-0.0033343215999999997	-0.0268336804	-0.0431119902	-0.1096809473	-0.0202562682	0.0579447604	-0.1204999452	-0.0203688681	0.0201893446	-0.0631566239	0.14447422880000002	0.065919302	-0.0027803971	-0.0448879018	0.0103166141	0.0432783146	0.0127903275	0.0107650341	-0.0168054802	-0.1040711067	0.1035134703	-0.1025862884	0.15621199999999996	0.013523999999999923	0.000182898575999998	0.024402188943999988	0.483711	0.30809499999999995	0.23397633152099995	0.09492252902499997	0.160914	-0.000126000000000015	0.025893315395999997	1.5876000000003778e-08	0.00945702	0.0011437700000000025	1.3082098129000052e-06	8.94352272804e-05	0.000609174	7.976999999999995e-05	3.7109296227600004e-07	6.363252899999992e-09	0.00578248	0.0010039900000000006	3.3437074950400004e-05	1.0079959201000013e-06	0.0	0.0	0.0
8308.970523104274	41.94153748025565	1759.0925662076893	69038991.1538157	10048.071728898494	14.41947631613766	207.9212972316549	100963745.46908918	6267.8113823240365	7.487809989444032	56.067298438017815	39285459.52439075	6589.275992533977	9153.69541694248	1.0317690000000002	45.364307	0.13324710000000006	0.0962229	0.0670465814	-0.137296762	-0.0359574254	-0.0709518548	0.006256839399999999	-0.0170858387	-0.0790292758	0.0666034084	-0.001693841	0.0285190856	-0.013805354399999999	-0.0061112195999999995	0.0434182396	-0.0752130755	-0.18990095489999997	-0.003839345	0.050199225800000004	-0.0545554213	0.050240962199999996	0.1387762352	-0.0345672623	-0.10316431949999999	0.015278841599999999	-0.0831795345	-0.11453810519999999	0.012517113100000001	-0.0234008092	0.0377720879	-0.0810705473	-0.2271374432	-0.1775165085	0.1011228489	-0.08905775640000001	-0.0495391003	0.0047963949	0.0862013119	-0.0788672832	-0.11334496359999999	0.12306787359999999	-0.18211953820000001	0.0170703949	-0.021151111099999998	-0.1578848693	-0.0767591314	0.014010547199999999	-0.0157841762	-0.09658456720000001	-0.0519996564	-0.0279891188	0.046007342199999995	-0.0244366191	0.0108215639	-0.1112688264	0.0482510809	-0.0083354275	0.0324718444	-0.0285589522	0.1008378788	-0.0874548972	-0.0146828835	-0.054770708700000004	0.0629853322	0.1615865934	-0.1159785142	0.0826686405	-0.0042669513	-0.0102374246	-0.038260479900000005	-0.0456787818	0.0822112149	0.05758864900000001	-0.050556705	0.0361607464	-0.0794372163	0.0196953276	0.0463843982	0.1157226841	0.10905787269999999	-0.0189477791	0.057897009699999995	0.0414115663	0.029337106	-0.0794837331	-0.051334447000000005	-0.0866597329	0.008889285600000001	0.2060001229	-0.0628551158	-0.0062320049	0.0177176442	0.06404080820000001	0.0298036857	-0.0732204342	0.07461267	-0.019879428799999998	-0.047351461399999996	0.0202863327	-0.07639770900000001	-0.04534846	0.0765166999	0.009350306999999999	0.0318134198	-0.0392187824	-0.0063852156999999994	0.0456458188	0.10954610740000001	0.0201698078	-0.022630410400000002	0.0615152405	0.0679261411	0.1019368682	0.0352440906	0.0644300402	0.00253661	-0.0149221304	0.09240850460000001	-0.0883669317	0.0503313881	-0.061667809800000015	-0.1098415735	-0.1064233069	-0.17863964710000002	0.0512571487	-0.0225292762	-0.0330980806	8.30801e-05	-0.053180364699999996	-0.0151086149	0.0100563352	-0.1281058559	0.0404226344	0.0552492442	0.1071817639	-0.0031126224	0.0713720783	0.024343067000000003	0.0168583261	0.0098229298	0.1849465443	0.025542196899999998	-0.1217827935	0.010885493100000001	0.0138011408	0.0741114549	-0.0959820559	-0.0779364479	-0.1256922181	0.1092379356	-0.0521188871	0.0709773868	-0.039450601	-0.025406698999999998	-0.0122220192	0.1074622759	0.0671087174	0.073096011	0.0989686459	0.0593339598	0.039421581000000004	-0.012733313100000001	-0.1031356722	-0.0422288579	-0.0392765947	-0.1021972466	0.014399916	0.0136526228	-0.0135879777	-0.06288127	-0.0100219284	-0.0411730561	0.0500498398	-0.0622548999	0.0390130188	-0.0336948928	-0.0765206617	-0.0281248743	0.0180780977	0.0492680578	0.0649762443	-0.0793355934	0.0817529124	0.0631145405	-0.0337253827	0.0846965358	-0.08139976	-0.057053308399999995	-0.10655681380000001	-0.07321819339999999	-0.0173794038	-0.0028211223	-0.0411067673	0.019103901	0.1308434793	0.035696320499999996	-0.1635181901	-0.1041622441	0.1038775282	-0.10340357800000001	0.160676	0.004464000000000024	1.992729600000021e-05	0.025816776976	0.392671	-0.09103999999999997	0.154190514241	0.008288281599999992	0.162385	0.001471	0.026368888224999998	2.1638410000000004e-06	0.00894137	-0.0005156499999999994	2.658949224999995e-07	7.99480974769e-05	0.000632586	2.3412e-05	4.00165047396e-07	5.481217439999998e-10	0.0055961000000000006	-0.00018637999999999988	3.131633521000001e-05	3.473750439999996e-08	0.0	0.0	0.0
8296.352088049256	-12.618435055017473	159.22490323769378	68829457.96887925	10035.118421637302	-12.953307261192096	167.78816900285184	100703601.73628436	6265.463641930507	-2.3477403935294205	5.511884955409678	39256034.64835309	6587.601917487505	9364.528833027602	0.9961700000000002	43.799103	0.13613345	0.0949182	0.0341548897	-0.1999299482	0.0162222419	0.06868546860000001	-0.048044308499999994	0.0056193899	-0.0314059979	-0.0622279268	-0.0299961752	0.025487330699999998	0.047165918099999996	-0.011911014	0.0481637325	-0.0733039705	-0.0277566392	0.0402849115	0.11430231619999999	-0.0479782803	0.0245380075	0.0043074419	-0.08501991869999999	-0.0507588016	0.0927030239	0.0481479333	0.0385982228	-0.07366749780000001	-0.0861524134	0.09692125689999999	-0.1220971612	-0.12048248289999999	-0.11242449480000001	0.1078451071	-0.0089680218	0.0272944703	-0.12927997859999998	0.0463616626	0.0439441217	0.0518108863	0.0227674169	0.1071742352	0.0224632094	-0.0583149862	0.1274389082	0.06873134019999999	0.0068886495999999995	-0.0200434183	-0.1088970727	-0.0441743367	0.0488793462	-0.0575602539	-0.0471450025	0.0009288144000000001	-0.017541388300000002	0.028407839	0.0441067624	-0.0324126871	-0.053880659500000004	0.0631263859	-0.0606076642	-0.0030621574	-0.0960841351	0.09069790300000001	0.0709749345	0.0180088621	0.0290270207	0.0008593129	-0.0289938856	0.017854373	-0.043585855300000004	0.051895353600000006	0.08592269150000001	-0.0111657131	-0.0366656883	0.049085830700000006	-0.046472852	0.1156523815	-0.0092977552	-0.16153901880000002	0.076589122	0.2234141754	0.1063983384	-0.1226692775	-0.0513539904	0.042432065	-0.1179786687	0.0176135787	0.0903578899	-0.048436607400000005	0.0792653044	-0.0597049671	0.04737215559999999	-0.0006692983	0.0262978674	0.0327831919	-0.032417765	0.037552773399999996	0.0234639802	0.0769307265	-0.0671753326	0.0884487719	0.0092334513	0.0317514552	-0.0047113502000000005	-0.0195635822	0.0695373762	-0.0915554703	0.0025728432999999997	-0.11249464460000001	9.14644e-05	0.0212003706	0.0448520424	0.1134046577	-0.0590533476	-0.09835471109999999	0.1060942631	-0.1088274116	-0.0320012954	0.0094544001	0.1249137536	-0.0582168754	0.0192990761	0.0495164115	0.042401031500000005	0.045318024000000005	0.0185107587	0.0497006312	0.0562148792	0.0123218479	-0.017399246299999997	-0.0630817643	0.0628628824	0.0932739787	0.0753944998	-0.0352596051	0.044407301399999995	0.051012438	0.0608319959	0.0004600175	0.1070895225	-0.0133684173	-0.1349522314	0.0371706584	-0.0505678326	0.0760128735	0.072245707	-0.12801689789999998	-0.004753324099999999	-0.0099515363	0.0381519106	-0.051711082400000004	0.0905799086	0.1643517981	0.1029300901	-0.030537392000000007	0.1785312882	0.0115930872	-0.0338564923	0.0583829955	0.0857873155	0.0083583015	-0.0257060646	-0.0931709161	-0.07953354559999999	0.097817219	0.0339980731	0.0822102963	-0.0473917387	0.073817808	-0.0068279683999999995	-0.1251735627	0.043640627800000005	-0.0634448572	-0.07257358900000001	0.0705778747	0.1155466635	0.0287813693	-0.020750509599999998	0.0719612815	-0.0677527815	0.0579575254	-0.0473270005	0.103762624	0.0712680996	0.16543496119999998	-0.041014382599999996	-0.0210224792	0.088036209	0.012685366299999999	-0.0959436946	0.05741456	-0.09177357130000001	0.0456431343	-0.00019324900000000002	0.0023168310999999997	0.095935479	-0.10422301699999999	0.10412046949999999	-0.1039496317	0.157323	-0.003352999999999995	1.1242608999999964e-05	0.024750526329	0.300455	-0.09221599999999996	0.090273207025	0.008503790655999995	0.158957	-0.0034280000000000144	0.025267327848999998	1.1751184000000098e-05	0.00929307	0.00035169999999999993	1.2369288999999994e-07	8.636115002490001e-05	0.000587007	-4.557900000000002e-05	3.4457721804899996e-07	2.0774452410000014e-09	0.00525065	-0.0003454500000000006	2.75693254225e-05	1.1933570250000046e-07	0.0	0.0	0.0
8262.161359716312	-34.19072833294376	1169.0059039371633	68263310.33398929	10059.485202885931	24.366781248629195	593.7400284185474	101193242.547081	6270.322439687686	4.858797757178762	23.607915645165377	39316943.49765093	6598.031480588775	9294.433062101247	1.022107	44.939503	0.18177590000000007	0.114623	-0.0331166977	-0.1422956387	-0.025067494300000003	-0.0996918433	0.030772609399999998	-0.0208230719	0.0352199008	0.014752961499999996	0.0802012951	0.0649164433	-0.0693411495	-0.019477074	0.019284129599999998	-0.0893448082	-0.0150070195	-0.00243346	0.11231420119999999	-0.036135201299999996	0.059160371399999995	-0.0047604609	-0.038077954	-0.0345072193	0.0940412502	0.0870270258	0.0410340237	-0.1071160484	-0.1606318256	0.0872651234	-0.0202984496	-0.0405116791	0.0131181686	0.0675990938	0.0478550776	-0.0424746204	-0.019446511200000002	-0.0338729472	0.0534779399	0.020088305600000002	0.16917051760000001	0.1627349115	-0.0380566889	0.099402528	-0.08999708990000001	0.09633056720000001	0.049566324800000006	0.058831450300000004	0.0732718663	0.0269939114	0.047237178600000006	0.0681645461	-0.0150201933	0.0350434852	0.0234137973	0.0456344379	0.125940882	-0.0919646385	-0.0666483408	0.058607766	-0.0524042285	-0.055769066799999996	-0.1348001966	0.08795688939999999	0.04433585	-0.0696335269	0.13928855769999998	0.0370932242	-0.07424709480000001	0.0981602712	-0.026709966600000003	0.0057097881999999996	-0.0232559004	0.06225355730000001	0.0324498365	-0.1320085588	0.0732447724	0.0778456452	0.044650605499999996	0.017197742	-0.0677713896	0.011077018899999999	0.01286223	0.1028520743	0.09660527070000001	0.0809754617	-0.0710351475	0.08371062230000001	0.012212210800000001	0.09038765439999999	-0.0136559426	0.0661320124	-0.1058921983	-0.0896994983	0.10675920439999999	0.04419435	0.047285426	0.10056104810000001	0.011604238700000002	0.0164426842	0.043712044400000004	-0.0851667718	-0.10999711279999999	-0.134937657	0.0219327864	-0.0150028595	-0.0116131091	-0.0755499578	-0.100410174	-0.0081913358	-0.06428184990000001	0.0413807917	-0.0908304667	0.0105368799	-0.0690258482	0.143705426	0.0142293411	0.0375861828	0.10586969880000001	0.03708391	-0.0189357876	-0.018170074799999998	-0.0857209463	-0.0623658933	-0.0333893757	0.0444423132	0.0016605235	-0.0673043814	-0.011491220900000002	-0.0262670974	-0.07087706769999999	-0.0049324708	0.073324717	0.2004736028	0.08934530619999999	0.0147037698	0.0304471823	0.1043583834	-0.0389108186	-0.0317464094	-0.0143160922	0.0744757975	-0.1549781424	0.07000834759999999	-0.1150757502	-0.0029873865	0.052389403099999995	-0.1466607215	-0.0878693314	-0.0116878707	0.0623461002	0.0527365328	-0.0669147565	-0.0248066444	0.0383659858	0.1349779248	0.0708706135	-0.0904544117	0.05970864190000001	-0.044483310400000003	-0.0110773552	0.0331847905	0.025654431000000002	0.0425989033	0.0470550764	0.11113340669999999	0.0370055966	-0.0062129074	-0.06744547	-0.051239344299999996	0.0696377138	0.0160653629	0.007246076800000002	-0.12391963880000001	0.0697399329	-0.0372443815	-0.011289771799999999	0.0382642621	-0.0435277959	-0.026107453399999998	0.1143087483	0.060795559699999994	-0.0704281053	-0.0228887254	-0.0261046087	-0.0461291615	0.0137812907	0.1259951141	0.0740049687	-0.007017954	0.1280453913	-0.1194651032	0.08855174369999999	-0.0224526318	-0.05707390070000001	0.0413545383	-0.10627195199999999	-0.104253408	0.104242011	-0.10422301699999999	0.146474	-0.010849	0.00011770080099999994	0.021454632676	0.191738	-0.108717	0.03676346064400001	0.011819386089	0.1784	0.019443000000000016	0.031826560000000004	0.00037803024900000064	0.00901257	-0.00028050000000000123	7.868025000000071e-08	8.122641800489999e-05	0.000702985	0.00011597800000000007	4.941879102250001e-07	1.3450896484000018e-08	0.00479179	-0.00045886000000000017	2.29612514041e-05	2.1055249960000016e-07	0.0	0.0	0.0
