global_signal	global_signal_derivative1	global_signal_derivative1_power2	global_signal_power2	csf	csf_derivative1	csf_power2	csf_derivative1_power2	white_matter	white_matter_derivative1	white_matter_derivative1_power2	white_matter_power2	csf_wm	tcompcor	std_dvars	dvars	framewise_displacement	rmsd	t_comp_cor_00	t_comp_cor_01	t_comp_cor_02	t_comp_cor_03	t_comp_cor_04	a_comp_cor_00	a_comp_cor_01	a_comp_cor_02	a_comp_cor_03	a_comp_cor_04	a_comp_cor_05	a_comp_cor_06	a_comp_cor_07	a_comp_cor_08	a_comp_cor_09	a_comp_cor_10	a_comp_cor_11	a_comp_cor_12	a_comp_cor_13	a_comp_cor_14	a_comp_cor_15	a_comp_cor_16	a_comp_cor_17	a_comp_cor_18	a_comp_cor_19	a_comp_cor_20	a_comp_cor_21	a_comp_cor_22	a_comp_cor_23	a_comp_cor_24	a_comp_cor_25	a_comp_cor_26	a_comp_cor_27	a_comp_cor_28	a_comp_cor_29	a_comp_cor_30	a_comp_cor_31	a_comp_cor_32	a_comp_cor_33	a_comp_cor_34	a_comp_cor_35	a_comp_cor_36	a_comp_cor_37	a_comp_cor_38	a_comp_cor_39	a_comp_cor_40	a_comp_cor_41	a_comp_cor_42	a_comp_cor_43	a_comp_cor_44	a_comp_cor_45	a_comp_cor_46	a_comp_cor_47	a_comp_cor_48	a_comp_cor_49	a_comp_cor_50	a_comp_cor_51	a_comp_cor_52	a_comp_cor_53	a_comp_cor_54	a_comp_cor_55	a_comp_cor_56	a_comp_cor_57	a_comp_cor_58	a_comp_cor_59	a_comp_cor_60	a_comp_cor_61	a_comp_cor_62	a_comp_cor_63	a_comp_cor_64	a_comp_cor_65	a_comp_cor_66	a_comp_cor_67	a_comp_cor_68	a_comp_cor_69	a_comp_cor_70	a_comp_cor_71	a_comp_cor_72	a_comp_cor_73	a_comp_cor_74	a_comp_cor_75	a_comp_cor_76	a_comp_cor_77	a_comp_cor_78	a_comp_cor_79	a_comp_cor_80	a_comp_cor_81	a_comp_cor_82	a_comp_cor_83	a_comp_cor_84	a_comp_cor_85	a_comp_cor_86	a_comp_cor_87	a_comp_cor_88	a_comp_cor_89	a_comp_cor_90	a_comp_cor_91	a_comp_cor_92	a_comp_cor_93	a_comp_cor_94	a_comp_cor_95	a_comp_cor_96	a_comp_cor_97	a_comp_cor_98	a_comp_cor_99	a_comp_cor_100	a_comp_cor_101	a_comp_cor_102	a_comp_cor_103	a_comp_cor_104	a_comp_cor_105	a_comp_cor_106	a_comp_cor_107	a_comp_cor_108	a_comp_cor_109	a_comp_cor_110	a_comp_cor_111	a_comp_cor_112	a_comp_cor_113	a_comp_cor_114	a_comp_cor_115	a_comp_cor_116	a_comp_cor_117	a_comp_cor_118	a_comp_cor_119	a_comp_cor_120	a_comp_cor_121	a_comp_cor_122	a_comp_cor_123	a_comp_cor_124	a_comp_cor_125	a_comp_cor_126	a_comp_cor_127	a_comp_cor_128	a_comp_cor_129	a_comp_cor_130	a_comp_cor_131	a_comp_cor_132	a_comp_cor_133	a_comp_cor_134	a_comp_cor_135	a_comp_cor_136	a_comp_cor_137	a_comp_cor_138	a_comp_cor_139	a_comp_cor_140	a_comp_cor_141	a_comp_cor_142	a_comp_cor_143	a_comp_cor_144	a_comp_cor_145	a_comp_cor_146	a_comp_cor_147	a_comp_cor_148	a_comp_cor_149	a_comp_cor_150	a_comp_cor_151	a_comp_cor_152	a_comp_cor_153	a_comp_cor_154	a_comp_cor_155	a_comp_cor_156	a_comp_cor_157	a_comp_cor_158	a_comp_cor_159	a_comp_cor_160	a_comp_cor_161	a_comp_cor_162	a_comp_cor_163	a_comp_cor_164	a_comp_cor_165	a_comp_cor_166	a_comp_cor_167	a_comp_cor_168	a_comp_cor_169	a_comp_cor_170	a_comp_cor_171	a_comp_cor_172	a_comp_cor_173	cosine00	cosine01	cosine02	trans_x	trans_x_derivative1	trans_x_derivative1_power2	trans_x_power2	trans_y	trans_y_derivative1	trans_y_derivative1_power2	trans_y_power2	trans_z	trans_z_derivative1	trans_z_power2	trans_z_derivative1_power2	rot_x	rot_x_derivative1	rot_x_power2	rot_x_derivative1_power2	rot_y	rot_y_derivative1	rot_y_derivative1_power2	rot_y_power2	rot_z	rot_z_derivative1	rot_z_derivative1_power2	rot_z_power2	motion_outlier00	motion_outlier01	motion_outlier02	motion_outlier03	motion_outlier04	motion_outlier05	motion_outlier06	motion_outlier07	motion_outlier08	motion_outlier09	motion_outlier10	motion_outlier11	motion_outlier12	motion_outlier13	motion_outlier14	motion_outlier15	motion_outlier16	motion_outlier17	motion_outlier18	motion_outlier19	motion_outlier20	motion_outlier21	motion_outlier22	motion_outlier23	motion_outlier24	motion_outlier25	motion_outlier26	motion_outlier27	motion_outlier28	motion_outlier29	motion_outlier30	motion_outlier31
8285.259859850712	n/a	n/a	68645530.94525345	11041.169663992725	n/a	121907427.54907322	n/a	6225.346074220597	n/a	n/a	38754933.74381379	6630.0394185810865	11377.928811006133	n/a	n/a	n/a	n/a	-0.06441572150000001	0.0538441867	-0.12140250650000001	0.0366539585	-0.0730981061	-0.5286135479999999	0.4814400303	-0.011244663899999998	0.19078988510000008	-0.2196260469	-0.15834134519999998	0.1287815874	-0.0619662984	0.0260548331	-0.0451657079	0.0009033694	-0.021044698100000002	-0.054450091	0.0425405704	-0.0246558191	0.0015672661	-0.0760515393	0.0358857534	-0.06830874740000001	0.0209149481	-0.0748931946	0.05056182099999999	-0.0195731065	0.0733069171	-0.021953546299999998	-0.0229825941	0.0363259077	0.004905179	-0.047343373099999995	0.012926787700000001	-0.0348764725	0.014118869099999999	-0.0156533846	0.0425985508	-0.12034896980000001	0.0242963984	-0.0265917777	0.039410362000000004	-0.0228394324	0.0121370308	-0.0607125018	0.023181657400000003	-0.1026147768	-0.0406627262	0.0027362448	-0.0374576829	0.032878244300000005	-0.0430277755	0.036382517	-0.0142611889	0.060315650400000004	-0.026050501	0.0590949798	-0.0649555534	0.0223624389	0.05802180000000001	-0.0283508863	0.0833826605	-0.0200246844	0.0455064279	-0.1689811352	0.1006342898	-0.11526049220000001	0.0530300954	-0.0609902998	0.08609893130000001	-0.11970460289999996	0.025769514	-0.0217759238	0.056379532300000014	-0.0469346391	0.0261561346	-0.021399611699999998	-0.0124785475	0.0817954672	0.0452639936	-0.14673504880000002	0.10465435630000001	0.0393675217	-0.021699643799999998	-0.0055572512	-0.0270770433	0.0257679468	0.0109329126	0.046472486900000005	-0.0907467423	0.09120280060000001	0.074613025	-0.0261026502	-0.1094397099	-0.0668760442	0.044485303399999995	0.0880119946	0.0674453976	-0.058381363	-0.1110618981	-0.017329756	0.07523810709999999	0.1439588918	-0.042487203499999994	-0.05659908440000001	-0.027634754700000003	0.0686926371	0.0881332222	-0.1042406883	-0.027177220499999998	0.1207796377	-0.09588473369999999	0.0103930328	-0.026261393199999997	-0.0962008278	0.1517769578	-0.0801381484	0.4505476695	-0.2440362997	0.032942121	-0.2167020502	0.1939356229	-0.07830562099999999	-0.2456571914	0.0943105482	-0.3100042856	0.0295790579	-0.0142670076	0.0604832309	-0.1367821914	0.055301726600000004	-0.0588558558	0.0806920706	-0.1359420388	0.0922561891	-0.024087752400000002	-0.0684096031	0.054294625199999995	-0.00076866	0.0243804887	-0.0251338505	0.0480159435	-0.0934276607	0.0729506432	-0.001682857	0.0277137762	-0.0109327647	0.0076883246	-0.0296715231	0.0728284961	-0.0235854331	-0.0682355063	0.05367088230000002	-0.022665930299999998	-0.0269849465	0.0403935648	-0.0247923894	0.038862505	0.0457405096	0.0032771128000000003	-0.0572747898	0.0425611461	0.0163284744	0.0096644907	0.0619085833	-0.09041124269999999	0.016308220800000002	0.0509391434	0.0008487150999999999	-0.0314297922	-0.0017666818	-0.0717324716	0.0042338237	0.0878906775	-0.0474306857	-0.0034773706	0.0337871241	0.0371967658	0.0980552714	0.098046883	0.098032903	0.0259639	n/a	n/a	0.0006741241032100001	0.0925997	n/a	n/a	0.008574704440089998	0.0200181	n/a	0.0004007243276099999	n/a	0.00166878	n/a	2.7848266884e-06	n/a	0.0006149290000000001	n/a	n/a	3.7813767504100005e-07	-0.000582341	n/a	n/a	3.39121040281e-07	0.0	0.0	0.0	0.0	0.0	0.0	0.0	0.0	0.0	0.0	0.0	0.0	0.0	0.0	0.0	0.0	0.0	0.0	0.0	0.0	0.0	0.0	0.0	0.0	0.0	0.0	0.0	0.0	0.0	0.0	0.0	0.0
8225.212189194488	-60.047670656224	3605.7227512383447	67654115.55727358	10698.222163971715	-342.94750002100955	114451957.46969566	117612.98777066036	6213.852968520286	-11.493105700311391	132.09147863853016	38611968.71438836	6584.541603844979	11062.585301089684	0.8641069999999998	43.486431	0.021682400000000004	0.0124239	-0.051283255	0.04728806730000002	-0.1185699149	0.0088276726	-0.10840728289999996	-0.2626180692	0.1948736347	-0.0365874628	0.1002383749	-0.1277305772	-0.0593629441	0.0453233316	-0.0332033674	-0.031209018300000002	-0.0694214792	0.0038078056	0.042605678499999994	-0.0580063942	-0.0454156914	0.0742086889	0.0009232741999999999	0.0260726818	0.027021252599999997	-0.0740828974	0.0045642203000000004	0.0087221617	-0.0100158911	-0.0072729639	-0.0028968941999999998	-0.0797675865	0.071435039	-0.1233395622	-0.0121045	-0.0330038358	-0.0728422487	0.0280843005	0.014318513400000003	0.0195984128	0.0314209856	-0.1303096738	0.025593783399999997	-0.0249545523	0.0405520425	-0.0053892736	0.0228114412	-0.0769971397	0.00034315800000000004	-0.1212768036	-0.0655058826	0.0228021302	0.0081463487	0.069878071	0.0084155397	0.044624015	-0.032402058	0.11200187689999999	-0.0307250203	0.0801220046	-0.0873025058	-0.04854626150000002	-0.0369624708	-0.05187948059999999	-0.016841440200000002	-0.0428777804	-0.0728281613	-0.0631650811	-0.1076638751	-0.0214284711	-0.0027062667	-0.08201244320000001	-0.06795158400000001	-0.0097513382	0.0270464627	-0.045520689	-0.0487732284	0.0204766985	-0.0341806453	0.071761377	0.0655495856	-0.05259123	0.0047718841	0.0196619385	0.0113396902	0.036911524	0.029937745099999996	-0.0760315256	0.0228749843	0.055288968099999995	-0.0815386202	-0.07794067959999999	0.0712115573	-0.0303541804	0.0940837668	0.1072330426	-0.0361148481	-0.096004779	0.019042021399999998	-0.1336427063	-0.0412529675	0.0591354178	0.1899951797	-0.0190352372	0.0093010637	-0.0123701473	-0.0190644046	-0.0073468286	-0.0317707556	0.1153009718	0.1518104942	-0.1620071411	-0.027552683900000003	0.0831631841	-0.1126342554	-0.0043768434	-0.032942978399999996	-0.0671278386	0.0875939595	-0.0760454647	0.2453405225	-0.1332744554	0.030091628500000002	-0.0902708411	0.0882499626	-0.0697562144	-0.0786776424	-0.030778859199999998	-0.1332125583	0.012445951299999999	-0.0543087118	0.0120199706	0.023127994	-0.001867752	0.031211516	-0.0469384211	-0.0378595313	0.0017143325	-0.010319001	-0.030741258100000002	-0.044610047300000004	0.0183975506	0.11584258970000001	0.048192270999999995	-0.011436553899999998	0.0657127947	-0.0382805611	0.0151504402	-0.0154585499	-0.11329223570000001	0.0454957566	-0.005665685699999999	0.0136545224	-0.021545908	-0.0840556306	-0.0577258488	-0.0066973328000000006	0.0043434499	0.049693740599999994	-0.0156209151	-0.0768301357	0.0046946132	-0.0319095724	0.06498843160000001	-0.0179957595	0.0034335689	0.0010094676	-0.0182631187	0.0992075749	-0.0485892977	-0.0353497318	0.011716466699999999	0.12439861460000001	0.07794406059999999	0.1191378755	-0.0075256648	-0.07807501480000001	0.0926397326	0.0438961719	-0.0728896869	-0.0728300263	0.098032903	0.09795742199999999	0.0978316635	0.0190077	-0.0069562000000000035	4.838871844000004e-05	0.00036129265929	0.09309700000000004	0.0004973000000000477	2.4730729000004746e-07	0.008667051409000008	0.0208473	0.0008292000000000023	0.00043460991729	6.875726400000037e-07	0.00164318	-2.559999999999997e-05	2.7000405124e-06	6.553599999999986e-10	0.000563384	-5.154500000000006e-05	2.6568870250000064e-09	3.17401531456e-07	-0.000391492	0.00019084900000000004	3.642334080100002e-08	1.5326598606399998e-07	0.0	0.0	0.0	0.0	0.0	0.0	0.0	0.0	0.0	0.0	0.0	0.0	0.0	0.0	0.0	0.0	0.0	0.0	0.0	0.0	0.0	0.0	0.0	0.0	0.0	0.0	0.0	0.0	0.0	0.0	0.0	0.0
8209.339930027743	-15.872259166744698	251.9286110563111	67393262.08674791	10542.083115297535	-156.13904867418023	111135516.4098414	24379.402520878022	6217.115999256088	3.263030735802204	10.647369582789873	38652531.34820602	6568.368093223829	10897.66610467969	0.788589	39.685955	0.04800595	0.0302742	-0.043429823799999996	0.0435337146	-0.1145441214	0.0050584969	-0.1128315981	-0.1460360057	0.061150045	-0.0524219581	0.039366828799999996	-0.0692741101	-0.0052341265	0.07411076030000001	-0.0277364548	0.0094392813	-0.04799800519999999	0.06927244	0.0517078024	0.012805195600000001	0.06835030219999999	-0.0199267926	0.0654620686	0.0829338322	-0.062256137	-0.005520553	0.0254953923	0.0662893983	-0.013701121200000001	-0.0129370298	-0.0686840009	0.0046601329	-0.0093462514	-0.0254069362	0.033337712900000004	0.0035133354	0.0767849999	0.0550707978	0.0115528327	0.0687363043	0.0315408624	-0.1213924326	0.0161347915	-0.021903093399999997	0.0323618467	-0.0148665954	0.0240839366	-0.1195577998	0.0123275822	-0.0955888133	-0.0214045892	-0.0080799032	-0.0248006529	0.025649574100000003	-0.0596604747	0.0024039953	-0.024343943	0.050140678	-0.0526056314	0.0315496713	-0.0458593916	0.0201482995	-0.061581823099999995	-0.062048132199999995	0.0694440709	0.0298216858	0.047023132599999996	-0.0206736894	-0.0983740921	0.1130483607	-0.0083510456	-0.0263301131	-0.057699681100000004	-0.0464963932	0.022986870299999997	0.0943384211	0.047608553899999996	0.0520752816	0.0185955429	-0.12280637470000001	-0.0587682429	-0.1590532982	0.011277143100000001	0.021568373199999998	-0.10926118189999999	-0.14715433519999999	0.0709309947	-0.1249653466	-0.0414015508	0.21553862350000005	-0.0815549981	-0.0678890848	-0.08150592	0.0561390631	-0.0377544217	0.0392501779	0.0340289975	0.07554677679999999	-0.016213525700000002	-0.0357184613	-0.0675201874	-0.0265372491	-0.021038225299999998	0.0652665728	0.061108915199999995	0.07519724059999999	-0.012838413500000001	0.0076447115	-0.1582110247	0.1003023399	0.0275457929	-0.0161017057	0.1072775063	0.0656559046	-0.1128901684	-0.0023691524	-0.029317804300000007	-0.0473150383	0.0613778152	-0.0670723696	0.1535695931	-0.039801356	0.0055582542	0.0038520542	0.047326525300000005	-0.0150267535	-0.0387963018	0.0052363168	-0.0097250637	0.0549226164	0.0036032469	-0.010486011100000001	0.026424805699999998	-0.0141990749	0.0597016331	-0.0125077644	0.018592589099999998	-0.0646696229	-0.0027080153000000004	-0.0158384612	-0.0120088345	-0.0100033776	0.0103225723	0.0506557112	0.0748139853	-0.0170467489	-0.1171385903	0.0907752523	-0.0507621327	0.038347692	0.0158398115	0.0015214668	-0.053822880499999996	-0.0130625197	0.0221272929	0.1023007436	-0.0475882492	0.0061398372	-0.16522393529999999	0.0089842933	0.0042525359999999995	-0.1539507526	-0.0262851256	0.0766917266	-0.1411474633	0.027669653	0.11019171650000001	-0.0585638666	0.1408709726	0.0426311091	0.0249940044	0.0232673817	0.004760325300000001	0.041427845899999996	0.0016996072	0.0495626367	-0.0629400138	0.033056230299999996	-0.0207845924	0.0167264866	0.0177364101	0.09798817119999999	0.0977785816	0.0974295977	0.0185119	-0.0004957999999999976	2.4581763999999765e-07	0.00034269044161000013	0.0662063	-0.026890700000000045	0.0007231097464900023	0.00438327415969	0.0331656	0.012318300000000004	0.0010999570233600005	0.0001517405148900001	0.00159493	-4.82499999999999e-05	2.5438017049e-06	2.3280624999999904e-09	0.000450203	-0.00011318099999999995	1.2809938760999993e-08	2.0268274120900004e-07	-0.0003869	4.591999999999986e-06	2.108646399999987e-11	1.4969160999999998e-07	0.0	0.0	0.0	0.0	0.0	0.0	0.0	0.0	0.0	0.0	0.0	0.0	0.0	0.0	0.0	0.0	0.0	0.0	0.0	0.0	0.0	0.0	0.0	0.0	0.0	0.0	0.0	0.0	0.0	0.0	0.0	0.0
8214.877625793395	5.537695765651734	30.666074392917142	67484214.40676093	10459.740955569616	-82.34215972791934	109406180.85762036	6780.231268658184	6220.304737745138	3.1887384890496837	10.168053151546856	38692191.030414596	6562.1410996366285	10969.287017984469	0.7908729999999999	39.800911	0.03600195	0.017107899999999995	-0.050554660999999994	0.05194611230000002	-0.1118212651	0.0064211196	-0.095929907	-0.09314380369999999	-0.034723233799999996	-0.0708834549	-0.0015181410999999998	-0.0301054575	0.0282846508	0.0413999685	-0.0269329635	-0.0376324647	-0.0146034528	0.07812799969999999	0.0516965536	0.076646881	-0.030471288500000002	0.0916785017	0.0196733082	-0.032422832	0.021135395499999998	0.0173542131	0.002006084	0.08961302	-0.0369320459	0.0793868755	-0.049431004	0.0516933855	0.0312499302	0.0116477393	-0.0046476204	-0.0656349812	-0.0560705251	-0.0772383342	-0.0772766552	-0.0045364178	0.0360458918	-0.1228134736	0.022307123199999997	-0.0463488909	0.0432791374	-0.0046580651	0.0331953323	-0.07928392440000001	0.033731930699999996	-0.0782754037	-0.0876619526	0.024345330800000002	-0.0397666888	0.0810026044	0.038406715699999996	-0.0095951253	0.0052078001	0.006200556800000001	-0.0696282029	0.0319910279	-0.0144896123	0.0491913772	0.0628852647	0.036884992400000004	-0.0553646886	0.055973132099999996	0.10622767400000001	-0.0786054101	0.0285381132	0.1297172233	0.0993798142	-0.04361628769999999	0.0382896221	0.106500963	-0.08718157550000001	0.0254416557	-0.0326660798	-0.0059365876	-0.1238967138	0.007679526099999999	0.0512866899	-0.0178542585	-0.0064177953	-0.0025817631	0.0265173304	0.129127238	0.0597732507	-0.0246613395	-0.024448860299999996	-0.0506814501	-0.0253319667	-0.016705448300000002	0.0723830715	-0.0431986006	-0.0812878309	-0.0240866023	0.0198579323	-0.08351238679999999	0.0763319598	0.0412913201	-0.08685716789999999	-0.10276844859999999	-0.0846900826	0.074009455	0.0336191668	-0.1054556211	0.013411279	0.028848398900000002	-0.0265361486	0.0197478245	-0.0404602424	0.027935457799999997	-0.011630442900000001	0.0604997605	-0.11377498550000001	-0.0018832359	-0.0432705972	-0.0371221544	0.0214049084	-0.0764957434	0.0889471293	-0.006878824699999999	-0.0202024921	-0.0236187606	0.043968580800000004	-0.0070580782999999985	0.0538331758	-0.0796483749	0.0461962042	0.0459438744	-0.0086164801	-0.0441952774	0.0442048473	0.042869957599999994	0.0130649302	-0.0051472283	0.0546412999	0.0268288377	0.056163456900000006	-0.0442973213	0.059206123099999994	-0.06422948519999999	-0.12191234810000001	-0.0505002528	-0.0030357515000000003	0.0127348649	0.0348977858	-0.0132832318	0.0157112847	0.0049903769	0.1047970186	0.0298221445	-0.1041834771	0.0655052367	0.0154912726	-0.1336712348	-0.0298252468	0.033324248	0.0792857766	0.0015506282000000001	-0.0007612184	0.0280353551	0.0124826933	-0.04867807	0.0386409593	-0.0774530848	-0.0011580696	-0.0975538637	-0.028947897099999998	-0.028381227999999998	-0.0016706173999999998	0.0134444949	-0.0778229543	-0.0513861965	-0.0461100904	0.0899724876	-0.1011093482	0.1016535291	-0.044103743099999995	-0.1090879761	0.079895035	0.0979210862	0.097510525	0.0968275308	0.0229216	0.0044096999999999964	1.944545408999996e-05	0.0005253997465599999	0.0758237	0.009617399999999998	9.249438275999996e-05	0.005749233481689999	0.0214531	-0.011712500000000004	0.00046023549961000005	0.0001371826562500001	0.00165554	6.061e-05	2.7408126916e-06	3.6735721e-09	0.000563384	0.00011318099999999995	1.2809938760999993e-08	3.17401531456e-07	-0.000418356	-3.145600000000002e-05	9.894799360000012e-10	1.7502174273599999e-07	0.0	0.0	0.0	0.0	0.0	0.0	0.0	0.0	0.0	0.0	0.0	0.0	0.0	0.0	0.0	0.0	0.0	0.0	0.0	0.0	0.0	0.0	0.0	0.0	0.0	0.0	0.0	0.0	0.0	0.0	0.0	0.0
8222.542116608853	7.6644908154576115	58.74441946023408	67610198.8594064	10403.226271115616	-56.51468445399951	108227116.84803014	3193.9095589351336	6223.250770550454	2.946032805316463	8.679109290000786	38728850.15315682	6559.147129095697	11058.510304438954	0.784088	39.459446	0.03494264999999998	0.0159709	-0.0562897443	0.06216264780000001	-0.10244383630000001	0.012181049199999999	-0.0732243401	-0.0467214001	-0.084918608	-0.06312575320000001	-0.0149241842	-0.0317569184	0.0466045978	0.044987568	0.0011009011	-0.0207405122	-0.015889098799999998	0.0134263293	0.0884608974	0.0722306917	0.0094964957	0.10179854640000001	0.08169275299999999	0.0946469933	-0.062374368099999994	-0.0090871901	-0.0165323254	0.046627980199999995	0.0010261302	0.0024397745	-0.0943950664	0.027564197599999996	-0.023437430699999998	-0.0822563454	0.0625437253	-0.0572454042	-0.0378825837	0.024706507000000003	-0.013713380800000001	0.0734237926	0.0399274579	-0.1154215147	0.0213562329	-0.0287387346	0.046267794400000006	-0.0069285373999999995	-0.0030184069	-0.0947809297	0.0120706773	-0.0872584639	-0.0404277109	0.015411095900000001	0.0464477704	0.0720169292	-0.014430773400000001	-0.0108843081	-0.040680256899999996	0.0727361476	-0.131674443	-0.0085129185	0.0151007222	0.033171209900000005	0.0928636559	3.0344e-05	0.1243985132	0.0090090391	0.0009909799	0.0733515179	-0.061470318899999994	-0.019934236799999998	-0.0530379654	0.0800418262	-0.1473352683	0.07366628	0.0201976834	0.0196429329	0.0887438232	0.0867816374	-0.0030548399	-0.10272412199999999	-0.09554014970000001	0.0180321971	-0.0840871381	0.049902174400000006	-0.1180478019	-0.0479304759	0.0750267885	0.050355474500000004	0.0183444217	0.0047449697	0.028626351600000002	-0.10737060050000001	0.0978163129	-0.0809820181	-0.1169126804	0.0682294547	0.06780639299999999	0.0019205723	-0.10778046390000001	0.17220888059999995	0.0216193789	0.0157364486	0.038376924900000005	0.055526211900000004	-0.032790544500000005	-0.0334819827	0.0712603875	-0.0289424969	0.1237740583	0.0595943117	0.02090664	0.0475276529	-0.0334341507	0.058837202400000004	-0.1119889219	-0.007369400600000002	-0.0401822972	-0.044668273499999994	0.026749661299999998	-0.0434647416	0.0521714508	0.0291581037	-0.0152934273	0.0358567304	-0.0250663924	-0.053157615899999996	0.049899420599999994	-0.0976705526	0.0996100749	0.0396517311	-0.0257493094	-0.0495577505	0.0796271704	-0.0556964342	0.0653538489	-0.0532546833	0.15772880890000002	-0.0820561199	-0.0628233336	-0.0459683574	0.0845482832	0.050214882999999995	-0.007278149100000002	-0.019968853600000003	0.0128301608	0.0596118025	-0.046839031600000004	-0.0494823255	-0.051076026	-0.0040741342	-0.1208561311	0.0053409066000000005	-0.0095626197	0.0929149894	0.134432405	0.0683771513	0.0046353904	-0.1066242273	-0.0366366694	-0.0229602992	-0.1061668982	0.0171755401	0.0681539848	0.0591260591	-0.038325434900000004	-0.023075255899999998	0.2113055002	-0.0158925335	0.0251983386	0.102673709	0.021510748599999997	-0.0725934465	0.0169006367	-0.0183792538	-0.023276745699999997	0.0131277025	-0.132002955	0.0286741398	-0.0017247369	0.08394744119999999	0.058793705999999994	0.0978316635	0.0971534967	0.09602669890000001	0.0183916	-0.004529999999999996	2.052089999999996e-05	0.00033825095055999997	0.0669303	-0.008893399999999996	7.909256355999993e-05	0.00447966505809	0.0124327	-0.009020399999999998	0.00015457202929000004	8.136761615999996e-05	0.0015215	-0.00013403999999999998	2.3149622500000004e-06	1.79667216e-08	0.00064063	7.7246e-05	5.966944515999999e-09	4.104067969e-07	-0.000457047	-3.8690999999999986e-05	1.496993480999999e-09	2.0889196020899998e-07	0.0	0.0	0.0	0.0	0.0	0.0	0.0	0.0	0.0	0.0	0.0	0.0	0.0	0.0	0.0	0.0	0.0	0.0	0.0	0.0	0.0	0.0	0.0	0.0	0.0	0.0	0.0	0.0	0.0	0.0	0.0	0.0
8224.36860875661	1.8264921477566527	3.336073565816712	67640239.01270112	10394.849450988948	-8.376820126668463	108052895.10872523	70.17111543455783	6232.5538156003295	9.303045049875436	86.54664720001186	38844727.06435423	6568.287646240164	11117.944067928516	0.780749	39.291405	0.02094795	0.0110046	-0.0571672924	0.0625216187	-0.1006260686	0.0149078551	-0.0538682654	-0.0401843534	-0.09363675910000001	-0.06427332179999999	-0.025644385099999997	-0.0387574546	0.0550303658	0.0538284345	-0.0405808597	0.0217011314	0.021321767999999998	0.0427904618	0.0226239006	0.0686082323	-0.0314977553	-0.0126089048	-0.0065888066	0.0789091254	-0.0144105685	0.024934981800000002	-0.059676117	0.06703895259999999	-0.0689134629	0.0084085914	-0.02162516	-0.0185907196	-0.0047542443	0.0853958449	0.0331439575	-0.0032970934	0.0415943051	-0.0067874212	-0.010737648999999998	0.039652521600000004	0.053490107599999996	-0.11860810349999999	0.0203207443	-0.0278198052	0.0332982729	-0.0288326138	-0.0298535554	-0.0708156818	-0.012769463799999999	-0.07426324940000001	-0.0064004647	-0.0140431195	-0.0233798835	0.060126960300000004	-0.0598565858	-0.0113310078	0.0105682243	0.0292009352	-0.09262418289999999	0.0846152112	-0.0312225228	-0.0396451172	0.052351867999999996	-0.0047689131	0.017035088700000003	0.0161269982	-0.0023595927	-0.013251868799999999	-0.0088669438	-0.06238896450000001	-0.0237522913	0.0319704045	-0.0058699231000000004	-0.06307618129999999	-0.0754519545	-0.1360598039	-0.09624955439999999	-0.015471128999999997	0.0058994107	0.1116332798	-0.0300528774	0.0161556814	-0.0803982911	0.08561713859999999	-0.1017425917	-0.034999477	0.041769664	0.0485239259	0.0330845833	0.0211836377	0.1184434297	0.0262257994	0.0470711464	0.0032139133	0.0834714453	0.0199338926	-0.0465147593	0.0455436687	-0.0062641211	-0.0549944638	-0.0440264825	0.1877395475	-0.0352573996	0.0957581619	0.09248402050000001	0.0204811599	-0.1021425384	0.0606864887	0.0111748618	0.0625578294	0.0298706859	0.0959969774	0.0255154363	0.0655216592	-0.10885513390000001	-0.0096240323	-0.0415285097	-0.0473861016	0.0291113384	-0.0041620375	0.046981384800000005	0.028478572400000002	0.0013099013000000001	0.039361209	-0.0027083095	0.0040126536	0.0224503367	-0.049058847999999995	0.0727848339	0.0806847572	0.023505101400000002	-0.0013617130999999999	0.0165527726	-0.0305173108	0.0414171102	-0.0946772755	0.0821876403	0.0036092440999999998	-0.0118154511	-0.0416253788	-0.0032222228999999997	0.0503808551	-0.0947232922	0.0188281084	-0.0931780558	0.0576890921	0.0343946183	0.1135861165	0.0413085332	0.051409280099999996	-0.0354722305	-0.0475091176	0.0986355856	-0.0164219672	0.0327648149	-0.0582170965	0.050209402599999994	-0.0394733399	-0.0035972676	0.0408794809	0.0948220885	0.014994535600000001	-0.0117772317	0.0783741856	0.0382520833	-0.019078674099999998	-0.0130034928	0.09063587279999999	-0.0276723521	0.0004444219	0.0488212626	-0.062407654000000014	0.0716004942	0.0776856081	0.11046387699999999	-0.053862638899999996	0.0192671952	0.013258198700000001	0.0237329977	-0.006342801899999999	-0.053196484100000004	0.0977199233	0.09670782259999999	0.0950287458	0.0180995	-0.00029210000000000005	8.532240999999999e-08	0.00032759190025000005	0.0622428	-0.004687499999999997	2.1972656249999972e-05	0.00387416615184	0.0208495	0.008416799999999999	0.00043470165025	7.084252223999998e-05	0.00144859	-7.291000000000002e-05	2.0984129881e-06	5.315868100000005e-09	0.000563384	-7.7246e-05	5.966944515999999e-09	3.17401531456e-07	-0.000457922	-8.750000000000076e-07	7.656250000000135e-13	2.09692558084e-07	0.0	0.0	0.0	0.0	0.0	0.0	0.0	0.0	0.0	0.0	0.0	0.0	0.0	0.0	0.0	0.0	0.0	0.0	0.0	0.0	0.0	0.0	0.0	0.0	0.0	0.0	0.0	0.0	0.0	0.0	0.0	0.0
8223.495573057664	-0.8730356989453867	0.7621913316330599	67625879.440099	10384.924987674694	-9.924463314253444	107846666.99963026	98.49497207596242	6237.343355435219	4.789539834889184	22.939691829990306	38904452.13359188	6569.554186222547	11118.479895553113	0.7803919999999999	39.273415	0.013457600000000007	0.00770338	-0.0572903623	0.0660943571	-0.1010621946	0.0170367275	-0.0560583597	-0.023729867400000004	-0.10431112769999999	-0.061268219299999996	-0.0147544787	-0.0331447369	0.0299046572	0.0629003242	0.011030996000000001	-0.0184589349	0.0031901275	0.025326469900000002	0.0432047581	0.0400225677	0.0142415635	0.09737433460000001	-0.031822908	0.0366064578	-0.024460221400000003	0.041537575099999995	-0.016906553600000002	0.0848364775	-0.11168036099999999	0.0629769768	-0.011965688	-0.0131186643	-0.027746142	-0.0181123234	0.0721038666	0.0014782664000000001	-0.0027174191999999996	-0.030504632099999998	-0.0442471599	0.0372584464	0.06134633	-0.12175957539999999	0.0222393002	-0.0241651433	0.0297053215	-0.0252494662	-0.0391001167	-0.0722809969	0.021514591099999997	-0.0776823717	-0.034486702200000004	0.020987791800000002	0.0452098899	0.0774368608	0.0248926969	0.0597133751	0.029294373500000002	0.08780114039999999	-0.007878688	0.029855535099999997	-0.0474078959	-0.004516508	0.0111716833	-0.0139819419	-0.024935235400000002	0.021520199900000002	0.0329754638	0.0535667709	0.032230787000000004	0.0289567038	-0.0426158094	-0.027935140600000002	-0.0604003263	-0.0168831779	-0.0819285254	-0.1340125922	0.0505642101	-0.0273160983	-0.0726114473	-0.0072189011	-0.0078261664	-0.0022578838	-0.009724272800000001	-0.0044390145	0.0749474125	0.026735280400000002	0.0550766572	0.0842390012	0.0320850876	-0.0697461246	-0.0407606035	-0.0405214527	-0.0290409319	0.0323889393	0.0625839091	-0.1102875141	-0.0810931019	-0.0815144324	0.09628261789999999	-0.0454443725	-0.009244996	0.050386542400000005	0.1027586853	0.0202693256	0.0477063344	0.047007676500000005	-0.040071800299999995	-0.0385875057	0.1070796349	-0.08687327730000001	0.0272270926	0.0503753061	0.0626558939	0.0684187375	-0.1123604046	-0.021038952200000002	-0.040009206400000004	-0.0427632924	0.021324516499999998	0.0042428737	0.036202867	0.0366796491	-0.0030408458	0.011392926599999999	-0.0336978666	-0.0330272737	0.046762575199999996	-0.1091492574	0.07087175820000001	-0.0172292	-0.024076927	-0.0039154342	0.0836071618	-0.0121185757	0.012700759499999999	-0.0807009034	0.0644866331	-0.0268354971	0.0430634374	-0.0190617277	0.013428553400000001	-0.0180422685	-0.0679775585	0.0224664816	-0.041745313799999996	-0.0030433179999999997	0.0320035891	-0.0290392809	-0.0057190404	-0.0277821239	-0.09886184640000001	-0.0767652303	0.09480094060000001	-0.0064762062	0.0684421483	-0.11661172550000001	0.030249249199999998	-0.0223206917	0.0386374156	-0.0045038440999999995	0.0345702344	0.012660160600000001	-0.07048523400000001	-0.055157632000000005	0.0031387278000000003	0.08507589230000001	-0.0711563788	-0.0206247654	0.0468923213	-0.1155232808	-0.0186505853	0.0189242981	-0.046556895599999995	-0.0136802707	0.029705075499999997	0.0705997624	0.0029868183	0.0882534891	-0.021847992799999997	0.047321965599999995	-0.0649819267	0.0975858912	0.0961739093	0.09383572009999999	0.017777900000000003	-0.0003215999999999983	1.034265599999989e-07	0.00031605372841000013	0.06558600000000002	0.0033432000000000184	1.1176986240000123e-05	0.0043015233960000026	0.014934799999999996	-0.005914700000000003	0.00022304825103999995	3.4983676090000025e-05	0.0015215	7.291000000000002e-05	2.3149622500000004e-06	5.315868100000005e-09	0.000563384	0.0	0.0	3.17401531456e-07	-0.00045327	4.652000000000008e-06	2.1641104000000084e-11	2.054536929e-07	0.0	0.0	0.0	0.0	0.0	0.0	0.0	0.0	0.0	0.0	0.0	0.0	0.0	0.0	0.0	0.0	0.0	0.0	0.0	0.0	0.0	0.0	0.0	0.0	0.0	0.0	0.0	0.0	0.0	0.0	0.0	0.0
8233.912406506637	10.416833448973193	108.51041910364677	67797313.51802392	10384.532284439538	-0.3927032351566595	107838510.76656704	0.15421583090250662	6242.539084054057	5.195728618838076	26.995595880613013	38969294.21594247	6574.9048265756055	11109.343938450507	0.782381	39.373543	0.023999360000000008	0.0136816	-0.0548340212	0.06496441509999999	-0.09580164349999999	0.024688487599999996	-0.048559572300000006	-0.0219962624	-0.09679238650000001	-0.069666493	-0.0331739401	-0.0123610701	0.0421479776	0.052822824000000004	-0.002128255	0.0322658951	0.0247123264	0.0245672438	0.0317922921	0.0542532226	-0.0257792602	-0.0231689094	0.0435872992	0.1021087852	-0.0638896159	0.046356412400000005	-0.0121417004	0.10602890640000001	-0.11074457189999999	-0.0193627224	-0.055989472400000004	-0.0183731076	0.0024860308	0.0046522615	0.0165271364	-0.019231484	0.0353996916	-0.0090982589	-0.0217570925	0.0959781679	0.0573433379	-0.11243939359999999	0.0249042955	-0.0247922283	0.014424293700000004	-0.0196783435	-0.0653481088	-0.1049343313	0.0299683667	-0.06359656030000001	-0.0100086682	0.0069713291000000005	0.006877496800000001	0.07403844820000001	-0.0184673136	-0.028108284700000003	-0.0363713427	0.0205591042	-0.0551209417	0.0117800434	-0.0567111142	0.0196822749	0.016266326	0.007470699599999998	-0.0214786194	0.09746534189999999	0.0200766044	0.0351190214	-0.0179664223	-0.0092550388	0.0364320025	-0.0191672375	-0.0225837223	0.076265475	-0.0282339608	-0.0344979122	0.0375148921	-0.0445032175	0.1001476132	-0.09712611289999999	-0.1120423348	0.010132281	-0.0384657682	0.0666411267	0.050759974699999995	-0.0759801609	-0.0013779252	0.026719487400000002	-0.0965361718	-0.1397960125	0.02779071	0.046879564299999996	-0.09553989449999999	0.0037065059999999996	0.0376632619	0.0334898433	0.062227079299999995	0.042621897199999995	-0.083634228	0.0260034863	0.0826388141	0.0033315348	-0.0312532383	-0.0217770839	-0.0027837749	-0.07056716019999999	0.1345250495	0.0214717294	-0.1081450323	-0.0965955769	0.0334457458	0.0164352093	0.0467585325	0.064566704	-0.1035597227	-0.014067343400000001	-0.0383759377	-0.0413305974	0.014109109	0.0264440426	0.0540783598	0.062172461100000014	-0.0349274393	0.037703933700000004	-0.0445162052	-0.008802189399999999	0.042381293	-0.0638485635	0.1063280975	0.09864214689999999	-0.011330432199999999	-0.0106949174	0.0763316433	-0.0285678407	0.047683856600000005	-0.050035507199999996	0.0640207397	-0.0507448821	0.0744244179	-0.0069466972	0.0133554727	0.001501014	0.0073083363	0.0047844083	-0.07043852490000001	0.048058925700000005	0.0147448727	0.0176625405	0.0048077523999999995	-0.014426651399999999	-0.0352979034	-0.0358914617	-0.023450561	0.024043445400000002	0.13145771380000001	0.0492914604	0.0675571704	0.0756371782	0.0019441359	-0.027190726000000002	-0.002534065	-0.1279531096	0.0116611766	-0.0160115318	-0.0563490736	0.011533489	0.0030347664	-0.031035520299999998	-0.0611567518	0.051562127400000005	0.020467968700000002	0.0053969614	-0.0078857535	0.0086627151	-0.0189277994	-0.0846691656	0.0464014533	-0.09080962390000001	0.0068956729	0.0304212717	-0.0391670961	0.0974295977	0.0955522439	0.0924500708	0.0229308	0.005152899999999995	2.6552378409999952e-05	0.0005258215886399999	0.054441599999999986	-0.011144400000000028	0.0001241976513600006	0.002963887810559999	0.00914724	-0.005787559999999999	8.367199961759999e-05	3.349585075359999e-05	0.0015215	0.0	2.3149622500000004e-06	0.0	0.000563384	0.0	0.0	3.17401531456e-07	-0.00041498	3.828999999999996e-05	1.466124099999997e-09	1.722084004e-07	0.0	0.0	0.0	0.0	0.0	0.0	0.0	0.0	0.0	0.0	0.0	0.0	0.0	0.0	0.0	0.0	0.0	0.0	0.0	0.0	0.0	0.0	0.0	0.0	0.0	0.0	0.0	0.0	0.0	0.0	0.0	0.0
8241.971308644532	8.05890213789462	64.94590366816247	67930091.05251965	10381.104949694452	-3.427334745085318	107767339.97657068	11.746623454869043	6233.430875569672	-9.108208484384704	82.9594617950175	38855660.48050529	6565.293809574352	11217.139934152714	0.78923	39.718193	0.007498440000000005	0.00499238	-0.0619766451	0.0683697775	-0.1015725298	0.0395902669	-0.036530633199999996	-0.0213735533	-0.1116615716	-0.0733530778	-0.027672228700000003	-0.0317614281	0.0534993026	0.0606094316	-0.0229100577	-0.0037087917999999997	0.0276752941	-0.013295133600000002	0.0348920705	0.0823242059	0.0362950592	0.12962232769999998	0.0119057074	0.0018756560999999999	-0.0163324928	0.08327138690000001	-0.004005026599999999	0.0313936657	-0.06116844690000001	0.1295760664	0.0109758342	-0.0067039443	-0.0186154194	-0.0369267978	0.0206047691	0.0901890835	-0.0209296868	-0.0028444389000000002	-0.1249444933	0.0149979899	0.045743514900000004	-0.1257781161	0.0234386448	-0.0207747276	0.026693545	-0.010849721100000001	-0.044879993300000004	-0.1093864428	0.0332942381	-0.0758453724	-0.0497223096	-0.0023961093	0.022912534900000003	0.0902663579	-0.013579518899999999	-0.0043388005	-0.009244970600000001	0.09412093630000001	-0.0405975752	0.030601180899999997	-0.0191707776	-0.1070641197	0.0721097744	0.1071774348	-0.0337713566	0.1721439714	0.0550376465	0.0068666694	0.0699823213	0.0152344054	0.12587679699999998	0.1846783096	0.0400726771	0.0428658308	0.1394953418	0.0084471397	0.0411672935	0.032507041800000004	-0.0131329516	-0.0100032188	0.030718455099999997	0.026304310600000002	-0.0333559315	-0.0838626401	-0.0242903499	0.0038238035	0.0049965356	0.0337732025	0.0456791255	-0.0100719612	-0.11331538810000001	0.0168948712	-0.050719504500000005	0.0987710102	-0.0852534506	-0.028995403700000002	0.066764614	0.0382837772	0.0625486508	-0.006923304599999999	0.0459631649	-0.0050431093	0.0635718503	-0.18288662460000002	-0.005960958299999999	0.0616862052	0.0182272195	-0.08683339359999999	-0.006203674100000001	-0.028506851899999998	-0.1476803723	0.0342234981	-0.0199396524	0.055294694900000003	-0.11705057	-0.010564780400000001	-0.0332099513	-0.0459723352	0.013694636000000001	0.0055835078	0.0554660162	0.0467006545	-0.0378139512	0.0475995	-0.026671510899999997	-0.0244008214	0.068745408	-0.0779920725	0.1364607028	0.033135298	-0.0386077821	0.0053418495	0.11641340130000001	-0.0347639336	0.0411666866	-0.1273231581	0.07760482	0.039740158399999996	0.07307263259999999	-0.1070947258	0.0558447671	0.0478374179	-0.0352859216	-0.0438632642	-0.0268290559	-0.0006810106	0.11998891589999999	0.0162241487	-0.06657707339999999	0.11673074539999999	-0.0756412912	0.0481980282	-0.1224446533	-0.0085781163	-0.0849875302	0.0746127363	-0.0816080206	-0.0409756711	0.1046495464	-0.088997584	0.0199661121	-0.029218402	0.054877387199999995	-0.0443322212	-0.08369260070000001	0.0384426525	0.0177487952	0.0277858733	-0.0524260826	-0.021806645099999997	0.005793879300000001	0.0740645502	-0.058491263200000004	-0.1031528435	-0.0706349952	-0.0808172764	0.09574104900000001	0.0365167509	-0.09298912	0.0426179155	-0.014696703200000001	0.09725107849999999	0.09484339369999999	0.0908746423	0.0228981	-3.269999999999662e-05	1.069289999999779e-09	0.00052432298361	0.0549605	0.0005189000000000096	2.6925721000001e-07	0.0030206565602499996	0.0070896	-0.0020576399999999995	5.026242816e-05	4.2338823695999985e-06	0.0015215	0.0	2.3149622500000004e-06	0.0	0.000651974	8.859000000000003e-05	7.848188100000007e-09	4.2507009667600007e-07	-0.000405786	9.194000000000019e-06	8.452963600000038e-11	1.64662277796e-07	0.0	0.0	0.0	0.0	0.0	0.0	0.0	0.0	0.0	0.0	0.0	0.0	0.0	0.0	0.0	0.0	0.0	0.0	0.0	0.0	0.0	0.0	0.0	0.0	0.0	0.0	0.0	0.0	0.0	0.0	0.0	0.0
8239.25834655458	-2.7129620899522706	7.360163301518193	67885378.1012693	10366.365805145284	-14.739144549168484	107461540.00608544	217.24238204128312	6225.950760463532	-7.480115106140148	55.95212200110603	38762462.87171643	6557.97059307918	11196.304593965733	0.7853829999999999	39.524616	0.02896685	0.0160064	-0.0576646735	0.0646916607	-0.0989536652	0.043662304400000004	-0.028207938999999998	-0.006922800000000001	-0.10732228740000001	-0.0697015433	-0.037803934	-0.0206767775	0.0366541435	0.0439984995	-0.0132579525	-0.0182433936	0.0321595799	0.011798840500000001	0.0397819236	0.0644992164	0.0188344608	0.0896349927	0.0890935284	0.028979651600000007	-0.082265847	0.0528291129	0.0081988345	0.09245841960000001	-0.048520647800000004	-0.0096543372	-0.0710677423	0.08701619140000001	0.0072463248	-0.0541157774	0.0113886394	-0.0506654206	-0.084884691	0.0296181387	-0.042289473	0.0615947237	0.036215216200000004	-0.1283724322	0.0140242161	-0.0337130878	0.0279799346	0.0027466812	-0.0029718489000000003	-0.0811406871	0.0329207286	-0.0561701504	-0.052798739500000004	-0.0021402265	0.022739923	0.055445291900000006	-0.006293776899999999	0.0938039285	0.0028176442	0.10918563880000001	-0.0177414877	0.0700592541	0.039785052200000004	-0.055183738899999994	0.053953304900000006	0.0714245158	-0.0153014029	-0.0178562932	-0.018839881399999998	0.0287646903	0.039009017	0.0407821569	-0.025186854100000003	-0.0139003631	-0.0733458993	-0.0592041772	0.0419556668	0.0558162683	0.0667083004	0.0069883803	-0.0056456410999999995	-0.0107700077	-0.11575251939999999	0.0921191893	-0.021861745099999996	0.0768492121	0.0896174716	0.0622949264	-0.0744131595	0.0205679295	0.0659762201	-0.0611378197	0.033903812799999995	0.0208991177	0.09325483550000001	-0.1183702894	-0.0206699313	0.022730318500000003	0.027373645	0.0359264714	-0.0100781324	-0.0897168686	0.05271065900000002	-0.19215931690000002	0.0349749584	-0.10181122710000001	-0.1245335696	0.0642267332	-0.0257239134	-0.0149352505	0.009841895	-0.1821006212	-0.0785842871	0.00041689419999999997	-0.08772047300000001	0.0467580511	-0.12157431210000001	-0.0031073690999999996	-0.039880046	-0.0362757591	0.0035741925	-0.0137762603	0.0247058806	0.0376093287	-0.0412202027	0.0357543914	-0.0092795585	-0.0180314084	0.0733705254	-0.08148831	0.0788474018	-0.0416274501	-0.0188021143	-0.009014893199999999	0.0753101806	-0.0964600646	0.0267329919	-0.13074602970000002	0.1219481543	0.028330749300000006	0.0398454978	-0.0301235096	0.009967916	0.0228480428	-0.0162593051	0.053152779000000004	0.0028814179999999997	0.0128354389	-0.0354296049	-0.08629875890000001	-0.036612339300000005	0.021541255699999998	-0.053510816600000004	0.0279617168	0.00026879650000000003	0.0745723088	0.0387223204	0.0687954567	0.08460139259999999	0.012130128700000001	0.0153712643	0.0690292505	-0.10903127970000001	0.032983158900000004	0.046094114000000005	-0.128614835	0.1056958103	-0.042014029	-0.0198647459	-0.0641039699	-0.063925068	-0.0201156574	-0.0337068787	0.0758779898	0.0442512909	-0.0837471508	0.054835769699999995	0.0525134266	0.1178720801	-0.0619080293	0.07360053030000001	-0.033339229	0.025381144799999998	0.09705037429999999	0.0940480054	0.0891126687	0.0229519	5.379999999999968e-05	2.8944399999999663e-09	0.00052678971361	0.0567068	0.0017462999999999992	3.049563689999997e-06	0.0032156611662400004	0.0147752	0.007685600000000002	0.00021830653504	5.906844736000002e-05	0.00128253	-0.00023897	1.6448832009000004e-06	5.710666090000001e-08	0.0005061859999999999	-0.0001457880000000001	2.1254140944000033e-08	2.56224266596e-07	-0.000410651	-4.865000000000002e-06	2.3668225000000013e-11	1.68634243801e-07	0.0	0.0	0.0	0.0	0.0	0.0	0.0	0.0	0.0	0.0	0.0	0.0	0.0	0.0	0.0	0.0	0.0	0.0	0.0	0.0	0.0	0.0	0.0	0.0	0.0	0.0	0.0	0.0	0.0	0.0	0.0	0.0
8250.935132119897	11.676785565317914	136.34732113841682	68077930.55445041	10402.701009770542	36.33520462525848	108216188.29868108	1320.2470951594055	6241.895022528165	15.944262064633222	254.21949278570202	38961253.47226188	6573.556475831358	11038.166095815965	1.048696	52.775898	0.06763865000000001	0.0374453	-0.0413324366	0.024072624700000003	-0.0873961917	-0.0088134583	0.0114262043	-0.0217247792	-0.073847203	-0.006143160999999999	-0.0168459793	0.012129753500000002	0.0477830521	0.0088859093	-0.11792535720000001	-0.0154909089	-0.0020734101	0.0048487739000000005	0.046877025999999995	-0.026752227200000003	-0.081788535	-0.0207547745	0.0078889805	-0.0398713453	-0.0752030802	0.029125411299999997	-0.0025041073000000003	-0.1198095582	-0.0593593678	-0.0260787782	0.0425552263	-0.00961864	-0.0713962163	-0.0640076625	-0.0518062995	0.0549831622	0.09173006480000001	-0.0318901937	0.0052750642	-0.0204699933	0.0538570375	-0.0276931656	-0.0015981994	-0.021472536299999997	0.0201388996	-0.0292773193	0.0017668565	-0.0582769726	-0.0135717106	0.0393169977	-0.0037090387	0.0520836737	-0.040002886800000005	0.0306778618	-0.1145735368	-0.0403736861	-0.0707962617	-0.042213620300000004	0.0294300336	-0.0035140934999999996	-0.00545965	0.0048873368	-0.0534843792	-0.0494308977	0.0589676607	0.0018448287	-0.13324479039999998	-0.055288020300000004	0.0105790237	0.1482460953	-0.142870686	-0.0880517772	0.1647501942	-0.0154851206	0.2047266763	-0.1045913592	-0.0825449486	-0.0484038625	0.0634698702	-0.0148486702	0.0646561917	0.13045261730000002	0.1635198735	0.0197461639	0.1485240312	-0.0838408052	-0.0100988168	0.0028265396	-0.020597231299999998	-0.0392992705	-0.0286146682	0.22759999109999998	-0.1258499923	-0.0179766957	-0.0388029858	0.0322156911	0.047782570499999996	0.0558161354	0.0771449636	-0.11151094519999999	-0.2139535124	0.0367487295	0.0854473474	0.033933273199999996	-0.0387598369	0.013843247099999999	0.0643817006	-0.0052436713	0.1290039008	-0.064482885	0.0007975978999999999	-0.0488293001	-0.0341122575	0.0518276711	-0.023326362000000003	-0.0021497605	-0.0123506037	0.0041973390000000005	-0.008412958	-0.0223690327	-0.0027273466999999997	0.1195653239	-0.0011281556	-0.0163373953	0.023958804500000003	0.011094015300000001	-0.007519495	0.0498832275	0.09957219980000001	0.1002043108	0.009718892199999999	0.0569567883	-0.0194288796	0.015426593899999999	-0.0245712742	-0.0228787168	0.0293618282	-0.0477777328	-0.0375365856	0.054396222699999996	-0.1586337777	0.01845966	0.0521979166	0.15303477099999999	0.085282289	-0.0267652984	0.1679433893	-0.0466059375	0.0761157022	-0.015756846799999998	0.11903015859999999	0.0904066435	0.07876188349999999	-0.1298401002	-0.0222843021	0.0975435326	-0.010065805300000001	0.1635013768	-0.0435518415	-0.0021503621	-0.0766589328	0.0091344123	-0.0115409768	0.1234195899	0.0222262275	0.1561857524	-0.2869458907	0.0351045751	-0.0735910458	0.1182554129	-0.037963409	-0.0213295807	-0.057450097900000004	0.0897016105	0.0565692634	0.1471063011	0.0176806582	0.0222340773	-0.0487107746	0.0832767277	-0.1442448574	0.0968275308	0.0931668048	0.0871677669	0.0141083	-0.0088436	7.820926096e-05	0.00019904412889	0.0732195	0.0165127	0.0002726692612900002	0.0053610951802500004	0.0468058	0.0320306	0.0021907829136399997	0.00102595933636	0.00116962	-0.00011291000000000015	1.3680109443999998e-06	1.274866810000003e-08	0.000441495	-6.469099999999998e-05	4.184925480999996e-09	1.94917835025e-07	-0.000438085	-2.743400000000001e-05	7.526243560000006e-10	1.91918467225e-07	0.0	0.0	0.0	0.0	0.0	0.0	0.0	0.0	0.0	0.0	0.0	0.0	0.0	0.0	0.0	0.0	0.0	0.0	0.0	0.0	0.0	0.0	0.0	0.0	0.0	0.0	0.0	0.0	0.0	0.0	0.0	0.0
8255.971071361992	5.035939242094173	25.360684050064034	68161058.33116607	10386.9882011799	-15.712808590642453	107889523.89145043	246.8923538061673	6243.618226968771	1.7232044406055138	2.9694335441225617	38982768.564136654	6579.011472638227	10912.116322350092	1.062311	53.46106700000001	0.08057815000000003	0.048551800000000006	-0.040559496800000004	-0.0219156829	-0.0511957304	-0.0499335067	0.0803303321	-0.0126269149	-0.0669410594	0.0322844316	-0.0550040408	-0.0060097111	-0.0498058441	0.0063773996	-0.057656583899999996	-0.0135157712	0.0151027527	0.0718027133	0.0366405315	-0.0213661427	0.0451529787	0.0690041709	0.0571559776	0.0365902549	-0.1181232848	-0.0240593927	0.0036760687	-0.08300981889999999	-0.0238937285	-0.043005658499999995	-0.06620858660000001	0.0536193351	0.0367873897	-0.010819456299999999	-0.0123416032	0.0257124175	0.00015868569999999998	0.05921680360000001	-0.0255737757	-0.1397525828	0.0575719962	0.0156639209	-0.032530478	-0.0169474939	0.0497009603	-0.0188432069	0.026910639500000003	0.0369328326	-0.0168944733	0.1566456962	-0.06839798	-0.0985956018	-0.011568314599999999	0.0711488793	-0.11838589140000001	0.1209504106	0.0361846755	-0.08879927789999999	0.08061381849999999	-0.014077999099999999	0.0205808709	0.0568870726	-0.0173402956	-0.06904654959999999	0.089736974	0.1189124402	0.11373079859999999	0.18438605019999998	0.0054946925	-0.0792975413	0.063712237	-0.0435652826	0.0569919588	-0.0731495915	-0.0688314687	-0.0051408135	0.0989674218	0.0466012025	-0.0443271933	0.0790072019	-0.0566234322	-0.1348635023	0.0709940773	0.0058156811	-0.076996994	0.0393676385	-0.1518546626	0.103114322	-0.0312066596	-0.0066787568	-0.05812410780000001	0.0428404823	0.0078881477	-0.017305190800000002	-0.0025326609	0.0860952133	0.0800417674	-0.1171474448	0.0927647737	-0.0895244639	0.0903140946	0.0539911801	0.0020047061	0.032429976	-0.0503564584	-0.1278099915	-0.0915032584	-0.017901158700000003	-0.0586404675	0.0014290363	0.0266854945	0.0647787306	0.1416442783	0.0588447001	0.015164420900000001	0.024560568999999997	-0.0114112117	0.0073334696999999985	-0.0173227438	-0.0102075237	-0.0872471195	0.0566123144	-0.0325700024	0.0067426924	0.1711409675	-0.0455341688	-0.1061583654	-0.0168259254	0.0794171643	-0.0951916394	0.0513974164	-0.046089461799999995	-0.0343906426	-0.0455483411	-0.0509468458	0.0500955814	-0.00787186	-0.1307627355	0.022602707000000003	0.028891025299999998	0.053703747999999996	-0.0109463305	0.1314694133	-0.0633081892	-0.061279564400000014	-0.1425574077	-0.035094402000000004	-0.0105715758	0.055560784	0.17082447609999998	-0.004278219099999999	-0.0220476311	0.0782499226	0.0246331415	0.0223828425	-0.0807761941	-0.0558705785	-0.1053724341	-0.011038668799999998	0.0464351245	0.10770701199999999	-0.0833753632	0.11017697929999999	-0.2086329496	0.0280852717	0.0240167731	0.045731508899999995	-0.0539787503	0.0837042582	-0.0330208681	-0.1564296907	0.0375065283	-0.0200902214	0.0393594044	0.08307627570000001	0.0260582123	-0.0766317975	-0.005274313399999999	0.0359323539	-0.0344443452	-0.0546366982	0.0965825991	0.092200596	0.08504392919999999	0.016798299999999995	0.0026899999999999945	7.2360999999999696e-06	0.00028218288288999984	0.034973800000000006	-0.0382457	0.00146273356849	0.0012231666864400007	0.044519300000000005	-0.002286499999999997	0.0019819680724900003	5.2280822499999845e-06	0.0017721499999999997	0.0006025299999999997	3.140515622499999e-06	3.630424008999997e-07	0.00048034	3.8845000000000025e-05	1.508934025000002e-09	2.307265156e-07	-0.000332341	0.000105744	1.1181793536e-08	1.1045054028099999e-07	0.0	0.0	0.0	0.0	0.0	0.0	0.0	0.0	0.0	0.0	0.0	0.0	0.0	0.0	0.0	0.0	0.0	0.0	0.0	0.0	0.0	0.0	0.0	0.0	0.0	0.0	0.0	0.0	0.0	0.0	0.0	0.0
8283.017770345768	27.046698983776878	731.5239259190373	68608383.38386379	10377.534623064019	-9.4535781158811	107693224.85289247	89.37013919306604	6241.954194634255	-1.6640323345154684	2.7690036103130002	38961992.16791217	6574.99615872916	11039.657099301341	1.0329910000000002	51.985554	0.30387995	0.257324	-0.031261534199999996	-0.0309432499	-0.0351531166	-0.0458218228	0.1415659806	0.0058344498	-0.08556659	0.0096886952	-0.015532875500000001	-0.0363572568	-0.0375166045	-0.022013059300000002	-0.09183951650000001	-0.08537686779999999	0.013473242600000001	-0.0039633201	0.0092084146	0.043339992800000005	0.1118669217	0.0065161074	-0.0444954859	-0.0602806454	-0.052212162	-0.058383754	0.0006677121	-0.1184826409	0.0203968146	-0.0643210369	0.0312973363	-0.0232945689	0.1138628933	0.11326172	0.0254363742	-0.0598114421	-0.0033161911	0.1009107709	-0.0056063778	-0.1178426322	0.0213780128	0.00720456	-0.055175356200000004	-0.0688084032	-0.0128783401	-0.014703810500000001	0.0281295566	0.0767903161	0.053862967000000005	0.1145053439	-0.0715602088	0.07068380519999999	-0.0289643226	0.1260143947	-0.06935633969999999	-0.057387231500000004	-0.0173240688	-0.1437595725	0.0712623949	-0.0774635699	-0.0140797926	0.08066508530000001	0.10325171109999999	0.0043004465	0.0618485474	-0.0881621248	-0.037478393	0.1359570968	-0.1542857209	0.1315337604	-0.0150472057	-0.039446482000000005	-0.0398187828	0.1714218743	0.1164790655	0.1411928311	-0.0059918931	-0.0219127205	0.00029616639999999997	0.06764207679999999	0.0409317556	0.075655965	-0.06364775019999999	-0.1588971651	0.09358676619999999	-0.043858923200000004	-0.1196082148	0.0781267359	0.1511608079	0.083700992	0.1635352253	0.022067004700000004	0.0732891917	-0.0635426163	0.0466594625	0.019070756	-0.0061482765	0.0649235037	0.0618396875	-0.0215470735	0.09746628480000001	0.058293258	-0.062475868399999995	0.00383223	0.014647277700000001	0.0328442794	-0.045001110999999996	0.1206274819	-0.1462430311	-0.029364557200000002	0.0648099982	-0.0037871131	0.018832021100000002	0.029333139900000006	-0.0030199551	0.0506350476	-0.0457485592	0.0570285277	-0.0173378771	-0.016415831999999998	-0.0890527271	0.047100219000000006	-0.030225850699999997	-0.11622200029999999	0.0737579313	-0.0118729157	-0.048724463499999995	0.0156412127	0.1450757534	-0.005662866999999999	-0.060025820199999996	-0.0141893304	-0.0256577344	0.10756633539999999	-0.08500631880000001	0.0958639162	0.0251968147	-0.08226503889999999	-0.154527898	-0.0264881075	0.071352989	-0.053263178200000004	0.1952281995	-0.0029837862	0.0337142388	-0.04101579	-0.0325765976	-0.1116221467	0.0234977465	-0.1336468987	-0.026735369300000002	0.1355609823	-0.150733161	-0.0108994276	0.0645741442	0.056589609400000004	0.011850634099999998	0.0659078432	0.1149137126	0.0425348767	0.011254516599999998	0.1472663848	0.04264777610000002	0.08009186089999999	0.15580110630000002	-0.0694540978	-0.09089110210000001	0.0951815941	0.08838113310000001	-0.0671585423	-0.09629245560000001	0.0342657274	0.06597189769999999	0.0492970011	0.10861193599999999	-0.0221276456	0.0711242822	-0.1202010234	0.0605528449	-0.1157392047	0.17984899070000002	0.09631563480000001	0.09115026039999999	0.0827455156	0.0173067	0.0005084000000000062	2.5847056000000617e-07	0.00029952186488999997	0.291065	0.2560912	0.06558270271744	0.08471883422500001	0.0210153	-0.023504000000000004	0.00044164283409	0.0005524380160000002	0.0014241700000000006	-0.00034797999999999904	2.028260188900002e-06	1.210900803999993e-07	0.0005267469999999999	4.640699999999994e-05	2.1536096489999947e-09	2.7746240200899986e-07	-0.000251201	8.114e-05	6.5836996e-09	6.3101942401e-08	0.0	0.0	0.0	0.0	0.0	0.0	0.0	0.0	0.0	0.0	0.0	0.0	0.0	0.0	0.0	0.0	0.0	0.0	0.0	0.0	0.0	0.0	0.0	0.0	0.0	0.0	0.0	0.0	0.0	0.0	0.0	0.0
8296.330792501698	13.3130221559295	177.23655892426981	68829104.61861186	10391.24510585998	13.71048279596107	107977974.850059	187.9773384983445	6246.242538841603	4.288344207348018	18.3898960406953	39015545.8540344	6573.2013185305705	11166.640677522537	0.953599	47.99012800000001	0.07513654999999997	0.041286300000000005	-0.025415724700000003	-0.0280817661	-0.0324956125	-0.0038115034	0.16648627259999998	0.010470866899999999	-0.0582478871	-0.0406704643	0.0235793973	-0.048515047	0.0090806013	-0.0603646295	-0.06750784879999999	-0.038371264700000005	0.075596234	-0.0664286159	-0.06811709269999999	-0.00011499	-0.0037733802000000003	0.027801232999999998	0.0470112454	-0.0545701029	0.0023504885	0.0343034169	-0.06671024589999999	-0.0681081763	0.077036856	-0.0314498077	-0.0765221199	-0.0404830136	0.0683627885	0.0470386697	-0.0374138306	0.0140857839	0.1527747736	-0.021604431	0.0763050579	-0.0913442478	0.0162518203	0.0024925447	-0.0674235559	-0.09216908060000001	-0.0157628771	0.0079679134	0.0162692183	0.0932488357	0.09356612689999999	0.0928420584	-0.09384996279999999	-0.0497885975	0.039348659	0.015611838500000001	-0.059485152300000003	-0.0605508755	-0.0181242626	-0.046035334299999994	0.0537071709	-0.05664661	0.0211420032	0.0094438721	0.0258492812	-0.10490483390000001	-0.057992191100000014	-0.0294175884	0.0141993817	0.0267804826	-0.18313778960000002	-0.1179771328	0.0432597828	-0.07176507879999999	-0.039597182599999996	0.0829508437	-0.0474441871	0.0324698595	0.0607587593	0.0990269382	0.0920559118	0.0673751088	-0.1080160392	0.0103091269	0.1158406389	-0.0696922417	-0.0477488958	0.0793821163	0.0585418442	-0.10482687269999999	-0.004600995300000001	-0.0733888483	0.0877148566	-0.026517403199999998	-0.1492280687	-0.052332579500000004	0.18422913780000005	-0.0431496763	-0.1344148647	-0.038707049300000004	-0.0867800411	0.0368940605	0.008227556700000001	-0.1553692481	-0.0633459923	0.0065283716	-0.0685651588	-0.008429304200000001	-0.0676838886	0.0234639956	0.09855335949999999	0.0193173862	-0.1830077716	0.0284598704	-0.0394378677	0.0096588627	-0.0181300008	0.0690623216	-0.0444908346	0.0832348008	-0.0554958825	0.0090051778	-0.0850974205	0.0406769474	-0.1082571861	-0.097379015	0.0853485258	-0.0636020792	0.0254737619	0.0365497094	0.0144567694	-0.0385875001	0.018935147700000002	0.0599462434	-0.0114102599	0.010370171800000001	-0.014055948300000001	0.0757485185	-0.0315219537	-0.0334665567	-0.06278470400000001	0.0507975036	-0.0359625016	-0.1112307944	0.1435754526	-0.0912836013	-0.0960059276	0.050422706399999996	-0.1452053827	-0.0143112649	0.058538628499999995	-0.0384064825	0.053382744	-0.0070911744999999984	0.0833954266	0.1301522314	-0.0150035021	-0.063846792	0.0070838525	-0.0752369495	0.002162891	-0.0359798971	0.0910328648	-0.1040187434	-0.081387423	0.09300250339999999	0.0580583353	0.008442891	0.0166371377	0.0160665804	-0.0698807603	0.12193003640000001	-0.0037880784999999996	-0.09316174140000001	-0.1544629312	-0.21498288510000002	0.0445080454	-0.011172275800000001	0.054268349900000006	-0.1438678859	-0.0789317298	-0.002019023	0.0019367331	0.09602669890000001	0.0900167565	0.080277244	0.0162193	-0.0010874000000000023	1.182438760000005e-06	0.00026306569249	0.316627	0.02556199999999997	0.0006534158439999988	0.100252657129	0.0490577	0.0280424	0.0024066579292900004	0.0007863761977600001	0.00106778	-0.0003563900000000007	1.1401541283999998e-06	1.270138321000005e-07	0.000484528	-4.221899999999992e-05	1.7824439609999929e-09	2.3476738278400002e-07	-0.000261487	-1.028600000000003e-05	1.058017960000006e-10	6.837545116900001e-08	0.0	0.0	0.0	0.0	0.0	0.0	0.0	0.0	0.0	0.0	0.0	0.0	0.0	0.0	0.0	0.0	0.0	0.0	0.0	0.0	0.0	0.0	0.0	0.0	0.0	0.0	0.0	0.0	0.0	0.0	0.0	0.0
8279.999523087503	-16.331269414195052	266.7103606790227	68558392.10232927	10397.213944138606	5.968838278626207	108102057.80019028	35.62703039639347	6241.178274497593	-5.064264344010553	25.64677334601664	38952306.254060745	6567.893180381208	11251.207299924874	0.888641	44.721069	0.08872406	0.0417885	-0.033023946400000004	-0.0257263669	-0.056936940400000004	0.011984120400000001	0.1574922177	0.0180695767	-0.052879195700000006	-0.0422230863	-0.0008581893	-0.0258492426	-0.0157857229	-0.07006958419999999	-0.0916200276	-0.0291425094	0.048358289900000004	-0.0317637092	-0.023963133799999998	0.0342548097	-0.0133789304	-0.1226066549	-0.0173738845	-0.1525031791	-0.0158839366	0.1079440223	-0.0421226741	-0.0372354879	0.030476258	0.0179782081	0.0517252966	0.0068987825	-0.0459072249	-0.1079260136	-0.0734660893	0.110872285	0.0435440713	-0.010909846	0.128589099	-0.038657647	0.014587909199999999	-0.035780257200000005	-0.0640891047	-0.0828934165	-0.0147798802	-0.004221275	0.0136422619	0.1048068107	0.0300622537	0.10090345880000001	-0.0645401446	0.0339170565	0.008238628100000001	0.0123583154	-0.0174931053	-0.0785033188	0.0396234453	-0.0229448607	0.07712279	-0.0752710009	0.029146010299999997	0.0553679734	-0.0222830134	0.0120283553	-0.0452522113	-0.0042876082	-0.0514633675	-0.050691566900000005	-0.0343439322	0.12423913119999999	-0.0269392	0.0219746598	-0.046916512800000004	-0.0079506025	-0.10852581859999999	0.150317951	-0.1296117204	0.0303627604	-0.0660681219	0.027392896899999998	-0.0543688622	0.006728749399999999	-0.0384369543	-0.058185352300000014	-0.017830716599999998	0.0456157725	-0.07565683549999999	-0.0411161236	-0.12780214	-0.0957461461	-0.0855346712	-0.006573048299999999	-0.12446102460000001	-0.0104561151	0.0087459112	0.012049915100000001	0.1294121002	-0.0204702012	-0.09385285	0.1280710781	0.061333043899999995	0.1458792646	-0.031350602400000004	0.061151564699999994	0.152402721	0.0780779524	-0.046846277	0.0889253175	0.0190099376	-0.0085528573	-0.10616720240000001	-0.0189137599	-0.0171021777	0.0095737234	-0.045770049900000005	0.0546635867	-0.036528896400000004	0.0710174002	-0.0621764726	0.0163861328	-0.10081005859999999	0.065425462	-0.0145606417	-0.10168144650000001	0.046612759299999994	-0.0096795585	0.0366904363	0.0375016934	0.038458964500000005	-0.026975866400000003	0.0459053296	0.0863670936	0.001468184	0.0542289292	-0.038323100299999996	0.0919474966	-0.052390398	0.0045490368	0.019426676	0.052976444500000004	-0.068999057	-0.0075364676	-0.08290861570000001	-0.0110482339	0.09655171609999999	0.023268448799999997	-0.063880023	0.11811736560000001	0.0512248537	-0.0983755557	-0.021601249	0.1049447628	-0.1350765934	0.1079232102	-0.051902202800000005	0.0069718006	0.030947169500000007	0.034107484199999996	0.1196688661	0.036361825800000004	0.0356353829	-0.0661489742	-0.0429866594	0.029767922000000002	-0.0993426774	0.1078351631	-0.057983764699999996	-0.0652599791	-0.0905470896	0.0210861015	-0.1132150186	-0.0942715263	-0.0486627968	-0.0342025286	-0.0300106902	-0.11548260029999999	-0.09361063539999999	0.0799648261	-0.028995798399999998	0.0780527856	0.0667323082	0.0957158574	0.08880111859999999	0.0776441814	0.0039359	-0.0122834	0.00015088191556	1.549130881e-05	0.28994000000000003	-0.02668699999999996	0.0007121959689999979	0.08406520360000001	0.0413902	-0.007667500000000002	0.0017131486560400002	5.879055625000001e-05	0.000892043	-0.00017573699999999992	7.95740713849e-07	3.088349316899997e-08	-3.25302e-05	-0.0005170582	2.6734918218724e-07	1.0582139120400001e-09	-0.000112559	0.00014892800000000005	2.2179549184000013e-08	1.2669528480999998e-08	0.0	0.0	0.0	0.0	0.0	0.0	0.0	0.0	0.0	0.0	0.0	0.0	0.0	0.0	0.0	0.0	0.0	0.0	0.0	0.0	0.0	0.0	0.0	0.0	0.0	0.0	0.0	0.0	0.0	0.0	0.0	0.0
8258.61114136212	-21.388381725382715	457.46287283068534	68204657.98423055	10359.483515721038	-37.73042841756797	107318898.71249592	1423.5852285732199	6231.286303891529	-9.891970606063296	97.85108247122022	38828929.00106616	6555.673650370956	11128.634691718204	0.8902109999999999	44.800087	0.16508063499999992	0.144513	-0.034490140499999995	-0.0231344377	-0.0621870301	0.0199181927	0.1219417896	0.034186778	-0.0864071899	-0.057067893099999996	-0.018051619799999998	0.0073659495	-0.0301615962	-0.0235439036	-0.06213136530000001	0.0082272697	0.048533425199999994	-0.0569909293	-0.0082270573	-0.0423349189	0.0131898373	-0.0058651874	0.0410040359	0.0028502213	-0.11089963369999999	-0.0173148597	-0.055278556500000006	-0.0836548677	0.033862541600000004	0.0381572608	0.0033486228	0.0651519224	-0.0026545002000000002	-0.024536764	-0.08061954589999999	0.0761603874	-0.0276008507	0.0724802278	0.12852804980000002	-0.0145023997	0.0177519808	-0.050898993	-0.0657836426	-0.0469866232	0.027669320600000002	0.0317371943	0.0269368038	0.0867865725	-0.0042392677	0.131568394	-0.0217193231	-0.0510064182	0.0812942047	0.0483007041	0.024679163100000002	-0.051907782	0.0855206744	-0.0093543668	-0.0019775894000000002	-0.0759430802	0.13976006800000002	-0.0768214555	-0.128720991	0.0069445748	0.027233774500000002	0.013778351999999999	-0.0911975592	0.0556951183	-0.0109621174	0.0371637939	-0.02934362	0.057454972300000004	0.09496615050000001	0.1456210193	-0.10715303220000001	0.0643640865	-0.0402440334	-0.026798685099999997	-0.0171341944	0.0335005959	0.06042251410000001	-0.016034937	-0.0643305525	0.012684362099999999	0.0114949209	0.11319682880000001	-0.0875867891	0.011211015	-0.1405407126	-0.0433202106	-0.0332123423	-0.0624139783	0.0323606475	0.2651967106	-0.040240067000000004	0.10273777140000001	-0.0709826113	0.0009726131	-0.0732314087	-0.008191156	0.005419568499999999	-0.09642137070000001	-0.0380039338	0.1063108417	-0.0785433178	0.059283566399999994	0.1447604561	0.0163002895	0.0499167331	-0.1269029875	-0.060004626799999995	-0.044951014299999995	0.008670533900000001	0.0065176845999999995	-0.0562278102	0.0463492676	-0.004593102	0.047232391900000004	-0.1007510341	0.0135760649	-0.1427277473	0.0731113282	-0.0347177794	-0.0197430002	0.0630475004	-0.0542163687	0.005326141899999999	-0.06886759860000001	0.0026214087	-0.06482973730000001	0.080682322	0.1167400774	-0.0168135306	-0.0555121071	0.05139454809999999	0.07245679769999999	-0.0525007901	-0.0202198186	-0.0200201517	0.0378438314	-0.134594803	0.0396080005	-0.0310631427	-0.11360379949999999	0.1108734866	-0.0396149701	0.037612593199999995	0.0005873174	0.0893665907	-0.0810130408	0.08579126640000001	-0.0686493428	-0.0566571522	-0.0022401173	-0.0680121245	-0.019205075800000002	0.0222859961	0.056121690099999996	0.0091892874	0.0336582699	0.1624525843	-0.0409627942	-0.1161105737	-0.1997292395	-0.0703115949	-0.1687643909	0.046382551900000006	0.0196914827	0.0844246175	0.1534032003	0.0068541797	-0.0352836121	0.0477903287	0.014701333899999999	-0.031089052599999997	0.0572191834	0.0012139696	-0.048847694000000004	0.021734264	0.0883427743	0.0476444605	0.095383181	0.0875044557	0.07485173269999999	0.00157789	-0.00235801	5.5602111600999986e-06	2.4897368521e-06	0.146065	-0.14387500000000006	0.02070001562500001	0.021334984225	0.0527163	0.0113261	0.00277900828569	0.00012828054120999998	0.00082527	-6.6773e-05	6.810705729e-07	4.458633529e-09	-9.69655e-05	-6.44353e-05	4.15190788609e-09	9.40230819025e-09	-9.33368e-05	1.9222199999999987e-05	3.694929728399995e-10	8.711758234240001e-09	0.0	0.0	0.0	0.0	0.0	0.0	0.0	0.0	0.0	0.0	0.0	0.0	0.0	0.0	0.0	0.0	0.0	0.0	0.0	0.0	0.0	0.0	0.0	0.0	0.0	0.0	0.0	0.0	0.0	0.0	0.0	0.0
8278.261053151775	19.64991178965465	386.1190333412089	68529606.06412953	10367.053901256057	7.570385535018432	107475806.59154844	57.3107371488163	6240.6643947758175	9.378090884288213	87.94858863396969	38945892.08822262	6569.109999148882	11310.441385659362	0.8824559999999999	44.40984	0.141505785	0.105955	-0.039977950899999996	-0.0069611985	-0.0692189792	0.0465133284	0.1359054049	0.018477549399999998	-0.0698424683	-0.0140444695	-0.08078369099999999	0.0137632877	-0.055871471299999996	-0.0123297578	-0.0910860398	0.043141650499999996	0.029505394100000002	-0.032407674500000004	-0.0241409806	0.0387823296	-0.0265412425	0.0658434113	0.0492095013	-0.0114696699	-0.038504878900000004	-0.066154797	-0.0486126682	-0.1545313305	0.0385836374	0.0002977148	-0.0256574224	-0.0761150556	0.07589969719999999	0.0621635989	0.0045821862	-0.0126651197	-0.0268863058	-0.0050801492	0.0141395938	0.0053273404	0.0616322626	-0.0255648366	-0.0183113044	-0.0334770415	0.0429594404	0.0283046568	0.0055629804000000005	0.062338363200000003	-0.0247931012	0.19185486429999998	-0.1605726965	-0.0422834113	0.0474430849	-0.0259090514	-0.0001502723	0.0292569919	-0.030606106	-0.027442086600000002	0.044730140300000006	-0.0085883553	-0.0305860887	0.11673326099999999	-0.081006657	0.0172191031	-0.05720499160000001	-0.0907276616	-0.0084271714	0.026558412599999998	0.0346388825	-0.0194190498	-0.1063184372	0.0159341524	0.0686389062	0.0014151002	0.0618663734	0.022808897999999998	0.061686629000000014	-0.1231585992	-0.0769042752	0.0861152364	0.1204030295	-0.0624306897	0.019608520600000002	-0.0016599004	-0.1512682131	0.0198141891	-0.0291710498	0.0322879996	-0.0063885795	-0.0366402958	-0.0851943888	-0.14493239060000002	-0.0920619242	-0.024171186	0.0157005941	-0.09270991699999999	-0.15402541039999998	-0.0518075391	-0.15885983880000001	-0.1075312953	0.021762931200000002	-0.0635964096	0.045912023899999994	-0.0977773404	0.0854737154	-0.11061767189999999	0.0123852748	-0.0435671379	-0.0030383761	-0.0101097733	0.04110507	-0.0282350164	-0.1207659518	0.050151129800000006	-0.018720681399999998	0.0130276877	-0.012473036100000001	0.0057554645	-0.09872066630000001	0.0110509542	-0.1097215608	0.1157296452	-0.0210322809	-0.0538937756	0.132083546	-0.07699167400000001	0.02326241	0.0014946915	-0.0084195288	-0.0745191113	0.051302774	-0.0978830116	-0.0025717975	-0.0164743833	-0.1047050748	0.052804265	-0.042436550700000006	0.030090893799999997	-0.0283748272	0.1049890888	-0.0096801452	0.0487548143	-0.0094611324	0.0785716372	-0.0145720177	-0.0216811966	-0.031588364199999996	-0.0260097586	0.021062107799999997	-0.0506354611	0.0270875986	-0.1261087379	-0.0936507067	-0.057071925	-0.1142057858	-0.0608390279	-0.1245084463	-0.0438315292	-0.0719224103	-0.028296278799999998	0.025262976099999997	0.050340816	-0.1622361246	-0.0744361068	-0.000513261	0.0280706986	0.1262585941	0.0601629275	0.0057331155	-0.09244063539999996	0.0751775235	0.01116951	-0.1041191424	0.041164759700000005	0.0109797078	-0.1090901449	-0.0638725604	-0.0468922176	0.0464367937	-0.0373006539	-0.19358773829999998	0.0950287458	0.08612795109999999	0.07190563030000001	-0.00187019	-0.00344808	1.18892556864e-05	3.497610636100001e-06	0.041537800000000014	-0.1045272	0.010925935539839995	0.0017253888288400005	0.0430347	-0.009681600000000005	0.0018519854040899995	9.373337856000012e-05	0.00112212	0.00029685000000000014	1.2591532944000002e-06	8.811992250000006e-08	-9.69022e-05	6.330000000001005e-08	4.0068900000012716e-15	9.390036364839998e-09	8.672799999999999e-05	0.0001800648	3.242333219904e-08	7.521745983999997e-09	0.0	0.0	0.0	0.0	0.0	0.0	0.0	0.0	0.0	0.0	0.0	0.0	0.0	0.0	0.0	0.0	0.0	0.0	0.0	0.0	0.0	0.0	0.0	0.0	0.0	0.0	0.0	0.0	0.0	0.0	0.0	0.0
8291.317107204599	13.056054052824036	170.46054743026298	68745939.37222363	10345.381823707734	-21.6720775483227	107026925.07830235	469.6789452605131	6245.621813374729	4.9574185989113175	24.575999164831853	39007791.83570223	6571.892911397471	11480.47216370005	0.804864	40.50499	0.07094559499999999	0.038752	-0.048274521900000006	-0.0042170175	-0.0577339255	0.0634594838	0.1600582776	0.0199875226	-0.0983750502	-0.0339186768	-0.0878617669	0.0063064109	-0.0602926368	0.0033112134	-0.0416968	0.0685862272	-0.008482206899999999	0.0026600181	-0.0347273689	0.0292463608	6.103060000000001e-05	0.049001717800000004	0.0131145279	-0.050866916100000006	0.0181024603	-0.0859902474	-0.0551333233	-0.0873416708	0.0824065037	0.018391646499999997	0.0198933323	-0.0733345092	0.05116406849999999	0.0370073649	0.0212740964	-0.0489547771	0.025386034100000003	-0.07227590099999999	0.032331427	0.10450147480000001	0.0592280446	-0.0525902971	-0.025137279300000002	-0.023104178	0.0430316533	-0.006102297	-0.0394505585	0.0670566604	0.0020308847	0.1299426407	-0.046855824299999994	-0.0402839436	0.0115339964	-0.043011086799999994	0.0040147837	0.0571345005	0.0311534212	-0.0422695037	0.0447751688	-0.025556915899999998	-0.064383852	0.0191815197	-0.0469562769	-0.0051581079	-0.0861647758	-0.09691469609999999	-0.0602539431	0.042937875099999995	-0.0091830427	0.0595657343	-0.0189866401	-0.0218941058	-0.0537021718	-0.1780359893	-0.0527743621	-0.0868580032	-0.0827824892	-0.0007405905999999999	-0.0114330933	-0.0060268576	0.135809144	-0.06568741269999999	0.015280003200000001	-0.054161477300000004	0.0157317352	0.025878429100000003	0.09892186609999999	-0.047307029199999996	0.1761705446	0.0825782397	0.0547437935	-0.0521523376	-0.01041901	-0.0574206228	-0.0922655169	-0.1053210557	0.0134472867	-0.1090523102	0.029189891800000006	0.0363708498	0.034616709100000004	-0.0705444168	0.0542539817	-0.08619207289999999	0.0593617631	0.0323162386	0.0669084988	-0.019877406	-0.0302113752	0.04036979	-0.0628902789	0.0946982057	-0.1024757706	0.052564380099999995	-0.041280169	0.0167974707	-0.0161218961	-0.0146052299	-0.06617701620000001	0.0585915235	-0.1093950342	0.07722953490000001	-0.0119518046	-0.0209468534	0.070730553	-0.023603946400000003	-0.0165300858	-0.0024669457	0.0005240015	-0.0708231728	0.0114818267	-0.0889710452	0.0068005813	0.0423660338	-0.028418226600000002	0.010849106399999999	-0.0389158552	0.044056964000000004	-0.0111463758	0.0794683692	-0.0637459281	-0.028255102200000007	-0.0528725945	0.0865998752	-0.0225090787	-0.0271569921	-0.0837102883	0.0584582305	-0.0560531573	-0.04269640809999999	0.0025495478	0.0755084262	0.0885131839	-0.1560250094	-0.022413056400000003	-0.10526020039999999	-0.005655675799999999	-0.0037615857000000003	-0.0341934533	-0.0461866689	-0.12448151880000001	0.09265032289999996	-0.0060437398	0.043970609400000006	-0.014775650500000001	-0.0913623051	0.0138164424	-0.018425134	0.0600879706	-0.1850978993	0.006581410500000001	0.0719578883	-0.1069484659	-0.0773380816	0.0027244986	-0.0104718794	0.070707374	0.0275421859	-0.0409804787	0.025732237999999998	-0.073462899	0.0946526326	0.08467286060000001	0.0688119219	-0.00184662	2.35700000000001e-05	5.555449000000048e-10	3.4100054244e-06	0.0701424	0.028604599999999987	0.0008182231411599992	0.00491995627776	0.029579900000000006	-0.013454799999999992	0.0008749704840100001	0.0001810316430399998	0.00154115	0.00041902999999999987	2.3751433225e-06	1.7558614089999993e-07	-1.53474e-05	8.155479999999999e-05	6.651185403039998e-09	2.355426867600001e-10	1.00603e-05	-7.666769999999997e-05	5.877936223289997e-09	1.0120963608999998e-10	0.0	0.0	0.0	0.0	0.0	0.0	0.0	0.0	0.0	0.0	0.0	0.0	0.0	0.0	0.0	0.0	0.0	0.0	0.0	0.0	0.0	0.0	0.0	0.0	0.0	0.0	0.0	0.0	0.0	0.0	0.0	0.0
8261.703540990193	-29.613566214406088	876.963303935014	68255745.39920989	10346.371657549837	0.9898338421025984	107047406.47615056	0.9797710349715916	6247.286495836274	1.6646824615454534	2.77116769777703	39028588.56105828	6578.055369303656	11512.044686902414	0.8666809999999999	43.615959	0.058619014	0.0361519	-0.058560057400000004	-0.0006958655999999999	-0.0387251895	0.051608718	0.1488081204	0.0086878504	-0.0900103638	-0.0514360224	-0.10154550679999999	0.0356648946	-0.0673047408	0.0214932814	-0.022304785299999998	0.11877450630000001	0.0079708499	0.0170605123	-0.048982848200000005	0.1124270602	0.009791593199999999	-0.0435096513	-0.0399522239	-0.036517837000000004	0.0678407417	-0.07095568599999999	-0.0483649501	-0.03422501	0.040582746600000004	0.06973919070000001	0.028978195699999997	-0.1572977143	0.1101440824	0.1513300503	-0.0814473785	-0.0976351828	-0.1126386319	0.043480946799999996	0.028675594500000002	0.0156238856	0.0629237062	-0.06339680339999999	-0.0261955533	0.0001651193	0.0196350215	-0.027780191099999997	-0.0422513779	0.09228939380000001	-0.030190602200000007	0.1274368239	0.0019443775	-0.0057020105	-0.0329135186	-0.0421326907	-0.0051345623	0.0115282974	0.046963905199999996	-0.0514565024	0.0282656565	-0.0431184129	0.0921298141	0.0645567054	-0.0287773061	-0.0014278842000000002	0.0361124031	-0.0931359422	0.0685484824	-0.1372109717	0.12889418019999999	0.0584692047	0.0539784395	0.0035398493	-0.0306656717	-0.0562839399	0.0298385963	-0.057989540199999995	-0.0545538087	-0.0779400059	0.047769121799999995	-0.0031755053000000004	-0.0907500826	-0.0676982981	-0.0848189785	0.0312525841	-0.0864078092	-0.0398586086	0.04875644690000002	0.1315813354	-0.0887174359	0.028847763399999997	-0.0057847454	-0.1366585271	0.0637729425	-0.0883287771	-0.050360756	-0.08409411369999999	-0.039489565	0.1378496061	0.0322480929	-0.0029564697999999996	0.0819069248	-0.0066410726	0.0146171023	-0.0507779812	0.023087531600000002	-0.0697107223	-0.026397106099999998	-0.0948286388	0.0501307962	0.0355838808	-0.011431019099999998	-0.0399233082	-0.023960829	0.0597935916	-0.0519201716	0.0096734758	0.0017620179000000001	-0.0260116841	-0.0323876188	0.0791593895	-0.1054519099	0.0667328452	0.0360044573	-0.0271855252	0.0562748478	0.0359935012	-0.0140720451	0.020086192	-0.0086851863	-0.0280455555	0.0727407805	-0.019414852	-0.0317063186	0.0012701262	-0.0788305862	0.0971534699	-0.021693663999999998	0.0423496099	-0.0449098058	0.07441818110000001	-0.0165470598	-0.0362720511	-0.1715836621	0.0815542934	-0.020463425900000002	-0.0003085132	0.011996093700000002	0.0182990724	-0.1058840082	0.1112623442	0.0564959586	-0.0265092619	0.030509046499999998	0.0282811706	0.0927839468	0.0423454712	0.0228293362	-0.017514271499999998	0.0326454761	0.0159359424	0.0340002114	0.0652076136	-0.0029515796000000004	-0.0084817101	-0.0144321188	0.0475903106	0.1273576285	-0.0307969884	-0.0103744899	-0.0395143489	0.1295707849	0.1324013562	0.0002162201	0.1221803368	-0.0815775081	-0.1839150542	-0.0027619912	0.0276482829	0.055703400599999994	-0.0868992333	0.0476466849	0.09425492710000001	0.083140512	0.0655769581	-0.00185304	-6.420000000000038e-06	4.1216400000000475e-11	3.4337572416000007e-06	0.0586395	-0.011502899999999995	0.00013231670840999993	0.00343859096025	0.0487337	0.0191538	0.00237497351569	0.00036686805443999983	0.00209724	0.0005560900000000002	4.398415617600001e-06	3.092360881000002e-07	-1.53474e-05	0.0	0.0	2.355426867600001e-10	7.03242e-06	-3.02788e-06	9.1680572944e-12	4.9454931056399996e-11	0.0	0.0	0.0	0.0	0.0	0.0	0.0	0.0	0.0	0.0	0.0	0.0	0.0	0.0	0.0	0.0	0.0	0.0	0.0	0.0	0.0	0.0	0.0	0.0	0.0	0.0	0.0	0.0	0.0	0.0	0.0	0.0
8212.731878435541	-48.97166255465163	2398.2237333666685	67448964.90707137	10360.19599417149	13.824336621653854	107333661.037647	191.11228302880002	6246.0769983154405	-1.2094975208337928	1.4628842529030908	39013477.86888523	6580.476565376773	11180.418955438709	0.9267590000000002	46.639408	0.02833161600000001	0.0143188	-0.053508741500000005	-0.029682986800000002	-0.0432597358	-0.018721008100000002	0.0859472772	0.0076314537	-0.0987968082	-0.0099076306	-0.0734688108	0.00615251	-0.0189756858	0.0172490748	0.017915391200000002	0.0999753279	-0.0593742521	-0.0071456179000000015	0.0013032238000000001	0.021742755699999998	0.053688260300000006	0.0183716337	0.030906178599999997	0.0519064077	0.002054329	0.0553510153	0.0041012615999999995	-0.0216088732	0.013651199199999998	-0.0601452046	-0.0130889581	-0.059732268	-0.0365513925	0.011486856	0.022067087000000003	-0.04572243769999999	-0.1069032145	0.0010324505	0.0135329622	-0.0024059720999999997	0.062087490499999995	-0.056398940099999996	-0.0369301273	-0.0053310555	0.0304678007	-0.056369922	-0.037144772400000005	0.1221721565	-0.0970629757	0.1046422018	0.0019520060999999999	-0.014171845800000001	0.035935614	-0.0096318167	-0.023237814	0.0278516665	0.0305438073	-0.1068609869	0.000703447	-0.037986003500000004	0.0648946289	0.0369945823	-0.10044097380000001	0.06608419110000001	0.0255925517	-0.1164692824	-0.06672768820000001	-0.0280815707	-0.025312449100000002	0.053502589	-0.0037442126	0.005705381	0.031681201	-0.0669974322	0.0092872402	0.0779353636	-0.0174035691	0.0055887375	-0.0145850327	-0.1243874199	0.011533955	0.1332951766	0.09054726519999999	0.1286046377	0.0922599622	-0.0427306895	0.0313420893	-0.064408467	0.0201233526	0.11175758029999999	-0.0034045009000000003	0.039038126400000005	0.08950631810000001	-0.0658741108	0.1141802992	-0.058414927199999994	-0.033500992400000006	0.0987990924	-0.0294916738	0.0956536652	0.0168633207	0.0710635838	-0.0167970852	-0.0078529707	-0.10611775529999999	-0.1317767093	-0.0531584472	-0.0869585552	0.0823135322	-0.0467525757	0.0906507948	0.07368935160000001	0.0747694064	0.0611025898	-0.0443675177	0.022388716200000002	-0.008319278499999999	-0.0223893447	-0.009880948	0.0885216633	-0.13539971539999998	0.0447408942	0.078750582	0.0006005823	0.0430333695	-0.028792258799999998	-0.015412075800000001	-0.0064304233	0.0125895297	-0.0793456448	0.0346154002	-0.026323796200000003	-0.0444351638	-0.038981729	-0.0022526842	0.0614116124	-0.0552157196	0.057551887	-0.05682050230000001	0.0710709575	-0.0178107846	-0.0472026817	0.048469578	-0.01134236	0.09203506980000001	0.0198435235	0.0109918251	0.0311898804	-0.057691136500000004	0.029446602599999996	-0.0254718635	0.046867628099999996	-0.0050903036	0.060093444	0.0425014846	0.0605198778	0.0588389273	0.1087111243	-0.1115687142	-0.0031547421999999995	-0.0971763009	0.1076127366	0.0466265058	0.0728220923	0.0619892374	0.060306613700000004	-0.0587591189	-0.09928579259999999	0.056501152	-0.023858117999999998	0.1432844805	-0.0851973551	0.1059287383	-0.0033569023	-0.1078964414	-0.021894030800000002	0.013625408899999998	-0.0980335239	0.0354561552	0.0163730642	0.011055260800000001	0.09383572009999999	0.08153230339999999	0.0622073795	-0.00175781	9.522999999999997e-05	9.068752899999994e-09	3.0898959961e-06	0.06396780000000002	0.005328300000000022	2.8390780890000236e-05	0.004091879436840002	0.0516612	0.0029274999999999995	0.00266887958544	8.570256249999997e-06	0.0019001	-0.00019714000000000038	3.61038001e-06	3.886417960000015e-08	-0.000180486	-0.00016513860000000002	2.727075720996e-08	3.2575196196e-08	-3.0300700000000006e-05	-3.733312000000001e-05	1.3937618489344004e-09	9.1813242049e-10	0.0	0.0	0.0	0.0	0.0	0.0	0.0	0.0	0.0	0.0	0.0	0.0	0.0	0.0	0.0	0.0	0.0	0.0	0.0	0.0	0.0	0.0	0.0	0.0	0.0	0.0	0.0	0.0	0.0	0.0	0.0	0.0
8188.268483962161	-24.463394473380504	598.4576691602238	67047740.76544798	10357.889005629797	-2.3069885416934994	107285864.65294662	5.322196131505098	6244.815188521236	-1.261809794204055	1.5921639567492794	38997716.73878553	6576.908659039978	10867.988050070951	0.889322	44.755367	0.07984814999999999	0.0447566	-0.0484934548	-0.0483955908	-0.059762719299999996	-0.061748284699999996	0.013394157700000001	0.013838239799999999	-0.1016403541	-0.025092367	-0.046488581900000006	0.0055362649	-0.0414441138	-0.0016291823000000002	0.0027441438	0.0508945941	-0.067847894	0.021172161000000002	-0.0038477015000000004	0.028357237599999998	0.0323601815	0.0179962558	-0.012960892199999999	-0.0334704367	0.0219809621	0.005429498299999999	0.0042004627	-0.0784596753	-0.051296317699999996	-0.0472554857	0.0662445462	0.0290232089	-0.0951230591	0.0142957373	0.0326762803	-0.0057964674	-0.0701968345	0.0006718489	0.062333552300000004	-0.16908108870000002	0.0574539062	-0.062024290999999995	-0.0386426335	-0.0024073101	0.0058650275	-0.0580776564	-0.0147245652	0.11220464320000001	-0.0892949208	0.0656499628	-0.0133064874	0.0099994666	0.0069293792	-0.0012418403	-0.0446134912	0.04229890150000001	0.0191630775	-0.1185605236	0.0022288742	-0.1305399415	0.016136531000000003	-0.0814484048	-0.0028250864000000002	0.0853399267	0.0248854662	-0.1146518661	0.0821502328	-0.0696184028	0.12266071710000001	-0.0600237102	0.0630602234	0.06414531849999999	0.08928875369999999	-0.0260068763	0.12312923890000001	-0.1115012659	0.0468833357	0.0290797273	0.11817854960000004	0.1180525734	0.08167922030000001	0.0010656386	0.1158762059	-0.029037406	-0.0138126649	-0.019496386100000002	0.020049597	-0.1002762724	-0.1244556707	-0.0299173113	0.024913951200000003	0.0140445507	0.0252394717	0.0314179711	0.0625047716	0.005829469	-0.0063198367	0.0400547352	0.0498357147	0.15021284199999999	-0.059214954800000004	-0.06534331360000001	-0.0998384884	0.1106318633	-0.024765667999999998	0.011553208999999998	0.009791412	-0.0017250773	0.0008650808	0.0361515397	0.023183361	0.0525826913	0.07271317599999999	0.0534613143	-0.0481152882	0.008862838100000001	-0.0043503392	-0.0063031939	0.0015862547	0.0753306071	-0.1218663391	0.019502358100000002	0.0856108303	-0.0025146954	0.0538063579	0.0017241744000000001	-0.00014243629999999998	0.0400786755	0.0589074904	-0.0723854499	-0.0060627497999999995	-0.0049219502000000005	-0.0317383217	-0.0172238131	-0.0396588014	0.0869829349	-0.10248926109999999	0.1395574006	-0.0630771744	0.010319211	0.0354761146	0.022331258700000002	-0.0468080342	-0.0552123108	0.0233970856	-0.021587654700000004	0.1401055628	-0.13699820810000002	-0.0694889957	0.1059376427	0.0442527424	-0.0588680403	0.0591256454	-0.1547521526	-0.0810350112	-0.0180762411	0.0049889474	-0.0305021438	-0.0716452689	-0.0086424326	0.0742746416	-0.0161617935	0.0079361239	0.10385614929999999	0.1247970108	0.0320357253	-0.07185765940000001	-0.0480598209	-0.11969968800000001	0.0913201609	-0.0104856321	-0.0276014286	0.0422712996	-0.0668624144	-0.0330458954	-0.014471628600000001	-0.032970542	-0.06621358940000001	-0.045152430300000004	0.0670913043	0.1053336852	0.09339510720000001	0.0798497022	0.058710103300000004	-0.00176272	-4.909999999999897e-06	2.410809999999899e-11	3.1071817984e-06	0.0920514	0.02808359999999997	0.0007886885889599986	0.00847346024196	0.07339339999999997	0.02173219999999997	0.005386591163559996	0.0004722885168399988	0.00240298	0.00050288	5.7743128804e-06	2.528882944e-07	-0.000120359	6.0126999999999995e-05	3.615256129e-09	1.4486288880999998e-08	-6.78425e-05	-3.75418e-05	1.40938674724e-09	4.60260480625e-09	0.0	0.0	0.0	0.0	0.0	0.0	0.0	0.0	0.0	0.0	0.0	0.0	0.0	0.0	0.0	0.0	0.0	0.0	0.0	0.0	0.0	0.0	0.0	0.0	0.0	0.0	0.0	0.0	0.0	0.0	0.0	0.0
8191.372401287058	3.1039173248973384	9.63430275979785	67098581.816567294	10370.459982412674	12.570976782877553	107546440.24682269	158.0294572756464	6235.920795528218	-8.8943929930183	79.11022671425305	38886708.16810129	6568.972015904908	10615.505153619852	0.8634649999999999	43.454117	0.113701315	0.0742665	-0.0315751809	-0.0701197298	-0.0586576989	-0.0809005125	-0.0157805397	0.0161463523	-0.0661776883	-0.033115853199999996	-0.026278856	-0.0005678716	-0.0423068125	-0.0187725744	-0.0294830589	0.0596768021	-0.0978814709	0.0411927481	-0.0231036212	-0.07460166480000001	-0.0385717147	-0.057513376799999995	-0.025553216200000003	-0.0312490942	0.063049675	0.06530989400000001	-0.0534205429	-0.0367150255	0.019608711299999998	-0.05750939	0.024045469700000002	0.051618128	-0.0798504812	-0.0070810451	-0.044295161799999996	0.0459970924	-0.0349404056	0.060330735199999985	0.09071359470000001	-0.0175961099	0.0323877615	-0.0507450734	-0.0248479221	-0.015444608899999997	0.008503415	-0.0195212523	0.0161489113	0.09056584919999999	-0.0460150285	0.0644913784	-0.0047463575	0.0058273315000000004	-0.0580330304	-0.046623578	-0.0141233954	-0.011221535900000001	-0.0093653301	-0.0732238305	0.1241353751	-0.0123423067	0.0230542772	0.048427220800000004	-0.1376424593	-0.082331425	0.006857711	0.006677545500000001	-0.028284447799999998	0.0505015105	0.06526166629999999	-0.0991057675	0.053545992300000005	0.06345150620000001	-0.10408160820000001	0.0362141541	-0.024191917400000002	-0.0668283179	-0.09000136880000001	0.041897573199999996	-0.056692592699999995	-0.1035251623	0.0336380938	-0.022499270699999997	-0.06920779519999999	-0.0878264491	0.1011367065	-0.0928132106	-0.059733705199999994	-0.1217756672	0.0603891164	0.035379890899999995	0.0282185039	0.0397790059	0.02206251	0.0344647058	-0.1111250278	0.052892405999999996	0.1049472307	0.12392018619999999	-0.055631527800000004	-0.0323324971	-0.056638155499999995	0.0259813758	-0.0618925255	0.0118900046	-0.1477657463	0.027244879500000003	0.0054789505	-0.0014509908	-0.09474753970000001	0.0437509626	0.1005305323	0.0350954339	0.026341149700000004	0.0302267227	-0.0427313221	0.0068711612	-0.009998687	0.0106597824	-0.0314340236	0.0340105406	-0.1050391172	0.011520403799999999	0.0590990655	-0.0099001142	0.041550080499999996	0.0681378985	0.024032824300000002	0.058269894	-0.0072833925	0.0054862618	0.0534041373	0.0353699617	-0.0377034873	-0.047017280099999996	-0.047691965499999996	0.044296163	-0.1294710345	-0.0735885231	0.0636659619	0.1272023361	-0.0364842353	0.033954177	-0.0031692877	-0.03371551	-0.0554063944	0.014943205	0.037135446600000004	0.0471079139	-0.052731481100000005	-0.0461609523	-0.0760764464	0.11378031220000001	-0.0020198596	-0.0882460767	0.0528253854	0.0116736819	-0.0722219223	-0.062860253	-0.047828332300000005	0.0648969132	-0.0351474731	0.0012557718	0.0272620519	0.1143206661	-0.10809275019999999	-0.0796723605	-0.0367161002	-0.0244382304	0.0776136426	0.0636886372	0.0155241749	-0.0151170955	0.0424537954	-0.0124409901	-0.0765062967	0.1262577137	0.055090440899999996	-0.0617816507	0.08809781039999999	0.0565047688	0.0523127989	0.092933189	0.0780942437	0.0550923084	-0.00168713	7.558999999999995e-05	5.713848099999992e-09	2.8464076369e-06	0.151973	0.05992160000000001	0.0035905981465600006	0.023095792729000003	0.116536	0.04314260000000002	0.013580639295999996	0.0018612839347600012	0.00247632	7.33400000000003e-05	6.132160742400002e-06	5.3787556000000434e-09	-0.000201582	-8.122300000000002e-05	6.597175729000003e-09	4.0635302724000005e-08	-0.00012451	-5.666750000000001e-05	3.2112055562500013e-09	1.55027401e-08	0.0	0.0	0.0	0.0	0.0	0.0	0.0	0.0	0.0	0.0	0.0	0.0	0.0	0.0	0.0	0.0	0.0	0.0	0.0	0.0	0.0	0.0	0.0	0.0	0.0	0.0	0.0	0.0	0.0	0.0	0.0	0.0
8197.232962999471	5.860561712413072	34.34618358500205	67194628.24968511	10372.778471985535	2.3184895728609263	107594533.22888656	5.375393899464839	6231.4490754500475	-4.471720078170621	19.996280457514256	38830957.57992725	6566.3831806627195	10633.30040606623	1.030718	51.871132	0.33744644	0.202056	-0.008044404599999999	-0.07277541950000001	0.006989636600000001	-0.021545596	-0.0320241194	0.0270404502	-0.0223639074	-0.0065735855000000004	0.027021308799999998	0.041437642999999996	-0.043278916699999996	-0.0339532669	0.0244696725	-0.0043477559999999995	-0.0548351103	-0.0065990151	0.016657667	-0.0885674403	0.0162811708	-0.0050423713	0.0298831896	0.0691734912	-0.0007269303	0.1084382966	-0.0020147121	-0.0177812232	0.10977094800000001	0.0151533246	0.0182535074	-0.0156977614	0.08236649	0.0465405866	0.009623723399999999	0.0827605545	0.1150015054	0.0718061648	-2.75034e-05	0.0513787196	0.0104569317	0.017620603999999998	-0.0037624486	0.022740463199999998	-0.0162033074	0.0702256367	0.0482856663	0.08571942980000001	-0.0625579385	0.04656979519999999	-0.02759916	0.0310495091	0.0140534904	-0.09290335220000001	-0.0154485749	0.0906824722	0.10070390779999999	-0.0014696226999999999	0.0021075376000000002	0.01219915	0.032173643700000004	-0.1565260069	-0.1098824536	-0.0071289438	-0.0114636205	-0.1109432775	-0.0772114666	0.034093482	0.0112463064	-0.0636231501	0.0131521894	0.0560654631	-0.0318336226	0.0740390802	0.0690251075	-0.0383895563	-0.08738822550000001	0.1155882015	-0.026457406800000003	-0.0347966112	-0.003536177	0.0326854612	-0.0388063325	0.1349696189	-0.08332169099999999	-0.0508919045	-0.024412267999999997	0.1577173056	0.058655362999999995	0.0460069553	0.0706575965	0.2971076914	-0.0057784583999999995	0.08810363630000001	-0.036080576600000004	-0.1369338588	0.14953813289999998	-0.0804027066	-0.0760230075	0.0771837361	-0.0784037434	-0.0284372608	-0.033769668100000004	-0.0884565884	0.006875742099999999	-0.0626892431	0.0200327247	0.0379165897	0.0165320836	-0.008273753299999999	0.0371819675	-0.043225533600000005	-0.017710361	-0.0014202060999999998	0.0137284847	-0.0187770324	0.0320989449	0.032680369	-0.0640420776	-0.0192799658	-0.0679048828	-0.0396665916	0.0655592502	0.0102760225	0.0035618194	0.0060280158	0.045607153899999996	0.08398768779999999	-0.014916025900000001	-0.1701100064	0.0015985426	0.036072637000000005	-0.028638258599999997	-0.0838095005	0.101318379	-0.0572373755	-0.0504195992	-0.0011395806	-0.0452869976	0.0970836817	-0.031353698900000004	0.056449810499999996	0.027438901800000002	0.0468296022	-0.0130656555	0.009955314	0.0991627126	-0.0598830634	-0.0345229925	0.0039308693	-0.0345357612	0.0863401994	0.027564208	0.029252281600000006	-0.0532187075	-0.057533019500000004	-0.0237865394	0.0682752101	0.0552863809	0.0069258862	0.0013721626000000001	-0.1094990874	0.19240759559999998	0.0643171981	-0.0774539977	0.0117012697	-0.0064011237	0.33093503739999997	-0.0239236192	-0.09518012740000001	0.0204178898	-0.0231151793	0.1109514109	0.005770909100000001	-0.1653964525	0.0655408633	0.0068888128000000005	0.01993228	0.0651652051	-0.12166792779999999	0.0311857635	0.0924500708	0.0762675296	0.051361421399999996	-0.00193674	-0.00024960999999999994	6.230515209999998e-08	3.7509618276e-06	0.198538	0.046565000000000016	0.002168299225000002	0.039417337444000014	0.255828	0.13929200000000005	0.065447965584	0.01940226126400001	0.00508019	0.00260387	2.58083304361e-05	6.780138976899998e-06	-1.53474e-05	0.00018623459999999998	3.4683326237160005e-08	2.355426867600001e-10	0.000112182	0.000236692	5.602310286400001e-08	1.2584801124e-08	0.0	0.0	0.0	0.0	0.0	0.0	0.0	0.0	0.0	0.0	0.0	0.0	0.0	0.0	0.0	0.0	0.0	0.0	0.0	0.0	0.0	0.0	0.0	0.0	0.0	0.0	0.0	0.0	0.0	0.0	0.0	0.0
8181.443972327009	-15.788990672462205	249.29222645509853	66936025.47232594	10402.846367530457	30.06789554492207	108219212.54644164	904.0783425003442	6227.138290417942	-4.310785032105741	18.582867593026897	38777251.28798929	6563.507717101385	10495.57812750722	1.263831	63.602631	0.4082125935	0.276216	0.057434356799999996	-0.0770430979	0.1013807183	0.045478238	-0.0897515105	0.0446912821	0.0892421873	0.0188690503	0.0191878582	0.1527206124	0.044633249900000005	0.0026343704999999998	-0.0327545215	-0.0919128582	0.0349779227	0.019460195	-0.000129199	-0.1222100624	0.1073530987	-0.0179895752	-0.0842293251	0.0134733524	0.0344502999	0.1169114404	0.1787184036	0.0284682581	0.0010996149000000002	-0.0854747322	0.0675371684	0.0026210215	-0.035024495	0.025005866800000002	0.06833698099999999	-0.0206235211	0.019879523	0.0177855616	0.0819352395	0.0371338848	-0.032798885800000004	0.11218477310000001	0.0482574477	0.0945316794	0.0007266072000000001	0.15082244279999998	0.057760875499999996	-0.0270278856	-0.0411363381	0.023636664100000003	-0.0483952557	0.08744628439999999	0.020974070600000002	-0.0416358822	-0.0018795183999999999	0.0592866809	0.0773233039	0.0186916617	0.0161372553	0.0214431727	0.0429694911	-0.1563493776	-0.0261812435	0.0307866831	0.069688221	0.0374886346	0.0940340844	0.0332857396	0.0521267058	-0.050726481799999994	0.05608808690000002	0.1113209913	0.065782597	0.0126402045	-0.0595751976	0.033295164	0.0617823883	-0.023398572200000002	0.08667291640000001	-0.1010759337	-0.0512670095	-0.0268242226	0.0339461125	0.030160514399999998	0.0075717946	-0.0957050697	-0.0809316508	-0.0177945075	-0.0242642619	0.053470467699999996	0.0700522443	-0.066242354	0.0894018416	-0.0442327979	0.0742840969	0.0209069032	-0.013542340200000001	-0.0676178772	0.0043365004	0.0320196267	-0.1060792109	-0.010836690500000001	0.04977866	-0.0367866017	0.1061555233	0.034915762	0.0100259172	0.0355290238	-0.038847813599999996	-0.0295637996	-0.0191799522	0.0174424461	-0.024927026600000003	-0.0614605817	0.10066502769999999	-0.06323823690000001	0.09938648859999999	-0.0039742334999999995	-0.09186839640000001	-0.10346002800000001	0.048712787199999996	-0.0123027665	0.024398657200000003	0.026813737799999997	-0.026559366	0.0288398598	0.0667840511	0.10469340460000001	-0.0020426755	-0.1626259499	-0.0786798407	0.14820050710000002	-0.041861212599999996	-0.07675823150000001	0.050938351900000005	-0.07777672719999999	-0.032591946499999996	0.0090224451	0.0086113306	0.0007415223	0.0887794933	-0.0038847029999999998	0.0195673082	-0.0807570586	0.0461033987	-0.048999747999999996	0.0658266526	0.0056136555	-0.0315273669	0.0639720706	0.027415529900000003	-0.0779589643	-0.022010673999999997	-0.09832947199999999	0.1298949888	0.06682013490000001	0.0452609108	-0.0097613475	-0.057781337099999996	0.036058978	0.0224483646	0.0023219394	0.0095695785	-0.0117473625	0.0686015336	-0.0061115148	0.1189319491	0.028910784199999998	-0.0050109086	-0.0328473014	-0.0080204348	-0.16831587679999999	0.0184958821	-0.1022054849	0.0318090132	-0.049917608499999995	0.013447704	-0.0112186831	-0.06757411519999999	-0.1093732861	-0.0007093816	0.0919458628	0.0743712266	0.04752510099999999	0.00182581	0.00376255	1.41567825025e-05	3.3335821561e-06	0.224197	0.02565899999999996	0.0006583842809999978	0.050264294808999986	0.479478	0.22365	0.229899152484	0.050019322499999984	0.0080726	0.0029924099999999987	6.516687075999999e-05	8.954517608099995e-06	-1.53474e-05	0.0	0.0	2.355426867600001e-10	1.77113e-06	-0.00011041087	1.2190560214156899e-08	3.1369014769e-12	0.0	0.0	0.0	0.0	0.0	0.0	0.0	0.0	0.0	0.0	0.0	0.0	0.0	0.0	0.0	0.0	0.0	0.0	0.0	0.0	0.0	0.0	0.0	0.0	0.0	0.0	0.0	0.0	0.0	0.0	0.0	0.0
8224.591295817763	43.147323490754395	1861.6915244158054	67643901.98324132	10416.714628287531	13.868260757073585	108507943.64717944	192.32865642618717	6259.956448715536	32.81815829759398	1077.0315140459368	39187054.73981522	6593.751169738562	10615.249269658254	1.097883	55.251263	0.1722375835	0.114653	0.061756148399999995	-0.0912561483	0.0975012638	0.0807403096	-0.0780442873	0.039392545	0.13987635939999998	0.0773735474	-0.0033920921000000002	0.09322242230000001	0.0309471123	-0.0908978284	0.0344434404	-0.1148398917	0.0171179495	-0.0342197439	-0.0003157521	-0.0743052198	-0.0450543926	0.0702294685	0.0438664787	-0.0294279654	0.019491851799999998	0.1764560643	0.05749224980000001	-0.0158775252	0.1061867916	0.1181278434	-0.043049712999999996	0.0239005114	-0.0704770639	-0.0218745998	0.022104674700000004	-0.0860653099	0.0681108962	-0.055555626399999995	-0.0101649713	-0.0541328992	-0.0151604419	0.2006443231	0.0286133239	0.0387096432	0.0080429087	0.1394786233	-0.0352747557	-0.0018800251	0.0537924501	-0.0627335996	0.0008772362	0.0736821153	0.0866516753	0.0056786205	-0.1008780382	-0.0234733871	0.15085701	-0.0029566668	-0.042606749699999995	0.10234587449999999	0.18402538	0.0260097419	-0.0194862706	-0.03040262	-0.1219036503	-0.021531140600000002	-0.0240633344	-0.037456807599999996	0.07760826230000001	-0.15829108779999998	0.031955064500000005	0.028496429	0.05266865019999999	-0.0459282749	0.026879215	0.028220167	0.1381891326	-0.0594185789	0.0008660897	-0.0107610399	0.09279758949999999	-0.0360536971	-0.006900251800000001	-0.051959438399999995	-0.009223209599999999	-0.0324473031	0.0109277637	-0.0031987726	0.0614192072	-0.061058426900000004	0.0496507526	0.0072632259	-0.0573735902	0.0685441659	-0.0362260628	0.0203682244	0.021007515299999998	0.1303367201	0.0319700984	-0.0400015259	0.0365061352	0.012125043700000001	0.0348599651	-0.12325303369999999	-0.013446544099999999	0.0203001256	-0.0025760314	-0.0643096379	0.043777279800000006	0.1043133596	-0.05040759349999999	-0.13047724130000002	-0.0922161449	-0.0538418816	0.1918791325	-0.005651967	0.0708096595	0.0095270958	-0.10950251650000001	-0.0387194498	0.08484135289999999	-0.049734172199999996	-0.0473893605	-0.0457116232	-0.0732896775	-0.0470626086	0.0520029704	-0.0039517614	0.031541023	-0.041223274	0.1524360589	0.1356506743	-0.1061088468	-0.054332630599999994	0.0140551183	-0.0305528877	0.0211250425	0.1784643024	0.0342844999	0.0613755291	0.0373858739	-0.0276660938	0.035450751600000004	-0.0400037171	-0.047607102199999994	0.0519174252	0.0013607285	-0.023276517200000003	0.034643482999999996	0.016230558500000002	-0.09400751939999999	-0.1324685836	-0.0327197662	-0.0070093031	-0.0266088612	0.0497390843	-0.1120595374	-0.014331989299999999	-0.0060691312	-0.0884237446	-0.07762338120000001	0.0167301508	0.0479637004	-0.0362116661	0.039231196	-0.0081743449	-0.0676734133	0.0949440169	0.0524490307	0.0543903918	-0.0793918127	0.1115578898	-0.015694158	0.09621635099999999	-0.057613983	-0.09297720599999999	0.0757260327	0.0891634895	-0.013752937199999999	-0.0014068907999999999	0.0191863727	0.0914206801	0.072407065	0.0435912223	-0.00190229	-0.0037281	1.3898729609999997e-05	3.6187072441e-06	0.316174	0.09197699999999998	0.008459768528999996	0.09996599827599996	0.4744640000000001	-0.005013999999999907	0.22511608729600005	2.5140195999999068e-05	0.00668843	-0.0013841699999999988	4.4735095864900014e-05	1.915926588899997e-06	-1.53474e-05	0.0	0.0	2.355426867600001e-10	4.79708e-05	4.619967e-05	2.1344095081089e-09	2.30119765264e-09	0.0	0.0	0.0	0.0	0.0	0.0	0.0	0.0	0.0	0.0	0.0	0.0	0.0	0.0	0.0	0.0	0.0	0.0	0.0	0.0	0.0	0.0	0.0	0.0	0.0	0.0	0.0	0.0	0.0	0.0	0.0	0.0
8236.977635134408	12.386339316644808	153.42140166706096	67847800.56170443	10370.559962598969	-46.1546656885621	107548513.93786073	2130.2531648229306	6253.213911621925	-6.7425370936107365	45.46180645871671	39102684.224501975	6585.546575660142	10933.380569437611	1.286055	64.721039	0.56638424	0.444919	0.12239032080000001	-0.0523393007	0.0880046226	0.1174492255	0.013448083999999999	0.1001242296	0.1153203401	0.09910180539999999	0.0288399084	-0.00010719049999999999	-0.021551028	-0.1536070473	0.0096331229	-0.0334428898	-0.0028234451	-0.007597840400000002	-0.0851747556	0.0264318523	-0.0393059352	0.0234780641	0.06497087650000001	-0.0932594866	0.10159789220000001	0.1036077091	-0.0038640481	0.0114018021	0.121057124	0.1702337082	-0.0256280833	0.0723622285	-0.0682120179	0.0371815984	0.0986758616	-0.0098787305	0.0609835091	-0.08681794220000001	0.0566004867	0.1461239913	-0.0756756932	0.20025575059999998	0.016216676200000002	-0.08180419530000001	-0.08508136849999999	0.1357041071	-0.076337555	-0.0242407407	-0.0340375687	-0.0882192764	-0.0125585575	0.0541684109	0.0297151247	-0.0417928909	-0.10991513119999999	-0.0455376715	-0.0132364416	-0.0348701524	0.051700569800000006	0.0797484886	0.0673981184	0.0599798037	0.0337272401	-0.0936866397	-0.0740191025	-0.0909429447	0.0325936851	-0.0499065233	0.0015493954	-0.0665037429	-0.1142013712	0.0154381813	0.0721651296	-0.10304732789999999	-0.034450556	0.0796405964	0.07678352599999999	0.0052540479	-0.0889952141	-0.047211136699999996	-0.066764452	0.0686091652	-0.1431078651	0.0163730993	-0.0610831783	0.0021211648000000003	0.052459889100000004	0.098783947	-0.0381690814	0.0339393023	-0.04482067	0.0374681636	0.04823434	0.0376714539	-0.041940983700000004	0.0787264792	0.0213291908	-0.1237255169	0.12776741	0.0239946921	-0.0214287202	0.105351272	-0.0807987325	0.0408376257	-0.1296777381	-0.0023959422	0.0693518445	0.10505869	0.0641999548	-0.07241410570000001	0.0016731128	0.055138019100000005	0.0089683386	-0.1014680241	0.18289428859999998	0.0287822897	-0.0393569116	0.0938834473	-0.1115246894	0.021713628199999998	0.11559940789999999	-0.042691363899999994	0.0173753694	-0.0022559301	-0.0769886055	-0.0067927487	0.058691415999999996	0.05940874860000001	0.06200661320000001	0.0365744816	0.0610101278	0.0177458382	-0.0755853752	-0.015063111799999999	-0.0983544992	-0.0614637669	0.033391199100000005	0.0680458649	-0.092370195	0.0932357357	0.10553406720000001	-0.0553624537	-0.021322476899999998	0.0928066441	-0.0054090708	0.065386214	-0.04705482	0.045250180099999995	0.1614619191	0.058417127199999995	-0.1614891789	-0.0003237476	-0.0075828697	0.0634297233	-0.053587391	0.0146572903	0.0322759401	0.0634051334	-0.0017646079000000004	0.0078518963	0.06613526089999999	0.048446386200000004	0.1176882625	-0.0737029893	0.0313553503	-0.056065394000000005	0.055908871500000006	-0.0473017266	0.0367763621	0.0119038232	0.0063015129	-0.09301750519999999	-0.0186650529	0.131089621	-0.0327105595	0.1495824404	-0.003098287	0.09521950679999999	-0.0800396477	0.0748791537	-0.0378938014	0.0908746423	0.0703768369	0.0395678606	0.00243241	0.0043347	1.8789624090000005e-05	5.916618408099998e-06	0.744374	0.4282	0.18335524000000006	0.554092651876	0.461163	-0.013301000000000065	0.21267131256900002	0.00017691660100000166	0.00886984	0.00218141	7.867406162560001e-05	4.7585495881e-06	-0.000180697	-0.00016534959999999998	2.7340490220160002e-08	3.2651405808999996e-08	0.000112182	6.421120000000001e-05	4.123078205440001e-09	1.2584801124e-08	1.0	0.0	0.0	0.0	0.0	0.0	0.0	0.0	0.0	0.0	0.0	0.0	0.0	0.0	0.0	0.0	0.0	0.0	0.0	0.0	0.0	0.0	0.0	0.0	0.0	0.0	0.0	0.0	0.0	0.0	0.0	0.0
8201.744765478288	-35.232869656119874	1241.3551042051324	67268617.1980505	10320.528633202646	-50.03132939632269	106513311.26875567	2503.133921163343	6234.798649384506	-18.415262237419483	339.121883272928	38872714.19836686	6563.351155811512	10827.320206059441	1.21624	61.2076	0.5296174900000001	0.28927	0.169527206	0.0032259571000000003	0.0633403376	0.1083781086	0.0306748316	0.1610278362	0.093978845	0.0226211105	0.0240637208	-0.0501042587	-0.0053607377	-0.1470197445	-0.0076585952	0.1152882886	0.045549333399999996	0.021251221	-0.016508332	-0.0101475024	0.030782425899999997	0.0182853804	0.0148940448	0.064952238	0.035587945	-0.07019326940000001	-0.033092776000000004	0.12273650300000001	-0.014593135600000001	0.0407659085	-0.0241579507	-0.0492110419	-0.1635125264	0.0793951854	0.038135798	-0.12348608130000001	0.055439623	0.015657038999999998	0.0903684574	-0.0605041685	-0.1473589147	0.1373890551	0.0090266766	-0.0877895801	-0.0791934171	0.1000854969	-0.1428074791	-0.1046468527	-0.0797268138	0.0045076843	0.0318607098	-0.0475205009	-0.012908308600000001	-0.028671852799999998	-0.0351856858	-0.0819796029	-0.0824691736	0.038928041499999996	0.0048170797	0.0047040895000000004	-0.0632283953	0.0252607352	-0.050535603600000006	0.0087419403	0.0375071198	-0.0719891542	0.1190543291	-0.09661425609999999	-0.0817585142	0.0792968246	0.0487862775	-0.0634698933	-0.0874973444	0.029861637000000007	-0.001655002	0.0663786726	-0.0640048192	-0.043563518499999995	0.0245274108	0.0117076205	-0.028215775699999997	-0.0799344448	-0.0657453814	-0.0826642533	-0.0327320023	0.09734781099999999	0.1610318536	0.014616036200000003	-0.046026795700000005	0.07016733139999999	0.12491544060000001	-0.011380438500000001	0.012878299199999999	0.1515604864	-0.0030481184999999996	-0.0253324401	-0.0185002883	0.0129754776	-0.0270931218	-0.1272093185	0.0015818566	0.0780245955	0.0541409687	-0.0173024284	-0.0406829815	0.0169401476	-0.0360506804	-0.0521566455	0.0117093224	0.0726144184	-0.0445552559	-0.1580736764	-0.0923149351	-0.161826518	0.110208771	0.0455728237	-0.0625959636	0.083453162	-0.0831718562	0.0882255359	0.1376666283	0.0184207657	0.0267539355	0.1190338183	-0.0216471298	0.0005447148999999999	-0.0350078698	0.0176707921	-0.011745461499999998	0.053948046500000006	-0.0043757694	-0.0330629942	0.0693371213	-0.028566376600000002	-0.0120210034	0.0161458321	-0.0278891161	-0.047858441200000004	-0.109334661	-0.0056944178000000005	0.0531023593	-0.0963547261	-0.0360753728	0.0673105663	-0.00066128	0.0351261628	-0.1284675691	0.0759560761	-0.0578119352	0.051118784	0.0847142091	-0.04901290269999999	-0.0901024991	0.08728595089999999	0.0607512272	-0.0304549864	0.062074982599999995	0.0044500463	0.0248971654	-0.1008224971	0.13056374240000002	0.10190895330000001	-0.0675303801	0.1218683895	-0.114289729	-0.06917671360000001	0.0185995755	0.0918926714	0.04884270860000002	0.031441993700000004	-0.045777369299999995	0.10080685539999999	0.0185783627	0.00011903280000000001	0.0152895899	-0.0220076989	0.0609258213	0.1454249808	0.0444167332	-0.0340263018	0.0580510299	0.0903078742	0.06828239480000001	0.035463275	0.0281406	0.02570819	0.0006609110330761003	0.0007918933683600001	0.963126	0.21875200000000009	0.047852437504000034	0.927611691876	0.526572	0.06540900000000005	0.27727807118400005	0.004278337281000006	0.012079800000000005	0.003209960000000005	0.00014592156804000013	1.030384320160003e-05	0.000435552	0.0006162489999999999	3.797628300009999e-07	1.89705544704e-07	-0.000456575	-0.0005687569999999999	3.2348452504900005e-07	2.08460730625e-07	0.0	1.0	0.0	0.0	0.0	0.0	0.0	0.0	0.0	0.0	0.0	0.0	0.0	0.0	0.0	0.0	0.0	0.0	0.0	0.0	0.0	0.0	0.0	0.0	0.0	0.0	0.0	0.0	0.0	0.0	0.0	0.0
8177.009187979058	-24.735577499230203	611.8487942204235	66863479.26029393	10327.811146953554	7.282513750908038	106663683.08713809	53.03500653216466	6218.761903854225	-16.036745530280314	257.17720720296563	38672999.61682863	6546.866479998593	10668.903384194144	1.009039	50.78014	0.22141220000000006	0.156769	0.1629289534	-0.017791061599999998	0.0662942294	0.0694107472	0.0080864161	0.16036931199999999	0.0941723926	0.0255375142	0.0276715409	-0.050803932	0.0255373757	-0.08938348859999999	-0.0153206273	0.053983101299999996	0.0164851582	-0.048294711399999996	0.018385941399999998	-0.062497003499999995	0.027391573500000002	-0.0249595171	0.0273351312	-0.1752763384	0.0472492849	-0.026050536800000003	-0.006948875	0.1201275205	0.0091321728	0.0260986045	0.0551321397	0.0289511392	-0.0120279806	-0.0241465107	0.0690966357	-0.1013469364	-0.0324936636	0.0574276362	0.1160937787	0.0133429599	-0.1634470459	0.0783615401	-0.011664151000000001	-0.05927435230000001	-0.056532655599999995	0.11096381949999999	-0.099758931	-0.0483077979	-0.0509437567	-0.042764324000000006	0.0906599371	-0.036000447000000005	0.0874482991	-0.0035349484	0.045724281	-0.1950720544	0.09425342210000001	0.0710099476	0.1048882108	0.013044316799999999	-0.0845823148	-0.0329692281	0.012094792	0.0014432191	0.0157017336	-0.0117634249	-0.0006415929000000001	-0.1105471523	-0.0025414854	0.0349453417	0.0466054306	-0.0047798551	0.0568536281	-0.0587867871	-0.0271905881	0.0588471395	0.0612770938	0.0262967536	-0.0310573805	0.032577185	0.24543818679999999	0.0441915083	-0.052269244900000005	0.0967389835	0.053717183200000004	0.0056640502	-0.1393997954	0.0614746575	0.06975668809999999	-0.0672081759	0.064237399	-0.003681921	-0.0420867296	-0.0406512363	0.08204582070000001	-0.1308957418	0.0351191903	-0.1829824268	0.0044462092	0.0560430187	-0.0710146389	0.0508517801	-0.051689100700000004	0.0169053976	-0.055456291100000006	0.0017675651	-0.016499969	-0.0621448287	0.0009056963000000001	-0.0028961939000000003	-0.0576348057	-0.0050309294	-0.0177564044	-0.1748123346	0.0633635475	0.0410502294	-0.0389310931	0.053476708899999996	-0.096563413	0.0550598237	0.0772946119	-0.0105495196	0.0388501802	0.0823576045	-0.112800761	-0.0264904172	-0.0077476739	-0.0263555173	-0.0613519866	0.043163698	0.0386659071	0.1298612442	0.0805443568	0.1427929815	-0.0712647096	-0.0851113732	-0.068169288	0.0132822135	-0.10967220849999999	-0.051244528399999996	0.0090769239	0.0006297058	-0.0938980843	-0.036325394500000004	0.0047533129999999995	0.0782661119	-0.0416565244	-0.008016523499999999	0.0203250091	0.0327274558	-0.0310087306	-0.0100508443	-0.0995532664	-0.1161218516	-0.0343562375	-0.12526091150000002	-0.0204150243	0.155143219	-0.027836212599999997	0.038261601299999996	-0.0544509403	0.0398567386	-0.024717868599999998	-0.0969971201	0.13198983150000002	0.045009876399999996	-0.013492770900000001	0.0913392329	-0.044962343499999995	-0.0984557251	-0.120255117	-0.0899869795	-0.0726418315	-0.1598846579	-0.0428802228	0.008534103000000001	-0.0080080151	-0.014499114799999999	0.011750399299999999	0.0733265108	0.0016051446	0.089720505	0.0661256498	0.0312858913	0.0268367	-0.0013039000000000002	1.7001552100000004e-06	0.0007202084668899999	0.817284	-0.14584200000000005	0.02126988896400001	0.667953136656	0.538311	0.011738999999999944	0.289778732721	0.00013780412099999867	0.0110373	-0.0010425000000000052	0.00012182199129000001	1.086806250000011e-06	0.00024493700000000003	-0.00019061499999999996	3.633407822499997e-08	5.999413396900003e-08	-0.000474006	-1.7430999999999935e-05	3.0383976099999774e-10	2.2468168803600002e-07	0.0	0.0	0.0	0.0	0.0	0.0	0.0	0.0	0.0	0.0	0.0	0.0	0.0	0.0	0.0	0.0	0.0	0.0	0.0	0.0	0.0	0.0	0.0	0.0	0.0	0.0	0.0	0.0	0.0	0.0	0.0	0.0
8172.984183493969	-4.0250044850890845	16.200661104987248	66797670.46364258	10334.596294973644	6.785148020089763	106803880.58008295	46.038233654528035	6218.602387893719	-0.1595159605058143	0.02544534165609251	38671015.65871747	6547.411447903892	10578.204114462224	1.040571	52.367004	0.32459805	0.290744	0.1209355346	-0.0362177485	0.10234345269999999	0.0439451537	-0.0317792883	0.13404932220000002	0.0667329794	0.0472042853	0.014531728300000001	0.0200458378	-0.0325135862	-0.0225318679	0.020721255	-0.0334834734	0.023208673	-0.0749768372	-0.0506138515	-0.042956895999999994	-0.013374710900000001	-0.10802709519999999	0.0022673649	-0.059558440199999986	0.0699426337	0.023186614700000004	-0.0847502791	0.1386181505	0.0027799745000000003	0.0788469379	0.0253977337	0.0193345896	-0.0855797267	-0.0362483066	-0.0175094137	-0.0074718179	0.0337038833	-0.051334367400000004	-0.0778533516	0.10024370490000001	-0.093977614	0.1015685439	0.06090654490000001	-0.0083343185	-0.027341397000000003	0.0904080748	0.011660239199999999	0.062448225999999996	-0.0175297571	-0.0798960354	0.0346076146	-0.0050166994	-0.0036212478999999996	-0.1379372841	-0.1067944874	-0.14280133009999998	-0.0138189326	0.0933990224	0.0970373842	-0.0085274047	0.0353673791	-0.08771497199999999	-0.0016266375	0.09494884630000001	0.0148647284	0.0959892777	-0.0290634355	0.08670756560000001	0.0497252385	-0.0426100165	-0.023624984100000003	-0.0715473308	-0.0374725247	-0.1052573982	0.0425068885	-0.0418917588	-0.0046886665	-0.0519807491	-0.0396140452	0.0557604503	0.060288973499999995	0.0082118976	-0.0439237154	-0.0104355037	-0.027939839700000003	-0.0110601604	0.0200251485	-0.0265181223	-0.1291770028	-0.084099655	-0.0517444099	-0.1411046005	0.0256460817	-0.0362239978	0.0358965852	0.0565149259	-0.0215710719	0.013081697	0.0339034562	-0.0645446997	0.0088264948	0.0187000348	-0.049435800499999995	-0.012494788500000001	0.0002429754	-0.0452316782	-0.0743111451	0.06683117570000001	-0.032102069500000004	0.052148760700000005	0.0924701909	0.1060402986	-0.028102350800000002	-0.1200153334	0.0970441579	-0.0338314399	-0.0197180388	0.0075316389	-0.08589695509999999	0.0003853235	-0.0242561681	-0.0661246756	0.0003601022	0.0087306235	-0.0777392401	-0.0007567633	0.06377026599999999	0.13095012720000002	-0.0165557522	0.1142833265	0.1007190365	0.07738526820000001	0.0809429715	-0.047943807000000005	-0.0385847519	-0.0562897822	-0.0398484213	-0.0065634652	-0.0126808926	-0.1217096462	-0.0481050159	0.0488744721	-0.0467815975	0.060027381500000004	-0.046576830599999994	-0.11129012939999999	-0.046678334800000006	-0.021615424100000002	0.0179089361	-0.0151592961	-0.0882298968	-0.036155277	0.025343915800000002	-0.0255963671	-0.07215368009999999	-0.038750520499999996	0.0073859619	-0.019704271699999998	-0.0251679695	-0.0165518842	-0.0029159840999999995	0.0175915749	-0.0665651326	-0.0620719053	0.0072071485	0.027608024100000003	0.0311638892	-0.1224100647	-0.06638104980000001	0.0337953596	-0.047247894000000006	0.0034686534999999997	0.0175114319	0.0468303846	0.019583189299999998	-0.024009201299999998	-0.0026363627	-0.008826978499999999	-0.0125935123	-0.0976106378	-0.107654526	0.0891126687	0.0639085696	0.0270442847	0.0267476	-8.910000000000168e-05	7.938810000000301e-09	0.00071543410576	0.527967	-0.28931700000000005	0.08370432648900003	0.27874915308899995	0.546212	0.007901000000000047	0.298347548944	6.242580100000074e-05	0.010609899999999998	-0.0004274000000000014	0.00011256997800999996	1.8267076000000123e-07	0.000363356	0.00011841899999999998	1.4023059560999996e-08	1.3202758273600002e-07	-0.000474006	0.0	0.0	2.2468168803600002e-07	0.0	0.0	0.0	0.0	0.0	0.0	0.0	0.0	0.0	0.0	0.0	0.0	0.0	0.0	0.0	0.0	0.0	0.0	0.0	0.0	0.0	0.0	0.0	0.0	0.0	0.0	0.0	0.0	0.0	0.0	0.0	0.0
8176.977959927981	3.993776434012034	15.950250204869876	66862968.55714797	10336.188512391403	1.592217417759457	106836792.963692	2.535156305416593	6215.859470916934	-2.7429169767856365	7.523593541538856	38636908.96218775	6546.3120395442575	10648.613180552302	0.8517030000000001	42.862156	0.162327	0.101522	0.09379010019999999	-0.017964523200000002	0.1269414782	0.036695578199999995	-0.0288264877	0.1168609058	0.0482031979	0.0093326496	0.020870818200000002	0.0183926774	-0.0364392237	0.0283064351	0.0475103846	-0.0172519999	-0.0362236971	-0.081333765	-0.0262125176	-0.13191846769999999	-0.0622988691	-0.1091947645	0.1013530226	0.0346723312	-0.0428867058	-0.1247332387	-0.06838339110000001	0.1550713811	0.0162208938	0.0275354844	-0.03563758	-0.0291122048	0.0041751416	0.056330459699999995	-0.033662577	-0.0434165311	0.0397581467	-0.018589654	-0.1167397742	-0.0341331195	-0.09396174119999999	0.0377588149	0.0431997213	0.0373490659	-0.0434236084	0.06932102309999999	0.0060973323	0.07529393820000001	0.0018145633999999999	-0.0267670767	0.07913163349999999	-0.0482757266	0.026495725499999997	-0.0994526632	0.0746269953	-0.0449524658	0.0624308082	0.03054648	0.04937555019999999	0.0414335184	-0.0126834952	-0.0780070867	-0.018580343200000002	-0.020094201000000003	0.10860950800000001	0.0028328554999999997	0.0174898888	0.0140797547	-0.0015479073000000002	0.0138883423	-0.044136879299999994	-0.0801325245	-0.039465704500000004	0.0684108371	0.0446569159	-0.0612469753	-0.0381010404	0.08046387990000001	-0.1012411244	-0.045925722	0.09430139189999999	0.0413757075	0.0793206381	0.0386434346	-0.0376346558	-0.048176438499999995	0.0617464929	-0.0650654731	-0.050338159699999996	-0.1023121151	0.1031995505	0.0855175132	0.023150881	-0.004238857899999999	-0.061164795	0.0063974089	-0.043311463	-0.0030183047999999997	-0.0193788139	-0.057283737599999995	-0.037132902	-0.0298521028	-0.0113802929	-0.0656117561	0.0729243397	0.0696450033	0.05893801730000001	0.0046740045000000004	3.62165e-05	0.0049982455	-0.0584244175	-0.022110733599999998	0.0284116284	-0.1101654486	0.0383173276	-0.0480180722	0.020798952199999998	0.0084295068	-0.0582128496	0.0181145708	-0.0533042647	-0.0796427923	0.0184503934	0.0178742276	-0.09578873130000001	-0.0147258933	0.0018674632	-0.011786719199999999	-0.1165150706	0.007961913499999999	0.0686355977	0.0087282473	0.0232235774	0.0115207539	0.0713946842	-0.07519083389999999	-0.0764626021	-0.1435321297	-0.050351291	-0.0779318681	-0.031956621	-0.0092499555	-0.0478974407	0.06496864620000001	-0.0113108058	-0.0378663679	0.0533586347	-0.1081876453	0.0300522482	-0.0181536448	0.022736329399999998	0.0662816625	0.0117593341	0.036801064	0.0404036731	-0.0603635087	-0.053350644	-0.0064195499	-0.1652348311	-0.0188316416	-0.028995751099999998	-0.0297919427	-0.0174786861	0.0489611513	-0.013604099599999999	-0.0816009541	-0.0658846164	0.0897800165	-0.07035432230000001	0.0394256635	-0.0007964887	-0.0049967219	-0.011468503799999998	0.0045940518	0.0313714032	-0.006639345699999999	0.0845398129	0.0625137528	-0.0061350418	-0.025400571299999997	-0.0585074846	0.088484504	0.0616331773	0.0227471623	0.0235058	-0.0032417999999999995	1.0509267239999997e-05	0.00055252263364	0.437317	-0.09064999999999997	0.008217422499999991	0.191246158489	0.50547	-0.040742000000000056	0.25549992089999995	0.0016599105640000046	0.011087	0.0004771000000000011	0.000122921569	2.276244100000011e-07	0.000286592	-7.6764e-05	5.892711696e-09	8.2134974464e-08	-0.000474006	0.0	0.0	2.2468168803600002e-07	0.0	0.0	0.0	0.0	0.0	0.0	0.0	0.0	0.0	0.0	0.0	0.0	0.0	0.0	0.0	0.0	0.0	0.0	0.0	0.0	0.0	0.0	0.0	0.0	0.0	0.0	0.0	0.0	0.0	0.0	0.0	0.0
8144.921530660225	-32.05642926775636	1027.6146573986664	66339746.74061249	10330.80509796348	-5.3834144279226175	106725533.97210824	28.981150902765393	6211.753373060489	-4.1060978564446495	16.860039606699342	38585879.96772836	6543.307765138658	10725.344820090932	0.943124	47.462963	0.24785785	0.14641700000000002	0.0749573564	0.0250624485	0.15527288390000002	0.0154605123	-0.0468387625	0.0821678322	0.0054579366	0.0177841295	0.0294756587	0.0674254071	-0.0571850185	0.041138526200000004	0.0688310189	-0.0115110747	-0.0165804622	-0.019733783799999998	0.0092707081	-0.0797767088	-0.0365533594	-0.0670449792	-0.0391750034	-0.0749159484	0.0726998632	-0.0341312853	0.04601418559999999	0.0322711123	0.027511739	-0.0595999489	0.1199736924	-0.08938703949999999	-6.45936e-05	0.1779555167	-0.051909134	-0.0127550431	-0.08664583210000001	-0.0202740486	-0.0353397399	0.053538041200000004	-0.0755445931	0.0028869059000000002	0.0581115534	0.1153195134	-0.045428445	0.010041559	0.0219949827	0.0657839592	-0.049185408099999994	-0.0725343406	0.1160075918	-0.0230246947	0.0135538218	-0.06267020549999999	0.08120849769999999	-0.0256693721	0.0506486576	-0.0017201961999999999	0.0465836283	0.0177234213	-0.0903344184	-0.0770660197	-0.0119495255	-0.0494658274	-0.0397388588	-0.0235841381	0.096759475	0.0526964001	-0.0321076108	-0.0188540783	0.0123546408	-0.042044323099999996	0.0133382385	0.0421460975	0.0870622283	-0.0817368741	0.0050496012	-0.030491224100000002	0.040994148700000003	0.0197247198	-0.0041076856	-0.10417799960000004	0.0138660846	-0.0677338608	0.0070479971999999995	0.0388554944	0.0524888735	-0.0419484787	0.0484718402	-0.0470035225	-0.0979422689	0.0332222752	0.08263204889999999	-0.023220751	-0.1255993363	0.0826794033	-0.067347925	-0.023170849500000004	0.0108716263	-0.1060624205	0.017866856	0.065885703	-0.0932878067	0.07443686070000001	0.0435402473	-0.0725141706	0.0232367835	-0.0428448204	0.0825035137	-0.14001158789999998	-0.11463466720000001	-0.038402200899999996	0.1872874853	-0.085730391	0.0068944705	-0.0939296528	0.06745679759999999	-0.014753873999999997	0.0028909497999999997	0.0172194873	-0.0681335572	-0.08597778210000001	0.0573203421	0.0644418202	-0.1024928691	0.0006468487999999999	-0.014431973600000004	0.0058794952	-0.0510956559	0.0149456827	0.002011678	-0.0012892585000000001	0.0313546017	0.0986893299	0.0098943328	-0.0643951106	-0.0933731306	0.0009694195	0.0036383058000000004	-0.0205700796	-0.029317448700000002	-0.0782189269	0.0048226206	0.0738114883	-0.10964571449999999	-0.0039357114	-0.0128546179	-0.109709796	-0.0058608955	0.0336355873	0.0776652095	-0.0347457138	-0.0067954566	-0.0905072749	-0.0009316162	0.0170141488	-0.025745518399999997	-0.09766131310000001	0.0701618139	-0.011539809199999999	0.0268764033	-0.0390297825	0.0063975088	-0.0279674106	-0.0893113178	-0.1158543065	-0.0834625141	-0.0654004779	0.062057219800000014	0.1000860995	0.1233537428	-0.0105055976	-0.0766426043	0.047147101	0.1005449495	-0.0025720125	-0.10331752220000001	0.0567575904	-0.0063915238	-0.0133399252	-0.0552008933	0.087836154	0.059301549	0.0184033451	0.0268515	0.0033457	1.119370849e-05	0.00072100305225	0.331391	-0.10592600000000002	0.011220317476000006	0.109819994881	0.477233	-0.028236999999999964	0.227751336289	0.0007973281689999974	0.0130628	0.0019758	0.00017063674383999998	3.9037856399999985e-06	0.000333619	4.7027e-05	2.2115387289999998e-09	1.1130163716099999e-07	-0.000658162	-0.00018415600000000004	3.3913432336000016e-08	4.3317721824399995e-07	0.0	0.0	0.0	0.0	0.0	0.0	0.0	0.0	0.0	0.0	0.0	0.0	0.0	0.0	0.0	0.0	0.0	0.0	0.0	0.0	0.0	0.0	0.0	0.0	0.0	0.0	0.0	0.0	0.0	0.0	0.0	0.0
8115.054843952575	-29.866686707649933	892.0189748929132	65854115.12035815	10340.663129614433	9.858031650952398	106929313.96016736	97.18078803117926	6216.1702556953405	4.416882634851389	19.50885221005176	38640772.64779148	6545.9896601038345	10517.31192090289	0.9004489999999999	45.31534600000001	0.14197565000000004	0.07934719999999999	0.061361939500000004	0.0398152659	0.1549331133	-0.0321066416	-0.08954483630000001	0.0783387325	-0.0167152829	0.0317783002	0.0534732012	0.072677133	-0.023828968399999997	0.0707249365	0.0939676289	0.0052965652000000005	-0.0567924705	-0.0084921135	0.0808789742	-0.08924984779999999	-0.0273939917	-0.14062238189999998	-0.0755290962	0.0816626065	-0.0478430587	-0.09246997230000001	0.0082461465	0.0381756479	0.015859793	0.0170242884	0.049676028399999995	-0.0717518026	-0.0362860631	0.026514774799999998	-0.020200733000000002	0.033384905	-0.1299423393	-0.0115943214	-0.020101425	0.014846203700000001	-0.0645251582	0.012598202099999999	0.0725569276	0.12865296210000002	-0.0311698388	-0.0121578707	0.045180447400000004	0.0490756919	-0.0221644595	-0.0090635201	0.1335369305	-0.0912784093	0.0719220182	-0.0537400351	0.0506465339	-0.056658246399999994	-0.0449793704	-0.068963462	0.04930794980000002	0.0949300228	-0.1261668409	-0.014845175300000001	-0.0421056276	-0.0890957492	-0.036220612	0.025748717799999998	-0.079335885	0.0335468668	-0.1116465542	-0.0404306495	0.0043026117	-0.08696289089999999	0.0434124648	0.030959871899999998	0.1041242785	0.0794340101	0.042102039699999996	0.043480877	0.0191603846	0.0176515597	-0.0678033992	0.028108310299999998	0.0718032745	0.0602410002	-0.0072418635	0.0420820485	-0.0012384693	-0.0252847424	-0.0246318876	0.031885517	0.028261107400000002	-0.034897392400000005	0.100975316	0.0877524544	0.011836018200000001	0.0580929792	-0.036859352799999995	0.1441535863	0.0001506534	0.029788330800000002	-0.058145951200000004	-0.0054814198	0.14906926199999998	-0.06948619860000001	0.0681946773	0.1059388089	0.0230308436	-0.0124406483	0.0954873056	0.027926727400000004	0.0739234524	-0.0177277986	0.0022883631	-0.073141078	0.014184901699999999	-0.10503834849999999	0.0715933473	-0.0177577041	0.029495531499999998	-0.0004881544	-0.0949899773	-0.060682187699999994	0.0125182096	0.0894527391	-0.09133989070000001	-0.046643917699999995	-0.07543112240000001	0.008727440500000001	-0.055342162	0.0772500822	-0.022467603399999998	-0.0483536143	-0.0594212458	0.0645006814	0.0360651762	-0.10968863390000001	-0.10755579800000001	-0.0842071957	0.022090020099999996	0.0423445838	-0.06473113929999999	-0.0334015051	0.1521119876	-0.0340410302	-0.0710622338	0.019254399199999998	-0.043129448499999994	0.010787126999999999	-0.0251547106	0.0303439364	0.0479743701	-0.022617009599999998	0.0078794057	0.1189525643	-0.05556258730000002	0.0909625991	-0.009224372199999999	0.040484655099999996	-0.0620612195	0.0303920775	-0.0554946701	0.05502992599999999	-0.0568867997	0.0443288066	0.0185519603	-0.0363878798	-0.029085678599999998	0.036763680800000004	0.019958761999999998	0.1159056399	-0.026167961099999998	-8.9959e-05	0.14233775029999998	0.036068848199999996	0.0092624513	-0.0419801095	0.0159398853	0.05020809440000002	-0.034079162999999996	-0.0230767352	-0.0004775788	0.0871677669	0.0569158121	0.01402175	0.0267913	-6.0199999999999844e-05	3.624039999999981e-09	0.0007177737556900002	0.277305	-0.05408599999999997	0.0029252953959999963	0.07689806302500002	0.443557	-0.03367600000000004	0.196742812249	0.0011340729760000027	0.0140421	0.0009793000000000009	0.00019718057241	9.590284900000013e-07	0.000435553	0.00010193400000000003	1.0390540356000006e-08	1.8970641580900004e-07	-0.000659997	-1.8349999999999443e-06	3.3672249999997956e-12	4.3559604000899993e-07	0.0	0.0	0.0	0.0	0.0	0.0	0.0	0.0	0.0	0.0	0.0	0.0	0.0	0.0	0.0	0.0	0.0	0.0	0.0	0.0	0.0	0.0	0.0	0.0	0.0	0.0	0.0	0.0	0.0	0.0	0.0	0.0
8101.189061422807	-13.865782529767785	192.25992516281352	65629264.20891654	10332.680724692895	-7.982404921538546	106764290.95844008	63.7187883314028	6210.601551016376	-5.568704678964423	31.010471801520254	38571571.625487015	6543.617593182347	10389.374385147321	0.898941	45.239437	0.19991240000000007	0.140059	0.0821159344	0.0767011341	0.132168247	-0.0789379612	-0.11078447359999999	0.0702330534	-0.0343233768	0.0342462388	0.0666319901	0.026684366	-0.0233288242	0.0658742419	0.11705459720000001	-0.0539047233	-0.061918615	-0.024799536	0.0617698889	-0.1187948542	-0.0005694502	-0.0217043368	-0.0883911161	-0.0708332012	0.039707513	-0.027394085099999996	0.0721153993	0.043435984299999994	0.07795737230000001	-0.0301642037	0.09746533339999999	-0.0514554722	-0.0577063723	0.0740267791	0.029681060699999998	0.0235179128	-0.0827743202	-0.047312865	0.011899993000000001	-0.0561715254	-0.0755175658	0.004594437	0.0804867615	0.12256566640000001	-0.0200504072	-0.0350095859	0.0916757681	0.045070060999999995	-0.0101863128	-0.060411800000000015	0.11102274570000001	-0.0515954063	0.0460854896	-0.0387247458	0.0154553249	-0.0095383095	0.024589475899999998	-0.0535712569	0.1385706797	0.044258641200000004	-0.1392021353	0.0364894188	-0.0009882209	0.024341914	-0.0646071953	-0.0027937609999999996	0.061564878499999996	-0.042987179699999996	-0.0140919098	-0.0285885458	0.062123425999999995	0.040231398700000004	-0.0227957102	0.0418875114	-0.0174023198	0.0686524171	-0.0200819799	-0.0761692067	-0.0126823	0.023515040600000002	-0.084069669	0.0056823714	0.0478721008	0.0209540645	0.014522025	-0.11967034060000001	-0.11432286960000004	-0.05783393780000001	0.06067903650000001	0.0166382866	0.1392290397	0.047246237999999996	0.05947170280000001	-0.07588719370000001	-0.0605562755	0.06261442730000001	-0.0728618558	-0.0896511428	0.06619627110000001	0.0659349211	-0.0574098725	0.0420244055	0.1498333069	0.0306310639	0.0732185001	-0.0735026316	0.1837669565	0.0334660758	-0.11388248699999999	-0.015951552	-0.0803846958	0.0127178379	0.023166596400000003	-0.0746357018	0.003698576	-0.1071968411	0.0510333168	-0.021573597599999998	0.0686757451	-0.0325615423	-0.0901566086	-0.1017182782	0.0164569742	0.0950243385	-0.0823237106	-0.0279050027	-0.055082955499999996	0.0387435744	-0.0069082360999999995	0.006762858	-0.0552431659	-0.0119820344	-0.0197334843	0.10604970300000001	-0.0708936768	-0.0962720694	-0.1326862132	0.0043670720000000005	0.0660464521	0.0115948293	0.009100535600000001	-0.040665638	0.057250086299999996	0.0121676024	-0.0345322288	0.0195479572	0.0044336873	0.0484883584	-0.0336237331	-0.0373396289	0.0178609246	0.0379415945	-0.0961523418	0.0234941896	0.1315194068	0.0397713258	0.0343417704	-0.0663651935	-0.034250388300000004	0.0812709419	0.010903638899999998	0.0141689891	0.0759848109	0.06993506599999999	0.1150109117	-0.05902179110000001	-0.008295016899999999	0.0228426754	-0.024671102200000003	-0.0721635991	-0.0035479651	-0.050675104400000004	0.0223347861	-0.007554602	0.07977443769999999	-0.0674692418	-0.1323558561	0.0425445354	-0.023512161200000003	-0.010058377700000001	-0.0886134058	0.08647949490000001	0.0544781434	0.0096113714	0.0291858	0.0023945000000000012	5.733630250000004e-06	0.00085181092164	0.345418	0.06811299999999998	0.004639380768999997	0.119313594724	0.449145	0.005587999999999982	0.201731231025	3.12257439999998e-05	0.0164175	0.002375400000000001	0.0002695343062500001	5.642525160000008e-06	0.000435553	0.0	0.0	1.8970641580900004e-07	-0.000760935	-0.00010093800000000008	1.0188479844000014e-08	5.79022074225e-07	0.0	0.0	0.0	0.0	0.0	0.0	0.0	0.0	0.0	0.0	0.0	0.0	0.0	0.0	0.0	0.0	0.0	0.0	0.0	0.0	0.0	0.0	0.0	0.0	0.0	0.0	0.0	0.0	0.0	0.0	0.0	0.0
8097.890743416229	-3.298318006577574	10.878901672513864	65575834.49230625	10337.541469165762	4.8607444728677365	106864763.62672184	23.62683683051425	6204.8740184142725	-5.727532602103566	32.80462970815924	38500461.58439248	6538.469978938344	10252.001726879653	0.965434	48.58569	0.2540033999999999	0.16963599999999998	0.1180416648	0.0789446107	0.0724828673	-0.0670618793	-0.1513122683	0.103634533	0.0388811825	0.0192142446	0.0790127394	0.0332365571	-0.0319851642	0.1148635607	0.0814155043	-0.0379345866	-0.028545318599999998	0.0639863272	0.0505412375	-0.0727124719	-0.0062142872	-0.1529212426	-0.149406927	0.077103035	0.0347576632	0.0202467219	0.0409267371	0.0516561824	0.0772625082	-0.009225594	0.0199101018	-0.0818033893	-0.0027547244	-0.0576451137	-0.0025752564000000003	0.0386935062	-0.0942378113	-0.038444344	0.0571207378	-0.09922624109999999	-0.111351061	-0.0001641887	0.1257691312	0.09783176730000001	0.0157761467	-0.029323531099999998	0.060570655	0.0029227148999999997	0.0006964553	-0.10863713109999999	0.1262867426	-0.0110275923	0.038472275800000004	-0.0064552815	-0.0036306276	-0.0265346833	-0.083744103	-0.0568341821	0.052751912699999993	0.0898527389	-0.0194934697	-0.020714689799999998	0.0453870355	0.0388437791	-0.0690935072	-0.098349707	-0.0760547523	0.0506760001	-0.0138551588	-0.0176796153	0.0170709016	0.0121599894	-0.0237727054	-0.004839448499999999	-0.10406030220000001	-0.014688423700000001	-0.09580126470000001	-0.0011442762	0.0922731285	-0.0103772976	-0.1468333121	0.017194239899999998	0.06830078	-0.0556943561	0.0323987261	-0.012241020900000002	-0.11620163480000001	-0.0758840169	0.044931571100000005	-0.0851765589	-0.0245082514	-0.14310707179999999	0.04440128	0.0360095574	0.0237996361	-0.09658364480000001	-0.0688173475	0.123255024	-0.0398579895	0.1022621258	0.0483433246	0.031998738799999996	0.025785075	-0.0246303963	-0.1068580941	-0.0319058223	-0.0291426836	-0.027264637999999997	-0.061208131799999996	0.050635514000000006	0.0329820169	-0.0579314229	-0.0060916825	-0.1217346475	0.0047352401	-0.1207815595	0.0186716136	-0.067504153	0.0612463024	-0.040392248	-0.033069480400000004	-0.0943383942	-0.0071452107999999985	0.0861207697	-0.093358939	0.039486868700000004	-0.0091274657	0.030584786	0.0071973240000000015	0.075475846	-0.0601855362	0.0158345008	-0.10221224949999999	-0.01369459	-0.0179751413	-0.1094914983	-0.055804415499999996	0.072861547	0.0034773328000000004	0.0690464658	-0.08275734929999999	-0.009160161	0.0771605354	-0.11548186939999999	-0.0232584559	-0.000715722	-0.0466299848	0.0215440469	-0.0373853217	-0.08310941990000001	0.0350484209	0.0615336092	0.0507061818	0.0251132987	0.0805828068	0.071315933	0.08286707900000001	-0.1074748917	0.07771507009999999	0.022789645600000002	0.0153688269	-0.0005714223	-0.2012423961	0.0382490532	0.0503585237	0.020950948	0.0024932413	-0.0460821777	0.0371721733	-0.0484714782	0.0277035064	0.0427247063	0.07127990299999999	-0.0308930617	-0.0935405735	-0.13636092460000002	-0.0482205738	-0.073849484	0.045507657699999995	0.08713137630000001	0.0015684610000000002	0.08577149519999999	0.051990767199999996	0.0051812628	0.0302087	0.0010228999999999967	1.046324409999993e-06	0.00091256555569	0.401687	0.05626900000000001	0.0031662003610000017	0.161352445969	0.601491	0.15234600000000004	0.361791423081	0.02320930371600001	0.0172521	0.0008345999999999977	0.00029763495441000005	6.965571599999964e-07	0.000435553	0.0	0.0	1.8970641580900004e-07	-0.000708225	5.270999999999998e-05	2.778344099999997e-09	5.01582650625e-07	0.0	0.0	0.0	0.0	0.0	0.0	0.0	0.0	0.0	0.0	0.0	0.0	0.0	0.0	0.0	0.0	0.0	0.0	0.0	0.0	0.0	0.0	0.0	0.0	0.0	0.0	0.0	0.0	0.0	0.0	0.0	0.0
8103.199705133458	5.308961717229066	28.18507451500381	65661845.46127497	10315.828095851215	-21.713373314547425	106416309.30315329	471.4705806969002	6200.362937321184	-4.511081093088251	20.349852628418287	38444500.55450618	6532.967061255532	10293.170622005842	0.966081	48.618282	0.27200765000000005	0.165152	0.137705229	0.0895497925	0.0303034329	-0.0846321402	-0.1303421327	0.1335360566	0.0442213023	0.0492686739	0.0891670093	-0.0058160681	0.0354918959	0.1369855336	0.0740535267	-0.0835301209	-0.0436870345	0.0368721782	0.0424548866	-0.0515748293	-0.0955037294	0.0152825155	-0.0047023791	-0.0400506137	0.035525625299999995	0.0426683454	-0.0184580416	0.0105581036	0.0395356809	-0.07158216440000001	-0.0002407396	0.0142341365	-0.10813114089999999	0.0139641844	-0.042105971900000004	-0.017868213100000002	-0.0706346281	0.0042744384	-0.0866375196	0.11526030890000001	-0.1410606482	0.029687020699999997	0.1163499234	0.0540701638	0.028618803999999998	-0.0460801001	0.0809138701	0.011660773400000001	0.0430021562	-0.0405961	0.0920456568	-0.0078857812	0.0442869836	-0.0092716075	0.048322512699999993	0.1041254292	0.0513232142	-0.014025096200000002	0.0698742614	0.09902632759999999	0.0162941979	0.10098938589999999	-0.0211598458	-0.051466857000000005	-0.1347177683	0.053785106299999996	0.0046550688	-0.019565104099999998	-0.0616606424	-0.038266232000000004	-0.0059838298	0.023309210499999997	-8.58473e-05	-0.0285995377	-0.1046301835	-0.0256548602	-0.12275357529999999	0.0379754448	0.0061135782	0.0318911727	-0.0052636089	-0.0237719544	0.1710786487	0.0191383636	0.0777990798	-0.18658173109999998	0.007375589	0.1267354117	0.0566622496	-0.116696652	-0.0174138855	0.0710388858	-0.0631472621	-0.033472505699999995	0.0678296521	-0.009059820500000001	0.0366493883	0.0069343832	-0.09227625710000001	-0.0578684536	0.0078414565	-0.0771264089	0.0063304349	0.1205806362	0.0300758333	-0.0619251464	0.0047800745	0.0975142197	0.0234925502	0.1221554007	-0.058373446100000004	0.061618305899999996	0.0813953747	-0.1479482816	0.033838224	-0.0960789798	-0.015560841399999999	-0.06597159849999999	0.0695315566	-0.0658198877	-0.053426021100000005	-0.0513126099	-0.014590156299999999	0.0298510644	-0.10242950630000001	0.0105404473	-0.0003785662	-0.0372713889	-0.0553103175	-0.0474094503	0.0482944363	-0.0045442906	-0.0762759301	0.0198353096	-0.0653805722	-0.0569837538	0.0326438714	0.050107069500000004	0.1602063542	0.0773202704	-0.0347683941	-0.0564512667	0.0693193134	0.0315020821	-0.0779481211	0.0499564632	0.040191	0.0961960251	0.0514040385	-0.0224632568	0.0026658516999999997	0.104727725	0.0073817957999999986	-0.049245553399999996	0.0757217338	-0.1331091057	0.0948755374	-0.057592745	-0.0609807639	-0.0149722968	-0.0337487374	-0.1434893128	0.0119343443	-0.1026568174	0.021362923399999997	0.1745273663	-0.08481408929999999	0.0766751726	0.0643165416	0.060288788899999994	0.0995537933	0.002570241	0.0295420895	-0.08788556060000001	0.07555577150000001	0.0191680388	-0.0357751595	-0.073438564	0.015799422	0.0408584715	-0.0065411858	0.08504392919999999	0.0494559531	0.0007405182000000001	0.0337414	0.0035327	1.2479969289999998e-05	0.00113848207396	0.532207	0.13051999999999994	0.017035470399999992	0.283244290849	0.678782	0.077291	0.460745003524	0.005973898681	0.0184308	0.0011787000000000013	0.00033969438864000004	1.389333690000003e-06	0.000435553	0.0	0.0	1.8970641580900004e-07	-0.0007428039999999999	-3.457899999999986e-05	1.1957072409999905e-09	5.517577824159998e-07	0.0	0.0	0.0	0.0	0.0	0.0	0.0	0.0	0.0	0.0	0.0	0.0	0.0	0.0	0.0	0.0	0.0	0.0	0.0	0.0	0.0	0.0	0.0	0.0	0.0	0.0	0.0	0.0	0.0	0.0	0.0	0.0
8104.238413753741	1.038708620282705	1.0789155978496006	65678680.26696175	10310.628425382669	-5.199670468546174	106309058.52630907	27.036572981471185	6198.688807959616	-1.6741293615687027	2.8027091192664324	38423742.9379238	6527.103612847175	10327.954337697574	1.174764	59.120319	0.4394654000000001	0.259468	0.1684372998	0.1035213062	-0.0041062054	-0.0712586688	-0.0547299024	0.1299627348	0.055514475099999995	-0.0010338838	0.08188452	-0.040288204700000003	0.0382186704	0.022269566600000002	0.0402636877	0.0056602189	0.0352252182	0.0557442618	0.05756255740000001	0.0741145769	0.1551511123	-0.0036948211	-0.1056799217	0.11075836210000001	0.0516572	0.018605203100000002	0.049880493600000006	0.041406945	0.0232950393	0.1047419859	0.0113946562	0.0816717294	-0.017571966	0.062401980499999996	-0.030125648900000006	0.1064543075	-0.0193091906	-0.0928316887	-0.0174885526	0.0744054967	-0.17844332420000006	0.0379152352	0.0931919308	-0.0017903597	-0.0088333324	-0.043150732000000004	0.057718914	-0.016714056799999998	0.0701098543	-0.009701631	0.07397556	0.0276211524	-0.0910041466	0.0192414832	-0.0730207051	0.09849747869999999	-0.1307616396	-0.06433943660000001	0.0628352292	-0.13449969109999999	0.0358703045	0.076891268	0.0467739102	0.0844956191	-0.18637949199999998	-0.0347509316	0.0107751151	0.0195768991	0.07610022599999999	0.015347999199999999	-0.0512376254	-0.0384209429	-0.0057503405	-0.0705909861	-0.0263679221	-0.0724702327	0.0609235405	0.0581839595	-0.0186567448	-0.017049041	-0.1598499525	0.11136500699999999	0.0358140495	0.12268142380000001	-0.0395112927	-0.0370028142	-0.0965544277	-0.0451000055	0.0111844696	-0.064628502	-0.09770805279999999	0.08744418080000001	0.0070761175	-0.04827065690000002	-0.0823048889	-0.0492195029	0.0362512414	-0.0242036159	-0.0638436879	-0.029109977599999996	0.08952055880000001	0.10923152539999999	-0.0770346947	-0.0435628727	-0.019697202	0.08684069	0.0985960285	-0.1122008817	-0.024870203100000002	0.0065554474	0.0097331781	-0.0403366261	-0.048802923899999996	-0.1747280463	0.0158646008	-0.0546603062	-0.047717532300000004	-0.0036377312	0.0729920044	-0.0550397771	-0.0002390676	-0.0358966671	-0.054411255199999994	0.0253278303	-0.042631162300000004	0.0650331358	-0.0665661195	0.0797277886	0.1248680402	0.0316401237	-0.08885479439999999	-0.0752912646	-0.0012392964	-0.0470762079	-0.0904650964	0.0727950671	0.0348889717	0.12362478910000001	0.0731312789	0.027500744700000003	-0.051562353	-0.1097277333	-0.009108891	0.054721634400000004	0.016513643600000003	-0.0540625664	0.018747359499999998	-0.062055790300000004	0.0210894073	-0.0014591503	-0.0813372386	-0.0074522875	0.1270852919	0.142987774	-0.051096740300000006	0.0801049169	0.0371905332	-0.0652025726	-0.0532038926	0.1294599699	-0.0430260888	-0.10403128769999999	0.0231720831	-0.029161007599999997	-0.0678598846	0.0444128018	-0.046135039800000006	-0.0331818964	-0.1338145972	-0.165353574	0.0073953289	-0.030881862200000002	-0.0064400088	0.1078844435	-0.0767238949	-0.0354974431	0.0135265109	0.0277160035	0.1376218594	0.0903145397	0.0414432384	0.084296963	0.046876013700000004	-0.0037017465000000003	0.0266689	-0.0070724999999999955	5.002025624999994e-05	0.0007112302272100001	0.745311	0.213104	0.04541331481599999	0.5554884867209999	0.5931529999999999	-0.08562900000000008	0.3518304814089999	0.007332325641000011	0.0207733	0.0023425000000000013	0.00043152999289000014	5.487306250000004e-06	0.000435553	0.0	0.0	1.8970641580900004e-07	-0.000412106	0.00033069799999999993	1.0936116720399998e-07	1.6983135523599995e-07	0.0	0.0	0.0	0.0	0.0	0.0	0.0	0.0	0.0	0.0	0.0	0.0	0.0	0.0	0.0	0.0	0.0	0.0	0.0	0.0	0.0	0.0	0.0	0.0	0.0	0.0	0.0	0.0	0.0	0.0	0.0	0.0
8135.0787775588515	30.84036380511043	951.1280396315652	66179506.71708842	10335.89344862276	25.26502324009016	106830693.38128288	638.3213993222959	6206.62846693178	7.93965897216458	63.03818459427351	38522236.92652794	6535.4117723919835	10304.817724748857	1.002512	50.451683	0.22027705000000009	0.16651400000000002	0.1868529836	0.0527355058	-0.028236314199999998	-0.059597221	-0.034519274700000005	0.14123213880000002	0.1295098662	0.0084167865	0.042200945	-0.046840539199999996	0.0563804465	0.0544692626	0.015489943300000001	-0.0336313678	0.023586827400000003	0.0781239289	-0.0866758764	0.0550456596	-0.006791250600000001	-0.0470412706	0.0349627323	0.1709417742	0.0608859867	0.05829336280000001	0.0069748731999999996	0.0345556046	-0.0793901323	0.0015392279	0.026654039700000003	0.007954594399999999	-0.025432077400000003	-0.0037922694	0.019517346799999998	0.033583965699999996	-0.0743296286	-0.087031803	-0.0515261727	-0.0585108073	-0.1927399602	0.0754304273	0.0565536958	-0.015432071	0.06791571639999999	-0.0400163308	0.0118409311	-0.0492781645	0.08854630029999999	-0.0184468846	0.0767758895	0.0491215129	-0.0654497404	0.0219394816	0.0335784955	0.0936050773	-0.1083861381	-0.0887966643	-0.110728588	0.056003976799999994	0.165068768	-0.131215887	-0.0563293271	0.0651630309	-0.06938487269999999	0.010513248999999999	-0.0104465652	0.0042772462	0.0018063063	-0.0079437217	-0.05063855849999999	-0.042358493399999995	0.0712500064	0.0506952859	-0.0707736293	-0.06303004870000001	0.12243526519999999	0.0018852401	0.0316804439	0.0400283035	0.0754509763	-0.0868509747	-0.0615072392	-0.0109734941	0.0799713158	-0.0090286621	0.1393912885	0.0019530334	0.0196539145	0.15032364039999999	0.0335509121	-0.0675595654	0.0187951087	0.0471234717	0.0712336486	-0.009516102	0.0210814414	0.0492268356	0.023732887299999998	0.0003821783	0.09763323369999999	-0.1603227287	-0.0718954925	0.018370606	0.1329004125	0.009602895	-0.0110430635	-0.0307369062	0.1723725117	-0.034296850499999997	-0.09930634869999999	0.012346046299999998	0.016605236399999997	-0.19913563760000005	0.051127443700000004	0.0030441147	-0.0437312384	-0.060904268899999996	0.049920086600000003	-0.044900189400000005	0.0300576099	0.0060470104	-0.0712402255	-0.0179038278	-0.0401230498	0.1195348048	-0.0158522389	-0.028821615699999997	0.0141478643	0.04375620400000002	-0.0612598387	-0.0463139917	-0.1274385352	-0.162624252	0.0876411074	0.0320852269	0.0208239261	0.09857112539999999	0.0588432484	-0.0442742141	-0.0337836045	-0.0694138094	-0.0016037025	-0.0328010957	0.068985853	0.0297106375	0.0141767296	-0.07661477059999999	0.06513741070000001	-0.0461504463	-0.0223001707	-0.1191159982	0.09511748519999999	-0.0974628049	-0.0342887085	-0.0330225496	0.011534900800000001	0.0803886472	0.0011511809	-0.007308442900000002	0.0049983917	0.0566350276	0.0667898905	-0.0121503225	-0.0143231821	-0.018266106	0.07900643610000001	-0.0806702414	0.1688284042	0.0840172198	0.0870165133	0.0270727986	-0.0899098915	-0.0303650263	-0.0353979941	0.0088625399	0.0440989415	-0.0107717808	-0.0542092824	-0.0342278413	0.1839950004	0.0835307668	0.0442533033	-0.0081364123	0.0324768	0.005807899999999998	3.3731702409999976e-05	0.00105474253824	0.7631069999999999	0.017795999999999926	0.00031669761599999733	0.5823322934489998	0.758046	0.16489300000000007	0.574633738116	0.027189701449000018	0.0203943	-0.0003790000000000043	0.00041592747248999983	1.436410000000033e-07	0.00024085	-0.00019470300000000004	3.7909258209000015e-08	5.80087225e-08	-0.000474006	-6.189999999999999e-05	3.831609999999998e-09	2.2468168803600002e-07	0.0	0.0	0.0	0.0	0.0	0.0	0.0	0.0	0.0	0.0	0.0	0.0	0.0	0.0	0.0	0.0	0.0	0.0	0.0	0.0	0.0	0.0	0.0	0.0	0.0	0.0	0.0	0.0	0.0	0.0	0.0	0.0
8159.9608531014355	24.882075542584058	619.1176833068599	66584961.12414791	10304.731202232106	-31.16224639065331	106187485.15025592	971.0856001117853	6208.676216035696	2.047749103915521	4.19327639258682	38547660.35556732	6536.891420207842	10445.638097913785	1.0616390000000002	53.427277	0.29511305	0.19613	0.1977740509	-0.0034246349	-0.06499124839999999	-0.0103460321	-0.0070494371	0.1745167858	0.1332236081	0.034110157	-0.06237987320000001	-0.0668579039	0.10361431189999999	0.0628309063	0.0178843492	-0.0971768286	0.0755207522	0.013089776899999999	-0.0841357491	-0.046585990599999995	-0.0246269421	-0.0288629254	0.0826811361	0.061144285599999994	0.108663759	0.11637667550000001	0.0591903973	-0.0276960473	0.0604925422	-0.1103428476	-0.0026901746000000002	0.1258437216	0.0789075171	-0.0113431843	0.0786513866	0.0505788387	0.0199742899	-0.0703181683	0.092704232	-0.0113760179	-0.1769531852	0.093288599	0.0827876181	-0.0548799272	0.1251207185	0.0007581554	-0.0122601003	-0.0328617508	0.0608742612	0.0477636262	-0.019334576399999998	0.0398827106	-0.0412026378	-0.1322182754	0.09608767	-0.019804791699999998	-0.0752843067	0.016593618799999998	-0.047798271399999995	-0.0201083352	0.24678667510000002	-0.0842776519	0.1275091859	0.0212007509	-0.0469001985	-0.0204734243	0.0237181117	-0.0378206256	0.0459758329	-0.0046285709	-0.0482360731	-0.006711039100000001	-0.029403869500000002	0.1138388035	-0.028331383199999997	-0.1050407132	-0.0400972155	0.0104367036	-0.0337685743	-0.09059517789999999	-0.0306324213	0.003161701	-0.0529684512	-0.1387384876	0.025956836400000002	-0.0205740155	0.1281326463	0.14967849390000001	0.0015773695	-0.1608158227	0.05935042099999999	-0.010547375800000001	-0.11036130109999999	-0.021622680800000002	-0.0384308694	-0.0016464057000000001	-0.043906927199999994	0.062467754800000004	-0.043270797800000003	0.1404706556	-0.0265720122	0.0398391113	0.0981653656	0.1348139533	-0.048765005099999995	0.0350703574	-0.0626342205	0.1036334135	-0.0222357177	-0.0382914872	0.1073327509	0.07839783809999999	0.0507686632	-0.19302818800000002	0.0910177257	0.0274847727	-0.0883765679	-0.13721836699999998	-0.0163779817	-0.0445804822	0.0094761714	0.046316447999999996	-0.0798935262	0.0123238147	-0.0315280823	0.1080322366	0.1501355896	0.0723151935	-0.1324927218	-0.0366333898	-0.0571279353	0.0309222571	-0.1386226192	-0.0865702635	-0.0138928943	0.056092888	0.1330393004	0.055347031500000005	-0.0367356507	-0.07036288019999999	0.0359126706	-0.0827473719	-0.07740816519999999	-0.0287702713	0.034414947200000004	0.0373205186	0.12126779310000001	-0.10952976029999999	0.026646358300000002	-0.0554630167	-0.0643463012	0.0076046711	0.046254522699999995	0.07798684040000001	0.1164316319	-0.14720639160000001	0.0429614625	-0.0281829987	0.14120060880000002	-0.12314444880000001	-0.0087465108	0.047144600599999996	-0.0521197766	0.0627170692	-0.1163063698	0.048411509500000005	0.021953966600000003	0.0560043697	-0.1104054498	0.08243023669999999	0.057531976799999995	0.0789714861	0.0507113122	0.0389849464	0.0347222439	0.0868195506	-0.09004732509999999	-0.1154578169	-0.0402228504	0.032875859	0.0214929731	0.0827455156	0.0415902147	-0.012554375900000001	0.033596600000000004	0.001119800000000004	1.2539520400000092e-06	0.0011287315315600002	0.789726	0.02661900000000017	0.0007085711610000091	0.623667155076	0.9340520000000002	0.17600600000000022	0.8724531387040004	0.03097811203600008	0.0185896	-0.0018046999999999996	0.00034557322815999985	3.256942089999997e-06	0.000263515	2.266499999999997e-05	5.137022249999987e-10	6.944015522499998e-08	-0.000474006	0.0	0.0	2.2468168803600002e-07	0.0	0.0	0.0	0.0	0.0	0.0	0.0	0.0	0.0	0.0	0.0	0.0	0.0	0.0	0.0	0.0	0.0	0.0	0.0	0.0	0.0	0.0	0.0	0.0	0.0	0.0	0.0	0.0	0.0	0.0	0.0	0.0
8176.771124739216	16.810271637780716	282.58523253597474	66859586.02636903	10289.967018981924	-14.764183250181306	105883421.25173576	217.9811070449342	6231.465658858976	22.789442823280297	519.3587041955618	38831164.25753873	6562.133094459745	10529.71495630957	1.70849	85.98021699999998	0.6400875200000001	0.439113	0.14669742449999998	-0.0312761674	0.0420659815	0.041088775	-0.025829971	0.1634921929	0.1335717654	0.120177219	-0.1288664613	0.1048988363	0.08345692190000001	0.1245717263	-0.030380587200000007	-0.11216329550000001	-0.082410752	-0.1933162245	-0.061024419	0.041711828	-0.1067247058	0.1079271954	0.1687671537	0.1203499344	-0.0302931777	-0.0623585313	0.014313186100000003	-0.11978220099999999	-0.024026743599999997	-0.035903135	0.21041562309999998	0.048484730499999996	0.0372318273	-0.03953899	-0.068096122	-0.0274158179	0.13955978230000002	0.0236749721	-0.10918458449999999	-0.046397593200000004	-0.0789924016	0.1793064091	0.07757028889999999	0.07938129740000001	0.17395586010000005	0.0147743084	0.0036987122	0.0063795419	0.0905771104	0.10638642390000001	0.104687305	0.14412558279999999	0.0489191365	-0.0187111654	0.119600909	0.0848659375	-0.11453624890000001	0.13335231449999999	0.055132577800000006	-0.0864406843	0.039258819199999996	-0.0486522679	-0.0228965259	0.1103153487	0.18844033440000002	-0.0204507391	0.0434728446	-0.0087201229	-0.144536572	-0.06259920320000001	0.1393352663	0.038153432599999995	0.0624842054	-0.0051701848	-0.0664067728	-0.12199106779999999	-0.1643471847	-0.09599185439999999	-0.0314891477	-0.10988467939999999	0.06711077389999999	0.1411656735	-0.0591045343	0.045065383	-0.0164707125	0.1748356205	-0.009727162900000001	-0.09484036109999999	-0.013531533	0.1839683495	-0.1489462395	-0.0163466263	-0.1325779216	-0.0433819275	0.0743528191	0.0368082983	0.0757099705	-0.0037872196000000003	0.08257350599999999	-0.0664472322	0.1335201328	-0.0077203312	-0.0272328735	-0.0064012821	-0.0563676145	-0.021025612599999997	-0.0509378423	-0.0206379869	-0.08613846369999999	-0.0192400304	0.0050786677	-0.0428798429	0.016783338000000002	-0.1087240767	0.1940271335	-0.027637450499999997	0.0396384094	-0.1862659623	-0.0176387746	-0.062042020199999985	-0.0630996821	0.0985313174	0.0263329056	-0.1129314053	-0.2091603063	-0.0045154734	-0.0823068404	-0.1353237583	-0.1022346356	-0.0855589042	-0.0188363206	-0.1201885967	0.2021566195	-0.23194699079999997	-0.008957308399999999	0.1364833056	-0.087888725	0.0352660056	-0.1113166322	-0.1804780255	0.0099230541	0.0229192699	0.0026700407	-0.0864427408	-0.0512101163	-0.06144973	0.1209187592	0.18919409739999998	0.0115640375	-0.0313279181	0.1072229094	0.1283614407	0.0900710509	0.0418264161	-0.0997809586	0.1076447905	-0.0708826021	0.1293312107	0.0014733251000000002	-0.10218846640000001	0.0198115204	-0.0278914118	0.0928206311	0.0147911104	-0.042097128600000006	-0.014283820800000001	0.021937756800000003	-0.1182869853	0.0667968837	-0.11354478130000001	-0.0334224792	0.051157767300000004	-0.1219346486	-0.0296035654	0.0724498842	-0.0011894014	0.0434637573	-0.0049086682	0.050561728099999995	0.0196064275	-0.0075050433	0.0819413884	0.038889177999999996	-0.0169465682	0.0341551	0.0005584999999999965	3.119222499999961e-07	0.0011665708560099999	0.382161	-0.407565	0.16610922922500002	0.14604702992100002	0.8097340000000001	-0.12431800000000015	0.6556691507560001	0.015454965124000037	0.016731699999999995	-0.0018579000000000024	0.0002799497848899998	3.4517924100000092e-06	-3.15054e-05	-0.00029502040000000003	8.703703641615999e-08	9.9259022916e-10	-0.000474006	0.0	0.0	2.2468168803600002e-07	0.0	0.0	1.0	0.0	0.0	0.0	0.0	0.0	0.0	0.0	0.0	0.0	0.0	0.0	0.0	0.0	0.0	0.0	0.0	0.0	0.0	0.0	0.0	0.0	0.0	0.0	0.0	0.0	0.0	0.0	0.0	0.0
8211.350580722128	34.579455982911895	1195.7387760741412	67426278.35952564	10403.492744004496	113.52572502257135	108232661.2745542	12888.090241900483	6267.556888467532	36.09122960855621	1302.5768546575239	39282269.35017681	6613.386599940601	10930.009247276836	1.6696650000000002	84.026337	0.5033938800000001	0.320077	0.11513283140000001	0.0170845671	0.1607656325	0.017767491599999997	0.0548919524	0.0415891987	0.1113179642	0.19680449120000001	0.0256684602	-0.0170116579	-0.1048191109	-0.0699505809	0.21262317649999998	-0.0188015916	0.1016724383	-0.1809191033	0.2162579924	0.27450421010000003	-0.0661517593	-0.1036539376	0.1322186438	-0.08179311110000001	-0.1711766003	-0.11316000400000001	0.13921237	-0.11967854689999999	-0.1628870277	-0.12435089070000001	0.048894925199999995	0.0350894634	0.047801242199999996	0.09604068869999999	0.026585109500000002	0.1200824915	0.0206502094	-0.21931226809999999	-0.09558239460000001	-0.0205832939	-0.0526932451	0.2191531268	0.0237283498	0.0702327107	-0.0134558777	-0.0364107227	-0.054486045999999996	0.1069919283	0.10452142560000001	-0.0216580863	0.07681215200000001	0.0192735506	0.0987951642	0.0960612535	-0.02842911	0.1718483836	0.0656531524	-0.0150858954	0.002698275	-0.15902590619999998	-0.0651677166	0.1043404015	-0.0165385273	0.0017567852	0.0546577103	0.0790751603	-0.0464895906	0.0159983147	0.09596448710000001	0.070335023	-0.0129209135	0.1149800507	-0.019734322	0.1129579933	0.0171041636	-0.055102282300000006	0.0507067113	0.12236322570000001	-0.061827458499999995	0.12006258339999999	0.0486502186	-0.005587361999999999	-0.046058464199999996	0.0827396661	0.020987291	0.0389784483	0.052945463600000006	-0.0793822939	0.0604251379	0.0172782668	-0.1724310418	0.0074380729	0.0107051071	-0.0010286676	0.0559196796	0.0426847722	-0.014236797399999999	-0.0144344666	-0.045973303099999994	-0.0052050155	0.0486606453	0.0385061794	0.16476951	-0.075356511	0.0709270093	0.07843832719999999	-0.0057312948	0.0351854302	-0.1026277616	0.1598908615	0.0701654367	0.0246108461	-0.0658609951	-0.0583597634	0.208633126	-0.0197438291	0.0308749606	0.0062898181000000004	0.08639587580000001	0.09020471990000001	0.0019248329000000001	-0.1498456394	-0.0339924932	-0.08133851730000001	-0.0835928334	-0.09880499849999999	-0.19571694469999998	-0.0800582409	0.14178252619999998	-0.1618925696	-0.0173610987	-0.0707120561	0.0052917013	0.036958673	-0.0705679079	0.1251444645	0.0200267179	-0.1601210992	0.0975611549	-0.0001855415	0.026722383	0.056303765	-0.0673408546	-0.1014328957	0.1400140558	0.0258677586	0.1318847172	-0.0506144357	-0.1055310391	-0.0754128082	-0.0848977857	-0.0642993964	-0.0310407088	0.0077121275	-0.1696122916	-0.0688053737	-0.0042692556	-0.0250438967	0.058693455199999994	0.0816263114	-0.1546799919	-0.0721361273	0.0400650945	0.0521145555	-0.08657232279999999	0.0178180869	-0.0065383402	-0.035671586	-0.0221737899	-0.0839388689	-0.0062773574	0.044025209100000004	0.1390197084	-0.0209120526	0.10656598369999999	-0.11740069630000001	0.0368136982	0.0574818096	-0.034942114100000005	-0.0472432363	-0.1397842589	0.08111856860000001	0.0361526575	-0.021303972999999997	0.05691950000000001	0.022764400000000004	0.0005182179073600001	0.0032398294802500004	0.50958	0.127419	0.016235601561000002	0.25967177640000005	0.519691	-0.29004300000000005	0.27007873548100003	0.08412494184900003	0.0169994	0.00026770000000000613	0.00028897960036	7.166329000000329e-08	-0.000265631	-0.0002341256	5.481479657536e-08	7.0559828161e-08	-0.0012355300000000005	-0.0007615240000000006	5.79918802576001e-07	1.5265343809000014e-06	0.0	0.0	0.0	1.0	0.0	0.0	0.0	0.0	0.0	0.0	0.0	0.0	0.0	0.0	0.0	0.0	0.0	0.0	0.0	0.0	0.0	0.0	0.0	0.0	0.0	0.0	0.0	0.0	0.0	0.0	0.0	0.0
8195.312687642167	-16.037893079961574	257.2140144442794	67163150.04822867	10298.026257405341	-105.46648659915444	106049344.79820986	11123.179795569626	6234.876811927386	-32.68007654014582	1067.9874026697894	38873688.85990981	6567.2306874511605	10976.847614057657	1.7285130000000002	86.98783900000002	0.8967116999999997	0.711959	0.122601192	0.054461792599999996	0.059062642199999994	0.0138556293	0.0923330319	0.1241972678	0.0031130262	0.1001302951	0.035819412099999996	-0.09187994880000001	-0.0616295792	-0.2175711169	0.0037800057	0.1920097567	0.102946249	0.09255709570000001	0.0675955537	-0.026484017000000002	-0.025595996800000003	-0.023832737599999997	-0.21644172039999998	0.0347787906	-0.0662790566	-0.1144220423	0.1311088517	-0.0860086001	-0.16858444809999998	0.0933306133	0.0429121837	0.1716986482	0.0443276134	-0.0704780193	-0.0006579896000000001	-0.1314455094	0.016178435300000002	0.08474390220000001	-0.1446980015	0.0362655805	-0.1228679194	0.1321198102	-0.0119028716	-0.1067723022	-0.1085226902	-0.023197873100000002	-0.11814186630000001	-0.1014032033	-0.1461337345	0.029740896699999998	0.11789028369999999	-0.1370437464	-0.044284638499999994	0.0126289619	-0.066994845	0.029115509100000006	-0.09900535880000001	-0.029875152999999998	-0.0275242131	-0.0473245709	-0.0784531722	0.1288012199	0.1510033522	0.1260255693	0.0481027791	0.1023015231	-0.054828823799999996	0.0231127549	0.05650939980000001	-0.050215449	-0.07741701299999999	0.1771163434	-0.1073370109	0.10689947970000001	0.0400940754	0.000516692	-0.1282021351	0.042541769900000005	-0.0099894363	0.021226550299999997	-0.004724762899999999	-0.0985229833	0.0246153625	0.0673036722	0.0421230631	0.1413394179	-0.0323777723	-0.0095275533	0.0580132918	0.1274408947	-0.0138097535	0.0020644831	-0.025850851600000002	0.054308345300000005	-0.0833560844	-0.04803539440000002	-0.0909016144	0.0726154291	0.006841138	0.0188080236	-0.0719737512	-0.13079435009999998	-0.0438026607	0.044670438300000004	0.014599868	0.027156424	-0.0285942671	-0.0208977976	-0.0403732765	-0.12128192859999999	0.0358706835	0.0173589105	-0.0876892075	-0.1159301238	0.10450497689999999	0.055616837800000006	-0.1054233176	0.129744384	0.0143899051	0.1287602465	0.0738156858	0.0249075804	0.0493235636	0.233610718	0.023255992200000002	0.001689105	-0.1353282968	0.0663317961	0.08601883390000001	0.07852042969999999	-0.076987213	-0.0752367372	0.0484815098	0.058211790199999995	-0.08991895119999999	0.059414793099999995	0.08358474610000001	-0.056106810800000004	0.1131194742	-0.0494283434	0.1635349741	0.2141422503	0.026847919300000002	-0.0971247407	0.078019111	-0.0074700204	0.0707194931	0.0679173148	-0.1809814526	-0.13872153199999998	0.1217668507	0.08270579360000001	0.0980553535	0.0464432822	-0.054705923	-0.0020765411	-0.098697102	-0.0536420377	0.053269308099999996	0.0929905956	0.021538967200000002	0.0242029471	-0.10473127859999999	-0.0225146235	-0.0179930085	-0.09467785449999999	-0.0012190211999999999	0.0206032012	0.0236808812	0.0104072662	0.0992964857	0.0512439445	-0.0265316189	0.0956764281	-0.07633635400000001	0.0925165034	0.026691017400000003	-0.08807483099999999	-0.0112871413	0.0093009523	0.0435522324	0.080277244	0.0333831503	-0.0256176456	0.0614602	0.004540699999999996	2.0617956489999952e-05	0.00377735618404	1.2056	0.69602	0.4844438404	1.45347136	0.379734	-0.139957	0.14419791075600005	0.019587961849	0.017846299999999996	0.0008468999999999942	0.00031849042368999985	7.172396099999902e-07	-0.000130091	0.00013554	1.83710916e-08	1.6923668281000004e-08	-0.00109409	0.0001414400000000005	2.0005273600000143e-08	1.1970329281e-06	0.0	0.0	0.0	0.0	1.0	0.0	0.0	0.0	0.0	0.0	0.0	0.0	0.0	0.0	0.0	0.0	0.0	0.0	0.0	0.0	0.0	0.0	0.0	0.0	0.0	0.0	0.0	0.0	0.0	0.0	0.0	0.0
8159.960441822771	-35.35224581939565	1249.7812844749772	66584954.41211248	10289.867127300697	-8.159130104644646	105881365.49750347	66.57140406451855	6205.179299031899	-29.697512895487307	881.9422721776349	38504250.13313401	6532.860918871877	10706.063649373531	1.138431	57.291847	0.34268115000000005	0.245076	0.1657607499	0.0437945875	0.036948276	-0.0029515172	0.0878069985	0.1484697268	0.0419670297	0.0266031883	0.0775145208	-0.050629340300000006	-0.0084365551	-0.139238837	-0.0843005132	0.1003524981	0.02957315	0.0113004024	0.027907219700000003	0.0718587844	0.06788884070000001	0.0829821361	-0.0470554426	-0.0080699249	0.048007154	-0.1593388178	0.21948058469999998	0.0173732275	-0.138219565	-0.0559689601	-0.08761578460000001	-0.0529263296	0.0353046354	-0.032698829900000004	-0.08663140109999999	0.024236206200000002	-0.07032890259999999	0.139554213	0.0748288128	0.0892917865	-0.1797969916	0.0466601229	0.0022168724	-0.0851391647	-0.0698624994	0.0140953007	-0.0256034386	-0.0547098427	-0.10734910869999999	0.0353849084	0.0667965243	-0.0553915938	0.0342920517	-0.0130350291	0.0517503432	0.0344301865	0.0207943289	0.11469782349999999	-0.0845999467	-0.09760896599999999	-0.1383060293	-0.0219152004	0.0044243669	-0.0779225695	-0.0166753163	-0.0032147996999999998	-0.18617582649999997	0.0088761286	-0.0237159702	0.0764222187	0.0291822448	0.0340491424	-0.0055522703	0.0547874218	-0.0147489934	-0.0040146033	0.09184981539999999	-0.0968783047	0.166597793	0.0601330067	-0.0154256897	-0.110405344	-0.0075860298	0.0139186381	-0.1017250009	-0.07655857519999999	-0.0309366997	0.0428678613	-0.0671703602	0.030543289900000006	-0.0463981617	-0.045036417	-0.0732531125	-0.0409796487	-0.09424830599999999	0.1023701233	0.035720012200000005	-0.0240253814	-0.0230296352	-0.039192757200000004	0.019211787	-0.0340658373	-0.1750079196	0.0057217603	0.0444845825	-0.0482258763	-0.0636953068	0.0079838779	0.027392137900000002	-0.09475869279999999	0.0590620564	0.1210378179	-0.021599506600000002	-0.1700827861	0.0251639118	0.0206802956	-0.08071167650000001	0.0956884563	-0.014301259699999999	0.025901678199999997	0.037682364700000005	0.0441008938	0.0795464308	0.10266748810000001	-0.00028000830000000004	-0.0358642157	-0.09641165480000001	-0.0084317136	-0.0407761933	-0.051106214500000004	-0.0983322953	-0.0397690617	0.1077423465	0.10795587720000001	0.0546930408	0.0028370539000000003	0.0897659373	-0.0343059043	-0.0034988451	0.0144641497	-0.18078127289999998	0.1150057199	0.0279653096	-0.015535249199999997	0.0355995289	0.0824116273	-0.1322003087	0.0017863766	-0.022626712799999997	-0.06318544799999999	0.0425380526	-0.17452475010000001	-0.030342054	-0.1410188111	-0.0024580851	0.0860327409	-0.003256117	-0.0605099657	0.0111574433	0.0432578352	0.0123309782	-0.08999861039999997	0.0568692099	-0.0838817588	-0.0498447739	0.0335817613	0.10328904609999999	-0.0011547221	-0.1084471725	0.0384771113	-0.0801494323	0.0575745454	-0.10163723029999999	0.105532346	-0.0443610785	0.0945138525	-0.0038151689	-0.0809854089	-0.046851857000000004	-0.048394928600000005	0.0533098396	0.0794176065	0.0305831832	-0.029878730899999997	0.0571384	-0.004321800000000001	1.8677955240000006e-05	0.0032647967545599995	0.976227	-0.22937299999999994	0.05261197312899997	0.9530191555290002	0.4645510000000001	0.08481700000000003	0.21580763160100008	0.007193923489000005	0.017930099999999997	8.380000000000193e-05	0.00032148848600999986	7.022440000000323e-09	0.000161159	0.00029125	8.48265625e-08	2.5972223281e-08	-0.000985753	0.00010833700000000003	1.1736905569000004e-08	9.71708977009e-07	0.0	0.0	0.0	0.0	0.0	0.0	0.0	0.0	0.0	0.0	0.0	0.0	0.0	0.0	0.0	0.0	0.0	0.0	0.0	0.0	0.0	0.0	0.0	0.0	0.0	0.0	0.0	0.0	0.0	0.0	0.0	0.0
8148.248846927256	-11.711594895515189	137.16145499665748	66393959.27145136	10302.88995640634	13.022829105642812	106149541.45381862	169.5940779147776	6206.022391931494	0.8430928995949216	0.7108056373473726	38514713.929155104	6531.087819080325	10443.456685630883	1.295823	65.21264599999999	0.6725213499999999	0.495561	0.1294420235	-0.006340862900000001	0.1095985343	-0.0216131775	0.0197184272	0.1052931744	0.055556117	0.0014082262	0.0807406224	0.048814078600000005	-0.0214477631	-0.0542743428	0.0167095822	-0.132187107	0.0634327791	-0.016206995	-0.0037262665000000004	-0.0026764234000000004	0.009462731700000001	0.028756655699999998	-0.040126174199999996	-0.09799890689999999	0.047681211900000006	-0.023591434799999998	0.0319092058	-0.0612489487	-0.0820628581	-0.0024947115	-0.11077984960000001	0.0092606337	0.0526345266	-0.044381347300000006	-0.0802359214	0.0089455636	-0.1255055849	0.0432748667	-0.0094850935	-0.0056214088	-0.13802688230000001	0.0518644156	0.0118275774	0.0659108382	-0.030447504700000006	0.0199655604	0.0617714428	0.058471673200000004	0.05745775700000001	-0.0193505908	-0.0542167558	-0.0364460875	0.0155364353	0.02085628	0.013955100500000001	-0.0297774219	0.0319379332	-0.025591640699999998	-0.011692646499999999	-0.0732029158	-0.105438556	0.0394439455	0.0931997691	0.0208094755	-0.0075058238	0.0703923162	-0.0436523407	-0.0777599716	0.0663751539	0.0175961361	0.0121134878	0.0070285543999999995	0.0012900367	-0.09445575380000001	0.013623466899999999	0.048057544	0.0144740899	-0.0541622767	0.0633520823	0.0166793553	0.0684397848	-0.0087421108	-0.0224645922	-0.0403201818	0.058474399	0.12570883689999998	0.006306435799999999	-0.1603642582	-0.06653475240000001	-0.029816432400000002	-0.0270457472	-0.08494035330000001	0.1041837248	-0.0712519878	-0.013740926399999999	0.0229462438	0.11580019289999999	0.0053085382999999995	0.08570297060000001	0.018173648	-0.1003027234	-0.0563926222	-0.1328054286	-0.10461263289999999	-0.0726972257	-0.0428732283	-0.0137876549	0.0391235407	-0.0072078928	0.0659176252	0.0069305821999999994	-0.1328387708	0.0615796294	-0.1458904356	0.034409766800000005	-0.0292508527	0.053956287199999994	0.0395094218	-0.0093146524	-0.0369822744	-0.0438287986	-0.0371571583	-0.058462046399999995	-0.0471734575	0.04052357	-0.0432768794	0.0232418175	-0.005427339200000001	0.0257227721	0.0041508034	-0.0400359529	0.0019198748999999999	0.0205480054	0.129032701	-0.0534745918	0.0400269373	-0.0045720759	0.0345482966	0.0986062166	-0.0457150736	-0.030828942999999998	0.1337193935	-0.0760293255	-0.0373100784	-0.011432448400000001	-0.01997526	-0.1049804731	0.0175845674	-0.0305662344	0.0418214206	0.0764332039	-0.009677419100000001	-0.0018692265	-0.0735842803	-0.0502844706	0.0316829892	-0.05128242190000002	-0.0286336137	0.0419256034	-0.060635697599999996	-0.1121895038	-0.0114885644	-0.0360077901	0.0020183864	0.1391041776	-0.014315103400000001	-0.0061174085	-0.20094159120000002	-0.024876671099999997	0.0867150265	-0.084189026	-0.050619262000000005	-0.0079770281	-0.0542362105	-0.09182909119999999	0.0871213393	0.0947107215	0.084949278	-0.0250198737	-0.0610528827	-0.0106654745	0.0785398523	0.0277553111	-0.0340784819	0.059777599999999986	0.0026391999999999943	6.96537663999997e-06	0.0035733614617599993	0.4952760000000001	-0.480951	0.231313864401	0.24529831617600004	0.498003	0.033451999999999926	0.248006988009	0.001119036303999995	0.0161018	-0.001828299999999998	0.00025926796324	3.3426808899999925e-06	0.00118375	0.001022591	1.045692353281e-06	1.4012640624999998e-06	-0.0007270610000000001	0.00025869199999999993	6.692155086399996e-08	5.286176977210001e-07	0.0	0.0	0.0	0.0	0.0	1.0	0.0	0.0	0.0	0.0	0.0	0.0	0.0	0.0	0.0	0.0	0.0	0.0	0.0	0.0	0.0	0.0	0.0	0.0	0.0	0.0	0.0	0.0	0.0	0.0	0.0	0.0
8171.459342415506	23.21049548824976	538.7271008100627	66772747.78474964	10333.796842517471	30.906886111131826	106787357.18242404	955.2356090864732	6209.157520512382	3.1351285808877947	9.829031218699518	38553637.114535466	6533.44362007724	10495.420271654584	1.044559	52.567673	0.5034430499999999	0.275472	0.0641962204	-0.0656600487	0.155356217	-0.0158590228	0.03211154	0.0586972667	0.052254999100000005	-0.0424008675	0.0589674246	0.11071889929999999	-0.0180224869	-0.0254259773	0.0249373736	-0.048556748200000006	0.0379495122	-0.0359823171	-0.0645263706	0.0396650978	0.0737181994	-0.026917114	-0.169191924	0.0043499161	0.0038364408000000003	-0.1416641318	-0.058285645199999986	-0.096788044	-0.0043429405	0.0367344338	-0.102999906	-0.0038910240000000003	0.014613326299999996	-0.045762426200000005	-0.0558424974	0.0873559376	0.088450697	-0.046352749500000005	0.0319375589	-0.0859506646	-0.0912941357	0.0527855736	-0.0417659278	0.1230008481	-0.034181201099999996	0.0301481723	0.1273132216	0.0218878599	0.052762246799999996	-0.0011086575	-0.0309497178	-0.0183482777	-0.0403385123	0.0240957027	0.0008425419	-0.0755556726	-0.0201449114	-0.0798499765	-0.1140602243	-0.0048720463	-0.1477647731	-0.0014477020000000001	0.0465430192	0.0207993449	0.0754097902	0.1217976787	-0.028317762799999997	0.05835875860000001	-0.0173529127	-0.0939556909	0.082943458	-0.0015022542	-0.063060118	-0.0325609638	0.0438453972	0.0185628651	-0.042982033200000005	-0.1023925982	0.0639215144	0.0029465916	0.0194784893	0.030454339100000002	-0.1478646716	-0.0313718931	-0.1696981486	-0.039210817599999996	0.1096108941	0.0110500578	-0.0632423971	0.0047690004	-0.042061831200000004	0.10657571810000001	0.0467604187	-0.0127075754	-0.051598071100000004	-0.016773018100000002	0.1435985763	0.06907482849999999	-0.0001171903	0.0398725859	0.0663923812	-0.0382020053	-0.0281445427	0.08725129820000001	-0.0681332905	0.0416360017	-0.0763777879	0.0443517039	0.1875511316	0.0288372369	0.055470174299999994	0.013825715700000001	-0.0174673243	-0.099872905	0.0290240946	-0.0183698617	0.1390094821	0.056951305199999996	0.00012219059999999998	-0.08764453130000001	-0.07323375830000001	-0.0222590173	-0.0362731973	-0.0393030646	0.0415912688	5.69522e-05	-0.0228555777	-0.0007094538	0.0594679355	0.1079428357	-0.0385461597	-0.07499057	0.0095905729	0.0747600379	0.0696777208	0.021629587000000002	-0.0060392665	-0.0271231675	0.0121483741	-0.1196685581	0.0076511022	0.16900271030000005	-0.0196401872	0.0034871417	-0.1680731965	-0.0232080956	-0.0910371361	0.08875708199999999	0.0532659559	0.0473691133	-0.041973040700000006	0.0164325004	-0.025784727799999997	-0.06138268	-0.0258647037	0.058348967	-0.0681578318	0.010598003799999998	0.0170620166	-0.0820594209	0.0645338196	0.0072880255000000015	0.1203873082	0.0219502212	-0.0959512501	0.0377126063	0.09282203800000001	0.0125784618	-0.0980703933	0.074408208	0.0700004618	0.017241445600000002	0.06378177639999999	-0.0144189288	-0.0057170155	0.0733636568	-0.011867818	0.0013283064000000002	0.0090075717	0.0608791193	0.1616892493	0.0776441814	0.0249021141	-0.038208277400000004	0.044743	-0.015034599999999997	0.00022603919715999984	0.002001936049	0.289231	-0.20604500000000006	0.04245454202500002	0.08365457136099999	0.384052	-0.11395099999999996	0.147495938704	0.012984830400999993	0.0135398	-0.002562	0.00018332618404	6.563844e-06	0.000945909	-0.0002378409999999999	5.656834128099997e-08	8.94743836281e-07	-0.000158653	0.0005684080000000001	3.230876544640001e-07	2.5170774409e-08	0.0	0.0	0.0	0.0	0.0	0.0	1.0	0.0	0.0	0.0	0.0	0.0	0.0	0.0	0.0	0.0	0.0	0.0	0.0	0.0	0.0	0.0	0.0	0.0	0.0	0.0	0.0	0.0	0.0	0.0	0.0	0.0
8205.095745748209	33.636403332703594	1131.4076291603135	67323596.19689536	10357.045037041993	23.24819452451993	107268381.89931616	540.4785486499185	6231.323068602911	22.165548090529228	491.3115221535638	38829387.185302794	6557.108996285354	10727.306525683543	0.94892	47.754662	0.33181455	0.210565	0.0092570929	-0.0651942829	0.1498802351	0.0115180592	0.0433782068	0.020495531100000002	0.054155905899999995	-0.020179148600000002	0.0300036173	0.1540039809	-0.0167944888	-0.0298043528	0.0317472004	0.0123250404	0.0528649	0.0525915072	-0.0417869563	-0.044502642800000006	0.0406253958	-0.0763359332	-0.0517781615	-0.0202770514	-0.1055201488	-0.1361871253	-0.029063849300000007	-0.08937459630000001	-0.0189235854	-0.0068488119	-0.19162808679999999	0.0155536309	-0.023303226099999998	-0.1220607225	0.049920609500000004	0.0441516105	-0.0006046945	-0.0329291325	0.0287550264	-0.0661913746	-0.038299244100000004	0.044738396799999997	-0.0658512917	0.1657145676	-0.0466775043	0.0237268356	0.0432385812	-0.021247061600000002	0.0094795103	0.10014295699999999	-0.061538161200000004	-0.105078324	-0.0476227151	-0.0090946806	0.11257583880000001	0.0150760072	-0.1061978855	-0.10886397960000001	-0.1023831994	0.0709296914	-0.0180756439	6.073e-05	0.031001684900000007	-0.047165163899999994	0.018695642	0.1391954235	0.0019675468	0.050621646	0.0189076036	-0.0092360437	-0.0648876703	0.004508512199999999	-0.0948280564	-0.1308357966	-0.0063481468	0.0447958725	0.0326402579	0.0795950989	0.0050992641	0.025381380699999997	0.0735092327	0.1157397951	0.0196107228	-0.0297213954	-0.017007725300000002	0.055045524900000004	-0.038467481	0.08136060469999999	0.0316717877	0.0366576085	0.024785264700000004	-0.014562753700000004	0.0824740266	-0.0849251755	0.0351950773	-0.07094423400000001	-0.0158429163	0.021838042400000004	-0.021241538900000002	-0.0166368549	-0.0246451738	-0.061700042699999985	-0.0039213573	0.16015792539999998	-0.06929949490000001	-0.0238228006	-0.0220879706	-0.0891503186	-0.22751982559999998	0.0524997734	-0.1820738854	-0.0684561721	-0.047487279	-0.055157011	0.0333854569	-0.0142248564	0.1839533193	0.0437185033	-0.0083827314	-0.016990041799999998	-0.0482433269	0.0351322972	-0.0693799067	0.043403434000000005	0.1351629327	0.025506316400000003	0.0086805328	-0.0011458047	-0.07637693870000001	0.061265489699999995	-0.08333543	-0.0776790871	-0.1185922833	0.0485252905	0.08770690140000001	0.0199741871	0.0322964071	-0.1315084382	0.09000130810000001	-0.033557271	0.1071284007	0.0367046087	0.008264616899999999	-0.0086080039	0.0095902661	0.0150984628	-0.080716194	-0.0147328553	0.0055719609	0.0326817177	-0.0546309408	0.1008796888	0.08748323779999999	-0.061504373200000004	-0.1230201933	-0.0078691604	0.0340825355	0.005809326899999999	-0.0390175766	-0.0456158096	0.023349300099999998	0.1357251472	-0.0193967659	-0.0735255391	0.14867305949999998	0.07518447290000001	0.0445080096	-0.0384110524	-0.043581903600000006	-0.09518926230000001	0.029008015800000002	0.0322359523	0.054692540899999996	-0.0764263151	0.0244326475	-0.0379918977	-0.0120964981	-0.0463896433	0.12339178769999999	0.0710406093	0.0487345999	0.0767307983	0.022026195699999997	-0.04225964	0.0376973	-0.007045699999999995	4.964188848999993e-05	0.0014210864272900005	0.101997	-0.18723399999999998	0.035056570756	0.010403388009000002	0.35637	-0.02768200000000004	0.12699957689999994	0.0007662931240000022	0.0118722	-0.0016675999999999985	0.00014094913284000004	2.7808897599999937e-06	0.0006794780000000001	-0.0002664309999999999	7.098547776099995e-08	4.616903524840001e-07	-0.000421679	-0.000263026	6.918267667599997e-08	1.7781317904100001e-07	0.0	0.0	0.0	0.0	0.0	0.0	0.0	0.0	0.0	0.0	0.0	0.0	0.0	0.0	0.0	0.0	0.0	0.0	0.0	0.0	0.0	0.0	0.0	0.0	0.0	0.0	0.0	0.0	0.0	0.0	0.0	0.0
8204.776271468947	-0.3194742792620673	0.10206381511001736	67318353.66485988	10357.99368905157	0.948652009577927	107288033.26243211	0.8999406352762392	6242.171624699579	10.848556096668288	117.69116938255873	38964706.592204586	6571.12659088072	10803.683494963716	0.841774	42.362469	0.1616259	0.0910942	0.0164827035	-0.059215971900000004	0.1590262338	0.0222065867	0.053823735899999996	0.0131636461	0.0763971561	0.0142451429	-0.0164024605	0.1596271205	-0.007382356600000002	-0.0196859429	0.042322311900000006	0.0461450169	0.072628255	0.0568866083	-0.0169782743	-0.0900686185	0.028004582599999998	0.0208277787	0.0017734316	0.036017868700000004	-0.0624287463	-0.1010899239	-0.08144019570000001	0.034352896	0.0005408718	-0.0234461004	-0.12306476640000001	-0.0467468996	0.0959648992	-0.0317664218	0.0714556027	-0.044234057599999994	0.18067446480000002	-0.0200851777	0.0009845541	-0.0778779901	-0.0174410713	0.0692684889	-0.016316373000000002	0.1958979027	-0.0183315421	-0.017206291999999998	-0.0027973509999999996	-0.024547517999999997	-0.0822228602	0.07087371740000001	-0.09212470789999999	-0.0788708841	-0.044702012	0.00020141490000000008	0.1625454603	-0.09339448380000001	-0.0556334093	-0.0205560688	-0.1268646274	-0.061848165499999996	-0.006432219300000001	-0.0017000332000000002	0.0092944238	0.0702955468	-0.0038063869	0.0573698297	-0.0099807278	-0.0118769135	0.029807927799999998	0.1384667302	-0.1435407218	-0.07181337389999999	-0.0045478644	-0.0263497776	0.0553215193	0.032608873999999996	0.08556963599999999	-0.0114024965	0.044961644	0.052919814800000006	-0.0609346946	0.029300024700000007	0.0357043621	-0.0558210679	-0.0637976441	0.0289602421	-0.11521678710000001	-0.050243084400000006	-0.023498610899999998	-0.059245325999999994	-0.0913207141	0.08080070339999999	-0.0237703913	-0.0739185539	0.055899279100000004	0.0010671676	-0.0045355163	-0.0967410393	0.0139241565	-0.0036275024	0.0311310717	0.046552233600000006	0.0717352021	-0.0638460625	-0.09485980179999999	-0.0215111151	-0.0523725683	0.0231349688	-0.0404340637	-0.08686025060000001	0.0697715879	0.0383664019	0.0590495828	-0.037218873799999996	0.0757254676	-0.05319390190000002	0.1839453675	-0.0011162644	0.0104211596	0.022583142900000002	-0.0182652043	0.0588268442	-0.0079641811	0.057099090199999994	0.1540657021	-0.0136262446	0.0579129401	-0.0303617128	-0.10398840869999999	0.0953609205	-0.08458221689999999	-0.0437279224	-0.0105218506	0.10537837189999999	0.0895209641	0.0713828782	0.0616979895	-0.0320666287	0.006072327299999999	-0.0687652567	0.0105821755	-0.006177436999999999	-0.042729780300000006	0.1008012398	0.1895821586	-0.056019130599999994	-0.041073769700000005	-0.0887769001	0.0441440822	-0.0103406663	0.0216137894	-0.0460365933	-0.0042636401	0.0002519528	-0.0106065147	0.051108235300000006	-0.0109903553	0.004852894	0.0357201312	0.005472503	0.07203377429999999	-0.04620170690000002	0.004100694	0.0155490015	0.0374724313	0.1011442139	-0.0295607212	-0.0402769796	-0.0834328221	-0.0507941268	-0.0831521053	-0.009380557	0.1134185607	-0.079917081	0.0468288838	-0.0101821949	-0.0795357614	-0.0879933884	0.013949603400000002	-0.05745911	-0.1336247173	0.0757999113	0.01913018	-0.046224253099999994	0.0422654	0.004568099999999999	2.0867537609999987e-05	0.00178636403716	0.032855699999999995	-0.06914130000000003	0.004780519365690002	0.0010794970224899997	0.408234	0.051864000000000084	0.16665499875600004	0.0026898744960000076	0.0124197	0.0005474999999999994	0.00015424894809	2.997562499999993e-07	0.0007910699999999997	0.00011159199999999966	1.2452774463999923e-08	6.257917448999995e-07	-0.000483637	-6.195799999999998e-05	3.838793763999997e-09	2.33904747769e-07	0.0	0.0	0.0	0.0	0.0	0.0	0.0	0.0	0.0	0.0	0.0	0.0	0.0	0.0	0.0	0.0	0.0	0.0	0.0	0.0	0.0	0.0	0.0	0.0	0.0	0.0	0.0	0.0	0.0	0.0	0.0	0.0
8184.196840067249	-20.579431401698454	423.5129968172125	66981077.91696674	10365.948535029242	7.954845977672448	107452889.03087488	63.27957452849154	6260.9068466951185	18.735221995539177	351.008543222135	39198954.54299381	6592.948482361523	10751.73821540044	0.8641909999999999	43.49065	0.10607215000000003	0.057551300000000014	0.0323933329	-0.0808037269	0.1650415223	0.0162869474	0.0202798845	0.0138013246	0.09196192449999999	0.0193393655	-0.0197888741	0.1577889738	-0.0300760438	-0.0219004879	0.09388469880000001	0.0768346951	0.0087169629	-0.0003625389	0.0019134375	-0.1026821814	0.013657243000000001	0.037139322	-0.0123385977	0.030554623599999997	-0.0381861555	-0.0835284463	-0.055748614800000006	0.011216463700000002	0.089690075	-0.0345356697	-0.07730308799999999	0.024263633700000002	0.17630481879999998	0.020797193999999998	-0.0071334231	-0.010499031499999999	0.1302574322	0.0426528125	-0.09537827119999999	-0.031676264100000004	-0.0050061163	0.07916151519999999	-0.015795284099999998	0.1914923231	-0.055182021500000004	-0.0521155968	-0.08429789380000001	0.058571124100000004	-0.07889581429999999	0.0283716103	-0.0648390796	-0.08899315740000001	-0.0378066149	-0.023724883399999997	0.1486535593	-0.0020791417000000003	-0.0353635496	0.05041366	-0.1287596658	-0.0280136127	0.1315176008	-0.0539562528	0.0340583049	-0.0351294849	0.0025166897	0.0081303817	0.187152519	0.0386997698	-0.0167565779	0.0572896112	-0.1323879661	-0.10897758	0.0327481762	0.0566517499	-0.025106493599999998	-0.0206575635	-0.0650049127	0.018348446	-0.0252499402	-0.14176856599999998	-0.0335944401	-0.0282630434	0.0650183269	0.0316801963	0.0032116826	-0.0969026277	-0.10475449960000001	-0.1087354012	-0.0198298264	0.051788360199999994	0.0996143643	0.0030515626	-0.0970896582	0.0836792339	-0.0258413256	0.021999650099999997	-0.1153443782	-0.0508301766	-0.014817209199999999	-0.0647934916	-0.1026548042	-0.10811877199999999	0.0522387775	-0.0371389205	0.0761969335	-0.027531346600000003	0.0212095997	-0.07553594129999999	0.0687489863	0.0415275343	0.0678428149	0.0787345528	-0.0802632774	-0.0290635365	0.0863593163	-0.0538553453	0.17547938030000002	-0.0058058222	0.027542115699999998	0.12743801710000002	-0.022988805600000002	-0.0091224622	0.016225585	0.0337636611	0.09984913699999999	-0.005891996	0.064768603	-0.0352161169	-0.1677339468	0.0177156742	-0.0545272454	-0.010130311500000001	-0.0024220833	0.0116321339	0.134424015	0.073343177	0.0918945156	-0.0214367932	-0.0379650235	-0.050643550999999995	0.1215240972	-0.1195957219	-0.0333182704	0.0719022453	0.0678744739	-0.1190773425	0.07206363269999999	-0.0566289729	0.09960761679999999	-0.045338239	0.07363602450000001	0.0373136366	0.027770924199999998	0.0358887271	0.0759502931	0.07849118	-0.046103777699999994	0.06717831860000001	-0.10778157669999999	0.083932565	0.0221045402	-0.12533910369999998	-0.056715032400000004	0.0412061213	-0.0251653783	-0.14645470689999998	-0.0137265945	0.0491885651	0.0411548398	-0.015821918	0.020191667	0.0038377418	-0.0752710717	0.0239742407	-0.0469631479	0.014730853700000001	-0.0918249572	-0.0093860974	0.0469991925	0.0181242766	-0.09422069970000001	0.07485173269999999	0.0162167092	-0.0500939782	0.049576	0.007310600000000001	5.344487236e-05	0.002457779776	0.07978969999999999	0.046934	0.002202800356	0.006366396226089999	0.438486	0.030251999999999942	0.192269972196	0.0009151835039999967	0.0123025	-0.00011719999999999958	0.00015135150625000002	1.3735839999999904e-08	0.000907802	0.00011673200000000025	1.3626359824000058e-08	8.241044712039998e-07	-0.000286058	0.000197579	3.9037461240999983e-08	8.182917936399999e-08	0.0	0.0	0.0	0.0	0.0	0.0	0.0	0.0	0.0	0.0	0.0	0.0	0.0	0.0	0.0	0.0	0.0	0.0	0.0	0.0	0.0	0.0	0.0	0.0	0.0	0.0	0.0	0.0	0.0	0.0	0.0	0.0
8169.479643218121	-14.717196849127506	216.5958830959685	66740397.64095528	10369.367603566749	3.4190685375069734	107523784.49789962	11.690029664170074	6271.3911856632985	10.484338968180056	109.9213635996988	39330347.40361531	6602.156409689552	10700.084336764718	1.063628	53.52737	0.26061495	0.166168	0.0094594681	-0.081045471	0.1489026849	-0.0076352851	-0.0320301777	-0.0020416396	0.0573092563	-0.0203376388	0.0029828913	0.12119037839999999	-0.0274096996	-0.0302509369	0.0635419624	0.0412450634	-0.058240815099999996	-0.0733677408	0.0385756979	0.0016195723	-0.0157336372	0.088144308	-0.053405194100000004	-0.0053859237	0.10519153	0.0662471116	-0.028710624	-0.0368769102	0.041646111	-0.0381987625	-0.025762863700000003	0.0122712147	0.0704776954	-0.0828542384	-0.1537703671	0.06004135	0.0273073688	0.0650605415	-0.1342037299	0.0747025851	0.0159145094	0.0465072935	-0.0385640868	0.1646867299	-0.0713700929	-0.0440163515	-0.1096083156	0.0917409065	-0.06378070599999999	-0.06843639900000001	-0.062280494699999994	0.0120882089	-0.0071004955000000015	-0.0552563092	0.0659257316	-0.0057778681999999994	0.0097705042	-0.0439098932	-0.0717251775	0.0333862147	-0.0821403635	0.030849257999999997	0.0675716764	-0.062140589800000014	-0.0554316144	0.0661013787	0.17927303649999998	-0.0064261134	-0.0046624858	-0.070357744	-0.0171769713	0.021232413199999998	0.0732337814	-0.10703987449999999	-0.0160995721	0.1823636342	-0.0139846871	0.044722168799999996	0.0329481504	-0.0504612642	-0.0309485029	-0.0680696259	-0.0241939984	-0.07051635049999999	0.0621104354	0.020496633700000003	0.073337876	0.107475691	0.0203306939	0.0924064816	-0.061306069299999995	0.022592482999999997	-0.0951061089	-0.041687399	-0.0061281224	-0.1367885176	-0.0330928304	0.080116376	0.0356410569	0.0492757174	0.05645629980000001	-0.0090599112	0.0103367228	-0.079697959	0.14879292759999999	-0.0219638261	0.027734099100000003	0.0554844237	0.0219851711	-0.1597191419	0.0596444157	0.10741977720000001	0.0820602619	0.0014497373	0.0448752923	-0.0330719132	0.1538325904	0.0159017045	0.0324193702	0.1459782426	-0.0012242449	-0.041108225299999995	0.07437204929999999	-0.034118566499999996	0.001900365	-0.021578738700000002	0.0837304733	0.0246849687	-0.029108167999999997	0.022244115499999998	-0.05853234	-0.06377487679999999	-0.0171524604	0.1062793329	0.0604300629	-0.00701091	0.0318552868	0.0337405396	0.07958604150000001	0.044006071900000006	0.1919998718	-0.049768883300000004	0.0089950655	0.0033281677	-0.06653095120000001	-0.0325570714	-0.0952515004	0.0745967908	0.047574714299999994	0.1513136963	0.031680629700000004	0.008911479	-0.0333126109	0.0262766407	-0.033537039399999996	0.0022151972	-0.025267982799999998	0.040617863399999996	0.0519642229	-0.026572771600000003	0.005179454	0.0205417688	-0.0350929041	-0.0237786186	-0.0478142799	0.11038722039999999	-0.0084765352	-0.0208688705	0.0412342413	0.0083293988	0.1040757844	-0.0159298476	-0.0770479155	0.0308829356	-0.0165629952	0.0399054356	0.0705814882	-0.0288154846	-0.0987779456	-0.0866410403	0.0053939257	0.073886479	0.0132884419	-0.0538608716	0.0499126	0.00033659999999999246	1.1329955999999493e-07	0.0024912676387599995	0.187271	0.10748130000000002	0.011552229849690001	0.035070427440999995	0.314049	-0.12443700000000002	0.09862677440099997	0.015484566969000003	0.012297399999999998	-5.100000000002672e-06	0.00015122604675999994	2.601000000002725e-11	0.000429478	-0.000478324	2.2879384897600002e-07	1.84451352484e-07	-0.000369835	-8.377700000000001e-05	7.0185857289999995e-09	1.36777927225e-07	0.0	0.0	0.0	0.0	0.0	0.0	0.0	0.0	0.0	0.0	0.0	0.0	0.0	0.0	0.0	0.0	0.0	0.0	0.0	0.0	0.0	0.0	0.0	0.0	0.0	0.0	0.0	0.0	0.0	0.0	0.0	0.0
8165.507535708139	-3.9721075099823793	15.777638070858414	66675513.315706395	10374.213170755176	4.8455671884275935	107624298.91227016	23.479521377566105	6261.804030205353	-9.5871554579453	91.91354977481035	39210189.712696	6594.1359611141015	10497.077800956053	1.350578	67.96820100000001	0.43470505	0.25624600000000003	-0.0262683247	-0.1475423453	0.07901598900000001	-0.1292569934	-0.0426910264	-0.046615322699999996	0.0030426629999999997	-0.013661908899999999	0.0206158619	0.0856401359	0.054107996299999996	-0.047026676600000004	0.0171802865	0.0450951067	-0.07100960690000001	-0.093719433	0.0527389831	0.026183342000000002	0.0707611747	-0.0241719146	-0.0636333683	-0.0703427586	0.0283488506	0.1438815297	-0.174376035	0.1465115147	0.037269126	-0.0233399627	0.0174333378	-0.0044723774	0.1207332948	-0.0470095314	-0.1101733477	-0.0395056873	-0.0347399866	-0.1387940751	-0.012406326899999999	-0.0055892936	0.026687135600000002	0.0281240027	-0.06599048519999999	0.0785747322	-0.0654557239	-0.08329931410000001	-0.0436377563	0.11616479380000001	-0.1167176339	-0.1403719785	-0.1067633536	0.1446701583	-0.0593766904	-0.0883855294	0.0656306345	-0.050219744299999994	-0.0097921821	0.0496371388	-0.1068141858	-0.1973124671	0.2282107243	0.0752121846	0.0207716699	0.0755377073	-0.058776325	0.1186365975	0.0087091844	-0.0929882915	-0.1201222557	0.0986872522	0.1463087717	-0.09940759710000001	0.0234870636	-0.0953971821	0.1331532605	-0.0719946349	0.0975585016	0.0217796975	0.1246241507	0.0788465639	0.0270098606	0.0109518973	-0.0024290696	0.0371307833	0.10771240439999999	0.0362513359	-0.0362251187	0.0748415432	0.0872206509	0.10808930779999999	0.1059766291	-0.0292735048	0.028587182599999997	-0.06667900269999999	0.007596919499999999	0.0861865138	0.0356679789	-0.0311031408	-0.1322607923	-0.052219248899999994	0.0783625473	0.20298018	0.1195314478	0.0008159075	-0.0323461889	0.0075221625	0.0840392298	0.1876721254	-0.0137452171	0.016802556	0.0114111873	-0.025179793	-0.0601719179	0.023995523199999997	0.026597430800000002	0.0075465975	0.0913538267	0.0412473566	0.0739353917	0.0932858702	-0.0275282296	-0.0413615827	0.15516415	-0.1050135967	0.0055858379000000005	-0.0248323633	0.20900100940000002	0.040600691200000004	-0.0077086161	0.09165051169999999	0.054066654299999996	0.0230149121	0.052983166500000005	0.0355887967	0.0508992584	0.2264272028	0.1572189731	0.0847934121	0.0712109626	-0.2159234286	-0.0819493933	-0.2401066057	0.0595141723	0.0074638924	0.05742247070000001	0.056177404900000005	-0.0048479368	-0.0084677376	-0.13670573519999998	0.1196138463	0.021117941600000002	-0.0739051649	0.0578555956	-0.0218437394	0.034293361200000004	0.0731369764	0.0673209393	-0.009772825300000001	0.0288153182	0.0510013816	-0.1097679466	0.174483169	0.0387027692	0.0009478102000000001	-0.0562670112	0.0136852154	0.021370314700000004	0.057820323	0.0425670409	0.0587652519	-0.1610584466	-0.05550380059999999	0.010965136499999998	0.0786909348	0.15782371439999998	-0.09151789390000001	0.0362286509	-0.0216953519	0.058809609699999994	-0.037951234	0.0245189961	0.0729043701	0.0103480497	-0.0575172008	0.0424485	-0.0074640999999999935	5.5712788809999915e-05	0.00180187515225	0.239894	0.052623	0.0027691801290000003	0.057549131235999994	0.194313	-0.11973599999999995	0.037757541969	0.014336709695999988	0.00805927	-0.004238129999999998	6.49518329329e-05	1.7961745896899983e-05	0.0010633900000000002	0.0006339120000000001	4.0184442374400024e-07	1.1307982921000005e-06	-0.00014423799999999998	0.000225597	5.0894006409e-08	2.0804600644e-08	0.0	0.0	0.0	0.0	0.0	0.0	0.0	0.0	0.0	0.0	0.0	0.0	0.0	0.0	0.0	0.0	0.0	0.0	0.0	0.0	0.0	0.0	0.0	0.0	0.0	0.0	0.0	0.0	0.0	0.0	0.0	0.0
8198.12300833369	32.61547262555177	1063.7690545881171	67209220.85977024	10371.427755198862	-2.785415556314547	107566513.6813093	7.7585398213590775	6257.833999415658	-3.970030789695557	15.761144471130724	39160486.36424257	6593.312619547715	10856.361901802858	1.377315	69.313721	0.35830335	0.207799	-0.07302662830000001	-0.143614496	-0.0191290966	-0.1101254697	-0.001152049	-0.0599830041	-0.0395907891	-0.0574893642	-0.0061544952	0.0108477205	0.0392419328	0.008205656700000001	0.1599972294	0.07076475980000001	-0.05064310440000002	-0.0540854859	-0.0127826247	0.10537109369999999	0.10608102779999999	-0.0964609919	-0.005557224	-0.0534900375	0.0920091126	0.1151333844	-0.0737134913	-0.10870029710000001	0.0079451195	0.1276783974	0.0078755374	0.0231188286	0.1988132798	-0.1552212063	-0.0292782554	-0.0245945203	0.033774059	0.0859404632	0.0506710266	-0.0339258742	0.0389163792	-0.0350019834	-0.1450614871	0.045365455	-0.0398315247	-0.0976937157	-0.0132270241	0.0946759702	-0.0242743783	-0.1038512237	-0.06003066820000001	0.072332089	-0.1971970611	-0.0437177638	0.0243909016	-0.122859927	0.0823498489	-0.08881904269999999	-0.0194390995	-0.052246901299999995	0.0171098848	0.0838116008	-0.025962387599999998	0.0654270869	0.073393837	0.0443047225	0.11840479529999999	-0.07039287400000001	0.0698381061	-0.1503772917	-0.0659028995	-0.07260907030000001	0.0289733408	0.1038389119	-0.1642529553	-0.0325643323	-0.07049192900000001	-0.06073545900000001	-0.09827864230000001	0.1094342294	-0.10332859330000001	0.1107753982	-0.0612630805	-0.0963028107	-0.0724952826	0.038390896699999996	0.0889652844	0.0793730743	0.0746209557	0.0217063879	-0.041118853999999996	0.004733398	-0.013184171399999998	0.184556296	-0.0024868642999999998	0.0341132979	0.1737370384	0.0061293547999999995	0.1306883518	-0.0103895682	-0.0341829549	-0.017482132	0.1802167734	-0.0799346996	-0.0712875384	0.0012983314	0.040369102000000004	-0.1083051567	-0.040594606299999995	-0.0501305869	-0.049535380999999996	0.1350037859	-0.032218045099999995	0.053239082	-0.04708351	0.0877396885	0.07510062370000001	0.0146294731	0.11388631519999999	0.07376993849999999	-0.0625585062	-0.0889730698	0.0774928111	-0.06307171980000001	0.0183316156	0.1576153366	0.1557777568	0.045145957	0.0702056325	0.06875219980000001	0.07050599469999999	-0.0018976805999999999	0.033923080099999996	0.0368218159	0.0201801544	0.1450238219	-0.11120539939999999	-0.0035217238	-0.026254093399999998	-0.057145406399999994	0.1740112532	0.0871693933	-0.0491200734	-0.0199103132	-0.0679864618	0.0207985669	0.0699022305	0.050823353700000004	0.20323826579999998	0.0145326683	0.0315133191	-0.0954175007	-0.0297503503	0.1540160948	0.0894284473	-0.0703741739	0.0461258984	-0.052750846399999995	0.061482628	-0.0067622981	0.0351566875	0.0516670404	0.0810811888	0.0489863785	-0.0089645901	0.0061367925	-0.014942505	-0.0186661812	0.0822435825	-0.10350503429999999	-0.1384155124	0.21278311649999998	0.1510494332	-0.0143385993	-0.06900467190000001	0.11044480710000001	0.09939783449999999	0.014497661	-0.103338512	0.1220222673	-0.12610179259999998	0.07190563030000001	0.007398215699999999	-0.0610554601	0.042694800000000005	0.00024630000000000485	6.066369000000239e-08	0.0018228459470400005	0.16195699999999996	-0.07793700000000002	0.006074175969000006	0.026230069848999987	0.0995118	-0.09480119999999999	0.009902598339240004	0.00898726752144	0.00488038	-0.00317889	2.38181089444e-05	1.01053416321e-05	0.000871569	-0.00019182100000000025	3.679529604100009e-08	7.596325217609998e-07	0.000191428	0.000335666	1.1267166355599997e-07	3.6644679183999996e-08	0.0	0.0	0.0	0.0	0.0	0.0	0.0	0.0	0.0	0.0	0.0	0.0	0.0	0.0	0.0	0.0	0.0	0.0	0.0	0.0	0.0	0.0	0.0	0.0	0.0	0.0	0.0	0.0	0.0	0.0	0.0	0.0
8175.615368847136	-22.50763948655458	506.593835256711	66840686.65932949	10387.333159323643	15.905404124781851	107896690.1627845	252.98188037262761	6236.900520633552	-20.93347878210534	438.2105339208545	38898928.10427908	6571.686157313199	10670.276179516944	1.012912	50.975071	0.31594532500000005	0.175373	-0.0478294737	-0.1298974105	0.0418868104	-0.1034227124	-0.045397585899999995	-0.0536075483	-0.0066638818	-0.0421387099	0.081747322	0.052784020099999995	0.0525809441	-0.0240754646	0.0898513176	0.0554385488	-0.0915364339	0.0331314715	-0.011766176399999998	-0.064239697	-0.022972290299999996	-0.1026940313	0.0308760372	-0.014364166000000001	-0.0001337323	0.1174979	-0.1571554675	0.0305917951	-0.0492478359	-0.044066990099999995	-0.0338824473	0.17043578780000002	0.0274001575	-0.0503328736	-0.0532444093	0.0918056858	-0.0547763978	0.0466801546	-0.00122421	-0.1221176374	-0.0060703513	-0.0265565621	-0.1025649532	0.0737740851	-0.057857787	-0.049930471100000005	0.0355285417	0.0479545815	-0.0422558152	-0.0730695779	-0.0847685516	0.0489594795	-0.11974723359999999	-0.1025023374	0.0300006388	-0.0916642168	0.0581754221	0.0453313482	-0.17244651309999998	0.0596995142	0.0599054308	0.0310116962	-0.051663617	0.0057025333	0.0785828633	0.10986674519999999	-0.1160182731	0.056307933399999996	0.0057231930000000006	-0.054761205	-0.0157516518	-0.0385455046	-0.0572274537	0.0758901786	-0.0728371542	0.0525107846	-0.0042497646	-0.0094353578	-0.1190177181	-0.046177206	0.1015922767	-0.0306528741	0.2300545409	-0.034284130499999996	0.0402307081	0.0122536869	0.043276040700000004	0.069353462	0.0091669783	-0.0561455971	-0.053030447	-0.0715270213	-0.0440611746	-0.056257088600000005	0.028784378700000002	-0.0753196681	-0.033732043999999996	-0.0093084277	-0.047107340899999996	-0.073419699	-0.1083663033	0.08432055449999999	-0.1633452226	-0.0493676547	-0.00037180220000000003	0.075627649	0.064905822	-0.0433416383	-0.0025914695	0.0936496631	-0.033303087099999996	-0.1056040758	0.0320971838	0.0021736669	-0.034332055699999996	0.0361042771	0.10239656220000001	0.0527931369	0.0821499922	0.0040671707	-0.022754980499999997	-0.0494238762	0.0859412135	-0.0545382742	0.0465285411	0.07506274019999999	0.1432906061	0.0524787925	-0.0663483478	0.0956665282	0.1308427456	0.0228699476	0.0162774916	-0.0144558473	0.1762822006	0.0784558649	0.022574862200000004	-0.1011378557	0.077560315	-0.021428816	-0.029316227099999998	0.1184620924	0.0668309481	-0.0884066477	0.027705622200000002	0.0369816329	0.024213051200000002	-0.0265931856	0.0036083746000000003	-0.054341948200000004	0.0057732924	0.0165319852	-0.055396429299999994	0.0544873482	0.0366288902	-0.1368374772	-0.0032790154	-0.08793769050000001	-0.047573225700000006	-0.11971017939999999	-0.049549233600000006	0.0283387885	-0.0913452303	-0.0898421237	-0.0477406254	0.12339220529999999	-0.1013334762	0.0033959815000000003	0.0275867958	-0.0591660092	0.0237476298	-0.16901134140000001	-0.1075440522	0.0486403504	-0.0024903783	0.0345983483	0.0084101854	0.1345528251	0.019717163	0.0284273008	0.058234131200000004	0.07089048740000001	0.0044416313	-0.0644683864	0.0305685	-0.012126300000000005	0.00014704715169000008	0.00093443319225	0.213746	0.05178900000000003	0.0026821005210000033	0.045687352515999986	0.219675	0.12016320000000001	0.048257105625000005	0.01443919463424	0.00703768	0.0021573	4.95289397824e-05	4.6539432900000006e-06	0.000677648	-0.00019392099999999998	3.7605354241e-08	4.59206811904e-07	-9.46875e-05	-0.0002861155	8.186207934024999e-08	8.96572265625e-09	0.0	0.0	0.0	0.0	0.0	0.0	0.0	0.0	0.0	0.0	0.0	0.0	0.0	0.0	0.0	0.0	0.0	0.0	0.0	0.0	0.0	0.0	0.0	0.0	0.0	0.0	0.0	0.0	0.0	0.0	0.0	0.0
8186.570832653987	10.955463806851185	120.02218722322624	67019941.99806099	10395.28545014934	7.952290825696764	108061959.59008656	63.23892937646092	6250.3141606654235	13.41364003187118	179.9257389046171	39066427.10701472	6590.26704483185	10884.331344217586	1.269064	63.865974	0.31392922500000003	0.187983	-0.09624970740000001	-0.07694646969999999	0.0170656902	-0.0711350753	-0.0783217433	-0.07697260660000001	0.0230340446	0.0711629087	-0.0435128933	0.1435574615	0.1693929312	-0.005793726700000001	-0.1035244568	0.10724952039999999	-0.12900646970000001	0.10125736800000001	0.026692268300000002	0.0101060797	0.1052264874	-0.19982075559999998	-0.016924128	-0.08473611060000001	-0.0669160751	0.0719862867	0.013914095100000001	0.0023192483	-0.0694370205	-0.08435780220000001	0.0174758094	0.0226222905	0.023753952400000004	-0.052631135499999995	0.0862383634	0.11644774769999999	-0.0091239039	0.09795388210000001	-0.0585448895	-0.0319183145	0.083669505	0.0581376204	-0.0432121729	0.065159577	0.009438725600000001	-0.0170281457	0.0729429657	-0.1508989228	-0.12593570939999998	0.1081623144	-0.020046576899999998	0.2379170841	-0.1576948432	-0.0101078353	0.02687755	-0.0174298772	0.0691813119	-0.0562614979	-0.0029929462	0.1294010678	-0.0131662147	-0.036382651	-0.10899541880000001	-0.1452166409	0.1024569174	0.12825293880000002	-0.1107417862	-0.059534286299999996	0.0141696946	0.0570979134	-0.0559781251	0.11018747179999999	-0.0408638027	0.0153365524	-0.0222479452	0.0251696969	-0.036170187	0.09498889099999999	0.10615221550000001	-0.08373371190000001	0.0493713886	0.0352705563	0.0250036906	0.10031564050000001	0.0438968449	0.1392255189	0.0009661713	-0.0685104738	0.1325684334	-0.0480544503	0.0074440559	-0.0507499056	0.08847850410000001	0.0174929369	-0.0190565277	-0.08869054009999999	-0.0572151517	-0.09306482880000001	0.058805599199999996	0.10703907210000001	0.07256673179999999	0.09875231179999999	-0.16255178720000002	0.0221276555	0.11663781699999999	0.02835539	0.0481604095	0.0026439537	-0.0243767194	-0.0597505556	0.1293915624	0.10403999050000001	0.016934047600000002	0.0791373184	0.0710050075	0.0035091735999999998	0.0935554324	0.005920321899999999	0.0521471072	-0.1135544126	0.0665843305	0.18981154179999998	0.18059942739999998	-0.034360946600000004	0.0422736862	0.1625889706	-0.00041564559999999996	0.0705026152	0.0430801008	-0.0145707751	0.0126467569	0.059425844900000004	-0.1003981836	-0.016486671	0.0619793839	-0.0794826255	-0.0336036799	-0.24117532690000001	0.089125295	0.0046507011	0.012149633200000001	0.059063469699999996	-0.0198977451	-0.0067705803000000005	0.0948766798	0.1603182975	0.0090429912	0.0760623215	-0.056321174	0.0288472859	0.054416788	-0.021378038199999998	0.05956343610000001	-0.010261164599999999	-0.09310477210000001	0.0634116874	0.13512242189999998	0.0626339778	0.0264184542	-0.0902541738	-0.0823428855	-0.0124049598	-0.0391398782	-0.0074618537	-0.0047899872999999996	-0.16373181369999998	-0.1255026658	0.0146722655	-0.0009104716	-0.20464003	0.0531703412	-0.1176140944	-0.053979515	0.0217652076	-0.0996928358	0.0402954059	-0.0749318635	0.0326290344	-0.0377309251	-0.0547741529	0.1117886532	0.06985917280000001	0.0014809942	-0.0677489736	0.0252332	-0.005335300000000001	2.8465426090000013e-05	0.00063671438224	0.0482571	-0.1654889	0.02738657602321	0.00232874770041	0.140984	-0.07869100000000001	0.019876488256	0.006192273481000003	0.00665044	-0.0003872400000000005	4.4228352193599985e-05	1.499548176000004e-07	0.000171786	-0.0005058619999999999	2.5589636304399986e-07	2.9510429795999998e-08	-0.0004898659999999999	-0.0003951785	1.5616604686224995e-07	2.39968697956e-07	0.0	0.0	0.0	0.0	0.0	0.0	0.0	0.0	0.0	0.0	0.0	0.0	0.0	0.0	0.0	0.0	0.0	0.0	0.0	0.0	0.0	0.0	0.0	0.0	0.0	0.0	0.0	0.0	0.0	0.0	0.0	0.0
8225.758114673468	39.18728201948125	1535.6430720743579	67663096.56111641	10398.107333146912	2.821882997572174	108120636.1116436	7.963023651986923	6283.052081348608	32.73792068318471	1071.7714506584932	39476743.45693908	6628.123544331666	11165.168010101179	1.339357	67.40349599999999	0.2095690000000001	0.135204	-0.1181702125	-0.0642748714	0.042375385	-0.0549118841	-0.059321093	-0.1046696103	0.037570615	0.2235101542	-0.09409317390000001	0.0732608926	0.133325812	-0.0271551125	0.027884573399999998	0.0704698912	-0.0045973676	0.2534964774	-0.085561366	-0.0163765718	-0.071037837	0.1091298307	0.0410172476	-0.1403105806	-0.0431870748	-0.0533711672	0.0221073127	-0.005554384599999999	0.18377741760000002	0.1247490498	-0.1072362231	-0.1304255386	-0.1386576133	-0.0210543848	-0.0007757592	0.1632628978	-0.0263435794	0.046197757699999994	-0.13899701150000002	-0.13570205189999998	0.1341193492	0.19289839460000002	-0.045848665700000006	0.0386539781	0.0078355241	-0.05953669	0.0361328271	-0.1790362491	-0.06354385139999999	0.033266975899999995	0.0542735813	-0.07058222480000001	-0.1105937421	0.08507500289999999	0.0470794103	-0.0197231998	0.146206692	-0.014675597	-0.19639355149999999	-0.0174210164	0.024458010699999998	0.0740430261	-0.015634572700000002	-0.1670465506	-0.10432078759999999	-0.18105074969999999	-0.0547121051	0.007756100500000002	-0.049755625	-0.0397436324	0.1232783551	-0.1268849507	0.1417546492	0.016430787	-0.07757492740000001	0.0739628396	0.0007671313000000001	0.1381176727	-0.0026329321	0.068351222	-0.0421424089	0.0281472031	-0.1102176472	-0.1947227854	0.013041343899999999	-0.1869787952	-0.0376376493	-0.0263751077	-0.0358903127	-0.1198154414	-0.12113189810000001	0.0761853837	0.1203892417	-0.0014850208	-0.0445892027	-0.0783994631	-0.0321051719	0.0015191853	0.016752003	-0.0512758394	0.059868443099999995	0.0482855277	0.044208986500000005	-0.012962695500000001	-0.034186288700000005	-0.009271859	-0.16490366050000002	-0.0676265791	-0.0596166365	-0.0099453771	0.0066565801	-0.047104058600000005	0.011257538899999999	0.12262570490000001	0.20955164969999998	0.0378880822	0.059382981200000004	0.020836932	0.09196482289999999	-0.050534185	0.0869421445	0.0738225931	0.0135472581	0.1351019849	0.1040890801	0.1122132356	-0.072693544	-0.1272510617	-0.0666473325	0.001052542	0.1170823742	0.0041587298	-0.0502745551	0.1112353025	0.1463967435	0.0781593732	0.0806546311	0.1166678463	-0.0545448935	0.16987351920000002	-0.0938261619	-0.06701694150000001	0.039841665299999995	-0.09632768779999999	-0.12227362300000001	0.1421724679	-0.11670943630000001	-0.1464246415	0.1701367641	0.1229594361	-0.121375182	0.18824368	-0.1538256197	-0.0539917916	0.020775791000000002	0.033043189199999996	0.054314792800000004	-0.060624363099999995	0.014628111999999999	0.1105584847	0.0695698861	-0.047377450300000006	-0.022947353599999998	0.015230311000000003	-0.0735404964	-0.0095166065	-0.0302096463	-0.0765189409	-0.11988876710000004	-0.1192551717	0.0390688344	0.1507091788	0.0859550092	0.0397169494	-0.013376253400000001	-0.0643058955	0.0362307434	-0.014634765	-0.0607890251	-0.0140546167	-0.02897359	0.0688119219	-0.0014809942	-0.07089048740000001	0.0060833	-0.0191499	0.00036671867001	3.7006538890000004e-05	-0.0814535	-0.1297106	0.016824839752360002	0.00663467266225	0.165877	0.024893000000000002	0.027515179129	0.0006196614489999999	0.00676446	0.00011402000000000027	4.57579190916e-05	1.3000560400000058e-08	-0.000194871	-0.000366657	1.34437355649e-07	3.7974706641000004e-08	-0.000254233	0.000235633	5.5522910688999983e-08	6.4634418289e-08	0.0	0.0	0.0	0.0	0.0	0.0	0.0	0.0	0.0	0.0	0.0	0.0	0.0	0.0	0.0	0.0	0.0	0.0	0.0	0.0	0.0	0.0	0.0	0.0	0.0	0.0	0.0	0.0	0.0	0.0	0.0	0.0
8272.39000532782	46.63189065435108	2174.533225999356	68432436.4002476	10358.502524094138	-39.604809052774726	107298574.54166462	1568.5409001067471	6277.782532224918	-5.2695491236900125	27.768147966982173	39410553.52190831	6621.0731252186915	11371.632506718634	1.533851	77.191452	0.650217525	0.498731	-0.10931110890000001	-0.034462405	-0.010721477	-0.042910432000000005	-0.0431978834	-0.058252365599999995	-0.0673441268	0.20369971050000002	-0.0511350145	-0.09046709189999999	0.0004692664	-0.08520992570000001	0.0506245393	-0.1566341055	-0.1241088192	0.017385393	-0.20987569	0.01739443	0.0233352209	0.0339925265	-0.0270257057	-0.0469212653	-0.0308846921	0.0837910776	0.0260257946	0.0221389412	0.0728227515	-0.0579347721	-0.026318933399999998	-0.15004633779999998	-0.030205471	-0.0628029925	0.0026677038	-0.1780006785	0.011723921100000001	0.005670040699999999	-0.1746522206	-0.0685482414	0.1254022825	0.14547335779999998	0.0173697974	-0.1836140762	-0.0093930972	0.0065717586	0.07601628269999999	0.09834084109999999	0.0260213001	-0.07702852639999999	0.050018382800000004	0.0282823245	-0.1037545197	0.0374111416	0.0741857063	0.0066180430000000005	0.16900534809999998	0.037495052	-0.06983421969999999	0.0573481703	0.0648926095	-0.0385264025	0.1107942258	-0.1107675488	0.053958071399999995	-0.14660132	-0.054066974500000003	-0.0077480169999999985	-0.0023696087	-0.11788367599999999	0.013460915	0.14547401199999999	-0.11960329759999999	-0.0585204671	0.11433289279999999	0.021089433799999998	0.072654278	-0.0644288874	-0.1433987313	0.0194488427	-0.1381198851	-0.07640266650000001	0.20317066620000002	0.0808604641	0.1332779201	0.0520808113	0.0004956416	-0.1768345558	0.1303292688	0.1236293514	-0.0668126785	-0.0334543661	-0.0753015301	-0.019926914599999998	0.0618751688	0.1303435685	0.0619749442	0.0386469762	0.0286588331	0.0657205922	0.0006958547	0.0417141588	-0.030762936	-0.005472365799999999	-0.026316694900000003	-0.1429130702	-0.0547662296	0.0675636225	0.043222996799999996	-0.0701001715	-0.0179305217	-0.1254949587	-0.0066800949	0.1233766276	0.158642602	0.0403278817	-0.16275001039999998	0.0539562363	-0.0039255896	-0.07299553389999999	-0.0559200109	-0.11690986099999999	0.0232913883	-0.0718820588	-0.009895736	0.1526530374	0.0274356044	-0.0928980252	-0.0556881501	-0.1031883245	0.043033245199999993	0.09911254359999999	-0.0408362221	0.059023107699999994	0.1094416648	-0.0969880652	0.0992494492	0.07764416519999999	-0.1474112091	0.0222154575	0.0840664815	0.1047303676	0.1002014508	0.025149828	-0.0476081462	0.0648989381	0.047795721799999996	0.0530193488	-0.2188590689	0.032271966	0.048613924100000004	-0.0631239442	0.038517348	0.1191130337	-0.0378279941	0.0294759721	-0.071585562	-0.1689421023	-0.026060163100000002	0.0774405141	-0.11857724130000001	-0.0046373257	0.0854879693	0.0128571103	0.0207672369	-0.019733167700000002	-0.1739195289	-0.1539955889	0.20976517649999998	0.0191444567	0.0237539139	-0.0355592706	-0.122463419	-0.0078721346	0.0145345251	-0.047185954	-0.06458167570000001	-0.1312119801	-0.1026225513	-0.0897366951	-0.022613181	0.0677489736	-0.0044416313	-0.073886479	0.00597033	-0.00011296999999999956	1.2762220899999902e-08	3.5644840308900004e-05	0.40722	0.4886735	0.23880178960225001	0.16582812839999994	0.09069939999999999	-0.07517760000000001	0.00822638116036	0.005651671541759999	0.00521945	-0.0015450100000000005	2.72426583025e-05	2.387055900100001e-06	-7.82139e-05	0.00011665709999999998	1.3608878980410001e-08	6.11741415321e-09	-0.000190831	6.3402e-05	4.019813604e-09	3.6416470560999984e-08	0.0	0.0	0.0	0.0	0.0	0.0	0.0	1.0	0.0	0.0	0.0	0.0	0.0	0.0	0.0	0.0	0.0	0.0	0.0	0.0	0.0	0.0	0.0	0.0	0.0	0.0	0.0	0.0	0.0	0.0	0.0	0.0
8279.410199550695	7.020194222875944	49.28312692690078	68548633.25242409	10355.090502838448	-3.4120212556899787	107227899.32197502	11.641889049280222	6282.191804747807	4.409272522888386	19.44168418109852	39465933.8716405	6626.994561024149	11541.925259691852	1.093102	55.010654	0.239672555	0.14168499999999998	-0.1175575386	-0.0445273468	-0.0565976363	0.0166136148	0.0008455896000000001	-0.0562263733	-0.0423966742	0.1791838221	-0.1187978861	-0.016855998	0.0238282752	-0.0332255575	-0.0291798878	-0.11632244439999999	-0.1287644799	0.0712291078	-0.20994634829999997	0.09454228070000001	-0.0642717288	0.0374330393	-0.09915318570000001	-0.1174358584	-0.0495293614	0.0636201122	-0.0151196496	0.0093353839	-0.022047994100000003	-0.0161394798	0.1455256384	-0.0308504439	0.0080694254	0.0132873523	0.0823644957	-0.0320798758	0.0273567211	0.1408936461	0.0280482579	0.09972503	0.16110641609999998	0.1538970304	0.017468436599999998	-0.1602909736	0.039217596	0.0221351342	0.0563538424	0.0751070545	0.07058918230000001	-0.00632248	0.0152685152	0.05824313900000001	-0.2011984753	0.0706561299	0.1286718557	0.0115990594	0.1521364719	0.14090656029999998	0.048956297999999995	0.0952836337	-0.058671654800000014	-0.0610044413	0.07068555160000001	-0.0466323233	-0.0346445502	-0.0013485512	-0.1270431558	-0.011377411499999998	0.0641904929	0.0895653649	0.0634263513	-0.0257637679	0.0816783216	-0.1109739657	0.1095944904	0.0482136442	-0.09811136820000001	0.0936899594	0.0452100345	0.09370334289999999	-0.1481503127	0.0395278592	-0.0878687746	0.1037169275	-0.0560510463	0.1346870484	-0.0821920379	0.0604056427	-0.1194298761	0.1048777694	0.0323241259	-0.0159823402	0.0382841886	0.0418854799	-0.0897032592	0.038245305699999996	-0.1700117856	-0.0766046363	-0.012274781499999998	-0.0055088199	-0.0418546627	-0.1025908383	0.0181202577	0.0541952874	-0.0012747408	0.020140536299999998	0.071805462	-0.09041418	-0.050372434400000006	-0.0026150791000000002	-0.0310253525	-0.0021497101	0.0379205795	0.15084279890000002	0.1767363736	0.0367774265	-0.1293112859	0.017787951899999998	-0.030260709700000006	-0.073961497	-0.0386234075	-0.0243559452	0.020795286	-0.136369379	0.0218710898	0.2372558175	-0.0002843376	-0.0953416331	-0.0213356065	-0.0737342163	0.0317936156	0.0663913519	0.0682212916	0.14953182539999998	-0.0036659793	-0.1891397774	0.0690207315	0.0381611367	0.0105135374	0.012410960700000001	-0.1034740867	0.0796174806	-0.0452670066	0.0224421881	0.0044489678	-0.0184349761	0.0151568174	0.0496076737	-0.0954905276	0.13121656880000002	0.0854191242	0.0747729724	0.0404347198	0.0874576598	-0.12937926	0.099472693	0.12262674929999999	0.09178900599999999	0.04709421849999999	0.17393797	0.0897190183	0.11495470740000001	0.0059643192	-0.0223024638	0.0041508034999999995	-0.0988988891	0.1488136793	0.07496262719999999	-0.07347734	-0.030066713399999997	-0.04264115	0.0051436609	-0.0052208617	-0.0018342217999999999	0.0713024448	0.0982493444	-0.076217178	0.0396676072	0.0347787396	0.0912179149	-0.0552843275	0.06667057030000001	-0.007398215699999999	-0.0767307983	0.00983973	0.0038694	1.4972256359999994e-05	9.68202864729e-05	0.289027	-0.118193	0.013969585249	0.08353660672899997	0.0576323	-0.0330671	0.0033214820032899995	0.0010934331024100002	0.00400027	-0.0012191799999999994	1.60021600729e-05	1.4863998723999984e-06	-0.000549895	-0.0004716811	2.2248306009720997e-07	3.02384511025e-07	-0.000190831	0.0	0.0	3.6416470560999984e-08	0.0	0.0	0.0	0.0	0.0	0.0	0.0	0.0	0.0	0.0	0.0	0.0	0.0	0.0	0.0	0.0	0.0	0.0	0.0	0.0	0.0	0.0	0.0	0.0	0.0	0.0	0.0	0.0	0.0	0.0	0.0	0.0
8275.431541990092	-3.978657560603097	15.829715984544187	68482767.20616451	10366.03926526333	10.94876242488317	107454770.04898112	119.87539863653359	6290.494129972942	8.302325225135062	68.928604143914	39570316.39922404	6633.753051218477	11490.085847001941	1.023873	51.526661	0.24485237	0.122658	-0.11956134269999999	-0.0403419849	-0.0592800854	-0.0211177782	0.0513822555	-0.0665794066	-0.0347038652	0.1409503568	-0.11481456050000001	-0.0668622676	-0.0371962448	-0.057716265999999995	0.0162761261	-0.0861668083	-0.038353552799999996	0.0558179237	-0.1815373186	0.0898778441	-0.054242496200000004	-0.025973878199999998	-0.0495985542	-0.0929087539	-0.0778299263	-0.05324413730000002	-0.082403163	0.0518635026	-0.0830199962	-0.058279253499999996	0.04423304559999999	-0.0145515977	-0.0449436679	-0.0807888093	-0.012973576100000002	0.0647926158	0.0071754057999999996	0.06176479150000001	0.0909216241	0.1608383574	0.1656379143	0.1487410643	-0.0215699529	-0.1618496974	0.0484754779	-0.0316949134	0.0259653976	0.10263361160000001	0.16919290480000002	-0.0352547595	0.05899802320000001	-0.0070286588	-0.1551612833	0.0685413805	0.095047367	0.0023721370000000003	0.0498304616	0.0227171762	0.048420511	0.0801791688	-0.1056586263	0.012628943500000002	-0.061459949699999995	0.0910342059	-0.025050902200000003	0.08209271230000001	0.0609134758	-0.019223045600000002	0.0800003395	0.07278604429999999	-0.0390891822	0.0008654966	0.14443336199999998	-0.031663326	-0.06790997110000001	0.0381389871	0.08406842210000001	-0.0509428351	0.1045649519	-0.1386574327	0.0160337526	-0.023218411499999998	0.007114923299999998	0.1262063745	-0.128916958	0.0534529882	0.1019559968	0.001690882	-0.05766081150000001	-0.0291421314	0.0332185384	0.0408683898	0.1047126642	-0.0705158216	0.0185034628	-0.0110028271	-0.064119072	0.0843293684	-0.1230606432	-0.0893044818	0.0040748128	-0.10229451	0.1397821206	0.1146962337	0.0101941263	0.0476888142	-0.1802606264	0.0471210772	-0.0030027679	-0.0125418276	-0.0191771101	0.1147630036	-0.1094251338	0.1587378119	0.1635041509	0.0852728657	-0.1331256935	0.0036381615999999998	-0.0026402491	-0.0089534461	-0.0645195051	-0.0617889035	-0.09318193960000001	-0.13211291460000002	-0.009092936	0.19022802530000002	-0.0496987275	-0.0960668908	0.0035458554	0.0317106033	0.009276857900000001	-0.0550663789	0.041817045899999995	0.0645732418	-0.0193243159	-0.1122143743	-0.0233266383	-0.0011462186999999999	0.1104688569	0.0577937996	0.0010426727	-0.026600715	-0.0604687967	-0.012127373	0.0634195447	-0.0499264995	0.0034623616	0.0607054659	0.07265434929999999	0.08711176080000001	0.10248086810000001	-0.1485184259	0.0212630196	-0.012946339099999999	0.0465524094	0.0287323081	-0.0097974995	0.093923745	-0.1112294224	-0.1102989158	-0.012247070700000001	-0.048821973399999996	-0.07229749469999999	-0.0908553258	-0.0034882077000000004	0.008152584000000001	0.12783547039999998	-0.0333588646	-0.15509897050000002	0.024762816899999998	0.1007325986	0.05166668730000002	0.11934430539999999	-0.0560865996	0.1593337327	0.0558627016	-0.0245873524	-0.069875008	0.1981306885	-0.0896028948	0.0327350474	0.0655769581	-0.0103480497	-0.0794176065	0.0418482	0.03200847	0.0010245421517408998	0.0017512718432399995	0.267604	-0.02142299999999997	0.00045894492899999876	0.07161190081600001	-0.0314608	-0.08909310000000001	0.0009897819366399998	0.007937580467609999	0.00381718	-0.00018309000000000036	1.45708631524e-05	3.3521948100000125e-08	-0.00188895	-0.001339055	1.793068293025e-06	3.5681321025e-06	-0.0007152419999999999	-0.000524411	2.7500689692100004e-07	5.115711185639999e-07	0.0	0.0	0.0	0.0	0.0	0.0	0.0	0.0	0.0	0.0	0.0	0.0	0.0	0.0	0.0	0.0	0.0	0.0	0.0	0.0	0.0	0.0	0.0	0.0	0.0	0.0	0.0	0.0	0.0	0.0	0.0	0.0
8288.040587658234	12.609045668141336	158.98803266127373	68691616.78267024	10376.368721423123	10.329456159792244	107669027.84292814	106.69766455706993	6299.7237172159985	9.229587243056812	85.18528067719707	39686518.91325376	6637.826133742558	11464.032141343832	1.058134	53.25086999999999	0.31860955	0.183112	-0.1168741725	-0.0059359294	-0.0744501204	-0.0618316258	0.0938751842	-0.0765488008	-0.043608119199999996	0.11545822630000001	-0.1722810929	-0.1318649708	0.0036370484	0.024110548399999997	0.0042814483	-0.066834664	-0.0402599717	0.0287103464	-0.1468193249	0.1174276023	-0.1224095099	-0.0492194335	-0.1077040299	-0.0195976598	-0.1455429754	-0.1556748794	0.009742956899999999	0.11721763539999999	-0.0583965272	-0.048591385599999995	0.09477883279999999	0.0767656806	-0.0325328944	-0.1354850108	-0.0653829662	0.0006415822	-0.019789503	-0.056188292300000005	0.0180081577	0.0369295725	0.1693964886	0.1031966877	-0.0245924794	-0.1500367578	0.09603941070000001	-0.1053441868	-0.049120715	0.09149348859999999	0.1522481071	0.0180217273	0.11060468289999999	0.0209984373	-0.0937509967	0.0271376681	0.21132217329999997	-0.024872744300000003	-0.1575522399	0.0930334567	0.063123308	0.1492247273	-0.19298641579999998	0.1572303856	-0.06813270240000001	0.060413682300000014	-0.16591625289999998	0.0610865329	0.109525737	0.124076776	0.0620184738	0.1273747602	0.0227563047	0.0115688541	-0.014507043999999997	0.1924560929	0.042485251200000004	-0.084046081	0.0269055199	0.0336806394	0.041292271299999996	0.014362470700000001	0.1453066335	0.0592707858	0.1266015881	-0.0378062045	0.08495667539999999	-0.061563674299999996	0.0016577072	0.0384839349	-0.1381034464	-0.0427371044	0.0806941067	-0.007079245600000002	-0.006723521	-0.012981599699999999	-0.0177127731	-0.011726783400000001	0.0670459017	0.0785368738	0.0855570323	0.0679793578	0.0550865587	0.036263659	-0.045936087199999996	-0.0594979447	-0.0361437061	0.053557765599999994	0.0794774961	0.100744794	0.0913147585	0.056618318099999995	0.10534496800000001	-0.1163949105	-0.0208576925	0.162491219	0.1217814875	0.10343970039999999	-0.1410629625	-0.0714088298	0.013090928	0.039245888900000005	-0.09219070480000001	0.029971368199999997	-0.0915296374	-0.12334213349999999	-0.0825527162	0.1445530391	-0.0737760737	-0.1033545864	-0.1003682558	0.1687331116	-0.05613189019999999	-0.1688418523	0.0966680393	0.1039529852	-0.05808557440000001	-0.1469149301	-0.0233272739	-0.09992893800000001	0.2420213455	0.0981659003	0.0374681236	-0.17839123199999998	0.0265146792	-0.0148792804	0.0146088777	-0.09041675240000001	0.1276762347	-0.09470264960000001	-0.053485789000000006	-0.2104929441	0.0272442035	-0.005479393199999999	-0.0818249747	-0.078017344	0.0230500015	-0.0431803391	0.0151768183	-0.0056001189	-0.0648247882	-0.063261257	0.06371537320000001	0.0372459241	-0.052577434000000006	0.0342699277	0.028897628199999997	0.11339016140000001	-0.023822032200000003	0.026812967000000004	-0.0500248508	0.1463977202	-0.1284148473	-0.006428360500000001	-0.0103375829	0.035193186099999996	-0.07896850309999999	-0.0248311174	0.1197685706	0.0677627831	-0.0773557218	-0.021883254700000004	0.1218546762	0.0644683864	-0.0132884419	-0.0819413884	0.0420517	0.00020350000000000232	4.141225000000093e-08	0.00176834547289	0.214208	-0.053396000000000034	0.002851132816000003	0.04588506726399999	-0.188856	-0.1573952	0.035666588736	0.024773248983040005	0.00542668	0.0016094999999999998	2.94488558224e-05	2.59049025e-06	-0.0014914	0.00039754999999999977	1.580460024999998e-07	2.2242739600000004e-06	-0.000860489	-0.00014524700000000004	2.109669100900001e-08	7.404413191209998e-07	0.0	0.0	0.0	0.0	0.0	0.0	0.0	0.0	0.0	0.0	0.0	0.0	0.0	0.0	0.0	0.0	0.0	0.0	0.0	0.0	0.0	0.0	0.0	0.0	0.0	0.0	0.0	0.0	0.0	0.0	0.0	0.0
8276.99888199093	-11.041705667303177	121.91926404335508	68508710.49247912	10369.587802965858	-6.780918457265216	107528351.20341828	45.980855124080065	6270.152286023218	-29.57143119278044	874.4695427893479	39314809.68992218	6610.590806324711	11541.868619775923	1.3503120000000002	67.95481099999999	0.1880318	0.08960839999999999	-0.1217595582	0.027132295299999998	-0.0719990817	-0.0650219487	0.1159807298	-0.0708085667	-0.09668598070000001	0.0318389943	-0.1259846691	-0.19817764420000009	-0.0409024331	0.12185961810000001	0.1670449769	-0.022377768399999998	0.1471608542	-0.05909836650000001	-0.2201409346	-0.125269457	-0.1025665976	0.1075276268	-0.0143398762	0.1118006688	-0.0228338438	-0.0106965893	0.0645870466	0.0314396083	-0.1215071304	0.16125418060000002	0.1677232508	0.052432106	-0.030518078900000002	-0.12004570789999999	-0.172641772	0.057112706299999996	-0.0686914522	-0.0511863824	0.1399614083	-0.11861456869999999	0.11838849119999999	-0.0084254397	-0.05937202530000001	-0.107524215	0.07547090070000001	-0.1467988767	-0.025509174500000002	0.0854516909	0.15542678880000002	-0.029917496600000006	0.1506681566	-0.1689761667	-0.10105498560000001	0.0326062159	0.060254505300000004	-0.090044656	-0.0908683186	0.1733026209	-0.0516646426	-0.2993875352	-0.0622915495	-0.1054409973	-0.1489710128	0.143629221	-0.0362016701	-0.10225388210000001	-0.0523532221	-0.016271640100000002	-0.0219692526	-0.280596782	-0.13717496070000001	-0.08863624880000001	-0.099618341	-0.002033334	-0.001135122	0.1153160551	0.018932868999999998	0.0585682493	-0.0241821556	-0.048810349100000004	0.0702182325	0.027196802599999997	-0.1847035968	0.0386890047	0.0148187124	-0.0756381299	-0.0023846274	0.0180277681	0.1367751452	-0.126026051	-0.0013027134	-0.0420527005	-0.0888039406	0.0231180317	-0.0558569219	-0.0112924916	0.0509403224	-0.035508728999999996	0.0847067736	0.0151680319	-0.19046752649999998	0.0016301007	-0.0663585611	0.034565015899999996	0.0822138192	-0.084605397	-0.0027261043	-0.0401335056	-0.0637921612	0.0400615395	-0.0597979293	0.0201314086	0.051300973	0.1232519391	0.0013675639000000001	0.121970502	-0.12462648259999999	-0.1061550755	0.0849552869	0.11346696939999999	-0.1368703466	-0.1162417974	-0.22267959920000002	0.0738368809	-0.053842884199999996	0.1267004199	-0.044910868099999994	-0.013571030500000001	-0.1290328771	0.0585290511	-0.1621765922	0.1201906006	0.35332656170000004	-0.0696790741	0.0931881926	0.2076717721	-0.1669814187	0.1104612032	0.0012177596	0.0247027282	0.059200742699999996	0.1362595084	0.0183692735	0.0515250348	0.0048925712	0.0758068122	-0.1245833995	-0.13586369199999998	0.111981394	-0.0679384426	-0.2141045741	-0.0120873293	0.0102753549	0.053439931600000004	-0.0291950723	-0.0279927982	-0.023956510499999997	0.0861113889	0.045032720899999996	0.0266483052	-0.15493421570000002	-0.0319364355	-0.0447884125	0.0538061262	0.10906533410000001	-0.027149735699999997	-0.0095507742	0.1488759177	0.023076276200000002	-0.0007834875999999999	0.0699509482	-0.0079330347	-0.0438945441	0.056248750300000004	-0.09754782140000001	0.0560242984	-0.1467566453	0.011109961100000001	-0.039092390299999995	0.037601224	-0.0192271997	0.06334510809999999	-0.0162167092	-0.084296963	0.0207938	-0.0212579	0.00045189831241	0.00043238211843999987	0.167801	-0.046406999999999976	0.0021536096489999977	0.028157175601000006	-0.179901	0.00895499999999999	0.032364369801	8.019202499999984e-05	0.00640464	0.00097796	4.10194135296e-05	9.564057616e-07	-0.000440154	0.001051246	1.105118152516e-06	1.93735543716e-07	-0.000661457	0.00019903200000000006	3.9613737024000016e-08	4.3752536284899995e-07	0.0	0.0	0.0	0.0	0.0	0.0	0.0	0.0	0.0	0.0	0.0	0.0	0.0	0.0	0.0	0.0	0.0	0.0	0.0	0.0	0.0	0.0	0.0	0.0	0.0	0.0	0.0	0.0	0.0	0.0	0.0	0.0
8252.141650369136	-24.8572316217942	617.8819638995254	68097841.81775706	10352.749514348183	-16.83828861767506	107179422.50683652	283.52796357212554	6249.70876336329	-20.443522659928018	417.9376187469905	39058859.6268599	6582.178400506125	11660.964268298676	1.419052	71.414169	0.32867240000000003	0.16911900000000002	-0.152703099	0.0330945438	-0.0252530987	-0.0126366681	0.0837938612	-0.06684288740000001	-0.10458829089999999	-0.0370549654	-0.11716273630000001	-0.030560003999999998	0.0585065864	0.0698386308	-0.0393731649	0.0786097912	0.0221256841	0.02954602	-0.0864725218	-0.0474567854	-0.0505648404	-0.2132484151	0.0132702789	-0.057106921	0.1170414438	-0.08684666529999999	0.09349001470000001	-0.19392779429999998	0.0563970013	0.053710451	-0.029040162	-0.124518213	0.017110321	0.0550598849	0.0780643394	0.1498600211	-0.0611642518	0.024518616400000002	0.014786985400000001	0.16720557630000002	0.0994147925	-0.0918698145	-0.0660495562	0.013774345	0.039607042200000005	-0.094207036	-0.033600599	-0.027199021299999997	-0.0117852162	0.096853219	0.23256247989999998	0.016886901399999998	0.022956202400000004	-0.125291638	-0.0096900173	-0.0369632788	-0.028929669300000002	0.0056112806999999995	-0.0726355966	0.0585067799	-0.0321616415	0.0642065559	-0.062819425	0.11957544810000001	0.1304714097	0.0087357788	-0.1089526319	0.0332135035	0.0605546083	0.0050683818	-0.0877473274	-0.0965623403	-0.0221765117	-0.0880096323	-0.08691784599999999	-0.0141888717	0.1122701993	-0.148884218	0.027201743599999998	-0.0561996961	0.0043970286	-0.1989511366	0.0337622284	-0.0792264551	-0.09244491390000001	0.0206583371	0.0010393858	0.0531455047	0.2386307219	-0.0626624132	0.087772965	0.008212932	-0.0440904395	-0.02565728	-0.021799961	0.18849739440000002	-0.0299195334	-0.0071892548	-0.06306639929999999	0.0732130716	0.1633536453	0.10265997460000001	-0.032661024	0.0133867224	0.10282273689999999	0.0571690037	0.1012203734	-0.0563673557	0.1336516889	0.0046157823	-0.0193011482	-0.1663653375	-0.1062878224	0.11125954369999999	-0.0754936556	0.058838910999999994	0.005339683100000001	-0.0557990129	0.041178107900000004	0.0519096574	-0.08726019980000001	0.1108247392	0.0117861597	0.0715485782	-0.13186404640000002	0.042142213600000006	-0.1296910936	0.0809909455	-0.11016040449999999	0.0974682544	0.0681583947	-0.059633673899999996	-0.0883635818	0.015028226100000004	-0.020954008700000002	0.0188873545	-0.024357267400000004	0.0175400655	0.0256332552	0.0331113218	-0.0555487697	0.1553582806	-0.0250283992	0.0397907526	0.17979998390000002	-0.0761313768	-0.1624082231	0.0025938765	0.0730150768	0.042053918899999994	-0.0339749477	-0.1581461575	0.1273066172	-0.037978578900000004	0.18636785399999997	0.0330084071	-0.09201958060000001	-0.1335815142	0.0735409749	-0.1217599286	-0.1303355644	0.04299317019999999	0.0965268665	-0.1111979814	-0.1302174491	-0.10890250230000001	-0.0766437039	0.14327838199999998	0.0548579407	-0.012932802299999999	-0.0189803384	-0.047634469299999996	-0.1405451963	0.007235158599999999	0.12917978759999998	-0.2438449221	-0.0298489632	0.0378638638	-0.0623509309	0.0751651813	0.14711836080000001	0.0622073795	-0.01913018	-0.08647949490000001	0.0130805	-0.0077132999999999985	5.949499688999996e-05	0.00017109948025	0.0635687	-0.10423230000000001	0.01086437236329	0.004040979619690001	-0.08988310000000001	0.0900179	0.008078971665610002	0.008103222320409999	0.00829387	0.0018892300000000004	6.878827957690001e-05	3.5691899929000015e-06	-0.0007172519999999999	-0.00027709799999999993	7.678330160399996e-08	5.144504315039999e-07	-0.000293607	0.00036785	1.3531362249999994e-07	8.620507044899999e-08	0.0	0.0	0.0	0.0	0.0	0.0	0.0	0.0	0.0	0.0	0.0	0.0	0.0	0.0	0.0	0.0	0.0	0.0	0.0	0.0	0.0	0.0	0.0	0.0	0.0	0.0	0.0	0.0	0.0	0.0	0.0	0.0
8203.144902808173	-48.99674756096283	2400.681271552717	67291586.29646772	10353.415617352472	0.6661030042887433	107193214.94563806	0.4436932123224895	6263.234397323346	13.52563396005553	182.94277402140744	39228105.11581433	6599.771582051393	11556.808737403453	1.267138	63.76902800000001	0.3406165	0.24216	-0.1381710935	0.0116684426	0.0027049777	-0.030603784199999998	0.0495766129	-0.0699428975	-0.0546216638	-0.0027613638	-0.0984976114	-0.0161984391	0.1011527161	-0.0077512276000000005	0.0850523165	0.20367611170000002	0.0856071779	0.08502937070000001	-0.0154184956	-0.1784343258	-0.0430040322	0.1160808473	0.0247468627	0.1579577082	0.1341668104	0.051527166	-0.050520123300000004	-0.06003491690000001	0.10930058960000001	-0.1395266383	0.1142562633	-0.06282297049999999	0.13315953619999998	-0.0712060244	0.048152441500000004	0.1746429906	-0.1134156578	-0.0600860101	-0.0256155294	0.1360175613	0.11946319429999999	-0.009999728499999999	-0.061898368499999995	0.0453146406	0.0218195533	-0.1296873264	-0.0755464734	-0.1231779533	-0.1527179662	0.031024254100000002	0.0269895521	-0.2267336465	0.040067562200000004	-0.031138626200000002	0.0407104127	-0.0434361129	-0.0697420061	0.067555301	0.1614980403	0.0098954358	0.0747829742	-0.1260154895	-0.0689393139	0.12386573710000001	-0.08477091460000001	-0.0507002197	-0.135056904	-0.1017513226	0.0147298677	-0.0378921247	0.0165355119	0.2207292816	-0.0091013148	-0.0792832573	-0.166206002	0.1346228415	-0.0896741248	0.010383953199999999	-0.0489041294	0.011339388300000001	-0.2061146566	-0.0731865464	-0.034091073900000005	-0.08256987980000001	0.0463096491	0.0691944983	-0.0380742157	0.036830011	-0.252107016	0.045280525999999995	0.0439282188	0.10325089789999999	0.0315866533	-0.1492781574	0.07782727190000001	0.0373511973	0.0450028376	0.0754161342	0.0498944887	-0.048154463700000004	0.0082196732	0.014551664399999999	-0.024333138799999997	-0.1057249916	-0.028073197299999998	0.0676472489	-0.0266424332	0.0548267275	0.0657736102	0.1317172141	0.1103564167	-0.042903848	0.0696257585	0.1163135077	0.000577891	0.0569922782	0.0343276854	-0.030663225899999997	0.0808160543	0.1204837296	-0.012057005800000001	0.0705730532	-0.0205724998	0.2903531974	0.082274631	-0.0261893117	0.0732989085	0.0093593548	-0.1765609359	-0.0055011302	-0.0590849952	0.09386344390000001	0.016168802700000002	-0.1350025779	-0.0900236407	-0.0741520141	-0.11714338769999999	0.18413645969999998	0.003141477	0.06551569139999999	-0.1276260167	0.061432674699999995	0.027448615099999997	-0.0517352976	0.162505246	-0.0631658667	-0.0326430707	0.2707885055	-0.052002147	-0.0373354406	-0.0280529817	0.07481980719999999	-0.032962136499999996	0.14012259800000001	-0.0106236774	-0.0086639031	0.0374816335	-0.0465359209	0.1255553234	0.0294228337	0.1793552478	-0.0734982173	0.12065432390000001	0.0005122788	0.0213497619	0.0408398429	0.046396296399999995	-0.1214009488	-0.0704165618	0.1278669662	-0.0463772035	-0.064311175	0.0750320454	0.07218240719999999	0.05995628190000001	-0.010921721799999999	0.1388073436	0.0646583346	0.031477836099999996	-0.1800139572	-0.0074845443999999985	0.0610554601	-0.022026195699999997	-0.088484504	0.018531	0.0054505	2.9707950249999986e-05	0.000343397961	-0.153205	-0.2167737	0.04699083701169	0.023471772025000004	0.0179076	0.10779069999999999	0.00032068213776	0.01161883500649	0.00841455	0.00012067999999999976	7.08046517025e-05	1.4563662399999941e-08	-0.000635795	8.145699999999995e-05	6.6352428489999924e-09	4.04235282025e-07	-0.000303502	-9.895e-06	9.7911025e-11	9.2113464004e-08	0.0	0.0	0.0	0.0	0.0	0.0	0.0	0.0	0.0	0.0	0.0	0.0	0.0	0.0	0.0	0.0	0.0	0.0	0.0	0.0	0.0	0.0	0.0	0.0	0.0	0.0	0.0	0.0	0.0	0.0	0.0	0.0
8164.964392561738	-38.180510246435006	1457.7513626781283	66666643.53180108	10358.196962668233	4.781345315761428	107292244.3174294	22.861263028553747	6253.224594879884	-10.009802443461922	100.19614495713628	39102817.83401068	6588.551853982403	11198.769598396026	1.121946	56.462196	0.15245475000000008	0.08885959999999997	-0.1304028663	-0.0175580796	-0.0091705073	-0.029823125	-0.0443462154	-0.0792430472	-0.0710783012	-0.047819145099999995	-0.074399617	-0.0030503659	0.0442692092	0.0183507901	0.0954940887	0.09920837810000001	-0.022989821299999998	0.026401504300000003	0.0681058654	-0.1592489585	0.0372783601	0.1037058359	0.0013838423999999998	0.1035778598	0.09774160720000001	-0.0474454338	-0.0262130313	-0.09696455650000001	-0.0028053610999999997	-0.09579104849999999	0.0233533906	0.0881541331	-0.0689110693	0.004591679600000001	0.06895635900000001	0.0096643241	0.026828642000000003	-0.0302008331	0.0062865016	0.0533507446	0.0941917505	-0.0576096596	-0.0874416616	0.07301618480000001	0.0126152301	-0.0769280575	-0.036205071299999995	-0.1292602637	-0.14591077730000002	0.0204029406	0.0872111149	-0.0673060748	0.06956751929999999	-0.0655127704	-0.0107711283	0.0463334524	-0.0502479209	-0.0484803729	0.0600386236	0.14299361160000001	0.0379574243	-0.026801104	-0.043218071600000005	0.06499910589999999	0.0112487678	0.061153381799999997	0.0265389155	0.068776435	0.0394595155	-0.0207556624	-0.0036396856	0.013495576399999999	0.17783887329999998	0.072117952	0.049277119800000005	0.1052379767	0.045893564500000004	-0.2638294861	0.0402380153	0.0506056855	0.0654363349	-0.023796681200000003	-0.0592274243	0.1505052686	0.2374797715	0.0088646064	0.1143276912	0.0016558489000000002	0.036523902999999996	-0.0676764182	0.06597278820000001	-0.054635595	0.0345748304	0.044545952	0.0252845075	0.1253212176	0.0964004708	-0.0591258666	-0.0388974718	0.0208280645	-0.0926842403	-0.0180911277	-0.0016001153	0.09787682210000001	-0.0731955646	-0.017881579499999998	-0.24126170079999998	-0.046354074800000006	-0.17653981010000006	0.1108368204	-0.0119513176	0.079851218	0.075284667	0.0999482969	-0.052914017699999996	0.058658669800000014	0.0796806166	-0.033367764	0.067840312	0.0613021579	-0.0050428773999999996	0.0736871619	0.0499626506	0.2283442742000001	-0.0131874571	-0.014509754199999999	-0.0173520434	0.0155170928	-0.0463852078	-0.0215167074	0.008818112099999999	-0.017600976	-0.122404801	-0.1476947324	-0.034166791	-0.0975626744	-0.04957589849999999	0.026251196600000002	0.0298887378	-0.060056254	0.08684275699999999	0.0379611511	0.096338908	0.069134625	-0.02537327	-0.099494294	0.0798908118	0.0481406706	0.032482857000000004	-0.0315002613	0.0484661177	-0.2253317406	-0.1921651366	-0.08903521660000001	0.0662476427	-0.0447796479	0.07802071440000001	0.20511768530000002	0.026106942200000004	0.0030534365000000003	-0.1212582936	0.1540239812	0.0143192077	-0.09137777970000001	0.0401867694	-0.0646444495	-0.068005255	-0.0440455996	-0.054400717	0.033289353199999996	-0.036504975499999995	0.0024796543	0.0246294538	-0.0281091279	-0.0042712301000000005	0.07583460360000001	-0.0727378363	-0.0816025957	0.0036327813	0.0041648234	0.0314490257	0.0598896127	-0.0249021141	-0.0903078742	0.036363699999999985	0.01783269999999999	0.0003180051892899997	0.0013223186776899994	-0.0770827	0.0761223	0.005794604557290001	0.005941742639290001	0.0148548	-0.0030528	0.00022066508304	9.319587839999996e-06	0.00872022	0.00030567000000000094	7.604223684840001e-05	9.343414890000057e-08	-0.0013767400000000006	-0.0007409450000000008	5.489994930250009e-07	1.8954130276000015e-06	-0.000365826	-6.2324e-05	3.884280975999999e-09	1.3382866227599999e-07	0.0	0.0	0.0	0.0	0.0	0.0	0.0	0.0	0.0	0.0	0.0	0.0	0.0	0.0	0.0	0.0	0.0	0.0	0.0	0.0	0.0	0.0	0.0	0.0	0.0	0.0	0.0	0.0	0.0	0.0	0.0	0.0
8169.428388960842	4.463996399103962	19.92726385121314	66739560.20235934	10341.065193819646	-17.131768848586944	106937629.34282815	293.49750388141405	6246.291527278444	-6.933067601439689	48.06742636613268	39016157.84375048	6580.833455235769	10848.37906246559	1.028108	51.739784	0.18657421	0.101736	-0.1145331824	-0.0573543928	-0.004281029600000001	-0.0538422534	-0.0732856931	-0.0645566559	-0.0558077304	-0.1139216436	-0.0180212055	0.0576412699	0.130594135	-0.0135867999	0.052547149800000005	0.049843353300000004	-0.0481800707	-0.0008032053999999999	0.0802489274	-0.0578644584	-0.0552163479	0.046103324400000006	-0.0511622197	0.006659435799999999	0.0581064171	-0.0453571929	-0.027844346000000002	-0.0791885322	-0.008785498000000001	-0.10870509369999999	0.0361290632	0.042928006	0.0350721521	-0.049096277300000005	0.1357948847	-0.009591421800000001	0.0354755557	0.011040094299999999	0.0713356899	0.029540853	0.0559549101	-0.0765833792	-0.1313349523	0.0913524494	0.0144860199	-0.0339997342	-0.0150596979	-0.1097956834	-0.0302896059	-0.0325792844	0.057308658099999986	0.012499956699999999	0.1018732161	-0.0305852471	0.0720595393	0.0528779079	-0.0185743723	-0.1271789399	-0.0104030771	0.0367779837	0.036898460200000004	0.0226021791	0.1141064975	0.061834715599999986	0.0756939546	-0.1398165917	-0.037168042000000005	0.1344013872	-0.025346043199999998	-0.1234976283	-0.0543143527	0.10038783650000001	0.1347918353	-0.1102946002	0.0550718296	0.0250737271	0.0196421304	-0.17463133260000002	-0.053761228099999996	0.0100660938	-0.124333057	0.0128932896	-0.0333524695	0.0626296639	-0.0371612309	0.1227217001	0.1950048206	-0.1740330173	-0.0444199378	-0.1452735771	0.0278258069	0.0695467047	-0.0759596806	-0.0815692353	-0.1047668562	-0.1116795706	-0.04790462980000002	-0.0713724952	0.024409658799999998	-0.076117143	0.02757904	0.0346302926	0.0321929786	-0.020336802	-0.08210242870000001	0.0162272456	0.19408380079999998	0.1140412812	-0.0837941936	-0.0363473613	0.0259457325	-0.0414565782	-0.1602009522	0.0701938427	-0.08672388589999999	0.08099946599999999	0.1254837167	-0.009418034	0.0688016522	0.008765476999999999	0.0093334086	0.0462656427	0.044553253099999995	0.1068529866	-0.1096654867	-0.007050049100000001	0.0473356639	-0.08492522429999999	0.0246499307	-0.0840043342	-0.0031786808	-0.0919400107	-0.1368229788	-0.0174623321	-0.0030072178000000002	-0.048170896500000004	0.0158179839	0.0682350369	-0.11671733179999999	0.0207964673	0.075720733	0.12210496009999999	0.1492870583	0.008409715600000001	-0.0056408419	-0.1088537521	-0.0072553411	0.0528106658	0.0426427322	0.0037693242999999998	-0.0383106321	-0.146720673	0.043150804699999996	0.0572857888	-0.0512441833	-0.0091953834	-0.0627797211	-0.0177133904	0.0251018371	-0.0097919071	-0.056641507199999996	0.0014621495000000002	-0.0558619536	0.12625435	0.0704339817	-0.0598270816	-0.0168729671	-0.0639054311	-0.2111418384	-0.0050547903000000005	0.1988915098	0.059890015199999994	-0.0754886587	-0.025578494900000002	0.061283203	0.1263634961	0.0831305534	0.1182383456	0.04197209	0.0420095257	-0.1004770966	0.058710103300000004	-0.0277553111	-0.0919458628	0.0564169	0.02005320000000001	0.0004021308302400003	0.00318286660561	0.00804026	0.08512296	0.007245918319161599	6.464578086760001e-05	0.0528321	0.037977300000000005	0.00279123079041	0.00144227531529	0.008580479999999998	-0.00013974000000000278	7.362463703039996e-05	1.9527267600000774e-08	-0.00206256	-0.0006858199999999995	4.7034907239999934e-07	4.254153753600002e-06	-0.000322971	4.285500000000001e-05	1.8365510250000008e-09	1.0431026684099998e-07	0.0	0.0	0.0	0.0	0.0	0.0	0.0	0.0	0.0	0.0	0.0	0.0	0.0	0.0	0.0	0.0	0.0	0.0	0.0	0.0	0.0	0.0	0.0	0.0	0.0	0.0	0.0	0.0	0.0	0.0	0.0	0.0
8207.067887931866	37.639498971023386	1416.7318827896704	67355963.31712241	10348.305552029633	7.24035820998688	107087427.79816732	52.422787008924416	6253.7835152675425	7.491987989098562	56.1298840287971	39109808.25583206	6588.593472543803	11055.7970297277	0.903691	45.478458	0.28050039	0.131629	-0.1206396557	-0.0493630309	-0.0004442349	-0.022903534500000003	-0.035196596600000005	-0.079767801	-0.0626674279	-0.08824672730000001	-0.0399680175	0.0299222412	0.0542443424	-0.0165347349	0.0461301337	-0.0168181089	-0.0069883026	-0.0524918357	0.0325651093	-0.0021532589	-0.10198423390000001	0.0807167856	0.0029059184	0.08196265230000001	0.0724517529	-0.0476934085	0.027054764	-0.012924775800000001	0.0047880968	-0.08656329300000001	-0.0650003698	0.09436461939999999	-0.0866600748	0.008846970400000001	-0.0044733225	-0.0679972219	0.1294309508	-0.0537987404	-0.0375609655	0.0500494786	0.0844417512	-0.054865838	-0.11080810529999999	0.0514091022	-0.013357633899999999	0.0033801040999999997	0.0215360512	-0.0773271063	0.0364485044	-0.045644536299999997	0.0236192208	-7.44059e-05	0.1293810869	-0.1608629519	0.0654118267	0.127741997	-0.0966972564	-0.0043888413	0.061922430599999995	0.107710455	0.015558955800000001	-0.0294200048	-0.0428343755	-0.0450838897	-0.006844554399999999	0.026072977799999997	0.0864200185	0.2350759125	-0.1543454457	0.0739890535	0.041824191000000004	0.0072916145	0.0635791736	-0.1293978946	0.0860408473	0.0017850102	-0.0479971747	0.0767898653	-0.0997427803	0.1834153543	0.0815255088	0.0578416158	-0.06745872950000001	-0.0424815401	-0.0313948624	-0.0664033971	-0.008100044499999999	0.0653387243	-0.10735150119999999	0.136484761	-0.0941155053	0.046280293099999995	0.0536157274	-0.0116856834	-0.008098081600000001	-0.0081304786	0.0838735217	0.0224990691	-0.0254084461	0.1502828316	-0.0613660556	-0.0846167707	-0.0464979293	0.0242591775	0.0251792996	-0.0778240867	-0.0054709621	0.0007257848	0.046338588300000004	0.0837343354	-0.1273823533	-0.0448319724	-0.1508529499	0.0977029116	-0.06032850450000001	0.0802032578	0.0834443009	0.0011454225999999999	0.0400884768	-0.0132288306	0.0001924462	-8.08984e-05	-0.0198067943	0.0759381417	-0.1477330507	-0.050138619800000006	0.0639831618	-0.0036908709999999996	-0.047018196100000006	-0.0875047243	0.012824248600000001	-0.1569305593	-0.0500243767	-0.08266316259999999	0.0083210775	-0.0913707839	0.049150121500000005	-0.1066873344	-0.012404484399999999	-0.0129137895	0.0105487726	-0.1120185023	0.09792904890000001	0.0157288067	-0.05157455440000002	-0.1764921773	-0.0406844377	0.017485908999999997	0.032467938599999996	0.0190134238	-0.0563598117	0.11314621529999999	-0.0599518142	-0.2049913188	-0.2334580368	-0.0584562884	-0.050480314400000004	-0.0076765066000000015	0.016774109	0.1507630962	0.06453591110000001	0.0908534727	0.0811435237	0.0385228971	0.0094939056	0.1267105287	0.11049787970000001	-0.0169221209	0.0502997897	0.0615228078	-0.0631759679	-0.0210394842	0.0287219515	-0.0267524037	-0.11187666269999999	0.0095398029	-0.1076767718	0.0696467477	-0.0306417858	0.0026050762	0.1133039175	0.0575172008	-0.0305831832	-0.09339510720000001	0.08263339999999998	0.026216499999999983	0.0006873048722499991	0.0068282787955599965	0.105225	0.09718474	0.009444873688867598	0.011072300625	0.00704057	-0.04579153	4.95696259249e-05	0.0020968642197409	0.00946617	0.0008856900000000016	8.96083744689e-05	7.844467761000026e-07	-0.00306978	-0.0010072199999999996	1.0144921283999993e-06	9.4235492484e-06	1.02714e-05	0.00033324239999999995	1.1105049715775995e-07	1.0550165796000005e-10	0.0	0.0	0.0	0.0	0.0	0.0	0.0	0.0	0.0	0.0	0.0	0.0	0.0	0.0	0.0	0.0	0.0	0.0	0.0	0.0	0.0	0.0	0.0	0.0	0.0	0.0	0.0	0.0	0.0	0.0	0.0	0.0
8215.062839628103	7.994951696236968	63.919252625162365	67487257.45903854	10336.585560540734	-11.719991488898811	106845001.0503792	137.35820049986066	6243.013777286086	-10.769737981456272	115.98725618922184	38975221.02338389	6576.174458393291	11167.255934307617	0.9497	47.793919	0.229530445	0.170403	-0.1090344762	-0.047391965300000005	-0.012220558700000002	-0.0157049914	-0.0031882981	-0.0684823261	-0.0623890588	-0.1192115422	-0.024895162999999998	-0.026241697	0.09450202640000001	-0.0114767841	-0.0042877852	-0.0364379413	-0.0245158021	-0.1033123038	0.0592277934	0.1560325407	-0.0379167184	0.0044602022	-0.0353216971	-0.08054260120000001	0.11995889289999999	0.026747142	0.0651171376	-0.0289777037	-0.0151853226	0.0144231564	-0.0104868934	-0.010175703199999999	0.0288518887	0.1401828403	-0.058834833600000004	-0.0349894244	0.09609441	-0.0046511349	-0.0249878492	-0.0364781253	0.0424510555	-0.0971876252	-0.1110497609	-0.0031629389	-0.0067461402	0.0116504176	0.0398206692	-0.015464970500000001	0.07108022929999999	-0.0820665626	0.0473619148	0.09957024869999999	0.0430430954	-0.13421078460000002	-0.0182999746	0.0633680705	0.0688450191	-0.125371856	0.10046124529999999	-0.042640415999999993	0.0058963442000000005	0.06399129690000001	0.1026125766	-0.003671782	-0.0301645909	-0.11448141	0.050058844000000005	0.0935325333	-0.0607574734	0.0947283407	-0.0708817603	-0.0153913611	-0.0778187983	0.057688715099999996	-0.05239514309999999	0.0241822365	-0.0526022896	0.0545268722	0.070725766	0.0033967517999999998	-0.0166648964	-0.1526314661	0.015246828999999996	-0.0316845282	-0.023017209	0.1009256694	-0.0263756832	0.09032587339999999	0.0085335253	0.0094183299	-0.1263667953	-0.0170553596	-0.0642919487	0.1466869575	-0.059261911699999996	-0.0178154968	-0.0043983374	-0.0119333828	0.0762802289	-0.1292503981	-0.06095549190000001	-0.0025731882	0.0310254261	0.0828228968	-0.0977608312	-0.0976091794	0.0157062802	0.1079897231	-0.0046945367	0.1425826155	0.0112546978	-0.051589035899999997	-0.030379927999999997	0.0660405363	-0.10903147369999999	0.09292403310000001	0.0357322015	0.0055651275	0.0280052468	-0.0376146608	-0.0004573619	-0.0261171681	0.0145038052	-0.0331825575	-0.1680930485	0.0244369522	0.0517525383	0.0687483538	0.07869843950000001	-0.13245399929999999	0.0269580012	-0.0841768285	-0.077976242	0.0859423687	-0.0694643695	0.015859181599999998	0.022561180899999998	-0.0064154395999999995	-0.0651904289	0.0205503392	0.044027212999999996	-0.0435957182	-0.015084793700000003	0.0045471169	0.023953681	-0.0427422455	-0.1633099193	-0.0697861672	-0.0315607514	-0.088154315	0.0889126711	0.07937864879999999	0.0683581175	0.0043290196	0.0098091226	-0.032805495	0.0069539025	0.0100494258	0.1535594265	0.0022983986	0.1063750295	-0.11433564789999999	-0.10700011220000001	-0.061472842699999995	-0.0263619054	0.0240332363	0.0081348632	0.0459347014	0.1213479285	0.0179985641	0.016868710500000002	0.133012027	0.0426353042	0.033831377999999995	0.0451471864	0.0906644639	0.0297199485	0.0760298727	-0.0842027099	0.0103735649	-0.0178864643	0.0563111775	-0.0333831503	-0.0946526326	0.0864212	0.0037878000000000217	1.4347428840000164e-05	0.007468623809440002	0.271382	0.166157	0.027608148649	0.073648189924	-0.00757286	-0.01461343	5.73482085796e-05	0.0002135523363649	0.00930228	-0.00016388999999999987	8.653241319839999e-05	2.6859932099999957e-08	-0.00375409	-0.00068431	4.682801761e-07	1.40931917281e-05	6.151569999999999e-05	5.1244299999999986e-05	2.625978282489999e-09	3.784181346489999e-09	0.0	0.0	0.0	0.0	0.0	0.0	0.0	0.0	0.0	0.0	0.0	0.0	0.0	0.0	0.0	0.0	0.0	0.0	0.0	0.0	0.0	0.0	0.0	0.0	0.0	0.0	0.0	0.0	0.0	0.0	0.0	0.0
8198.973390500822	-16.089449127281114	258.87037321936697	67223164.65814054	10358.546654832562	21.961094291827973	107299488.80034286	482.2896624945593	6240.694502095398	-2.3192751906881317	5.379037410141468	38946267.86848373	6571.5223309565845	11007.793033838965	0.9870080000000002	49.671444	0.291092705	0.162688	-0.0830738699	-0.0453392612	-0.0178844047	-0.0408149548	0.0077837067	-0.0897992866	-0.043060731799999995	-0.1307320214	0.0053458481999999995	-0.07410846089999999	0.0954525935	-0.0431161098	0.0714772908	-0.030210792599999998	0.058148006900000014	-0.1064322607	0.033595676899999996	0.1197992925	-0.045635197599999996	-0.1012321073	-0.05982252070000001	-0.0059740502	0.007059413100000002	-0.0878668122	0.0872094249	0.0163688453	-0.0013987206	0.0355491469	-0.0232683794	-0.00442609	-0.0187841392	0.0301912764	0.0273788566	-0.0292437646	0.0779142768	-0.0812269525	0.1087396274	-0.0650081746	0.0191631876	-0.1106415446	-0.1741607952	-0.026241806800000003	-0.0193038421	-0.0004478565	0.0304851283	-0.0443145795	0.15213830009999998	-0.112700365	0.1219119407	0.0673051027	0.0307235267	-0.07697116849999999	-0.0287093506	-0.0651408956	-0.033708988599999996	-0.021287713700000002	-0.003714883	-0.076291837	0.032873511	0.0159455388	0.1100687421	-0.08870559039999999	0.10848507789999999	0.026896578100000002	0.1284329717	0.0010804252	0.0108366319	0.0298971864	0.07677799589999999	0.1290640676	0.1002169917	0.1458851759	0.0186916454	-0.1519127765	-0.1334052655	-0.058253510599999996	0.085457517	0.030230505	0.0632723409	-0.0886357585	-0.1347859589	0.026894931400000002	-0.0463682477	-0.009465996400000001	-0.21744197140000002	0.0317158722	0.0868859289	0.1140899692	0.00045116949999999997	0.1016294725	0.08388326410000001	-0.0423265775	-0.014424613300000003	-0.1024648366	-0.0180489773	-0.0394970054	-0.09099470609999999	-0.0479401283	-0.0254920098	0.1048695899	-0.1922319241	-0.0753933658	-0.061973619	0.1200635946	-0.0290404047	-0.1361077092	0.027399521	0.0022653568	-0.050416836500000006	0.0427979817	-0.012317238000000001	0.0523181862	-0.130453455	0.155992188	0.0394276239	0.029428604	0.0534127117	-0.0335487342	0.0188766162	-0.0383799727	-0.0718752938	-0.0217710219	-0.21384543530000005	0.023781967	0.0048930994	0.0560530327	0.0625061873	0.0515721609	-0.007349506800000002	-0.0158567781	-0.011516973500000001	0.0429459323	-0.022942295499999998	0.0772511465	0.0663400415	-0.0686975724	-0.12571361220000002	-0.0753974408	0.0189210054	-0.019359721	-0.09045983269999999	-0.0893168091	-0.09400088779999999	0.032921498199999996	0.1342505414	0.0096079102	0.0332465188	0.0098146836	0.18596635350000001	0.0026548121999999995	-0.0531847272	-0.2368753524	0.0413733837	0.0299743309	-0.0713258957	-0.0120715708	0.1000772622	0.1218484263	0.0720987031	-0.1019589848	0.0208275962	-0.0128875177	-0.0721299474	-0.079163359	0.061108193899999996	0.0905812161	-0.0081236018	-0.1393653153	-0.0018184435999999999	-0.17595109309999998	-0.0082686116	0.061661123	-0.0900907307	-0.039599671	0.1582142625	0.059341995700000004	0.1739797182	0.10416875029999999	-0.0065208869999999995	0.0550923084	-0.0361526575	-0.0957158574	0.07050380000000002	-0.015917399999999984	0.0002533636227599995	0.0049707858144400026	0.393788	0.122406	0.014983228836000003	0.155068988944	-0.0684847	-0.06091184	0.004690154134090001	0.0037102522521856	0.0109746	0.0016723200000000017	0.00012044184516000003	2.796654182400005e-06	-0.00387421	-0.00012012000000000005	1.4428814400000008e-08	1.50095031241e-05	0.000106225	4.47093e-05	1.9989215064900004e-09	1.1283750625e-08	0.0	0.0	0.0	0.0	0.0	0.0	0.0	0.0	0.0	0.0	0.0	0.0	0.0	0.0	0.0	0.0	0.0	0.0	0.0	0.0	0.0	0.0	0.0	0.0	0.0	0.0	0.0	0.0	0.0	0.0	0.0	0.0
8209.884826577332	10.911436076510654	119.05943725177822	67402208.86566469	10361.03734619832	2.490691365757812	107351094.88931632	6.203543479460512	6236.154844086739	-4.539658008658988	20.6084948355817	38889627.2394265	6569.931601203438	11045.500868726916	0.95878	48.250847	0.20491688	0.10471199999999999	-0.0762836133	-0.0187694723	-0.0065004623999999995	-0.0332309955	-0.015525104199999999	-0.08770035359999999	-0.0578013574	-0.09169683810000001	0.0030539615	-0.0884662877	0.0746053045	-0.0190204486	0.0280559196	-0.047414283499999994	0.0336751677	-0.074050513	-0.0087111279	0.034248499	0.0134769711	-0.11803433990000001	-0.046177345599999996	0.066406568	0.035818229900000005	0.016403180700000002	0.0883038358	0.1036399771	0.024552455600000002	0.0311323401	-0.015850251	0.0318216822	-0.0016218325	0.06179021110000001	0.0154034647	-0.1170203341	0.0219492021	-0.1441670661	-0.030013627200000007	-0.054518702800000006	0.019828572	-0.0886157099	-0.0818770003	-0.07397517969999999	-0.0387022527	0.0237362887	0.047549588	-0.0179920322	0.119511155	-0.1030338509	0.0286432533	0.0884155281	0.0232239263	-0.17246462780000002	-0.0765571725	0.0159848895	-0.1253967621	0.0259029002	0.0724843338	-0.07530632400000001	0.1032760827	0.026433884300000002	-0.1194162476	-0.0757740272	-0.1728023463	0.0877629548	0.025009236	-0.14437917349999999	-0.0266632925	0.07752150669999999	-0.0046012590999999995	0.039210985	-0.0815199416	0.0556377264	-0.026635616	-0.0599331584	0.064092244	-0.1571541005	-0.0730412741	0.035830036600000004	-0.0021693470000000003	0.0738179692	0.0408487754	-0.0909098476	0.0614888408	0.026779154700000002	0.052660129400000005	-0.17156783550000002	-0.0151899268	0.042461473799999996	0.016319040700000002	0.0039665611	0.06336285	-0.0046481629	0.0165478781	-0.1809359837	-0.0267261279	-0.0936743675	0.0153102921	-0.0356404771	0.0498540797	-0.0978350131	0.0726026391	0.0036402157000000003	-0.05616152940000002	-0.10396310289999999	-0.1080027103	-0.0011035087	-0.012001318700000001	-0.1358243645	0.0746338629	0.0089979664	0.1752850585	0.0480977268	-0.105313818	0.09834282820000001	-0.0306540645	0.0395354746	0.0096759838	-0.04977253	0.0366916859	-0.0693549366	-0.0622321868	-0.0339837189	-0.1402406441	-0.004396053	0.0612122192	0.1659681088	0.0098644244	0.0507967572	-0.011799252199999999	-0.0084729453	-0.0150293874	-0.0980837301	-0.0479893026	0.10138379460000001	0.0189680139	-0.0164257761	0.0956366099	-0.0265175399	-0.130306223	-0.1955497413	-0.0760575396	0.0700518128	-0.0420152017	0.11394840029999999	0.0472657871	0.0991404858	-0.047494176500000006	-0.09708273869999999	-0.0033384714	-0.0651618169	-0.066431981	0.0020122152	-0.0240549319	-0.035002337	-0.0768450236	-0.0145701606	-0.0890350389	-0.015785696999999998	0.0877588958	0.0690183104	0.010489076000000002	0.0461257051	0.0282915398	-0.0402787848	-0.11688811539999999	-0.16698505730000002	0.0085134028	-0.10393657769999999	0.0579074746	0.1407119363	0.0006122355	-0.19262383030000002	-0.0208850093	0.0881748193	-0.08928346359999999	-0.1016612708	0.058327288	-0.11052170859999999	-0.0995796732	0.0538608716	-0.038889177999999996	-0.0965825991	0.0528254	-0.017678400000000018	0.00031252582656000064	0.0027905228851599997	0.4502640000000001	0.056476000000000026	0.003189538576000003	0.20273766969600004	-0.0127778	0.0557069	0.00016327217283999994	0.0031032587076099995	0.0121711	0.0011964999999999994	0.00014813567521	1.431612249999999e-06	-0.0036093	0.0002649099999999997	7.017730809999986e-08	1.3027046490000003e-05	6.65234e-05	-3.9701599999999986e-05	1.5762170425599995e-09	4.42536274756e-09	0.0	0.0	0.0	0.0	0.0	0.0	0.0	0.0	0.0	0.0	0.0	0.0	0.0	0.0	0.0	0.0	0.0	0.0	0.0	0.0	0.0	0.0	0.0	0.0	0.0	0.0	0.0	0.0	0.0	0.0	0.0	0.0
8226.346556680648	16.46173010331586	270.98855799441554	67672777.67061156	10346.317118327697	-14.720227870622695	107046277.91300076	216.68510856305718	6229.153502600667	-7.001341486072307	49.018782604597156	38802353.35896216	6559.40706581832	11073.45149966037	0.8935549999999999	44.968369	0.16386011999999994	0.0903502	-0.070333429	-0.0284188564	-0.009202773000000001	-0.0437650944	0.0229736262	-0.0581078958	-0.0683526988	-0.14400094900000002	0.0500563088	-0.0826293809	0.103898826	-0.0525798691	0.0183081862	-0.0335584313	0.0412767371	-0.059002436	-0.0281320919	-0.0044110094	-0.0793025922	-0.1511602885	0.06651912110000001	0.030088870400000002	-0.0918034718	0.0062633147	0.044497330700000004	0.0757455966	-0.0249914481	-0.04675864	0.008489370100000001	-0.0202150728	-0.0349705615	0.183343822	0.0059953317	-0.0221221316	0.014113177099999999	0.0827348137	-0.029107456099999998	-0.13600605529999998	-0.024887095499999998	-0.10390683519999999	-0.1501394583	-0.08490534529999999	-0.050067863600000005	0.044916905199999996	0.0385321672	-0.0734189613	0.1047790976	-0.05371613099999999	0.1145290445	0.037460623900000004	0.0939053373	-0.0551449179	0.049932209000000005	-0.056805064100000004	6.35189e-05	-0.0036169818	-0.0805684942	-0.0387176481	0.028154062599999998	-0.046796872	-0.0383139766	-0.0475984557	0.055503339900000004	0.06895056940000001	-0.0421986624	-0.0955441248	0.0117830447	0.08750256210000001	0.1001413424	-0.0401787596	0.0382858994	-0.0652057593	-0.1601189221	0.0450938017	0.0550343903	0.0873966487	0.0858136681	-0.09444633460000001	-0.044893557300000005	0.05696419730000001	0.0292084573	-0.08608638	-0.0213818554	0.1029419267	-0.1256094344	-0.1324786484	-0.0396017571	0.037414141899999996	-0.052680670199999995	0.098344407	-0.020872713799999998	0.1541318405	0.013420056699999999	-0.0341379272	-0.0822893742	0.0783429734	-0.0465393456	-0.006545513100000001	-0.0389433116	-0.0231373213	0.1136097329	0.0233070943	0.031695024599999996	-0.0954413085	0.0142614586	0.10235630679999999	-0.0626202049	0.032230171200000005	-0.0484801168	0.0905509624	-0.0212060952	0.0088534684	-0.1360396121	0.137272267	-0.0071790474	0.0894001967	0.0105399584	-0.049501115400000004	0.045857528	-0.0296573598	-0.0554941424	-0.0025698283	-0.16771732960000002	-0.017207123600000002	-0.017738154	-0.0097609076	-0.052132148200000006	-0.0018620757999999998	0.027447971	0.024719075299999997	-0.0333110423	-0.0099016528	0.1040467776	0.068066447	-0.030373273399999998	-0.0609583537	0.006636049200000001	-0.0329863132	-0.0956113088	-0.06873985769999999	-0.11199445390000001	-0.19621079800000002	0.1002594108	0.054909074599999996	-0.1039670004	0.0516573878	-0.0184507771	0.0855407701	0.041394515699999995	0.0444000771	0.022502451200000002	0.0406083374	0.0010059325	0.1927025025	0.0075502224	0.0876736678	-0.0151180207	-0.0032105809	0.0722103924	-0.0208411784	-0.07635513320000001	-0.021111199900000002	-0.010529964499999999	-0.059100353499999994	-0.108909887	-0.0094790728	0.012981379	0.0218445162	-0.0196793228	0.019528466	0.117826525	-0.145777191	0.006942115600000001	0.0125781532	0.024932940499999997	-0.0481115679	-0.0941126391	-0.047068068899999996	-0.17164219120000002	0.052617147999999996	-0.0415902147	-0.09725107849999999	0.0537172	0.000891799999999998	7.953072399999968e-07	0.00288553757584	0.505504	0.0552399999999999	0.003051457599999989	0.255534294016	0.0216238	0.0344016	0.00046758872644	0.00118347008256	0.0108821	-0.0012890000000000002	0.00011842010041	1.6615210000000005e-06	-0.0036093	0.0	0.0	1.3027046490000003e-05	-0.000111011	-0.0001775344	3.151846318336e-08	1.2323442120999999e-08	0.0	0.0	0.0	0.0	0.0	0.0	0.0	0.0	0.0	0.0	0.0	0.0	0.0	0.0	0.0	0.0	0.0	0.0	0.0	0.0	0.0	0.0	0.0	0.0	0.0	0.0	0.0	0.0	0.0	0.0	0.0	0.0
8231.49776972524	5.151213044591715	26.534995830771837	67757555.5329916	10345.138925650761	-1.1781926769363054	107021899.39101458	1.3881379839863373	6241.569409863023	12.415907262356086	154.1547531474266	38957188.69813784	6570.193012335384	11265.314159364349	0.953523	47.986282	0.3032853	0.20967800000000006	-0.1095530167	-0.021235973999999998	-0.0019121758	0.0009494894	0.0224847738	-0.0744134371	-0.079157477	-0.1292726505	-0.0001954058	-0.0340046431	0.06217252440000001	-0.02504278	-0.0156217405	-0.0628266589	-0.019232900900000002	-0.11524762390000001	-0.0271904139	0.009940884399999999	-0.09022925970000001	-0.011318886499999998	0.051821981100000004	0.0111760639	0.0871185388	0.0650957273	0.0660409796	-0.0306109752	0.0271669475	-0.1056895773	-0.0712746957	0.024016570600000002	-0.079682054	0.1385561964	-0.0275001097	0.0298156038	0.0373568103	0.0109733929	-0.1560527511	-0.0132744653	0.0448891771	-0.0830916147	-0.1170669222	-0.029678753500000002	-0.0353617291	0.0474405232	0.0253007846	-0.05358915400000002	0.0948796067	0.0246306324	0.0339049138	0.0829888578	0.11369408	-0.1311942153	0.024733436600000002	0.1402323118	-0.0173015109	0.013243790600000001	0.049513716299999996	-0.045233063399999995	0.077321287	0.0660251297	0.07118367440000001	-0.029743722200000006	0.06123689280000001	0.0309198512	-0.021624446800000002	-0.0013267695000000002	-0.0105635067	-0.0832027392	0.0165910866	0.033338593199999995	-0.024033404900000003	0.0211489191	0.0396219488	0.0728908268	0.0139519321	0.079122945	0.0556724741	0.0181555578	0.04922882519999999	0.037282051499999996	0.0187885084	0.0519177554	-0.1392494543	-0.05038072	-0.0190613785	-0.0157443397	0.0608226944	-0.1806511839	-0.0144956298	-0.013917796299999998	-0.0813512872	-0.0159157299	0.0952217158	0.17718554079999999	-0.1525253815	0.10336603009999999	0.012490818300000001	-0.0124571925	-0.1100765065	-0.0016626304000000001	0.00285277	-0.0572943939	0.0482740338	0.021683050699999998	-0.033725116	0.0415801452	-0.015543606599999999	-0.09738877929999999	0.0345215028	-0.0242326846	0.1728740654	0.0648699595	-0.1065225899	0.09442005380000001	0.028846576000000002	0.043394070300000004	-0.0070610184999999985	-0.042546130300000005	0.010918224399999999	0.0262130962	-0.039112520299999995	-0.0385681621	-0.1643753469	-0.0276463582	0.029311794900000007	0.0371951847	-0.0457257983	-0.14982092	0.0400034482	-0.0609555205	-0.0590299249	-0.0674407875	-0.0939641311	0.0525067623	0.057991420999999994	-0.0779674776	0.0373249458	-0.0473114933	0.0208875837	0.0010184372	-0.0027542559999999996	-0.0513575291	-0.043859699800000006	-0.006468868399999999	-0.043754746	-0.0403602502	-0.012909359099999998	0.0519553231	-0.0413449654	0.0088281213	-0.043124805499999995	0.0587856234	-0.0541775235	0.0397292697	-0.0056393243999999995	-0.0754421512	-0.0532736526	-0.0830005592	-0.0701258892	-0.1059688385	-0.0650261539	-0.013728799999999998	0.10398144029999999	0.0028150165	-0.0211866518	0.1135061933	-0.0530579052	0.09222650519999999	0.0277902598	-0.047623043899999995	0.047989239	0.17579717920000001	0.0866289602	-0.0582046312	-0.0743763017	-0.2254934248	-0.0733522483	0.025440891400000002	-0.106481285	0.051361421399999996	-0.0442533033	-0.0977199233	0.0705842	0.016867	0.00028449568899999996	0.00498212928964	0.303068	-0.20243599999999995	0.04098033409599998	0.09185021262399999	0.0128066	-0.008817199999999999	0.00016400900356	7.774301583999997e-05	0.0102742	-0.0006078999999999998	0.00010555918564000002	3.6954240999999965e-07	-0.00426976	-0.0006604599999999999	4.362074115999998e-07	1.82308504576e-05	0.000123931	0.000234942	5.5197743364e-08	1.5358892761e-08	0.0	0.0	0.0	0.0	0.0	0.0	0.0	0.0	0.0	0.0	0.0	0.0	0.0	0.0	0.0	0.0	0.0	0.0	0.0	0.0	0.0	0.0	0.0	0.0	0.0	0.0	0.0	0.0	0.0	0.0	0.0	0.0
8227.865305222058	-3.632464503181836	13.194798366876064	67697767.48087686	10341.572021260672	-3.5669043900888937	106948111.87092154	12.722806928035427	6239.416092211717	-2.1533176513057697	4.636776907424997	38930313.17175054	6570.534760014835	11279.684987649714	0.8888629999999998	44.73226500000001	0.21612605	0.104252	-0.0994943798	-0.0203356282	0.0123683186	0.0359371037	0.019734784499999998	-0.0661241786	-0.06073191	-0.12463654769999999	0.0226526925	0.0069745288	0.0291051839	-0.0213413376	-0.004691833	-0.053313933	0.0317349994	-0.0812696813	-0.0345378367	-0.0099279761	0.042125201200000004	0.0489097497	-0.0065982357	-0.051167482599999994	0.034449581800000004	0.081623616	0.0562859874	-0.0893321655	0.0233496934	-0.0133504698	0.0486284737	0.09316027519999999	-0.0619087063	0.076494835	0.0329735847	-0.0187289466	0.0133692864	0.058237659500000004	-0.1448558976	-0.1484613511	0.033440631	-0.0807447463	-0.0763505031	0.0064524348	-0.042614078099999994	0.0640376709	0.0188700016	-0.024411971299999998	0.0882593249	0.0052564954	0.0160192511	0.048463903600000004	0.060627729400000004	-0.14341402039999998	0.0532814432	0.0833689058	0.06993113570000001	-0.0631556505	0.1008473901	0.0008395732000000001	0.0824139872	-0.0545163642	0.2113781139	0.0817725765	0.030845597000000002	-0.0833840623	0.022161920699999997	-0.058894783099999994	0.1443916113	0.0670411809	-0.0386567483	-0.0353655904	-0.168317722	-0.0613525434	0.0162367988	0.048331875499999996	0.0585804535	0.1329047934	0.0032773859999999998	-0.0258022818	0.0331717082	-0.0456578504	-0.0565630668	-0.019991122099999998	-0.0705332633	-0.0592076617	0.013669766299999999	0.018474523700000002	-0.087848436	0.082785713	0.0006818024	-0.007476114	0.018663333799999998	-0.006451104399999999	0.09171027470000001	-0.0345320327	0.08363899080000001	0.0332139198	0.0755079795	0.0857734339	-0.056152185	-0.028707625499999997	0.0199972895	-0.0202882066	0.13164382130000002	-0.0539301583	0.028838136299999997	-0.0324303657	-0.0089404678	-0.0800202672	0.1082621007	-0.025353152599999998	0.0705641722	0.048061312300000006	-0.0969114972	0.0453616157	0.0482542394	0.0439021841	-0.0265085108	-0.024780581099999997	0.0195917418	-0.0129169928	-0.047426463200000005	-0.0196765694	-0.1020183145	0.024844346	0.058790592	0.0804712899	-0.0285092719	-0.17941728070000001	-0.0091828561	-0.0033924798999999998	-0.1128134675	0.0362816982	-0.1079278712	-0.0328440398	0.035226908599999995	0.0701958354	-0.007195675600000001	-0.10254953019999999	0.1040424164	0.08213747240000001	-0.1769035589	0.0092813205	0.0823487722	-0.046369246100000004	-0.1144278233	-0.1464716979	-0.11644203130000001	0.0429817376	-0.061181650199999986	0.12605892359999998	0.0662543843	0.0530855242	-0.0374168618	0.0034457946999999997	-0.013503021100000002	0.0514552102	-0.054710992699999995	-0.0534378125	0.0623389299	-0.029070770299999996	0.0396345232	0.07652814990000001	0.0171037538	0.049661685	0.0406534282	-0.045418211900000005	0.05825473690000001	0.012685078600000002	-0.0508309321	0.0264772684	0.010552211799999999	0.0257665471	-0.10365553820000001	-0.03053323	-0.0637072455	-0.0078503987	-0.0676114102	-0.067285423	0.0196632199	0.0500939782	-0.046876013700000004	-0.09798817119999999	0.0981601	0.02757590000000001	0.0007604302608100007	0.009635405232010005	0.256952	-0.04611599999999999	0.0021266854559999987	0.06602433030400001	0.0918765	0.0790699	0.00844129125225	0.00625204908601	0.0109089	0.0006346999999999986	0.00011900409920999997	4.02844089999998e-07	-0.00469343	-0.0004236700000000001	1.7949626890000012e-07	2.20282851649e-05	0.000332846	0.000208915	4.364547722499999e-08	1.1078645971600002e-07	0.0	0.0	0.0	0.0	0.0	0.0	0.0	0.0	0.0	0.0	0.0	0.0	0.0	0.0	0.0	0.0	0.0	0.0	0.0	0.0	0.0	0.0	0.0	0.0	0.0	0.0	0.0	0.0	0.0	0.0	0.0	0.0
8225.334087908546	-2.531217313511661	6.40706108822119	67656120.85771032	10392.83206446936	51.26004320868742	108010958.32026245	2627.592029756501	6268.779318705223	29.363226493505863	862.1990701089246	39297594.14662632	6609.721038706805	11240.632346124896	1.613036	81.17642999999998	0.59446257	0.4738770000000001	-0.09841032720000001	-0.0367591725	0.020445750800000002	0.046526306100000005	0.0005049484	-0.1209734817	0.0917284441	0.0657207363	-0.09863701	0.1539208987	0.1322102621	-0.09276070310000001	-0.2233131131	0.1663659723	0.0658788978	0.1106398583	0.0511985874	0.11378373900000001	0.046933497000000005	0.008591029200000001	-0.0065845589	-0.0365282375	0.1248886663	-0.06371403610000001	-0.0724318764	0.1615561891	0.0257583183	-0.0704580124	0.030610649700000006	0.21716176559999997	-0.0524574198	0.0921225044	0.040612984500000004	0.0409339456	0.020240231	-0.13565706859999999	0.0669324295	-0.0410432068	0.1095371827	0.1162121344	-0.0746592304	0.0627821862	0.0362027606	0.0056161389	-0.061922918499999986	-0.3298159534	-0.1624851657	0.1622334215	0.0927377201	0.0333325356	-0.08322224610000001	0.0291349719	-0.0355717118	0.1043365835	0.1567940982	-0.08936467449999999	0.1483290781	-0.083846456	-0.11183339119999999	-0.0042848105	0.1295885022	-0.1347356255	0.0041671647	0.0991098582	-0.06540044019999999	-0.09630394099999999	0.0063806902000000006	0.0753789557	-0.0174023119	-0.20014546960000001	-0.1621752085	0.0732961116	0.0461829444	-0.26411080870000003	0.0256436088	-0.0169682888	-0.2082836713	-0.030013923300000002	0.0095110617	0.027207905600000002	-0.0924261092	0.0774083101	-0.046236185	-0.09430018650000001	0.08409947539999997	-0.0450164938	-0.0709727438	-0.060932511200000004	0.0967669043	-0.09268828539999999	-0.0523849278	0.035618415099999995	0.1649902947	-0.035701499	-0.0019677938	0.0422127509	-0.0719692193	0.0775544775	0.053695404599999996	-0.0835518848	-0.011769969	-4.4987e-06	-0.08368529200000001	-0.0399531911	0.0423647822	0.013904286200000001	0.0401239247	-0.0155642526	-0.1489137622	-0.0325227581	0.0245797684	0.10626121640000001	0.1229843805	0.0470671395	0.116835874	0.0095425011	0.0179501057	-0.045104278600000006	0.2154192813	0.28286459350000004	0.1295072779	0.13436980199999998	0.0407973451	0.0981936234	-0.1767169438	-0.0063021961999999996	0.074973738	-0.0976561246	-0.0062388751	-0.007915504200000001	-0.0663022444	0.15600051869999998	-0.1086297193	0.0166556245	-0.021101971299999998	-0.09980744849999999	-0.0088861118	-0.15923238050000002	-0.22168790030000002	0.007747238	-0.1247375504	0.11749065449999999	-0.2288769423	0.017866951399999997	0.08204576820000001	-0.0831687899	0.015884617	-0.08934548630000001	-0.1693985955	-0.0747603997	0.10734196619999999	0.1614808609	0.0946154676	-0.22882061350000002	-0.014210971000000001	0.12502324550000002	-0.086618776	-0.028851026499999998	0.0263200057	-0.0826537969	-0.0353497259	0.1407646924	0.0438482562	0.030612999	0.075231954	-0.0219902121	0.1440134166	0.1078623514	-0.0396929669	-0.0549374131	-0.048967054100000004	-0.0588510837	-0.0313241731	-0.0836185691	-0.0030939518	-0.0846005109	0.05887163860000001	0.007364019	0.0203384363	0.0488151074	-0.0494559531	-0.0980552714	0.119269	0.021108899999999986	0.00044558565920999944	0.014225094361000001	-0.210835	-0.467787	0.218824677369	0.044451397225	0.15451199999999998	0.06263549999999997	0.023873958143999997	0.003923205860249998	0.0104877	-0.0004211999999999983	0.00010999185129000002	1.774094399999986e-07	-0.00483834	-0.00014490999999999983	2.099890809999995e-08	2.34095339556e-05	4.03326e-05	-0.0002925134	8.556408917955998e-08	1.62671862276e-09	0.0	0.0	0.0	0.0	0.0	0.0	0.0	0.0	1.0	0.0	0.0	0.0	0.0	0.0	0.0	0.0	0.0	0.0	0.0	0.0	0.0	0.0	0.0	0.0	0.0	0.0	0.0	0.0	0.0	0.0	0.0	0.0
8274.538060581437	49.203972672890814	2421.030926794586	68467980.11601081	10361.036862312252	-31.795202157107266	107351084.86219332	1010.9348802113188	6283.989499257989	15.210180552766358	231.349592447752	39488524.02678467	6622.795046456791	11488.103047639876	1.6992759999999998	85.516525	0.65673387	0.407421	-0.1239585369	-0.0132214062	0.0534141441	0.0586614078	0.014521813400000003	-0.10636874869999999	-0.0227258675	0.0698830613	-0.0515079225	-0.0060563516	-0.062197048399999996	-0.16307516019999999	0.0668018971	-0.005945920699999999	0.1766773382	0.054515330300000005	0.0366484091	0.047033632199999995	0.12437323550000001	-0.0335649983	0.022299071299999997	0.18271314019999998	0.0740843958	0.0019896527	-0.0490796591	0.0649035785	-0.047879944800000004	-0.0206039823	0.0923062068	-0.0764083802	-0.11061637380000001	-0.20034299100000005	-0.006940288199999999	-0.0422047773	0.16337832789999998	-0.042230588799999996	-0.0926761676	-0.0031778657	0.1406861354	0.0839875332	-0.0013104828999999998	-0.0193161179	-0.051623500999999995	0.0299926972	-0.0413184446	-0.0164004916	0.048782926399999996	-0.034353743799999996	0.06486791730000001	-0.1334264823	-0.0502507043	-0.0026356078	-0.1277084648	0.0139863807	-0.1247802199	-0.053275054599999996	-0.0716795958	-0.0380890978	-0.0074948892	-0.0266690453	0.0583312789	-0.1630463923	-0.0338801594	-0.1397999621	0.11825604070000001	0.050203715	0.0339904568	-0.0291344398	0.1038001699	-0.0052241882	-0.0020006412	-0.0133350399	0.0882881762	0.0768321886	-0.09925250880000001	0.019288722	0.095210562	-0.1388484579	0.0879693132	-0.1721751493	0.1313343428	0.0534144759	0.0026696669	-0.04304340190000002	-0.0799581745	0.010851258600000002	-0.089336432	-0.1017460091	-0.0244920979	-0.1480811536	-0.0368105875	0.0387853399	0.14402069650000002	0.0017101010000000001	0.1938845452	-0.17952551719999998	0.1048219111	-0.0298107652	0.1467043552	0.0278269056	0.0939501055	-0.0400782878	-0.0832861574	0.1354505262	0.10119261869999999	0.0663217048	0.07527130929999999	-0.0913860891	-0.0788647665	0.095812745	0.028608177599999996	0.13155237109999998	0.0872714839	0.015271468	-0.0112951194	0.042104120300000006	-0.023713701400000002	0.0637499824	0.0514901737	-0.0843597736	-0.1209148784	0.0972702243	0.0245789962	0.025499813700000002	-0.0744064996	0.0995280859	0.0448620017	0.042643040199999996	-0.0937244614	0.0297974209	-0.022023039900000003	-0.0731631775	0.0710934655	0.07537107009999999	0.0338204766	0.0738458088	-0.14638436859999998	0.0847577117	0.0854323872	-0.0618211921	0.0809905284	0.095682368	-0.157381609	-0.0578296855	0.026239009	-0.0564055741	-0.1417976974	0.0674910169	0.1043484036	0.059780165999999996	-0.0633462828	-0.09251974519999999	0.0200163387	-0.0663059054	0.11347676	0.030312401	-0.0460901244	-0.19626677309999999	-0.0314796164	-0.2730227194	-0.0341526711	-0.09216420369999999	-0.0286883468	0.06639290769999999	0.037894188100000004	-0.1114507102	0.024121874900000003	-0.0425472495	-0.21993984309999998	-0.0388401315	0.0159837867	-0.0674011555	-0.019525195	-0.0851853865	0.0401617222	0.1301427287	-0.018768810900000002	0.06832006480000001	-0.0135132436	0.04752510099999999	-0.051990767199999996	-0.0979210862	0.0639826	-0.055286400000000006	0.0030565860249600002	0.00409377310276	0.170043	0.380878	0.14506805088400002	0.028914621849000004	0.121032	-0.03348	0.014648745023999998	0.0011209103999999996	0.0118165	0.0013287999999999998	0.00013962967225000005	1.7657094399999992e-06	-0.00289145	0.00194689	3.7903806721000006e-06	8.3604831025e-06	0.000506432	0.0004660994	2.1724865068036e-07	2.5647337062400003e-07	0.0	0.0	0.0	0.0	0.0	0.0	0.0	0.0	0.0	1.0	0.0	0.0	0.0	0.0	0.0	0.0	0.0	0.0	0.0	0.0	0.0	0.0	0.0	0.0	0.0	0.0	0.0	0.0	0.0	0.0	0.0	0.0
8271.987006976493	-2.5510536049441725	6.507874495298657	68425769.04358792	10347.815506353074	-13.221355959178258	107077285.75352111	174.80425339929832	6254.2367194299695	-29.75277982801981	885.2279074946226	39115476.94266615	6582.559191028162	11315.69559509136	1.3895050000000002	69.9272	0.60986325	0.441632	-0.0344769053	0.0126054297	0.027025544199999998	0.04737502	0.045714825199999996	-0.036714700600000004	-0.008579945600000001	-0.0037360047999999996	0.09759127220000001	-0.053149820800000004	-0.016442053300000002	-0.1545043208	-0.0966381792	-0.1044554967	0.038668836	-0.0713593654	0.0269712778	0.0065565227	-0.0305939334	0.038117901600000004	0.0932000054	0.064570773	0.094137154	0.0424287442	-0.027771837200000003	0.1292220753	-0.0777502748	-0.0658723676	-0.0030148532	-0.014123033899999997	-0.0471185774	-0.0325774954	-0.18288424469999998	0.08563070099999999	-0.0303620236	0.0211290477	0.08456575050000001	0.034857312200000004	0.0326412117	0.0007037100999999999	-0.0015790403	-0.129126427	-0.1164554906	0.0796707279	-0.015903239099999997	0.031141047999999998	0.0100826532	-0.0354214637	-0.046831657199999994	0.0355648202	0.050078128300000004	-0.0034860738	0.0097615894	0.0714959967	0.0693455475	0.1124435511	-0.05801478030000001	0.0529639955	0.006708702800000001	0.0419551749	-0.0122179688	-0.012071839	0.0225220327	0.0127846503	-0.17082573899999998	-0.014355266	-0.17796755329999994	-0.14451412449999998	0.030138193100000002	-0.044030104400000006	0.0524414879	0.019022027	-0.0863902522	-0.0183526053	0.08650646599999999	-0.050522078899999996	-0.0102033776	0.028115122000000003	0.0108846332	0.055144028	-0.06567757860000001	-0.0071925167	0.076212	-0.0880623232	-0.0501612921	-0.0326951693	0.056482839000000014	0.0396504313	0.148216394	-0.0017867324	0.1238816796	0.0676446835	-0.0537867035	-0.11551496550000001	0.0048300883	0.0309858604	0.0722978363	-0.0509045861	0.0500775385	-0.0684772273	-0.0049597624	-0.10751972	0.013720771699999999	-0.1050772025	-0.0391509343	0.0224066677	0.077195863	0.0462477894	-0.0045837871	0.0350261419	0.10802366070000001	0.0277403982	-0.0019718095000000003	0.0088431098	-0.07832116900000001	0.14528962369999998	-0.0913728889	-0.0043364955	0.058168875099999996	-0.0157419054	0.0089246177	-0.081232767	-0.0297293333	-0.0558877709	0.053724347900000004	-0.0259273488	-0.0646330867	-0.0379185523	0.0698616728	0.042210142699999995	0.0490952828	-0.0293405279	0.0296869383	0.0056834371	0.1155972064	0.07013010019999999	0.0507558558	-0.045446255199999994	-0.1424513734	0.098293473	0.1422460191	-0.024547637400000002	-0.0911465499	0.1477554592	-0.0209386667	0.0315742078	0.1147890234	-0.0045842326	-0.0588269208	-0.0350438699	0.0047507585	-0.08804088439999999	0.0961971142	0.023313174300000003	-0.060350908700000004	0.043071464500000003	-0.0584887907	0.0816652651	0.0033718444	0.1003793707	0.0546738161	-0.014714678899999997	0.14013199029999998	-0.048154536100000006	0.0341889811	0.058288619800000004	0.1319407393	0.0669370759	0.10507179550000001	0.0306505733	0.020998316099999997	-0.1285163334	-0.077354416	-0.0629034574	0.10098473919999999	0.12753450859999999	0.0026740266999999997	-0.0720503221	-0.0553615608	0.046224253099999994	-0.0544781434	-0.0975858912	0.0466108	-0.0173718	0.00030177943524000003	0.0021725666766399996	0.599792	0.429749	0.184684203001	0.359750443264	0.20517	0.084138	0.0420947289	0.007079203044000002	0.0124189	0.0006023999999999995	0.00015422907721	3.628857599999994e-07	-0.00245087	0.0004405799999999999	1.9411073639999988e-07	6.0067637569e-06	-2.2677e-05	-0.000529109	2.7995633388100004e-07	5.142463289999998e-10	0.0	0.0	0.0	0.0	0.0	0.0	0.0	0.0	0.0	0.0	1.0	0.0	0.0	0.0	0.0	0.0	0.0	0.0	0.0	0.0	0.0	0.0	0.0	0.0	0.0	0.0	0.0	0.0	0.0	0.0	0.0	0.0
8273.764153712436	1.777146735943461	3.1582505210744976	68455173.27125686	10345.505446465942	-2.310059887131501	107029482.94285648	5.336376682134005	6261.097939653833	6.861220223863711	47.076342960356385	39201347.40993748	6587.5262243547595	11432.270893256558	0.987669	49.704681	0.41852005	0.239836	-0.0770992583	0.0218522796	0.0353220342	0.07656896769999999	0.0610873132	-0.06375273990000001	-0.04648849	-0.0274419374	0.0174213727	0.0061571824	-0.0572023313	-0.058240901	-0.06251934099999999	-0.0563563804	0.09281262369999999	-0.11589769359999999	-0.011253873700000002	0.0292314854	-0.0193113861	-0.0135404668	-0.0498206263	-0.0095082049	0.12116722140000001	0.0151054504	-0.034916686	0.043263797699999995	0.0358007865	0.042458416900000004	0.08454813439999999	0.0473178985	-0.0718508104	-0.006065265	-0.0508780197	-0.0152190023	-0.0727531508	0.0082745189	-0.041677370400000004	-0.0312053973	0.0778281854	-0.0225031992	0.0058257493	-0.0471547474	-0.0779133922	0.0712274417	-0.012422269	0.0306082029	0.0302210979	-0.0115542363	-0.041144563599999996	0.0530232995	0.0116102751	-0.0353939111	-0.1253750251	0.0340497357	-0.0337344035	0.003488106	0.0032609108	-0.008831494399999999	0.0112268728	0.0554911287	0.0616816616	0.0381224907	-0.0916825099	0.0948209574	0.0245543011	-0.1897322918	-0.0148969207	-0.085838317	-0.0869889883	-0.077455174	0.0664371811	-0.0821373692	0.0010746033	0.0013880689000000002	-0.0765349807	-0.0316400604	-0.0948682423	0.0014378957	0.0312892128	0.0426539051	0.0628494392	0.060566878899999996	0.0040709759	-0.0508900349	-0.0566393299	0.08395351470000001	-0.0237464808	0.0152023412	-0.034147683	0.053030708200000005	0.1238622689	-0.0640909228	-0.006847324300000001	0.1115401106	-0.10311832859999999	0.1139684741	0.060527630199999995	-0.010128269799999999	0.0992718943	-0.051538319900000004	-0.21090614230000002	0.029210351699999998	0.017526323899999998	0.14215676119999998	0.0165841252	0.0211964621	0.09532125779999999	0.0467709838	0.076044745	-0.043920900199999995	-0.0181451422	0.0757210327	-0.0241130229	-0.0128877526	-0.0173733951	0.08009375860000001	-0.08628697839999999	0.0027530258000000004	0.0309944108	-0.002825978	-0.0297391656	-0.0700968785	-0.0443546071	-0.057598052699999985	0.0142792744	0.1245561987	0.0357787619	0.0513652383	0.00047577569999999997	0.018699756	-0.0169318895	0.0028601984999999997	-0.0813610072	0.0221469152	0.0538496107	0.10102777800000001	0.08181997419999999	-0.042397433	-0.016516598	0.0236031285	-0.0316861621	0.1100577019	-0.0489733162	0.058656784000000003	0.0923471113	0.08033998219999999	0.12606676320000001	0.015625328	0.08119287	0.0932527274	0.07004924	0.05665983240000001	-0.0322768583	-0.0435765761	-0.062104925899999996	-0.0023045936	-0.11679291050000001	0.1276656201	-0.0104007812	0.048037017	0.0314897025	-0.10245830339999999	0.0717891074	0.0202411497	-0.0516854713	-0.0187585646	-0.0233158367	0.07882076730000001	0.0883272403	-0.0639992076	0.0133855007	0.1414631558	-0.0268696558	-0.02254245	0.05866450910000001	0.0089068294	0.012206512099999999	0.0537839632	0.1346747564	0.0449128604	-0.0569158121	-0.09705037429999999	0.0591591	0.012548299999999998	0.00015745983288999995	0.00349979911281	0.387775	-0.212017	0.044951208289	0.15036945062499998	0.11289	-0.09228	0.0127441521	0.008515598399999998	0.0137195	0.001300599999999999	0.00018822468025	1.691560359999997e-06	-0.00302409	-0.0005732200000000003	3.285811684000002e-07	9.1451203281e-06	0.000136998	0.000159675	2.5496105625e-08	1.8768452004e-08	0.0	0.0	0.0	0.0	0.0	0.0	0.0	0.0	0.0	0.0	0.0	0.0	0.0	0.0	0.0	0.0	0.0	0.0	0.0	0.0	0.0	0.0	0.0	0.0	0.0	0.0	0.0	0.0	0.0	0.0	0.0	0.0
8257.162045448189	-16.602108264247367	275.6299988177906	68180725.04479012	10344.405821507864	-1.0996249580784934	107006731.8000458	1.2091750484291284	6249.195923624185	-11.90201602964862	141.65798557001273	39052449.69184113	6577.549995320666	11358.934992924218	0.8592349999999999	43.24123400000001	0.17207600499999998	0.110808	-0.0685641442	0.0351436936	0.042517647699999994	0.0846230259	0.0490920152	-0.053819485599999994	-0.0567834602	0.0027823371	-0.0034786544	0.0063509438	-0.057535235199999986	-0.0344618821	-0.074030835	-0.043439030999999996	0.0818941782	-0.1324548962	0.0374437493	-0.0720134405	-0.0229905362	-0.0726316138	0.039044596200000004	0.06057224870000001	-0.058912405	-0.077724248	0.1056988552	-0.0514722775	0.0756209769	-0.0466526196	-0.1024492034	0.0914270343	-0.0211379725	-0.0232361598	0.07575984570000001	0.0369068145	-0.0105722352	0.1444324631	0.0751571521	0.0203879738	0.0702588787	-0.0285654396	0.0261512452	-0.0186510785	-0.074975529	0.0944680591	0.0339656703	0.0046844332	0.0157102296	0.030564905	-0.0063737029	-0.0057146694	0.1513644549	-0.0240779405	-0.0679206375	0.0210335754	-0.1286403061	0.08101249190000001	-0.020295988600000002	0.001668135	0.0563745698	-0.097048444	0.015382210600000001	0.0255487421	0.0001550676	-0.0981339593	-0.0052384246	-0.085847706	-0.0456447482	0.0547556534	0.015641836	-0.1535349502	-0.061394543499999996	0.0406329791	-0.0479695541	0.0505480154	-0.0611774801	-0.014928628400000001	-0.0059207668	0.021108013399999997	0.017421508999999998	-0.0546296004	0.1481194714	0.0286900446	-0.0697153638	-0.027624632599999997	0.0016623518	0.0308152302	0.0013893921	0.054479128700000004	0.0150569128	0.07925247099999999	0.13042715470000002	-0.023847062000000002	-0.0305383535	0.09332255769999999	-0.08794005140000001	-0.0652259935	-0.0218829375	0.1232084566	0.0140723169	-0.0219521987	0.0276574185	0.019824944299999998	-0.06788962059999999	0.0383602397	-0.007426905	-0.0290698288	-0.0513037752	-0.0058617782	-0.0169809105	0.029174221299999997	-0.10090897439999999	0.0730368707	-0.0271616296	-0.0340346268	-0.0065384647	0.061953045	-0.0951592574	-0.021578724599999998	-0.0036880297999999996	0.0075854841000000004	-0.052553190300000004	0.0085912991	-0.0559367368	-0.1610800071	-0.0261953059	0.07144292299999999	-0.06479280650000001	0.01024526	-0.052609641	0.017805798799999998	-0.0137326364	-0.09599018849999999	-0.011166054299999999	-0.0215265726	0.0523819032	0.0170074106	-0.0927710946	0.0034661037	-0.0750820298	-0.028846817	-0.009440507800000001	0.0233379844	0.05906100650000001	0.024681297799999998	-0.0711619947	-0.06928517769999999	-0.0278692016	-0.06699980629999999	0.17540452780000002	0.0852557372	0.0173711658	0.0445799629	0.0389706914	-0.085854162	0.0412219796	-0.054355846500000006	-0.1443956179	0.051335514400000004	-0.0163521953	0.043872163799999996	0.0777076954	-0.0373585502	-0.055086644000000004	-0.0641919126	0.0785226535	0.034958203	-0.0716971004	-0.082400284	0.0257172649	-0.043367594	0.1163801991	-0.0347354596	0.074004353	-0.025855118700000002	-0.0390470792	-0.016317991299999998	-0.09941792869999999	0.0401259499	0.0891718514	0.0435912223	-0.059301549	-0.09631563480000001	0.0573682	-0.001790899999999998	3.207322809999993e-06	0.0032911103712399995	0.333503	-0.05427199999999999	0.0029454499839999984	0.111224251009	0.12641	0.01351999999999999	0.015979488099999998	0.00018279039999999973	0.0156272	0.0019077000000000015	0.00024420937984	3.6393192900000075e-06	-0.00294472	7.937000000000005e-05	6.2995969000000065e-09	8.6713758784e-06	7.420590000000001e-05	-6.279209999999997e-05	3.942847822409998e-09	5.506515594810001e-09	0.0	0.0	0.0	0.0	0.0	0.0	0.0	0.0	0.0	0.0	0.0	0.0	0.0	0.0	0.0	0.0	0.0	0.0	0.0	0.0	0.0	0.0	0.0	0.0	0.0	0.0	0.0	0.0	0.0	0.0	0.0	0.0
8251.32503771566	-5.837007732528947	34.07065926960271	68084364.87803334	10340.917845928809	-3.4879755790552736	106934581.8962489	12.165973640085975	6242.4781902003415	-6.7177334238431285	45.127942353819115	38968533.95512693	6572.501952211185	11346.090147269932	0.856118	43.084377	0.192973185	0.108102	-0.0517240151	0.0437119621	0.0525776837	0.093128688	0.0392495579	-0.050913341699999996	-0.03922627	-0.0140958945	0.0133325646	0.0386922887	-0.057414000199999995	-0.0262961181	-0.0599780372	-0.022080224	0.0812172479	-0.0886191434	-0.0335199797	-0.10088990119999999	0.0646231998	0.0543447309	0.0175256909	-0.0279447415	-0.0118335518	-0.05479733269999999	0.0972465814	-0.0249434363	0.044466108899999995	-0.0227856546	0.0155911323	0.0893260026	0.0300740512	0.0780627438	0.1078064638	-0.026331430899999998	-0.021558488100000002	-0.0047933542	0.0004601275	0.0644847378	0.0576498846	-0.0318340545	0.051736442800000004	0.014570563600000001	-0.0603868418	0.08738478400000001	0.0279368381	0.0092138497	0.025127268199999997	0.0253904467	-0.04991487730000002	-0.037187414700000004	0.1225242057	-0.032452834	-0.04262048139999999	-0.006516301899999999	-0.0235547239	0.041800131000000004	0.0793074981	-0.09213587849999999	-0.0365501993	-0.0521670546	0.1360148024	-0.0436820089	-0.0406090452	-0.0491542961	-0.0496057936	0.048582329900000006	0.11015008189999999	0.0599071625	-0.0874710934	0.0224266032	-0.0376558335	-0.05993964490000001	0.030379047599999997	0.0253820145	0.004439405	0.0583204983	0.0866439901	-0.013642774199999999	0.0963756682	0.0737544946	-0.07251736360000001	0.003982105	0.1322856407	-0.09212677640000001	0.053651183	0.0190431996	-0.0359976382	-0.0421434225	-0.08429866820000001	-0.0094173109	-0.1023170816	0.0475938066	-0.0949204357	0.040966103999999996	-0.0645568196	-0.052361865099999995	-0.0300798953	-0.0709740908	0.1187202141	-0.0652060127	0.017921181	-0.0032345157	0.0953786344	0.0053021802	-0.0228191327	-0.1900273741	-0.0396593133	0.044088198700000004	0.015321786799999999	0.06332263839999999	0.0640245106	0.056776454299999994	-0.0323507173	-0.0681702982	0.009032254	0.04779289900000002	-0.0811902032	-0.0246366336	0.0141883657	-0.0103528961	-0.0599308879	0.0099394837	-0.0043657886	-0.12320764029999999	0.0018156939	0.0856320376	-0.0152143159	-0.0610548661	-0.0988599173	0.0617452909	0.023548914	0.0492346484	-0.08496372140000001	-0.0166836011	0.0377983093	0.0019875989	-0.07129665980000001	-0.0071678659	-0.0013142073	0.0539193934	-0.0554123237	0.0374679552	0.0237932394	-0.0404927775	-0.0606114585	-0.1066156708	-0.035875724399999996	-0.0609189702	-0.0830216116	0.0940304641	-0.0161129525	-0.0605342413	-0.1197513475	0.031099069500000007	0.1315515059	0.0451083943	-0.0637911198	-0.0265381653	-0.0803642841	-0.0366807086	0.0019667504	-0.10881223470000001	-0.0597433801	-0.0291279916	-0.0152636918	-0.0090882393	-0.0628160153	0.047235585	0.0409029773	0.11087568710000001	-0.1423431773	0.0030996928999999997	0.034115891	-0.0220632768	0.0535986284	0.027456845	0.1120511427	0.0746204321	-0.0925638274	0.04225964	-0.0616331773	-0.095383181	0.08017939999999997	0.02281119999999997	0.0005203508454399985	0.006428736184359995	0.303552	-0.029951000000000005	0.0008970624010000004	0.092143816704	0.221701	0.095291	0.049151333400999996	0.009080374681000005	0.015836799999999998	0.00020959999999999732	0.00025080423423999993	4.393215999999887e-08	-0.00354415	-0.0005994299999999998	3.593163248999997e-07	1.2560999222499996e-05	-1.51638e-05	-8.936970000000001e-05	7.986943278090003e-09	2.2994083043999997e-10	0.0	0.0	0.0	0.0	0.0	0.0	0.0	0.0	0.0	0.0	0.0	0.0	0.0	0.0	0.0	0.0	0.0	0.0	0.0	0.0	0.0	0.0	0.0	0.0	0.0	0.0	0.0	0.0	0.0	0.0	0.0	0.0
8226.444077417056	-24.880960298603892	619.0621853807032	67674382.15887016	10328.960268183226	-11.957577745582967	106687420.22170769	142.98366554166103	6235.220112845242	-7.2580773550998865	52.67968689261375	38877969.855629824	6562.9213730646425	11325.89161936712	0.8904059999999999	44.80991	0.12277143999999998	0.0643372	-0.0480457425	0.047650919900000005	0.0512068903	0.1108597231	0.041116561499999996	-0.0482108944	-0.0330489502	-0.0063101851	-0.0028765075	0.0735212542	-0.05006289480000002	-0.021922438500000002	-0.05086281	0.0430375086	0.0448481683	-0.0361877591	0.018720561200000003	-0.0101827775	-0.0434413628	-0.1115013435	-0.0388433032	0.0802678787	-0.0229455119	-0.1207895482	-0.0019489	0.0518807429	0.0188141224	0.0897591285	-0.045628773399999996	-0.008740665	0.0010381008	0.0007185441	0.0009823039	-0.0346451595	-0.09225731779999999	-0.0054730829000000005	0.047613335199999995	0.0660993782	0.0597887346	-0.0384451646	0.0570208406	0.027870020099999997	-0.0313096702	0.0616513486	0.0119825956	0.019835184	-0.0254359431	0.0465755438	-0.0507472899	-0.0365042464	0.0177319713	0.039290174	-0.054899608499999995	-0.0308253019	-0.1785033788	0.0596347401	-0.0312736279	0.0655242806	-0.0456963841	0.0060539921	0.1028485606	-0.046777615700000004	-0.0347751573	-0.0416848107	0.0150350485	-0.1105593466	0.10218701050000001	-0.006445123299999999	-0.014088057	-0.065327324	-0.11961797369999999	0.03285776	0.0383454483	-0.0043765678	-0.0480599625	0.0830783447	-0.033975916200000005	-0.005490801500000001	0.11142040660000001	0.1165653551	0.08811959609999999	0.021598354	0.0668658625	0.019666751	0.11703418800000001	0.0346295736	0.0394730499	0.0823111502	-0.0964503669	0.0349117722	0.0285223186	-0.0904338563	-0.1161573733	0.1237868333	-0.016132471000000002	-0.0436548442	-0.0361536429	0.10528618279999999	0.0451475592	0.0305665163	-0.010695118500000001	-0.0660071133	-0.037037972999999995	-0.006046154200000001	-0.0594689329	-0.0017191077	-0.0131825824	0.0389905723	-0.048133607800000006	0.1293529504	0.035161604900000004	0.059025826399999995	-0.0266667203	-0.0746367929	0.024217525	0.021786723199999997	-0.081025654	-0.0147214597	-0.0046648222	0.023431180099999997	-0.00553273	-0.0069475796999999995	0.0544225029	-0.09802430779999999	-0.0394455281	0.0370370967	-0.028122641099999998	0.13809939029999999	-0.0707019466	-0.0455959825	0.0257660194	-0.0162722574	-0.053017369	-0.0627157189	0.0672252402	-0.0042621094	-0.0361010902	0.053031517400000006	0.0029844377	5.703810000000001e-05	-0.1187397741	0.0359234968	-0.0694709462	0.08580918789999999	0.0175974051	-0.0642180323	-0.0671558257	-0.053811045999999994	0.09810696220000001	0.13846145810000002	0.019029448100000002	0.100222271	-0.06978361570000001	-0.062108960199999994	0.0385914523	-0.0815417646	-0.0797531182	-0.0317221643	-0.1597372158	0.13486110880000002	0.09945018130000001	-0.0229716338	-0.0874626056	0.0171804082	0.0035348840000000007	-0.04562553900000002	-0.0434216986	0.0362794609	0.0107593424	-0.0813342465	0.0077227305	-0.0396355093	-0.0157326804	0.0163812255	0.07979742599999999	-0.0130274182	-0.052340786900000005	0.041215754300000004	-0.0383023803	0.0409184175	-0.0639085696	-0.09425492710000001	0.08831759999999997	0.008138199999999998	6.623029923999997e-05	0.0077999984697599955	0.25839	-0.04516199999999998	0.0020396062439999984	0.0667653921	0.234792	0.013090999999999992	0.055127283263999995	0.00017137428099999982	0.016646	0.0008092000000000031	0.00027708931600000004	6.548046400000047e-07	-0.00354415	0.0	0.0	1.2560999222499996e-05	0.000303241	0.0003184048	1.0138161666304e-07	9.1955104081e-08	0.0	0.0	0.0	0.0	0.0	0.0	0.0	0.0	0.0	0.0	0.0	0.0	0.0	0.0	0.0	0.0	0.0	0.0	0.0	0.0	0.0	0.0	0.0	0.0	0.0	0.0	0.0	0.0	0.0	0.0	0.0	0.0
8195.276547511163	-31.167529905893392	971.4149204347588	67162557.69018649	10310.065989087729	-18.894279095497037	106297460.69934352	356.99378253853644	6229.168112193087	-6.052000652154675	36.626711893680614	38802535.369963184	6562.381037902581	11217.555579333955	1.002424	50.447231	0.341497421	0.17121199999999998	-0.023406821499999998	0.0500567308	0.0724177624	0.0830477803	0.0067827637	-0.0236785641	-0.036059526099999996	-0.0005332587999999999	0.0387398133	0.0644895377	-0.0865996757	0.0329502933	0.047031087199999995	0.0091447421	-0.013138063200000001	-0.0362255218	-0.0170851047	-0.10160550439999999	0.0383217498	0.1195231604	0.0385483915	0.0468764505	0.064673845	-0.023272509700000003	0.043725456100000004	0.029072006	0.0671952193	0.0011848411	0.0339342143	-0.11945202369999999	-0.0018128952	0.0159287766	0.0726948312	-0.1273897031	-0.0101561326	0.06556970549999999	0.0051226684000000005	0.1258482351	0.0356147978	-0.0426579923	0.0722135703	0.0441252284	-0.0300672079	0.0518907254	0.0321092678	0.023984303399999997	-0.061096589699999995	-0.0152497043	-0.0119513368	-0.0585182084	0.0201301561	0.0622384216	-0.0064899886	0.02312084	-0.0337067645	0.1746883814	-0.044265836399999994	0.0316554204	-0.0205900252	0.0710780568	-0.0163971267	-0.0391645127	-0.0004749663	-0.1504145264	0.046726454	-0.04690904480000002	-0.0326181658	-0.0205675354	-0.039405145499999995	-0.0092847005	-0.1376655543	-0.070346543	-0.0662287063	-0.0100716374	-0.0652085324	-0.0359941101	-0.0315995789	0.0433772544	0.0023566747	0.037468584	0.0804588884	0.0363167562	-0.042486927699999996	-0.066478813	0.0392931188	0.0641647042	-0.0321449132	0.1146826986	0.069613585	-0.0075851333	-0.023447911000000002	0.10995076109999999	-0.0053170762	-0.0820082	0.0798375274	-0.0405739096	-0.1210224131	-0.1001612034	0.0083960292	0.129418085	-0.0255745791	0.06643458690000001	-0.1229570287	-0.021912832200000003	0.0091213936	-0.048156703099999996	-0.0234263431	-0.0190400534	-0.0196552907	-0.0045286576	0.045099105599999995	0.030408073900000002	-0.0288485478	-0.1006666867	0.023078686299999998	0.011406886399999998	-0.0377181908	-0.0109478601	-0.0062881853000000005	-0.0597290174	0.0124142273	0.045145623899999994	0.0326522018	-0.0521898726	-0.0204360244	-0.047710454400000005	-0.07995782309999999	-0.0130890265	-0.0273009296	0.0296805575	0.087137071	-0.0427529947	-0.011936076499999998	-0.030421420600000002	0.0759970668	0.0679268749	-0.09362596279999999	0.0834709692	0.0499558591	0.0044260954	-0.026175476899999998	0.1310613127	-0.0354339491	0.0598475468	-0.0609025216	0.0881651756	-0.0396422306	-0.0661854376	0.0169147219	0.0213785174	0.010112572700000001	0.0499224866	0.059925578300000004	-0.06260254230000001	0.0699582386	-0.07825677860000001	-0.1014923209	0.0304749796	0.0681920186	0.0785846134	0.0014798895999999998	0.0268881779	-0.0812400192	0.1039114123	-0.0634408169	0.0937287982	0.0818701909	-0.0413520055	-0.0466341847	-0.009570926	0.0097193081	-0.017958886	-0.04901392	0.0408061762	-0.0084793537	0.0471069151	0.14061276960000002	0.0469128959	-0.0041104933	0.0395678606	-0.0661256498	-0.092933189	0.044407	-0.043910599999999966	0.001928140792359997	0.0019719816490000003	0.284191	0.025800999999999963	0.0006656916009999982	0.08076452448099998	0.366872	0.13207999999999998	0.13459506438399998	0.01744512639999999	0.0159268	-0.0007191999999999997	0.00025366295824000003	5.172486399999996e-07	-0.00176803	0.0017761199999999995	3.1546022543999988e-06	3.1259300809000007e-06	4.44458e-06	-0.00029879642000000005	8.927930060481639e-08	1.97542913764e-11	0.0	0.0	0.0	0.0	0.0	0.0	0.0	0.0	0.0	0.0	0.0	0.0	0.0	0.0	0.0	0.0	0.0	0.0	0.0	0.0	0.0	0.0	0.0	0.0	0.0	0.0	0.0	0.0	0.0	0.0	0.0	0.0
8163.052130701629	-32.224416809533984	1038.413038714576	66635420.08855239	10309.94013664378	-0.12585244394904296	106294865.62117836	0.01583883764794699	6239.258315161784	10.090202968696758	101.81219594949688	38928344.32331546	6566.7635696431835	10882.78099696764	1.08516	54.610981	0.22942392900000005	0.10976099999999997	-0.032436624	0.0203029707	0.0815522388	0.0152803602	-0.0769671132	-0.0319132075	-0.0017680439	0.028108209	0.013492201	0.15329603990000001	0.0329284442	0.0289881478	-0.0654814465	0.0401780468	-0.04557828269999999	0.0032632259	0.0194904969	-0.087598975	0.0458325425	0.0651412	-0.0261052811	-0.050226974900000006	-0.0085069872	-0.04562340769999999	-0.036220752099999996	-0.0040335895	-0.0699321457	-0.0206277099	0.0190361453	-0.017496034599999998	0.010298025799999999	0.12468597769999999	-0.0973676293	-0.1742596203	-0.0480629009	0.1266661088	0.0041076691	0.0007496241	0.049982866699999996	0.0086740075	0.0746804387	0.0807535947	-0.0502925168	0.012906471299999998	0.0630796671	-0.0162777943	-0.0936116622	0.0211865775	0.0013013311	0.0818848953	0.0098929905	0.05275352269999999	0.014164486100000004	-0.0075101475	-0.0212598842	0.13863280279999998	0.0401618937	-0.1045894806	0.0182475065	-0.0431458592	-0.00017192259999999999	0.10287989689999999	-0.0501508307	-0.0518997004	0.0313727714	0.0131461883	0.0414223628	0.045997241900000006	0.1099260799	0.0213176604	-0.0415297384	-0.0056994687	0.12786956019999998	0.0049533452000000006	0.0470893997	-0.0797745038	-0.11313209390000001	0.036165784	-0.07108941419999999	0.0105939221	0.104139945	0.0493953546	0.014657005800000001	0.0475056254	-0.1104175382	0.1222113825	0.0365384371	-0.051216215499999995	0.0536750682	-0.1303462718	0.0065011140000000005	0.1091416892	-0.1341011336	-0.22731726019999998	-0.0094590333	0.047839157599999994	-0.0113131624	0.0014446047	-0.0080798733	0.0779663265	0.0399214732	0.159894446	0.041703916800000004	0.0614625568	-0.1144011255	0.0472413388	0.0802146477	-0.025462915299999996	0.031883757900000004	0.10502333050000001	-0.0788844011	0.0359902624	0.0220620033	-0.117815826	0.0693914014	0.016735658	-0.0053327921999999995	-0.0633127762	0.0017151001999999999	0.06071759999999999	0.0842450817	0.0055425055	0.0070764009999999995	-0.0095216872	0.0121643475	0.0024701153	-0.0203819285	0.0023173282999999997	-0.0420367504	0.0828783135	0.1197214935	-0.026054565699999997	-0.0420540945	0.004178768	0.0052010571999999995	0.090119798	-0.0289625614	-0.0050282008	-0.055868109400000004	-0.0743023973	0.005113739	0.0425278367	0.0510316476	-0.0869021881	0.06751820110000001	-0.06743400179999999	-0.1634843105	0.0402057473	-0.0072173241	-0.0893641857	-0.022542374	0.056730765	0.0352288192	0.0037538514	-0.08782691949999999	-0.0830595957	0.0539616267	0.1111168536	0.043846728	0.0880298414	-0.1543315033	-0.1194073108	0.0167379267	0.09195096	-0.0375021403	0.1187425523	-0.043372234	-0.0936981464	0.0319945244	0.0622220116	0.0025632381	-0.09258510539999999	-0.0266765458	0.09160811560000001	-0.0364833887	0.0931662276	0.07305838740000001	-0.018647308600000002	0.10407173369999999	0.038208277400000004	-0.06828239480000001	-0.0914206801	0.025408	-0.018999	0.00036096200100000015	0.000645566464	0.200503	-0.08368799999999997	0.007003681343999997	0.040201453008999986	0.394428	0.027556000000000025	0.15557344718399999	0.0007593331360000014	0.0150574	-0.0008694000000000027	0.00022672529476	7.558563600000049e-07	-0.000978402	0.0007896280000000001	6.235123783840002e-07	9.57270473604e-07	-0.000320146	-0.00032459058	1.053590446247364e-07	1.02493461316e-07	0.0	0.0	0.0	0.0	0.0	0.0	0.0	0.0	0.0	0.0	0.0	0.0	0.0	0.0	0.0	0.0	0.0	0.0	0.0	0.0	0.0	0.0	0.0	0.0	0.0	0.0	0.0	0.0	0.0	0.0	0.0	0.0
8166.094080794541	3.0419500929119754	9.253460367767174	66685092.53638764	10303.765712542368	-6.174424101411206	106167587.85896374	38.12351298408757	6248.794566127816	9.536250966032641	90.94008248715843	39047433.52966853	6582.3993503497095	10901.043272862473	1.205436	60.66389100000001	0.16580564999999992	0.109372	-0.0257642491	0.0311162587	0.0895135349	0.0017610051000000004	-0.08417828210000003	-0.045194979100000005	-0.0357780589	0.0616789775	0.017576341699999998	0.055034401600000005	-0.0942116108	-0.0251177443	0.1470811663	0.011768728700000002	0.059378405499999995	0.0865428944	0.0641047899	0.0476381216	0.0879005742	-0.1337276671	0.0983149067	-0.014022510600000001	0.0689893728	0.047271103499999995	0.0211932842	-0.0343171995	0.016000748500000002	-0.0641662593	0.0523396313	-0.045515035999999995	-0.0777417567	-0.0192067481	-0.0019271472	-0.0787206745	0.0138836177	0.1470176586	0.008345650500000001	-0.0671009998	0.0617317846	0.024401447799999997	0.0687980147	0.0507954042	-0.044470015700000004	-0.0138784351	-0.0005032255999999999	0.0214713072	-0.021883837599999997	-0.08164027160000001	0.034935218999999997	-0.1132225902	-0.0321370964	0.039569800499999995	-0.1325738673	-0.0678191221	-0.0257205176	-0.007613177099999998	-0.0356400377	-0.0170921536	0.020217121299999998	-3.4162600000000004e-05	-0.0111530046	-0.09822174630000001	-0.0347780327	-0.0311076688	-0.0438825199	0.0779136691	-0.0159899023	0.0402544445	0.1016191217	0.1748192137	0.007792023199999999	-0.0111027197	0.0817436153	-0.0896305204	0.1110700567	-0.0424560226	-0.0211623621	-0.0526018163	0.032032117799999996	0.0149543696	-0.05121634940000002	-0.1229753246	0.06985636690000001	0.0261246528	-0.0291208728	0.1076314398	0.0316363289	0.007880053	-0.0125195956	-0.019836178	-0.033107413599999996	0.0824409401	0.18856701969999998	0.0839290318	-0.06303944389999999	0.0075056102	-0.10073054699999999	0.0036491203999999998	-0.0608344697	-0.0810514321	-0.028125152799999997	-0.016734749	0.09438903470000001	-0.0267555032	0.0131256635	0.001373326	-0.0667538012	-0.10263503689999999	0.1124252183	-0.0254286028	0.0077530693	0.0564452356	0.0317594788	-0.0892721977	0.0193737392	0.0178545986	0.0223688543	0.043574258	-0.0087790596	-0.1212873328	-0.0415859172	0.0866027167	0.051064736	0.0077405475	-0.047591685999999994	0.0382141606	0.0703919671	0.0809109316	0.06034125200000001	0.031331751	0.0103195765	-0.0240543558	0.0045433141	0.021959994500000003	0.0367977271	0.007303754	-0.1312981895	0.0475360605	-0.0118793679	-0.0501025777	0.0475402703	-0.0524922904	-0.0373473996	0.0436099037	0.098106085	0.0105981653	-0.1397017818	-0.0048944309999999994	-0.1519800225	-0.0727969167	-0.0525016201	-0.1070320176	-0.0452244632	0.047812252	-0.029544680499999997	0.017324821100000002	0.0821891197	-0.084559439	0.0600580308	-0.006201605	-0.0686097348	-0.076714867	-0.0072364825	-0.0424479406	-0.010810109299999999	0.011653874199999999	0.07479544240000001	0.0034733876000000003	-0.0166313765	-0.1051314754	-0.0201809381	0.0156112799	0.042774345199999994	0.0655624668	0.0476342613	-0.19594304440000002	-0.0573837717	-0.0170806838	0.0217975296	0.0368399782	-0.0703768369	-0.089720505	0.0254068	-1.2000000000032818e-06	1.4400000000078763e-12	0.0006455054862399999	0.290095	0.08959199999999999	0.008026726464000001	0.084155109025	0.381554	-0.012873999999999995	0.145583454916	0.00016573987599999992	0.016232799999999995	0.0011753999999999966	0.00026350379583999986	1.381565159999992e-06	-0.00104848	-7.007800000000011e-05	4.910926084000016e-09	1.0993103104000002e-06	-0.000298855	2.1291e-05	4.533066809999998e-10	8.9314311025e-08	0.0	0.0	0.0	0.0	0.0	0.0	0.0	0.0	0.0	0.0	0.0	0.0	0.0	0.0	0.0	0.0	0.0	0.0	0.0	0.0	0.0	0.0	0.0	0.0	0.0	0.0	0.0	0.0	0.0	0.0	0.0	0.0
8174.2278291672765	8.133748372735681	66.15786259098034	66818000.60313276	10316.597495419175	12.831782876806756	106432183.8824892	164.65465179751106	6236.368337478436	-12.426228649380393	154.41115844668204	38892290.04070355	6567.601501779757	10676.632411810066	1.3277139999999998	66.817566	0.6389595	0.416595	0.068331663	0.0630114098	-0.023640765299999998	-0.0302528606	-0.040762156800000005	0.0267277427	0.0019971207	0.0382916498	0.1277625812	-0.06891210860000001	-0.06428277660000001	-0.0172528263	-0.0014991422	-0.0375237437	-0.0897335245	0.039745571800000004	0.0677574977	-0.058254125	-0.0934216471	0.0649686	0.0512848149	0.0915674445	-0.0311413245	0.0412457459	-0.0145715342	-0.05020452	-0.05918864400000001	-0.0564690017	0.08517764900000001	0.0230835296	-0.013767138600000001	0.0002210832	0.0407767338	-0.0343570832	-0.0394054229	-0.0440736701	-0.026356301699999998	-0.0156550253	-0.0317874717	-0.027708076800000002	0.078634432	-0.0571114701	-0.0635316724	-0.0083556813	-0.0323756829	0.0632190779	-0.0482055804	-0.0080188133	-0.06593516349999999	-0.024716193100000002	0.0901193963	0.032922494	0.0275260223	0.0651688122	0.0051863051	0.037134569	-0.0281541041	0.0236890352	0.0631006287	-0.0035597254	-0.0842235696	-0.0264895185	0.1020088766	-0.0767429842	-0.006759146999999999	0.054436169400000005	0.047638474400000005	-0.0379978325	0.08683273	0.054564124299999996	0.039965224	0.07619369599999999	-0.0536074331	-0.045326289299999996	-0.0224132592	0.059376075300000004	-0.035425282999999995	0.0215575444	0.0005110058	0.0727634272	0.0545904733	-0.0497078309	-0.0834767904	-0.0055841589	0.026957261099999998	-0.0770720258	0.0135148648	0.066894908	0.0783866301	0.059973630199999996	-0.0926185682	-0.09656944070000001	-0.017516759399999998	0.0178271623	0.0217266754	-0.051840584	0.0185293076	0.0112104051	-0.05334004	0.010533481599999998	0.0069786123	0.2272292759	0.1468268842	0.1417066799	-0.10961278769999999	-4.14699e-05	0.09246556480000001	-0.0770274237	-0.0376468794	-0.1151899326	-0.0411777683	-0.0364211014	-0.0182439828	-0.0749138993	-0.0851092741	0.052951671900000004	0.001408206	0.0411535602	0.020101646	-0.04495358309999999	0.047782633899999996	-0.0285358237	0.047720461500000005	-0.08698854859999999	0.028909803900000006	-0.0703447014	-0.0738236265	-0.04783632	0.0384031263	0.014580836299999999	-0.0209332684	-0.09981884369999999	0.0249063504	0.0362873113	0.0092211472	-0.0194502234	-0.015126511899999999	0.09297599869999999	-0.031318253	0.0324494636	-0.0021492603	-0.1301043923	0.0053500920999999995	-0.0275377672	0.11665401460000001	-0.007984955	-0.0049247619	-0.0199293727	0.0302338957	0.010991875600000001	-0.0077781891	-0.0129224623	0.0111913207	0.0041168155	-0.0400258295	-0.0661564499	-0.0615551058	-0.0096290307	0.048802852199999996	0.0014742226999999999	0.0650498449	0.1454505549	0.048877542999999996	0.0197950933	-0.0035377824	0.1101225831	-0.0255256635	-0.0345102236	-0.0117155003	-0.0417580237	-0.1327428466	-0.0351264192	0.1539908827	0.0801698906	-0.08548541929999999	0.0331571879	0.0117182847	0.0617622362	0.1036691309	0.035463275	-0.072407065	-0.087836154	0.0284421	0.003035300000000001	9.213046090000007e-06	0.0008089530524099999	0.670678	0.380583	0.144843419889	0.449808979684	0.479566	0.098012	0.229983548356	0.009606352143999998	0.018657	0.0024242000000000053	0.000348083649	5.876745640000022e-06	-0.00148353	-0.00043505	1.892685025e-07	2.2008612609e-06	-1.1521e-05	0.00028733400000000004	8.2560827556e-08	1.3273344099999998e-10	0.0	0.0	0.0	0.0	0.0	0.0	0.0	0.0	0.0	0.0	0.0	1.0	0.0	0.0	0.0	0.0	0.0	0.0	0.0	0.0	0.0	0.0	0.0	0.0	0.0	0.0	0.0	0.0	0.0	0.0	0.0	0.0
8172.669955107069	-1.5578740602077232	2.426971587468097	66792534.19510978	10308.562216060987	-8.035279358187836	106266454.9624002	64.56571436411951	6227.946295274981	-8.422042203455021	70.93079487677751	38787315.05682936	6557.204200113525	10785.353263514333	0.8474169999999999	42.646496	0.15742915	0.0954554	0.0490502985	0.0786345583	-0.011724431	-0.0145080485	-0.0267528665	0.0296260671	-0.0263004135	0.0102641009	0.1057403234	-0.0297534906	-0.06267156480000001	0.0136868006	-0.0679239898	-0.0081614428	-0.0464800856	-0.0086485901	0.034628492000000004	-0.0804943426	-0.0836698639	0.07287967990000001	-0.021784063399999998	-0.0749683949	-0.048723753200000004	0.029385918100000002	0.09182848380000001	-0.0323792064	-0.0287485227	0.0810897919	-0.0050428668	-0.0098981328	0.048058818600000004	0.0633854829	0.0354940908	0.1113159955	0.052363644699999996	0.007129234	0.07171808019999999	0.0204984567	-0.0430681544	-0.0525418814	0.0716888916	-0.0232904733	-0.0595074476	-0.0120921328	0.0023618464	0.0272951527	-0.0174094178	-0.018605943	-0.0232694626	0.0044967215	0.028739317200000006	0.0189683618	-0.0088910895	0.0178421524	0.0374882372	-0.0232976461	0.07917085110000001	0.0147428279	-0.0825369277	0.0507154229	-0.0087445153	-0.06884888410000001	0.05329452	-0.0178638846	0.0419419685	-0.0362652372	-0.0426127767	-0.0114509281	-0.0335737228	0.0592584832	0.0822726794	0.055277107400000004	-0.0613198127	-0.0716822007	-0.0137155209	0.0196849817	0.016342226	-0.0710327256	-0.0017973660000000001	0.073618854	-0.16749611849999999	-0.0666784518	0.0103445051	-0.08482286050000001	-0.0043953389	-0.026769308199999998	-0.019710651200000002	-0.0355163361	-0.0187179485	-0.08946398289999999	0.0090103415	-0.0621729678	-0.008623030799999999	0.0577308237	-0.031206261000000002	0.0201538747	-0.0225741071	0.0069659713	0.0321252955	0.0248834501	0.13514417439999998	0.0196571877	0.0029790546000000003	-0.0378088933	0.1115014373	0.017227382	0.028437321499999998	-0.11969817449999999	0.033213959	-0.15347422119999998	0.048654876500000006	-0.0387903333	-0.0463398289	-0.0819081917	-0.053744245999999996	0.0355808877	0.012390031200000002	0.0060522702	0.0146636476	-0.0278165135	0.046730682999999995	-0.0304345133	0.0001301271	-0.030812564900000002	-0.0044144197	-0.009403967099999999	0.0054418975	-0.0359592799	0.0037516184	-0.00021484509999999997	0.004542572700000001	0.046637902599999996	-0.06752068879999999	-0.0191551219	-0.0540149967	-0.059090114299999996	-0.0072202916	0.0455163316	0.0111079718	-0.026229454300000003	-0.0449101016	-0.0617941959	-0.014846407399999999	0.0237838423	0.059597904199999996	0.0513865772	0.11094649039999999	0.005668428499999999	-0.0911020188	0.0516239087	-0.025539819100000003	-0.059357488	0.0824670072	0.0656867103	0.0017377521	0.0014544312	0.030528843700000002	-0.029394197599999998	-0.0248154744	-0.0128327509	-0.037850153	0.10881707539999999	0.0215607151	-0.028663732200000007	0.1085504864	-0.0560898904	0.058084405599999986	0.0453818304	0.0176320142	0.0319494833	0.016198343799999997	0.111846994	0.0675610073	-0.026255282	-0.055753396600000005	-0.0072740730000000016	0.0015415307999999998	-0.0025197621	-0.047103529500000005	0.0340784819	-0.0743712266	-0.08577149519999999	0.018205	-0.010237099999999996	0.00010479821640999991	0.0003314220250000001	0.579769	-0.09090900000000003	0.008264446281000003	0.336132093361	0.4661810000000001	-0.013384999999999923	0.21732472476100007	0.000179158224999998	0.0190208	0.0003638000000000009	0.00036179083264	1.323504400000007e-07	-0.00178934	-0.00030580999999999984	9.351975609999994e-08	3.2017376356e-06	0.00017683	0.000188351	3.5476099200999987e-08	3.12688489e-08	0.0	0.0	0.0	0.0	0.0	0.0	0.0	0.0	0.0	0.0	0.0	0.0	0.0	0.0	0.0	0.0	0.0	0.0	0.0	0.0	0.0	0.0	0.0	0.0	0.0	0.0	0.0	0.0	0.0	0.0	0.0	0.0
8159.5502208335365	-13.11973427353223	172.12742740809628	66578259.80630461	10314.042310270224	5.480094209236995	106379468.77804434	30.03143254211285	6221.003885819496	-6.942409455485175	48.19704904760998	38700889.347381264	6551.716295877153	10761.41826769547	0.805921	40.558197	0.11344010000000013	0.0659221	0.0395991663	0.0811413996	-0.0022679473000000003	-0.010699239099999999	-0.0323615547	0.016215912	-0.0041716021	0.011970021899999999	0.0912422707	0.0063469207	-0.0342743652	0.0475365528	-0.0379000594	-0.0055175574	-0.0357331174	0.0044852642	-0.0026255507	0.0232711725	-0.014399664599999999	-0.04851683230000002	-0.015151357800000001	0.0441101671	-0.0148463698	0.0401698245	0.029979296800000006	0.0032382476000000003	-0.0236784731	0.052449923600000004	-0.0283871581	-0.0052770051	-0.013385963300000001	0.0026450534	0.0748363978	0.0125139154	0.022371224500000002	0.0247871671	0.1357172917	-0.0436506174	-0.022913270099999997	-0.0417356018	0.0973599261	-0.012977766200000001	-0.0520308432	0.0070113703	0.043370700899999996	0.026807231400000003	0.0012530097999999999	-0.0344900167	-0.042277597300000004	0.023135774300000002	0.0045003856	0.0187093914	-0.0893523851	-0.0794767299	-0.034979652400000005	0.0066160139	-0.0046324509000000005	-0.0213052712	0.0189324243	-0.0160781768	-0.0355384344	0.0376329143	0.0318467116	-0.0115995723	-0.0168455284	0.0299656306	-0.0093931626	0.0630815377	0.0098321413	0.0517517521	-0.0118366342	-0.0418299032	-0.0266575873	0.0233686412	-0.0121135687	-0.025891140400000002	-0.0563999253	-0.014192561499999999	-0.061802258799999996	0.0745222504	-0.0193952205	0.1038142409	0.018101828799999997	0.0013469347	-0.06392938349999999	-0.0163441584	0.10590253	-0.0769055456	-0.0747234176	-0.0126150971	-0.0750048704	-0.0291808013	0.08867811769999999	-0.0585021036	0.042678195700000005	0.0769549764	0.0915207249	0.17315152190000002	0.003250765	-0.0128223382	0.0590687372	0.1222679277	0.053026589900000004	0.04396991	-0.08878739220000001	-0.044470443600000006	-0.0034312358	0.09606679380000001	-0.044092204	-0.0884795671	0.017920714	-0.0242164019	-0.0314986482	-0.103415704	-0.0399567564	0.0314158145	-0.0016010332	-0.030714337999999997	0.0101117708	-0.027636811	0.0145869685	-0.0472843652	0.0178301102	-0.0234135665	0.0227781872	0.054303238600000005	0.045518727300000006	0.0695647296	0.0160356475	0.026361340299999998	0.0476462056	-0.0386874465	-0.0018645141	0.0037315056	-0.001347505	-0.0180736897	-0.059097621600000004	0.0377604955	-0.024300332999999997	0.0051606746	-0.0540563645	-0.059854070499999995	0.052716245300000006	-0.0616367747	0.0291067338	0.09469315880000001	-0.0032182139	-0.0315219808	-0.0615279891	0.0010181154	0.02258621	0.0591043655	-0.0193539346	0.0205391531	0.0026559534	0.039169912599999995	0.0667167054	0.0286785592	-0.0738638255	-0.0245887578	-0.0130168785	0.0394380436	0.1265073226	0.11716343189999999	-0.0165958675	0.0001406825	0.0448680254	-0.0175314595	0.0567146454	-0.012562204399999999	0.0096998376	-0.0839498792	0.0464018196	-0.0925986389	-0.1064683818	-0.046840368099999995	-0.0585099508	0.08667247759999999	0.11857861019999999	0.0326859148	-0.0762675296	-0.0835307668	0.011421700000000002	-0.006783300000000001	4.6013158890000015e-05	0.00013045523089000004	0.519886	-0.059883000000000026	0.003585973689000002	0.27028145299600004	0.481669	0.01548799999999989	0.232005025561	0.00023987814399999664	0.0188103	-0.00021050000000000238	0.00035382738608999995	4.4310250000000984e-08	-0.00142861	0.0003607299999999999	1.3012613289999991e-07	2.0409265321e-06	0.000122344	-5.4485999999999986e-05	2.968724195999999e-09	1.4968054336e-08	0.0	0.0	0.0	0.0	0.0	0.0	0.0	0.0	0.0	0.0	0.0	0.0	0.0	0.0	0.0	0.0	0.0	0.0	0.0	0.0	0.0	0.0	0.0	0.0	0.0	0.0	0.0	0.0	0.0	0.0	0.0	0.0
8145.6360984844605	-13.914122349076026	193.60280074505692	66351387.44893315	10307.006229928718	-7.036080341506022	106234377.4237894	49.5064265721275	6216.6441787281055	-4.359707091390192	19.007045922717925	38646664.84491404	6548.1685291044	10660.63515067864	0.7764439999999999	39.074768	0.057063199999999835	0.0295257	0.0402026473	0.0719509844	-0.004030079099999999	-0.014570732	-0.05459643559999999	0.007943073	-0.0117125101	0.0379680448	0.0810251387	0.0127720151	-0.0363544808	0.0548677816	0.0160427235	-0.0740582278	-0.0669810326	-0.0018118189	0.0139531742	0.009675667399999999	-0.0019141141	0.0826498744	0.0283481545	0.021368400200000002	-0.0167793144	0.0792468688	-0.0022212031	0.06551338849999999	0.0220251464	-0.015357905900000001	-0.0718496286	0.0354173641	-0.1041342045	0.0216023359	0.0488996237	0.021122918900000003	0.057469374800000014	0.0404879335	0.0850813401	0.022160758399999998	-0.023028445800000002	-0.027323876	0.10116139140000001	-0.0125314931	-0.0345757626	0.0349405679	0.054345615	0.0231801981	-0.022083656	0.0023492914	-0.0783923808	-0.020901383500000002	0.0417768331	0.0602787962	-4.1419e-05	0.0185017072	0.048601550800000004	0.1119476788	0.045844097	-0.0129892069	-0.051711714900000004	0.05684351150000001	0.0085967784	0.026695485699999997	0.0648600205	0.0173655704	-0.1079840624	0.0532013747	0.0019919007000000002	0.050242856600000003	-0.1094952934	0.026732525099999998	0.1215286018	0.0609453647	-0.1190263223	-0.012296012299999999	-0.0824828324	-0.032381396800000004	-0.0069988	-0.075297612	-0.0767100526	-0.0122314019	0.047801372300000006	-0.0243078001	-0.0761659608	-0.0349263598	-0.0328868027	-0.019261123600000003	0.0585790118	0.0336502043	0.0362541244	-0.1055544111	-0.025118840899999998	0.009932800799999999	0.0361937138	-0.014641516399999999	-0.0062491047999999995	0.0385954457	0.07996882599999999	0.0719544908	0.0560995265	0.0092287801	-0.0173281684	0.0095504377	-0.1058976759	0.021334224300000003	-0.0039648597	0.018892817	-0.0712514471	0.0369441857	-0.0177972991	0.0110435731	0.023492491299999998	-0.0216794926	-0.0221226602	-0.1041309352	-0.0402504196	0.022101487799999996	-0.017307491799999998	-0.0529439557	0.0048958666	-0.0416983843	0.021798337799999998	-0.023115617999999998	0.030945917599999997	-0.065126908	0.0223115743	-0.040404701099999996	-0.0244795452	-0.057885081	-0.000795511	0.006152052900000001	0.08188758900000001	0.0084553633	-0.033127995099999995	-0.0575490767	0.05313299639999999	-0.0227822561	0.0015802741	0.0391351239	-0.0427442209	0.0730798928	0.034343543	-0.0621871644	0.0787860128	-0.0629503013	0.0547327714	0.0744434674	0.1475958672	-0.031916841200000004	-0.0096051179	-0.0119600653	-0.0009928102	0.0271122139	0.0919556157	0.0171041634	0.0972391978	-0.0010098781	-0.0356862952	-0.0604445238	0.0423148504	-0.0189239366	-0.0962730416	0.06222469980000001	0.0238787663	-0.0047924569	0.031590777599999995	-0.0214249037	0.10087545279999999	-0.118496085	-0.055351518899999994	0.0530669029	-0.013166058500000001	-0.0212455673	-0.010886700400000001	-0.031498947299999996	0.0100128272	-0.0023232067	-0.0345020271	0.0586422345	0.0104350091	0.0312858913	-0.0780942437	-0.08111856860000001	0.0143809	0.0029591999999999986	8.756864639999991e-06	0.00020681028481	0.498458	-0.021427999999999947	0.00045915918399999775	0.248460377764	0.495519	0.013850000000000029	0.24553907936099997	0.00019182250000000082	0.018530200000000004	-0.00028009999999999494	0.00034336831204000016	7.845600999999716e-08	-0.00135909	6.952e-05	4.8330304e-09	1.8471256281e-06	0.000149244	2.6900000000000007e-05	7.236100000000003e-10	2.2273771536000002e-08	0.0	0.0	0.0	0.0	0.0	0.0	0.0	0.0	0.0	0.0	0.0	0.0	0.0	0.0	0.0	0.0	0.0	0.0	0.0	0.0	0.0	0.0	0.0	0.0	0.0	0.0	0.0	0.0	0.0	0.0	0.0	0.0
8149.910427221077	4.274328736616553	18.269886148666057	66421039.97172684	10306.948024433044	-0.05820549567397393	106233177.57836424	0.0033878797266529976	6219.468045894848	2.8238671667422746	7.974225775405043	38681782.77390708	6549.976404974294	10619.927427578361	0.7703649999999999	38.768806	0.058879949999999966	0.033912	0.0398405744	0.0660898384	-0.009909355	-0.010602784799999999	-0.0667406928	0.0066489577	-0.0058015028	0.0181209548	0.0771378171	0.0185089729	-0.04811567730000001	0.0593813495	-0.030911877200000007	-0.031901923799999996	-0.0215366068	0.031174692799999997	-0.0298843308	0.036667903700000004	0.0190765441	0.0052275757	-0.06742473360000001	0.011965658799999999	0.0033714676	-0.006636309399999999	-0.0408805499	0.0386907398	-0.0136562145	0.0767664443	-0.041289084	0.0678406896	-0.0818969168	0.037863085	-0.038677897999999995	-0.0177740376	0.0209192411	0.021295802000000003	0.11140234880000001	0.0021552492	-0.0088126257	-0.0343986685	0.1104718562	0.000762109	-0.0388114783	0.0105751515	0.0567225693	0.029378036	-0.0236561582	-0.0129283451	-0.098964872	-0.0359494732	-0.042724109100000005	0.0370477015	-0.0784954928	-0.0366097229	-0.0210029619	0.06116156740000001	-0.0216534538	-0.008279639699999999	-0.0169338832	0.0509990945	0.0250335166	0.04772207480000002	0.0842187708	0.0849712075	-0.0866250836	0.0519636463	0.0392880531	0.016772597	-0.013602128400000002	0.0115403958	0.1045998439	-0.030784195	0.0002607084	-0.0638120816	-0.015618538700000004	0.0293490465	-0.0328431167	-0.043354237999999996	0.05958206980000001	-0.041133314500000004	-0.11135057220000001	-0.0762160298	-0.0737458376	-0.051222494900000005	-0.0499481543	0.09549636619999999	0.0409510086	0.0502209862	0.0200594176	-0.0925830042	-0.0066311315	-0.08539513380000001	0.0488252595	-0.0708001119	-0.2119657282	-0.030306396099999997	0.0562722655	0.1012186305	-0.0211432537	-0.057404831600000004	0.0225318827	0.034934995499999996	-0.06546678339999999	0.0021697733	0.0771775087	0.11849773949999999	0.0678018956	0.0725859516	0.043179544699999996	-0.0535489116	0.0333980953	-0.012944248600000001	-0.020112341399999997	-0.1191746927	-0.0322984518	0.0178777125	-0.0061400453	-0.0453264554	0.0061975747	-0.0346654267	0.0017189910999999998	-0.0318637072	0.0877047115	-0.0263452404	0.0160692638	0.0352612899	0.018899155600000002	0.0786324387	0.033755767799999996	-0.021596727599999997	0.0689562157	0.0088643923	-0.065846124	-0.0094288838	0.0764419547	-0.0178744116	0.0186845679	-0.0170971598	-0.0228984724	0.0917654126	-0.0629363995	-0.0774078332	0.0106074954	-0.0740338575	0.061825342699999994	0.019934570500000002	0.074195201	0.0416562217	-0.09435402539999999	0.0399655674	0.044165045099999994	-0.08246169910000001	0.010182421700000001	-0.0164177823	-0.0064302155	0.0618892593	0.0136272675	-0.019827093	0.07220690839999999	0.09593619	-0.0994416256	0.0166965477	0.0307701792	0.0034268934000000004	0.1531316384	0.050490287800000005	0.057817667999999996	-0.0729632325	0.059332070999999986	-0.06433801	-0.0120860174	0.024358079300000002	0.0151547859	-0.010737676100000001	-0.0309577321	-0.0673108517	-0.1214377934	0.0397505225	-0.0202228434	0.029878730899999997	-0.0798497022	-0.0785398523	0.015598	0.0012170999999999987	1.481332409999997e-06	0.000243297604	0.469233	-0.029225	0.0008541006250000001	0.220179608289	0.500329	0.0048100000000000365	0.25032910824099996	2.313610000000035e-05	0.0187741	0.00024389999999999482	0.00035246683081	5.9487209999997475e-08	-0.00135875	3.400000000001492e-07	1.1560000000010146e-13	1.8462015625e-06	0.000377561	0.00022831700000000002	5.212865248899999e-08	1.42552308721e-07	0.0	0.0	0.0	0.0	0.0	0.0	0.0	0.0	0.0	0.0	0.0	0.0	0.0	0.0	0.0	0.0	0.0	0.0	0.0	0.0	0.0	0.0	0.0	0.0	0.0	0.0	0.0	0.0	0.0	0.0	0.0	0.0
8149.649332928931	-0.2610942921464812	0.06817022939147206	66416784.24970897	10284.697974154324	-22.250050278720664	105775012.41957404	495.06473740559755	6221.907802197528	2.439756302680508	5.952410816469259	38712136.69904648	6549.415501909405	10619.21273395323	0.781862	39.347389	0.0812599500000002	0.0503476	0.0353403775	0.0758228276	-0.0159758462	-0.0107643495	-0.055073778600000005	0.011088319199999998	-0.0367102584	0.0269246346	0.058528724800000015	0.023160725099999998	-0.0574699551	0.0788204436	0.009407426	-0.0435064198	-0.0397179744	0.0008609555	0.044659741600000004	0.0340466021	0.0732312544	0.1212989033	-0.0143934282	0.0873387555	-0.06016449650000001	-0.0321220672	-0.0216096656	0.028547706200000002	-0.0448516487	0.0027383490999999998	-0.08007361610000001	0.0394619074	-0.0776225896	0.0331418208	0.06306505	-0.008427816999999999	0.032553130699999995	0.0978989048	0.027421103	0.1372139966	-0.006486790300000001	-0.031535950099999994	0.1063929409	0.010848986100000001	-0.0331703203	0.0243463201	0.052632023300000004	-0.0076809085	-0.0247723137	0.021070992900000002	-0.0879532174	-0.0349962032	0.061387537400000004	0.09745881140000001	-0.050369917300000004	-0.0192231046	-0.039000662799999995	0.0441577469	-0.11660004619999999	0.0045129133	0.011209715700000001	-0.07369860889999999	-0.0576077427	0.0002360892	0.0896107956	-0.050974911	-0.030838791400000006	0.0101864136	0.070403002	0.09836252050000001	-0.0648034488	-0.0625197933	0.0571632455	0.0214113018	-0.048360011200000004	-0.0124192112	-0.0144749953	-0.022749699300000002	0.015978396000000002	0.0734526519	0.061835957000000004	-0.019197121	-0.0069378323	0.0123751448	-0.042061370599999995	0.043754605599999996	-0.0197351648	-0.0492486455	-0.0819924001	-0.019146614699999998	0.0260313021	0.0544630082	-0.0282564112	0.0089303368	0.024729227799999996	0.0181848132	0.06835862599999999	0.0277621548	0.09025387289999999	0.0253002591	0.0561724775	0.0587436343	0.0940714934	-0.09400851939999999	-0.1071964104	-0.0881512744	0.0312028146	-0.047248040199999994	0.039697500499999996	0.058595624699999994	0.0126812385	-0.0399960852	-0.0314517026	-0.0077806918000000004	-0.026373897900000002	-0.11403047890000001	-0.023612098999999998	0.0193144454	-0.0156373419	-0.049524942300000006	-0.0061912163	-0.0037089436	-0.0162595728	-0.0012171003	0.069246166	-0.1007832811	-0.0203885621	-0.0544728034	0.0172143924	0.0206539731	-0.037951972599999995	-0.0231499667	0.0444277876	-0.0807428783	0.0867330766	-0.0410887214	0.0661569521	-0.0239750761	-0.0754244108	0.0565036961	-0.022510243500000002	0.049266159299999994	-0.0830579217	-0.0202999621	0.0873929606	-0.0518252512	0.0152848762	-0.0008984069999999998	0.08496739199999999	0.017612717	0.0261140498	-0.0214883914	-0.0006230926	0.0076677152	0.010196771700000001	-0.0150259099	0.0517535789	0.067861582	0.0047318292	-0.035911858399999996	0.0523353395	0.043924779500000004	0.056040377999999995	0.0709679583	-0.0121134532	-0.0263827604	-0.0708989526	-0.014070921100000001	-0.0147327459	0.0449423364	-0.1260928677	0.0526239631	0.0317979739	0.0494251869	-0.031439005	-0.08881158369999999	-0.0727970325	0.0427524567	-0.0284280019	-0.047255737699999995	-0.0052815601	0.0284647545	-0.08153230339999999	-0.0757999113	0.0196218	0.004023799999999999	1.6190966439999994e-05	0.00038501503524	0.464452	-0.00478099999999998	2.285796099999981e-05	0.215715660304	0.477408	-0.022921000000000025	0.227918398464	0.0005253722410000012	0.0196674	0.0008933000000000031	0.0003868066227600001	7.979848900000057e-07	-0.00143877	-8.002000000000009e-05	6.4032004000000146e-09	2.0700591129000003e-06	0.00036019800000000005	-1.7362999999999952e-05	3.014737689999983e-10	1.2974259920400002e-07	0.0	0.0	0.0	0.0	0.0	0.0	0.0	0.0	0.0	0.0	0.0	0.0	0.0	0.0	0.0	0.0	0.0	0.0	0.0	0.0	0.0	0.0	0.0	0.0	0.0	0.0	0.0	0.0	0.0	0.0	0.0	0.0
8159.981829031852	10.33249610292114	106.76047571688056	66585303.45013001	10294.851266599911	10.153292445587796	105983962.6014138	103.08934748563021	6227.492893151896	5.585090954367843	31.1932409685615	38781667.73425738	6556.391626355121	10675.069892279836	0.769927	38.746792	0.06875220000000011	0.0367856	0.0309651217	0.080241219	-0.012384012600000001	-0.0071866291	-0.05617443849999999	0.010009668900000001	-0.0146121205	0.0322471707	0.0765235221	0.030602320899999997	-0.0231713307	0.0508729365	-0.0165385023	-0.06989809179999999	-0.026814023	0.016285613799999998	-0.001694046	-0.0299929917	0.0074836388	0.1257623274	-0.0349062417	-0.0081953289	-0.023821781	-0.0359645721	0.0261304122	-0.007043181	-0.026596847799999997	-0.00020171580000000002	-0.0043051435	0.0325711173	-0.1018115985	0.0807702519	0.0921916511	0.0069852087	-0.0622650642	-0.0054188443000000005	0.0205742457	0.0982783723	0.0013819923000000002	-0.0287476505	0.1018365013	0.0086684176	-0.038342805699999996	0.0124199697	0.049400508899999994	0.034698591800000005	-0.013307534499999999	0.0378745951	-0.1048405958	0.0124226463	0.0503385516	0.0614456233	-0.0384400653	-0.0466326045	0.0045750423	0.0138029865	-0.018179878	-0.0218487133	-0.0105772606	0.0585548917	0.0508071747	0.027373549599999998	0.0423700077	-0.0316475507	0.0268690879	-0.0341131419	0.1372514081	0.044906986100000004	-0.021772699	0.0719399085	0.1228241604	0.0465984761	-0.0867928724	0.0166832621	0.0174151407	0.0608694912	0.0567736007	-0.0807188004	0.0153677355	-0.02858819	-0.0687396358	0.0425430154	0.013043569599999999	-0.0136239977	0.0347736533	0.0087243114	0.0165000347	-0.0238375995	0.0161711818	-0.0186414721	-0.031231519	-0.020991027599999997	0.0365218546	0.0200524382	0.0259344297	-0.0049308051	-0.0317926092	-0.023240413300000002	-0.06880001200000001	0.0352249343	0.09441827550000001	-0.0187668279	-0.0096854526	-0.0380616433	0.12161171400000001	-0.0116306883	-0.0786224158	0.041961870899999996	-0.1449304068	-0.0762445785	0.048583400199999995	-0.0053112164	-0.0151191901	-0.1145271721	-0.0234457173	0.016113053999999998	-0.0118916063	-0.0455931043	-0.0104678408	-0.0021811293	-0.0010329621000000002	-0.0459854436	0.0644430424	-0.070143858	0.0250786156	-0.0113697673	0.0137709371	0.0032085310999999997	-0.021526427200000003	0.0143980599	0.0325486264	0.0331975078	-0.0763694155	-0.0080791213	0.0557991808	0.028845884300000006	-0.0162055226	0.09028406679999999	0.0895667649	0.043269147	-0.1086640021	-0.1050159533	0.0727117657	-0.0163594117	0.0664238317	-0.011375596699999999	0.043285444400000005	0.0361943009	-0.0140316768	-0.0266423475	-0.0478730709	0.011796566999999999	0.0780727075	0.0175363151	0.0916589274	0.094763598	-0.0050989593	-0.07854212299999999	-0.042410235899999996	-0.0267932918	-0.0171280714	0.029316427000000006	0.014356919099999999	-0.0310572827	0.0494863295	-0.0128659675	-0.0072709664	0.0249321907	0.033251752	-0.0061145163	-0.0387469539	-0.0078078891000000015	0.0312107816	-0.052277258300000004	0.0022204015	-0.0023389560999999997	0.0062313864	0.044769711399999995	-0.0627670997	0.0270442847	-0.083140512	-0.0729043701	0.0185136	-0.0011082000000000002	1.2281072400000004e-06	0.00034275338495999986	0.442716	-0.021736000000000037	0.00047245369600000157	0.19599745665600002	0.503544	0.026135999999999996	0.253556559936	0.0006830904959999997	0.0194266	-0.0002408000000000028	0.00037739278756	5.798464000000136e-08	-0.00143733	1.4400000000001215e-06	2.07360000000035e-12	2.0659175289e-06	0.000206998	-0.00015320000000000004	2.347024000000002e-08	4.2848172004000003e-08	0.0	0.0	0.0	0.0	0.0	0.0	0.0	0.0	0.0	0.0	0.0	0.0	0.0	0.0	0.0	0.0	0.0	0.0	0.0	0.0	0.0	0.0	0.0	0.0	0.0	0.0	0.0	0.0	0.0	0.0	0.0	0.0
8166.779393011229	6.797563979377627	46.20687605373222	66696285.65411286	10303.331001908315	8.479735308403177	106158629.734885	71.90591090057954	6240.914813273932	13.421920122035774	180.14793976230874	38949017.706542	6568.4764172540135	10716.385148431433	0.780563	39.282047	0.04956144999999993	0.0247035	0.0227444242	0.0830810727	-0.0048884919	-0.0023814179	-0.038709278300000004	-0.0043452715	-0.0282235061	0.0285431342	0.0646822075	0.0377054724	-0.0447473052	0.0457576161	-0.0216016115	-0.0186422537	-0.039017359700000004	-0.0131736676	0.0072691788	0.0219863996	-0.0057057542000000004	0.012881157800000001	-0.0601798577	0.061321190899999996	-0.0556500248	-0.0263567891	-0.0280492969	0.055627797400000005	0.0206726889	0.0959148844	-0.0663992121	-0.048011951100000005	-0.07851801679999999	0.0441714383	0.025147368700000002	-0.10806213099999999	0.0561769127	-0.0023993347	0.0685217177	-0.0500575933	0.017665324399999998	-0.027084645600000002	0.1100338463	0.0196107767	-0.0485395699	0.0015363954	-0.0071043381000000004	0.0352389275	-0.0211917987	0.0007772238	-0.07059459480000001	0.003915208	0.0352709896	0.0742213811	-0.0100580498	-0.08739252859999999	-0.06072530280000001	0.0104192581	-0.014001786899999999	0.0304926535	-0.0458816515	0.0334067209	-0.0228277775	-0.1526988098	0.014978813999999997	-0.0295947559	0.0042502792	0.0682455929	0.040678922	0.0244636014	-0.0201626713	0.0156815337	0.0130964175	-0.00643637	-0.0955474416	-0.1257209111	-0.1025427215	0.0324623956	0.079081413	0.0186655073	-0.0179838028	0.0243758393	0.0685490793	0.0423951071	-0.10392948880000001	0.1182030518	0.1527541834	0.05958049660000001	-0.016830553999999998	-0.0031436903000000003	0.009652069899999999	-0.0119256225	-0.0381823037	-0.0030588140000000004	-0.021243551800000003	-0.006900723399999999	0.0001414262	0.0378406279	-0.007173946800000002	-0.0192908772	-0.0724885413	0.0416579685	-0.0724053883	-0.06684488570000001	-0.08512825199999999	0.0009469545	-0.0278517814	0.1155584386	-0.0611366218	0.023767825899999998	0.0648801445	0.0013302582999999998	0.0977733808	0.013309115500000001	-0.015809305200000002	-0.12516810890000002	-0.0217398509	0.0166432429	-0.004706427	0.0059948793	-0.00013199200000000002	-0.0071491396999999995	0.0084161941	-0.0354264149	0.033374403399999995	-0.0710409417	0.015229118100000001	-0.042193887699999995	0.0139890858	0.0981980664	-0.0246584007	-0.010634436200000002	0.0083318366	-0.0119688644	0.0175438548	-0.041746108999999997	0.0372515475	-0.10822782730000001	-0.0669034472	0.1259651916	0.010760326499999999	-0.029696255	-0.0677469754	-0.0887941486	-0.0826109926	-0.0204469384	-0.0039809347	0.0646684899	0.0218758921	-0.0217904971	0.042261954500000004	-0.0506424858	0.1367770053	0.0097099227	-0.0454228698	-0.0311649594	0.1198703082	-0.051553069400000005	-0.005403804599999999	-0.09510053689999999	0.023723763	0.023271934900000003	-0.0605387835	0.0867902765	-0.0114489503	0.0033266207	0.0092455463	0.0501337385	-0.0068664268	0.021104565099999997	-0.035191077700000004	0.0547721256	0.0142776935	0.1005474961	-0.0136770127	0.1161461783	0.0592051015	-0.042668015700000006	-0.036537357400000005	-0.036035797599999995	-0.0052454458	0.0256176456	-0.08467286060000001	-0.06985917280000001	0.0134608	-0.005052799999999998	2.553078783999998e-05	0.00018119313663999997	0.434876	-0.007839999999999958	6.146559999999936e-05	0.18911713537600006	0.484468	-0.019075999999999985	0.234709243024	0.0003638937759999993	0.019315400000000003	-0.00011119999999999532	0.00037308467716000015	1.236543999999896e-08	-0.0012304900000000005	0.00020683999999999937	4.278278559999974e-08	1.5141056401000013e-06	0.000240811	3.3813e-05	1.1433189689999995e-09	5.798993772099999e-08	0.0	0.0	0.0	0.0	0.0	0.0	0.0	0.0	0.0	0.0	0.0	0.0	0.0	0.0	0.0	0.0	0.0	0.0	0.0	0.0	0.0	0.0	0.0	0.0	0.0	0.0	0.0	0.0	0.0	0.0	0.0	0.0
8152.006230351299	-14.773162659930675	218.24633497677	66455205.57968639	10299.260119048471	-4.070882859843549	106074758.99982232	16.572087258568004	6235.751759259571	-5.1630540143605685	26.657126755204786	38884600.00310884	6566.374192499801	10722.221481596704	0.7914959999999999	39.832253	0.06138765000000013	0.0294488	0.0235388638	0.0880446523	-0.0024327442	-0.0148907259	-0.0397138492	-0.0013949113	-0.0406665955	0.0441536517	0.0755610534	0.0282314313	-0.0479125695	0.0453775136	-0.0331579938	-0.0319558796	-0.0371361802	-0.038159781000000004	0.0550686603	0.0410125342	0.0082462943	0.1119522884	-0.037290719900000005	-0.0405261992	0.0351537241	-0.0411919033	0.041341702	-0.0072204196999999986	-0.0398701484	0.0906921198	-0.0348254773	0.0570925049	-0.049034170700000004	0.028214626899999998	0.0255497032	0.09472662890000001	-0.0621557916	-0.0630717412	0.0015485754	0.07353861490000001	0.011570189299999999	-0.036009547	0.09649816650000001	0.0197201191	-0.0478524204	-0.0286523411	-0.0105818105	0.0606593713	-0.0197512371	-0.000126845	-0.072969576	0.009238153	0.0803266811	0.0373100083	-0.047236836100000006	-0.043494411600000005	-0.0045890285999999995	0.0673006532	-0.0061322007	-0.0356898972	-0.0181939889	0.0550768747	0.0167997795	0.0021355976	0.0560424333	-0.0707840411	0.0675458966	0.0466022385	0.0633997909	-0.0373508319	-0.0186950811	0.06521166219999999	0.11581301570000001	0.0147314744	-0.038687742000000004	-0.0503376864	-0.011180331299999999	0.081707505	-0.0768861381	0.07390441910000001	-0.0094160831	0.010371093199999999	-0.07061788849999999	0.0355889912	-0.0024582892000000003	-0.0152172334	0.035440404	-0.0541971764	-0.007713244	0.0325358953	0.1077667383	0.07010782410000001	-0.0249321456	-0.0743694248	0.012394846599999999	0.049214645599999995	0.0152882359	0.030211025099999997	0.048090264199999996	-0.0913839434	0.0859916222	-0.11240721740000001	-0.0252899036	0.019575348700000002	0.04523128	-0.1219240983	0.0370564287	0.011859275	0.0820656282	0.007413969	-0.1403504489	0.0033755752	-0.026548069	0.0080466189	-0.0207532777	-0.1160645385	-0.023719079700000003	0.015599960800000003	0.0174101363	0.029938144	-0.0105443046	-0.009060464	0.0209842379	-0.0473404874	0.0165609557	-0.1031757001	0.0151696914	-0.0124714509	0.0156504167	0.0146877404	-0.012175896499999998	-0.0063990795999999996	0.0631886308	0.01847198	-0.06895184559999999	-0.010240085999999999	0.054891506	0.0223216448	-0.04537786480000002	0.0864619773	0.0847338777	0.0346837068	-0.0332118617	-0.0953208499	0.0068359371	-0.047324532	0.05814292860000001	-0.0090340504	0.10882233050000001	0.06049153769999999	-0.0598273224	-0.00936171	0.0003045688	-0.0217084565	-0.0150614849	-0.0585751183	0.037953908700000004	-0.0222224327	-0.0015086019000000001	0.0525361392	-0.0011376327	-0.0362595434	0.0847167133	0.055018146100000005	0.046138773	-0.10195776349999999	-0.0016951566	-0.0065806568	0.010450642	0.0784307046	0.0116770174	0.050476577300000006	-0.12035695490000001	0.0009812264	0.09742815490000001	-0.028983334700000002	0.0188910487	0.0215841302	0.0442551904	-0.1123181032	0.0927301824	0.0241851625	-0.08612795109999999	-0.06667057030000001	0.011473400000000002	-0.0019873999999999985	3.949758759999994e-06	0.00013163890756000005	0.457315	0.02243899999999993	0.000503508720999997	0.209137009225	0.476263	-0.00820500000000002	0.226826445169	6.73220250000003e-05	0.0195442	0.00022879999999999776	0.00038197575364000007	5.2349439999998963e-08	-0.00107945	0.00015104000000000048	2.2813081600000152e-08	1.1652123025e-06	4.5526e-05	-0.000195285	3.813623122499999e-08	2.072616676000001e-09	0.0	0.0	0.0	0.0	0.0	0.0	0.0	0.0	0.0	0.0	0.0	0.0	0.0	0.0	0.0	0.0	0.0	0.0	0.0	0.0	0.0	0.0	0.0	0.0	0.0	0.0	0.0	0.0	0.0	0.0	0.0	0.0
8172.1978391610655	20.19160880976688	407.70106632665534	66784817.52238879	10346.00777233694	46.74765328847025	107039876.8252564	2185.343087979023	6255.657794976733	19.90603571716201	396.25025797292983	39133254.44785316	6588.744967567707	10655.307750577918	1.058785	53.283638	0.30480556	0.18533	-0.018266865	0.06577633599999999	0.0334688055	-0.0167419132	-0.0796814844	-0.0628524759	0.0120704289	0.0678335494	0.019324742199999998	0.1080768748	0.0209591501	0.0564887522	-0.090125118	0.06415090009999999	-0.0517692421	-0.0420043226	0.0043600399	0.0048338622	0.0415410591	-0.0511717014	-0.0232049871	0.0807181722	-0.034963224	-0.060020582300000014	0.0298103712	0.08968049310000001	0.0298676282	0.0372739106	-0.0570075538	-0.0691388677	0.0569822679	-0.0062952947	-0.023654015499999997	-0.0174605557	-0.0254324853	-0.0085079534	0.0050611274	-0.10020349449999999	0.0577068226	0.0239076283	0.0789166982	0.06869125200000001	-0.0412976357	-0.0159575519	-0.0204443554	-0.0412163835	-0.0055218147	0.049024135	-0.0345114806	0.11654777460000001	-0.0029525359000000004	0.0698116387	-0.098002898	-0.0312502421	-0.0714009127	-0.0111592255	0.0434030988	-0.0279877899	-0.0368596438	-0.0360236973	-0.1342479092	-0.16208156699999998	-0.044151293099999996	0.028707175	0.08576786060000001	-0.025505167999999998	0.008867043	0.0074845822	-5.73905e-05	-0.016452486000000002	0.0018213736999999999	0.038145248199999995	0.0185313739	0.0301687306	0.1607452547	-0.0147786846	-0.0407429921	0.0500405619	-0.064822832	-0.09122336539999999	-0.00038225980000000003	-0.05461622730000002	0.0076229479000000004	0.12549861939999998	-0.0186175263	-0.0416038682	-0.005927581800000001	0.0125761362	0.1074825625	0.0108321999	-0.0390391057	-0.042798508	-0.0913621933	-0.018584615500000002	0.1686567596	0.12438333300000001	0.07431617389999999	-0.011304281299999998	0.08931731890000001	-0.014281043200000001	0.0094224702	0.1743300087	0.1004919294	0.0171502994	0.0900270518	-0.1175866259	-0.0219401321	0.05335064690000002	-0.1008542985	-0.0030433984000000002	-0.0541212589	0.0505510197	0.0326262026	-0.1132084931	0.041096895099999996	0.0052685513	0.0233216981	-0.007873031800000001	0.0691706143	0.0809311253	0.0389707398	-0.0681928036	-0.0020830769	-0.0130725087	-0.0452370175	0.0516774768	0.0724795893	0.0388503459	-0.11649379550000001	0.057160208899999995	0.015017929099999999	-0.0378889556	0.0176591099	-0.0067895640000000005	-0.059022075099999995	-0.0823273028	0.0090123301	0.1425293384	-0.0165187702	-0.1173135308	0.0059799229	0.011599842800000001	-0.0030288889000000003	0.0406887411	-0.010393975500000001	-0.0083855817	0.0042142869	0.0579402006	-0.005627181	-0.1253636635	-0.016409058799999997	0.029374307000000002	-0.0093162754	0.0140834932	-0.15544573539999998	1.68197e-05	0.0524182949	-0.0053094909	0.0571404541	0.0213113173	0.10068766359999999	-0.0004419495	0.0368217912	-0.07225896009999999	-0.0515466883	-0.1302162634	0.008554254300000001	0.073409163	-0.05679038240000001	0.1669329385	-0.0746669135	-0.0903371872	0.0025735682	-0.0709883211	-0.0447614893	0.1163660236	0.0951446689	0.1480946436	0.1026468658	0.0227471623	-0.0875044557	-0.06334510809999999	0.0123369	0.0008634999999999981	7.456322499999966e-07	0.00015219910160999998	0.305333	-0.151982	0.023098528324	0.09322824088899996	0.426681	-0.04958199999999996	0.182056675761	0.002458374723999996	0.017817799999999998	-0.001726400000000003	0.00031747399683999995	2.98045696000001e-06	-0.0008414759999999999	0.00023797400000000014	5.663162467600008e-08	7.080818585759999e-07	-3.76612e-05	-8.318719999999999e-05	6.920110243840001e-09	1.4183659854399998e-09	0.0	0.0	0.0	0.0	0.0	0.0	0.0	0.0	0.0	0.0	0.0	0.0	0.0	0.0	0.0	0.0	0.0	0.0	0.0	0.0	0.0	0.0	0.0	0.0	0.0	0.0	0.0	0.0	0.0	0.0	0.0	0.0
8186.841340604432	14.643501443366404	214.43213452187402	67024371.13622978	10242.446063140458	-103.5617091964832	104907701.35634148	10725.027611696954	6234.718749309576	-20.939045667157192	438.44363345129415	38871717.88299237	6560.709564291128	10947.395704811246	1.433172	72.12472499999998	0.4527227949999999	0.313031	-0.0082972139	0.09276884279999999	0.0166061749	-0.0011039481	-0.021772254900000003	0.011524947800000001	-0.11229884609999999	0.0242266004	0.0459579422	-0.0653425583	-0.1326905874	-0.060295130999999995	0.0479904441	-0.0344489469	0.0465417149	0.0415040239	0.15404091179999999	0.040434222	0.0825675805	0.0049262075	0.13494500880000002	-0.027302182400000003	-0.1149232487	0.0586295292	-0.061438585199999986	0.2081351878	0.1347892744	-0.033774048	-0.0162298868	-0.2350541555	-0.030948466299999998	-0.0616692716	-0.12656457029999998	0.0282612542	0.004858771	0.17300205170000002	0.0157939896	-0.0619942868	-0.0015167984	-0.038163071	0.0444266924	-0.0560430633	-0.10376239400000001	0.0157812969	-0.0037708271999999997	0.040655649	0.06580496129999999	-0.0692293117	0.0209604638	-0.11290042199999999	0.0967439315	0.0579808643	-0.09397654820000001	0.1058214155	-0.0185496998	-0.1210924194	-0.0862087896	-0.0373144872	-0.08375639900000001	-0.0539479457	-0.1540803449	0.013574217900000001	-0.013945629	0.0762394812	-0.052531966299999996	-0.013414573400000001	-0.046408115800000004	-0.0798648569	-0.026282471600000003	0.0183440685	0.0522420329	0.0321870826	0.065861342	-0.0892146201	0.0582745307	0.11391475359999999	0.145705752	0.0033427679	0.0353382771	-0.013236213200000001	0.0865562677	-0.0209927404	0.0239480256	0.1047297414	0.1101851281	0.0670154655	-0.019260633	-0.0452101975	0.0672367319	0.0286687974	-0.0238000794	0.0497411766	0.0419045559	-0.1612443928	-0.0012503115	-0.0011221761	-0.051331521799999995	-0.0445600002	-0.0174959469	0.0369926416	0.0024746697	0.0348370522	-0.0738310248	-0.1638942283	0.031567925	-0.11466355140000001	-0.1064269506	-0.1404816809	0.1220431646	-0.0095551	-0.0794248734	0.012136180900000001	-0.047098958499999996	-0.0404278729	-0.0734896189	0.09156341539999999	-0.013553632099999999	0.0496948993	-0.0224865842	-0.11047854550000001	-0.07857861320000001	0.0551740264	-0.023913382900000002	-0.1363696489	-0.0773528204	-0.0358104409	0.1345638266	-0.0017571657999999998	-0.0256977688	-0.0554825697	0.017992129	-0.0545330641	0.1162868242	0.0349833909	-0.0885919082	-0.0387921308	0.099851434	0.0365348405	-0.0059498513000000005	-0.0303202863	0.1507361999	0.013901426599999999	0.0090613261	0.1946903988	0.0322343547	-0.0989493889	-0.0137162742	0.1572495869	0.0374558696	-0.0746224947	0.105913151	-0.0937029645	-0.0238421394	-0.057880296799999995	0.1123260087	0.1069231227	0.043924308499999995	-0.1496950874	0.1676445826	0.0416306031	-0.0118938821	0.033887461800000004	-0.018811433500000002	0.0173381253	-0.0526700665	0.0708844594	-0.0211935209	-0.021856358500000003	0.0384835377	0.0340015728	-0.071720422	0.0322504491	-0.09536435929999999	0.0108373055	-0.10457072220000001	-0.0789725825	0.10025583130000001	-0.0648674899	-0.0777324214	0.021303972999999997	-0.08880111859999999	-0.0598896127	0.0105894	-0.0017475000000000008	3.0537562500000028e-06	0.00011213539235999995	0.599897	0.29456400000000005	0.08676795009600002	0.35987641060900005	0.329725	-0.09695600000000004	0.108718575625	0.009400465936000009	0.0184487	0.0006309000000000003	0.00034035453168999993	3.980348100000002e-07	-0.00130622	-0.00046474400000000017	2.159869855360002e-07	1.7062106884000004e-06	5.58007e-05	9.34619e-05	8.735126751609998e-09	3.11371812049e-09	0.0	0.0	0.0	0.0	0.0	0.0	0.0	0.0	0.0	0.0	0.0	0.0	0.0	0.0	0.0	0.0	0.0	0.0	0.0	0.0	0.0	0.0	0.0	0.0	0.0	0.0	0.0	0.0	0.0	0.0	0.0	0.0
8202.499873741437	15.658533137005179	245.1896600026893	67281004.1787283	10333.305542627579	90.85947948712236	106777203.43729788	8255.445012670809	6233.825245854725	-0.8935034548512704	0.7983484238311561	38860577.19585572	6563.446515058494	10857.668535224997	1.34046	67.45899200000001	0.13924475999999994	0.11975400000000005	0.0172998027	0.0951489513	-0.0041512966	-0.0024919147	0.0037844921	-0.0170696998	-0.0044536022	0.042184898600000006	0.0965499427	0.0122856016	0.0029190572999999997	-0.027390935	-0.17647801230000001	-0.0401815457	0.031019781200000002	0.047888932599999996	0.1415571944	0.046107578899999994	-0.1308707505	-0.037929665	-0.1273844167	0.007556640600000002	-0.14535686679999998	0.2058798164	-0.011123423700000001	0.0592131796	0.015588716499999999	-0.0162858034	0.1354262474	-0.12390533029999999	0.2227271055	0.0336507391	-0.09413961130000001	0.1706516221	-0.09042323570000001	-0.0130617754	-0.1164550399	0.081874982	-0.0092373942	-0.0069909917	0.05719034	-0.0337800769	-0.047221941600000004	0.0301963324	0.0273106717	-0.0458356338	0.021192537200000004	0.0796311404	-0.0292428477	0.18085436230000002	-0.0005540205000000001	0.0423673579	-0.10546522	0.0083070698	0.0322851884	-0.0001606355	0.017313228	-0.1558075428	-0.11618527630000001	-0.0752106597	-0.073880444	0.0903556707	-0.0373544278	0.10220822710000001	0.0391173529	0.10061439529999999	-0.020387112	0.0638281835	0.1490110597	-0.0828750458	0.0820365917	-0.0650045878	0.0693391456	0.1209126099	0.0754627529	-0.0335939377	-0.0619972103	-0.042097517599999995	-0.025768882599999998	-0.0329661309	0.058892440199999986	-0.050618513	0.0699176055	-0.0690735851	0.0791512487	0.0201675879	-0.0004165691	-0.0454465338	-0.0764273253	-0.0299308344	0.0101960399	0.0550039625	-0.0429371546	-0.0012383191000000001	0.006378356700000001	0.0403127857	-0.0335126758	-0.0088221909	-0.1644748887	0.0730797307	-0.0046491123	-0.0925384175	0.0272497558	-0.0970840074	-0.0517700314	0.0247267629	0.0991826569	0.08904868640000001	0.0312010311	0.09128530050000001	-0.032188874	-0.0075702141	-0.007444924	-0.0641853508	-0.028905781499999998	0.06500910559999999	-0.0233230446	-0.0689355254	0.0610801179	0.0911502858	0.025259750499999997	-0.1032339209	-0.026686471	-0.010760694199999999	-0.046561797	0.09115633050000001	0.1442649493	-0.043736713600000005	-0.0697185044	0.0473660637	0.1172497323	0.037123893399999996	0.0325067315	0.042293583200000005	-0.106866365	0.024816771	0.10579653970000001	0.0005393958	-0.1053895541	-0.0921343609	0.1066948306	-0.0345110478	0.0371179366	-0.1745338555	-0.0124460953	-0.0393037878	-0.0197986315	0.1426574027	-0.0717515581	-0.023598806400000002	-0.1503431726	0.005114795399999999	0.06365391549999999	0.0623210909	-0.039367568	0.0023072746	0.0198009172	0.0232001158	-0.0806773884	0.053968339500000004	-0.0417803673	-0.013998341999999999	-0.059702975	0.09735724050000001	-0.028110272599999996	0.0265391731	0.0399158199	0.06450323320000001	0.025729657200000002	-0.058493481500000014	0.0269493814	0.0220618556	-0.0728943048	0.0733768239	-0.042202448	0.07661324929999999	-0.1233344253	-0.09844405640000001	-0.0848799816	0.019855923799999998	-0.0900167565	-0.0563111775	0.0132504	0.0026609999999999997	7.080921000000002e-06	0.00017557310015999994	0.592314	-0.007583000000000006	5.75018890000001e-05	0.350835874596	0.448978	0.119253	0.20158124448399997	0.014221278009	0.0184239	-2.4799999999998434e-05	0.00033944009120999994	6.150399999999222e-10	-0.0014548199999999995	-0.00014859999999999938	2.2081959999999814e-08	2.1165012323999984e-06	3.42455e-05	-2.1555199999999993e-05	4.6462664703999973e-10	1.1727542702500001e-09	0.0	0.0	0.0	0.0	0.0	0.0	0.0	0.0	0.0	0.0	0.0	0.0	0.0	0.0	0.0	0.0	0.0	0.0	0.0	0.0	0.0	0.0	0.0	0.0	0.0	0.0	0.0	0.0	0.0	0.0	0.0	0.0
8204.112924805531	1.6130510640941793	2.601933735375364	67307468.88296117	10294.907410358395	-38.398132269185226	105985118.5878522	1474.4165617618435	6225.263713147438	-8.56153270728737	73.2998422979514	38753908.29823022	6550.46945606934	10963.32500039874	1.2253459999999998	61.665833	0.379411675	0.210668	0.0522814997	0.114664838	-0.0434590464	0.0209239574	0.0673853811	0.0334356696	-0.0291105314	0.015054688799999999	0.1219040736	-0.07329586860000001	-0.08497331359999999	-0.030770971499999997	-0.078626366	0.0394333434	0.0983909714	0.11606824589999999	0.037606453399999996	0.04340438889999999	-0.1198575773	-0.044633945700000004	0.010495871200000001	0.0326064829	-0.1264344819	0.09210630789999999	0.0061194572	-0.0555481591	0.06845408089999999	0.00034379550000000005	-0.0803906237	-0.1219051402	0.0880676641	-0.0665762659	-0.0461630968	-0.05179959519999999	0.0757494463	0.0243512161	0.0537309789	0.0331720746	-0.0656812557	-0.037866578399999996	0.043344430700000006	-0.07508015929999999	-0.0570774335	-0.0060238196	-0.025770919399999998	-0.024646979500000003	0.049201604	0.0164954418	-0.031849489	-0.08761092529999999	-0.0075616137	0.0500814596	-0.052360727999999995	0.0784534624	-0.0106659628	-0.11483453619999999	-0.044501722300000005	-0.0134251116	0.0076046304	0.0676482929	-0.1458597857	0.0536282637	0.019689778300000002	0.09602014910000001	0.0063235416000000004	0.0472628941	-0.0423712192	-0.0886430927	-0.050222133200000005	-0.0142698483	-0.043497931	-0.0039698202	-0.0479110126	-0.015172446899999999	0.002555606	0.0379986693	-0.075135375	-0.10921265720000001	-0.049711075300000004	-0.072304381	-0.035193357	0.025070671800000003	0.0749714251	0.0004637521	-0.0499276851	-0.1033165756	-0.026920251800000003	0.0750494975	-0.0151705852	-0.029619512799999997	0.0809183388	-0.018930694799999998	-0.1297873423	0.0715546044	0.008379014	-0.0541498685	-0.09138144869999999	0.0139742767	0.0358268499	-0.0172812435	-0.0027048646999999998	-0.0711378349	0.0016242617000000001	-0.0134775822	-0.036550061	0.000109096	0.1222405216	-0.0783041325	-0.1004145815	0.1402672896	0.0035166706	-0.06163507610000001	-0.0514125973	-0.029350318700000006	-0.0880003229	0.0795852552	-0.0074298666000000005	0.030606377	0.0348405956	-0.0068157618	-0.0974879641	0.040298305699999995	0.077780158	-0.0143822274	-0.0289491046	-0.007722968599999999	0.08186119879999999	-0.0014531297	0.024698250699999997	-0.0493116496	-0.0524664348	-0.0275944241	0.056085568499999995	0.0900591534	-0.0658985667	-0.0571614375	0.11925418689999999	0.0987966051	0.0392012901	0.025061493100000002	0.1007203236	0.0310844896	0.0515032118	0.0113660528	-0.0109779873	0.0482962207	0.0416670987	-0.0203480914	-0.0078181389	0.0399670256	0.0596901674	0.013150881699999999	0.11681446570000001	0.0186485967	-0.126541075	-0.0137834565	-0.019665195400000002	0.09410499900000001	-0.072332495	0.0156138253	0.0183090089	-0.0368116342	-0.11596396460000001	-0.0530518027	0.0771145294	-0.11727612189999999	0.029098484100000002	0.0229259501	0.0556042994	-0.0226834474	0.0395724534	-0.0450165375	-0.1047001788	-0.013588751000000001	0.0455081152	-0.0088074116	0.07119946049999999	-0.0772958747	-0.0957308901	0.0184033451	-0.09115026039999999	-0.052617147999999996	0.025295	0.0120446	0.00014507238915999998	0.0006398370249999999	0.755143	0.162829	0.026513283241	0.570240950449	0.513911	0.06493300000000002	0.264104515921	0.0042162944890000035	0.0205358	0.0021119	0.00042171908164	4.4601216099999984e-06	-0.00175224	-0.0002974200000000005	8.845865640000029e-08	3.0703450176e-06	0.000417027	0.0003827815	1.4652167674224998e-07	1.73911518729e-07	0.0	0.0	0.0	0.0	0.0	0.0	0.0	0.0	0.0	0.0	0.0	0.0	0.0	0.0	0.0	0.0	0.0	0.0	0.0	0.0	0.0	0.0	0.0	0.0	0.0	0.0	0.0	0.0	0.0	0.0	0.0	0.0
8205.204962994756	1.0920381892246949	1.192547406725151	67325388.48475377	10300.270257780414	5.362847422018604	106095567.3833158	28.760132471851577	6217.087458734432	-8.176254413005154	66.85113622618626	38652176.46955296	6540.8815462214525	10971.8381531473	0.951283	47.873543	0.156368	0.0767618	0.0613245211	0.11189938349999999	-0.0725972558	0.0395474218	0.07924070150000001	0.0423766642	0.025912245499999997	-0.0175157627	0.1080097877	-0.047040483099999995	-0.0151481054	-0.0193808473	-0.1687188713	-0.0397988102	0.1000702443	0.0425213446	0.05014339599999999	0.059851481799999995	-0.0828089173	0.11925903410000001	0.0338359467	-0.0319678913	0.0044490977	0.0330971654	0.0087596246	-0.0752579771	-0.0343333072	-0.0261163557	-0.021510203399999997	0.032470846	0.1046403304	0.0800752979	-0.0026429002	-0.0002014559	-0.0295568343	-0.0335268248	0.0492234243	0.0417993452	-0.0844232675	-0.026591361299999998	0.0503742875	-0.08434392210000001	-0.032633778599999996	0.0343337671	-0.0055380767	-0.0966235114	0.0680455759	0.0623885254	-0.1188369326	0.0240568387	0.0327170493	0.043516696900000006	0.0147843363	0.0464627371	0.0375018391	-0.051958142400000004	-0.013964745800000001	-0.0560769117	-0.022117577000000003	0.0504157655	0.0282382142	0.0686754946	-0.0139881443	-0.0597091674	0.0558019301	-0.0135812604	-0.1393677922	0.0006896325999999999	-0.030097392999999997	-0.0157658736	-0.0335595499	0.0336761916	0.0062971738	0.0274599843	-0.0330719869	-0.0405924524	0.0673319988	0.0893732426	-0.0052802748	0.0315840788	0.059739027199999996	0.041931166	-0.0389862392	-0.056198088099999995	-0.004698065	-0.037538302200000005	-0.0692442697	-0.0168758964	3.57129e-05	-0.08466873230000001	0.0739048744	-0.011770752399999999	-0.1062544856	-0.0034468305	0.0776343038	-0.013378185700000001	0.077616307	-0.10456605960000001	-0.10143789339999999	-0.0418052405	-0.0681928543	-0.0721358038	0.1458781256	0.110082675	0.0632523154	0.022008974	-0.0134466841	-0.04875613559999999	0.0248776512	0.016254381499999998	0.029540592999999997	-0.0838744591	-0.0396947188	-0.022962704100000002	-0.0767924558	0.06641985730000001	-0.0343073596	-0.0384825887	0.0911052443	0.0984613253	-0.07793998440000001	-0.0493890097	0.0520945747	-0.0560729818	0.0190422287	-0.06023035030000001	0.0467013597	-0.09087602939999999	0.0140570424	-0.066763722	0.007216366	0.0241398687	-0.019922737	0.0635579506	-0.027185601299999997	0.0514279576	-0.0053542581	-0.0763672891	0.000917162	-0.0109037212	0.0897871351	0.0431923311	-0.0139032402	-0.0180347493	-0.0767954524	0.0133732291	0.0339820228	-0.1147868105	0.07905180839999999	-0.0145879293	-0.0379181496	-0.0140222878	0.051107998200000004	-0.0013218859	0.0139131136	-0.1125352849	-0.043864122400000004	0.0536946922	-0.0723891676	-0.059445548200000004	-0.06333821419999999	0.0410389306	0.077867054	0.026686078	0.022766479500000002	0.005668845	-0.0710100462	0.0037565739000000003	0.006674438	-0.0166053107	0.0051647372	0.09346718429999999	-0.050804799000000005	0.0562646269	-0.0302527691	0.0823557578	0.0412225132	-0.14104645	0.0393093998	0.0169465682	-0.092200596	-0.0488151074	0.045079900000000006	0.019784900000000008	0.0003914422680100003	0.0020321973840100004	0.7938109999999999	0.038667999999999925	0.0014952142239999945	0.6301359037209999	0.56988	0.05596900000000005	0.3247632144000001	0.003132528961000005	0.0207253	0.00018949999999999867	0.00042953806009	3.5910249999999506e-08	-0.00122095	0.00053129	2.822690641e-07	1.4907189025e-06	0.000535159	0.000118132	1.3955169424000005e-08	2.8639515528100003e-07	0.0	0.0	0.0	0.0	0.0	0.0	0.0	0.0	0.0	0.0	0.0	0.0	0.0	0.0	0.0	0.0	0.0	0.0	0.0	0.0	0.0	0.0	0.0	0.0	0.0	0.0	0.0	0.0	0.0	0.0	0.0	0.0
8217.612608397141	12.407645402385242	153.94966443133163	67529156.98168766	10344.496548713436	44.226290933022035	107008608.8463442	1955.9648096923065	6232.147427959673	15.059969225240819	226.80267306520057	38839661.56382437	6558.488991919796	10970.315510474897	1.3855959999999998	69.730469	0.76435835	0.501898	0.0088374379	0.0491541261	0.0070758848	0.08874307570000001	0.0206761728	-0.0146861625	0.060669065999999994	-0.0065253277	0.0223230101	0.12844634289999998	-0.0092224491	0.0462650286	-0.1573418284	-0.0650787601	0.0867707678	-0.0044847815999999995	-0.05918332780000001	-0.0263872211	0.0246727396	0.0498279495	-0.0381272609	0.0031981411	-0.0790848698	0.1430422168	0.0464243485	-0.0400995049	-0.0589622743	0.0240951807	-0.0172179224	-0.033149035699999996	0.09017422539999999	-0.0381028286	-0.050034592999999995	0.0357269572	-0.1385056913	-0.10246222630000001	-0.098337353	-0.0670001253	0.0084328173	0.0479681114	0.0622050401	0.0525295382	0.0375602354	0.091405141	0.0316850947	-0.0825578196	0.0795671929	0.1253513549	-0.0851888535	0.11970392199999999	0.0452462188	0.1029691031	-0.023496076600000002	-0.0313178798	0.0336488509	-0.0554435946	0.1129642857	-0.0565218613	0.0478187909	-0.1615013318	-0.0118483849	0.0302232478	-0.0615803932	-0.0085663976	-0.0054987534	0.0508575465	0.044078974400000005	0.05477050309999999	0.0175512908	-0.0770282736	-0.1036139951	0.032254830400000004	-0.0552680355	0.071773743	-0.031340748	-0.015160148	0.09115164099999999	-0.089905438	-0.054831968200000004	0.0112872327	-0.0352822233	-0.20111236489999998	0.09488920320000001	0.06176418860000001	-0.0020772883999999998	0.053192061500000005	0.13019017830000001	-0.0011201791	-0.0484523226	0.0116397094	0.0410354831	-0.106187214	0.052293724699999995	0.1687921033	0.0476278327	-0.0735271778	-0.0357864098	-0.0514493626	-0.1278455915	-0.0640324786	-0.0308159718	0.0674733087	-0.07072146230000001	0.025949752799999996	0.0478261875	-0.1220824855	0.08990111710000001	0.040432331099999996	0.0609791966	0.038463198	-0.1036438756	-0.015451747	0.0412603844	-0.0720482104	0.0628480688	-0.0171388869	-0.0677195925	-0.0992934744	0.0619554067	0.1346462523	-0.08182608820000001	-0.0962071695	0.0420394007	0.010113532199999999	0.0017428561	-0.009609304499999999	0.08897631310000001	-0.08987420199999999	-0.1007132177	0.1597257209	-0.014921916	-0.0521836533	-0.007027178	-0.0013974511	-0.12946965859999998	0.0196792275	0.0333149866	-0.0430189433	-0.015130553100000001	-0.045267576500000004	-0.0317625401	-0.037804562400000005	0.0112190373	-0.06299327910000001	-0.10618655070000001	-0.1041859473	-0.0183906404	-0.1070626975	0.015067603899999999	0.0881127175	-0.0447845082	-0.0219856593	0.074139132	0.0495064361	0.0358628905	-0.055750678	0.1956578702	-0.09448887689999999	-0.09433149730000001	0.0367495677	0.09887573470000001	-0.0488608305	-0.0250617969	-0.046875462199999995	-0.0052791093	-0.1323178084	0.058576267599999995	-0.0178112325	0.0158582404	-0.0510768956	0.061933999	0.0668705801	0.0334067766	0.14484373550000001	-0.0017552132000000001	-0.0874170823	0.07336681490000001	0.1126504651	-0.043097508	0.015485925400000001	-0.0931668048	-0.0449128604	0.054800199999999986	0.009720299999999987	9.448423208999975e-05	0.0030030619200399986	0.344109	-0.449702	0.20223188880399995	0.118411003881	0.6095	0.03961999999999999	0.3714902500000001	0.0015697443999999991	0.0166293	-0.004095999999999999	0.00027653361849	1.6777215999999993e-05	-0.00177429	-0.00055334	3.0618515560000004e-07	3.1481050041e-06	0.00119214	0.0006569810000000001	4.3162403436099995e-07	1.4211977796e-06	0.0	0.0	0.0	0.0	0.0	0.0	0.0	0.0	0.0	0.0	0.0	0.0	1.0	0.0	0.0	0.0	0.0	0.0	0.0	0.0	0.0	0.0	0.0	0.0	0.0	0.0	0.0	0.0	0.0	0.0	0.0	0.0
8219.286600876218	1.6739924790763323	2.8022508200041254	67556672.22734332	10300.833997253205	-43.662551460231036	106107181.03896745	1906.4184000173238	6224.783860393639	-7.363567566034362	54.22212729955322	38747934.108617134	6550.430980136836	11119.017055844795	1.360842	68.484749	0.4455833000000001	0.29932	0.0546320042	0.0742368989	-0.0372406202	0.10014744800000001	0.0625213843	0.044512475	0.0252443675	-0.0294519496	0.059681932	-0.0430607196	-0.09262677119999999	0.0341496326	-0.019734482299999998	-0.00039316139999999997	0.10497881099999999	0.041424604	-0.0912996674	0.061242472699999995	0.0388629829	0.015118588600000003	0.07447590309999999	-0.0495720133	0.058786013899999996	0.0319471144	-0.11902480050000001	-0.08033865280000001	0.016753800200000002	0.170834255	-0.0048857669	0.0433608068	0.0339864576	0.0019660971	-0.0075780839	-0.0140523256	0.0017735588	-0.0039741435	-0.0065106241	-0.0121733673	-0.0626880299	-0.006738685899999999	0.029794914	-0.054497011799999995	0.00616198	0.0436166454	-0.0621480317	-0.0281175539	0.120248425	0.006460589599999999	-0.0391712202	-0.0768809276	-0.1048639714	0.10584165109999999	-0.0092726873	-0.0562087097	0.07132699769999999	-0.1243706489	-0.0105537193	0.0707856628	0.0346546421	0.0016206418	0.0290562598	0.09000151630000001	0.0841272734	0.06769292269999999	-0.0933709167	0.019399086399999998	-0.0523396171	0.0240109554	-0.0739251572	0.1248360615	-0.0647597097	-0.0394984463	0.1517609324	-0.0094921369	-0.0657549102	-0.0625079524	0.0075657072	-0.0075847386	-0.0233226892	0.0331093561	-0.0255148681	-0.0995134541	-0.046304615	-0.0484411227	0.0385498689	0.0040380493	-0.0709668138	-0.0532260433	-0.003571307800000001	0.1347529838	0.0606138667	-0.0551691431	0.11229545310000001	-0.0673650211	-0.003544549699999999	0.033082933599999996	-0.0863093263	-0.1047945831	-0.021004048799999998	0.0611207358	-0.0208132363	-0.0460815591	0.0620514349	0.0219655821	-0.0338862247	-0.10299453759999999	-0.0115295125	0.0017104402	-0.0651308006	0.0129565761	0.0591083161	-0.0704503735	-0.0151292719	-0.0117487757	-0.0508962297	0.011553564399999999	-0.046358286799999995	0.0315727546	0.0456523093	-0.0048411069	-0.1463240542	-0.0317650653	0.0904039344	0.0903376249	0.0204934834	-0.0864186503	0.09944648460000001	0.0412886363	0.11430035890000001	0.014301701699999999	-0.0693263449	0.0235146555	0.0042738699	-0.0050274514	-0.0304268496	-0.043081077	-0.0396654932	-0.12496649539999999	0.0011350703999999999	0.1411602609	0.0597787049	0.1385071052	0.0264701222	-0.00582052	0.015485338999999999	0.0344617728	0.00632974	-0.023510496000000002	-0.0806829086	0.050937255199999996	-0.016387433899999998	-0.022571556800000003	-0.043145025700000006	0.062271242699999986	-0.021295559300000003	-0.0377489184	0.0409981298	-0.1168924524	0.1021510464	-0.0173477417	-0.0005275651000000001	0.0243308827	-0.033684673	0.0570958853	-0.0313748474	-0.006953867900000001	-0.1115424074	0.0035216962	0.0646953665	-0.12032805	0.0641049088	0.0479125417	0.032419919	-0.0423926205	0.1072356627	-0.0065430688	0.1032399877	-0.031092011	0.0338348991	0.01402175	-0.0940480054	-0.0409184175	0.0663795	0.011579299999999999	0.00013408018849000002	0.004406238020249999	0.629246	0.285137	0.08130310876899999	0.395950528516	0.67496	0.06545999999999996	0.45557100159999997	0.004285011599999995	0.0175959	0.0009666000000000016	0.0003096156968100001	9.343155600000029e-07	-0.0013702	0.00040409	1.6328872809999996e-07	1.8774480400000002e-06	0.00148959	0.00029745000000000016	8.847650250000008e-08	2.2188783681e-06	0.0	0.0	0.0	0.0	0.0	0.0	0.0	0.0	0.0	0.0	0.0	0.0	0.0	0.0	0.0	0.0	0.0	0.0	0.0	0.0	0.0	0.0	0.0	0.0	0.0	0.0	0.0	0.0	0.0	0.0	0.0	0.0
8222.478108194919	3.191507318701042	10.185718965322318	67609146.23974471	10285.799154080112	-15.034843173092668	105797664.23807517	226.0465092394912	6227.62337520554	2.8395148119006985	8.062844367003462	38783292.90340643	6550.0852239394735	11116.87220055082	0.928524	46.728214	0.2124788	0.101761	0.0616232172	0.08948024660000001	-0.0766042587	0.10494831439999999	0.0795482866	0.0776928348	0.0376387334	-0.0403702952	0.027721987599999998	-0.0364415107	-0.0263290912	0.0727901327	-0.0754358399	0.0568087165	0.049040904100000005	0.0083770487	-0.0862683543	0.0039313037	-0.0450308355	0.058335105899999996	0.1461522358	0.071086044	-0.050623570199999995	-0.0252527243	-0.11556678210000006	-0.0483835097	0.0193945828	0.053265190700000006	0.0040235131	-0.0354623035	0.057225858	-0.04024138	0.0170166101	-0.0658909506	-0.0228996487	-0.0722897175	-0.0365284335	-0.0630387045	-0.0716012554	-0.047914558499999996	0.0498875096	-0.0528715726	0.013667416399999998	0.0017864196	-0.1172826954	-0.0127029738	0.08274544959999999	0.0197668108	-0.0847726974	0.0382381977	-0.0097721679	0.08425423050000001	0.140120591	0.027078203199999998	0.1002404142	-0.0211535528	-0.0340274996	0.0797776439	0.0525713647	0.000227232	-0.0241739817	0.0064620347	0.0031783537	0.0039995719	-0.0109433568	-0.026766282000000002	0.0110300953	-0.0597215913	-0.0092741845	-0.0124972059	-0.11200854630000001	-0.0487638244	0.0826382762	0.0152904349	0.007016699499999999	-0.0773915833	0.038910676400000004	-0.0303991803	0.0391390471	0.046769447400000004	0.0330044106	0.011050417	-0.012000414899999999	-0.0075690727	-0.024539134	0.0723146693	-0.0518425846	0.0016373741	-0.0562612533	0.0198636786	-0.0859558431	-0.0413247497	-0.0545407461	-0.038526827799999996	0.11410831710000001	-0.0985063578	-0.0169505283	0.026837719399999998	-0.0584785896	-0.0223677508	-0.012902084199999999	-0.0850320644	-0.0913716704	-0.052652287699999994	-0.05987759190000001	0.046670051500000004	-0.0028269945	-0.022822202599999997	-0.040672970600000004	-0.0970088603	0.0941972051	-0.0820665651	-0.046741959000000007	-0.025404297000000003	-0.0643525564	-0.032501318599999995	-0.029422765099999998	0.0654860301	0.0575023865	0.0728954216	-0.0601865562	-0.08530217119999997	0.0332962185	0.035415045	0.0828748928	-0.1678958048	-0.0361946908	-0.061225205199999994	0.0325642976	0.025530909700000003	-0.0361597688	-0.0218680255	0.0701579027	0.0012620846000000001	-0.0529908033	0.0074119044	0.012461763300000001	-0.0380822033	0.0383938915	0.0404054601	-0.028070866899999998	0.0995314988	-0.055988192400000004	0.014885037	-0.032968694	-0.0150406297	-0.05555887599999999	-0.0459604988	0.0187254385	0.0383045661	0.0273727596	0.0316909097	-0.0030586448	0.034206474199999996	-0.058351764699999996	0.0046967624	0.0109541843	-0.0682957865	-0.0377338815	0.0362618206	0.0681368123	-0.0871256429	-0.020660239	0.1187034564	-0.0259905576	0.0400818279	-0.042162411500000004	-0.0073458193000000005	-0.06100390150000001	-0.022987243900000003	-0.0162574097	0.0131337594	-0.1067264268	0.0717730846	-0.0269554639	-0.0483198064	-0.0205263478	-0.022794303199999998	-0.048689665099999994	0.012554375900000001	-0.09484339369999999	-0.0368399782	0.0840183	0.01763880000000001	0.00031112726544000035	0.0070590747348900015	0.6872119999999999	0.05796599999999996	0.003360057155999995	0.4722603329439999	0.729742	0.054782000000000004	0.532523386564	0.003001067524	0.0186178	0.0010218999999999992	0.00034662247684000004	1.0442796099999986e-06	-0.0015044	-0.00013420000000000012	1.800964000000003e-08	2.2632193600000005e-06	0.00197533	0.0004857399999999999	2.3594334759999992e-07	3.9019286089e-06	0.0	0.0	0.0	0.0	0.0	0.0	0.0	0.0	0.0	0.0	0.0	0.0	0.0	0.0	0.0	0.0	0.0	0.0	0.0	0.0	0.0	0.0	0.0	0.0	0.0	0.0	0.0	0.0	0.0	0.0	0.0	0.0
8192.164596846937	-30.313511347982054	918.908970244237	67111560.78183234	10308.199705100607	22.400551020495186	106258981.16023624	501.784686021808	6241.716414944858	14.093039739318554	198.61376909401199	38959023.804592095	6569.962304968824	11110.167949991523	1.204481	60.615826	0.4742864000000001	0.322641	0.020388969399999998	0.05735591440000001	-0.0131325844	0.12416182320000001	0.0307620802	0.023637942599999996	0.0597894831	0.017154799199999998	-0.029270626400000006	0.1315313292	0.0189021555	0.11433341179999999	-0.14226651140000002	0.0596736245	-0.0658300381	-0.1268010624	-0.0799193808	0.0030467321999999995	0.0501032687	0.0353137811	0.1088436018	-0.0009085206	0.024664989	-0.022883025	0.024828936200000002	0.0304706556	-0.0740882283	0.0342903789	0.0311393325	-0.1084272399	-0.0064644225	-0.1174744982	-0.015082907	-0.12643504789999999	0.0065164491	-0.0704326327	-0.0657814119	0.023173799300000002	0.008694206099999999	-0.0107658667	0.0717177569	0.0611115176	0.044393040300000006	0.0044019551	-0.0986850728	-0.046809659299999994	-0.0030545882	0.0757677697	-0.007714111899999998	0.1797848268	-0.022170099	0.1271878883	0.0635694344	0.009041107900000001	0.058615768600000014	-0.0098501076	0.0050958999	0.0366164935	-0.0384258711	-0.012249236399999999	-0.0088402852	0.0684225117	-0.0605590085	-0.0042216701	0.085829387	-0.0380071129	-0.17059940629999998	-0.0490554807	-0.050009673	-0.0971356558	0.0730763726	0.046400091399999996	-0.04625277269999999	0.07606642450000001	-0.034707848799999996	-0.0949511393	-0.1189819706	-0.0061482714	0.043393304400000006	-0.0432744523	0.0191586445	0.0192311627	0.0005549811	0.0206049593	-0.0499835236	0.06645897469999999	-0.0355858693	-0.0050701782	-0.007855075999999999	0.0326668831	-0.0974326586	-0.034544418	0.1168684626	0.0918142144	-0.018283276499999997	0.0915295207	-0.0867193436	0.0009919516	-0.11564614289999996	0.0301380913	-0.054593739599999996	-0.2149880902	0.037203664	0.0433558959	0.019022958200000002	-0.0213197561	-0.0959216136	-0.07609174519999999	-0.0200908542	0.0066375589	0.0269387311	-0.0121376008	0.0096182009	-0.0876747842	0.0397582562	-0.0813172098	-0.026948134	0.030987418399999998	0.0595430376	0.1573455124	0.0750274123	-0.13292873460000001	-0.048430849500000005	0.033742382	-0.0190623267	-0.1217166891	0.0118464252	-0.0215289179	-0.0356894256	0.0420477192	0.0393689589	-0.0162332016	0.051633944699999997	-0.025661741499999998	-0.0585714691	0.0437397162	0.0084007014	-0.028324361800000007	0.078264793	-0.0634720319	0.0828283628	0.0542931207	-0.0203906101	0.009384472900000001	-0.0751128591	0.0697351424	0.1246756369	-0.0413356373	0.1079062309	0.0154295556	-0.0752533272	0.0947340349	0.0317940668	-0.0821421244	-0.1503681991	0.0601299262	0.003544317100000001	0.0374942427	-0.0314467525	0.0203377002	-0.0478153038	-0.0573843151	-0.0448002292	0.043850784500000003	-0.038473069900000004	-0.0129756581	-0.039145667200000005	-0.0064627716	-0.0413163685	-0.1224862892	0.0341052886	0.1430074449	-0.0210151568	-0.119024941	0.1562293024	-0.1589256732	-0.0620639104	-0.0345652833	-0.0671484197	0.0110841379	-0.0955522439	-0.0326859148	0.08226939999999999	-0.0017489000000000116	3.0586512100000405e-06	0.006768254176359999	0.386247	-0.3009649999999999	0.09057993122499997	0.149186745009	0.668675	-0.061066999999999975	0.447126255625	0.0037291784889999977	0.0168611	-0.0017567	0.00028429669321	3.08599489e-06	-0.00190734	-0.0004029399999999999	1.6236064359999987e-07	3.6379458756e-06	0.0020258	5.046999999999994e-05	2.5472208999999943e-09	4.1038656400000005e-06	0.0	0.0	0.0	0.0	0.0	0.0	0.0	0.0	0.0	0.0	0.0	0.0	0.0	0.0	0.0	0.0	0.0	0.0	0.0	0.0	0.0	0.0	0.0	0.0	0.0	0.0	0.0	0.0	0.0	0.0	0.0	0.0
8149.579095745071	-42.5855011018657	1813.524904097005	66415639.43780505	10290.417232423073	-17.782472677534315	105892686.81734972	316.21633452725445	6245.093931659128	3.377516714270314	11.407619155175338	39001198.21524567	6579.6978425555335	11083.079143326753	1.4655280000000002	73.753059	0.32642885	0.146476	0.0240675463	0.081667238	0.0080200796	0.0852256844	0.0040821949	0.020200300900000003	-0.014985693400000001	0.0180551334	0.0138880647	-0.0572847013	-0.1864323557	0.040261103300000003	0.20416761030000002	0.0783444626	0.0174224951	0.054405572	0.1150277197	0.0864786839	0.09280961609999999	-0.0064274863	0.1754434329	-0.1581046359	0.0131888435	0.0423522162	-0.0402572711	0.028942476600000006	-0.0733684346	-0.0599471149	0.103866481	0.0014406945000000001	0.0851905176	-0.0535145749	0.11120460730000001	0.0682871304	-0.0147509232	0.0384899158	-0.011029905100000001	-0.08441218789999999	0.0062434389	0.001083653	0.06036918190000001	0.0497389751	-0.0079283061	-0.0429838628	-0.1514752742	0.06955140480000001	0.0639525317	-0.0926556591	0.0214145236	-0.12565838470000001	-0.0050916702000000005	0.15613980689999998	-0.07201682849999999	0.1001643521	0.1520640034	-0.1558860628	-0.0107658874	0.0246210356	0.058694110199999996	0.020055756799999998	0.077475645	0.0895442744	0.0960771795	-0.0012164162	-0.0090345265	0.0264057569	0.0175312096	0.0249423575	-0.024113702200000003	0.022607510499999997	-0.04467225650000002	0.0084314049	0.0822499003	0.0493508603	-0.0462980125	-0.045313954299999994	-0.030244496800000006	-0.0954356722	0.0088316581	0.1073833234	0.0176523531	0.002309039	0.099185543	0.040813264	0.0551336079	0.005846295600000001	-0.0620954113	0.0261288844	0.0055795655000000005	-0.0564137757	0.156978514	0.16745357619999998	0.0845777931	-0.0779170843	0.0540591613	-0.0285140479	-0.12011072019999999	-0.0290310218	0.035053796	0.0777630817	-0.030141759700000006	-0.0283258956	0.0805520804	0.026138046499999998	0.0488119548	0.1146177794	0.056880971900000014	0.0614743037	-0.066725051	0.0231812309	-0.0309683844	-0.0002171992	0.0029174758000000004	-0.066349705	-0.0082442229	-0.0264163181	0.0476947401	0.1873839672	0.011462459	-0.1499446933	-0.0658121765	0.031147549	0.0475082541	0.0018238008999999999	-0.058241542800000004	-0.14457368210000002	0.20929396390000002	-0.0889196944	0.1114456475	0.008232550699999999	-0.1061872983	0.0280020507	-0.0089154908	0.0177870599	-0.0359206931	0.02293055	-0.044547557800000005	-0.0826877349	0.0702695139	0.06427172610000001	0.0429930288	0.0671657775	0.026478840099999998	0.006096298199999999	0.098049966	-0.0294259019	-0.08057944339999999	0.0072641033999999985	-0.0167208641	0.0067447899	-0.028461982400000002	0.0663901893	0.0352346304	0.049970111500000004	0.07478346820000001	0.0494039021	-0.021990832999999998	-0.10558204210000001	0.0237451571	0.0745782832	-0.0977366238	-0.0267805088	-0.0902866447	0.0185740712	-0.0552119613	-0.013050626999999999	0.0344003024	-0.0096315668	0.0382431763	-0.1128622503	0.08848422460000001	-0.1005567652	-0.06715988070000001	-0.0720743671	0.0991946401	0.08273408639999999	0.0578746431	-0.1038062253	0.0638483902	0.0096113714	-0.0961739093	-0.0284647545	0.040668800000000005	-0.04160059999999999	0.001730609920359999	0.0016539512934400007	0.471242	0.08499499999999999	0.007224150024999998	0.222069022564	0.642425	-0.02625	0.412709880625	0.0006890624999999997	0.0184256	0.0015644999999999964	0.0003395027353599999	2.447660249999989e-06	-0.00140443	0.0005029100000000001	2.529184681000001e-07	1.9724236249e-06	0.000621545	-0.001404255	1.971932105025e-06	3.86318187025e-07	0.0	0.0	0.0	0.0	0.0	0.0	0.0	0.0	0.0	0.0	0.0	0.0	0.0	0.0	0.0	0.0	0.0	0.0	0.0	0.0	0.0	0.0	0.0	0.0	0.0	0.0	0.0	0.0	0.0	0.0	0.0	0.0
8121.191232675354	-28.38786306971724	805.870769665016	65953747.03768303	10294.435015169709	4.01778274663593	105975392.28155217	16.14257819916536	6227.674652390053	-17.41927926907556	303.4312902540456	38783931.57602157	6555.650156851372	10652.187988458292	1.476187	74.289513	0.74536435	0.496738	0.06972145860000001	0.0943263718	-0.1288259336	-0.0165881682	-0.025232618	0.0646729487	0.0203506281	-0.0094020071	0.043024571100000006	-0.1052422038	-0.0308405065	0.0563088331	-0.0702812789	0.2056832426	-0.0402694472	0.0593991357	-0.0007488599	-0.0035605453	-0.0577686055	-0.0151925259	0.0747964154	0.054838943200000004	0.0116001637	0.07020374809999999	-0.0300566267	-0.0200382734	-0.0962256886	0.024813455499999998	0.0255787075	0.0488992329	0.0973786679	-0.0133774377	0.04236381559999999	0.0391600318	-0.0331122002	0.0047675721	0.0144635104	-0.0799655904	-0.0845068159	-0.0714096911	0.0708638354	-0.09148658609999999	0.021753565099999997	-0.10212812630000001	-0.1997669614	-0.046922277199999994	-0.047925515099999996	0.005290109300000001	0.0071383483	0.0369766734	-0.0701854162	0.0302995392	-0.038366486400000004	0.0252268564	0.0526021047	-0.1191876397	-0.0037256293	0.0375068627	0.06108985030000001	-0.0069398572	-0.0723010399	-0.0428072772	-0.1067657444	-0.0664446012	-0.06922385019999999	-0.0416372371	0.0068802078000000004	-0.1276636964	0.0109981728	-0.0518566479	-0.051944914	0.052977693799999996	0.0781158399	-0.0175235792	0.022901087999999997	-0.09232363140000001	0.17708156530000002	-0.0017386137	0.1726122542	-0.0198860674	0.0168838141	-0.0071514779000000014	-0.1821347827	0.0939871647	-0.134264399	-0.06489292769999999	0.0028860578000000003	-0.023765840899999998	-0.059061336799999996	0.07352224519999999	0.0782258891	-0.0394101334	-0.055947482	-0.015532996100000003	0.023456086400000003	-0.010030560400000001	0.0507325615	0.0828708772	-0.0967015142	-0.0224108431	0.0597093912	0.056853210999999994	-0.0012367206	0.1166172681	0.0778707101	0.020360150100000002	-0.0822868333	-0.023142407400000002	0.061512829299999995	-0.048303293	-0.054890715300000004	-0.0795384522	-0.061436822599999996	-0.022095614399999998	-0.1276088541	-0.038863277200000004	0.044073748499999996	0.1578092374	0.0907726208	0.0920886238	0.052350514800000005	0.00020436330000000002	0.0387618495	0.0768388066	0.020912226699999998	-0.0504976758	0.07605885820000001	0.0206067035	0.0477079162	0.022701228799999997	-0.1008044597	-0.0469667921	0.0320960698	0.0435308458	-0.06579528700000001	0.079772587	0.0326182374	0.0599619528	-0.0377874137	0.0497680303	-0.018169464	0.0041167072	-0.0800576357	0.09367011300000001	-0.041425547400000005	-0.050074598899999996	-0.015442356899999999	-0.0809173267	0.1076318835	-0.010327748000000001	0.0800633352	-0.0804590548	-0.08493027730000001	0.0634556925	-0.1690789104	-0.0094603642	-0.0007327058	-0.0737373932	-0.0181106647	-0.0328193792	0.0347904105	-0.0004681258	0.07215372910000001	-0.07096806309999999	0.0089318841	0.1040006835	-0.0781586798	-0.013246188999999998	-0.12108162039999999	-0.0307529058	0.16922946219999999	0.0082702485	0.037557858199999995	0.0360882887	-0.1572052073	0.0921733881	-0.031681594	0.0684509943	0.0037966958000000004	0.0081364123	-0.09670782259999999	-0.0241851625	0.0267259	-0.013942900000000005	0.00019440446041000013	0.0007142737308099999	0.922471	0.451229	0.20360761044099995	0.8509527458409999	0.754884	0.11245899999999998	0.569849853456	0.012647026680999995	0.0216021	0.0031765000000000022	0.00046665072441	1.0090152250000017e-05	-0.00129087	0.00011355999999999995	1.2895873599999993e-08	1.6663453569e-06	0.000556936	-6.460900000000009e-05	4.174322881000011e-09	3.1017770809599995e-07	0.0	0.0	0.0	0.0	0.0	0.0	0.0	0.0	0.0	0.0	0.0	0.0	0.0	1.0	0.0	0.0	0.0	0.0	0.0	0.0	0.0	0.0	0.0	0.0	0.0	0.0	0.0	0.0	0.0	0.0	0.0	0.0
8100.148076268015	-21.043156407338763	442.8144315837221	65612398.85746842	10257.023600548664	-37.41141462104497	105206533.14221229	1399.6139439477372	6206.963107278002	-20.711545112050768	428.96810092851416	38526391.0151102	6536.046961331052	10564.33718265247	0.89507	45.044636	0.20079075	0.159547	0.0638122201	0.0948851074	-0.1256664855	-0.025399652400000004	-0.0475067246	0.0872614298	-0.0049034101	0.006759736999999999	0.0295089838	-0.0806099206	-0.0126132244	0.07686663219999999	-0.0427949091	0.0985555868	-0.0551607516	0.0087051513	0.0219409531	0.0473655831	-0.0361038392	0.13003721570000001	0.026799780699999998	-0.0064026586	0.0327446828	0.0269000157	-0.0417884007	-0.0108455335	-0.0596001779	0.053421245	-0.0651426183	-0.0005582221	0.0471385869	0.0153485546	0.1267651034	-0.029258108799999998	0.04501228559999999	-0.1028277794	0.0019431334	-0.0523058657	-0.0722589177	-0.0769856116	0.095535922	-0.0543565619	0.038444592400000005	-0.1043261153	-0.09494842619999999	-0.0349117476	-0.07432912650000001	-0.0302315409	-0.0756916729	0.0804983132	-0.0163839934	0.0620288645	0.0677710462	0.09284139109999999	0.0236762794	-0.025404267999999997	0.0238466295	0.0881759582	0.0845675915	-0.0460285088	-0.0127125791	0.0098168568	-0.1019133772	-0.0028855340999999995	0.0447203764	-0.0100096276	-0.043329627300000007	-0.0380234639	-0.0079167557	0.021104358900000002	0.0063984918	0.008470821600000001	0.0421600012	0.05948425490000001	-0.09319477699999999	0.0024817615	-0.1130340327	-0.0192206955	0.1162541479	-0.0495456838	-0.0523793475	-0.10051148119999999	-0.10696225960000001	-0.007597919200000002	-0.0565016747	-0.1313931645	0.0307974715	-0.0332591871	-0.1065511856	0.0267981177	0.07356178349999999	0.0306165564	-0.0006564044999999999	0.1022087426	-0.0329404374	-0.0738428313	-0.0088281357	-0.001498169	0.058575297699999994	-0.0836014925	0.0662190086	-0.0769016204	-0.0640218342	0.0380991719	0.0238318257	0.030414799399999998	0.0289027275	0.0405484014	0.1672321899	0.011306251100000001	-0.004740993	-0.06916514230000001	-0.0624454126	-0.0553884361	-0.1115397279	-0.06070377940000001	0.06842049139999999	0.0845517538	0.043179533	0.06645830230000001	0.0816891835	-0.0157274609	0.041789685800000004	0.0114263271	0.0841189947	-0.09988937140000001	0.0494281945	-0.0660170444	-0.0064555457999999994	-0.0146777482	-0.054377886900000005	-0.07683768490000001	-0.0035955108	-0.0395200898	0.0043778344	0.07744040190000001	0.0567496358	-0.023389548700000002	0.032161445	-0.0388891953	-0.0200643932	0.0714850134	-0.0175984475	-0.0057204772	0.0058804745999999995	0.01261102	0.0858114451	-0.050784544800000005	0.0028560472999999997	0.103678045	-0.0819090005	-0.0493664702	-0.1170693758	-0.0145305953	-0.1452480105	-0.056643726	-0.0014976622	-0.0312070852	-0.0257923993	-0.0627448529	-0.0054309218	0.0191880762	-0.043617885300000006	-0.1114847642	0.0141171631	-0.011809577199999999	0.040048463799999996	-0.0244900935	-0.07825126269999999	-0.013789208600000002	0.1127942852	-0.029002956099999998	0.0670474684	0.0292786462	-0.0363125878	-0.0019978841	-0.048931357599999996	-0.0377967777	0.013230126100000001	0.006659597099999999	-0.0971534967	-0.019855923799999998	0.0283064	0.001580500000000002	2.497980250000006e-06	0.0008012522809600003	0.765872	-0.15659899999999993	0.02452324680099998	0.5865599203840001	0.774708	0.019823999999999956	0.6001724852639999	0.0003929909759999981	0.0215884	-1.3699999999998434e-05	0.00046605901456	1.8768999999995717e-10	-0.00129087	0.0	0.0	1.6663453569e-06	0.000114891	-0.000442045	1.95403782025e-07	1.3199941881000004e-08	0.0	0.0	0.0	0.0	0.0	0.0	0.0	0.0	0.0	0.0	0.0	0.0	0.0	0.0	0.0	0.0	0.0	0.0	0.0	0.0	0.0	0.0	0.0	0.0	0.0	0.0	0.0	0.0	0.0	0.0	0.0	0.0
8081.851257233912	-18.296819034102555	334.7735867666975	65316319.74405337	10282.117190784684	25.093590236019736	105721933.92502992	629.688270933265	6205.0538788293115	-1.9092284486905555	3.645153269289345	38502693.63917469	6534.453773248856	10328.016125014115	1.054474	53.06666600000001	0.2224866	0.111759	0.09518262820000001	0.021426595	-0.1016108969	-0.0838558882	0.026388855299999996	0.057508724800000015	0.0310304746	0.0028314118	0.0409911658	-0.08486904769999999	-0.046335789599999996	0.0355307068	0.0090094357	0.11719094570000001	-0.0392498965	0.0557526936	-0.0190784139	0.0593329463	0.0717465304	0.1434851009	-0.0039131372	-0.0134926623	0.055988368899999995	-0.01025459	-0.0618300638	-0.027629400800000002	-0.047547487199999995	0.089316954	-0.003941914	-0.00950688	0.006691117700000001	0.0592734027	-0.0544616604	0.071897652	-0.0518231495	-0.021600478500000003	0.1089057824	-0.1199265351	-0.08800563269999999	-0.0631206888	0.038934877	-0.05916435	0.0432318821	-0.1286080193	-0.0480718741	0.0599715846	-0.1218094436	-0.0597971305	-0.0751683554	-0.0209766615	-0.0882599925	0.012815692	0.0258536896	0.0374109091	0.0042909877	-0.0472733382	0.0039796149	-0.0824363	0.0353156733	-0.0146749345	0.0962661489	-0.0506328983	-0.0622109526	-0.014907139299999999	-0.0099882145	0.0224795479	0.003536074	0.0931654051	0.0869607946	-0.05706170980000001	0.021593193599999998	-0.0710082684	-0.0075648078	0.0225907206	-0.00811056	0.1042577195	-0.0612632512	0.1648477076	-0.0037902769	-0.0515323096	-0.056211293200000005	0.0183917262	0.048041512	0.015518964	-0.0204068282	-0.1521622633	0.0236419835	-0.0376314344	0.1165982063	0.0226690453	-0.0650477537	0.0645605388	-0.0266961992	0.0045085718	0.1361360078	-0.0139492852	-0.07438792799999999	-0.0726931022	-0.064297041	-0.0697462382	-0.0777915529	0.0538917627	0.1138827251	0.10224676810000001	0.0029367243	0.1363093631	-0.0234147283	-0.0147166325	0.0341600734	-0.0450747404	-0.0122271394	-0.077639979	-0.0524521825	-0.0114152433	-0.0986152625	-0.039263932200000004	0.0830843597	0.0787691771	-0.0105789367	-0.0270196808	0.087420256	0.0051981454	0.1493735753	0.022993769700000003	0.053808472	-0.0368669315	0.0278232695	-0.0076200048	-0.0116864861	-0.0253463261	-0.036893360699999996	0.0286760679	-0.0163264449	0.0604304897	0.0316561225	0.0687873445	0.0093397287	-0.0591249096	-0.0764479766	-0.0819228478	-0.044709115	-0.032033699900000004	-0.060496514400000014	-0.046525388200000004	-0.0787783854	-0.0419426786	-0.011004577199999999	0.042226335499999997	-0.043846808200000004	-0.032414297	-0.0353375632	0.0045760701	-0.0970082164	-0.0396141404	0.017809221200000003	-0.0026399501	0.022532892599999996	0.1543220859	-0.032627190800000004	-0.09325128220000001	-0.011905223799999998	0.09432765800000001	-0.010559216100000001	-0.11961957150000001	-0.1454895416	0.058198966399999996	-0.045801127000000004	0.042865816900000006	-0.1061229873	-0.0047445831	-0.0905416236	-0.0164646441	-0.0014652795	0.0725989329	0.0010434561	0.0171012753	0.0743874999	-0.1176890621	0.12410471029999999	0.0051812628	-0.097510525	-0.015485925400000001	0.0457057	0.01739929999999999	0.0003027356404899997	0.0020890110124899995	0.8008069999999999	0.03493499999999994	0.0012204542249999958	0.6412918512489999	0.74234	-0.03236799999999995	0.5510686756000001	0.0010476874239999966	0.0198381	-0.0017503000000000032	0.00039355021160999987	3.0635500900000112e-06	-0.0014321500000000005	-0.00014128000000000057	1.9960038400000163e-08	2.0510536225000017e-06	0.000978997	0.0008641059999999999	7.466791792359998e-07	9.58435126009e-07	0.0	0.0	0.0	0.0	0.0	0.0	0.0	0.0	0.0	0.0	0.0	0.0	0.0	0.0	0.0	0.0	0.0	0.0	0.0	0.0	0.0	0.0	0.0	0.0	0.0	0.0	0.0	0.0	0.0	0.0	0.0	0.0
8071.741581018381	-10.10967621553118	102.20555318287686	65153012.15074112	10289.431418536366	7.314227751681756	105872398.91676328	53.497927603471545	6195.469424789842	-9.584454039469165	91.86175923469679	38383841.39350578	6532.067648122068	10239.748353445591	1.4639719999999998	73.674751	0.6555321	0.416006	0.0456650887	-0.022466141600000003	-0.025123018599999998	-0.0573977342	-0.0634817206	0.013786162900000001	0.0311596835	0.0046151709	-0.00699298	0.121499266	0.0747024892	0.12813882740000002	-0.0270947219	0.0548262037	-0.1139921249	0.0021133852	-0.0942605058	0.1468030847	0.2227910469	-0.0039231794	0.0536433199	0.015256217800000001	0.016294691	0.0576018062	0.12740149109999999	-0.0270966534	-0.0363619881	0.1522918792	-0.0238985666	-0.0727013257	-0.0602431925	-0.056045921500000005	0.0293204436	-0.0422682661	-0.1458900749	-0.0618218587	0.0073235289	-0.0378870251	-0.0372619176	-0.031188845	0.031930166	0.0794101055	0.0831447669	-0.0389706705	0.09090511800000001	-0.024627763700000003	-0.07286185790000001	-0.010027480200000001	-0.040411607599999996	0.1622474915	-0.1305722232	0.0420663141	-0.0331193498	-0.04644014690000002	-0.0392983106	0.015834221399999997	0.092725729	-0.0312570156	-0.11051102269999999	-0.0014044739000000001	-0.058643082199999995	-0.0314130986	0.0309607566	-0.0515443499	0.1398898467	0.0913301558	-0.085284148	-0.1414245176	0.11657383029999999	0.044616164699999995	-0.1194075169	0.0419583482	-0.061461351799999994	0.09980227380000001	0.08516228869999999	0.035439364	0.0439438792	0.0606691388	-0.044922867199999994	0.0379558511	-0.0424085663	0.0597921488	-0.0484909769	-0.11284617529999999	0.0316930491	-0.0695697123	0.0317751104	-0.0239606633	-0.0785510573	0.029482298900000002	-0.0895498277	0.010102253	0.1419739435	-0.051460173600000006	-0.0894728874	0.060573770199999995	-0.0920681292	-0.0480675822	0.0072403813	-0.0092164017	-0.1153701677	-0.006249744200000001	-0.0930965083	0.1637589861	-0.032776338599999996	-0.11387772300000001	0.037122578999999996	-0.0018338705	-0.0024923772	0.0466503638	-0.11382802449999999	-0.026430676400000002	-0.017114593100000002	-0.0530402299	0.0519411388	-0.0801671078	0.0756123405	-0.1091435865	0.005465022700000001	0.0448743771	0.1416118731	-0.0791424632	0.026625123100000002	0.1007995486	-0.0077475678000000015	0.0235650025	0.0893346064	0.0163139461	-0.06058666	-0.0122531832	0.1288231863	-0.0985924883	-0.0378380602	0.0029759946000000002	-0.1718198868	-0.0438687036	-0.06159448980000001	0.008368713	0.1349116	-0.0508876421	0.0603688331	-0.06474505030000001	-0.1283982024	0.0847036816	-0.16200080220000002	-0.0125789696	-0.006889868100000001	0.004608843400000001	-0.052904831500000006	-0.0819590745	-0.1130055691	0.0209407054	-0.0345774213	0.0357339255	0.0206962657	-0.0563662434	-0.0731472762	0.1166463767	0.0610564855	-0.145958311	-0.0013137504000000002	0.0053860024	-0.0570260028	0.0636847343	-0.025700458199999998	0.0476609321	-0.0242892679	-0.0278639867	0.0541463588	-0.0623781916	-0.0604116885	-0.0097225689	0.09092428050000001	-0.051980155	0.1298118093	-0.0830501572	0.07822070730000001	0.1802278611	0.045399497000000004	0.0037017465000000003	-0.0977785816	-0.0110841379	0.0178097	-0.027895999999999997	0.0007781868159999996	0.00031718541408999997	0.423835	-0.3769719999999999	0.14210788878399996	0.179636107225	0.695912	-0.046428000000000025	0.48429351174400004	0.0021555591840000023	0.0168039	-0.003034199999999997	0.00028237105521	9.206369639999983e-06	-0.0007382639999999998	0.0006938860000000008	4.814777809960011e-07	5.450337336959996e-07	0.000622361	-0.00035663599999999986	1.2718923649599994e-07	3.87333214321e-07	0.0	0.0	0.0	0.0	0.0	0.0	0.0	0.0	0.0	0.0	0.0	0.0	0.0	0.0	1.0	0.0	0.0	0.0	0.0	0.0	0.0	0.0	0.0	0.0	0.0	0.0	0.0	0.0	0.0	0.0	0.0	0.0
8071.228408562878	-0.5131724555030814	0.2633459690870621	65144728.02319245	10301.913031057422	12.481612521056375	106129412.09947072	155.79065112579133	6201.525160432861	6.055735643019034	36.671934178131146	38458914.31548183	6531.357519234368	10126.055160123457	1.304868	65.667793	0.09733063999999997	0.0426708	0.0501289879	-0.0127170887	-0.0187319875	-0.058129410199999995	-0.1060559635	0.007716914	0.027794157200000003	-0.0745155198	0.0705068733	-0.0008423446000000001	0.0425781342	0.035166489599999996	0.13952054460000002	-0.0846402726	-0.0365738365	0.0757995899	0.0379056029	0.0689869501	-0.04338952099999999	-0.0165051477	0.043774508	-0.08024884269999999	0.0346703283	0.017162511499999998	0.0366939294	-0.1207532573	-0.0783253159	0.06165834150000001	0.0147928859	-0.0176020261	-0.019453901000000003	-0.1498751723	0.0726194103	0.0758762835	0.0801132237	0.0197023171	-0.064819117	0.028710023900000006	-0.08154783360000001	-0.031404087000000004	-0.0541090413	0.0806574868	0.0151607687	-0.0364437191	0.0454315267	-0.033876742200000004	0.10454004189999999	-0.0961558744	0.0781132825	-0.0107689653	-0.0527519605	0.141171345	-0.07059747450000001	-0.01842331	0.0622115697	-0.1170532796	0.087779315	0.0767611302	0.0303080849	-0.0137612113	-0.10884233310000001	0.0684131521	0.0087322005	0.0168956838	-0.023846091	-0.0313079108	-0.0702483914	-0.050959056600000004	-0.09827397980000001	-0.0885046023	-0.0629455195	-0.045507202000000004	0.0073994767	-0.0196881416	-0.07162316839999999	-0.0051944504	-0.019922853100000002	0.2219969894	-0.0094627943	0.0635141518	-0.0192770715	0.0953290453	0.0107411946	-0.0452233046	-0.0793779714	0.0632062525	-0.0607716957	0.0725865476	0.0354879733	-0.0201211445	-0.1522529376	0.0230335898	-0.1149738109	-0.0119091025	-0.1200282836	-0.0502249085	-0.06453247849999999	0.0819455082	0.12266564890000001	-0.0078357472	0.1397505755	-0.025196247400000003	0.029566647999999997	-0.0034128034000000004	0.0006302974	-0.07392351400000001	-0.0881480714	0.009661940400000001	0.08721834460000001	0.006115384399999999	-0.0135696406	-0.0712374071	-0.0594762615	0.0256004516	0.0842470212	-0.0020222875	0.09261461929999999	-0.031887606299999996	0.0078804062	-0.0767822112	-0.0626191047	-0.005832141999999999	-0.018768566599999998	0.0782276452	-0.0628563748	-0.11202413900000001	0.1533870778	0.0509400534	0.0930890783	0.038742763900000005	-0.0741721444	-0.0048698075	-0.0165595148	-0.0370443134	-0.1007613337	0.007461804	-0.0052189872	-0.0327494786	0.0064716344	0.0398217278	0.0598547651	0.1130869525	0.0526222018	-0.0001002858	-0.028757038999999998	0.09803749880000001	0.0696367483	-0.09216962109999999	0.0196933615	0.057638579599999996	0.0787925391	-0.0054142997	-0.0657667859	-0.0774752177	0.050764216900000006	0.0037320336	-0.013592251999999999	0.2221493418	0.0037227321000000003	0.0932170209	0.0737349371	0.0127043173	-0.0355817715	0.0672802252	0.0635807112	0.123938608	-0.027667216499999998	0.0202757877	-0.0465915453	0.1371924959	-0.0235321985	-0.08731804539999999	0.0144061402	-0.1502330889	-0.0961431458	-0.031282483300000004	0.027890223199999998	0.0480266522	-0.0892563026	0.0022213857	-0.09795742199999999	-0.006659597099999999	0.008008559999999998	-0.009801140000000005	9.606234529960006e-05	6.413703327359998e-05	0.451647	0.027812000000000003	0.0007735073440000001	0.20398501260899998	0.684258	-0.011653999999999942	0.4682090105640001	0.00013581571599999864	0.0164938	-0.00031010000000000065	0.00027204543844	9.616201000000039e-08	-0.000334704	0.00040355999999999975	1.628606735999998e-07	1.12026767616e-07	0.000374751	-0.00024761	6.13107121e-08	1.40438312001e-07	0.0	0.0	0.0	0.0	0.0	0.0	0.0	0.0	0.0	0.0	0.0	0.0	0.0	0.0	0.0	0.0	0.0	0.0	0.0	0.0	0.0	0.0	0.0	0.0	0.0	0.0	0.0	0.0	0.0	0.0	0.0	0.0
8099.532417738764	28.304009175885767	801.1169354286258	65602425.38600115	10296.835402338524	-5.077628718898269	106024819.30285196	25.782313406980467	6198.957231916157	-2.5679285167043417	6.59425686690336	38427070.76312562	6525.386175176488	10014.138076740292	1.2090299999999998	60.84473000000001	0.45953734	0.254313	0.08210295690000001	-0.0390479294	-0.0879504673	-0.0946501632	-0.0480439511	0.035162223900000004	0.0642487381	-0.0711139159	0.0392414819	-0.0726929214	0.13808497890000002	0.0894518429	-0.0061372553	-0.0820218887	0.0617507419	0.1409724243	-0.011489234899999999	-0.0545559912	-0.0258014057	-0.0507425565	0.036283315499999996	-0.1353556789	0.0442875104	0.0995558649	0.0241327406	0.0207852923	-0.0934407035	-0.036088823	-0.090699437	-0.09487770720000001	0.1010795736	-0.0700380404	0.0057063107	-0.025490709500000003	0.1610534944	-0.0713424546	0.0102267476	0.1416200177	-0.11346777710000001	-0.0161692245	-0.0860388534	-0.011764619399999999	0.057533640999999996	-0.060353524900000004	0.037071815	-0.044292291	0.1005543473	-0.0192342129	0.080298057	0.0263508488	-0.0025081316	0.11248439029999999	0.024687158799999998	-0.1304972096	0.08457214960000001	-0.0119261395	0.09590679210000001	0.1079312744	0.16789904170000006	-0.007262088299999999	-0.1365331147	0.0224988146	0.0567907612	-0.0383818811	-0.0532051396	-0.009749741800000001	0.0333741995	0.1060776622	0.038919429500000005	0.028319881	0.0559201583	-0.06617505530000001	0.08038532570000001	0.0085850035	-0.0494273122	0.168836701	-0.0147098786	-0.11361064400000001	-0.0376286023	-0.1658764597	0.1083397166	-0.0794710921	0.0450013943	-0.09789535740000001	0.12097947630000001	0.0810267434	0.0394126833	0.10220081310000001	0.08206674509999999	0.0449484888	-0.1348915065	-0.12361847289999996	-0.10599258060000001	0.0047087633	-0.0286796362	0.0042642189	0.0015292658	-0.0896802407	0.0519586909	0.0037055087	-0.0485160267	-0.0621804525	-0.09527835800000001	0.016081446200000002	-0.0253900442	-0.128310547	-0.0036462331	-0.0861182209	-0.044750746699999996	0.07943796110000001	0.0766700912	-0.10751622289999999	-0.0430248983	0.1003821716	0.0136365599	-0.0373030527	0.0732992154	-0.0640373455	0.0054952027	0.0433946051	-0.0897458364	-0.0220729875	-0.0211030033	0.08344382360000001	0.0256587568	-0.0852640156	-0.005816963499999999	0.0810852585	0.1130410413	0.22044733449999998	-0.08298706559999999	0.0253882486	-0.0253007825	-0.0653164254	0.007884983299999999	-0.027207256099999997	-0.0009357259	0.09410850470000001	-0.0563321397	-0.0479258604	0.12793440720000002	0.048429529000000006	0.2412098238	-0.0706707154	-0.014078358000000001	-0.0177340202	-0.0801305994	0.12580699	0.0485496008	0.1487938545	0.0116784123	-0.1135352791	0.1124797317	-0.0896981365	-0.0469792285	-0.0320781849	-0.000736509	-0.046334777	-0.043880463700000004	-0.0143095925	0.1092870009	0.1357680068	-0.1029443998	0.08396438980000001	0.09981846429999999	0.061140358	0.045657515999999995	0.0171308827	0.0162107258	0.0884405372	-0.1848153448	0.0047292843	0.0439828087	0.0729908537	0.15976572	-0.04561453360000002	0.0718361673	-0.0078054725	-0.04799898650000002	0.0007405182000000001	-0.098046883	-0.0022213857	0.0172835	0.009274940000000002	8.602451200360004e-05	0.00029871937225	0.6502939999999999	0.1986469999999999	0.03946063060899997	0.4228822864359999	0.833742	0.14948399999999995	0.6951257225640001	0.022345466255999983	0.015750199999999995	-0.000743600000000004	0.00024806880003999985	5.529409600000059e-07	0.00026414200000000003	0.0005988460000000001	3.5861653171600005e-07	6.977099616400001e-08	-0.000325431	-0.0007001819999999999	4.90254833124e-07	1.05905335761e-07	0.0	0.0	0.0	0.0	0.0	0.0	0.0	0.0	0.0	0.0	0.0	0.0	0.0	0.0	0.0	0.0	0.0	0.0	0.0	0.0	0.0	0.0	0.0	0.0	0.0	0.0	0.0	0.0	0.0	0.0	0.0	0.0
8124.2575485768775	24.72513083811373	611.3320949618425	66003560.71560837	10272.251442949373	-24.583959389150554	105519149.70717548	604.3710592474035	6200.698141910403	1.7409099942460668	3.030767608065841	38448657.44709113	6530.652788283293	10472.390013108428	1.1590200000000002	58.327957	0.13313212000000002	0.0765165	0.0685969319	0.0072152473	-0.1159311101	-0.027977646000000002	-0.0097703996	0.0681831191	0.028539633999999998	-0.002452925	-0.0448469526	-0.0888709967	0.0600076179	0.0907974602	0.0097162094	0.0409571546	0.0054699053	-0.0047368246	-0.0814545006	-0.0398534789	-0.011085925600000001	-0.0530032181	0.08245825080000001	-0.11478388490000001	-0.0588586607	0.0707159934	-0.11610824980000001	0.0845477816	0.0195134851	-0.0475379695	-0.036443732400000005	0.1253784318	0.08862695970000001	0.1201984814	0.0516175046	-0.09091895289999999	0.09054288449999999	-0.0658070575	0.0669908322	-0.0415090855	-0.071784525	-0.0075832222	0.0431876698	-0.06892209469999999	0.0945059374	-0.042774701799999995	0.0201830345	-0.0030927234	0.024926300699999997	-0.0144955317	0.0080831728	-0.020019226799999998	-0.0698619127	-0.0860141225	0.0169322056	-0.0461517725	0.0174691741	0.0035002069	0.04104441	0.04711963190000002	0.1166886786	0.09802128800000001	-0.057668791799999994	-0.00040647230000000016	0.0400642882	0.0070084443000000005	0.0697426712	-0.1023778225	-0.0509036055	0.0709349034	-0.0769093066	0.1337191496	-0.0438232546	0.018526270900000003	0.024493988199999997	0.0954346935	0.1299173157	-0.0043074625	-0.0310856876	0.048118706500000004	-0.08699964019999999	0.0180798142	0.0125632551	0.028736792799999997	-0.1009413025	-0.0324789392	0.0223123416	0.0892370326	0.0499362587	-0.0871171225	0.06764882679999999	-0.07260058400000001	0.0561603105	-0.0062209134999999995	0.1200206309	0.0143939879	0.0647601404	-0.0279489551	-0.0005265466	-0.0465382483	0.050974245300000005	0.0094243687	-0.0952576009	-0.0185502162	0.0460502934	-0.1001318445	0.04480032230000002	0.0362995811	-0.10241400869999999	0.0956654472	0.0142869404	0.053039400599999995	-0.08105238349999999	-0.0723082902	-0.0007582064	0.0260268733	-0.0889671133	-0.0940485324	0.0307154617	-0.0329129363	-0.022228123199999998	0.0111215972	-0.029605037	0.0028888727	0.012152814	0.06273478889999999	0.0790972336	0.0369662541	-0.0320986889	0.012956366399999999	0.1325255619	0.0263697924	-0.017236946	-0.0215693612	-0.0680559438	0.0099011016	0.0195796208	-0.0906006941	-0.0247009755	-0.0575758964	0.0484973505	-0.0984981779	-0.0042181812	0.0889433727	0.1509106359	0.1046966558	-0.0215685398	0.0407220952	-0.0158429043	0.034711231	-0.0516355115	-0.0778828847	-0.1133710351	0.0620743126	-0.026759042099999998	-0.0593680302	0.0244360229	-0.1321062406	-0.010203972	-0.0040363855	0.0630497544	-0.077005424	-0.0022346806	-0.0589086558	0.19832103480000002	-0.0009648475	0.1025731248	0.018114356	0.011065697900000001	-0.0441279144	0.017816055900000002	-0.0448082017	-0.053961134800000005	-0.0005857875	-0.0561375206	-0.058891641200000004	0.0706177419	0.0236287214	0.0028676294	-0.0316032386	0.0487216364	-0.0007405182000000001	-0.098046883	0.0022213857	0.0173949	0.00011140000000000107	1.2409960000000242e-08	0.00030258254601000004	0.677372	0.027078000000000046	0.0007332180840000026	0.458832826384	0.8868709999999999	0.05312899999999987	0.7865401706409998	0.0028226906409999863	0.0166272	0.0008770000000000062	0.00027646377984000004	7.691290000000109e-07	9.42696e-05	-0.00016987240000000006	2.8856632281760014e-08	8.886757484159998e-09	-0.00033483300000000004	-9.402000000000045e-06	8.83976040000008e-11	1.1211313788900003e-07	0.0	0.0	0.0	0.0	0.0	0.0	0.0	0.0	0.0	0.0	0.0	0.0	0.0	0.0	0.0	0.0	0.0	0.0	0.0	0.0	0.0	0.0	0.0	0.0	0.0	0.0	0.0	0.0	0.0	0.0	0.0	0.0
8108.883276994892	-15.37427158198534	236.368226676642	65753987.99992742	10269.168064577048	-3.08337837232466	105455812.73852912	9.507222186919467	6197.695916127535	-3.0022257828677543	9.013359651315898	38411434.66878393	6530.636446732697	10585.396896940141	0.892441	44.912312	0.19928368	0.112938	0.06635663879999999	0.030781588399999997	-0.1173009034	-0.0333291531	0.0119175547	0.0696682579	0.006899588199999999	0.0008075760000000001	-0.0163916199	-0.1228230025	0.0288834896	0.09567621220000001	-0.0069481058	0.0828350133	-0.038738556	0.0440532083	-0.029001608199999997	-0.0243620282	-0.06165823	-0.13039499029999999	0.1337149932	-0.08197138849999999	-0.0854849205	0.031136132200000007	-0.07646944139999999	0.030743749700000007	-0.046542157599999995	0.027193893700000003	-0.0787403042	0.09994157449999999	0.0347505792	0.06895096740000001	0.0369415392	-0.0537732905	0.0327592781	0.0716038311	0.0070436037	0.18825472629999998	-0.0780957705	-0.0441304303	0.0586385565	-0.097717185	0.0739970449	-0.0630024089	-0.0320169903	-0.0212232793	-0.0532947374	-0.024317929500000002	-0.0414716662	-0.043357421900000005	-0.0816292633	-0.0692230715	0.0324737002	-0.0577135454	-1.69777e-05	0.0004073364	0.057420295	0.0159610863	0.11910393550000001	-0.0038786095	-0.0883612817	0.0186537487	-0.0057810764	-0.0033555984	0.1078771212	-0.0317857947	0.08248464030000001	0.0469031209	0.001868719	0.0386159207	0.0463257586	0.0276694608	0.049088106900000004	-0.0736206294	0.0380603432	0.0155187126	0.027831689	0.0747405258	-0.1096244707	0.0404440144	-0.0324697853	0.015161311399999999	-0.0427523449	-0.0633706143	0.0010180494	-0.055232280099999996	-0.0232252484	-0.028796257599999996	-0.042111086500000006	-0.020009403999999998	0.1374869717	0.0267249863	0.057387704299999995	-0.034202634700000005	-0.1177838869	-0.068095671	-0.0432114045	0.0896735095	-0.061653146799999996	-0.0339066419	-0.037302489	0.0156653473	0.0015875879999999998	0.048775326699999996	0.0383572128	0.018249023200000002	-0.0779153568	0.10433521470000001	-0.0669491298	0.0497689111	0.028736270499999998	-0.0726896143	-0.0284756013	0.0135905908	-0.1273184862	-0.0861554054	0.0307540582	0.018615144	0.0187059798	0.025027209300000002	0.0350655378	0.0356492373	0.05519108440000002	0.046780217400000004	0.083642255	0.0058084778000000005	-0.0419354759	0.0581634713	0.1408465269	0.0003320401	0.0001268687	-0.031295609	-0.0631530302	0.0053670813	-0.0544980287	-0.0611037522	0.00035591459999999997	-0.0263322002	0.014710619199999999	-0.1053647848	-0.0977438142	0.0358645358	0.0620536279	-0.0012463017999999998	0.0814063424	-0.0594969507	-0.0211335629	0.0271396473	-0.0259536657	-0.05648606780000001	-0.0032935208	0.0003855604	-0.0795040092	0.0405512607	0.0840439826	-0.0755841672	-0.026698578599999998	0.0985440294	0.052129826100000005	-0.0838054515	-0.0519482255	-0.0064007567	0.083468643	-0.06565736900000001	0.09560241359999999	-0.014896560500000001	-0.049596515099999995	-0.0430279998	0.0861710448	-0.019864501200000002	0.142927726	-0.0632005265	-0.0025261895	0.0094017856	0.0062195135	-0.013817911	-0.0544949287	0.0373078369	0.0412042479	-0.0022213857	-0.09795742199999999	0.006659597099999999	0.0181585	0.0007635999999999997	5.830849599999995e-07	0.00032973112225000004	0.7713149999999999	0.09394299999999987	0.00882528724899998	0.5949268292249997	0.866901	-0.019969999999999818	0.7515173438010001	0.00039880089999999287	0.0174984	0.0008711999999999992	0.00030619400256000004	7.589894399999985e-07	-0.0006801689999999999	-0.0007744385999999999	5.997551451699597e-07	4.6262986856099977e-07	-0.000381336	-4.650299999999993e-05	2.1625290089999936e-09	1.4541714489599998e-07	0.0	0.0	0.0	0.0	0.0	0.0	0.0	0.0	0.0	0.0	0.0	0.0	0.0	0.0	0.0	0.0	0.0	0.0	0.0	0.0	0.0	0.0	0.0	0.0	0.0	0.0	0.0	0.0	0.0	0.0	0.0	0.0
8080.657861801168	-28.225415193724075	796.6740628581099	65297031.47948903	10263.530943378551	-5.6371211984969705	105340067.425689	31.777135406543923	6189.498159135063	-8.197756992472023	67.20321970762394	38309887.46193634	6520.502702965186	10201.29365074843	1.057903	53.23925799999999	0.19073075	0.12198800000000005	0.09099841	-0.043974489000000005	-0.0890278504	-0.1007270972	0.0430499461	0.0814176325	0.0145785003	0.0360421747	-0.0249898753	-0.1246651564	0.009654708599999999	0.0496105152	0.0031505878	0.0629167928	-0.11548893310000001	0.0249131509	-0.018661294199999998	-0.0452909903	0.0310120853	-0.08082484870000001	0.0569652964	-0.0003154443	-0.0977347153	-0.0754425351	-0.047858350599999995	-0.0119494746	-0.0005167393	-0.0963730882	0.002514504	0.068150096	0.0523401612	-0.0369061226	-0.0897277093	-0.0329204528	-0.0160967588	-0.014313985500000001	-0.0057969641	-0.0142016876	-0.08814732630000001	-0.036529399500000004	0.0035144367	-0.08761900210000001	0.0743174894	-0.0869276182	0.0254095757	0.0747265303	-0.1685711657	0.06914003519999999	-0.0062625199	-0.0667961747	0.0350092481	-0.012535609	0.023508692799999998	-0.0242442372	0.027113738300000002	0.0381850146	0.0914225433	0.0447067231	0.0212425044	-0.0281482758	-0.0344559034	0.055764501900000006	0.0660298678	0.0661880431	0.005638260500000001	0.0226544408	0.017529476999999998	0.028766753500000002	0.11143282300000001	0.0011790961	-0.14838935150000002	0.0897983309	0.0394039258	-0.12398321400000001	0.0436494529	-0.033961210299999996	-0.0426461305	-0.058444881399999996	0.089583181	-0.0412528136	0.007528616	0.060471966900000014	-0.09464795919999999	0.05059585900000002	-0.021807	0.0047580862	-0.045219456100000006	0.024836507999999997	0.019108438300000002	0.1183040251	0.032103657	0.055185482699999996	0.025144355299999997	0.030431314900000006	-0.0090202957	-0.0264112767	0.0627746373	-0.0739965849	0.0804369161	0.061794582699999996	0.0817218664	-0.0745131979	0.0041332999	-0.082238223	-0.08893791179999999	0.0207372821	-0.0041695962	0.030286239	-0.0478381772	0.055096737699999995	0.0801931433	-0.0789110051	-0.024757485099999997	0.0381759233	-0.1090511887	-0.0547526334	0.0283895186	0.0086230302	-0.1000306307	0.0221964975	0.1468658923	0.028681043599999997	0.08987480960000001	-0.0452472268	-0.020852267	-0.0238613935	-0.0800486151	0.0184584088	0.0654842444	0.0075750104	0.048266557300000006	-0.043795836799999995	-0.0419252364	-0.030183872200000007	-0.0655153785	-0.1110955755	-0.0160518846	-0.09380596779999999	-0.0158464302	0.0041734805	-0.0472246278	-0.0258094361	-0.005827377700000001	0.0032078826	0.0811947289	-0.057281734699999996	-0.1253450808	-0.0498754582	-0.0278143425	0.014957225900000001	0.033266129	0.001326868	0.0182375672	-0.022353821	-0.14232949949999998	0.0742417685	-0.0472404797	-0.0643187435	0.0857809537	-0.0348056131	0.11032929470000001	-0.027537414399999998	-0.0021320631	-0.022134208199999998	0.0126141242	0.0490511375	0.026789122599999996	-0.0146218934	-0.0263170555	0.0686860968	0.1020471934	-0.0214685558	0.0055895037	-0.08284796009999999	0.0249441887	0.0774074111	-0.0157612205	-0.06925917849999999	-0.0763744241	-0.0037017465000000003	-0.0977785816	0.0110841379	0.0203812	0.002222700000000001	4.940395290000006e-06	0.00041539331344000015	0.765521	-0.005793999999999855	3.3570435999998324e-05	0.586022401441	0.799181	-0.06772	0.638690270761	0.0045859984	0.0155941	-0.0019043000000000007	0.00024317595481000001	3.626358490000004e-06	-0.0010387800000000002	-0.00035861100000000027	1.2860184932100025e-07	1.0790638884000003e-06	-0.000418306	-3.6969999999999987e-05	1.3667808999999994e-09	1.7497990963599994e-07	0.0	0.0	0.0	0.0	0.0	0.0	0.0	0.0	0.0	0.0	0.0	0.0	0.0	0.0	0.0	0.0	0.0	0.0	0.0	0.0	0.0	0.0	0.0	0.0	0.0	0.0	0.0	0.0	0.0	0.0	0.0	0.0
8077.621773359385	-3.036088441783249	9.21783302632984	65247973.51344962	10270.30394243943	6.7729990608786474	105479143.0700869	45.87351627866303	6186.350269881132	-3.1478892539316803	9.909206755018552	38270929.66165835	6517.8598767062085	10156.828025639508	0.954636	48.042294	0.3616884	0.229789	0.0572134388	-0.028377930899999997	-0.0567563475	-0.0796489733	-0.0308843572	0.0634189008	-0.0070216739	0.0012470912	0.018396318300000002	-0.0569004742	-0.0070820195999999995	0.0738175951	0.0240237575	-0.0031813033	-0.12515749240000001	-0.0108499379	0.0091795399	-0.0735566089	0.041730067	-0.026735541600000003	0.0011983359	-0.0100785224	-0.0092408072	-0.0960430896	-0.05566838650000002	-0.0422517332	-0.005214695399999999	-0.108835727	0.04509372440000002	-0.0300175479	0.0376313076	-0.0141045898	0.0105161348	-0.12153561439999999	0.0168163261	-0.0040489498999999995	-0.060532526600000004	0.0097686713	-0.056035143899999994	-0.0758231329	0.0211291578	-0.016290579399999998	0.043434771500000004	-0.0136425921	0.0650419839	0.0880949826	-0.09122926210000001	0.0415723623	-0.0014457307000000001	-0.0332755489	0.0050089661	-0.040182916	0.0814301907	0.0235010569	0.0555504328	0.047122028600000004	0.030476742400000006	0.1008153661	-0.045797173899999995	0.0647680239	-0.0484974085	-0.0672889066	0.0513505258	0.0945495269	0.1035116104	0.0628317042	0.0331907695	-0.072925543	0.0646192533	0.0127630369	-0.0536740028	0.0662944223	0.060129040599999996	0.083159086	0.0982938809	-0.0684069975	-0.08714567990000001	-0.032229504	-0.0317302015	0.06314780589999999	-0.0730772957	-0.03418318	0.08060676259999999	0.0075004102	-0.0311178572	-0.020104829299999998	-0.0843256356	0.0024800846	-0.026882373799999998	-0.0523296924	-0.1161790996	-0.0689708074	-0.0820527286	0.0419452934	-0.0401887218	-0.047731195700000006	-0.0130158551	-0.019319097	-0.0377266402	-0.0038811109000000004	-0.0214894347	0.0731014205	-0.0033938273	-0.1010865218	-0.0019256798	0.0280449618	0.0331969141	-0.1212957717	0.0955445023	-0.028900026699999998	-0.034945798199999996	-0.048869195	-0.0619271842	-0.0204900087	-0.0455109575	-0.0396127444	0.0053261244999999995	-0.0290178404	-0.0940073717	-0.041261897799999996	0.1065764529	-0.0014635081	0.0487468641	-0.0156879369	-0.0183856605	-0.0337393012	-0.11010317830000001	-0.0412305683	0.0544408096	-0.0065977288	-0.0010822089	0.0122813303	0.0078939072	-0.025905430400000002	-0.0387459956	-0.1190747464	0.06815698860000001	0.017087253	0.0981461222	0.0063221179	0.017980039099999998	0.0471674979	-0.10218355650000001	-0.0424084941	0.0286862273	0.0075356109999999985	-0.0627283762	-0.0220587921	-0.0240463711	-0.0639040392	-0.1620732859	0.0286312575	0.040374935	0.021310668799999998	-0.0837316992	0.0355784375	0.043948619	0.0520028684	0.0372408828	0.039062357400000004	0.0286659263	-0.0638297733	-0.0019965310999999998	0.0402392773	0.0491215766	-0.07503841900000001	0.015537295500000001	0.0465156246	0.0334825875	-0.0244106839	-0.09679846449999999	-0.0300964609	0.0027612685999999997	0.0920964075	-0.0883554901	-0.038412995400000004	0.0024175410999999996	-0.0171237232	-0.1317371299	-0.0051812628	-0.097510525	0.015485925400000001	0.0149036	-0.0054776000000000035	3.000410176000003e-05	0.00022211729296	0.5586180000000001	-0.20690299999999995	0.04280885140899998	0.3120540699240001	0.713209	-0.08597200000000005	0.5086670776810001	0.007391184784000008	0.014815	-0.0007790999999999996	0.000219484225	6.069968099999993e-07	-0.00144926	-0.00041047999999999963	1.6849383039999981e-07	2.1003545476e-06	-0.00034117	7.713599999999995e-05	5.949962495999992e-09	1.163969689e-07	0.0	0.0	0.0	0.0	0.0	0.0	0.0	0.0	0.0	0.0	0.0	0.0	0.0	0.0	0.0	0.0	0.0	0.0	0.0	0.0	0.0	0.0	0.0	0.0	0.0	0.0	0.0	0.0	0.0	0.0	0.0	0.0
8078.387175186663	0.7654018272778558	0.5858399572002806	65260339.35222035	10268.512277226031	-1.7916652133990283	105442344.38754173	3.2100642369041856	6178.05770304077	-8.29256684036136	68.76666480186078	38168396.9821014	6509.891141097598	10222.455303421992	0.8611219999999999	43.336208	0.16366447000000006	0.0903792	0.0410470529	-0.0121827405	-0.0328034248	-0.05942262650000001	-0.032670162	0.0301612402	-0.0337564627	-0.053724239900000005	0.0361465968	-0.022365586899999998	-0.0513952717	0.045084516	0.0014945495000000001	-0.020942099199999998	-0.1331406844	-0.0157179626	0.0105648105	0.025152846	0.0735333588	0.07618550730000001	-0.0033286684999999996	-0.0109213549	0.0356139796	-0.11106412289999999	-0.0874420792	-0.0638651901	-0.0300672486	0.052544277400000006	0.0156586849	-0.0097409479	0.0060478062	0.10077927789999999	-0.09615664380000001	0.0283846329	-0.0364230191	-0.011908533600000002	-0.0425530728	0.0110196918	-0.0612563266	-0.1089003432	0.0237503757	-0.0017867758999999999	0.0105124973	-0.0136517262	0.1118511317	0.0905496301	-0.10254873980000001	0.0219696685	0.012216833799999998	-0.0788889468	-0.0523374113	-0.0313665118	0.0677458151	0.069670185	0.0978703086	-0.0380092209	0.008276995	-0.0115082791	-0.1053941712	-0.0050763887	0.0488638306	0.0293450177	0.1198442716	0.0187745923	0.037393828	-0.0566698603	0.0784091682	-0.0336038891	0.16032178019999999	-0.12580598880000002	-0.0246749869	-0.1079235668	0.0425316396	0.0532683327	-0.0091820675	-0.027961716299999998	0.0740674543	-0.0159205459	-0.044717098200000006	-0.042608298600000004	-0.0119356723	-0.050534028700000004	0.031319636899999996	-0.034844818799999996	-0.020429866499999998	0.0211508847	0.06960307389999999	0.023938357599999998	0.0137168599	-0.0048807983	-0.0475093958	0.144468699	-0.028984424900000007	0.0080919327	-0.1348021349	0.025816276099999997	0.0468419941	-0.0225436319	0.0858973348	-0.014930251100000003	-0.053660512300000004	-0.0201942084	-0.023203075	0.0449768124	0.027705831099999998	0.027879040299999998	0.0585019757	-0.054253791399999994	-0.0393749258	-0.07043657219999999	-0.0647866965	-0.0405501247	-0.099658709	-0.043624715700000004	-0.024060961699999998	-0.0028629977	0.015492934	-0.0519654363	-0.09515325960000001	-0.07062713799999999	0.11536150839999999	0.0107112226	0.0767722649	0.006809081999999999	-0.0623178125	-0.0338491685	-0.0724825776	-0.0606061211	0.0365735976	-0.080521772	0.018687536499999997	0.0794144676	-0.0243516648	0.0205057753	-0.0988982815	0.028409458500000002	0.0165398676	-0.11364397300000001	-0.011225531399999999	0.06941469759999999	-0.0662116046	0.0462880803	-0.1077219894	-0.0739219	-0.0434115432	-0.0433685513	-0.054882365	0.1673853775	0.022870333	0.020859795	0.0137525478	0.0035021149	0.0738373298	0.090024798	0.0484601306	0.0436734185	0.008611183100000001	0.054965385199999994	0.0498054192	-0.004996419	0.0140843558	-0.07101391559999999	-0.0473335203	-0.0111115172	-0.0574667873	0.055501391	0.024863862200000003	0.0535634633	0.0387971795	0.054019810099999996	-0.080772158	0.0038744622999999996	-0.005860424499999999	0.0147860202	0.0684447185	-0.011796638500000001	-0.0994864541	0.0765629977	0.0108956917	-0.006659597099999999	-0.0971534967	0.019855923799999998	0.0138319	-0.0010717	1.1485408900000002e-06	0.00019132145761	0.500933	-0.0576850000000001	0.003327559225000011	0.25093387048899995	0.6467310000000001	-0.06647799999999993	0.4182609863610001	0.00441932448399999	0.015044799999999997	0.00022979999999999702	0.0002263460070399999	5.2808039999998635e-08	-0.00119109	0.0002581700000000001	6.665174890000003e-08	1.4186953880999997e-06	-6.05446e-05	0.00028062540000000003	7.875061512516003e-08	3.66564858916e-09	0.0	0.0	0.0	0.0	0.0	0.0	0.0	0.0	0.0	0.0	0.0	0.0	0.0	0.0	0.0	0.0	0.0	0.0	0.0	0.0	0.0	0.0	0.0	0.0	0.0	0.0	0.0	0.0	0.0	0.0	0.0	0.0
8070.3930961880615	-7.994078998601253	63.90529903587762	65131244.72699992	10266.233876841588	-2.278400384442648	105395558.01400988	5.1911083118284065	6177.203624565837	-0.854078474932976	0.7294500413438381	38157844.61934932	6508.5726115633715	10144.691060097719	1.0504209999999998	52.862686	0.28481133	0.145246	0.0565651247	-0.011638526699999999	-0.0732244566	-0.0480297661	-0.0439469332	0.0534985179	0.0025616278	-0.048429114	0.008127246099999999	-0.031612107599999995	-0.0545064637	0.0792923272	0.0465936726	-0.009397690799999999	-0.044332433	0.1377442957	-0.0147947238	0.0736568656	0.2001330281	-0.0772720269	-0.074075545	0.0378920534	-0.0426165561	-0.0224643856	0.0050153176	-0.0432746409	-0.0145940678	-0.0188232822	0.027816393	0.017225612	-0.04551363889999999	-0.0214169849	0.10137621029999999	0.0072614448	-0.054034817	-0.0339903165	0.0231533175	-0.0150223054	-0.0657027789	-0.0831062816	0.047197281900000006	0.0227359894	0.1012015307	-0.0011120228	0.1000130011	0.050560696100000004	-0.0315704046	-0.0024296048	-0.0119537176	-0.0313335519	-0.1132842119	-0.017752990700000002	0.0027180432	-0.0080112539	-0.0337491408	-0.09581624849999999	0.01022643	-0.024584446800000003	0.0588653051	-0.038934807599999996	0.0137571185	-0.1289296948	-0.0118855708	0.0414321847	-0.0683304705	-0.10055817189999999	-0.0330166817	-0.0017953072	0.0270436962	-0.0048172072	-0.0297213086	-0.0026750009	-0.0718390916	0.017810603799999998	0.0881238755	-0.0514681142	0.0665814223	0.1160975992	-0.04616741519999999	-0.0219106812	-0.0107980066	0.0776882428	0.1529581833	0.0835484511	0.0582209428	0.04526583	-0.0865444122	0.014697576	0.0179113067	0.0178020932	-0.0179766047	-0.0184171426	-0.1993470634	0.10518261109999999	-0.0026201289	-0.0667429928	-0.0248228318	0.019308061	-0.0081561308	0.0030292731	0.0439603522	-0.052556356799999995	0.022899123599999998	-0.0763758707	-0.0722812964	-0.059204963	0.039876205	0.0631911307	-0.0366080501	-0.0558950543	-0.031791542799999996	-0.0582992231	-0.0736853968	-0.042122239000000006	-0.0190055726	-0.0817098122	0.0098821224	-0.0799592242	-0.0718086594	-0.060298418799999996	0.015458073400000001	0.0249758221	0.1275649129	0.09907268820000001	0.0027255933	0.042254404100000004	0.040373172	0.0150509552	-0.0662759224	0.0323665889	-0.1005185069	0.0127916902	0.0075568177	0.0425485933	-0.010758848400000002	-0.049076069900000005	-0.031217758999999998	-0.0358525023	-0.059856290199999995	-0.018644564199999998	0.0037547672999999997	-0.025434241899999998	-0.0047493838	0.12280231539999999	-0.0548790338	0.0327012263	-0.10522977160000001	-0.048932113099999994	0.0779071	-0.0736575756	-0.0119328697	0.00727405	0.0145773277	-0.010246172900000001	0.048415319500000005	0.027591268	-0.0279768756	0.11822536439999999	-0.0712707261	0.075319732	0.1007864208	-0.11573104279999999	-0.0251117914	-0.0586096787	0.0273825698	-0.0426725349	-0.1009092964	0.11273262949999999	0.005353392199999999	0.1237155576	-0.09096408289999999	-0.0084225473	-0.0366127717	0.0340014671	0.0652402316	0.0478360783	-0.0658155645	0.1039538458	-0.12201909960000001	-0.0081364123	-0.09670782259999999	0.0241851625	0.02746	0.013628100000000002	0.00018572510961000006	0.0007540516000000001	0.480182	-0.020750999999999964	0.0004306040009999985	0.23057475312399997	0.76253	0.115799	0.5814520009	0.013409408400999995	0.016213299999999996	0.0011684999999999994	0.0002628710968899999	1.3653922499999987e-06	-0.000242789	0.000948301	8.992747866009999e-07	5.8946498521000004e-08	0.000515319	0.0005758636	3.3161888580496e-07	2.65553671761e-07	0.0	0.0	0.0	0.0	0.0	0.0	0.0	0.0	0.0	0.0	0.0	0.0	0.0	0.0	0.0	0.0	0.0	0.0	0.0	0.0	0.0	0.0	0.0	0.0	0.0	0.0	0.0	0.0	0.0	0.0	0.0	0.0
8077.8000609531555	7.406964765094018	54.86312703134426	65250853.8247348	10276.915775748836	10.681898907247161	105614997.86183529	114.10296426464808	6188.674995606766	11.471371040928714	131.59235355865798	38299698.20124841	6518.31550649546	9986.411547073241	1.048189	52.75036600000001	0.332504697	0.16488699999999998	0.0621633416	-0.0893207622	-0.0818734285	-0.0488174428	-0.026710603500000003	0.0486419108	0.0265565405	-0.049819334699999995	-0.0549716921	-0.0328612734	-0.031380223900000004	0.06562271900000001	0.0167784555	-0.0757357275	-0.0958155564	0.0865493766	-0.0755037024	-0.0045594363	0.0405032097	-0.026489472599999998	0.0435631426	0.0396054889	0.023343628300000002	-0.0586694827	-0.0351266181	-0.0885652954	0.0863010507	-0.034378687799999995	-0.0260187883	-0.024780173500000002	-0.011719926	-0.011787473400000002	-0.0276084856	0.1033786215	0.0079514845	-0.010940818100000001	-0.0014719672	-0.060971185899999995	-0.0427253341	-0.0362681666	0.0305357404	0.0221544616	0.1493479942	0.025487176400000002	0.07116547549999999	0.0887630193	-0.0344690143	0.04068444	-0.052513160700000006	-0.045719297400000004	-0.05851114	-0.0427894962	-0.0075324617000000005	-0.011434021499999999	-0.12373187990000001	-0.034733805699999995	-0.0295937942	0.0847987724	-0.0013211872	0.0230946162	-0.0237196703	-0.06708227139999999	0.013341118600000002	-0.0456465249	-0.0489574972	-0.005940466700000001	0.0237265386	0.0320076897	0.09297082	0.025790356	-0.09986021199999999	0.005144172	0.08435252480000001	0.0312576045	-0.0411498402	-0.0411818491	0.10634351310000001	0.0197989612	0.009439954399999999	0.034374571	-0.1199675185	-0.015570765	0.044308323200000006	0.0144217162	0.0376917274	-0.038420137	-0.08600977859999999	-0.10998015380000001	0.0396035324	-0.055036200199999996	-0.028824746600000006	0.06647422389999999	0.088345584	-0.0190191826	-0.0217481125	-0.028837670699999998	0.0816392221	0.0864811418	-0.021264548199999997	0.08977270470000001	-0.0165729428	-0.0221660927	0.053225039800000006	-0.030019411200000002	-0.0162768693	-0.0268921565	0.0611670056	-0.0330152834	0.0164220069	0.049921522999999995	-0.11556140529999999	-0.0421143514	-0.0278349465	0.0034066565000000003	-0.0078837919	-0.127557834	-0.042238586200000004	-0.0706362442	-0.09710149009999999	-0.0359877033	0.0242525051	-0.019059514099999997	0.1268024995	0.0187372001	0.0083970964	0.025970458199999998	-0.040230367999999996	0.059279296399999994	0.0096129575	-0.07831930549999999	-0.0625827472	-0.08047760059999999	-0.0029299315000000004	-0.0031541291	-0.0084889037	-0.0461260228	-0.0433360453	0.0089478326	-0.0183326264	0.016766130900000002	0.0007691767	0.052558466799999995	-0.077823753	0.039817536699999996	-0.0490765402	-0.0026572079	-0.11786154089999999	-0.0443702577	-0.0454230845	-0.007951031400000001	-0.061206787699999994	-0.017845619899999998	-0.0430685033	0.0466440333	0.08825898880000001	0.0821961888	0.07716426280000001	-0.0512668129	0.030443224300000002	-0.0062665504	-0.0177970546	0.0736042296	0.047625279900000005	-0.0304105457	-0.032289423399999996	-0.0202761573	-0.0773617944	0.0182899103	-0.0306880465	-0.0031644085	-0.06262308030000001	-0.0068927271	-0.0952470207	-0.0742526232	-0.01962848	0.039005091299999996	-0.1127165417	0.0516458758	-0.0272193577	-0.0096113714	-0.0961739093	0.0284647545	0.0258932	-0.0015668	2.45486224e-06	0.0006704578062400001	0.426311	-0.053871000000000065	0.0029020846410000058	0.181741068721	0.833241	0.07071099999999997	0.694290564081	0.0050000455209999965	0.0137333	-0.002479999999999996	0.00018860352889	6.150399999999981e-06	-0.00137113	-0.0011283410000000002	1.273153412281e-06	1.8799974769e-06	-3.45794e-06	-0.00051877694	2.6912951347576365e-07	1.19573490436e-11	0.0	0.0	0.0	0.0	0.0	0.0	0.0	0.0	0.0	0.0	0.0	0.0	0.0	0.0	0.0	0.0	0.0	0.0	0.0	0.0	0.0	0.0	0.0	0.0	0.0	0.0	0.0	0.0	0.0	0.0	0.0	0.0
8092.924566840261	15.124505887105446	228.75067832908718	65495428.04456662	10269.02674713479	-7.889028614044946	105452910.33336976	62.23677247321992	6187.082252679284	-1.5927429274825045	2.5368300330455384	38279986.80141896	6519.381591154574	9982.897871697904	0.987843	49.713451	0.3913722969999999	0.213819	0.0846651618	-0.09253621880000001	-0.1178832009	-0.082559802	0.0396878372	0.0776497198	0.0408880056	-0.010010537	-0.0885678639	-0.09278862939999999	-0.006738969	0.0719245019	0.0156010004	-0.0689548753	-0.0493022838	0.0298424091	-0.0370619278	0.002128053	0.0257556538	0.0173525602	0.005629705600000001	0.0274376583	-0.0404328993	-0.0140570813	0.0330574139	-0.09467057220000001	0.1440574912	-0.0824880722	-0.0513699595	-0.0008350095	0.0115947377	0.0086813776	0.0104265303	-0.0010933431	0.0223561239	-0.062154687	-0.0164104936	0.009629167099999999	-0.0693547756	-0.0055869711	0.001284121	-0.0323705375	0.17909913219999998	-0.0219939384	0.0560599796	0.1016328831	-0.0079418952	0.07160458389999999	-0.0803163969	-0.0408946314	0.026272449700000002	-0.1138159433	0.0816227463	0.0420974479	-0.0921539819	-0.031218632000000007	0.0085251001	0.0224761065	0.0187601916	0.0827415735	0.0886839598	-0.11253251980000001	0.049731481900000006	-0.050741135300000004	-0.0497695917	-0.0081607148	-0.018541879299999998	0.0394180499	0.0758953259	0.0140590289	0.0597287675	0.02444545	-0.07083593	-0.0191572137	0.1442247466	0.037415925	-0.030860136099999998	-0.0748049163	0.0526699921	-0.0083738971	-0.0049531938	0.0631532171	0.005794116899999999	-0.12070403369999999	0.1127558607	0.0752155432	0.012938948799999999	0.0046253103	0.0035899767999999998	0.0205059014	0.0397804533	0.1574364768	-0.0661754803	0.0090456087	-0.023555952400000003	-0.0276307632	0.1941519256	0.006700146800000001	0.030549478199999997	-0.0016236247	0.012936234199999999	-0.0649601497	-0.0650905046	0.15324834199999998	-0.06475570929999999	-0.0223175765	-0.1668369662	-0.051835535300000006	0.052738096799999995	-0.0179419058	-0.0865571087	-0.062390920999999995	0.0014755023000000002	0.0630310093	-0.0602420107	-0.1449013639	-0.0155750234	-0.0580325475	-0.11263089119999999	-0.0119674311	-0.0020090301000000002	-0.0340235637	0.09880612109999999	-0.0220095299	0.0455738989	0.035546857700000004	-0.125425051	-0.0554088862	-0.052571465199999994	-0.1070005654	-0.1264287894	0.0136960928	-0.0510379346	0.0180604602	0.0751759791	-0.0708622939	-0.0914676283	0.0208262226	-0.0039954436	-0.0572851727	0.05108332	-0.0832395286	-0.0156966909	0.0282251507	0.031061836800000006	0.0203340643	-0.0303971582	0.029071394599999998	-0.10674472539999999	-0.02767189	-0.0252930564	-0.0012181662	0.041347389500000005	-0.0225082495	0.0204918826	0.08589514289999997	-0.1162190694	-0.0241478847	-0.034478526	-0.012377116899999999	0.0374241871	-0.0571160286	-0.0547172013	-0.0213353294	0.0012529336	0.012563460600000001	-0.0386123157	-0.0804420049	0.0025843028	0.1232130144	-0.0083362998	0.1134229875	-0.0684127442	0.0663004914	0.0694139724	0.0437975329	-0.1055098027	0.0034728229	0.0095528473	-0.0110841379	-0.0955522439	0.0326859148	0.0100708	-0.0158224	0.00025034834176000003	0.00010142101264	0.582673	0.15636200000000006	0.024449075044000016	0.339507824929	0.955302	0.12206100000000007	0.912601911204	0.014898887721000018	0.015063900000000003	0.0013306000000000012	0.00022692108321000005	1.7704963600000031e-06	-0.000932183	0.0004389469999999999	1.9267446880899987e-07	8.689651454890001e-07	0.000169533	0.00017299093999999997	2.9925865322083596e-08	2.8741438088999998e-08	0.0	0.0	0.0	0.0	0.0	0.0	0.0	0.0	0.0	0.0	0.0	0.0	0.0	0.0	0.0	0.0	0.0	0.0	0.0	0.0	0.0	0.0	0.0	0.0	0.0	0.0	0.0	0.0	0.0	0.0	0.0	0.0
8108.602967272867	15.678400432606395	245.81224012515239	65749442.08086635	10271.175739344455	2.1489922096643572	105497051.06849809	4.618167517198095	6190.906850906079	3.824598226795388	14.627551596406427	38327327.63659582	6525.81045498528	9914.249655600179	1.421298	71.52716099999998	0.44677419999999984	0.235772	0.07574606730000001	-0.14604006619999998	-0.078598188	-0.094050331	0.09761768529999999	0.0593736392	0.049941077800000004	-0.037085566	-0.1501654489	-0.0957224527	0.0664368429	0.0873259753	0.002866908	-0.141178205	-0.0240452947	-0.09065315859999999	-0.0107220824	0.035715983	0.050889946900000003	-0.005544019599999999	-0.0635957955	-0.0226902899	0.031059198599999997	-0.0012632474	0.0473416422	-0.0566782114	0.12884201779999999	-0.1143727635	-0.025241700699999998	0.0431499135	0.052915059199999996	0.0607519929	-0.041277887400000005	-0.062442333899999994	-0.031246597200000007	0.07955783570000001	0.0038487813	0.024565734900000004	-0.0461944242	-0.0189041363	-0.0330779718	-0.0391074762	0.205291055	-0.0192604329	0.0576461954	0.06122095280000001	0.0162054764	0.0148254277	-0.0494904089	0.0752397369	0.0732731412	-0.0264738579	0.0141511259	-0.14604862119999998	0.0605800912	0.0462883248	0.0900197232	0.0174460671	-0.1023766941	0.101528279	0.2820171261	0.05698193450000001	0.019098406499999998	0.007419964499999998	-0.1761638002	0.06948899929999999	-0.1148856908	-0.2147041023	0.02667481	-0.0918226196	0.021778132999999998	-0.1535619809	-0.0670644629	-0.22115587420000002	0.05087681980000002	0.053630373700000004	-0.0073646678	-0.058288528	0.027862875699999998	-0.14730268470000002	0.0922071035	-0.0563027126	0.1139921278	0.0424974924	-0.0310721071	0.026490270899999998	-0.1687530561	-0.0015412081	0.013760271000000001	0.0441827678	0.09727293769999999	-0.061442525	0.0130637823	-0.0220440527	0.1281363497	0.0454277333	-0.0318680715	-0.020696828799999997	-0.0418229399	0.0372350225	0.10784755359999999	0.09561937050000001	0.049756752300000005	0.009713830699999999	0.015019158700000004	-0.0637101529	-0.0504505058	-0.06059683110000001	0.0075741189	0.21003032510000005	-0.12018340640000001	-0.0341760018	-0.009132554000000001	0.1074688047	-0.0514900655	-0.1856229931	-0.00036688300000000003	-0.099126566	-0.0835753144	0.00020936169999999997	0.0249374604	-0.0730194712	-0.0289095972	-0.055965750999999994	0.0629524801	0.0452722608	-0.0482086154	-0.0004995948000000001	-0.0167589416	0.0170592136	0.0216124535	0.1470506255	-0.1376562704	-0.058829954500000003	0.0461788784	0.0760698586	-0.0827363414	-0.056071034000000006	0.0276888234	0.13835648039999998	0.2305502682	-0.16418956769999998	-0.10873117869999999	0.0479841014	-0.023800521800000002	0.044819534400000006	-0.0397726698	0.0582983146	-0.1327791406	0.0416457015	0.25506487829999996	-0.0854953618	0.1750204046	-0.1118940477	-0.0450214443	0.0721370965	-0.037710671200000004	-0.0046572669	0.053027477999999996	0.0337808183	-0.0636974966	-0.0268001244	-0.1264268945	0.005386473399999999	-0.09424486779999999	-0.1492240093	-0.1362419426	-0.037520394500000005	-0.183199666	-0.0307623488	0.11447325119999999	0.0232644858	0.037314637799999995	-0.026058096	-0.1044580838	0.075519269	0.0965285883	-0.0549750875	-0.024009397999999998	-0.012554375900000001	-0.09484339369999999	0.0368399782	0.0198028	0.009732	9.471182399999998e-05	0.00039215088784	0.5052369999999999	-0.07743600000000006	0.005996334096000009	0.2552644261689999	1.04947	0.09416800000000004	1.1013872809000005	0.008867612224000005	0.0112247	-0.003839200000000001	0.00012599389009000002	1.4739456640000005e-05	0.000303406	0.001235589	1.526680176921e-06	9.2055200836e-08	0.000403508	0.000233975	5.4744300625e-08	1.62818706064e-07	0.0	0.0	0.0	0.0	0.0	0.0	0.0	0.0	0.0	0.0	0.0	0.0	0.0	0.0	0.0	0.0	0.0	0.0	0.0	0.0	0.0	0.0	0.0	0.0	0.0	0.0	0.0	0.0	0.0	0.0	0.0	0.0
8115.370201174108	6.767233901240616	45.795454674100284	65859233.50210469	10300.008737033351	28.832997688896285	106090179.98296335	831.3417557278985	6210.699042259197	19.79219135311814	391.73083855844453	38572782.59351931	6546.805160064232	10293.352019031407	1.553105	78.16041599999998	0.4973114500000001	0.29428000000000004	0.0068197187	-0.0566445629	-0.08876705119999999	-0.0021741285	0.045168510499999995	-0.0006275095	0.0358135588	-0.0338421396	-0.2462196037	-0.0790235852	-0.0059033483	0.0878969292	0.07579065730000001	-0.0925143965	0.1242906938	0.0448400137	0.1279082791	0.06736090110000001	-0.0164145527	-0.0236502695	-0.12503713460000002	-0.1553476896	-0.0240526332	-0.0326088534	-0.0535682263	0.07817748	0.15062448109999999	-0.1100817878	-0.16944657300000002	0.024285405099999997	-0.0485949732	0.0235609909	0.0680145334	-0.10054851869999999	-0.12083128439999999	-0.0045817871999999996	-0.09213783099999999	-0.0598307796	0.033682637599999996	0.061276493	-0.0318183168	0.0384245296	0.2748224516	-0.035346168	0.025938226499999998	0.009133363	0.0793235048	0.0293101296	-0.0352360358	-0.1353534769	0.0671060998	-0.1044477942	-0.0598723427	-0.0358681006	0.0516707687	0.0397054608	0.1202717726	-0.011884983200000001	-0.0387835549	0.0834366208	0.1212346214	-0.050789977	-0.0906988551	0.0128864971	-0.018128049099999998	-0.0473103539	-0.0113341758	0.0294335815	-0.0834569343	0.012792044099999999	0.023290894500000003	0.054375655599999996	-0.0274795162	0.0777591673	0.1051820483	-0.1090175818	0.1194401766	-0.054655546500000006	-0.0747704944	0.1512256635	0.078795726	0.0039387785	-0.0990760552	0.0006448303	0.0277335345	-0.0242969258	0.1304557933	0.18746241	0.012135653400000002	0.0222981846	0.0728977552	0.0848364084	0.0009572194000000001	-0.0089594653	-0.009051897199999999	-0.0679066869	0.0146468265	-0.10560857380000001	-0.133312964	0.108678984	0.0336251408	-0.06814906849999999	0.0583504486	0.1221902775	0.0597499395	0.0082572264	0.15954997810000002	0.0523819528	-0.0897207963	0.0623960325	0.04298052769999999	0.0332763973	0.0632604056	0.1173041063	0.0116415501	-0.2502242172	-0.0037930753999999996	-0.047108596399999994	-0.0750551101	0.0016238892000000002	-0.14264387550000002	0.05562089519999999	0.0450439218	-0.10843805890000001	-0.010519916499999999	0.1343589383	0.0383758459	-0.0595020957	0.028429087599999996	-0.0338009088	-0.0057593257	0.19581592609999998	-0.1578832677	-0.066620406	0.056222518099999994	0.0126827199	0.028377086800000006	-0.0360037821	-0.0259686719	-0.0724532005	0.0099084467	-0.0238330942	-0.012376989	0.057544143099999986	-0.0490479253	-0.0190227594	0.0747623749	-0.12351715449999999	0.0736519217	-0.1616234199	-0.011313211799999999	0.08521727359999999	0.0012443686	0.2853367196	0.0501003309	-0.0906664598	-0.1073056535	-0.09869985460000001	-0.0034954999	0.0178449346	0.1128975959	0.0426623663	0.045468724	0.0047991952	-0.0033548108	0.09252397470000001	0.11133656410000001	-0.0863535651	-0.0032931312	-0.1262986046	0.0573821741	-0.0359245486	-0.008600708	0.1062369337	0.1192985102	0.1605665117	-0.0033811188	0.0016946944	-0.009561811	-0.01402175	-0.0940480054	0.0409184175	0.0196707	-0.00013209999999999958	1.745040999999989e-08	0.00038693643849	0.247163	-0.2580739999999999	0.06660218947599995	0.061089548569000014	1.16164	0.11216999999999988	1.3494074896	0.012582108899999974	0.0116686	0.0004439000000000005	0.00013615622596000002	1.9704721000000047e-07	-0.00120669	-0.001510096	2.280389929216e-06	1.4561007561000004e-06	-0.000181203	-0.000584711	3.41886953521e-07	3.2834527209e-08	0.0	0.0	0.0	0.0	0.0	0.0	0.0	0.0	0.0	0.0	0.0	0.0	0.0	0.0	0.0	1.0	0.0	0.0	0.0	0.0	0.0	0.0	0.0	0.0	0.0	0.0	0.0	0.0	0.0	0.0	0.0	0.0
8124.684001147663	9.313799973555431	86.74686994740118	66010490.11850481	10275.140561702789	-24.868175330562728	105578513.56274988	618.426144271609	6204.9819015228195	-5.717140736377587	32.68569819954806	38501800.39822575	6531.955290490771	10127.770356559273	1.598536	80.446754	0.90821431	0.661913	0.0973797644	-0.075656129	-0.1133949467	-0.03579277	0.10980879880000001	0.060554379299999996	0.0837030044	-0.0415586644	-0.1333443122	-0.124044939	0.10429478060000001	-0.0658560438	-0.0786113872	-0.0445780086	0.0854880568	0.0029560092	0.1030297951	0.08812231640000001	0.0508774413	-0.0792405553	-0.0171060078	-0.0605345138	0.10930991970000001	-0.0156381903	-0.0167076573	-0.018792819199999998	0.043187941900000006	-0.0179016948	-0.0488596773	0.048910796900000005	-0.0228667509	-0.1704773444	-0.1644715614	-0.0832734097	-0.05544078	-0.0674204081	-0.0328431129	0.0765691824	-0.09607130800000001	0.0486925701	-0.136945483	-0.0950727376	0.1232213435	-0.0531357855	-0.0726480883	-0.062914202	-0.0296932779	0.0181872624	-0.0609026053	-0.0203722028	0.0254549928	-0.0334618551	-0.0687586936	-0.2092433562	-0.13342349369999998	0.1224771707	0.0206472907	0.0688752911	-0.045358785199999994	-0.1081244271	0.050006164699999994	0.0551703976	-0.0039911912	-0.0299267633	0.022848366000000002	0.025043962700000002	0.0300819778	-0.052863321500000005	0.009961516600000001	-0.0376221885	0.0309640796	0.043204844299999996	0.11595945269999999	0.0712160292	0.1223996264	0.10029745820000001	-0.0430901583	0.1396016265	-0.0579155976	0.0016867072	-0.0124721648	0.08014626700000001	-0.009517023000000001	-0.0739818418	0.009278685600000001	0.0333297346	0.07280787799999999	0.1312694469	-0.131229712	0.1386941712	0.0006583391999999999	0.020546321399999998	0.1449391012	-0.045856692000000004	0.010151378	-0.0552010875	-0.0671715934	-0.0360347439	0.083762678	-0.0197126195	0.0173331156	0.1226363529	0.005178557	-0.10327626050000001	0.1552448414	0.0011473544	0.0340740597	-0.1134239456	0.0715512056	-0.07319584059999999	0.0619106714	-0.0775117792	0.024697677400000003	0.2248580162	-0.0595306326	-0.0771083976	-0.0088486267	0.0184234861	0.012830640800000001	0.1090910619	-0.0344461269	0.0076602025	0.038225872	-0.114672162	0.0177897724	0.1253807745	-0.0156820799	0.2174307621	-0.0368234269	0.0103269026	0.10184096710000001	0.008344403	-0.0423152923	-0.1376806619	0.0143160461	0.0163166625	-0.0722966636	-0.0447765189	0.07935198519999999	0.013828713999999999	0.0922082199	-0.0286384348	0.0119031007	0.033705555400000003	-0.0090358657	-0.1524722644	-0.0086064283	0.1207602499	0.0485930674	-0.066642645	-0.05016751	0.0675891453	-0.2035027508	-0.011917880700000001	0.045118566799999996	0.054789106	0.023942060499999997	0.09398431480000001	0.06120061	-0.0432723183	0.1896452959	0.0462575349	-0.10216871710000001	0.10459395689999999	-0.057276475099999995	-0.0073453678000000005	0.1767095456	-0.0367290832	0.1195830884	-0.0761167284	0.043487939100000005	0.0148874505	0.054833176100000006	-0.0199529424	-0.1246233325	-0.09475303619999999	0.1098455376	-0.025383185899999997	-0.0472663761	-0.015485925400000001	-0.0931668048	0.0449128604	0.00614979	-0.01352091	0.00018281500722810005	3.78199170441e-05	0.885333	0.63817	0.4072609489	0.7838145208889999	0.996056	-0.16558400000000004	0.992127555136	0.027418061056000018	0.012133	0.00046439999999999855	0.000147209689	2.1566735999999863e-07	-0.000370126	0.0008365640000000001	6.998393260960003e-07	1.3699325587599998e-07	0.000336621	0.0005178240000000001	2.68141694976e-07	1.1331369764100001e-07	0.0	0.0	0.0	0.0	0.0	0.0	0.0	0.0	0.0	0.0	0.0	0.0	0.0	0.0	0.0	0.0	1.0	0.0	0.0	0.0	0.0	0.0	0.0	0.0	0.0	0.0	0.0	0.0	0.0	0.0	0.0	0.0
8162.246617556252	37.562616408588845	1410.9501514587873	66622269.84580848	10313.488229614113	38.34766791132461	106368039.46238886	1470.5436342372352	6209.73670360617	4.754802083351024	22.608142851839233	38560829.92811363	6537.6185661530235	10224.541116683382	1.06059	53.374481	0.2462435500000001	0.137259	0.1052847164	-0.0805543348	-0.08996325449999999	-0.0257788558	0.1553712551	0.0491946031	0.10927928960000001	-0.058556232199999995	-0.0711782623	-0.10542210839999999	0.1483148051	-0.0604706911	-0.0371025603	0.0772533493	0.1526380466	0.010799185800000001	0.011293616000000001	0.0135443582	-0.0248243048	-0.0439492812	-0.0839108693	0.04901627	0.00607069	-0.0189605416	-0.0393464603	-0.09939346140000001	0.1322528043	0.0101712496	-0.1046163625	-0.0263118023	-0.059627265	-0.0318751615	0.0078656329	-0.0095769314	-0.11272137859999999	0.0016747891000000001	0.0191082069	0.081707723	-0.1208240155	0.038443602	-0.1708882464	-0.0678412118	0.0478280919	-0.0650018749	-0.1242787584	-0.0803787877	-0.013148456000000001	0.11395452630000001	-0.06832790700000001	-0.062120902	0.0681396227	-0.0022615560999999997	-0.044545035	-0.1380829184	-0.0804327901	0.0273431418	-0.037554416	0.0717280426	-0.0914012318	-0.0073976358	0.019887091200000002	-0.1106674726	-0.0160382954	-0.0153178599	-0.0005680238	-0.0623374087	0.044660865999999994	-0.0542110004	-0.0037599901	-0.0747593452	0.14455140560000002	-0.035397524300000004	0.0372304249	0.0208593639	-0.022730155	0.08544180789999999	-0.0532867217	-0.051197697699999996	0.0207617276	0.0300528748	-0.0027411589000000004	0.0676971655	0.014942046899999999	0.0836479616	-0.0572928922	0.0110962257	0.1790837424	-0.021820845699999997	0.007510144399999998	-0.07013992620000001	0.052468321	-0.0077586474	-0.0705893591	-0.0420319129	0.0110394835	0.1002765191	-0.12914753369999998	0.0076307041	0.0438957841	-0.07412577440000001	-0.0158497305	-0.0451369733	-0.0081355564	-0.08854709960000001	0.0853159658	0.1184440541	-0.048500599400000004	0.1162284458	0.0222208617	-0.0111214856	0.11599304349999999	-0.10681231949999999	0.0077873694	0.2174887446	-0.004914263	-0.0133502897	0.0115367523	0.0733371001	0.0608169701	0.1482103432	-0.0503832803	0.0163291253	0.06933205490000001	-0.10970642789999999	-0.025421219	0.04881676099999999	-0.0705652418	0.1269524607	-0.0452353718	0.0067261267000000005	-0.011411571899999999	0.059675027900000004	-0.0113908092	-0.09522655669999999	-0.011198432	-0.025486081299999998	-0.0336334152	0.1076928275	0.027371798	0.0217535414	-0.0194355077	-0.0696508446	-0.0673611957	0.0728266097	0.0538718808	-0.022081525499999997	0.1049601324	0.1690787564	0.0273137315	0.0328461879	-0.0068816418	0.048102333899999995	-0.0646945377	0.0176272216	-0.05362548809999999	0.0260428336	0.0412130891	-0.0036994466999999997	-0.21242747	0.0393013819	-0.1028349273	-0.0145979555	0.0236758592	-0.0289610566	0.017437063500000002	0.052132138	0.1161974893	0.0051797304	0.0548322762	0.0601207484	0.0561522907	-0.09856852	-0.0232522706	-0.0372247386	0.0521308232	-0.022660437999999998	0.0654786783	0.0090000562	-0.027800896000000002	-0.0169465682	-0.092200596	0.0488151074	0.00589349	-0.00025629999999999924	6.568968999999959e-08	3.4733224380100005e-05	0.932206	0.046872999999999936	0.0021970781289999946	0.8690080264360001	0.8817169999999999	-0.11433900000000008	0.7774248680889998	0.01307340692100002	0.0133699	0.0012368999999999991	0.00017875422600999996	1.529921609999998e-06	-0.000611077	-0.00024095100000000004	5.8057384401000033e-08	3.73415099929e-07	0.000554275	0.000217654	4.7373263716000005e-08	3.07220775625e-07	0.0	0.0	0.0	0.0	0.0	0.0	0.0	0.0	0.0	0.0	0.0	0.0	0.0	0.0	0.0	0.0	0.0	0.0	0.0	0.0	0.0	0.0	0.0	0.0	0.0	0.0	0.0	0.0	0.0	0.0	0.0	0.0
8152.1496254812	-10.096992075052183	101.94924896366665	66457543.51623327	10314.056297384257	0.5680677701438981	106379757.30561183	0.32270099147626063	6201.875798577428	-7.860905028742309	61.793827870906114	38463263.420980416	6529.745576464137	10291.552839554059	0.914858	46.040455	0.25944831499999993	0.149804	0.0933366982	-0.08007982599999999	-0.0417798704	-0.0238567046	0.1758805224	0.0514668791	0.08703430289999999	-0.0733439489	-0.034543445	-0.0784606668	0.1225837406	-0.0694644049	-0.0057802135	0.0770339942	0.0560729592	-0.0709804812	0.0445928286	-0.0485998147	0.0525211855	0.08667264390000001	0.0523443524	-0.046701814	-0.0625381616	-0.1226321248	-0.005189764699999999	-0.0672446119	0.046017134800000005	-0.0153767433	0.033713605699999996	-0.1233572581	-0.11377593230000001	-0.0404868936	0.035836119799999996	0.09271693789999999	0.0009860137	-0.054641559699999995	0.0072516363	0.0827263634	-0.1149794424	0.0299275422	-0.1669684223	-0.048876423499999995	0.0233219695	-0.0487275515	-0.040154255	-0.0157528499	-0.0179210123	0.1262921765	-0.0160476153	0.0219121394	0.0847011578	0.06861852980000001	-0.053061616	0.0155100059	-0.0493992596	-0.0029715494	-0.0264301197	0.1112314494	-0.0061207794999999995	0.034240709700000004	-0.054062761200000004	0.024314299900000003	0.0322349975	-0.0457164533	-0.0157548816	-0.057690698	2.4366e-05	0.0782457406	-0.0347613092	0.0860232449	0.0916547501	-0.1853635164	-0.0382180075	-0.0673909343	-0.049498165	0.0009870980999999999	-0.0340656171	-0.0177934421	0.051358187400000005	-0.022655488999999997	0.013594625400000001	-0.0228502854	0.0418704756	-0.0790335649	0.0106972548	0.0321500739	0.07981336230000001	-0.08671024289999997	-0.1606016249	-0.0638797911	0.0021478287	0.0727386941	0.0569129858	-0.0463178333	0.0498664329	0.049127563099999993	0.0493100731	0.0046687326	0.0401795022	-0.0056424273999999995	0.0846719774	0.1042116441	0.13814364869999998	0.0197971105	-0.0626057084	0.0516573047	0.0776611124	-0.0095888737	0.0064190165	-0.0806110488	-0.0225146898	-0.100612571	-0.0076084454	0.1824553864	0.0185852645	0.0246449377	0.0284276387	0.0334492777	0.00028943860000000003	0.1026405734	0.0047942167	-0.038983971400000005	0.0403004054	-0.1038146741	-0.10977305550000001	-0.0282351436	-0.0241304592	-0.0082941605	0.0168949123	-0.0065716946	-0.0324734615	-0.056465999100000004	-0.0332263733	-0.0439174492	0.0166773628	0.0698697144	-0.045035077199999995	0.0695223671	0.0258257238	-0.0032401901	-0.0326209264	0.0595470616	0.0808673135	0.025813859300000002	0.0901911373	0.1220754067	0.0388585635	0.0849000575	-0.081217647	0.0344905567	0.012975853400000001	-0.1005069147	-0.0392181099	0.0110888698	0.059923097	0.028236955499999997	0.0327223104	-0.055907138099999996	-0.1037459251	-0.057922987999999995	-0.13377670789999999	-0.0926408916	-0.035056767999999995	0.1185219584	-0.1004273652	-0.037103887	0.0641341484	-0.080302613	0.041448210299999996	0.0689845173	0.0040562224	0.0021848726000000002	0.0725543949	-0.053455495	-0.0936769837	0.0328283316	-0.050361123499999993	-0.0314657164	0.0748362991	-0.0184033451	-0.09115026039999999	0.052617147999999996	0.0044646	-0.0014288900000000006	2.0417266321000006e-06	1.993265316e-05	0.811814	-0.12039199999999994	0.014494233663999987	0.659041970596	0.8012229999999999	-0.08049399999999995	0.6419582957289999	0.006479284035999993	0.013259300000000005	-0.00011059999999999368	0.00017580903649000017	1.2232359999998604e-08	-0.00113598	-0.0005249030000000001	2.75523159409e-07	1.2904505604e-06	4.71095e-05	-0.0005071655	2.5721684439025e-07	2.21930499025e-09	0.0	0.0	0.0	0.0	0.0	0.0	0.0	0.0	0.0	0.0	0.0	0.0	0.0	0.0	0.0	0.0	0.0	0.0	0.0	0.0	0.0	0.0	0.0	0.0	0.0	0.0	0.0	0.0	0.0	0.0	0.0	0.0
8138.015722019297	-14.133903461903177	199.7672270703985	66227299.89183326	10320.83489370395	6.778596319692952	106519632.90309702	45.949368065354825	6202.311825104322	0.4360265268942385	0.1901191321554521	38468671.97582891	6529.357320167296	10246.624153216642	0.988024	49.722569	0.3771384600000001	0.224749	0.0625806229	-0.0934797326	0.0167614669	-0.0379355668	0.1383797111	0.021048669500000002	0.0526177487	-0.0842609842	0.028711665	-0.0389052907	0.0911553745	-0.06538092200000001	0.0266230326	0.0446400801	0.0478669675	-0.0985731034	-0.041727096	0.007783942399999999	0.0920249639	0.0015026657	-0.0718124123	-0.0879785621	-0.0656368824	-0.0627050772	-0.1159353212	0.074875462	0.0652360569	0.05139053	0.0632766868	-0.0833096796	-0.0617874884	-0.0012615000999999999	-0.042848459900000004	0.0152206215	-0.131942278	0.026555079	-0.0039452738	-0.0188976977	-0.0887389714	0.0110376658	-0.1640078924	-0.000156735	-0.04848209690000002	-0.036657023999999996	0.0141597724	0.0396026994	0.0282833165	0.0576704838	-0.0357308211	0.013446111799999999	-0.0097697046	0.0453394141	-0.10603802179999999	0.0172924278	-0.0528236333	0.0604801448	-0.0096583234	0.011170954399999999	0.019117847	-0.0358364413	0.0261378608	0.021369167400000003	-0.1166678811	0.0670764612	-0.0066974478	-0.0646329021	-0.0036690835	0.0660915833	0.0121415178	-0.0337224577	0.0176839767	-0.0170044046	-0.0055194245	-0.0578216041	-0.1720125926	0.053957562699999996	-0.0321834604	-0.1261151015	-0.026896925800000002	-0.025636432400000003	0.0006186592	0.0349270484	-0.0157520011	0.014515247299999999	-0.0106667316	-0.0299606746	-0.008448379	-0.0514024501	0.0336451679	-0.067752678	0.029658276400000006	0.0886334174	-0.0324171268	0.12083212800000001	-0.04974063559999999	0.0453575668	0.1012766093	-0.0078383685	0.024208084900000003	0.16597224019999998	-0.008809369499999999	-0.0752003737	0.1381953075	-0.1817445407	-0.1638469051	0.015633862	-0.0875324042	-0.1640100777	-0.0771336784	-0.0248610556	-0.1272904316	-0.0781391781	-0.022504896	0.1343363154	0.0687917364	0.0801011081	0.038060328500000004	0.015828945900000002	-0.029494130299999997	0.0227563623	-0.013151518999999999	-0.0728667415	0.054500602599999996	-0.0385954196	-0.05651070690000001	0.0454557243	0.031804353199999996	0.05463385269999999	-0.0048018775	0.045368607199999994	0.0594937961	-0.0312768104	-0.0146387934	-0.04096193	0.0517727087	0.0834356739	0.0782715214	-0.021234823599999997	-0.0385127243	-0.0807656105	-0.0486867969	0.08342529230000001	-0.0570557199	-0.0007825775	0.0655642824	0.0550760241	-0.0316217303	-0.00019280279999999998	0.017905458	0.10041525220000001	0.022542569	0.0686733999	0.0185260519	0.0401684181	0.0682240115	0.057470394699999997	0.0073220626	-0.0120828291	0.0021564917	0.0043995365000000005	-0.1364727231	-0.0381703853	-0.0536625735	-0.14680207439999998	-0.0041824704999999995	0.0075907201	0.014232371899999999	-0.0532913483	-0.042991698700000004	0.0719960654	-0.0897454536	0.07573049280000001	0.0010025272	-0.1267175649	-0.0370497023	0.0062060899	-0.1392628873	-0.1665300318	-0.05586465400000002	-0.019855923799999998	-0.0900167565	0.0563111775	-0.00070104	-0.00516564	2.66838366096e-05	4.914570816e-07	0.631683	-0.18013100000000004	0.03244717716100001	0.399023412489	0.685804	-0.11541899999999995	0.470327126416	0.013321545560999985	0.0121058	-0.0011535000000000052	0.00014655039363999997	1.330562250000012e-06	-0.001492	-0.00035602000000000013	1.2675024040000005e-07	2.226064e-06	2.81731e-05	-1.89364e-05	3.5858724496e-10	7.9372356361e-10	0.0	0.0	0.0	0.0	0.0	0.0	0.0	0.0	0.0	0.0	0.0	0.0	0.0	0.0	0.0	0.0	0.0	0.0	0.0	0.0	0.0	0.0	0.0	0.0	0.0	0.0	0.0	0.0	0.0	0.0	0.0	0.0
8124.2944817565	-13.721240262796528	188.27243434938853	66004160.82629912	10315.628200536505	-5.206693167445337	106412185.171704	27.10965373992196	6205.355998211117	3.0441731067949154	9.266989904133405	38506443.06453469	6532.634657977314	10112.450230610866	0.9133190000000002	45.96302	0.33559194499999995	0.200763	0.0309189961	-0.1383686456	0.040289445	-0.043370248300000004	0.1043486409	0.0031120538	0.0345285921	-0.0967715699	0.0318559388	0.015887710700000002	0.101759191	-0.0474964797	0.1024524057	0.0214438456	0.06260506190000001	-0.06145290780000001	-0.0550265666	-0.0339242145	0.014784193000000001	-0.0061315907999999995	-0.0221740427	-0.001909769	-0.17549679399999998	-0.0873396294	-0.0366886138	0.0699626288	0.021923346	0.0108792648	0.0099132	-0.1072602832	0.0090630668	-0.0096299995	-0.0725113845	0.0428290137	0.047381708499999994	-0.038323664900000005	-0.0183599115	0.0333224061	-0.0704682915	0.012499233700000001	-0.19254491969999998	0.0468609146	-0.0345059044	0.0075537891000000005	0.0227563466	0.0717812395	0.013336615800000002	0.0364997764	-0.0200142206	0.0175031205	0.038798906	0.0450725625	-0.0530641787	0.0333055206	-0.0125089086	0.067207034	-0.0435605754	0.09594401640000001	5.0743e-05	-0.0906228391	-0.027357708900000003	-0.0250426283	-0.0603695492	-0.0002809116	0.060691195	0.0136407093	-0.014924528500000001	-0.0003753214	-0.0734196201	-0.07544255009999999	-0.0446506905	0.021242222400000003	0.06516411679999999	-0.112723062	0.007383090500000002	0.009527794499999999	0.017757847900000002	0.0385581036	-0.169240963	0.0475024484	-0.060985020599999995	0.07146708660000001	0.0517806012	0.0676611239	-0.12387465019999999	0.0515598871	-0.013484508899999999	-0.0102104702	0.039437210800000004	-1.984e-06	-0.0708073451	-0.08675744949999999	-0.0466641384	-0.0295088292	0.0043285182	0.044949792599999996	0.09577009140000001	-0.11154386	0.0037816578999999998	-0.0537247606	0.0170354396	-0.056933142699999995	-0.0162674083	0.06370205030000001	-0.0713207847	0.0760830321	0.0044360723	0.0076166918	-0.0563928622	-0.10914953359999999	0.0220912342	-0.0640632933	-0.02617187	0.1418191845	0.12575597060000002	0.0762438907	0.013675386299999998	0.0107446018	-0.0545493471	-0.015041008100000001	-0.0103207234	-0.056587650499999996	0.0286311826	-0.05739594	-0.057652552999999995	-0.0026695171	-0.0048249715000000006	0.0082019617	-0.0265355257	0.06583877099999999	0.0242671611	-0.0761064255	0.0861255016	-0.1004890379	0.0281708569	-0.030903909900000002	0.0315039108	0.0261780331	-0.0015362098	-0.0724708278	-0.029141235	0.1035149509	-0.0804860565	-0.0095338131	0.0798441922	-0.0499133101	0.0212341914	-0.0603461847	-0.0003516725	-0.0093104152	0.1342314463	0.0812053853	0.0341027502	0.0638688624	0.005342615	-0.0167364142	0.1337434382	0.1477907966	0.0094691662	0.0070819759999999985	-0.0154939391	-0.0560839962	0.0679362016	0.030561637000000006	0.0263482479	0.023206817400000003	-0.0252473605	0.0417085648	-0.08728643300000001	0.0703351891	-0.0394059914	0.021411921400000002	0.05880840480000001	-0.0244557532	0.054532915300000005	0.0111818208	0.0298608515	-0.0650138146	-0.029217288900000006	-0.021303972999999997	-0.08880111859999999	0.0598896127	-0.00384987	-0.00314883	9.9151303689e-06	1.48214990169e-05	0.490955	-0.14072799999999994	0.01980436998399999	0.241036812025	0.641988	-0.043815999999999966	0.412148592144	0.0019198418559999968	0.00952236	-0.0025834399999999998	9.06753399696e-05	6.674162233599998e-06	-0.00120909	0.0002829100000000001	8.003806810000009e-08	1.4618986280999997e-06	-6.34592e-05	-9.16323e-05	8.39647840329e-09	4.0270700646399994e-09	0.0	0.0	0.0	0.0	0.0	0.0	0.0	0.0	0.0	0.0	0.0	0.0	0.0	0.0	0.0	0.0	0.0	0.0	0.0	0.0	0.0	0.0	0.0	0.0	0.0	0.0	0.0	0.0	0.0	0.0	0.0	0.0
8114.517242630181	-9.777239126319726	95.59440493323736	65845390.08094251	10323.546705733055	7.918505196550541	106575616.5854518	62.70272454779792	6202.660288645684	-2.6957095654333902	7.266850061169075	38472994.65634216	6530.1520655912645	10012.320231689919	0.8297569999999999	41.75774000000001	0.23810368	0.14682	0.023213718900000003	-0.1430285045	0.043004098899999996	-0.046462185499999996	0.0756640859	0.0022518135000000002	0.033812474700000004	-0.1186040251	0.031225735600000002	0.0282302525	0.0720544967	-0.0513979779	0.1056261339	-0.010824416299999999	0.0100621466	-0.0641079838	0.012219016899999999	-0.083998129	-0.0032350849	-0.0091360168	-0.0116981661	-0.0855718952	-0.1653755651	-0.044813930700000004	0.0217243387	-0.044533685999999996	0.049914243399999995	0.0615563834	0.075549713	-0.0628363499	-0.0320950359	-0.08559676199999999	0.0552597295	0.0782885406	0.032934694900000006	-0.0095610501	-0.0579047607	0.0839015513	-0.0548260201	-0.015455635300000001	-0.1828174521	0.08629085660000001	-0.014713228	-0.0015623631	0.030947902599999997	0.0803720285	0.07048599230000001	0.0355029358	-0.043601462800000004	-0.0410848059	0.044882510800000004	0.0646218299	0.0008884111	0.058871313	0.0251647589	0.0774530997	-0.0577240294	0.0415665158	0.023941695	-0.0412006632	-0.06599046360000001	0.0085682183	-0.1109570675	0.0172823924	0.0391473883	0.027663970299999997	0.0328526484	-0.0341923809	-0.073392897	0.027096535699999997	-0.025259117299999998	-0.055888086399999995	0.038835449300000005	-0.11401492369999999	-0.0360764412	-0.0350621925	0.027648865099999996	-0.050130199199999996	-0.1101771979	-0.043943576	-0.036014065	-0.0047688377	0.1117738953	-0.077681265	-0.020346233999999998	-0.0360370056	0.049311699400000006	-0.038645716000000004	-0.0508583624	-0.0422708117	0.0750045587	-0.0039722182	0.051168975	-0.0282217313	-0.0237027648	-0.0826499555	-0.004422662	0.093118261	0.0035526967	-0.0259737277	-0.0717065755	0.0033121062	-0.0810535074	0.0325369029	-0.00047110809999999996	0.07910774450000001	0.0050303297	0.0869647677	-0.0353096012	-0.0059583079	-0.0533432259	-0.0491420808	-0.0530698876	0.1175089369	0.1504972885	0.0455112663	0.0204728869	0.008404869300000001	-0.0718000779	-0.034691403100000004	-0.050774892	-0.052565625	0.0286271404	-0.044954306	-0.041963481399999995	-0.0444825466	-0.0179982979	-0.0604638996	-0.006507864300000001	0.0490032288	0.0213081819	-0.011698123000000001	0.0813156468	-0.0690021298	0.029492344	0.046114277599999996	0.0635480991	0.044571533899999995	0.0342409772	-0.0472429521	-0.0003753525	0.0998271791	-0.0428756749	-0.0236502606	0.1104462967	0.0126183506	0.0087100857	-0.0703733866	-0.11195445	-0.0127206046	0.10719134970000001	-0.051866747000000005	0.033017809700000005	0.05182125889999999	0.0749236306	-0.0565410807	0.0578454975	0.0879381083	-0.041788172799999995	-0.038590656	-0.0206042775	-0.018558093799999998	-0.0386997808	-0.0494307624	0.022942558199999998	-0.089544051	0.0022298682	-0.0599917845	0.0112332689	-0.0763974288	0.0158607248	-0.056780299900000004	-0.0176237549	0.0177292697	-0.014633598999999999	-0.046488714199999996	-0.0790890855	0.012067665900000002	0.06083146320000001	-0.0227471623	-0.0875044557	0.06334510809999999	0.00210477	0.005954640000000001	3.545773752960001e-05	4.4300567529e-06	0.35393800000000003	-0.137017	0.018773658289	0.12527210784400006	0.667984	0.02599600000000002	0.4462026242560001	0.000675792016000001	0.0102704	0.0007480399999999983	0.00010548111615999997	5.595638415999976e-07	-0.00066962	0.0005394699999999999	2.910278808999999e-07	4.483909444e-07	-0.00015867	-9.52108e-05	9.065096436639998e-09	2.51761689e-08	0.0	0.0	0.0	0.0	0.0	0.0	0.0	0.0	0.0	0.0	0.0	0.0	0.0	0.0	0.0	0.0	0.0	0.0	0.0	0.0	0.0	0.0	0.0	0.0	0.0	0.0	0.0	0.0	0.0	0.0	0.0	0.0
8120.5800885335475	6.062845903366907	36.758100447972865	65943820.97428752	10312.528885224929	-11.017820508126533	106348252.00859849	121.39236874929364	6198.938647257366	-3.721641388317949	13.850614623241146	38426840.35246098	6525.500708476145	10072.032853210103	0.936304	47.119762	0.21254843000000007	0.147243	-0.0024621078	-0.1281416232	0.020265198999999998	0.0076399643000000005	0.0229128558	-0.012366568100000001	0.039531638	-0.1222534489	-0.0197614076	0.08981170699999999	0.0384559233	-0.0041097219	0.07815712450000001	-0.009508060799999999	-0.0130898523	-0.0018222367	-0.0221784934	-0.0736740673	0.0476880494	0.06390311559999999	0.0363618312	-0.0327084549	-0.1381732285	-0.0151045481	-0.0384889056	0.004280019	0.010507316599999999	0.0752754092	0.09667329460000001	0.022670874	-0.051386885099999995	0.0046244406	-0.05799267440000001	0.0115447853	0.0513314172	-0.0104027488	-0.0846067763	0.0207047547	-0.0141067717	-0.0350442356	-0.13543417189999998	0.11641347029999999	0.013527518600000002	0.0302499938	0.0574431538	0.0507430626	0.031987978199999996	0.0403363327	0.0106824643	-0.0315110759	0.0263875773	0.029491264700000002	0.0372690954	-0.0174586896	0.1715342178	0.0753042989	-0.10356748560000001	0.044144101	-0.0647239254	-0.0434965524	-0.0040038541	0.0684561545	-0.1002070124	-0.0207307382	0.17652294030000001	0.0170961209	0.007799043199999999	-0.0067198158	-0.0931997079	0.0989629195	-0.0636112642	-0.0008017714	0.0798854552	-0.1051004218	-0.0580415333	0.0811879428	0.1220678324	-0.0648588296	0.0055372503	0.0277455133	-0.0005510047	0.0437051394	0.0358892223	-0.0380979698	-0.0749632574	0.0004232854	-0.0140987361	-0.0936282556	-0.0108880196	-0.08458267609999999	0.14042323810000001	0.1239693963	0.0517650911	0.1569220549	-0.0175008912	-0.0389925662	-0.0101896965	-0.0585245624	0.0100788599	-0.0214449967	-0.1061879874	0.102118183	-0.021363148199999998	-0.0447495266	-0.021032155099999998	-0.0190294745	0.024777297799999997	-0.0017940188000000001	0.0109227722	-0.1542213607	-0.012964641	-0.015313653100000001	-0.054324624800000006	0.0711336867	0.16101191369999998	0.0014346585	-0.0161494729	-0.029177094700000007	-0.0746532562	-0.0121316103	-0.0184127405	-0.0205150703	0.01253007	-0.0336549636	-0.0647345241	-0.0334199872	-0.0350061797	-0.0438834116	0.0547002739	0.042048420700000005	0.10637148449999999	0.0790059983	0.11239129070000001	-0.0821801822	-0.0579706639	0.09586891119999999	0.0759830269	-0.0322086677	0.14525655699999998	-0.0361058364	-0.06910078780000001	0.0898413602	-0.005886604100000001	0.0402030775	0.10548228800000001	-0.0748980363	-0.0276944744	-0.0446288269	-0.0207990996	0.0378934641	0.0650455963	-0.09918783789999999	0.0358311382	0.0748868639	0.1313507049	-0.1017426149	-0.0266160188	-0.043898125	0.07733819759999999	-0.1361727043	-0.050099581	-0.09146092199999999	0.0478023417	-0.12341678380000001	-0.0189883439	0.0220002083	0.0724076442	0.1560248576	0.022820140899999997	-0.0822901478	0.0116318531	0.0953699159	-0.0670994386	0.0101057248	-0.05978645	0.0335657217	0.048390108700000004	-0.0106720223	0.0604322008	-0.0241851625	-0.08612795109999999	0.06667057030000001	0.0110505	0.008945729999999999	8.002608523289997e-05	0.00012211355025	0.214448	-0.13949000000000006	0.01945746010000001	0.045987944704	0.670374	0.0023900000000000032	0.44940129987599997	5.712100000000015e-06	0.00957545	-0.0006949499999999997	9.168924270249998e-05	4.829555024999998e-07	-0.00119424	-0.0005246200000000001	2.752261444000001e-07	1.4262091776000004e-06	-0.000143786	1.4884000000000004e-05	2.215334560000001e-10	2.0674413796e-08	0.0	0.0	0.0	0.0	0.0	0.0	0.0	0.0	0.0	0.0	0.0	0.0	0.0	0.0	0.0	0.0	0.0	0.0	0.0	0.0	0.0	0.0	0.0	0.0	0.0	0.0	0.0	0.0	0.0	0.0	0.0	0.0
8151.555535824065	30.975447290517877	959.4783348476514	66447857.65362397	10317.433567026826	4.904681801897823	106449435.4100119	24.055903577867674	6219.087324658821	20.148677401454734	405.9692010278928	38677047.15173201	6551.133219495589	10548.511648087066	1.34964	67.92100500000001	0.3438767999999999	0.218797	-0.0461713546	-0.057857300999999986	-0.006079258000000001	0.09024204460000004	-0.0233281689	-0.0149808919	0.056557692699999995	-0.010357653199999999	-0.1315962155	0.1266973855	0.0369297589	0.007032496899999999	-0.1036275087	0.058217592900000004	-0.0129183918	0.0873894502	0.10798170550000001	-0.1142032601	-0.0100854461	0.0671341007	-0.0352278003	-0.0126735919	-0.08718233460000001	0.0210885361	-0.026950754500000004	-0.0192705415	-0.0598862032	-0.0409901777	0.0633374059	-0.0517069238	-0.19369434300000002	-0.0004714104	-0.1178203068	-0.029060622799999998	0.0234436573	-0.1308959116	0.14706057320000002	0.032707867200000004	0.0726608305	0.0260649821	-0.012975746399999998	0.1156984995	0.1073120418	0.0801799737	0.0002740921	-0.10200617470000001	-0.0723996353	0.1380622716	0.0380506209	-0.0193770051	0.0135166376	-0.020754468600000003	-0.0126385722	0.0166486159	0.025356337000000003	0.0906456893	-0.050864279299999995	0.0350072266	0.0134124177	-0.0029733713	-0.032972512200000005	0.21250385510000008	-0.0893431675	0.0472187061	0.0356060437	-0.0669475727	-0.023165473199999998	-0.073809319	0.1051371775	0.07510312820000001	0.0351822079	0.1617699055	0.0339378496	0.0451710961	0.0312029107	0.11516564359999999	0.044543791299999996	0.0387627265	0.0162839769	0.0133396511	0.10311296140000001	-0.0953741231	-0.0555497183	-0.012249837	0.047159928	-0.06445863980000001	-0.037527692	0.13902371019999998	-0.0359721836	-0.0068278834	-0.028670779900000002	-0.0775523789	-0.06300292190000001	-0.1453904034	-0.0748224737	-0.013526627900000001	0.0298646075	0.053568530499999996	-0.0356716939	0.0348875487	-0.0205782681	-0.0586038854	-0.0007504672000000001	-0.086638639	0.0775354447	0.0024332556	0.0546040609	0.0750031117	-0.0011520839999999998	0.045816980599999994	-0.006789859200000001	0.0506332737	0.0431111084	0.0033069719	0.1179027915	-0.10566412369999999	-0.0911919531	-0.05074356	0.014013339199999999	0.1269904546	0.0258495254	0.0947692161	0.0262835998	-0.0319526502	-0.0688301872	0.0380072554	-0.0269687573	-0.0173646352	0.055540092699999995	0.018799041000000002	0.11477578	-0.0462421233	0.057345773499999995	-0.0106465776	-0.0158720826	0.1129655176	0.2045179541	-0.0480756521	0.0748507288	-0.018814173	0.0449411491	-0.1275785393	0.09734060539999999	0.1278792168	0.0259534979	-0.0745332932	-0.0226299196	-0.0011562354	0.1344660052	0.07741160009999999	-0.0726235568	-0.035461610899999996	-0.023897161400000002	-0.0155203886	-0.0844201916	-0.0407795667	-0.042984002800000004	-0.0154425013	0.10437029769999999	0.0592128015	0.055348536399999995	0.19608663	0.0565992311	0.0876189841	0.06558911860000001	-0.0028769315000000003	-0.0655161898	-0.0421968004	0.12279084929999999	-0.010332464599999999	-0.0497458604	-0.0273732002	-0.06593088309999999	-0.0513191975	0.0329894491	0.0571314862	-0.06274558870000001	0.0389401969	-0.1473754851	-0.0256176456	-0.08467286060000001	0.06985917280000001	0.024118200000000003	0.013067700000000005	0.0001707647832900001	0.0005816875712400003	0.0131424	-0.2013056	0.04052394459136	0.00017272267776	0.717932	0.04755799999999999	0.515426356624	0.002261763363999999	0.00827887	-0.0012965799999999984	6.85396884769e-05	1.6811196963999962e-06	-0.00153479	-0.00034055	1.159743025e-07	2.3555803441e-06	-0.000145566	-1.78e-06	3.1684e-12	2.1189460356e-08	0.0	0.0	0.0	0.0	0.0	0.0	0.0	0.0	0.0	0.0	0.0	0.0	0.0	0.0	0.0	0.0	0.0	0.0	0.0	0.0	0.0	0.0	0.0	0.0	0.0	0.0	0.0	0.0	0.0	0.0	0.0	0.0
8177.674274468803	26.11873864473728	682.1885083920923	66874356.53930886	10333.954719317808	16.521152290981266	106790620.1409108	272.94847302179545	6225.716108442095	6.628783783274231	43.940774445399406	38759541.062915385	6562.4289048354685	10926.650447346827	1.262229	63.521976	0.5137653000000001	0.26468600000000003	-0.10242035669999999	-0.041694000499999995	-0.009571365200000001	0.12514717279999998	-0.0244735895	-0.040671075099999995	0.020711341	-0.0025188278	-0.1542652802	0.08657220449999999	-0.0749840234	-0.10139071820000001	-0.0386337193	0.0439670221	-0.0050789281	0.0421687478	0.142075333	-0.0747086605	0.0738399566	-0.0273998864	0.0636304331	-0.0897093566	-0.1691455633	0.2597751834	0.143813314	-0.0735781751	-0.0907614097	-0.055899205300000004	0.031253346099999996	0.0673181099	-0.1710141408	0.0453222841	-0.103448975	-0.1213636151	-0.0433085761	-0.0950827819	0.0412745464	-0.0148014871	0.11860944820000001	0.023521336	-0.0109650886	0.0325916842	0.0634093966	0.1376819276	0.0039475097	-0.06881031139999999	-0.0593480891	0.0744764383	-0.06557586559999999	-0.0167267452	0.0007549399	-0.10025008	-0.1007385333	0.0259697738	0.11863722970000001	0.0305505275	-0.0111996234	0.0004890225	0.0092024505	-0.0615635564	0.0413549928	0.0840773288	-0.18236532809999997	0.0766515529	0.0045952447	0.031686380699999996	-0.0193569182	-0.0653636294	-0.048274123200000005	0.0074116131000000005	-0.0260848452	0.09503972109999999	-0.0833682833	-0.0261242605	0.0597515975	0.10489144800000001	0.1263975003	-0.0047785721000000005	0.007279078299999998	-0.0477997747	-0.0539325992	0.0441932942	0.0965539105	0.0454914034	0.0672202292	-0.030929332900000002	-0.025106139700000002	0.024813372	0.0304434942	-0.0013421655	0.00020134340000000001	0.0456461583	-0.0357651969	-0.0541425827	-0.017388805	-0.0200585452	0.0363393466	-0.0205242855	0.0252356727	0.1812641194	0.005302031600000001	0.1112092905	0.028003502000000003	0.07981659519999999	-0.0417735912	-0.0264499735	-0.08234516809999999	-0.015664731299999998	-0.006452119	-0.1795927765	0.078788071	0.0973413099	0.041299307599999995	0.0045953235	0.0659941426	-0.0507520222	-0.1461634485	-0.0393103269	0.0418309887	0.023248843999999998	0.0400552071	0.0765752204	0.051485901699999996	-0.0080617525	0.0190086781	0.14386412880000002	0.0422588534	-0.1490607173	0.1018728841	0.064612599	0.0545481672	-0.0147767922	0.07737039849999999	-0.0336816988	-0.038815958500000004	0.0692638433	0.17219877179999998	-0.035085227000000004	0.1124123824	-0.039607664	0.0215121399	-0.1469176734	0.0154306054	0.1171020451	-0.0293136085	-0.0675914527	-0.0429770474	-0.1245667659	-0.041023516600000004	-0.0903104757	0.1169714628	-0.0066559086	-0.048920862300000006	-0.0313532567	0.047183763600000005	0.0786588701	0.0179556494	0.0555949399	0.024657214700000003	0.0407006602	-0.11528485	-0.0024102781	-0.1627733685	0.0237144162	0.0580744889	-0.0072356083	-0.0398487467	0.0081925453	-0.0294313689	0.0321987596	-0.024746753700000002	0.0118853716	0.0708463981	0.0358001312	-0.023239352999999997	0.07408821759999999	-0.0023135184	0.0557934313	0.06653758929999999	-0.0270442847	-0.083140512	0.0729043701	0.0717735	0.047655300000000005	0.0022710276180900003	0.0051514353022499995	0.0556357	0.042493300000000005	0.00180568054489	0.00309533111449	0.606069	-0.11186300000000003	0.367319632761	0.012513330769000009	0.00431725	-0.003961620000000001	1.86386475625e-05	1.5694433024400007e-05	-0.00369878	-0.00216399	4.682852720100002e-06	1.36809734884e-05	-0.00025503	-0.000109464	1.1982367296000002e-08	6.50403009e-08	0.0	0.0	0.0	0.0	0.0	0.0	0.0	0.0	0.0	0.0	0.0	0.0	0.0	0.0	0.0	0.0	0.0	1.0	0.0	0.0	0.0	0.0	0.0	0.0	0.0	0.0	0.0	0.0	0.0	0.0	0.0	0.0
8192.059995969994	14.385721501191256	206.94898310983638	67109846.97757189	10353.16889508542	19.214175767612687	107188106.17016429	369.1845504287146	6230.280160206893	4.564051764798024	20.83056851175595	38816390.87466763	6568.432262772544	10859.433432600044	1.1210950000000002	56.41940699999999	0.20436575000000007	0.117945	-0.08881214330000001	-0.0477561254	0.0020959759	0.09785229779999999	0.0149698869	-0.048016631399999996	0.0254405456	-0.0378657383	-0.11705419339999999	0.0280559027	-0.12267672539999999	-0.06229765	0.0416792797	0.0420140619	0.0619485614	0.0523239941	0.0622664329	-0.10711630039999999	-0.016514609399999998	-0.055430384400000005	-0.024691011000000002	-0.0559418825	-0.048077674400000006	0.1361308914	0.0388609757	-0.0990690117	0.04664698900000002	0.0682148231	0.0564791592	0.0827129749	-0.122224593	0.032672455	-0.0914623627	-0.0890588949	0.0390287049	-0.0113974356	-0.0366225631	0.0606180496	0.0986984635	0.0287022575	-0.050779294	0.008057665799999999	0.0704408771	0.143739376	-0.0405697165	0.037667917	0.0027318090999999996	0.0176639915	-0.0112969212	-0.10103419150000001	-0.032770572000000005	-0.1301778582	-0.1693284456	-0.0155023899	0.0781585345	0.0169365499	-0.0369105754	-0.0196187501	0.0190839807	-0.0607872521	0.023860648300000002	0.0179950267	-0.0840996997	0.0665021397	-0.034774269	0.09968570199999999	-0.00047324449999999995	-0.08808846890000001	0.0477022111	-0.0817525538	0.1197550497	0.1386728253	-0.0226170279	-0.0781906758	-0.0750195651	-0.0409947319	-0.0128753801	-0.0383367176	-0.021879591400000002	0.061148055800000004	-0.0588095125	-0.029794449599999998	-0.058358665199999986	0.0311808305	0.0180949963	-0.1211660953	-0.0322686056	0.0444894001	-0.0122985866	0.025401920499999998	-0.09116045380000001	-0.10634012640000001	-0.11094475390000001	0.0984552865	-0.0060334411	0.094515776	-0.11613246640000001	0.08748322130000001	0.011465981	0.0289482819	0.0628030157	-0.0076098749	0.0145857839	0.0591253554	-0.02353005	0.0817210079	0.0114772529	-0.017643886799999998	0.0456215769	-0.0649671716	0.0090236361	0.07840698230000001	0.0346915157	0.0528898941	0.0488806422	-0.0468782725	-0.1541997145	0.0330252052	0.017507981699999998	-0.0650393047	-0.0376750066	0.060643624199999996	0.0366207588	-0.0030062667	-0.0230249588	0.1768421805	0.0328950243	-0.053610759	0.1547270133	0.0329198646	0.0252148717	-0.0032405973999999997	0.0855816556	-0.01048039	-0.0130546565	0.0338810979	0.0424864705	0.0008205455000000001	-0.0432937465	0.011786017900000001	0.012597061699999999	-0.1381993749	-0.1022175356	-0.08753862470000001	0.11324530070000001	0.006008489200000001	0.1273161578	-0.1181640959	0.0107158168	-0.0031683602000000003	0.0157949834	0.043955868200000005	-0.0062330525	0.0838113298	-0.11717670869999999	1.3398900000000001e-05	0.030880537599999997	0.0186466205	-0.0734977756	0.0321647834	0.0006807067	0.11448388710000001	-0.15728953710000002	-0.0307508768	0.0749864916	-0.03982712	-0.123303039	0.0768984381	-0.0577648209	0.0584707322	0.0041985171	0.043061620099999996	0.0848641441	-0.0109387009	-0.0302885785	-0.0653759619	-0.0367054619	-0.0005229707	0.0543523542	-0.0284647545	-0.08153230339999999	0.0757999113	0.0634472	-0.008326300000000009	6.932727169000015e-05	0.0040255471878400005	0.159952	0.1043163	0.010881890445690002	0.025584642304000003	0.653622	0.04755300000000007	0.4272217188840001	0.0022612878090000066	0.00378292	-0.00053433	1.43104837264e-05	2.855085489e-07	-0.0037998	-0.00010102000000000028	1.0205040400000057e-08	1.4438480040000004e-05	-0.000503083	-0.000248053	6.153029080899999e-08	2.5309250488899996e-07	0.0	0.0	0.0	0.0	0.0	0.0	0.0	0.0	0.0	0.0	0.0	0.0	0.0	0.0	0.0	0.0	0.0	0.0	0.0	0.0	0.0	0.0	0.0	0.0	0.0	0.0	0.0	0.0	0.0	0.0	0.0	0.0
8189.669269915291	-2.390726054703009	5.715571068635817	67070682.75059485	10347.445846581348	-5.723048504072723	107069635.54793358	32.75328417996901	6228.126158447139	-2.1540017597544647	4.639723581025331	38789555.44553352	6561.369520604378	10704.865612026164	1.2300080000000002	61.900459	0.6927151999999999	0.436827	-0.0146532414	-0.0729684868	-0.0073949455000000015	0.097000838	0.040179907	-0.0007872266	0.0335100494	-0.0474651281	-0.0318019255	-0.0400332564	-0.0896970906	-0.1076943706	-0.007829965999999999	0.0751921184	-0.0894660815	-0.0885640291	0.010242273199999999	-0.1125432527	-0.0606614565	-0.12417387419999999	0.0637087175	0.0524161633	0.017558455900000002	0.07406834849999999	0.023976087799999997	-0.0615702023	0.010306942900000001	0.14455836390000001	0.0021789216	0.1194364904	-0.1521539311	-0.0078426241	-0.123270487	0.1290567936	-0.0237962405	0.1072895616	-0.0502156208	-0.060469671399999994	0.0137197943	0.0040934675	-0.0901765676	-0.0506723771	-0.0418358577	0.09863189929999999	-0.08803523490000001	0.0513441806	-0.0062589032	0.0002595336	0.1148661318	0.0009202924000000001	0.0165511948	-0.0840768286	-0.10911711460000001	-0.0324692776	0.0436808613	0.0139065278	-0.080505089	0.0799931978	-0.040523904	-0.069527713	-0.0184371774	-0.0578819921	0.09124508199999999	0.0056221525	0.0893265564	0.0071488914	-0.0047423264	-0.0008543374000000001	0.157993863	0.0239622294	0.016595844	0.0465596613	-0.0161907692	-0.0083849031	-0.08478650880000001	0.035345916	-0.0810500192	0.0359268946	-0.0626589261	0.1635451591	0.0951355267	-0.0513737275	-0.0022359405	0.0785707548	-0.028839639700000006	-0.0403619933	0.0186859329	-0.1000430251	-0.0415920195	-0.0928641759	-0.0067356861	-0.0941962471	-0.0088451704	-0.048678626100000004	-0.0074357387	0.020528227	-0.0569815607	-0.0391655339	0.0504186671	0.0051072002	0.1537116184	0.003256808	0.115697971	0.0550205426	0.093649321	-0.0520690722	-0.037627342	0.0800419057	-0.0234908723	0.1703334098	0.0255729773	0.010170060600000001	-0.0022616779	0.0831112673	0.0002735353	0.0520246496	-0.1060586574	0.087677584	0.030131903999999998	-0.0469892985	0.0606063973	-0.0159882804	-0.08151029259999999	-0.011477872	-0.1151213974	0.0678126067	-0.0253679562	0.0352217029	0.1423612459	-0.0008604563	-0.0011564132	-0.051767414000000005	0.1449107783	-0.0387004638	-0.0620812967	-0.0805018061	-0.0375679889	-0.0095369271	-0.022110642799999997	-0.0042627499	-0.0319659426	-0.1090648218	-0.0968503933	-0.0338753428	0.0921240717	0.0287792977	0.0074523134	0.0725969312	0.0097886729	0.0853973955	-0.047756125999999996	0.1105733621	-0.0103338405	0.0093174315	0.011687406200000002	-0.16518751869999998	0.034005669599999996	-0.0218731956	-0.0599336103	-0.0112754842	-0.0916120325	0.0063729501	0.0975137423	0.0535843332	0.005259097900000001	-0.0636144709	-0.09955178519999999	-0.0337125244	-0.011938863999999999	0.0167155943	0.0151516546	-0.10349174400000001	0.10658043140000001	-0.0115755249	-0.0070891781	0.0271486841	0.0709963304	0.0164814943	0.07403882860000001	-0.029878730899999997	-0.0798497022	0.0785398523	0.0574337	-0.006013499999999998	3.616218224999997e-05	0.00329862989569	0.543665	0.383713	0.14723566636899998	0.29557163222499994	0.591512	-0.062110000000000005	0.34988644614400005	0.0038576521	0.00744169	0.00365877	5.53787500561e-05	1.33865979129e-05	-0.00266917	0.0011306300000000005	1.2783241969000009e-06	7.124468488899998e-06	-0.000474909	2.817399999999995e-05	7.937742759999973e-10	2.2553855828100003e-07	0.0	0.0	0.0	0.0	0.0	0.0	0.0	0.0	0.0	0.0	0.0	0.0	0.0	0.0	0.0	0.0	0.0	0.0	1.0	0.0	0.0	0.0	0.0	0.0	0.0	0.0	0.0	0.0	0.0	0.0	0.0	0.0
8171.763008707827	-17.90626120746401	320.6341904299306	66777710.67048559	10341.973342548745	-5.472504032602957	106956412.61798884	29.948300386855607	6215.4088061926295	-12.717352254509025	161.73104836526576	38631306.62809689	6551.35488061752	10630.672475808064	0.9235	46.475361	0.22647494999999984	0.129192	0.0167443151	-0.0505850044	-0.0057608797	0.1045415312	0.0292067986	0.0118698117	0.0408384094	-0.0711664921	0.007867062900000001	-0.039993706600000005	-0.0280438358	-0.1065140906	0.0020862797	0.0702963668	-0.0802615871	-0.0876283041	-0.0066954637	-0.0252101909	-0.0436483661	0.0049391981	0.0261896269	0.0532552475	-0.0034912976	0.044514236	0.0363322644	-0.0201891647	0.0162970533	-0.0515604429	0.0235303665	-0.08406970679999999	-0.053851529100000003	0.0133724149	-0.0301509537	0.051928679900000003	-0.048875269900000004	0.05405880230000002	-0.0850126592	-0.0348543734	-0.0301215255	-0.010234826899999999	-0.0715602712	-0.0274326987	-0.0373734249	0.0796210301	-0.11199364810000001	0.0176699469	-0.014355793799999999	-0.0247361237	0.0771095446	-0.0071961927	0.025675756	-0.0462953178	-0.0102484297	0.0617795254	0.060551164299999995	0.011449416100000002	-0.06074165860000001	-0.021336587999999997	-0.0441633971	-0.0659047153	-0.0253389698	-0.0297894902	0.055364899599999996	-0.0242993715	-0.06289099570000001	0.0395181082	0.018156418400000002	0.0592898925	0.0418924435	0.0294062277	-0.0659794578	-0.0336186779	0.020674907	0.08694150279999999	0.1144534974	0.0483615915	-0.0351930404	0.0332213783	0.0047300384	0.1462557533	0.0013744173	0.0143013273	-0.0160124274	-0.0414844261	0.0832280311	-0.0338774038	-0.013070321000000001	-0.0862099237	0.0154065929	-0.013406553100000001	-0.13060728630000001	-0.032377258799999996	0.022727927400000004	-0.0255233779	0.0017188338	0.0071885848	0.0769236274	-0.020050193600000002	0.0349526214	0.0335234218	-0.006958686600000001	-0.0138743961	-0.086494301	0.0790520577	-0.062077407599999995	0.05484761	0.0193439947	0.0830620862	0.0067594722	0.0800194546	-0.06429443879999999	-0.0225732691	-0.025168054300000003	0.06664048410000001	0.006531308299999999	0.043811509000000005	-0.0621360864	0.0992290684	0.0657682231	-0.0515295868	0.058284814500000004	0.0082045927	-0.0711631633	-0.00783576	-0.061974892699999985	0.0005751059	-0.0193569488	-0.08694420439999999	0.0213714767	-0.0367920121	0.0058203205	-0.0095089075	0.11680453689999999	-0.0372846185	-0.0097170582	-0.0643398687	-0.056135963399999995	-0.0020066814000000003	-0.07970868019999999	0.0378402377	-0.0188700571	-0.009765565799999999	0.021167234700000002	-0.0240479578	-0.0475992873	-0.019846103700000003	-0.08555431960000001	0.037327166	-0.13803687580000001	-0.0328799984	-0.0652494021	0.1213302392	-0.061406264	0.0089935959	0.040513933599999996	-0.0043950626	-0.0141129519	-0.0481541294	-0.020617492	-0.0204932185	0.026565674900000003	0.0545200089	0.0776901717	0.11741328050000001	-0.0545703305	-0.019734774	-0.09481052150000001	0.0331331748	-0.0098096613	0.0145427094	-0.05698411530000001	-0.0034918391999999997	0.0378647206	0.07606080059999999	0.0825265167	-0.0214508116	-0.018869862	0.0449677135	-0.0109174467	-0.0312858913	-0.0780942437	0.08111856860000001	0.049380400000000005	-0.008053299999999992	6.485564088999987e-05	0.002438423904160001	0.594837	0.051172	0.0026185735839999997	0.35383105656899994	0.620799	0.02928699999999995	0.38539139840099995	0.0008577283689999973	0.00961339	0.0021716999999999995	9.24172672921e-05	4.716280889999997e-06	-0.00224784	0.0004213299999999997	1.7751896889999975e-07	5.052784665600002e-06	-0.000308686	0.00016622300000000007	2.763008572900002e-08	9.528704659599998e-08	0.0	0.0	0.0	0.0	0.0	0.0	0.0	0.0	0.0	0.0	0.0	0.0	0.0	0.0	0.0	0.0	0.0	0.0	0.0	0.0	0.0	0.0	0.0	0.0	0.0	0.0	0.0	0.0	0.0	0.0	0.0	0.0
8117.511734176062	-54.251274531764466	2943.2007883208757	65893996.75448606	10314.694160089584	-27.27918245916044	106392915.61618616	744.1537956401664	6197.226181354851	-18.182624837778352	330.60784599139413	38405612.34287003	6531.871782733293	10372.02123646475	0.9059140000000002	45.590366	0.1956521	0.11038599999999997	0.0460135896	-0.0546946438	-0.0043409736	0.0509030172	0.0347945843	0.0252176067	0.0350179037	-0.06702239410000001	0.012353129499999999	-0.041340843599999996	-0.024694749199999998	-0.08800503289999999	0.0227941264	0.031946635099999995	-0.0315082805	-0.044780884699999995	0.0001183502	-0.0157507976	0.0181292729	0.044821085999999996	-0.034995379300000004	-0.0449542217	0.060743702699999985	-0.0322070534	0.0592848969	0.0343914681	0.053526743700000004	-0.0039770412	0.0482593547	-0.0382708187	0.051429175599999995	-0.07030832299999999	0.025459151800000003	0.014289772099999999	0.052325489100000004	0.050667969199999996	0.0272310778	0.0163801547	-0.0714084723	-0.0036019996	-0.0938056824	-0.006704846800000001	-0.034241978799999996	0.0414604956	-0.0371391368	0.0220441642	-0.0159324413	-0.0566800088	0.1062313109	-0.0020944092000000003	-0.0501901008	-0.003590438	-0.017822151799999998	0.0856841578	0.055156240700000005	0.06743967599999999	-0.0043124717	0.0635037948	-0.12653094210000002	-0.0338774402	-0.0441804293	0.025432544300000002	-0.0155665671	0.027600572200000003	0.0100033167	-0.022129803599999998	-0.0170698125	0.09920682310000001	-0.0925461716	-0.0445333805	0.014287089	-0.044211785700000006	-0.020641466	-0.010703501399999999	-0.0346308058	0.0047818044	0.0993253323	0.053700755499999996	-0.052100367	-0.05322334769999999	-0.0343269449	-0.0996768777	-0.038481247999999996	0.032992182200000005	-0.006537435899999999	-0.0054268680000000005	0.0968370943	-0.0119749337	-0.0714096669	0.0218771213	-0.1019980318	-0.0212594545	0.027350827299999998	0.0755798532	0.1160266311	-0.0702536939	0.0203776159	0.2107848616	-0.0236134263	0.0122470961	0.0743542224	-0.0241310985	-0.1300956088	0.057401832699999995	-0.1279670075	-0.020481964	0.0387650332	-0.051058062599999995	-0.0023592891	0.094108185	-0.0485301241	-0.0552487361	-0.024229249700000004	0.0787405349	0.0218641697	0.044566674	-0.0130571603	0.0531629579	0.0248163393	-0.0906646497	0.0549405078	0.015602299699999999	-0.0359201173	0.05112800940000002	-0.10205253460000001	0.013678904799999999	-4.67525e-05	-0.057029102699999994	-0.0404866412	-0.0339444619	0.0369216685	0.0510556233	0.037136422599999996	-0.10380173990000001	0.0049460078999999995	0.014834128200000001	0.0327984203	0.0013389762	-0.040785831099999996	0.007166403399999998	-0.0391030258	0.0966895205	0.097440804	-0.0344525573	-0.0751924814	0.0388727416	0.092179847	-0.0047248885	0.0229697762	-0.026457884900000003	0.0212416959	-0.04800699519999999	0.0231559454	-0.041283453	0.0285714364	-0.0345510989	0.13697579140000002	-0.0198855858	-0.052923467099999996	-0.0029964738	0.0769095351	0.0539070205	-0.0242355996	0.0134721409	0.0125637353	-0.0274799771	-0.0030287120000000002	-0.0508483556	-0.15512720800000002	-0.011690181200000002	0.0368705296	-0.0815591511	0.0149419645	0.023709547999999997	-0.06296126190000001	-0.12497412109999999	-0.14821100869999998	0.1016813752	0.0765465803	-0.0326859148	-0.0762675296	0.0835307668	0.0380895	-0.011290900000000006	0.00012748442281000017	0.0014508100102500001	0.631564	0.03672700000000007	0.0013488725290000047	0.398873086096	0.675415	0.054616	0.456185422225	0.0029829074560000003	0.0112819	0.0016685100000000015	0.00012728126761000005	2.7839256201000053e-06	-0.0021669	8.093999999999983e-05	6.5512835999999715e-09	4.695455610000002e-06	-0.000197772	0.00011091399999999995	1.2301915395999992e-08	3.9113763984e-08	0.0	0.0	0.0	0.0	0.0	0.0	0.0	0.0	0.0	0.0	0.0	0.0	0.0	0.0	0.0	0.0	0.0	0.0	0.0	0.0	0.0	0.0	0.0	0.0	0.0	0.0	0.0	0.0	0.0	0.0	0.0	0.0
8082.666558480954	-34.84517569510808	1214.186269222951	65329498.69558635	10327.68719701346	12.99303692387548	106661122.83935574	168.8190085051916	6190.342717439777	-6.8834639150745724	47.382075470133756	38320342.95935968	6523.313147058538	10161.472906132725	0.979706	49.30394	0.23027870000000006	0.168713	0.0274174042	-0.06939390349999999	0.0034450848	0.0329521025	-0.0307137444	-0.0126128647	0.04456262019999999	-0.055339121500000005	0.0040495016	0.035020346699999996	0.037973195099999996	-0.0155759203	-0.0168892914	0.0012240111	-0.0675080915	-0.0755156731	-0.06630886799999999	0.040730426800000004	0.014590188300000001	0.0053238413	-0.0648413917	0.055237621900000006	0.045703583799999996	-0.032049064	-0.0061547497	0.0693937545	0.0348727993	-0.052988201500000005	0.0960049998	-0.0031109411	0.0279519943	0.06720953589999999	-0.0179474645	-0.0097654352	0.0640292739	0.056934521900000014	0.0667542983	-0.04791139	-0.039497887599999996	-0.0064760679	-0.048252452	0.0488387905	0.0020601238	0.0807977293	0.0403369221	0.0306900391	-0.0168415367	-0.0472964686	0.1013678293	0.064431574	-0.0704717754	-0.0012631434	-0.0255779851	0.11576668470000001	0.0468632825	0.0369696955	-0.0705831051	-0.08587432060000001	-0.1383741397	-0.0696613113	-0.029051147700000002	0.022022105499999996	0.019251846399999998	-0.12054867150000001	0.014396455700000001	-0.1525282772	-0.0595604537	0.0517722613	-0.020471613200000002	-0.0050256882000000004	-0.0036067088	0.018833136	0.0452925822	-0.074767317	0.0195652819	-0.1282394852	-0.09468523	0.043072594000000006	-0.030350352599999998	-0.0796072792	0.0026656634	-0.0762433342	0.0365787864	0.0641081223	0.0257736217	0.049765341100000006	-0.0241273126	-0.036732776099999996	0.0730349633	0.1457424045	0.0050780833	-0.09246792460000001	0.0598383156	0.0856793101	-0.0303553524	-0.0054435878	0.0808320344	-0.1174539876	0.0634482435	-0.1386553952	-0.09229763839999999	0.0935391112	0.0765241564	-0.0496372718	0.0906091835	0.0441859188	-0.0525365333	0.094464848	0.0868179017	0.1312318696	0.0310556057	-0.0295849808	-0.0163647468	0.0295212979	0.0701166077	0.0038137440000000004	-0.031470849599999996	-0.042420601399999994	0.0086331427	-0.047485903899999994	0.0638044348	-0.0453271149	-0.0667384114	0.044405983200000006	-0.10698140789999999	0.025170530899999998	0.001558996	-0.0338985469	-0.0679736618	-0.051578617300000004	0.09702167800000001	0.0071854416	0.0590159119	0.026587202200000003	-0.010607999299999999	0.0804080337	-0.0595738561	-0.0197250597	-0.1159194469	0.0333407956	-0.0649749391	0.1604875716	-0.000237856	0.0666091304	0.0102202484	-0.0060807893	0.017001813600000002	0.039061029	0.0607184326	0.00029304959999999997	0.0039191235	-0.042281571500000004	0.0721233798	-0.142954379	-0.0851779385	-0.004421790399999999	0.0730230279	-0.011176353899999998	0.09413867470000001	-0.0370270684	0.0988120672	0.0026366534000000002	0.1607867966	-0.1104692585	-0.0625990019	-0.0748322936	-0.0223040737	0.0449634571	0.1297958314	-0.027012674	-0.0032144885	0.0434281766	0.0857553883	0.0445645287	0.0576365612	-0.056094254	0.07900017940000001	-0.09497572130000001	0.0072651262	-0.0340784819	-0.0743712266	0.08577149519999999	0.028586700000000007	-0.009502799999999995	9.030320783999991e-05	0.0008171994168900003	0.468558	-0.16300600000000004	0.02657095603600001	0.219546599364	0.673355	-0.0020599999999999508	0.453406956025	4.243599999999797e-06	0.0111942	-8.769999999999958e-05	0.00012531011364000006	7.691289999999926e-09	-0.00138181	0.0007850900000000003	6.163663081000004e-07	1.9093988761e-06	-0.00043918	-0.000241408	5.8277822464e-08	1.928790724e-07	0.0	0.0	0.0	0.0	0.0	0.0	0.0	0.0	0.0	0.0	0.0	0.0	0.0	0.0	0.0	0.0	0.0	0.0	0.0	0.0	0.0	0.0	0.0	0.0	0.0	0.0	0.0	0.0	0.0	0.0	0.0	0.0
8072.630446183015	-10.036112297939328	100.72355005684898	65167362.32064098	10292.506684658636	-35.180512354823804	105935693.8537427	1237.6684495479105	6187.109512660211	-3.2332047795653125	10.45361314660398	38280324.12165048	6525.614008082278	10503.452266275699	1.276169	64.223534	0.4160443	0.301201	-0.0456521471	-0.0452492659	0.013534237099999999	0.1174122676	-0.11567389480000001	-0.023871236400000002	-0.0088380761	-0.007681456999999998	-0.0954839862	0.0785727752	-0.0988967252	-0.0339235963	0.0693484872	-0.0542296617	-0.0118902066	0.0817839732	0.21647502829999998	0.12160619660000001	0.0340576081	0.0639482013	0.1295684218	-0.0154241629	0.012668543999999999	-0.0270281426	0.0842859658	-0.0050448395	0.1755532675	0.0191568368	0.1672122237	0.007507299100000002	0.14995978769999999	0.11040020619999999	-0.0719807482	0.0226960704	0.0516432243	0.0094089951	0.158382212	-0.0371476756	0.048141083499999994	0.022711310099999996	0.032717405299999995	0.0831483278	0.0729466978	0.1335950618	0.0530988675	-0.0258443482	-0.0286191122	-0.0346748432	0.0603871499	-0.127034657	-0.1121987325	-0.0203371075	-0.05717389110000001	0.0734383022	0.005999241	-0.0598904571	-0.0112265811	-0.1240509382	0.0671834868	0.0735023629	-0.0201860673	0.05853748740000001	0.0358517271	-0.1049520809	-0.0496980113	0.0089198971	-0.2182915478	0.1065123554	-0.084118104	0.0128289592	-0.0097499326	0.048018108399999995	-0.0241913946	0.0190867642	0.075672829	0.0043451518	-0.0599226129	0.0135783458	0.0541915025	0.06170058	0.048347599500000005	-0.0327569091	0.017120633200000002	0.1066439133	0.0529020131	0.12086510589999999	0.0369105936	-0.0284315921	-0.1004569116	-0.012810078	0.040793286899999996	0.0363463765	-0.0965799701	-0.013282821399999999	-0.0601643542	0.0494758033	0.0652578011	0.0160630499	0.046275632000000004	-0.0609967494	0.0073598993	0.04399676190000002	0.0515662209	0.1081307214	-0.028557381200000002	-0.0914380383	0.060981365	0.015232108400000001	0.0181324508	-0.0082611213	0.2456382701000001	0.0480710766	0.0282521144	-0.043564201600000005	0.0722296695	-0.0597596653	-0.0881790685	-0.0621962425	-0.0019976186	-0.1163570849	0.0203122306	0.1348474882	0.0298114739	0.05340362110000002	-0.0682969064	-0.0100432277	0.1163716551	-0.08292418230000001	0.0908592836	-0.1462979501	0.0598319176	0.036689198199999995	-0.016317796399999997	0.1301759315	0.0354220844	0.0173579632	-0.1380474558	-0.0397120195	-0.0786417449	-0.0824427995	0.0874560307	0.025542654100000003	0.161889549	0.0876905618	-0.0003749424	-0.0183999029	0.08494020890000001	-0.06920110230000001	0.0023421301	0.0435426286	0.0069733065	0.0693476466	-0.0707999627	-0.0694862775	-0.0194007612	-0.0122117766	0.025074526899999998	-0.0724125843	-0.0082170853	0.1009490557	-0.0793907408	-0.1584770373	6.16723e-05	0.052698373099999994	-0.0240715663	0.060236750199999994	0.1030166679	0.0646286725	0.10479691210000001	0.055828417699999994	0.0213987229	-0.0938463249	0.10194728130000001	0.0417671309	-0.0009044589	0.1289904567	-0.00038257849999999996	0.0981868699	0.0238535636	-0.035463275	-0.072407065	0.087836154	0.029379900000000007	0.0007932000000000007	6.291662400000015e-07	0.0008631785240100002	0.185758	-0.28279999999999994	0.07997583999999996	0.034506034564000004	0.664607	-0.008748000000000089	0.4417024644489999	7.652750400000156e-05	0.00935662	-0.0018375800000000016	8.75463378244e-05	3.376700256400007e-06	-0.000787044	0.0005947659999999999	3.537465947560001e-07	6.19438257936e-07	-0.000480896	-4.171599999999997e-05	1.7402246559999968e-09	2.3126096281599998e-07	0.0	0.0	0.0	0.0	0.0	0.0	0.0	0.0	0.0	0.0	0.0	0.0	0.0	0.0	0.0	0.0	0.0	0.0	0.0	0.0	0.0	0.0	0.0	0.0	0.0	0.0	0.0	0.0	0.0	0.0	0.0	0.0
8110.812653627769	38.18220744475366	1457.8809653542014	65785281.90224832	10280.83254759768	-11.674137060956127	105695517.8717438	136.28547611798936	6204.303800897618	17.19428823740691	295.64354799102955	38493385.65383263	6534.349746668103	10390.679437577954	1.045786	52.629436	0.07619910000000002	0.0400457	-0.0450492237	-0.0500665254	0.0119289972	0.1067937332	-0.1365697992	-0.0062899059	-0.0202989358	0.023163809900000002	-0.061035499800000004	0.0928760599	-0.0777107149	-0.1143090357	0.0347957361	-0.15529597650000002	-0.025701156099999997	0.11448137539999999	0.1839011778	0.0803320325	-0.1626322018	0.035470741	-0.0853046741	0.15132661960000002	0.2214347201	-0.0658318852	-0.241269912	-0.1935686778	-0.015019061	0.1052244598	0.104457459	-0.019696185300000002	0.0005140789	-0.1503145907	-0.0044177910999999995	-0.18814345429999998	0.0441836656	-0.0395551978	-0.0333284319	-0.053708076699999996	0.0726086559	0.0660305756	0.058467965499999996	0.0369282746	0.06649950219999999	0.1434896528	0.0737743241	-0.0380811052	-0.0007339342999999999	-0.0630037956	0.0287756935	-0.1013490041	-0.09455800210000001	-0.0022757727	-0.080409835	0.0140065591	-0.0084337643	-0.0688262883	-0.0778246771	0.0724958356	0.011994078600000001	0.10146659820000001	-0.0019664779	0.1466779374	-0.0256573402	-0.1039004817	0.033623896699999996	-0.0149528507	-0.0530726258	0.0758846706	0.0746794804	-0.0434340467	0.1291572872	0.023848479199999998	0.0276959075	-0.013584897299999999	-0.0742318077	-0.0840195616	0.0865488472	0.0775219463	-0.0157818456	-0.029475910600000002	0.0078968103	0.1232597818	-0.1022737478	0.0344675424	0.012017458	0.0690888141	0.13546249529999999	0.0461964967	-0.0619253813	-0.028691707099999998	-0.0367847819	-0.048372180099999995	0.0233949437	0.028126635299999998	0.1096382209	0.0470867082	0.014523925600000001	0.0455562864	-0.108185045	-0.0491837313	-0.0160206375	0.0598182576	0.0424494437	-0.0520093347	-0.0387359527	0.08175500179999999	-0.0655915522	-0.07242074280000001	-0.0387037738	-0.021511703599999998	0.0878056365	0.056116479000000004	0.0766166908	-0.045697397199999996	0.037571767400000004	-0.0266489108	-0.1266523881	-0.1033936243	-0.0143049201	-0.0723618881	-0.035898425	0.0975090041	0.0340281639	0.028868808399999998	-0.0250112144	-0.030739996800000002	0.1172499681	0.1014475453	0.1342632047	-0.18727403920000002	0.0155344999	-0.0529017688	0.0104889283	-0.00019155759999999998	0.0407222876	0.16122443449999999	-0.0448624787	-0.0062645538	-0.0531936433	0.000817018	0.0145584848	0.0217057439	-0.0080454545	-0.0699761507	-0.024620367400000003	0.053354906699999996	0.0057326916	0.0432021761	0.2676719591	-0.09091379529999999	-0.003917185	0.023692753100000002	0.021497790699999998	-0.0144457398	-0.0162097477	0.0170760912	0.09674842410000001	-0.0095918159	-0.11526535880000001	-0.06965862910000001	-0.0021341869	0.0562781928	0.0956368158	0.1178409424	0.0812364293	0.08688558369999999	0.0566016997	-0.0359794541	-0.025019422700000002	-0.006590632700000001	0.0660131631	0.0667277553	0.0103902601	0.07802710139999999	-0.10722219779999999	-0.09664246859999999	-0.10157493949999999	-0.0123801806	0.0807141599	-0.0368399782	-0.0703768369	0.089720505	0.0315654	0.0021854999999999965	4.776410249999985e-06	0.00099637447716	0.211827	0.02606899999999998	0.000679592760999999	0.044870677928999986	0.6446350000000001	-0.019971999999999882	0.4155542832250001	0.0003988807839999952	0.00980074	0.00044412000000000097	9.60545045476e-05	1.9724257440000086e-07	-0.0008796719999999999	-9.262799999999987e-05	8.579946383999977e-09	7.738228275839997e-07	-0.000458192	2.2704000000000022e-05	5.154716160000008e-10	2.0993990886400002e-07	0.0	0.0	0.0	0.0	0.0	0.0	0.0	0.0	0.0	0.0	0.0	0.0	0.0	0.0	0.0	0.0	0.0	0.0	0.0	0.0	0.0	0.0	0.0	0.0	0.0	0.0	0.0	0.0	0.0	0.0	0.0	0.0
8215.321187343623	104.50853371585436	10922.033619437867	67491502.21121703	10366.191273852846	85.3587262551664	107457921.5261029	7286.112147904433	6232.744909592944	28.44110869532597	808.8966638193463	38847109.10805676	6567.160365920414	10699.720913661291	1.207569	60.771233	0.3294396900000001	0.166523	-0.0189747106	-0.0133085897	-0.0149583431	0.1579007182	-0.0647884344	-0.0378851473	0.06868190910000001	0.0370077487	-0.07179478759999999	0.0314856229	-0.1732700234	-0.047521985999999995	-0.1127347	-0.1375700335	0.057760567199999995	0.140617352	-0.0315244701	-0.0247130966	-0.1087875404	-0.10286382	-0.1937626798	0.1512416478	0.0096735923	0.041581459700000004	0.0224715031	-0.0229769462	-0.1143679731	-0.0826031885	-0.0354361287	-0.0779319347	0.0574260316	0.122024997	0.0713587535	0.0261263168	0.0483920529	-0.027913603999999998	0.0055692486999999995	0.0284546569	0.0840563161	0.0512759983	0.09286933800000001	-0.011112551000000002	0.050807220300000004	0.1647353969	-0.0295257232	0.009622571600000001	0.0770042052	0.0201529621	-0.0009183972999999999	-0.0239213567	-0.0761266085	-0.07726114519999999	0.021565064100000003	-0.0761971	0.0065471855	-0.0112444069	-0.100471995	0.0007329383	0.0156799088	0.0139604201	-0.013745826599999999	-0.08598240039999999	-0.0310282013	-0.0562330569	0.11236578720000001	0.036098467	0.033264709100000005	0.024955259700000003	0.0368811085	0.0377854272	-0.0932921075	-0.054551752300000006	-0.0980085514	-0.08001381889999999	-0.0032964919000000002	-0.0852071008	-0.0210128722	-0.0360728799	0.0957513651	-0.1176757506	-0.08515996529999999	0.014366981899999999	0.0335066869	0.0154350889	-0.1029931448	0.0647566835	0.0212015594	-0.048103588600000004	0.0521540296	0.1096054488	0.0563461358	-0.09477009119999999	0.0044435511	-0.0195677065	0.0554733388	0.0684172384	-0.0656086954	0.0766627069	-0.0661974368	-0.0975118989	0.0511900698	-0.0796286743	0.0080345433	-0.1397095428	0.0236954331	-0.1060837823	-0.08804821269999999	0.0345103492	0.1030260735	-0.0456840284	-0.1608439308	0.0576097712	0.0681802627	-0.060224088099999996	-0.0175442247	-0.0544248185	-0.1800314371	-0.0369831931	0.0567408554	-0.0392431175	-0.10050654789999999	-0.0123658178	0.025576740299999998	0.0908264518	-0.0033272971999999995	0.0717819929	-0.0448699739	0.025028179100000002	-0.0346352051	-0.0076610866	-0.045802620499999995	0.0471800768	0.1111725633	0.0402162469	0.046346190499999995	-0.0540224112	-0.0328411593	0.1173097691	0.1005580787	-0.0767591033	-0.1301249112	-0.06107293110000001	-0.0521669251	-0.0557269941	-0.0854434748	0.0670990674	-0.0737412186	-0.06634139730000001	-0.0083624466	0.007406118699999999	0.021004733799999998	-0.1816528341	0.1220086369	-0.0791099237	-0.1098419633	0.0638776653	0.1107981233	0.0203644933	-0.045371564	-0.014351231899999999	0.13447699289999998	-0.0096220537	0.0970966428	-0.0801401092	-0.014029398600000001	0.0246790376	-0.0163574196	-0.0219429496	0.0392263116	0.0057036255	0.1063301419	0.057485360599999986	-0.0987294445	-0.06538629650000001	-0.058577480999999994	-0.0219390622	0.0867227498	-0.0306844659	-0.06958978730000001	-0.038208277400000004	-0.06828239480000001	0.0914206801	0.00637651	-0.02518889	0.0006344801794320999	4.06598797801e-05	0.340238	0.128411	0.016489384920999998	0.115761896644	0.717557	0.07292199999999993	0.514888048249	0.00531761808399999	0.0109476	0.0011468599999999993	0.00011984994576000002	1.315287859599999e-06	-0.000595831	0.00028384099999999985	8.056571328099991e-08	3.55014580561e-07	0.000169463	0.000627655	3.93950799025e-07	2.8717708369e-08	0.0	0.0	0.0	0.0	0.0	0.0	0.0	0.0	0.0	0.0	0.0	0.0	0.0	0.0	0.0	0.0	0.0	0.0	0.0	0.0	0.0	0.0	0.0	0.0	0.0	0.0	0.0	0.0	0.0	0.0	0.0	0.0
8211.849585391148	-3.4716019524748845	12.052020116427428	67434473.61308877	10318.510807411954	-47.680466440891905	106471665.28267732	2273.4268800210198	6235.918850385617	3.1739407926725107	10.073900155390604	38886683.90859467	6565.234412287651	10870.044694628281	0.949849	47.801399	0.15468834	0.0688703	-0.0093626419	-0.006451169499999999	-0.014802068	0.20446847370000001	0.0017568275	0.0176088469	0.038279376600000005	-0.0192001784	-0.1247167732	0.0331848669	-0.16878733140000002	0.0023851755	-0.0908369133	-0.1241499382	0.0346908495	0.0221796445	-0.0081664942	-0.0134903452	-0.0994055293	0.0649688293	-0.0356561396	0.0184519706	-0.0593827571	0.011737642099999999	-0.0313293019	0.0822168379	-0.0223285468	0.0394844514	-0.0964649799	-0.0044752124	-0.019303749	0.0237585329	0.0941858663	0.0851982157	0.103824734	0.0023973147	0.0300860243	0.012033036	0.0624837034	0.0093336132	0.0816839054	-0.0146980595	0.0596174509	0.1365828453	-0.13218332	0.0518659791	0.059458256699999996	0.0029243536	-0.036581112	-0.0704950845	-0.006827098199999999	-0.0841713665	0.0930643984	-0.0010499996	0.0140390638	0.0723660346	-0.070366494	-0.0231794426	0.0571764751	0.0618575195	0.08842568140000001	0.0164566973	0.0338317018	0.09710130269999999	-0.0363651922	0.0873447694	-0.0467137277	0.1362819847	-0.0132172204	0.0184546532	-0.0337342207	-0.0713087333	-0.0519695383	0.022143681600000003	-0.0249667819	-0.0341646102	0.027712041099999998	0.0558432552	-0.045293829	-0.021567024900000002	0.0395567619	0.09602476160000001	0.0034864873	-0.0344073242	0.0860769423	-0.1645363793	0.0523365911	-0.0650004854	-0.0476258022	0.0554382763	-0.041465001200000004	0.0356145141	-0.0043211645	-0.0488021161	-0.0219439676	0.0900404508	-0.028280550499999998	-0.0216854671	0.1195336952	0.026171503500000002	-0.0713940027	-0.0181296939	-0.1188870767	-0.0501908658	0.0472727536	-0.0792709894	-0.0462721277	0.0020397569	-0.0007209075	0.019724991	0.07651663809999999	0.0422373843	0.0315686978	-0.045216958200000004	-0.0273175794	-0.0879107854	-0.1829296807	0.0729191916	0.0366337762	-0.023570341800000002	-0.062471455499999995	-0.023196210800000002	-0.0028653907	-0.0118147661	0.0403007349	-0.0323018527	-0.0653102762	-0.0189844721	0.046499043899999995	-0.0859243917	0.0283948504	0.0713614596	0.0714459915	0.0099266571	0.1646109864	-0.07093009110000001	0.0312092721	-0.09356005880000001	-0.0200925443	0.0032405096	-0.0043387836	-0.0479734113	0.0667452386	-0.0994751766	-0.0668130029	0.09795166970000001	-0.0101502887	-0.025708952400000002	-0.015938451399999998	-0.026918653100000002	0.030989401099999998	0.0335845441	-0.0235090498	-0.0076054131999999984	0.0356511453	0.0267168813	-0.0050219518	0.0265921065	-0.0146211862	-0.0596108453	0.03188528	0.0689798064	-0.0424349926	0.012496016100000002	-0.1472377156	-0.049558693099999995	0.0173690188	0.0259409414	0.126259565	0.0439126121	-0.041846486	0.0350325141	-0.0489509758	-0.0589786025	-0.0201934932	-0.0159501673	0.10915560380000001	0.047310655800000004	-0.013302922	-0.0395678606	-0.0661256498	0.092933189	0.0372118	0.03083529	0.0009508151093841	0.0013847180592400006	0.359107	0.018869000000000025	0.00035603916100000087	0.128957837449	0.759362	0.04180499999999998	0.576630647044	0.0017476580249999984	0.0106855	-0.0002620999999999995	0.00011417991025	6.869640999999974e-08	-0.00129112	-0.000695289	4.83426793521e-07	1.6669908544e-06	-0.00013672899999999998	-0.00030619199999999994	9.375354086399996e-08	1.8694819441e-08	0.0	0.0	0.0	0.0	0.0	0.0	0.0	0.0	0.0	0.0	0.0	0.0	0.0	0.0	0.0	0.0	0.0	0.0	0.0	0.0	0.0	0.0	0.0	0.0	0.0	0.0	0.0	0.0	0.0	0.0	0.0	0.0
8181.258451978481	-30.59113341266675	935.817443471576	66932989.85806934	10308.272184522051	-10.238622889903127	106260475.43019104	104.82939868164827	6235.80479672232	-0.11405366329654497	0.013008238111361651	38885261.462825105	6568.123936576538	10868.050515807974	0.879175	44.244698	0.13257284999999985	0.0702578	0.005299469300000001	-0.0079375095	-0.0061273411	0.18693706579999997	0.0143229406	0.0390615989	0.0091441942	-0.0176118667	-0.09394324	0.007968856	-0.18929120579999997	0.022781709	-0.0736195274	0.0364598046	-0.031353231	-0.0711176299	-0.0593791145	0.0454728036	-0.0408396122	-0.0801097941	-0.1086452021	0.0103938136	0.1269773649	0.0071518387	0.0258283129	0.0134127546	-0.0189735308	0.012213348899999999	-0.0499869496	-0.0238758619	0.0658621899	0.035711075	0.0660491998	-0.015107336599999997	0.1455376858	0.049418847300000006	-0.0568274435	-0.0247275092	0.0455716833	-0.017515729	0.0576009483	-0.0009685878	0.0096991747	0.06269470440000001	-0.18009996530000005	0.1226029461	-0.0110789727	-0.0432336895	0.039993200699999995	-0.0102349782	-0.0171325133	-0.08603868869999999	-0.0037626483	-0.0138322636	0.05086852730000002	-0.0308712092	-0.0771768913	-0.056253849	-0.041707840499999996	0.002934233	0.0079948668	0.0414084904	0.045895617699999995	0.0786140521	0.08807598539999999	0.0179493383	-0.0066915739	0.0597961447	-0.0085659616	0.0510597617	-0.0855640822	-0.09305100570000001	-0.1142119865	0.0342069874	-0.0076040201	-0.0049772581	-0.0770652063	0.0121047551	0.059144863099999986	0.0226367153	-0.050299557599999996	0.034518915899999995	0.0773554133	-0.0389125755	-0.0651494809	-0.0420208381	-0.0038344366	-0.0292664583	0.0909797334	0.0835832537	-0.051062465599999995	0.036405032999999996	-0.0081325474	-0.0622628619	-0.021175492599999998	0.004253215800000001	-0.0257853311	0.0204344587	0.0558443703	-0.045030139000000004	0.0018928464	-0.0076967149	0.0378787847	0.0492689225	-0.056008111	-0.051436827000000004	0.0275388767	0.025419845899999998	0.0808888633	-0.087333268	0.1008566092	0.0302832593	0.0077217308	-0.041385201499999996	-0.0314548598	-0.0706049012	-0.12121022210000001	0.17250443129999998	0.011620873899999998	-0.0634277953	0.0389594687	-0.038192549	-0.0464326991	0.0409078761	-0.0094253601	0.0625873794	-0.0014873818	0.004092923300000001	0.0044412684	-0.026547377999999996	-0.012648019699999999	0.0719606037	0.0801938509	0.0291544421	0.006741369200000001	-0.030695206699999998	0.0090662291	-0.044863687199999995	0.0663843146	0.002758263	-0.10658722820000001	-0.0462545821	0.048313095099999995	-0.1102871729	-0.0710133702	0.1159427449	-0.0067129639000000005	-0.0066956842	-0.09042389960000001	0.039825595400000004	-0.0084107077	-0.021047346600000003	0.0795383649	-0.0615448089	-0.0464529067	0.0086538222	-0.0158663143	0.0935377872	-0.0232056164	-0.0028472089000000003	-0.0174446683	-0.0032483234	0.0302145006	0.018710048899999998	-0.0493567043	0.0983496874	0.0051548157	0.059612929400000014	0.054452995	-0.013625103999999999	-0.0246186021	-0.1068805769	-0.0368207885	-0.0463314846	0.0355305488	-0.0147384803	0.0683182168	-0.056730349900000004	0.0547578115	-0.0409184175	-0.0639085696	0.09425492710000001	0.0314203	-0.005791500000000005	3.354147225000006e-05	0.00098723525209	0.415253	0.05614599999999997	0.003152373315999997	0.172435054009	0.745989	-0.013372999999999968	0.556499588121	0.00017883712899999918	0.0113526	0.0006671000000000003	0.00012888152676000005	4.450224100000004e-07	-0.000909586	0.00038153399999999983	1.4556819315599992e-07	8.273466913960002e-07	-0.000233342	-9.661300000000003e-05	9.334071769000006e-09	5.4448488964000014e-08	0.0	0.0	0.0	0.0	0.0	0.0	0.0	0.0	0.0	0.0	0.0	0.0	0.0	0.0	0.0	0.0	0.0	0.0	0.0	0.0	0.0	0.0	0.0	0.0	0.0	0.0	0.0	0.0	0.0	0.0	0.0	0.0
8140.366367926256	-40.89208405222507	1672.16253813424	66265564.60406491	10321.440061491116	13.16787696906431	106532124.94295372	173.39298387241428	6234.328218440993	-1.47657828132742	2.1802834208878368	38866848.33524964	6568.9626704306165	10605.664581602454	0.88939	44.75877	0.109186685	0.055145500000000014	0.022588079100000002	-0.030924205	-0.0089386741	0.1448009865	-0.0102452487	0.0279833118	0.022601332000000002	-0.0438241591	-0.0867837072	-0.0128462782	-0.2001477012	-0.016954142	-0.0296135854	0.0433797125	-0.0598074961	-0.0822919299	-0.0436819746	0.004869425399999999	0.0058476123999999996	0.0458749737	-0.08205697349999999	0.0355788687	0.0588611296	-0.023856076099999998	0.012386908	0.1226078804	0.010286860200000001	-0.052423698600000006	-0.0625904685	-0.0013807864	0.028818247	-0.0481404367	0.0122112995	0.07593907849999999	0.09036757220000001	0.10214425769999999	-0.0387427263	0.0606454192	0.027438937000000004	-0.0258253598	0.022869239399999998	-0.0004800207	0.0086033673	0.0547801779	-0.184716966	0.12376005529999999	-0.0144239948	-0.0200348545	0.06371586480000001	0.0301795374	-0.048457020999999996	-0.08542519960000003	0.02410386	0.0377681136	0.021564860800000002	0.013804436699999999	-0.004604534	8.50817e-05	-0.0778255957	-0.018504211	0.0156071525	-0.1431408527	-0.0199380963	0.10559366519999999	-0.0236966812	0.0675746665	-0.0869896934	0.1311309984	-0.0049760471	0.031077601	-0.0464409041	-0.0502029825	-0.0328871343	0.0515065681	-0.0117323002	0.0095629401	-0.030823778599999997	0.0310985853	-0.035493169	-0.0605847733	0.0216708623	-0.0544662761	-0.051432615599999995	0.00045538519999999995	-0.0496172904	-0.0156251231	0.0695344034	0.014331324199999999	-0.0035415869	0.0027961202	-0.0027574290999999996	-0.017314871000000003	0.023851693700000003	-0.0224104871	0.0458458499	0.041234170699999996	0.0657239577	0.08482884140000001	-0.0333118413	-0.053068518099999996	0.0036360334999999996	-0.0182750936	-0.1244082034	-0.072415847	0.08538342980000001	-0.051841572	0.0829000265	-0.0114812219	0.1129475598	-0.017728789	0.032932647999999995	0.0204720233	-0.01252505	-0.0153164697	-0.0208469073	-0.05696627	-0.1056322158	0.19095487879999998	0.009495147399999999	-0.0716002874	0.0643121472	-0.041997317199999995	-0.046470471500000006	0.066156486	-0.0210147202	0.05961153440000001	-0.0060589839	-0.0576887612	-0.0687650033	-0.0211914252	-0.0085231079	0.0956336613	0.0739920481	-0.0636637885	0.10779414300000001	-0.12020734429999999	0.0185873167	-0.0034142314000000003	-0.0651197816	-0.0454938994	0.028596785099999997	0.015524431799999999	-0.0059391869	-0.057780319800000014	-0.0980656267	0.10959484289999999	-0.0091875611	0.0375453929	-0.0183792975	0.0276519367	-0.0289111883	-0.0077636530000000014	-0.006112550699999999	-0.0472730776	-0.0177345172	-0.0123120829	0.0547261627	-0.0061538116000000006	0.054855222599999996	-0.046367837800000006	0.013509778100000001	0.0578807499	0.0234704414	0.0075882545	-0.05162063099999999	-0.031232745	0.11545889109999999	-0.015374923700000001	-0.0177400654	-0.016021157	0.0191038896	-0.0256984111	-0.0946694818	0.0287777646	-0.075397906	-0.0378747811	-0.0008740558	0.0711084456	-0.0136574898	-0.04225964	-0.0616331773	0.095383181	0.017435299999999997	-0.013985	0.000195580225	0.00030398968608999987	0.455635	0.04038200000000003	0.0016307059240000025	0.207603253225	0.7254229999999999	-0.020566000000000084	0.5262385289289999	0.0004229603560000034	0.0113663	1.3699999999998434e-05	0.00012919277568999998	1.8768999999995717e-10	-0.000383436	0.0005261500000000002	2.768338225000002e-07	1.4702316609600001e-07	-8.811829999999999e-05	0.0001452237	2.1089923041690003e-08	7.764834794889998e-09	0.0	0.0	0.0	0.0	0.0	0.0	0.0	0.0	0.0	0.0	0.0	0.0	0.0	0.0	0.0	0.0	0.0	0.0	0.0	0.0	0.0	0.0	0.0	0.0	0.0	0.0	0.0	0.0	0.0	0.0	0.0	0.0
8092.891338714456	-47.475029211800575	2253.878398661318	65494890.22023945	10307.812822223299	-13.627239267816545	106251005.17799103	185.7016500623213	6209.133043491457	-25.19517494953561	634.7968407377067	38553333.15177748	6542.8802196952665	10211.80188073564	1.030464	51.858353	0.372145985	0.194735	0.0523789437	-0.0264622506	-0.061835126399999996	0.0707401154	-0.050495973799999996	0.032410881	0.0219108682	-0.0363695784	-0.09600423029999999	-0.0418322707	-0.1262960951	0.027605093900000002	0.0057417777	0.0058959948	-0.0086498687	-0.0067554867000000005	-0.0352854304	-0.0061667355	0.059565758600000004	0.0194084422	-0.1073281899	-0.042258289299999995	0.059639789900000004	0.0647403257	-0.0101076958	0.11060379460000001	-0.011746958100000001	-0.0061381271	0.0006959771000000001	0.10387950509999999	0.07643547070000001	-0.060273579	-0.002651469	0.08425469890000001	-0.0316846325	0.0207641815	-0.023253175	-0.0319795493	-0.010488781599999998	-0.022969581800000003	0.0428011179	0.021654822799999997	0.095450694	0.0120535981	-0.1247111558	0.0640631837	-0.0013083288000000002	-0.08780668220000001	0.12599762779999998	0.054850450999999995	-0.07988251219999999	-0.0228836425	-0.0228245377	0.0661629617	-0.019999043600000002	-0.0239987168	-0.04833427	-0.1205590283	-0.025815727200000003	-0.0606212078	0.07551646740000001	0.014420521499999997	0.06399048480000001	-0.0090139589	-0.051726504900000005	0.0348100411	0.047870471	0.029579494700000007	-0.09764732720000001	-0.035246145	0.1385194785	-0.0078779823	-0.016314871499999998	0.087565876	-0.0280852407	0.049419590599999993	-0.0844228706	0.0429466557	-0.0428879727	-0.0937436405	0.0624658284	-0.0708353826	-0.0131549582	-0.0400062273	0.014099697900000001	0.0013404482	-0.0596239955	0.0191194756	0.0054319377	-0.11305070710000001	0.0364012414	-0.1302780579	0.0025479559	-0.0478364264	-0.0172106523	-0.1610290043	-0.1031387125	0.0402415664	-0.1554692678	0.0064020571	0.027914256499999998	0.0990855965	-0.0116494556	-0.0075438998	-0.050231562800000004	-0.0841711156	-0.0716603235	-0.0432305013	-0.0013338014	-0.10716878960000001	-0.0305287277	-0.0129158098	-0.0066419579	-0.0046401337	-0.0254314811	-0.1312038563	-0.0353167851	0.11412241140000001	0.0178298229	-0.055440344	0.0234888998	-0.0036026083000000007	-0.0408068787	0.103927238	-0.0272828248	0.0634050346	0.0688831169	-0.0034115675	-0.10425815199999999	0.0273811667	-0.0602416176	0.05338872	0.029155303599999998	0.0498584916	0.0898981898	0.028377345499999998	-0.0032635404	-0.023928960200000002	-0.0902383274	0.0825683478	0.0781276984	0.037940668500000004	0.0921299482	-0.0908438872	-0.0258908171	-0.0818473703	0.0648098284	0.0859861606	0.0778933148	-0.0045034758	-0.06927046099999999	0.0016699197	0.0266021425	-0.1040386315	0.0620061897	-0.08625207480000001	-0.0488854779	0.0143890545	0.0004743592	0.049866205700000006	-0.0604429017	0.038390340499999995	0.0071131589	-0.0175966962	0.08118686580000001	-0.0814841238	-0.0362703257	-0.0944879732	0.0093837557	-0.1353272117	-0.08133258730000001	-0.0056372149	-0.0001400864	0.0581242012	-0.10012474560000001	-0.012306503	0.044935859	-0.0103684814	-0.0838505346	-0.0435912223	-0.059301549	0.09631563480000001	0.030435700000000006	0.013000400000000006	0.00016901040016000014	0.0009263318344900002	0.508465	0.05282999999999993	0.002791008899999993	0.25853665622499994	0.8533729999999999	0.12795	0.7282454771289999	0.0163712025	0.013754700000000005	0.002388400000000006	0.00018919177209000013	5.704454560000028e-06	0.000592272	0.000975708	9.520061012639999e-07	3.50786121984e-07	-0.000291322	-0.0002032037	4.129174369369001e-08	8.4868507684e-08	0.0	0.0	0.0	0.0	0.0	0.0	0.0	0.0	0.0	0.0	0.0	0.0	0.0	0.0	0.0	0.0	0.0	0.0	0.0	0.0	0.0	0.0	0.0	0.0	0.0	0.0	0.0	0.0	0.0	0.0	0.0	0.0
8069.279651340909	-23.61168737354637	557.5117806260894	65113274.09154446	10318.978310417991	11.165488194692442	106481313.37087694	124.66812662581631	6198.969600596768	-10.16344289468907	103.29557147360573	38427224.10912286	6534.773834659405	10018.771389006588	1.094391	55.075512	0.2673701399999999	0.129951	0.038812517799999995	-0.015001023600000003	-0.0860292842	0.0049143591	-0.0951235726	0.030338606299999998	0.025052662799999997	0.0096072125	-0.11744876900000001	-0.042442147	0.0311761319	0.1337847129	-0.0263485134	0.0226447629	-0.0273234792	-0.0792736943	0.0030516372	-0.0418387273	0.023850152599999997	-0.08022059299999999	-0.053539165	0.1275785025	0.0322167357	-0.0005233441000000001	0.0988274017	0.062400947699999994	0.0351654519	0.0127760332	-0.0005348225	0.0964656035	0.1059569024	-0.0508522434	-0.087159499	-0.029352457999999998	-0.0751888537	0.0012224007	0.0276008833	-0.048416662	-0.0067361939000000004	-0.0182944497	0.0684922368	0.0274044144	0.15612039789999999	-0.0322254547	-0.059869838099999996	-0.0024779455	0.010298535400000001	-0.0747699161	0.05481285809999999	0.1333238339	-0.0491857133	-0.0520654757	0.0124666253	0.016901596100000003	-0.1562398029	-0.0087460789	-0.018662321000000003	-0.0765345271	-0.0375257624	-0.1286392915	0.006266365699999999	-0.043471959500000004	0.0804232796	-0.0125089137	-0.055257863899999995	0.0339766404	-0.0879481137	0.0099636928	-0.060666342699999994	0.0523920999	0.084010035	-0.0353377903	0.0099656499	0.1168016147	-0.1235480442	0.1205215762	0.010903735	0.0480116638	0.0316760149	-0.0731225228	-0.0056567807999999995	-0.012380466299999998	0.040766193900000004	0.031526234900000005	-0.026058468900000003	0.013612331399999998	-0.05563364690000002	-0.1932896832	0.15272125279999998	-0.0666975238	0.18635664489999998	-0.0200420694	0.004160721	-0.0260627096	-0.1017335466	0.0259150543	0.1838642606	-0.023316836	0.0095137186	0.0168412431	-0.038060675	-0.0867688891	-0.11921292609999999	-0.011702826000000001	-0.00040484989999999997	0.0162043817	0.0661786399	-0.075804951	-0.1659118081	0.011792253700000001	-0.0047818604999999995	-0.0054450997	0.0036742019	-0.0061174291	-0.0308211772	-0.1884694391	0.015476752	0.017021599	0.0094669011	0.0210179706	0.0418503634	-0.0273140527	-0.09414829949999999	0.0449080534	0.0625176712	0.0594843162	0.04582989	0.024155404100000003	-0.1638766482	-0.022242978700000002	-0.0021164774	-0.07996340639999999	0.0580921317	0.0203106047	0.015878328799999997	-0.0556958718	-0.0499590242	-0.0162092748	-0.101950355	0.036089019900000005	0.1180932709	0.0151821226	0.0324433333	-0.011561973100000001	-0.0230294467	0.0077920276	0.0400947453	0.09085740390000001	0.023015434700000004	0.115674045	-0.040739589900000005	-0.045965344000000005	-0.0479709546	-0.1332987915	0.1088115499	-0.034774485699999996	0.0152989184	0.0016512372	0.0044425736	0.0222144629	-0.1802129613	-0.0702431367	0.1804249994	-0.197294778	0.0337225494	-0.059867258300000004	-0.09715281369999999	0.0496109388	-0.0096040203	0.0009638358	0.0241170234	0.100593099	-0.0093904644	-0.044887152400000005	0.0929488596	0.10026933730000001	-0.0872258723	0.0039112399	0.0298425398	-0.0449128604	-0.0569158121	0.09705037429999999	0.00559236	-0.02484334	0.0006171915423556001	3.12744903696e-05	0.450571	-0.05789399999999995	0.0033517152359999933	0.203014226041	0.950074	0.09670100000000004	0.902640605476	0.009351083401000007	0.014704	0.0009492999999999947	0.000216207616	9.011704899999904e-07	4.85133e-05	-0.0005437587	2.9567352382568996e-07	2.3535402768900004e-09	-2.57447e-05	0.0002655773	7.053130227529e-08	6.627895780899999e-10	0.0	0.0	0.0	0.0	0.0	0.0	0.0	0.0	0.0	0.0	0.0	0.0	0.0	0.0	0.0	0.0	0.0	0.0	0.0	0.0	0.0	0.0	0.0	0.0	0.0	0.0	0.0	0.0	0.0	0.0	0.0	0.0
8078.702466681966	9.422815341056776	88.78944895165493	65265433.54517329	10360.852414984307	41.87410456631551	107347262.76508614	1753.440633230725	6220.0496057571445	21.080005160376462	444.3666175614981	38689017.09807961	6573.229747283867	10359.130457145118	1.6534939999999998	83.212524	0.615335245	0.365651	-0.0474669655	0.020314163200000002	-0.0320156818	-0.0153020719	-0.0747340755	-0.0636722561	0.0438457812	0.23337362420000002	-0.22673621370000002	-0.0044841019	0.17635251899999999	0.13513467099999998	0.092895083	0.0156510345	0.1382972446	0.014561818600000003	0.12480363439999999	-0.08217595009999999	0.023632326600000003	0.1115393644	-0.006996538399999999	0.024774979500000002	0.0439963853	-0.042096229299999996	0.2268425274	0.1810167402	-0.0624084679	0.1243121207	0.0406318363	-0.0015223185	0.1356798843	0.0490309356	-0.0318941034	0.1534816317	0.14119020300000001	0.0956933366	0.1413626265	-0.1638951453	0.1111059202	0.1592281078	0.0635447921	0.0570772155	0.2815859791	-0.14617217470000002	0.0157051853	-0.1437505137	-0.0113106676	-0.1400975145	0.0006395795	-0.0132159622	0.1654544214	-0.0199699165	0.0270953592	0.0514629171	-0.0547702292	-0.012392533600000002	-0.012794149599999999	-0.2567091282	-0.0048080097	0.013026801299999998	-0.0779090399	-0.1806191678	0.1870267825	0.12150356550000001	-0.0153184693	-0.0830150797	0.06670807570000001	-0.1053048183	-0.043195314500000005	0.0261639572	-0.0388534847	-0.0054601628000000004	-0.006294779	0.0082767267	-0.1413835222	-0.028503759700000002	0.051622064599999996	0.0043539225	0.0125572523	0.1429967172	0.099800105	-0.0784799268	0.0378390531	-0.0268759277	-0.09561098	0.11715957369999999	-0.0479965153	0.0684818601	0.024042215	-0.05061944769999999	0.051782519900000004	0.0319344019	-0.0314042322	0.030361900600000002	0.0786989395	-0.1122224159	-0.0839560547	0.006061132800000001	0.07848331160000001	-0.08515756740000001	0.023835832400000003	-0.0447060962	0.0882809077	-0.0944468634	-0.049843247300000004	0.06313710780000001	0.044444851900000006	-0.0543096296	-0.049418015	-0.1499903538	-0.0254284317	0.1060399991	0.19729685079999998	0.0211142317	-0.0092619099	-0.27934186969999997	0.1711520248	-0.06752397269999999	0.0520116958	0.0064305387	-0.020761931799999998	0.1485419324	-0.0800661125	-0.1338430035	0.1008369443	-0.0396583202	0.056000097699999994	-0.0849213583	-0.1300690871	0.1138194818	0.0035232202	0.0382499764	0.0119311937	0.2698717758	-0.0158602462	-0.1793054008	-0.0312804057	0.0426135032	-0.087460509	0.1116815126	-0.0927474806	0.0456445727	-0.0905761565	0.0179756947	0.1259144871	0.1077064936	0.11074429470000001	0.011178489199999999	0.0564309458	0.12370083949999999	0.0047401616	-0.0393325032	-0.0093293113	0.11029278279999999	0.11688944429999999	-0.1380610622	-0.023952309300000002	-0.0046907971000000005	0.0158532823	0.1430213369	0.0590410513	-0.1435427509	-0.0219880304	0.0574989375	0.034207357599999995	0.0693161764	0.043385712699999995	0.1425318745	-0.0799041801	-0.0310310677	-0.1031783387	-0.115448895	-0.0951896419	-0.0296271413	-0.0920574367	-0.0642249716	0.0015163484	-0.15645655990000001	0.0332719405	-0.046224253099999994	-0.0544781434	0.0975858912	-0.00530823	-0.01090059	0.0001188228623481	2.81773057329e-05	0.136831	-0.31374	0.09843278760000003	0.018722722561	1.11734	0.16726600000000005	1.2484486756	0.02797791475600001	0.013475399999999998	-0.0012286000000000016	0.00018158640516	1.5094579600000041e-06	-2.45745e-05	-7.30878e-05	5.34182650884e-09	6.039060502499997e-10	-0.00119263	-0.0011668853	1.36162130335609e-06	1.4223663169000004e-06	0.0	0.0	0.0	0.0	0.0	0.0	0.0	0.0	0.0	0.0	0.0	0.0	0.0	0.0	0.0	0.0	0.0	0.0	0.0	1.0	0.0	0.0	0.0	0.0	0.0	0.0	0.0	0.0	0.0	0.0	0.0	0.0
8095.609549206128	16.907082524161524	285.849439478808	65538893.97319745	10402.878189778325	42.025774794017714	108219874.63136557	1766.165747037494	6227.479433964543	7.429828207398714	55.20234719145758	38781500.10045135	6579.025100776743	10318.848492274466	1.624013	81.728874	1.026216595	0.537587	-0.0125113554	0.0014434679	0.038821652000000005	-0.0953876385	-0.0177984375	-0.0567110156	0.0814907915	0.24607766469999998	-0.08987424529999999	-0.0762369484	0.20058633190000005	0.0597842603	0.0593280933	-0.0456612548	0.051795637	-0.2324121	0.1662996638	-0.131506643	0.0035306146000000007	-0.0775224415	0.0058578567000000005	0.0311113722	0.1691003977	0.1266389277	-0.1559388998	-0.13579039539999999	-0.3473888812	0.126542972	-0.2070310139	-0.19495948230000001	-0.028798485899999997	0.1312068616	0.0186292311	-0.067073497	-0.07478934059999999	0.2526556788	0.0413491319	0.0025216074	0.0617051718	0.2132009482	0.023031333900000003	-0.0365004526	0.12942859	-0.1267011242	0.07589843730000001	-0.0092166252	-0.0267841412	-0.1868960221	-0.051754996500000004	0.1359057662	0.3656305055	-0.0187001231	-0.12036652140000001	-0.0347440109	0.0870901983	0.0138921378	-0.0919493777	0.0092692938	0.0356057546	0.1421085246	-0.16227323289999998	-0.052706267599999995	0.027573249700000003	0.0147544957	0.0250440806	0.0416635718	0.1934609949	0.0245350244	-0.1305169572	-0.1234371181	-0.19745621030000002	-0.0129916531	0.119797171	0.102640946	-0.0668042028	-0.0527641664	0.0241618475	0.0173670107	-0.008718581999999999	-0.1520546775	-0.0963981426	0.0055242368	-0.0013203789000000002	0.0573027338	-0.0280464044	-0.0521953609	-0.062434013499999996	0.0249142175	0.0006834197999999999	0.0204208156	-0.0347533181	-0.0689551564	-0.0019897773	-0.11671575949999999	-0.1029614105	0.1487502489	0.0600678021	-0.0224696429	-0.1074267207	-0.0087109094	-0.0743107906	0.0345311252	-0.0345737562	0.0744156841	-0.0220793804	0.0352891243	-0.1223286195	-0.0221967738	-0.0479792774	0.09951687869999999	0.034168339900000004	0.0580014913	0.235568222	0.0632803943	-0.0529642283	-0.10707691220000001	0.1531459898	-0.0876801732	0.0189975312	-0.035114685699999995	0.047603010700000004	-0.056092078499999996	-0.15604177789999998	-0.34431058229999995	0.1273786907	0.002431726	0.083764002	0.058146030599999995	0.1264413582	0.1654789233	-0.065894795	-0.0750899658	0.0616962416	0.09314336	0.01145376	-0.0911853765	0.0942807336	0.1859350878	0.0831921394	0.19950133760000002	-0.1325659668	0.2110970457	-0.0307563156	-0.0743835932	-0.2270187860000001	-0.0677098302	-0.1454193453	-0.024404401099999997	0.0569118749	-0.0643862355	-0.006521981800000001	-0.028909045699999997	0.047485063	0.0059037720999999994	-0.08965197849999999	0.0913830622	-0.0026966553	0.0881727342	0.097900974	0.016045672	-0.16483592730000002	0.10299426119999999	0.0369049789	0.028186984900000007	-0.026539074500000003	-0.04743724	-0.0401969661	-0.0663900991	0.0244755381	0.050729154500000005	0.030024451400000002	0.0649255627	0.0830201307	0.0569489076	0.06802114349999999	-0.05832792570000001	-0.0154875995	0.045316046299999996	0.09989452210000001	-0.04752510099999999	-0.051990767199999996	0.0979210862	-0.0569408	-0.05163257	0.0026659222848049004	0.00324225470464	0.574109	0.437278	0.191212049284	0.329601143881	0.905015	-0.212325	0.8190521502249999	0.045081905625	0.00975269	-0.0037227099999999993	9.51149622361e-05	1.3858569744099994e-05	0.000440366	0.0004649405	2.1616966854025002e-07	1.93922213956e-07	-0.0035046	-0.00231197	5.3452052809e-06	1.2282221159999999e-05	0.0	0.0	0.0	0.0	0.0	0.0	0.0	0.0	0.0	0.0	0.0	0.0	0.0	0.0	0.0	0.0	0.0	0.0	0.0	0.0	1.0	0.0	0.0	0.0	0.0	0.0	0.0	0.0	0.0	0.0	0.0	0.0
8165.157589149931	69.5480399438029	4836.929860024806	66669798.45565271	10373.338179517574	-29.54001026075093	107606144.98663697	872.6122062052704	6241.34455548071	13.865121516167164	192.24159465808162	38954381.8602287	6586.722326333009	10594.079657276452	1.929914	97.123444	1.0820459999999998	0.6447510000000001	-0.1067431581	-0.0365199833	0.022305177000000002	-0.1647721264	-0.0062027711	-0.0824187292	-0.0440488329	0.2949293857	0.0457130096	-0.074070252	0.1139304944	-0.21728531980000002	-0.0875682596	-0.08724965039999999	-0.2409001093	-0.0818514896	0.1269018724	-0.0180472547	0.0164047726	-0.09840073880000001	0.159740181	0.0334341993	0.0172897215	-0.13847125289999998	-0.2268225363	0.0310917894	0.1124529951	0.04611108	0.0035642317	0.16455629630000002	0.0408394442	0.0601187054	0.13473473960000001	0.1349681077	-0.0982537404	-0.1052330085	0.0118911813	0.0441057525	0.1237792684	0.21152359910000001	-0.0124104475	-0.2116791828	-0.0974865085	-0.0717824956	0.1517911506	0.0351783793	-0.2189641216	-0.1241322113	0.033967313	0.1291077887	0.1945861206	0.0265132742	0.08567411259999999	-0.046028123	-0.0960655473	-0.20208645079999998	-0.08823310039999999	0.12813987300000002	0.0383401753	0.1378655837	-0.008704513	0.20695844579999997	-0.056999690199999994	0.053378365899999995	-0.036606026800000004	0.1344266843	0.0034504276	0.0649800261	0.1056580504	-0.0767024805	-0.054810898600000005	-0.0345678958	-0.06955208780000001	-0.042930199100000004	-0.0823583688	0.034527771299999996	0.0318016786	0.049013202199999995	-0.0547574116	0.0473376858	-0.0594380434	-0.0729781724	-0.0273906173	-0.0362135752	0.0588118225	0.0110951266	-0.0149338647	-0.06595223110000001	0.0186744953	0.0381353952	-0.014815528500000001	0.0417773841	0.05298450230000002	0.0928102928	-0.0337667807	-0.19132672010000001	0.0034831963	0.0508614966	-0.0365031162	-0.0273060001	-0.0106852993	-0.0300049885	0.0716623809	-0.029859043	0.0891752824	-0.2094274193	0.0889778678	0.028225186	0.0147636433	-0.0150968714	0.1282849452	0.1313621507	0.2229997863	0.0588534032	-0.1616187705	0.1971391313	0.0602717054	-0.12077049279999999	-0.0370291368	0.0039221735	0.24963271809999998	-0.045694220199999996	-0.08206302	-0.1995533119	0.0467474125	-0.13752238890000001	0.0018099072	0.23020284559999998	0.0809605693	-0.14340511820000001	-0.19881880719999998	-0.0258012947	-0.0001390803	0.0515141608	-0.0882457605	0.1319238712	0.11794301300000001	-0.10311719779999999	-0.0029718246000000003	-0.0357120285	0.0450360172	-0.0313241133	0.0537051253	-0.1568798541	-0.054168546100000006	-0.0558765067	0.010714825800000001	-0.1168158224	-0.0938287997	0.0695515986	-0.0390385075	0.0041177762	0.0336259086	-0.0703352207	0.1802871468	-0.0016354781	0.0821785993	-0.0673997371	0.0282737348	-0.0761239561	0.1346648852	-0.0357301288	-0.0036605668	-0.12227540869999999	0.019204338600000002	0.0500631114	-0.0096235515	0.0408726953	0.061953779199999996	-0.0912392953	-0.0203667445	-0.0668403219	-0.09003669630000001	-0.0385037414	-0.0769582466	0.04438516	0.0414436497	0.1148718879	-0.1731131337	-0.0488151074	-0.0494559531	0.0980552714	-0.07155689999999999	-0.014616099999999991	0.0002136303792099998	0.0051203899376099996	0.82035	0.24624100000000004	0.06063463008100003	0.6729741225	0.343785	-0.56123	0.118188126225	0.31497911289999997	0.00642346	-0.00332923	4.12608383716e-05	1.10837723929e-05	-0.0006982119999999999	-0.0011385780000000001	1.2963598620839995e-06	4.87499996944e-07	-0.00277323	0.0007313700000000003	5.349020769000004e-07	7.6908046329e-06	0.0	0.0	0.0	0.0	0.0	0.0	0.0	0.0	0.0	0.0	0.0	0.0	0.0	0.0	0.0	0.0	0.0	0.0	0.0	0.0	0.0	1.0	0.0	0.0	0.0	0.0	0.0	0.0	0.0	0.0	0.0	0.0
8175.92229376521	10.764704615279696	115.878865454224	66845705.35368698	10282.672954470156	-90.66522504741806	105733363.08859201	8220.183032898964	6225.729189836211	-15.615365644499436	243.83964421141326	38759703.94517864	6561.61269822324	10820.387576276968	1.754391	88.290199	0.4764663000000001	0.222815	-0.16061864550000002	-0.0037589382	-0.026806146800000003	-0.1510993376	0.0175043919	-0.047737561500000004	-0.2584727541	0.20513884440000002	0.004957538300000001	-0.1746659107	-0.0284469958	-0.20394203379999998	0.0087048457	-0.0176890882	-0.09042253289999999	-0.06354438650000001	-0.0681968904	-0.16920441170000006	0.215587855	0.0130215881	-0.0541892985	0.08087606309999999	-0.04118338	0.0740046221	0.043994251399999997	-0.0645042958	-0.0408625852	0.025590122400000002	-0.0079900991	-0.1311287521	0.0562058796	0.045527902599999996	0.1625981407	-0.0077429949	0.0111287852	-0.2882984459	0.0024225261	-0.0501802263	0.1469412339	0.1180135568	-0.003752498	-0.2737451128	-0.0606191043	-0.0606198251	0.206699523	0.06408516610000001	-0.1741973625	-0.057089104	0.008732315400000001	-0.0540154629	0.07721900429999999	0.09903466550000001	0.11032137480000001	0.0263157912	-0.0794381064	-0.2525978083	0.013613696100000001	0.0032794853000000005	-0.039353972200000004	-0.4404738992	0.17911202539999999	0.011631759299999999	0.0193396895	0.0284025741	0.1678234863	-0.1380537471	-0.1322951622	-0.004985929	-0.1306320733	0.0506360814	0.0209554703	-0.024841827200000003	-0.0844873608	-0.047291375	0.0484050378	-0.09107161220000001	0.0261817685	-0.0096136406	0.1085754209	0.0466406038	0.0007412415	-0.028953394	-0.0320342929	-0.11971442560000001	-0.0303020621	-0.0260402593	0.0821408319	0.0299097475	-0.0504321472	-0.1239656767	-0.1137159134	-0.0908279553	-0.1371801416	-0.0953823675	-0.0027362340999999997	0.1039036117	-0.0761847209	-0.0696928866	0.0440819072	0.1016287624	-0.0325067936	-0.0382545261	-0.0888134504	0.02448927	0.031414162	0.0688218329	-0.0332972406	0.0548180419	-0.0010076952000000001	0.0132001002	-0.0320100166	0.1599522186	0.1107061043	0.061228906	-0.2497220669	0.1950437012	0.0150423913	-0.09442592699999999	-0.1724063927	-0.0776387525	0.09268619609999999	0.14369243869999998	0.0775953848	-0.0431632817	0.0416349177	-0.0493726334	0.0799263907	-0.057226056	-0.3406719174	0.0553506967	-0.1814005755	-0.052076967	0.1322318652	-0.154093657	-0.1548126828	0.064986132	-0.1180702901	-0.3182143559	0.058127690499999995	-0.1179779544	-0.1478088485	-0.0336789209	0.024051392799999998	0.08527723820000001	-0.0264223006	0.0335745166	0.1525823069	-0.0003942097	0.0098430871	-0.0043007984999999995	0.06063105	-0.1232365926	-0.0030911439	0.0591784946	-0.1249612062	-0.0960275607	-0.05608196360000002	0.0185375068	-0.0809748168	0.0385984272	-0.1490939653	0.0666961681	-0.0541757141	0.1614262172	0.0194102049	0.0034594684999999996	0.0232406866	-0.0192960047	0.032813094	0.032364864300000004	-0.0653469821	0.0478664537	0.0264815148	-0.038499599	0.0855785384	0.02234972	0.0267544615	-0.0022001791	-0.0013156947	-0.0500939782	-0.046876013700000004	0.09798817119999999	-0.0926663	-0.02110940000000001	0.0004456067683600006	0.008587043155690002	0.695603	-0.12474700000000005	0.015561814009000013	0.483863533609	0.212929	-0.130856	0.045338759041	0.017123292736	0.00456843	-0.00185503	2.08705526649e-05	3.4411363008999983e-06	-0.00158173	-0.000883518	7.806040563239999e-07	2.5018697929e-06	-0.00402976	-0.0012565300000000005	1.5788676409000013e-06	1.62389656576e-05	0.0	0.0	0.0	0.0	0.0	0.0	0.0	0.0	0.0	0.0	0.0	0.0	0.0	0.0	0.0	0.0	0.0	0.0	0.0	0.0	0.0	0.0	1.0	0.0	0.0	0.0	0.0	0.0	0.0	0.0	0.0	0.0
8139.520171179698	-36.40212258551219	1325.1145287306565	66251788.61704118	10307.079895976489	24.40694150633317	106235895.98204271	595.6987936935689	6196.251463785385	-29.477726050826284	868.9363331275623	38393532.20246253	6528.074509564207	10582.64171857648	1.7711130000000002	89.131691	0.9556278849999998	0.456491	-0.0402056423	-0.0018039049	0.0350827746	-0.0714383979	0.0062778312	-0.0057968324	-0.0887580108	0.0504735426	0.1076857576	-0.054920478499999995	0.1117591275	-0.1362579437	-0.0235858654	-0.0080252738	-0.0021603158999999998	0.0597096567	0.0088507373	-0.1365287573	-0.0903752633	-0.030702152799999997	-0.0755395747	0.0623668546	0.021454180899999998	0.0059220240000000006	0.1163005039	0.0020946509	0.1141740185	-0.0108600543	-0.0540415583	0.0391718067	0.17667213510000002	0.041756943399999996	-0.0270752823	-0.0752342067	-0.0389037777	-0.0620317147	-0.0193081937	0.0029652356	-0.0057909185	0.0323461513	-0.021435051299999997	-0.1125657174	-0.1273499158	0.022877333599999997	0.08286073769999999	-0.0529571162	-0.0969419661	-0.0612723984	-0.0879502103	-0.0279240488	0.024097033700000003	-0.1273916984	0.1553586231	0.0087703923	-0.060979908	0.0316409556	0.0946236039	-0.1153811885	-0.0323371836	0.020842436399999997	-0.0503102517	-0.0704906247	0.0070211894	0.0488658435	-0.0407621587	-0.0370351207	0.04222782940000002	0.0413530553	-0.0031888940000000003	0.0631134131	0.1304620852	0.0106810139	0.1046812247	-0.0213634244	0.040935857	-0.014875639599999999	-0.2172383864	-0.1120569783	-0.1190778535	0.0234916358	0.0190959055	0.06299442129999999	-0.0529079955	0.0326317504	0.0133068722	0.051228146399999994	0.09238481119999999	-0.11857642859999999	-0.0141242469	-0.0209232041	0.0619819063	0.0176438241	0.0279880181	0.11104576029999999	0.1058139775	0.0629090542	-0.0474695283	-0.0161964604	-0.08492901189999999	0.0142554118	0.0058856807	-0.0731933398	0.0099441639	0.056793390599999986	0.022929031800000003	-0.2036357959	-0.0259749062	0.0160343872	-0.0620052075	-0.0401344541	-0.0051274475	0.0038005153999999997	0.0127591989	0.028282063700000002	-0.0803056101	0.1663903766	0.009612982800000001	-0.0830971273	0.0225185419	-0.0217140146	0.043444837800000004	0.1217974166	-0.0287643219	-0.0080462986	0.1942598775	0.0502167995	-0.109442783	-0.0503506909	-0.11844432449999999	-0.0090083409	0.0321210347	0.0827124494	-0.047403189299999995	0.0240785236	-0.0257024265	-0.1276834543	-0.0009396814	0.0954273592	-0.0883007606	-0.05413663480000002	0.0313924236	0.0459218146	0.05497228690000002	-0.0691515256	0.1809698716	0.034437526	0.0056122663	0.0836892622	-0.050196432699999995	-0.0594247378	-0.060573558099999994	0.145710355	0.008864568100000001	0.013842328000000001	-0.1472202639	-0.0374046519	0.0822635473	-0.0905827194	-0.1322087191	-0.0408680938	-0.006527138199999999	-0.0212167631	-0.0030936152	-0.0229518401	-0.0015661982	-0.0339598676	-0.0137536861	-0.0625264812	-0.0049482801	-0.0541437888	0.0834970562	0.1783574329	-0.1094265411	-0.037400737	0.0335512085	0.0007876471000000001	0.110810707	0.13067441929999998	-0.0145075058	-0.051361421399999996	-0.0442533033	0.0977199233	-0.00823739	0.08442891000000001	0.007128240843788102	6.785459401210001e-05	0.7717109999999999	0.07610799999999995	0.005792427663999993	0.5955378675209999	0.475697	0.262768	0.22628763580900005	0.06904702182400001	0.0100332	0.005464770000000001	0.00010066510224000002	2.986371115290001e-05	-0.000333484	0.0012482460000000002	1.558118076516e-06	1.1121157825599999e-07	-9.63165e-05	0.003933443500000001	1.5471977767692256e-05	9.27686817225e-09	0.0	0.0	0.0	0.0	0.0	0.0	0.0	0.0	0.0	0.0	0.0	0.0	0.0	0.0	0.0	0.0	0.0	0.0	0.0	0.0	0.0	0.0	0.0	1.0	0.0	0.0	0.0	0.0	0.0	0.0	0.0	0.0
8124.1312974458715	-15.388873733827493	236.81743479568576	66001509.33813953	10319.031219030716	11.951323054227032	106482405.29933056	142.83412274649856	6189.672984098424	-6.578479686960236	43.276394991748454	38312051.65007789	6520.569235930628	10602.04693191888	1.271462	63.98666	0.443217875	0.290647	-0.0657730458	0.0433973488	0.09441221779999999	-0.0716132632	-0.0211366048	-0.0333423091	-0.0947571857	0.037224862000000004	0.12037143970000001	0.0805196685	0.1320863556	0.0101916913	-0.0378733292	-0.0713835924	-0.1163886294	-0.040967809300000005	0.0877523298	-0.0207164375	-0.21982864	-0.0574965068	0.0074486485	-0.0424327483	-0.053736472800000004	-0.1593220436	0.0892662634	0.0039808768	0.0062831708	0.1632511887	0.08970088300000001	0.061558257400000004	0.071008987	-0.148390523	-0.0102524092	-0.1117182473	-0.0538101111	0.1020293828	0.1272407776	-0.0475246187	0.0065421507	-0.0426150868	0.008470242	0.000788173	-0.1116188717	0.006638376999999999	0.119911991	-0.0228409825	-0.0375892831	-0.046571583300000004	0.06541202480000001	-0.0035512553000000002	0.053136288399999995	-0.0107501105	0.0910688395	-0.1400146495	0.0984007439	-0.0784454612	0.0025495182000000003	-0.10297689730000001	-0.0643953287	0.1089714087	-0.1601702469	0.0599676734	0.09950794240000001	-0.15512054039999998	0.0518118759	-0.0923144498	-0.1086058522	-0.0188376704	-0.0721184107	-0.0476125621	0.0571484684	0.08371383269999999	0.0350840113	-0.14786455880000002	0.1405990333	0.1526654236	-0.0746953164	-0.13467826060000002	-0.06929007400000001	-0.0889740851	-0.0118417171	0.1063586113	0.1252092092	0.1252907483	0.0220393511	0.0678791705	-0.1018639126	0.0283883183	-0.18560026429999998	0.0146629078	0.06261028889999999	0.012555265900000001	0.0537980639	-0.0392793796	0.0003786231	-0.0572212342	0.054466435300000005	0.1360224179	0.0378402674	-0.0848386681	-0.0312621198	-0.0627101881	-0.082859257	0.10512654769999999	-0.0215378496	0.1054132392	0.0342332289	0.0339396271	0.019624206	0.0302530048	-0.0624737548	0.023991241899999998	-0.047386675499999996	-0.052692749299999994	0.013164096799999999	0.1022454491	0.0454670333	-0.1180686459	-0.0297101606	0.014880022199999999	0.074730849	0.029240979700000006	-0.1404180309	-0.0482383425	0.018838089	-0.08730361369999999	-0.0442025047	0.0520591278	0.0737837247	-0.0359147709	0.1013130364	0.18255987899999998	0.0061525603	0.1017983238	-0.141916594	-0.0384176129	-0.17051792219999998	0.1287568469	0.0387382441	-0.0470930066	0.061661836799999994	0.0615753422	0.1697275366	0.1218192124	0.1257222186	-0.0729751596	0.0076699276	0.049950589100000005	0.0146805852	0.0002068607	0.21628030760000005	0.0596651981	0.0488996627	-0.0933987669	-0.0390079656	0.12530502529999998	0.0262220078	0.0619280974	-0.018551553999999998	-0.0745272694	0.0494869724	-0.036895038399999996	-0.025390461099999997	0.048109341900000005	0.1507743933	-0.17967537390000002	-0.0124306794	0.0214099909	0.0196358623	-0.0658773623	0.071070559	-0.048552724400000004	-0.0758017052	0.14021551289999998	0.0490867465	0.033407674	-0.1459428738	-0.0367547681	0.1035088056	-0.052617147999999996	-0.0415902147	0.09725107849999999	0.00450681	0.0127442	0.00016241463364000006	2.03113363761e-05	0.5081979999999999	-0.263513	0.069439101169	0.2582652072039999	0.488515	0.01281799999999994	0.238646905225	0.0001643011239999985	0.012475000000000005	0.002441800000000005	0.00015562562500000013	5.962387240000021e-06	0.000213568	0.000547052	2.9926589070399997e-07	4.5611290624000004e-08	-0.000190318	-9.400149999999999e-05	8.83628200225e-09	3.6220941124e-08	0.0	0.0	0.0	0.0	0.0	0.0	0.0	0.0	0.0	0.0	0.0	0.0	0.0	0.0	0.0	0.0	0.0	0.0	0.0	0.0	0.0	0.0	0.0	0.0	0.0	0.0	0.0	0.0	0.0	0.0	0.0	0.0
8104.81394289433	-19.31735455154103	373.16018686994295	65688009.04893433	10324.278283599038	5.2470645683224575	106590722.0771947	27.531686584144936	6196.9018802479195	7.228896149495085	52.25693954018488	38401592.9134202	6528.088942931883	10429.171607094027	1.241551	62.48138	0.32986034	0.237672	-0.0786618702	0.0122997485	0.09230902789999999	-0.030366897099999998	-0.078974068	-0.0547453546	-0.0898484294	-0.023371160699999997	0.0754856295	0.0832854236	0.0454309818	0.023806760899999998	0.0664311003	-0.028485941299999998	0.0665098575	0.025441301	-0.0040115038	-0.089476977	-0.0721900315	0.0519575601	-0.0792367147	-0.0900767558	-0.0679424079	0.0108491398	0.0032850251	0.0789571578	-0.0108137579	0.0486990752	-0.0897133317	0.0118970225	0.0731276135	-0.0460671042	0.0696830364	-0.009068820600000001	-0.045154488	-0.018746327	-0.0688202861	-0.0485246055	0.0231197652	-0.0402996848	-0.0214383378	0.09646853050000001	-0.07103185719999999	-0.0292919669	0.0504580126	-0.033399433	0.030083434	-0.1003832299	-0.0093332875	-0.0911344474	0.0543125646	0.11669162710000001	0.161087228	-0.09330192220000001	0.08409387380000001	0.0228071667	0.0036124641999999998	-0.088644769	0.0912361188	0.0039620335	0.0293661318	-0.1043008217	-0.1133474618	0.05139475	-0.0712294954	-0.08014374490000001	-0.0509474855	-0.0067601782	0.0384287249	0.1437252098	-0.0201611722	0.0635065276	0.13474912390000002	0.0202268442	0.0268748385	-0.0060031641000000005	-0.0944197282	-0.0048547859	0.1334158361	-0.0787782016	0.1134245105	-0.0525396914	-0.11231861289999999	0.008615243199999999	0.0056049417	0.0223170143	-0.074307227	-0.038261537799999995	0.0005111616	0.0770745728	-0.008132780899999999	-0.1069695534	-0.0491953313	0.0306793931	-0.0371889362	0.1201728384	0.0547308839	0.1218864494	0.1325060808	0.048545277000000005	0.0843962368	0.1828898237	0.0249509735	-0.0058526926	-0.0209863064	-0.0121746918	-0.0024804538	-0.0009785571000000002	-0.08478568339999999	0.01092019	-0.0399750876	0.031090106099999997	-0.045379581399999994	-0.0459295741	0.0909225565	0.0544085549	0.0786749783	-0.035619781600000004	-0.01587851	-0.0458615641	-0.0688356331	0.08327841150000001	-0.0180523145	0.0014731122	0.11611164449999999	-0.1329101777	-0.0172231878	0.0085807514	-0.055467042	0.1454356115	0.011895587800000001	0.18340784	0.0332220707	0.0126514473	0.0750518243	-0.0109283247	0.016200703700000003	0.024175187799999998	-0.0594679834	-0.051904923	0.0190350464	-0.019121460700000002	0.0332759375	0.1104808885	0.0790307703	-0.0049065576	-0.11918039949999999	-0.0160165466	-0.0368872129	0.0382508626	-0.0523584132	-0.025111658399999997	-0.0994964499	-0.0660753242	-0.2422066541	-0.0020093882	-0.0836267019	-0.11324958519999999	0.0659443012	0.0364151583	0.047603675199999994	-0.031799063100000004	0.0147174245	0.0027512268	0.0042123688000000005	-0.0444248939	-0.08740386439999999	-0.0016171985999999998	0.0362436919	0.07246168530000001	0.011592728100000001	0.08639156070000001	0.12383312689999999	-0.1591085441	-0.1171739656	-0.051648871900000004	-0.0379777959	0.1226425283	0.1225490392	-0.0538608716	-0.038889177999999996	0.0965825991	0.00695925	0.00245244	6.014461953600002e-06	4.84311605625e-05	0.28128000000000003	-0.2269179999999999	0.05149177872399995	0.07911843840000002	0.541446	0.052931000000000006	0.293163770916	0.002801690761000001	0.0116133	-0.0008617000000000053	0.00013486873688999998	7.425268900000089e-07	0.000300879	8.731099999999999e-05	7.623210720999999e-09	9.0528172641e-08	-0.000188151	2.1670000000000218e-06	4.6958890000000944e-12	3.5400798800999984e-08	0.0	0.0	0.0	0.0	0.0	0.0	0.0	0.0	0.0	0.0	0.0	0.0	0.0	0.0	0.0	0.0	0.0	0.0	0.0	0.0	0.0	0.0	0.0	0.0	0.0	0.0	0.0	0.0	0.0	0.0	0.0	0.0
8110.937740505472	6.123797611142436	37.500897182233814	65787311.03035601	10323.00658502251	-1.2716985765291609	106564464.9544181	1.6172172695462943	6210.038856073348	13.136975825428634	172.5801338378964	38564582.59394078	6539.444700452114	10420.553270526603	1.044194	52.54935500000001	0.15836279999999994	0.12745399999999998	-0.0842697938	-0.0037519459000000003	0.0720495716	0.024903237	-0.1318009952	-0.0628195275	-0.0511572032	-0.0141780407	0.0205546991	0.11271201060000001	-0.024806276600000003	-0.0219969985	0.1149817083	-0.0634309475	0.027635162	0.0895162226	-0.0063037619	-0.0644629919	-0.09225535730000001	0.12240130839999999	-0.058257982699999995	-0.0365825635	0.0247302292	-0.0313368059	-0.070525555	0.0332945045	-0.069838599	-0.07633175980000001	-0.0370959747	0.1658734743	-0.012257366100000002	0.000495643	-0.047908685599999994	-0.0412275823	-0.1067696642	0.056165891399999994	-0.001468683	-0.0138046088	0.07670517339999999	-0.0171075789	0.015426803400000001	0.118568381	-0.0470292659	0.0076978644999999984	0.0225996126	-0.0347584614	-0.0051220751	-0.10571159570000001	-0.0441267208	-0.1325032161	0.0904767031	0.09286266929999999	0.16258444449999998	-0.0014386294	0.017099879	0.0387924964	0.1001196969	-0.0394287188	0.0136061538	-0.0227389102	-0.0005099373	0.029994784500000007	-0.1524329652	-0.0179205049	-0.0565716428	0.034412055	0.111533744	-0.0304541978	0.0110833247	-0.0659999979	-0.0310674098	-0.0153882748	-0.0419077467	-0.0577596675	-0.015863031200000002	-0.10626279179999999	-0.0938359821	-0.002348178	0.0364469752	0.0234151481	0.0558076637	-0.10852283830000001	-0.1377295439	0.044038454299999995	-0.1290520822	-0.008239156899999999	0.1154158302	-0.0171724561	0.013273056799999999	-0.0291098566	0.037317145	0.1006064877	0.08801716849999999	-0.0430013664	0.0428744851	0.11215662609999999	0.066316548	-0.0543927637	-0.005201404000000001	0.0476875735	-0.0898560376	-0.0018945388000000001	0.0323627915	0.0629902098	-0.066165597	0.0177484789	0.034448997	-0.09995159810000001	0.055267801799999995	0.10768367029999999	-0.0344608874	0.0652340397	-0.0077525741	-0.0752883971	0.1062139131	0.0240059515	0.0094976073	-0.0030320209	-0.006870806700000001	-0.0540641043	-0.0723308299	0.09793481720000001	0.021250910699999997	-0.0482871289	0.1294806573	-0.1548143934	-0.0474467473	0.024222834	-0.0467523965	0.0475326814	0.043243311500000006	0.0644946587	-0.0891840218	-0.029800962200000006	-0.0373224672	0.10025941779999999	0.0988274232	0.0164018801	-0.10059814310000001	0.0087404587	-0.0628801111	-0.0310351692	-0.0630719283	-0.10554107380000001	-0.0308709211	-0.049892482	0.011956233600000001	-0.0578740381	-0.0025280012	-0.0313569655	0.0326722415	0.036160834700000005	-0.053982951900000006	0.0191400608	-0.1162362533	-0.0657498475	-0.0260160761	-0.05205011019999999	0.0737982732	-0.0065198531	-0.0465204415	-0.059320023099999994	0.0595895763	-0.0315075457	-0.12052852689999999	0.0306942106	0.12199546130000001	-0.1471227983	-0.0734832182	0.007201695699999998	0.0657707031	0.0074128386	-0.0433118751	0.0434178613	0.12203896	-0.0548297004	0.0255282698	0.0399461938	0.013730603300000001	-0.0550923084	-0.0361526575	0.0957158574	0.0103729	0.003413649999999999	1.1653006322499992e-05	0.00010759705440999998	0.15588	-0.12540000000000004	0.01572516000000001	0.0242985744	0.5513020000000001	0.009856000000000087	0.3039338952040001	9.714073600000172e-05	0.0112585	-0.00035480000000000066	0.00012675382224999998	1.2588304000000045e-07	0.000303214	2.335000000000011e-06	5.45222500000005e-12	9.1938729796e-08	-0.000151423	3.6727999999999984e-05	1.3489459839999986e-09	2.2928924929e-08	0.0	0.0	0.0	0.0	0.0	0.0	0.0	0.0	0.0	0.0	0.0	0.0	0.0	0.0	0.0	0.0	0.0	0.0	0.0	0.0	0.0	0.0	0.0	0.0	0.0	0.0	0.0	0.0	0.0	0.0	0.0	0.0
8124.227816086242	13.290075580769553	176.62610894256719	66003077.60766942	10323.631046867016	0.6244618445070955	106577357.99183656	0.3899525952452039	6210.389009241911	0.3501531685624286	0.12260724145430855	38568931.64611272	6535.866173866662	10278.463856066519	0.949504	47.784008	0.16486484999999998	0.11519	-0.0577274692	-0.0348071389	0.0632929121	0.0006249544000000001	-0.1161191115	-0.032963576099999996	-0.0326656504	-0.0740591508	0.0429548592	0.0780187743	0.0690113401	-0.0100768945	0.028692403999999998	-0.0825773487	0.0061163580000000006	0.0316391302	-0.0254673352	-0.0949307277	0.012188885600000001	0.010494605800000001	-0.08591693310000001	-0.0638863888	-0.0332992981	-0.025137850299999997	-0.1297409453	0.12092805640000001	-0.1203746151	0.0108618194	0.076395634	0.036964848	0.056867457300000014	0.011043652900000001	0.1237853824	0.0104349568	0.07971222730000001	0.0042976296	-0.0541359205	-0.050700122300000004	0.0299719674	-0.0368751758	-0.0207999452	0.1084667161	-0.049879693200000005	0.010049511899999999	-0.003739912	-0.0520611708	0.0359873581	-0.113692741	0.0004807506	0.005568861	-0.0112550116	0.0131129518	0.0565443938	-0.1643629528	0.01188051	-0.09274447710000001	0.0005209692	-0.038118772200000005	0.0520652709	-0.0468246416	0.0959205383	0.0478289841	0.0030473501	-0.005811763	-0.1036252278	0.1208062381	0.0674760316	0.0089880418	0.0009805259	-0.10172259759999999	0.037805396	0.1668508257	0.0304385915	0.0351670912	-0.0863482142	0.0355353761	-0.0001487542	-0.0848265534	-0.0222851804	0.0023014807999999997	0.0484343575	0.162820306	-0.053732312000000004	-0.0148909312	0.0772771186	-0.0377439662	0.0012196372999999999	0.0243427284	-0.0075618724	0.0055144001000000005	-0.0410865923	-0.015163918	-0.043015621500000004	-0.0169667093	0.0327858107	-0.0370080582	0.0757566142	-0.1378513916	0.1185715314	-0.1003675625	-0.0664949184	-0.0030334572	0.059656383099999995	-0.037323991699999996	-0.052008587599999996	0.0179427816	0.0044145473	0.0324137765	0.1757168213	-0.0400990217	-0.0432515396	0.021174801899999998	-0.041899102599999995	-0.0301787412	0.1118098429	0.0258610713	0.0186440156	-0.0084388677	0.0160951629	-0.0083414074	-0.0495512867	0.0408453861	-0.0553338876	0.0460897778	0.1289925815	-0.0359235984	0.0577224542	0.1175054538	-0.0224295012	0.08159096610000001	-0.042974712000000005	0.1021370366	0.0393485102	-0.0168697134	0.0032811188000000002	0.015521133500000001	-0.028022616400000002	-0.0489859419	-0.033806587400000004	0.08741655400000001	0.086781455	-0.1025246549	0.0066105673	-0.1253476132	0.0359784489	-0.1236862068	-0.0203681002	-0.0697367659	0.1049604526	0.0277878552	-0.0016658394	0.0916901809	-0.026990679700000002	-0.017951024	0.026851179	0.0862337393	-0.0917846983	-0.0222904452	-0.0368345281	-0.0975307472	0.0229812179	0.044854111399999994	-0.0065770766000000005	-0.061731159800000004	0.061271238	0.0445560995	0.0107635042	-0.0130493284	0.0866607373	0.1606940052	-0.09203109699999999	-0.0073903629	0.016662141999999998	0.0163190385	0.0308519296	0.0003230544	0.0332662149	-0.1283169478	0.0183732536	-0.0563111775	-0.0333831503	0.0946526326	0.0093457	-0.001027199999999999	1.0551398399999978e-06	8.734210848999999e-05	0.26583	0.10995000000000002	0.012089002500000005	0.07066558889999999	0.5764600000000001	0.025158000000000014	0.3323061316000001	0.0006329249640000008	0.0107296	-0.0005288999999999988	0.00011512431616	2.797352099999988e-07	0.000332556	2.9341999999999964e-05	8.609529639999979e-10	1.1059349313599997e-07	-0.000135072	1.6351000000000007e-05	2.673552010000002e-10	1.8244445184000002e-08	0.0	0.0	0.0	0.0	0.0	0.0	0.0	0.0	0.0	0.0	0.0	0.0	0.0	0.0	0.0	0.0	0.0	0.0	0.0	0.0	0.0	0.0	0.0	0.0	0.0	0.0	0.0	0.0	0.0	0.0	0.0	0.0
8146.251060547821	22.023244461579452	485.02329661449005	66361406.3414765	10349.968025457736	26.33697859071981	107121838.1279975	693.6364412880336	6213.39410186995	3.005092628039165	9.030581703095336	38606266.26515228	6543.752250717339	10456.583685734771	0.959658	48.295044	0.12109153499999994	0.0658257	-0.0672252684	-0.0164562003	0.0725568449	0.0469846481	-0.1066051561	-0.06484756679999999	-0.0288093292	-0.0412388831	0.0320383583	0.09775396019999999	-0.0124978556	-0.0266190469	0.1004667177	-0.0584821547	0.028130747	0.0308682558	-0.03732982	0.0145369023	0.0643563067	-0.051665364400000004	-0.046971605599999994	0.0013859882999999998	-0.028421412000000007	-0.0220368716	-0.0558803365	0.0462210257	-0.0483963091	-0.0041972506	-0.042243483	0.15251454960000002	0.1166997426	0.0879847892	-0.0367832791	0.0069469775	-0.0298294092	-0.027581586499999998	-0.042674702800000006	0.0402961701	0.054685671799999995	-0.041617805099999995	0.0098720101	0.08600010720000001	-0.0639209296	0.0394575398	0.0070443608999999985	-0.0383671715	7.04365e-05	-0.08475089710000001	-0.0300599189	0.0049987347	-0.0308288127	0.08680548710000001	0.08172214480000001	0.009820758	-0.029454826	-0.0410805541	0.12316705720000001	-0.1493779353	0.0590290466	-0.005165718	-0.027633165699999997	0.0531028648	-0.1316481908	0.0971870778	-0.1895253943	0.1087677964	0.018600288200000002	-0.0038878075	0.1533717754	-0.021763284700000003	0.0704265264	-0.0395932611	-0.0025349125	-0.0177667399	-0.0555321846	0.0334556757	0.0189146025	-0.0146472039	-0.0010544659	-0.0369174675	-0.0671323126	0.1265196205	-0.07079680349999999	-0.11625307189999999	0.0969078359	0.0167703205	0.18149055390000002	0.07029486139999999	0.08302074	-0.012260281100000001	-0.0061509124	0.0273089581	0.0658384422	-0.0128805636	0.009793686800000001	-0.0340260385	0.0687405862	0.0447599128	-0.0078668061	-0.0829409896	-0.0101101863	-0.017420334	-0.040085803999999996	-0.0934190699	0.0524947616	0.1229187608	0.0148996202	0.0177922913	-0.057903246	-0.022920702299999998	-0.0456540242	0.0538091789	-0.0362475642	-0.0581927914	0.09265495480000001	0.0408816004	-0.014589243899999996	-0.0078100404	0.0203540965	-0.038577590099999996	-0.02417099	0.0403661504	0.0022780226	0.0395868386	0.1029033217	-0.074425119	0.0600085729	0.0492732001	-0.0680494522	0.0257808154	0.0292259094	-0.0052143376000000005	-0.0947681471	0.0605542637	-0.0043394773	0.030322839100000002	0.1275954833	-0.0661072738	-0.1666542137	-0.014221676499999999	0.09486648810000001	-0.09143277109999999	-0.062649253	-0.1193153558	-0.006963544499999999	0.0220111757	-0.07112106650000001	0.0479732412	-0.0823001283	-0.0504909062	0.039376984	0.0003591284	-0.08585771119999999	-0.053396615	0.0912084452	0.1132315677	-0.0270712792	-0.0185583861	-0.0852079225	-0.0797341056	0.0620353845	0.0384911358	0.0132975404	-0.1012739161	0.0497181729	0.1456661574	0.0970132391	-0.1220311506	0.0537736559	0.014574812900000001	0.0695576071	0.0462772042	0.0067370318	-0.027360129	0.0482312	-0.054785963	-0.0846773934	-0.0502977166	0.0355022644	-0.0575172008	-0.0305831832	0.09339510720000001	0.00455473	-0.00479097	2.2953393540900007e-05	2.07455653729e-05	0.25052800000000003	-0.01530199999999998	0.00023415120399999947	0.06276427878400001	0.519374	-0.057086000000000074	0.269749351876	0.003258811396000009	0.011273	0.0005433999999999994	0.000127080529	2.9528355999999945e-07	5.98108e-05	-0.0002727452	7.438994412304e-08	3.5773317966399996e-09	-7.29659e-05	6.21061e-05	3.85716765721e-09	5.32402256281e-09	0.0	0.0	0.0	0.0	0.0	0.0	0.0	0.0	0.0	0.0	0.0	0.0	0.0	0.0	0.0	0.0	0.0	0.0	0.0	0.0	0.0	0.0	0.0	0.0	0.0	0.0	0.0	0.0	0.0	0.0	0.0	0.0
8152.964010396601	6.7129498487802275	45.06369567223847	66470822.15482223	10370.497569956518	20.529544498782343	107547219.84847406	421.4621973274844	6217.456966485317	4.062864615367289	16.506868882803587	38656771.13009679	6550.213454677132	10542.098439411573	1.072387	53.968151	0.12247778500000002	0.06266759999999999	-0.06799734	-0.0414866215	0.055203810199999995	0.08986795269999999	-0.1060330455	-0.0593269869	0.0179108496	-0.0536914747	0.005289520600000001	0.15173329289999998	0.0317235489	-0.0082476215	-0.044316668	0.0205929198	-0.08524654300000001	-0.0213074537	-0.0523570352	0.050854982300000004	0.0947040098	-0.10151582880000001	0.0887278932	0.06366051219999999	-0.1073971838	0.0425770983	0.17600045260000002	-0.016975131299999998	-0.1334235492	0.0295855364	0.09344394630000001	0.0325189548	0.0558904911	-0.0885402783	0.0581318538	-0.1276639171	0.0517046961	-0.0723230071	-0.0591345095	0.1477080125	0.0749167634	-0.030511783599999998	0.0040565157	0.0750463423	-0.0509780078	0.10466544189999999	0.0018270629	-0.09116682470000001	-0.042453984800000004	0.0075710478	0.0472084935	0.2207779641	-0.0488994929	0.0187741275	-0.027967025299999997	-0.1168535785	-0.0269758447	-0.0118453569	0.0157545485	-0.023168497000000003	-0.015089183600000004	0.0664438827	-0.0538556103	0.0657205608	-0.051207065999999996	-0.0132478398	0.0186723102	0.0227023655	-0.0048882302	-0.0862086432	-0.1309423779	0.21583189379999998	-0.0321890542	-0.09586620480000001	-0.1380980021	0.0437000964	0.0302468462	0.0856943621	0.0388066097	0.0350770034	0.1586495282	-0.0067123912	0.010681597099999999	0.1851193143	0.0337973629	-0.0792494317	-0.10007044279999999	0.0071860011	-0.13456944310000002	0.021147137799999997	0.146730332	-0.0176059754	-0.0716617384	0.0647869775	-0.0299551554	0.0900779352	-0.012549187	-0.0073823983999999985	-0.0483790218	-0.0917483925	0.052846695199999995	-0.0659185274	0.1359345725	0.029693294900000007	-0.0551182412	0.060717691399999996	-0.0371274781	0.0880411461	0.0507131595	-0.0865280407	0.0734468175	0.041135902099999996	-0.039722381699999997	0.0658548724	-0.0267101615	-0.0534726755	0.1016700935	0.0252808108	-0.068374654	-0.0554677458	0.0899935194	0.064076662	0.09093692460000001	-0.0347062227	-0.10510731820000001	0.1067151897	0.0086572484	0.0328194025	0.07707654900000001	0.05207457	-0.054020463	0.0364318735	0.051226169800000006	-0.0674394982	-0.024236676699999998	0.007811455500000002	-0.0533622778	0.0147320888	-0.0179101958	0.0713856944	0.210972876	0.024001971400000002	0.0340317531	-0.0668712536	0.1619725894	0.0621629471	-0.013401981100000002	0.1515493318	-0.0522530094	-0.0754603365	-0.0939212234	-0.033776373	0.0155657359	-0.0785425266	-0.0342119203	-0.0537706392	0.0835705711	0.0624964749	-0.2050567015	0.0878975229	-0.0431560425	-0.0743905633	-0.0354230819	-0.0959733758	0.0032044479	-0.025575036800000003	-0.0187742327	0.1033524698	-0.031511443199999996	0.09218714439999999	-0.1440012842	0.0728307099	0.0387181189	0.0588291526	0.0117885297	0.008225331899999999	-0.0151154509	-0.0730541484	0.105024088	-0.1156067574	-0.0707022686	-0.058710103300000004	-0.0277553111	0.0919458628	0.0165362	0.01198147	0.00014355562336090002	0.00027344591044	0.27262600000000003	0.02209800000000001	0.0004883216040000003	0.07432493587600003	0.500173	-0.019201000000000024	0.250173029929	0.0003686784010000009	0.0102401	-0.0010328999999999998	0.00010485964801	1.0668824099999996e-06	0.000199265	0.00013945420000000002	1.9447473897640007e-08	3.9706540225000014e-08	-0.000284558	-0.0002115921	4.477121678240998e-08	8.097325536399999e-08	0.0	0.0	0.0	0.0	0.0	0.0	0.0	0.0	0.0	0.0	0.0	0.0	0.0	0.0	0.0	0.0	0.0	0.0	0.0	0.0	0.0	0.0	0.0	0.0	0.0	0.0	0.0	0.0	0.0	0.0	0.0	0.0
8142.7189904869765	-10.245019909624718	104.96043294860682	66303872.55803725	10342.531556288468	-27.96601366805044	106967958.99282277	782.0979204815839	6212.580720713243	-4.876245772074071	23.777772829670248	38596159.21137787	6546.487814225749	10606.78190568713	1.056494	53.168308	0.0859643500000001	0.0512849	-0.0613576428	-0.0451826691	0.0585023472	0.1114721115	-0.11971872970000001	-0.0457635521	-0.0021768198000000002	-0.0213393609	-0.0141416998	0.07023522389999999	-0.074067113	-0.0486476181	0.1129538727	-0.029784326899999998	-0.0166318452	0.09240928710000001	-0.1210263385	0.0649189467	-0.0534522433	-0.032629707200000004	0.1351481609	0.0494770655	0.0494548731	0.052776037000000005	0.0360935426	-0.0665384958	0.043139308499999994	0.14738728439999998	-0.0702040389	0.1081014681	0.0160105086	0.0464128248	0.061328728099999986	0.0098469496	-0.036114538700000004	0.0813137184	-0.033035256299999996	0.0578879068	0.0807006689	0.016273552900000002	0.0395419729	0.037626197400000005	-0.042480261799999995	0.1280238148	0.0084428634	-0.0021600995999999997	0.0202484097	-0.0836358757	-0.0111454513	-0.0851999904	-0.09894483789999999	-0.034883467599999995	-0.024700302799999997	0.0019894059	-0.0913874234	0.06366151610000001	0.0630544724	0.0619093075	0.0999526534	0.0904472674	-0.0787433817	-0.0090544613	-0.038780277	0.0630124334	-0.049618189800000004	-0.051458282699999996	-0.0376803693	-0.020429170700000002	-0.0025585192	-0.0318391866	0.070164502	-0.1138024648	0.0677591007	0.002701755	-0.0627233391	-0.0329057348	-0.0030335388	-0.0182334677	0.0558528433	0.0051653162	-0.0447755512	-0.0792783411	0.053853833499999997	0.0047628818	-0.0123958009	-0.1510779443	-0.0401705515	0.0740231875	-0.036604806600000005	-0.0814851707	-0.0782392679	0.1018630107	0.07504814110000001	0.1218532098	0.0490118125	-0.0760889608	-0.0825312397	0.0137402532	0.07904010610000001	-0.02025685	-0.11827191039999999	0.0468895856	-0.031659052	0.0523613075	0.144438163	0.0017636527	-0.0371563027	-0.038569763	-0.0481154704	0.1643137237	-0.06232147740000001	0.0646360044	0.027411992200000002	-0.054892797400000005	0.0451833987	0.0259205852	-0.09989036109999999	-0.0023432453	0.045962385099999996	-0.11974305380000001	-0.0495168948	0.035578957	0.0304004236	0.0692398068	0.0488648319	-0.0037754613	-0.0492612983	0.09602186130000001	0.1168723588	-0.056760572999999995	0.013044168600000001	-0.11299528390000001	-0.1059836051	0.0362778594	0.0204889155	0.0346943738	0.0157419644	-0.019560858400000002	-0.0608283796	0.0128969778	0.0315786542	0.1146000848	0.0139624925	-0.012749033500000001	-0.0018250242999999998	0.08079679099999999	0.0318952625	0.0261508241	-0.0315232152	-0.0112443366	-0.0156441854	-0.045061654400000005	-0.12956691210000001	0.0599863273	0.025658344500000003	0.0327961099	-0.076073085	-0.0105829677	-0.025435957999999998	-0.057136017000000004	0.0180304675	-0.0129727537	-0.0770448561	-0.1352953307	-0.0322819664	-0.15040060660000001	0.0359510674	0.044540757	-0.09155590849999999	-0.0344572313	-0.053486692999999995	-0.0654360997	-0.0804258851	-0.0156265722	0.0258741335	-0.0938894973	0.0419982084	0.11093253310000001	-0.0243675634	-0.0598896127	-0.0249021141	0.0903078742	0.0213194	0.0047832000000000005	2.287900224000001e-05	0.0004545168163600001	0.286323	0.01369699999999996	0.0001876078089999989	0.081980860329	0.5472819999999999	0.04710899999999996	0.29951758752399993	0.002219257880999996	0.00993055	-0.00030955000000000045	9.86158233025e-05	9.582120250000028e-08	0.000214615	1.5349999999999994e-05	2.356224999999998e-10	4.6059598225e-08	-0.000367161	-8.2603e-05	6.8232556089999986e-09	1.3480719992099995e-07	0.0	0.0	0.0	0.0	0.0	0.0	0.0	0.0	0.0	0.0	0.0	0.0	0.0	0.0	0.0	0.0	0.0	0.0	0.0	0.0	0.0	0.0	0.0	0.0	0.0	0.0	0.0	0.0	0.0	0.0	0.0	0.0
8155.134483339429	12.41549285245219	154.1444627692914	66506218.44135185	10329.113675157092	-13.417881131375909	106690589.31431726	180.0395340557336	6208.3243259209485	-4.256394792294486	18.116896627871625	38543290.935821794	6536.50306462304	10524.017805850655	1.383609	69.630463	0.782170635	0.537697	0.0357738864	0.014219013	-0.0128563701	0.0472705017	-0.043931495300000005	0.017413582099999998	0.015834303	-0.0443189682	0.042237641900000004	-0.0421104386	-0.0276729903	-0.0856512354	0.0115089245	0.0309986836	0.0178143076	0.11437004140000001	-0.097058409	0.0015465207	-0.069481193	-0.0898463975	0.028000034	0.0709499692	-0.0061284582999999995	0.0156425029	0.0679810436	0.06464325929999999	-0.0178730402	-0.0624609404	0.0183430146	-0.0147005375	-0.052821172	0.0626323278	0.0829289217	-0.0660367196	-0.1085139816	0.0686268795	-0.09128197369999999	-0.0512644929	-0.0430317581	-0.0221497578	-0.0178362928	-0.0780071779	-0.0707765138	0.0646622992	-0.0788587331	-0.09143801619999999	-0.0007583428999999999	-0.0164351664	0.0016547110000000001	-0.036849413500000004	-0.0603347912	-0.0065494598999999995	0.0529135051	0.046603785300000006	-0.0582048805	-0.0714561114	0.049567436	-0.0176817518	-0.0071950795999999985	0.0194311533	0.0231194905	-0.0626267269	0.0402313355	0.043504810199999994	-0.029396187	-0.027459280099999997	0.1046738941	-0.0811583971	-0.0044552386	-0.035059644300000005	-0.0023820514	-0.0421598294	-0.0860868624	0.09188474740000001	0.027701345899999997	0.056862664	0.0294608804	-0.022605963700000002	0.015576812800000001	0.058431413700000004	0.1057316833	0.0080851754	0.081031381	0.028143006	-0.045273530199999995	0.1536344833	-0.0866229191	0.0758093227	0.0548267566	-0.0276580351	-0.0300686891	0.024139004	-0.0325520299	0.039747007	0.0060764416	0.11608420539999999	-0.0582906916	0.0438557391	-0.0816068541	0.0364721134	-0.0077621377	0.0370627377	0.0207983796	-0.0508030908	0.079204355	0.0047768947	-0.0028625127	0.0379402364	0.0204948474	0.0422690404	-0.011710314	-0.04329258440000002	-0.0323046191	0.0318756597	-0.046889115499999995	0.0733348369	-0.0535450203	0.046464657	0.11402850939999999	-0.014040811499999998	-0.0260111437	0.0735954688	-0.0040017725	0.09552451140000001	0.0272409072	-0.0151252325	-0.0466727324	0.00087984	-0.0708671135	-0.0277906434	-0.0761129953	-0.016198793	-0.0477668702	0.0284403107	-0.045164116	-0.035952604	0.0511559781	0.08389679970000001	0.0241398798	0.0385798824	-0.0266900609	-0.11948918539999999	-0.0149179497	0.015589511799999999	-0.0208230007	-0.0034529178999999997	-0.0353298376	0.0575452007	0.047639696399999994	0.0587360676	0.0444626662	0.0565707797	0.029060614900000007	0.0210130208	0.0526177648	0.0419055172	-0.1061766267	0.0359911111	0.012404593600000001	0.12081432310000001	-0.057793105	-0.1006770442	0.0145180051	0.0718186067	-0.0515069404	0.044042912000000004	0.0291819673	0.0805113787	-0.0641586229	-0.023616755899999998	0.0035513039000000008	0.022452559100000002	-0.0414874441	-0.0061214203	0.018727468	-0.0287834579	0.016066743	0.0570409188	-0.0092954675	-0.0610554601	-0.022026195699999997	0.088484504	0.00193472	-0.01938468	0.0003757658187024001	3.7431414784e-06	0.787656	0.501333	0.251334776889	0.6204019743360001	0.615721	0.06843900000000003	0.379112349841	0.0046838967210000035	0.013216399999999998	0.003285849999999998	0.00017467322895999994	1.0796810222499987e-05	-3.22335e-05	-0.0002468485	6.093418195224999e-08	1.0389985222500002e-09	-3.95804e-05	0.00032758059999999994	1.0730904949635996e-07	1.56660806416e-09	0.0	0.0	0.0	0.0	0.0	0.0	0.0	0.0	0.0	0.0	0.0	0.0	0.0	0.0	0.0	0.0	0.0	0.0	0.0	0.0	0.0	0.0	0.0	0.0	1.0	0.0	0.0	0.0	0.0	0.0	0.0	0.0
8148.941960061414	-6.19252327801496	38.347344548757135	66405255.06844956	10296.14394252093	-32.969732636162014	106010580.08511044	1087.003270100006	6195.4655120342	-12.858813886748068	165.34909457402492	38383792.9108052	6520.9234630178125	10496.210802876398	0.8625049999999999	43.405788	0.09676074550000016	0.058780499999999986	0.0441592851	0.0223782629	-0.0136102675	0.0373175182	-0.0283552016	0.0580877401	0.0197104538	-0.0572143171	0.0089483645	-0.010513005700000001	0.0370320277	-0.0680968464	-0.0366168162	0.0004994289	-0.0473458467	0.058149455	-0.0421085969	0.0205602991	-0.084392047	0.0282678221	0.08372790690000001	0.0620449295	-0.0110227029	-0.029711941800000002	0.0217187448	0.0158289903	0.0148897056	-0.07648726019999999	0.0261799989	-0.0313428195	-0.1276410935	0.0031743153	0.061271854699999996	-0.0347087886	-0.0557798208	0.0315094146	-0.1255919584	-0.1223913823	-0.0636301433	-0.0255095905	-0.0229190229	-0.0645884271	-0.0727246515	0.06604240559999999	-0.048106483	-0.1027983101	-0.0163558566	0.0349845047	0.08691118279999999	0.0242523462	0.0078778274	0.0191033027	0.1338289714	0.056930540599999996	-0.0285077886	0.0375348231	-0.0135509016	0.0228492021	0.051217306799999994	0.1153971906	-0.0383308643	0.039295237999999996	0.045169473700000004	-0.0852719125	-0.0521698496	0.0632817918	0.13345509949999998	-0.0289839908	0.0279027591	-0.18800781600000002	0.037765496600000004	0.0140217839	-0.070134092	0.0743479784	0.0748656728	-0.016633221200000003	0.0552218119	-0.029567112000000006	0.0406066537	0.0940892549	0.08602805300000001	-0.0306104508	-0.058560891	-0.0414183639	-0.1259701624	-0.0914198086	-0.0654042602	0.0745278969	0.0724567515	-0.0370069213	0.0420687312	0.0398806051	-0.0414426958	-0.0508919885	0.1166118567	-0.0042327295	-0.0448013467	-0.0380247963	0.0962451637	-0.0065150419999999995	-0.0745833168	0.0678460514	0.0017157854999999998	0.015913761000000002	-0.0174612592	-0.0050234039	-0.067047614	0.04570139980000002	-0.0114867448	0.0286286918	0.0206201502	-0.061409070499999996	-0.0367487002	0.0335358437	-0.0293854088	0.062262457800000004	-0.0545112717	0.005902111999999999	0.0739330666	0.0550006482	0.0219022519	0.05975981	-0.0983121465	0.061633995899999995	-0.0227719995	-0.1398873702	-0.1064044975	-0.006813043100000001	0.0365173725	-0.06196700030000001	-0.0022117385	-0.0779793729	-0.023846647999999998	0.0509340716	0.0282347054	0.0461415424	0.0309334877	0.0635979978	-0.0140412029	0.0645990204	-0.0064702214	-0.057866425599999986	-0.021065665299999998	-0.0337712719	-0.07651819950000001	-0.1413924636	0.030392959	0.015622471499999999	0.0590080109	-0.0074440618	-0.0323633563	0.0370842293	0.0729846279	0.13608043	0.0155663532	0.0310200306	-0.18693195769999998	0.0239747899	0.036998555	0.0576027525	-0.0260027715	-0.0156373925	-0.0391759754	-0.0081253568	-0.07253094480000001	-0.0249057907	0.0091488391	-0.14058618109999999	-0.11922958380000001	0.0369157829	-0.0362492377	-0.0861215135	-0.0771300856	-0.0006847168	0.0078425093	-0.0474182287	0.11848235039999999	0.0343877095	0.094743718	-0.0622073795	-0.01913018	0.08647949490000001	0.00445159	0.00251687	6.334634596900001e-06	1.98166535281e-05	0.7797270000000001	-0.007928999999999964	6.286904099999943e-05	0.6079741945290001	0.648104	0.03238300000000005	0.420038794816	0.0010486586890000034	0.0141358	0.0009194000000000023	0.00019982084164	8.452963600000046e-07	9.558130000000004e-05	0.00012781480000000005	1.6336623099040014e-08	9.135784909690008e-09	-8.157689999999999e-06	3.142271e-05	9.873867037441e-10	6.654790613609997e-11	0.0	0.0	0.0	0.0	0.0	0.0	0.0	0.0	0.0	0.0	0.0	0.0	0.0	0.0	0.0	0.0	0.0	0.0	0.0	0.0	0.0	0.0	0.0	0.0	0.0	0.0	0.0	0.0	0.0	0.0	0.0	0.0
8151.091900853501	2.149940792087364	4.62224540948124	66440299.17615954	10303.655183760946	7.511241240015807	106165310.1458438	56.41874496571419	6196.068122309546	0.6026102753457963	0.3631391439523364	38391260.17630055	6521.122903164846	10591.099479005905	0.786806	39.596214	0.11069020549999996	0.0751984	0.0358350583	0.054131433099999994	-0.0025169597	0.0234408459	-0.0100320586	0.044717726500000006	0.0064023287	-0.055846642599999996	0.0544267529	-0.023729900800000002	0.036633142599999995	-0.04599749	-0.0034660254	-0.0005218029	0.0228355316	0.0626164475	-0.0753806234	-0.0138538255	-0.046113830999999994	0.0898343726	0.07515436519999999	-0.08354979679999999	0.0828979375	-0.1026852382	0.062413665099999995	0.10097154800000001	-0.0523479476	-0.028978291	0.0411705375	-0.017735792900000002	-0.10390027240000001	0.0627558218	0.1121007972	0.0296910596	-0.055969618799999996	0.0815066326	0.0145311806	-0.028957296299999997	-0.0560508757	-0.0384439543	-0.015389288899999999	-0.058071617	-0.0904878183	0.06311399349999999	-0.023248181	-0.1039847885	0.014336686000000001	0.0409290048	0.0701370343	-0.005422431899999999	0.0088436482	0.06318917639999999	0.143199191	0.055961455599999994	0.0335802184	0.07353284639999999	0.08761080439999999	-0.0580607728	-0.0457322555	0.0740837615	0.0096794227	0.0049452562	-0.0139723176	-0.038528300099999996	0.022597697000000003	0.035533018199999995	0.08451154470000001	-0.005036662700000001	-0.0199492047	0.0678098084	0.048780793899999994	0.048581001500000005	-0.030020114599999998	-0.0136641723	-0.012615843	-0.0602889203	0.044287491500000005	0.1077188535	-0.01701048	0.023463791	0.0214351206	-0.1429481698	0.0751928733	-0.0221923041	-0.005892020699999999	0.0909634179	-0.0152542201	0.045935738399999995	-0.041453406	0.08968935759999999	-0.0772400202	0.0183553518	0.0815327929	0.0491927632	-0.06278825639999999	0.0090994429	-0.005628898	0.06829310200000001	0.0472177504	0.1133176939	-0.0144465145	-0.0751222309	-0.0142916591	-0.0237221524	0.0067259804000000005	0.066127493	-0.09141298630000001	0.0253106242	-0.06404265519999999	-0.0296267036	-0.023297577000000003	-0.052326881799999996	-0.05386339	0.0177430068	-0.0338952114	0.0798013378	-0.0308961472	-0.007241269399999998	0.0717248379	0.036731085	-0.013889603799999999	0.0644423639	-0.08531096869999999	0.0791425792	-0.0292045812	-0.1295200882	-0.09437496039999999	-0.0757529085	-0.0379742443	-0.0117708029	0.053552748899999995	0.0571785062	-0.1221213663	0.0213083698	0.0142788594	0.036888519	0.0178626311	0.0539812067	0.036590387099999996	0.029191339700000006	-0.0268749233	-0.0135526679	0.0069486368000000005	-0.0177325778	0.051112022199999996	-0.026574626299999998	0.0270807825	-0.0378533796	-0.0246680581	-0.0468203612	-0.084378404	-0.0642469255	-0.0068207214	-0.0022186148999999997	0.1006550908	-0.046657152199999996	0.0610027985	0.0200134062	0.1440620875	0.0999397308	0.0677612511	0.0011957475	-0.08612318210000001	0.0632239108	-0.0797015261	0.0056089562	-0.0139539198	-0.0370239661	-0.0047906656	-0.058598721299999997	-0.0108291693	0.0319736473	0.07738369469999999	-0.10429710240000001	0.0643644164	-0.1104230216	-0.0958579826	0.0187747427	-0.015228281699999999	-0.06334510809999999	-0.0162167092	0.084296963	0.00454676	9.517000000000032e-05	9.05732890000006e-09	2.0673026497600006e-05	0.773629	-0.006098000000000048	3.7185604000000586e-05	0.5985018296410001	0.624181	-0.023923000000000028	0.389601920761	0.0005723099290000013	0.0155554	0.0014196	0.00024197046915999998	2.01526416e-06	2.87329e-05	-6.684840000000004e-05	4.468708582560005e-09	8.2557954241e-10	-0.00013319	-0.00012503231000000003	1.56330785439361e-08	1.7739576099999998e-08	0.0	0.0	0.0	0.0	0.0	0.0	0.0	0.0	0.0	0.0	0.0	0.0	0.0	0.0	0.0	0.0	0.0	0.0	0.0	0.0	0.0	0.0	0.0	0.0	0.0	0.0	0.0	0.0	0.0	0.0	0.0	0.0
8157.473422421418	6.381521567916933	40.72381752178901	66544372.63751181	10312.475468449311	8.820284688365065	106347150.28736883	77.7974219838072	6196.761108307288	0.6929859977417436	0.4802295930661199	38399848.23342977	6518.6567001966805	10597.757826420617	0.807413	40.63327	0.15776646	0.0943227	0.023941435	0.0809113922	0.0056889125	0.0125956734	-0.0061752391	0.0243279583	0.0026561452	-0.0774185699	0.0628628685	-0.008994878000000001	0.0356995644	-0.024791451699999998	-0.0524329491	-0.0240187894	0.018510708799999998	0.0628333603	-0.07232064049999999	0.043245310099999996	-0.007444020999999999	0.028439856800000007	-0.0137487236	-0.044389846	0.0466756854	-0.1206267942	0.0191142774	-0.008826635400000001	-0.0172848134	-0.0036444375	0.15452657179999998	-0.020907945900000002	-0.0524564395	0.0570406419	0.0197785865	0.09562828599999999	-0.07315281	-0.014122502700000001	-0.0455257152	-0.0973042452	-0.057274002000000004	-0.041156584100000004	-0.0054288312	-0.050675759400000006	-0.0726094125	0.0675495613	-0.0147579775	-0.0882525116	0.0780793084	0.0453411122	0.0645856917	-0.0034022511	-0.013078493500000002	0.0353863533	0.0675517683	-0.0321705772	0.0161858811	-0.0499828013	-0.0105630784	-0.0687680391	0.023446795899999998	0.010907977	0.0576890986	0.0381419754	0.054143908899999996	-0.1129992684	0.0602973962	0.0670542044	0.1343408084	0.0385343204	0.1015269541	0.008300141	0.0066263303	0.0363720427	-0.0191934957	0.0615433482	0.011625758600000001	-0.1418922577	0.0267732731	-0.0264638812	0.020250874	-0.0734721121	0.011543326599999999	-0.07209245480000001	0.12407168619999999	-0.0282025041	-0.014924126299999996	0.008782801	0.011591946499999999	0.10654244199999999	0.0018342354000000002	-0.018289674	0.09684554	-0.0149018649	0.05731803730000001	-0.0555383904	-0.022161518199999997	0.0730311419	-0.0502707943	-0.08688328109999999	0.0303642008	0.0498136275	0.0747442945	0.060868256100000004	-0.043303527	-0.061748393099999986	0.0368585731	-0.0230936287	0.0707976432	0.0197749676	0.0284268919	-0.0405688649	0.0383037157	-0.05258422769999999	-0.0591797862	0.0065121371999999995	-0.0188144951	0.0681353541	-0.0435558932	-0.030177624700000006	0.0599004472	0.052054483799999995	-0.06986114480000001	0.0189224501	-0.0648539863	0.084648931	-0.0473689875	-0.0737434012	-0.0285268484	0.0027825374	-0.0090768688	-0.0186957816	-0.0157972961	0.0341990327	-0.05019272650000002	0.0889633467	-0.0417272375	0.0749297055	-0.078556207	-0.009090517	0.022640681	0.0331861862	-0.04717493230000002	-0.08226180940000001	-0.0424875464	-0.0744360192	0.0337713095	-0.0788290928	-0.10129780619999999	-0.0050494145	0.049326721799999994	-0.0283605645	-0.1006002167	-0.0810331029	0.1250120727	0.0768966142	0.0355584968	0.0267395119	0.031625283500000004	-0.0436939659	0.09242313529999999	0.0920304388	0.013955925	0.0033610667	-0.027706285299999998	0.038449074	-0.061345343899999995	-0.1246860075	0.0906411859	-0.0141823894	0.077430485	0.0105788751	0.0311820365	0.0308912777	0.0674350396	-0.028101577000000003	0.0024096973000000002	0.024101383599999998	0.0372718075	0.0024960895999999997	0.0163808275	-0.0644683864	-0.0132884419	0.0819413884	0.0102218	0.005675039999999999	3.220607900159999e-05	0.00010448519524	0.708015	-0.06561400000000006	0.004305196996000008	0.501285240225	0.612189	-0.011992000000000004	0.374775371721	0.00014380806400000006	0.0168993	0.0013438999999999984	0.00028558634049	1.8060672099999958e-06	6.73583e-05	3.862539999999999e-05	1.491921525159999e-09	4.5371405788900006e-09	-0.000240373	-0.000107183	1.1488195489e-08	5.7779179129e-08	0.0	0.0	0.0	0.0	0.0	0.0	0.0	0.0	0.0	0.0	0.0	0.0	0.0	0.0	0.0	0.0	0.0	0.0	0.0	0.0	0.0	0.0	0.0	0.0	0.0	0.0	0.0	0.0	0.0	0.0	0.0	0.0
8183.2209244321875	25.747502010769487	662.9338597945791	66965104.69806479	10332.626103538365	20.15063508905405	106763162.1955224	406.04809449221625	6214.886473234077	18.125364926789192	328.52885372927966	38624813.875187896	6540.791111617453	10721.261922090393	1.043498	52.514313	0.2924259750000001	0.22457600000000005	-0.0038612371	0.0907752135	0.029581182	0.0530608413	-0.0110810216	0.0038214712	0.0204370229	-0.0179184299	0.0039713915	0.1079647795	0.0049650288	0.067055618	-0.1372406486	0.0183260695	-0.0030518027000000004	-0.0143062275	-0.0835406214	0.0986462706	-0.055775590199999996	-0.0338990568	0.043235288499999996	0.1716118172	0.0032662160999999998	-0.0207535681	0.0816225139	0.054422362099999996	0.0612343763	0.024630168100000002	0.0755710105	-0.0774816406	-0.0510732508	-0.000497671	-0.1209979383	0.0502645906	0.0235175132	-0.0422135259	-0.0037060639	-0.0198566941	0.0197922753	-0.0113604399	0.08614869	0.0358777659	-0.0192215882	0.07119215400000001	-0.021733372200000003	-0.0445694171	0.0794817124	0.1173655025	0.024187678900000002	0.1581279613	-0.0347068925	0.0395693902	0.13999741710000002	0.0122027493	-0.1279152923	-0.031164995600000002	-0.0421493254	0.027027800600000002	-0.053426384800000004	-0.0283975244	-0.0430263628	0.010313699300000001	0.06605518440000001	-0.1387054931	0.054422585499999995	0.075052214	0.0618364146	-0.049176667199999996	-0.0746074884	0.0120552822	-0.052461855	-0.0552539079	0.0361646765	0.030005600499999997	-0.0061665226	-0.0072544183	-0.0412012477	0.0300822192	-0.06328675980000001	0.0894783845	0.021584899900000003	0.030157276099999998	-0.0059818638	0.1332942394	-0.0187654592	0.0099168775	0.0605169807	0.0447615376	-0.0072723289000000005	0.0163554878	0.00046605489999999996	0.1414162793	0.0033829171999999997	0.0427850462	-0.0824366929	0.0663049663	-0.0026591443	0.0381132604	-0.0964377625	0.1071814923	0.0641878147	0.025003749199999998	0.0037889819	-0.0979078618	-0.057629214299999995	0.0815488792	0.0999579213	-0.0427691542	-0.046528754299999996	0.0091395197	0.054274093899999994	0.0064063504	-0.0048351794	-0.0940912758	0.0270975042	-0.0082958487	-0.0647634014	-0.0412279387	0.0421893724	0.1264818831	-0.019581032800000002	-0.102701534	-0.0985574249	0.0933908386	-0.0389050553	-0.0694073424	-0.045202607199999995	0.0049597863	-0.1326227525	-0.1101052552	-0.020156738100000002	-0.0806641194	0.0546211225	0.0188018533	-0.06885888400000001	-0.0159006418	-0.0988388446	0.0926901124	0.068852787	-0.0005389774	-0.0043203184	0.021355700699999997	0.0295715523	-0.041617637400000004	0.004263772	-0.0289564176	-0.0338837554	0.0277312989	-0.0062106376	0.0086390132	0.0484395455	0.100456268	-0.0241595816	0.0969597993	0.023441094500000002	-0.06864941940000001	0.057089808799999996	0.0267942923	0.0553566721	0.1428474578	-0.0753280407	-0.0036237374	0.0126041045	0.0174884576	-0.0681024323	0.0810284559	0.0648994785	0.0365548908	0.038396126600000004	-0.023605115899999998	0.0571863954	0.032776365	0.024838063900000002	-0.013625823	-0.052485338799999996	0.0751058628	-0.054521702699999994	0.0086394296	-0.077720626	-0.0655769581	-0.0103480497	0.0794176065	0.00468607	-0.00553573	3.06443066329e-05	2.19592520449e-05	0.48919	-0.218825	0.047884380624999986	0.2393068561	0.620224	0.008035000000000014	0.384677810176	6.456122500000023e-05	0.017954599999999998	0.0010552999999999986	0.00032236766115999985	1.1136580899999969e-06	-6.26466e-05	-0.0001300049	1.690127402401e-08	3.92459649156e-09	-0.000225073	1.5299999999999992e-05	2.3408999999999976e-10	5.0657855329000004e-08	0.0	0.0	0.0	0.0	0.0	0.0	0.0	0.0	0.0	0.0	0.0	0.0	0.0	0.0	0.0	0.0	0.0	0.0	0.0	0.0	0.0	0.0	0.0	0.0	0.0	0.0	0.0	0.0	0.0	0.0	0.0	0.0
8181.214333974282	-2.0065904579050766	4.026405265755705	66932267.97842626	10345.819300373832	13.193196835467461	107035976.99598771	174.0604427393886	6231.878670564871	16.992197330793715	288.7347701286331	38836311.76464138	6565.308693814038	10912.884343148975	1.271347	63.980862	0.2775107	0.170734	-0.0333976636	0.0876115369	0.0945736568	0.0383144465	0.0128004322	-0.0337665227	0.0097549243	0.0545766726	0.0007258019000000001	0.0829547473	-0.0597530404	0.046188160199999995	0.1860143588	0.0103691251	0.1557557255	0.0195528018	0.046133566900000006	0.1097589469	-0.0351375088	0.0302618798	0.09498623199999999	5.2991e-06	0.0756219347	-0.010003233	-0.017743798300000002	0.0584810412	-0.0501486772	-0.066276562	0.0367519452	-0.1099918101	-0.029396003700000006	0.0726182041	0.030344683799999998	0.0440946163	-0.0349977043	-0.0455131112	0.045958477000000005	0.12238640869999999	0.05006928099999999	0.055941232	0.056842456799999996	0.1109209132	-0.006803661	-0.060227624699999996	-0.0729500322	-0.0275662538	0.1411390111	-0.0254402616	-0.047196246	-0.066457785	0.0301280648	0.0178540412	0.0138724129	0.1080765568	-0.049721343700000004	-0.0416114589	0.0336292786	0.0398154653	0.0179050839	0.1079337769	0.0408858031	-0.100462439	0.047711650700000004	-0.0951643488	0.10428209779999999	-0.1471354958	0.057664772	0.0507112401	-0.0064987071999999995	-0.0303293405	0.10024681939999999	0.0171297872	-0.0030104052000000004	-0.0419635756	0.0779647816	-0.0044339275	-0.0246825933	-0.0014954783999999999	-0.021000969100000003	-0.0613195294	-0.09731117980000001	0.0396261285	-0.049689865	-0.0073872511	0.034426207400000006	-0.0971927562	0.0238520978	-0.09524043730000001	0.1124098371	0.1531694058	-0.07128056299999999	0.0098393094	-0.0549609021	0.0076213366000000005	-0.041627663100000004	0.0390273931	-0.0529741931	0.041385775699999995	-0.1109912338	0.0384613243	-0.0939841068	-0.0146491651	-0.0380408151	-0.0655923103	-0.0897855551	0.0423734556	0.1181103701	-0.0005083979	0.0429888407	0.0664936571	-0.031874236	0.0375886604	0.0601341851	-0.0818112375	0.065382951	-0.0419485346	0.0832548318	0.0791491743	0.037640772999999995	-0.0503904229	-0.1654111865	0.016930859399999998	-0.0015126142	-0.008883131899999999	0.0028694621999999998	-0.07770886519999999	0.026517559399999998	-0.0908993339	-0.0137595625	-0.0830520613	-0.09536617730000001	-0.021487507000000003	-0.13199117470000002	0.004944938	0.0584150756	-0.001973317	-0.0447978178	0.0976752396	0.0287197462	-0.1072371469	-0.1400433286	0.0330433628	-0.0088521196	0.0882595799	0.0163946462	0.0187346304	0.0428555954	0.1144668848	0.0015029191	-0.10981206859999999	-0.021968975099999996	0.0145707848	0.0737416515	0.011788789099999999	-0.08251543	0.06983090559999999	-0.0139061371	0.0668059979	-0.0086869817	-0.052507514400000004	0.0121124879	0.1298831398	-0.046587601	-0.0426885313	-0.110145887	0.0695357409	-0.105894815	0.11495700310000001	0.023910272200000002	-0.040707442	-0.0371022194	-0.03394378	0.022279350099999998	0.0463064584	0.0038306525	0.0321414493	-0.06277574429999999	-0.021403250899999997	-0.0610258397	-0.06667057030000001	-0.007398215699999999	0.0767307983	0.00456154	-0.00012452999999999943	1.5507720899999855e-08	2.08076471716e-05	0.341699	-0.14749099999999998	0.021753595080999995	0.116758206601	0.6940109999999999	0.07378699999999994	0.4816512681209999	0.00544452136899999	0.0188084	0.0008538000000000018	0.00035375591056	7.289744400000029e-07	8.160179999999998e-05	0.00014424839999999998	2.0807600902559995e-08	6.658853763239997e-09	-0.000100958	0.000124115	1.5404533225e-08	1.0192517764e-08	0.0	0.0	0.0	0.0	0.0	0.0	0.0	0.0	0.0	0.0	0.0	0.0	0.0	0.0	0.0	0.0	0.0	0.0	0.0	0.0	0.0	0.0	0.0	0.0	0.0	0.0	0.0	0.0	0.0	0.0	0.0	0.0
8149.536994779664	-31.67733919461807	1003.4538184508864	66414953.22928237	10354.477780492525	8.658480118692749	107215210.1067134	74.96927796579763	6228.7523047410705	-3.12636582380037	9.774163264226962	38797355.273817204	6556.908489192972	10501.649482710138	1.406507	70.782837	0.62490321	0.480112	0.0425136725	0.0661833834	0.0295247906	-0.0684883858	0.10817279169999999	0.0126390546	0.0368153721	0.0026672540000000004	0.0650782078	-0.020351857	0.0720742826	-0.0121039502	0.0536794683	0.1597404532	0.0716053442	-0.0134353197	-0.0726979749	0.0829385594	-0.20554444510000008	0.0679284114	-0.0377621037	-0.0134517607	-0.0155080968	-0.014118518200000001	0.0151835068	-0.025416354300000003	-0.0853553477	-0.0566089422	0.06175072440000001	-0.006832127800000001	-0.0190474304	0.0197066699	0.0395148004	0.085941826	0.0679198472	0.1440889682	-0.1651707144	0.020517665900000003	-0.0544138147	0.0594308953	-0.0586888389	0.014181261499999999	-0.0716932275	-0.1833189748	-0.1438428034	-0.0545327974	0.11707636130000001	-0.0281351904	-0.012847850400000001	0.04813599650000002	-0.0564122482	0.0820362548	-0.0662800157	0.0906937712	-0.044761082699999996	-0.0630468649	0.0766877725	-0.0355800474	-0.0035202109	-0.027575911800000002	0.0295194662	-0.0405749597	-0.0678743346	-0.024682611099999998	0.0763013493	0.12177569140000001	0.0926793826	-0.0856641457	0.1109814414	-0.0204270983	0.0213924509	-0.0855310916	-0.0512152913	0.0196511559	0.09227478929999999	0.0246820533	-0.08276334169999999	-0.1288392885	0.0522477875	0.052419118099999995	0.0479625424	0.0774424165	-0.09956091939999999	0.0279786692	0.005445376700000001	-0.044255837199999995	-0.0350411886	0.035355977000000004	0.0110342719	-0.0079582817	0.039134019	-0.0027169115000000004	-0.1208287104	0.0675895722	-0.2067467617000001	-0.1024042096	0.0800479653	0.06976025849999999	0.0354900464	0.1607388582	-0.052968386299999996	0.0661913858	-0.0264895316	-0.1147134684	-0.0566365345	-0.0395066801	0.0303467765	0.0803785454	0.0363732976	-0.0383673921	0.0948880845	-0.0510964178	0.030793860899999997	0.0469613993	0.0172527348	0.0521303373	0.1724997311	0.1531940438	0.0684688496	0.0617369225	-0.0930675226	-0.0583123662	-0.0170608278	0.0726242223	-0.0035413277	-0.0310875682	0.1033048944	-0.0102951401	-0.0449583164	-0.015385851499999999	-0.036434228799999996	-0.0385087483	-0.0482945258	-0.0141910219	-0.0352748109	0.0593026302	0.0329596819	0.1137513522	0.0055240148	-0.0795017566	-0.0430227532	-0.08929460789999999	-0.08488687630000001	-0.1285608833	-0.0234353037	-0.045051363	-0.0317443845	0.0857969442	-0.030748902	0.0482886497	0.084546916	0.0599250313	-0.025383947999999996	0.0354474033	-0.06868970519999999	-0.0207021055	-0.19939135019999998	-0.0053433522	0.0269766579	0.0921717879	0.034898641099999995	-0.0887822872	-0.0087672807	-0.1038932683	0.0624870183	0.0328592557	-0.0284839959	-0.0046739504	0.049074346399999996	-0.1398207425	-0.1230997069	-0.012125388300000001	0.0601725037	0.046877331200000004	-0.157144253	0.127701762	-0.1305261123	0.01901728	-0.0437563578	-0.0677489736	-0.0044416313	0.073886479	0.00957039	0.00500885	2.50885783225e-05	9.15923647521e-05	0.797952	0.45625299999999996	0.208166800009	0.6367273943039999	0.681701	-0.012309999999999932	0.464716253401	0.00015153609999999832	0.0215791	0.0027707000000000014	0.00046565755681	7.676778490000006e-06	0.000334806	0.0002532042	6.411236689763999e-08	1.1209505763599999e-07	-0.000103681	-2.723000000000008e-06	7.414729000000043e-12	1.0749749761e-08	0.0	0.0	0.0	0.0	0.0	0.0	0.0	0.0	0.0	0.0	0.0	0.0	0.0	0.0	0.0	0.0	0.0	0.0	0.0	0.0	0.0	0.0	0.0	0.0	0.0	1.0	0.0	0.0	0.0	0.0	0.0	0.0
8108.433657387905	-41.103337391758934	1689.4843447407688	65746696.376260996	10351.154462812026	-3.3233176804988034	107146398.71299332	11.044440405515944	6219.938816238872	-8.813488502198197	77.6775795783798	38687638.87775502	6553.353939468136	9894.002345203007	1.81742	91.462112	0.6856269899999999	0.490743	0.045826380800000004	-0.14687170130000002	0.1316508502	-0.1547665929	0.1324819017	-0.006157736600000001	0.0451696267	0.029091566200000002	0.053005935899999995	0.0053752001	0.0930223675	-0.11681005289999999	0.0517362638	0.0492118074	-0.045063627099999996	-0.11697237099999999	-0.09154885859999999	0.106467149	0.07339219570000001	0.14931637960000002	-0.0944594413	-0.0012788228	0.0096766463	0.0333480921	-0.0281095281	-0.033040159	-0.1315274079	-0.2515769706	-0.1743290505	-0.1304608891	-0.0457254273	0.037984609700000005	-0.0962772868	0.07467532519999999	-0.023947517999999998	-0.0790849941	-0.010419190600000001	-0.0586372137	-0.0506063157	0.1053857306	-0.1976683978	0.036298081	-0.1245222691	-0.11331195640000001	-0.0475757504	0.0933832088	-0.0334213762	0.022491886099999997	-0.04860781980000002	0.0802714258	0.033761015	0.1867801309	0.0026531796999999997	0.0691552482	-0.1738549508	0.1354032398	-0.0124148188	-0.0409313682	0.1001771118	0.08079501089999999	0.18646962329999997	-0.0527641862	-0.0031488991999999998	0.0037053016999999996	-0.0123491449	0.0004390184	-0.2137594757	-0.0463010896	0.1132365421	0.0418261405	-0.052466371500000004	0.0341748261	-0.05966898740000001	0.021041178900000002	-0.0031412976	-0.1455151509	0.059493966900000014	-0.1027179261	0.0125582551	-0.1240879884	0.0193957033	0.1161506245	0.023658671699999998	0.07263660549999999	0.031768202999999995	0.031473489900000005	-0.0674743984	-0.059509031	0.0183273896	0.0624259254	0.0234038666	0.0628362738	0.0520356226	-0.061196679000000004	-0.0219077524	-0.0161221144	-0.11658427960000001	0.0936055999	-0.1468116891	-0.10874751839999999	0.0885432095	0.0233714903	-0.0162398897	0.06897218	-0.0110022197	-0.1397937799	0.0605409978	0.0832108093	0.0293656277	-0.0743035804	0.08722671650000001	-0.0388597274	0.0765679494	0.1330346751	0.0947720231	0.1438797548	0.1322635034	0.114056596	-0.0338505269	-0.005918883000000001	0.072425853	-0.1234013701	0.0565477664	-0.0265413377	-0.0300668683	-0.0744891963	-0.0389764268	-0.0103267153	-0.1709131309	0.0704048825	0.0327926126	-0.1070295894	-0.12309553449999999	0.0638907632	0.2606057925	0.0363546463	-0.0700870948	-0.0295286722	0.0227386633	-0.0589933872	0.12106695349999999	-0.1131048335	-0.0875281883	0.0156085944	-0.0728264708	0.13967444140000002	-0.1120634318	-0.10122993109999999	0.07532571469999999	-0.037718441	0.0114496803	0.0143143105	0.12682804179999999	-0.0437245929	-0.0623326546	0.0958436331	0.0185613751	-0.056890072699999995	0.0276345671	-0.048425513600000004	-0.0325973573	-0.030367322000000002	-0.0463527829	0.053568584800000006	0.0289846077	0.0828733483	-0.0832449316	0.1138565465	0.1060031261	-0.08891365400000001	0.10985991140000001	-0.1424214475	-0.0585096604	0.05437006269999999	-0.0854020834	0.0382854848	0.0039694784	0.0719554137	-0.0012129617999999999	-0.0688119219	-0.0014809942	0.07089048740000001	0.00848988	-0.0010805099999999998	1.1675018600999997e-06	7.207806241439999e-05	0.7292609999999999	-0.06869100000000006	0.004718453481000008	0.5318216061209999	0.522026	-0.159675	0.272511144676	0.025496105625000005	0.0126951	-0.008884	0.00016116556401000006	7.892545599999999e-05	0.000439916	0.00010511	1.10481121e-08	1.93526087056e-07	3.0818600000000003e-05	0.0001344996	1.809014240016e-08	9.497861059600004e-10	0.0	0.0	0.0	0.0	0.0	0.0	0.0	0.0	0.0	0.0	0.0	0.0	0.0	0.0	0.0	0.0	0.0	0.0	0.0	0.0	0.0	0.0	0.0	0.0	0.0	0.0	1.0	0.0	0.0	0.0	0.0	0.0
8097.785994123879	-10.64766326402605	113.37273298408991	65574138.00662886	10351.096463959668	-0.057998852358650765	107145198.00619832	0.0033638668749205697	6205.4123102269605	-14.526506011911804	211.01937691410984	38507141.93991631	6537.237952927941	9912.57095311339	1.3688840000000002	68.889442	0.45013965780000004	0.325916	0.0002451246	-0.19861087600000002	0.10989214289999999	-0.0897077898	0.024006754900000003	-0.0145375234	0.046729264900000005	-0.0565418002	0.0598826892	0.0815630797	0.0560355326	-0.12514109880000002	0.0954947134	0.0181543879	-0.0938686495	-0.1072287044	-0.1199904398	0.038139761	-0.0120652737	0.068014927	-0.069042719	0.03528887	-0.0078838569	0.1037698708	-0.1040477858	-0.0270681374	-0.05816125320000001	-0.0814740605	0.0261635591	-0.031990299300000004	-0.0140012286	-0.0161348761	-0.0015329857	0.11622123570000001	0.0209307746	0.025281374	0.1884603669	0.021575284	-0.0197980814	0.0667691543	-0.1823852719	0.098130593	-0.085849243	-0.032605289700000005	0.019447101499999998	0.130744941	-0.0751833429	-0.014782038300000001	-0.0545794548	0.079105318	-0.0837185827	0.080572844	-0.0470773171	0.0996715892	-0.0656271718	0.1049125657	0.07065325360000001	0.024767122599999997	-0.0907410608	-0.0118402851	-0.0183497825	-0.0073875035	0.0421373746	-0.0676285508	-0.08779633070000001	-0.0010039388	0.138077134	0.0405977794	-0.0971010091	0.0211852844	-0.0306701101	0.031103318300000002	-0.0482894247	-0.0008261207000000001	0.0224883316	-0.0704947787	0.0681204049	-0.0629549732	-0.044191748200000006	0.0934740743	-0.0433038549	-0.1359193169	0.005425061899999999	-0.0594932463	0.0666973282	-0.0668061068	-0.038692505099999996	0.0356968238	0.0812032632	-0.017570158500000002	0.052442213099999996	-0.0847465169	0.0338460599	-0.05415586309999999	0.0598606912	-0.0095091049	-0.021191183399999997	-0.0933564824	-0.0218236409	-0.1219169216	0.0507207141	0.053600798899999996	-0.0119391815	0.034013326499999996	0.1160967716	-0.0121709618	0.0336800092	-0.0191027296	0.0234459552	0.0317956582	0.1066528685	-0.0212700098	0.0442186271	0.1004050094	0.1584528822	0.09704724390000001	0.0617959029	0.048159472800000006	-0.0599274713	-0.0600998787	0.1049136367	-0.1212066846	0.0808673317	0.0632712572	0.0049979231	0.0262659389	0.001319962	-0.0165735475	-0.1100037992	0.0249871472	0.055522474100000004	-0.0808301467	-0.1017728381	-0.0605271601	0.036666755499999995	0.014481275900000003	0.0281261503	0.0954772092	-0.0653084979	0.1169260425	-0.061125647199999994	0.033716997900000004	0.027001300699999998	-0.0041922909	-0.0042199683	-0.0276528204	0.06671641360000001	-0.0630574342	-0.0628862533	-0.0006537262	-0.0264381254	-0.04448556	0.079238239	0.06832115820000001	0.0791120358	-0.0568639637	-0.0181475397	-0.1285858016	0.0320129306	0.032894313	0.0079311402	0.1376849091	0.099567492	0.0139131323	0.0447883235	-0.05747453280000001	0.0596926181	0.023245827599999998	0.0427927633	0.014601088100000001	0.0220440757	-0.0376622348	0.04782364309999999	0.08388596429999999	0.0112993765	0.0561431955	0.141045378	-0.0043194335999999995	0.0073100622	-0.06985917280000001	0.0014809942	0.0677489736	0.00966361	0.0011737299999999993	1.377642112899999e-06	9.33853582321e-05	0.452741	-0.27651999999999993	0.07646331039999996	0.204974413081	0.518806	-0.003220000000000001	0.269159665636	1.0368400000000002e-05	0.00941446	-0.0032806400000000013	8.863205709159999e-05	1.0762598809600007e-05	0.0003661680000000001	-7.374799999999995e-05	5.438767503999992e-09	1.3407900422400004e-07	6.88044e-07	-3.0130556e-05	9.078504048691362e-10	4.734045459359998e-13	0.0	0.0	0.0	0.0	0.0	0.0	0.0	0.0	0.0	0.0	0.0	0.0	0.0	0.0	0.0	0.0	0.0	0.0	0.0	0.0	0.0	0.0	0.0	0.0	0.0	0.0	0.0	0.0	0.0	0.0	0.0	0.0
8068.933641945927	-28.852352177952522	832.4582262006018	65107690.11812676	10347.678482250758	-3.4179817089097924	107074449.97203536	11.682598962441904	6196.602288103985	-8.81002212297517	77.61648980731192	38397879.91693555	6531.329217179481	9793.96794615744	0.8155369999999998	41.042126	0.1679981778	0.109096	0.0282213463	-0.17205224289999999	0.1101709051	-0.09722907300000001	-0.0001751772	-0.006836118	0.0587128753	-0.038258462	0.0591345446	0.0433606444	0.0654964471	-0.120851254	0.1389526495	0.006818862199999999	-0.1027094354	-0.0313890769	-0.1132950665	0.1443577908	0.0643479004	-0.024047740499999998	-0.1096567208	0.0389889552	-0.0640728866	0.0186844213	0.030445979900000007	-0.08108812259999999	-0.029001888700000002	-0.056902204299999995	-0.0169106171	-0.0005941415	0.0627809613	-0.0370559402	0.07577854860000001	0.0204504213	0.0920289266	0.0597382468	0.1188582143	-0.0081451083	-0.034162647000000004	0.0692638247	-0.1810433181	0.0834279443	-0.0659014077	-0.029098622799999998	0.0569152062	0.086094444	0.0016340828	-0.0655610358	-0.053626122000000005	0.0642320047	-0.1221986078	0.058886118499999994	-0.0548734284	0.1014374404	-0.0666349457	0.0896424898	0.0852707115	-0.009893318	-0.0197060624	-0.0169241775	-0.024256089300000002	-0.08353248740000001	0.0500520936	-0.0073207042	-0.09223322910000001	-0.05824918	0.056347889400000004	-0.0178145381	-0.047562262699999996	0.13119049689999998	-0.020104528	0.043543577800000004	-0.0267498606	0.0505081848	-0.0161016436	-0.0800650129	0.037642782	0.1371100062	0.088407116	-0.050281644900000005	0.0404677756	-0.008936200200000001	-0.06626966299999999	-0.1484416384	0.1024444051	0.047634044199999996	-0.0354852351	0.0600293476	-0.053014246900000006	0.0069267142000000006	-0.019816212	0.0624434742	-0.07544048440000001	0.053125156500000006	-0.0192753369	0.0776253003	0.059858586	0.07573745679999999	-0.030148408999999998	0.0191605507	-0.0036181483	-0.0520362675	-0.0216702048	0.0159559433	0.0921034983	-0.0557740333	-0.050750663	0.0066675604000000005	-0.0435904906	0.0056399508	-0.0296314032	-0.0302666873	0.0459544893	0.10549091869999999	0.1410055553	0.0971906867	0.0881413466	0.0018988515	-0.0402049642	-0.1042547744	0.05729912700000001	-0.1145832087	0.05995753490000001	0.10550919880000001	0.0146850503	0.025788844	0.046855390999999996	-0.0362618685	-0.0920537406	-0.0036861561	0.0485893329	-0.09673544640000001	-0.0980920991	-0.0356435213	0.0523263676	-0.049646938200000004	-0.027565595	0.055794576299999996	-0.0714885897	0.1238502568	-0.0399368341	0.029797003199999998	0.012637995	0.0430232599	0.0081936618	0.0717698031	0.0097490865	-0.061172181299999996	0.0632527798	-0.0742390003	-0.0893380515	-0.0805030567	-0.07253367320000001	-0.035763355499999996	0.021710286000000002	-0.0861428126	-0.11835826810000001	-0.029603190699999997	0.036783002599999996	0.0145499879	0.0897056122	0.0055810128	-0.0187252019	0.0681118327	0.016429208400000003	0.05632411070000001	0.0343711206	0.0386456869	0.0150999805	0.0947296034	0.0374391933	0.11260276960000001	-0.0697194169	-0.061028138899999994	0.0645491046	0.0090647031	-0.1469107292	0.0944665865	-0.027381535699999997	-0.07089048740000001	0.0044416313	0.0644683864	0.00729513	-0.0023684799999999988	5.609697510399996e-06	5.321892171690001e-05	0.506517	0.05377599999999999	0.0028918581759999986	0.256559471289	0.532029	0.013222999999999985	0.283054856841	0.00017484772899999958	0.0112304	0.0018159400000000005	0.00012612188416	3.297638083600001e-06	0.00034022400000000003	-2.594400000000002e-05	6.730911360000012e-10	1.1575237017600002e-07	0.00013141799999999998	0.00013072995599999998	1.709032139576193e-08	1.7270690723999996e-08	0.0	0.0	0.0	0.0	0.0	0.0	0.0	0.0	0.0	0.0	0.0	0.0	0.0	0.0	0.0	0.0	0.0	0.0	0.0	0.0	0.0	0.0	0.0	0.0	0.0	0.0	0.0	0.0	0.0	0.0	0.0	0.0
8076.28103149851	7.34738955258308	53.98413323740701	65226315.29974264	10334.612647108455	-13.065835142302607	106804218.56577404	170.7160479658297	6187.323647907656	-9.278640196329434	86.09316389294031	38282973.9239573	6523.441064018246	10153.854778410301	1.248124	62.81213399999999	0.298437765	0.184352	-0.05589048940000002	-0.1159007866	0.12068628519999999	-0.08700313900000001	-0.0739801709	-0.06548510610000001	-0.0372610831	-0.0090630142	0.0269540475	0.0912617894	0.0477665507	-0.0237685381	0.09406324890000001	0.0088974884	-0.12388283509999999	0.038620574	-0.13757817519999999	0.13374810609999999	-0.025534452599999997	-0.0198300683	0.0684509654	-0.0092637439	-0.060176215400000004	-0.0209795158	0.1030785999	-0.024249055800000002	0.02919335	0.0917244448	-0.1215725049	0.0234412205	-0.0415540118	0.060417983499999994	-0.1567632828	-0.0055194702	-0.013452831	0.023149479100000002	0.071011712	0.1791160444	0.0283431556	0.0366479096	-0.0977887927	0.0816913194	-0.06907373950000001	0.032835375800000004	0.1379596706	0.0169906556	0.0133400313	-0.0811601213	0.0179225958	0.026662537200000003	-0.1247096423	0.0017738664000000004	-0.06832787929999999	0.08400238880000001	-0.07854914019999999	0.0386594356	0.0079639988	0.1390364298	0.0457285789	0.047158236	-0.0127258474	0.1273584317	0.1005361691	-0.1411376362	-0.0419127531	-0.06391164099999999	-0.0330337788	-0.0487858359	0.0078666157	0.0008152665	-0.10420199050000001	0.0390166786	-0.0052861997	-0.0160285925	0.0797676815	0.0921100722	-0.022289049300000002	-0.0822331962	0.1321815424	0.036886047000000005	-0.0020890294	-0.1166567878	-0.1150714241	0.0440424609	-0.0146694679	-0.0556027548	-0.052365859	-0.07126659240000001	0.0351096983	-0.05227158480000002	0.0912337235	-0.0716649063	-0.018159798799999998	0.0193392588	0.0980022599	-0.0127568681	-0.087284315	-0.0018373935	-0.0094710519	0.0172744572	-0.004821952	-0.0941499908	0.09531891070000001	-0.0958219682	-0.026206915600000002	0.0703714386	-0.09711969279999999	-0.0101450166	-0.09949976349999999	-0.044289704000000006	0.0262047113	0.0382172894	0.0218131108	0.030648336600000006	0.1258578639	0.0866861974	0.0467052293	-0.0842262981	-0.0246071843	-0.1004427026	0.0523521934	-0.0456093514	-0.0033475652000000003	0.1029561434	-0.0368246345	-0.0146466079	0.0051294364	0.0412847172	0.0988445144	-0.1453430301	0.07250210950000001	-0.180280611	-0.07464753860000001	-0.0540102912	0.0165183668	-0.0128443374	-0.027489082	-0.0068399231999999996	0.0021020793	0.0327950802	-0.048846099500000004	0.0029030760999999997	0.047399547699999996	0.1645329035	-0.1065755365	-0.1077260656	0.012243516000000001	-0.028024856600000002	-0.050118394000000004	0.1305589877	0.0055461884	0.0064447489	0.049274993200000006	0.0206117465	-0.1205860426	-0.11279328539999996	-0.051607823	-0.1386556702	-0.0551500336	0.0533135909	0.0057967676	-0.0023615968	0.0306902394	-0.0567700689	0.054869448200000004	-0.030080308599999998	-0.085383526	0.0101207778	-0.071129557	-0.028123061499999998	0.0018761876999999999	0.0185770343	-0.0723203825	-0.037508149399999996	-0.0343891143	-0.021666993399999997	0.023822610600000002	-0.1948490585	0.0277222308	-0.07190563030000001	0.007398215699999999	0.0610554601	0.00458778	-0.002707350000000001	7.329744022500003e-06	2.10477253284e-05	0.364759	-0.141758	0.020095330564	0.133049128081	0.417474	-0.11455500000000003	0.17428454067599994	0.013122848025000005	0.0109451	-0.0002852999999999988	0.00011979521401000003	8.139608999999929e-08	6.22185e-05	-0.0002780055	7.728705803025e-08	3.87114174225e-09	-9.36248e-05	-0.0002250428	5.064426183183999e-08	8.76560317504e-09	0.0	0.0	0.0	0.0	0.0	0.0	0.0	0.0	0.0	0.0	0.0	0.0	0.0	0.0	0.0	0.0	0.0	0.0	0.0	0.0	0.0	0.0	0.0	0.0	0.0	0.0	0.0	0.0	0.0	0.0	0.0	0.0
8097.9586251477185	21.677593649208575	469.918066420208	65576933.89460433	10286.721251349314	-47.891395759141226	105816634.1029616	2293.585787758691	6174.399125146629	-12.924522761027221	167.04328860031066	38123204.556611456	6504.1478852098035	10423.334392647716	1.271207	63.973812	0.310883015	0.255126	-0.049704836100000004	-0.0167374582	0.0686310917	-0.0869852575	-0.0993493166	-0.0270282412	-0.09124801980000001	0.0158548805	0.1064195832	0.012750021399999999	0.0597672135	-0.1188042751	0.08261629870000001	-0.0793500446	0.0274064873	0.1210197897	-0.0860273441	-0.0039593739	0.07023530139999999	-0.0218424699	0.205522445	0.0432172803	0.14588977179999998	-0.0538146232	0.1882753664	0.026463411099999997	0.0329222135	-0.0380542517	0.0092971943	0.0472150102	0.0297045283	-0.0110432054	-0.0902155755	-0.0417549118	-0.0007114312	0.0097660579	0.09829837279999999	0.04029858	-0.0049662236	-0.018884472700000002	-0.0295626123	-0.0646679732	-0.1154227784	0.0807022575	0.1627575513	-0.0539609079	0.010514499699999999	-0.039257372900000004	-0.0371478986	-0.06053019	-0.1577947546	-0.09767915390000001	0.0202917304	0.023013594199999998	-0.07353332	0.0009460861	0.08081240519999999	0.0027820556	0.09151413650000001	0.0530179025	0.0323496764	-0.0705506395	0.0380678743	0.0166638926	-0.042288975599999994	0.0374983132	0.1400542795	-0.0568109896	-0.033100713999999996	-0.0359153397	0.0355118642	0.1321974192	0.0177020096	0.080191561	-0.0753510575	-0.010258086999999999	0.038522858	0.0074470376	0.045575588	-0.0257781483	-0.046975717	0.0643650665	0.08217344559999999	0.021298262000000002	-0.0064099489	-0.027528086400000002	0.0097215725	-0.0571128236	-0.11760982519999999	0.029518338300000002	-0.0424891784	-0.0963709886	0.0636125359	-0.0623926035	-0.01614112	-0.10933027470000001	-0.062477374400000014	-0.1282012431	0.0424614309	0.0142694318	0.0796740202	-0.0041064117	0.0781274709	-0.0045409837	-0.0531037945	0.0294560035	0.1351772956	0.0296056523	0.048145409699999996	0.0032026292	-0.09724471359999999	0.0069775769999999996	-0.034763289700000005	0.0049386487	-0.0240377329	0.152238242	-0.010204808499999999	-0.1350733842	0.0083124586	-0.0922644416	-0.027712147200000002	0.0998484544	0.02254575	0.1595862934	0.09140543699999999	0.0759207804	-0.0655317048	-0.0173144637	0.0063029227000000005	-0.035136665299999995	-0.0310588179	-0.0779305756	-0.1077428052	0.0872442135	0.0316480327	-0.0933472672	0.0110337847	0.0423219253	0.054590019299999994	0.08921879460000001	-0.0201615684	0.008243288199999999	-0.0470449472	0.01279919	0.05645249910000001	-0.0942504698	0.093051461	-0.0787620119	0.0612914325	-0.005350625699999999	-0.0840557507	0.0455692126	-0.0503849401	0.041192411400000004	0.0334272731	0.0746503771	0.10217956519999999	0.054081153	-0.08950124150000001	-0.0718472142	-0.0037591551	-0.053084180700000004	-0.08272842679999999	0.06426002509999999	-0.0107348626	-0.0053922519	-0.018277443600000002	0.0270605977	-0.0302264013	-0.036739779199999996	-0.1057755337	-0.0842284732	0.1921833506	0.0061647622	-0.0754177985	0.1159357084	0.0910906105	-0.140601167	-0.0490562499	-0.0729043701	0.0103480497	0.0575172008	0.00450479	-8.298999999999979e-05	6.887340099999967e-09	2.02931329441e-05	0.614923	0.250164	0.062582026896	0.378130295929	0.40316	-0.014313999999999938	0.16253798560000002	0.00020489059599999819	0.0117846	0.0008395	0.00013887679716000005	7.047602499999998e-07	0.000149159	8.69405e-05	7.558650540250001e-09	2.2248407281e-08	-9.36248e-05	0.0	0.0	8.76560317504e-09	0.0	0.0	0.0	0.0	0.0	0.0	0.0	0.0	0.0	0.0	0.0	0.0	0.0	0.0	0.0	0.0	0.0	0.0	0.0	0.0	0.0	0.0	0.0	0.0	0.0	0.0	0.0	0.0	0.0	0.0	0.0	0.0
8208.7499781906	110.79135304288229	12274.723909072583	67383576.20444418	10309.318172327909	22.596920978594426	106282041.17829044	510.6208377128409	6198.5956825004005	24.196557353771826	585.4733877743693	38422588.4351126	6515.934342619286	10656.640986542796	1.260102	63.414936	0.43064082	0.233727	-0.0500515846	0.0886926309	0.0775943741	-0.06364465820000001	-0.0266855978	-0.021926484700000002	-0.0655239243	-0.016007178799999997	0.1378133718	0.038258386400000004	0.0283372646	-0.0049767342	-0.043546201	-0.1599783271	0.1197818274	0.1586041749	-0.0729802034	-0.0745835154	0.0695400292	-0.1220691725	0.13545332289999998	0.0203067759	0.2137669398	-0.0933153314	0.0389780579	0.0361354069	-0.026565993700000002	-0.042954347000000004	-0.0576529005	-0.0321034407	0.0622242069	-0.0482531077	-0.0601405999	0.0450842005	0.016039910600000002	0.0090555181	-0.04818334269999999	-0.0121343257	0.0019401005	-0.02921111	0.045358208399999995	-0.0519468955	-0.1160476217	0.0940698632	0.13142092619999998	-0.044083889400000006	0.1102234334	0.13294951019999998	0.0070102186	-0.0025596676	-0.06635904200000001	-0.0529901517	0.08696568199999999	0.0263573769	-0.0806399486	-0.007246236899999999	-0.0072352375	-0.0167559067	0.014044039599999999	0.0369685402	-0.014415458899999999	-0.0509432349	0.0858639903	0.1224820251	0.030631943	0.0249994021	0.0649490314	-0.0970578567	-0.0184255298	-0.0822735589	-0.0182356122	-0.011490171399999999	0.0910541412	0.017368391	-0.0513213887	-0.014726188000000001	-0.053768428300000004	0.0370885988	-0.08078177980000001	-0.0394889935	-0.08285817549999999	-0.0071603835999999995	0.0644146673	-0.031087304	0.0024408805	0.0102343435	-0.07950682490000001	0.0060192378000000005	0.0220212112	0.0345981331	0.008763869399999999	-0.0544635541	-0.0190565639	-0.0884399114	0.0015997747	-0.0648319941	0.0318816783	-0.030724791499999998	-0.033213906099999996	0.0772303925	0.0341953801	0.029773477000000007	0.021610908199999997	0.07221912009999999	-0.0326478225	0.1175179942	0.0200562839	0.1328066091	0.0265091141	-0.1209773126	0.0224954797	-0.008058539200000001	-0.0428461431	-0.0608075603	-0.0170173291	0.1325877896	-0.0717368109	-0.1515995487	-0.022426769500000002	0.041676268100000004	-0.142938524	-0.0006882606	-0.012213094399999999	0.09588495109999999	-0.0009716674000000001	0.0304323394	-0.136499615	0.025662762999999998	-0.0312794273	0.0134851328	-0.0745102748	-0.0408145444	-0.0326431627	0.11599123480000001	0.011607535700000001	-0.1076471734	0.10686568369999999	-0.0190256875	0.0712153358	0.0801177428	0.043908600199999995	0.1005772922	-0.103559215	-0.054391175599999994	0.0402598251	-0.0357892836	0.0061907648	0.0757223462	-0.0365159583	-0.023812847400000003	-0.0277410891	0.0087457492	-0.0048502712	0.0297356542	0.0363514544	-0.0041726396	0.0760320045	0.0944111081	0.0397502528	0.0504720221	-0.011837036799999999	0.10730359939999999	-0.0281317288	0.0809165553	0.0163951929	0.038994562999999996	-0.0063999812	0.0046697	-0.021280800099999997	-0.048652129	-0.0045730482	-0.043777756900000006	0.07350897070000001	-0.024756454100000002	-0.0022631896	0.1622957757	0.0008070149000000001	-0.10445977320000001	0.054996105	-0.073886479	0.0132884419	0.0538608716	0.0128281	0.00832331	6.92774893561e-05	0.00016456014961000002	0.543317	-0.07160599999999995	0.005127419235999992	0.2951933624890001	0.452585	0.049425	0.204833182225	0.002442830625	0.0157657	0.0039811	0.00024855729649000003	1.5849157209999993e-05	0.0007919939999999999	0.0006428349999999997	4.1323683722499977e-07	6.272544960359998e-07	-0.00149542	-0.0014017951999999998	1.9650297827430402e-06	2.2362809764e-06	0.0	0.0	0.0	0.0	0.0	0.0	0.0	0.0	0.0	0.0	0.0	0.0	0.0	0.0	0.0	0.0	0.0	0.0	0.0	0.0	0.0	0.0	0.0	0.0	0.0	0.0	0.0	0.0	0.0	0.0	0.0	0.0
8285.825425280225	77.0754470896245	5940.624544065507	68654902.97822022	10313.391766874744	4.073594546835011	106366049.73703974	16.594172532003938	6221.322087367291	22.72640486689033	516.4894781738167	38704848.51476411	6536.714266893288	11277.48299324507	1.159582	58.356243000000006	0.23182504000000004	0.140738	-0.0781830953	0.1322100981	0.1129304659	0.0324761351	0.10349596259999999	-0.0073410327000000015	-0.0937571234	-0.010665217099999999	0.08631422539999999	0.0861254599	-0.0027343370000000003	0.042605547199999996	-0.0906191492	-0.1236224494	0.16496718	-0.0361123508	-0.0552725959	-0.0672464245	0.010690159099999999	0.0290239472	0.1354764191	-0.1107868721	0.05364864230000002	-0.0410953939	-0.057963580099999995	0.0147894464	-0.08711928050000001	-0.1542985593	0.0788373908	-0.033792290499999995	0.0326332946	-0.0403547706	-0.05552061480000002	0.0107987973	-0.0361643906	-0.0684138893	0.0985217751	-0.08247377639999999	0.0498384891	-0.0374350903	0.0753347463	0.0222605748	-0.0932060944	0.028410596899999998	0.04309705269999999	-0.0064675198	0.114400925	0.18256074649999998	0.057051721799999996	0.0546976181	0.0718406882	-0.0083409296	0.1643929143	-0.09058023400000001	-0.043684550499999995	-0.0397958069	-0.0318764832	0.0142900898	0.0543313046	0.0768718254	-0.018983395900000002	-0.0563144534	-0.0181017775	0.09744387199999999	-0.0734153979	-0.1303382849	-0.10362546130000001	-0.1056976902	-0.0223516014	0.0412970821	0.0660634308	-0.09588645550000001	0.0690637039	-0.0304607821	-0.033608840200000004	-0.0311675429	0.06448919040000001	0.10813414199999999	-0.008607693199999999	0.0075758127	-0.0828915153	0.0315493618	-0.0511227571	-0.0642005083	0.0526439033	-0.1236303792	-0.0008051578	0.0163787351	-0.0540338278	-0.07625648269999999	-0.007744453599999999	0.0576852217	0.0311492523	-0.1105202197	0.0536329351	0.062469813099999986	0.1164465753	-0.0600145062	-0.0494302807	0.0366103742	-0.0216154323	0.0702235676	0.0725416244	-0.0426760567	0.0405147892	-0.07854262440000001	-0.0011734339	-0.0406756339	0.0002496669	0.012393734299999999	-0.0048778028	0.029707378599999997	-0.0322614882	-0.110044001	0.0217721852	0.0730985822	-0.0579220663	-0.048819229000000006	-0.0817372431	0.1354745754	-0.1238005465	-0.055394641900000006	-0.0986176466	0.0049288283	-0.0085839059	-0.0820011195	-0.1419926072	0.025420134900000002	0.007833747299999999	0.0253573077	-0.0930048874	0.0307864278	-0.0559572874	0.11650417490000001	0.008210215699999999	0.0099381065	0.0517799458	-0.1115809955	0.008542982900000001	0.0407574306	0.1021544544	0.031077806800000007	-0.0438912417	0.1310583565	-0.0116188104	0.1579129525	0.0253224581	0.0655030828	-0.03852471	-0.1305699809	0.036750741	-0.04941437	-0.1530632368	0.0716910558	0.037861404	0.0238026506	0.022502948	0.0238832689	0.022399633399999997	-0.0771704703	-0.1007544833	0.146777205	0.0760643635	0.0447941228	-0.0302961225	-0.024672988599999997	0.0063667862	-0.0339124342	-0.0306165183	0.0701460446	-0.0084436492	0.0566678885	-0.061309996799999995	0.020951151799999998	-0.091343047	0.1027163972	-0.0129564204	-0.01298544	0.10933473810000001	-0.07485173269999999	0.0162167092	0.0500939782	0.00545886	-0.00736924	5.43056981776e-05	2.97991524996e-05	0.418692	-0.12462500000000006	0.015531390625000013	0.17530299086399997	0.453373	0.0007879999999999554	0.205547077129	6.209439999999297e-07	0.0169644	0.0011987000000000007	0.00028779086736	1.4368816900000009e-06	0.00104905	0.0002570560000000001	6.607778713600005e-08	1.1005059025e-06	-0.00202052	-0.0005251000000000001	2.757300100000001e-07	4.0825010704000005e-06	0.0	0.0	0.0	0.0	0.0	0.0	0.0	0.0	0.0	0.0	0.0	0.0	0.0	0.0	0.0	0.0	0.0	0.0	0.0	0.0	0.0	0.0	0.0	0.0	0.0	0.0	0.0	0.0	0.0	0.0	0.0	0.0
8291.6881864096	5.862761129374121	34.37196806010012	68752092.98064451	10376.12443517902	62.73266830427565	107663958.29431912	3935.387672574271	6266.6098880082545	45.287800640963724	2050.984886895674	39270399.488482825	6589.418602018828	11747.566686831775	1.336413	67.255348	0.4046608400000001	0.321834	-0.13135678650000002	0.12302970349999999	0.1711990492	0.1017328642	0.1293236779	-0.08125508990000001	-0.0691215578	0.08216198599999999	-0.0214976433	0.16728884800000002	-0.0819291209	0.0467311294	-0.0726895422	0.1020325168	0.20508350670000008	-0.040617213199999995	-0.0673691785	-3.4884e-06	-0.0985670534	-0.1038336655	0.1353646905	-0.118905408	0.0502424263	-0.09684059800000001	-0.05827190030000001	-0.055479840700000005	-0.0243268006	0.03216626	-0.09041683880000001	-0.0104924508	-0.059249902300000004	0.0297166617	0.071744563	0.054721119000000006	-0.0665071741	-0.0695621778	-0.055740884000000004	-0.019589689	0.1612150808	0.0396071891	0.07662920599999999	0.10312380789999999	-0.0871077314	-0.043335830199999995	-0.1190990648	-0.0290642841	0.0253027785	0.13151193619999998	0.0803022524	-0.0702700521	0.0546822113	0.074402542	0.034175984900000005	-0.1478466116	-0.0732563574	-0.046807357	0.021935624100000002	0.052834515199999994	0.0674929867	0.09040285519999999	0.026471431099999998	0.0447241039	0.0765213253	0.0351626344	0.0098256016	-0.1391195276	-0.0415123098	0.022557212000000004	0.1376717066	0.0884430783	-0.1538471321	-0.08965668789999999	-0.1188700409	-0.1292716605	0.10131082289999999	0.11914550859999999	0.0970366656	0.012137853600000002	-0.0197108922	0.0577721759	-0.0497047487	-0.0375004425	0.08120100400000001	0.0161181509	-0.0250217017	-0.0343335555	0.1528788378	-0.0470283256	-0.1059618961	0.06666395950000001	-0.0563108271	-0.0812460709	-0.1188929849	0.06995113389999999	-0.038355804300000004	-0.10990387189999999	0.099459115	-0.10294026210000001	-0.1336207801	-0.1245235295	-0.0419948816	0.0012760526	0.0387259562	0.0774906576	0.006496677199999999	0.13049236349999999	0.0059290023	0.0141428031	-0.0357207045	0.0148554775	-0.0188757653	0.1295800312	0.0659860937	-0.1333152025	0.0789633869	0.027224491899999998	-0.0283445346	0.14828120449999999	-0.0227197791	0.1563834399	-0.0929858037	0.0323458231	-0.012033337199999999	-0.0400538795	-0.0839555162	-0.0700656924	-0.0724754965	0.1660591871	0.0685412774	0.0263423613	-0.0542647856	0.0037197251	-0.1370120606	0.054841670599999996	-0.0367687463	-0.051835088200000004	-0.0064873352	-0.126148542	0.056418375199999996	-0.0788444195	-0.0838568734	-0.1204627935	0.031416111499999996	0.1541799007	-0.0387939343	0.08862787789999999	-0.0642288924	0.0044897352	-0.0937274358	0.1010124487	0.069000847	-0.10568858119999999	0.0579281308	0.0367339327	0.0109351581	-0.1242783118	0.112232488	0.07108755309999999	-0.1391777282	-0.089552156	0.08680923619999999	-0.0387957402	0.08842250480000001	0.0347308192	-0.0216023175	0.0418834756	-0.0230998954	-0.048297551200000004	0.0001406079	0.0164040294	-0.0619595458	-0.0345758333	0.1156651647	0.2311291311	0.0633890546	0.0321363514	-0.09123719289999999	-0.016742363899999998	-0.0534329544	-0.0757999113	0.01913018	0.046224253099999994	-0.00603948	-0.01149834	0.00013221182275559998	3.64753186704e-05	0.10346500000000003	-0.315227	0.099368061529	0.010705006225000004	0.391411	-0.06196199999999996	0.153202570921	0.0038392894439999953	0.016823599999999998	-0.00014080000000000342	0.00028303351695999984	1.982464000000096e-08	0.00116041	0.00011136000000000002	1.2401049600000004e-08	1.3465513681e-06	-0.00195321	6.731000000000011e-05	4.530636100000015e-09	3.8150293040999985e-06	0.0	0.0	0.0	0.0	0.0	0.0	0.0	0.0	0.0	0.0	0.0	0.0	0.0	0.0	0.0	0.0	0.0	0.0	0.0	0.0	0.0	0.0	0.0	0.0	0.0	0.0	0.0	0.0	0.0	0.0	0.0	0.0
8233.700996917776	-57.9871894918233	3362.5141451606232	67793832.10664478	10358.6934886886	-17.430946490419956	107302530.7925996	303.83789555188383	6256.303358301611	-10.306529706643232	106.22455459391944	39141331.71109602	6587.404802572128	11617.3535117356	1.488991	74.93383	0.68955198	0.51802	-0.0711280514	0.17022584030000001	0.10726534369999999	0.047824300800000004	0.1254800928	-0.0325242804	-0.1096056989	0.0563079067	0.0420915838	-0.0175757583	-0.1110128827	0.0432687432	-0.0500995509	0.1536634679	0.0580962284	-0.20235654760000002	-0.059046769400000004	-0.10497110359999999	0.022899127999999998	0.0183877123	0.0259616084	-0.1885142407	0.0741864316	0.0476036158	0.1557033763	0.0791980701	-0.0019837581	0.058819970199999995	-0.0830594061	0.0211639633	0.028176705099999998	-0.1752443468	0.0605597229	-0.0612206366	0.0792905629	-0.0256038205	-0.0764259372	-0.0324916956	0.08429698320000001	-0.0393730102	0.08932892199999999	-0.0295766287	-0.157992092	-0.05326488730000002	-0.1786852753	0.09602603359999999	-0.0157131159	0.03448023	0.0929597617	0.0248277492	0.0773913996	-0.050712829699999996	0.01323205	-0.0199172911	0.0207354149	0.008896615699999999	0.0845733439	-0.0015601776	-0.0292969175	-0.0390300455	-0.0275728958	-0.0726138113	-0.0377630636	0.0806176479	0.0160123896	-0.052769574699999995	-0.0781833442	0.0008536152999999999	-0.11866694380000001	0.0101806552	-0.0294989573	0.030145892799999997	0.007667131800000002	-0.0266647784	-0.0186679337	-0.011704188600000002	0.08485829630000001	-0.0373607212	-0.132223442	0.0312754976	-0.026015302799999997	-0.0799076199	-0.0584210067	-0.0283638389	0.0890026736	0.075418261	-0.0256814991	0.0513350234	-0.0241493643	0.062195551900000014	0.11714633740000001	0.042497080199999995	0.0172295878	-0.004513695999999999	0.03864609	-0.1346399102	-0.0325252127	-0.0191021853	-0.0139057286	0.065309258	-0.0052801889	-0.016846654699999998	0.1023489885	0.0165537704	-0.1433965974	-0.0094077498	0.0171860741	0.0174089873	0.0285106396	-0.0127789351	-0.15512319789999998	0.0798155116	-0.0189049951	-0.1076669074	-0.07642069509999999	0.0669483223	-0.0110344278	0.23547892780000002	-0.0074772978	0.0102293551	0.032378764500000004	-0.0204599161	-0.1127186511	-0.0279678448	-0.015606895700000003	0.0732754594	-0.060153991500000004	-0.0536076567	-0.0417719004	0.1147286234	-0.0264777421	0.07894242950000001	-0.043930054100000004	-0.018617563	-0.0362980634	-0.0774925562	0.047404776600000004	-0.0405567375	0.051795466	-0.0545640924	0.0714859865	0.13386933210000002	0.0094755057	0.0887429046	-0.0310875802	0.0177566029	0.08360700089999999	-0.0470299571	-0.024287595099999996	0.0038798103	0.053234062900000004	0.0156836406	-0.0161793498	0.09475141990000001	0.0897993792	-0.042529720800000004	0.010195432800000001	-0.0597103858	0.10509249150000001	0.0043242314000000006	0.07622762059999999	0.0027740901	-0.1127455348	-0.022463409900000002	0.0711005852	-0.0157118574	-0.0820282807	-0.1024518358	0.0082326125	0.0374604255	-0.0064127407	-0.0100212352	-0.0227918506	0.0374603752	-0.0318769613	0.006557705699999999	-0.0460999731	-0.0709157943	0.0510608542	-0.0767307983	0.022026195699999997	0.04225964	0.013748500000000002	0.019787980000000004	0.00039156415248040017	0.00018902125225000007	0.600916	0.49745100000000003	0.247457497401	0.36110003905599997	0.359525	-0.031886000000000025	0.129258225625	0.0010167169960000016	0.0193544	0.002530800000000003	0.0003745927993600001	6.404948640000016e-06	0.00139284	0.00023243000000000005	5.402370490000002e-08	1.9400032656e-06	-0.00199852	-4.531000000000023e-05	2.0529961000000205e-09	3.9940821904000016e-06	0.0	0.0	0.0	0.0	0.0	0.0	0.0	0.0	0.0	0.0	0.0	0.0	0.0	0.0	0.0	0.0	0.0	0.0	0.0	0.0	0.0	0.0	0.0	0.0	0.0	0.0	0.0	1.0	0.0	0.0	0.0	0.0
8169.5485717910915	-64.15242512668465	4115.53364963488	66741523.86685386	10341.206374911944	-17.48711377665495	106940549.28851944	305.7991482376753	6238.7540088225305	-17.549349479080774	307.97966713891265	38922051.58259919	6567.072742302539	11053.6069805979	1.051658	52.92493399999999	0.2339059	0.149284	-0.03692117	0.1622943372	0.061637449299999994	-0.0239159923	0.0268510554	0.0029108018	-0.08639213429999999	0.055342389400000004	0.038662746	0.0061368787	-0.1103008446	0.0837613221	-0.039731564	0.1525294494	-0.0128177516	-0.1599928564	0.0411432727	-0.019921519199999998	-0.0007125285000000001	-0.043562184500000004	-0.0542060845	-0.022855503	0.0469116229	-0.02095022	0.043489744299999994	-0.0110034125	0.0576903821	-0.1057048243	-0.019732949099999997	0.012340373799999999	-0.0998236341	-0.1498839531	0.0606652015	0.0333245135	0.0876206605	-0.11617680080000001	0.006458345799999999	0.099654089	0.0559879619	-0.0667963634	0.111359619	0.0122255906	-0.1096061443	-0.1041122109	-0.12294383560000001	0.10901322179999999	-0.0302969019	0.0765375132	0.1114794373	0.0403298319	0.003984881599999999	-0.0298892987	-0.06736630269999999	-0.0313748881	0.016761988999999998	0.0011049896	-0.025011490600000002	0.0601807799	0.048726148399999995	-0.039633839	0.0245113836	0.0257002353	0.0299221086	0.0323620866	-0.032853807400000004	-0.0294878625	-0.05806051440000001	0.0134021112	0.011460778100000001	-0.10969856800000001	0.0081673137	0.0805171707	0.10245182230000001	0.0116119375	0.020692744	0.0121553574	0.0879507433	-0.119725375	-0.018577198	0.039705522	-0.1246224848	0.0421989281	-0.0329226015	-0.0177526687	-0.0495690946	-0.0059714605	-0.0872091656	0.0789973887	0.0628356523	-0.038545953	-0.0882990324	-0.0382402475	0.0869980784	0.036850309500000004	0.0435626368	0.0324350373	0.1795036069	-0.0547682351	0.0175688517	0.0448458766	0.031006193799999998	0.0371699192	-0.011794972800000001	-0.0049753522	0.006949084300000001	-0.034209056200000004	-0.0852840223	0.1062336312	-0.1277828615	0.010820545800000001	0.0409802631	0.0473445751	-0.041219456200000004	-0.14185580009999998	-0.0582397925	0.013743678300000001	0.0338579114	0.20052955449999998	-0.0594154026	0.039003339500000005	0.052541110999999995	-0.0322652243	-0.069825366	0.0055518486	-0.0776138588	0.0901492889	-0.0329803242	0.017711237	0.0039960349	0.08886004539999999	-0.042365583	-0.0353117863	0.0390738541	-0.017681416999999998	0.0313892377	0.011400376100000002	-0.029366926800000002	-0.065330343	0.0085611512	0.0247151247	0.0514715589	0.07176747929999999	-0.011805501599999999	0.0478892724	0.015693099	-0.066380305	0.02931459	-0.0102215565	0.029402952000000006	0.015426498500000003	0.0172378717	0.0401769316	0.0514404641	0.1440959213	0.0153615196	0.2034142038	0.0131180069	-0.061822982400000004	0.02040553	-0.0427656881	0.0695637006	0.055242466100000005	0.06891410469999999	0.0327523544	0.1631708017	-0.0401272795	0.0171003783	-0.0282418384	-0.11222695279999999	0.0242004756	-0.0179081949	0.0332260634	0.0849551365	-0.0398792316	0.0229851417	0.0816056076	0.0184513883	0.0607625675	-0.002223031	-0.0776441814	0.0249021141	0.038208277400000004	0.0134561	-0.0002924000000000017	8.549776000000097e-08	0.00018106662721	0.58002	-0.020896000000000026	0.00043664281600000113	0.3364232004	0.475779	0.11625400000000002	0.226365656841	0.013514992516000005	0.0210563	0.0017018999999999992	0.00044336776969	2.8964636099999975e-06	0.00139284	0.0	0.0	1.9400032656e-06	-0.00177115	0.00022737000000000015	5.1697116900000075e-08	3.1369723225e-06	0.0	0.0	0.0	0.0	0.0	0.0	0.0	0.0	0.0	0.0	0.0	0.0	0.0	0.0	0.0	0.0	0.0	0.0	0.0	0.0	0.0	0.0	0.0	0.0	0.0	0.0	0.0	0.0	0.0	0.0	0.0	0.0
8141.421217806282	-28.127353984809808	791.1480421867966	66282739.44574632	10322.741647907005	-18.46472700493905	106558995.12943384	340.9461433669254	6220.019018010771	-18.734990811759413	350.99988071670975	38688636.58441568	6550.360109142811	10750.393674891477	0.975139	49.074135	0.1598477	0.12906199999999998	-0.0146714343	0.1379743814	0.026192858	-0.0743076192	-0.027274308100000002	0.023220371	-0.0608211547	0.061883415899999995	0.054669648200000004	0.0110328583	-0.0845804033	0.1375947084	-0.043764169000000006	0.0689313907	0.005632589499999999	-0.0215988111	-0.0560420691	0.0030819013	-0.058102472999999995	-0.06902725280000001	-0.053536933099999996	-0.0823754201	0.1330870004	0.08883205179999999	-0.0736207566	0.0374423746	-0.0212315349	-0.1758440724	0.0418078287	0.0467172657	-0.057268568	-0.0734519897	0.015345904399999999	0.0712756547	0.052611575300000005	0.011079376	-0.040082807799999995	-0.038695239900000004	0.024977308599999998	-0.0530570668	0.11723804619999999	0.011135193100000001	-0.046250823200000006	-0.1304197983	-0.0732971085	0.060756017999999995	-0.0334630463	0.0511046874	0.10038013289999999	0.0833206965	-0.06189077780000001	-0.0804737584	-0.047567898399999996	-0.0316592277	-0.0012797709	0.0185587011	0.0136661419	0.075638085	0.050295582400000004	-0.0142581249	0.0144837971	-0.061274728499999986	-0.058112194400000004	-0.0053646211	-0.0195060098	-0.0150753805	0.0601833894	-0.059151627699999994	0.0338563987	-0.0220435325	0.0241815394	0.0647640327	-0.0260809519	0.023043522200000003	-0.19141838670000005	0.008852177900000001	-0.0309410725	0.09483285970000001	0.0442787454	-0.0787246854	-0.0509034287	0.0531201165	0.0044788245	-0.024223379500000003	0.0012617339	0.0487296148	0.0643304761	0.009256488299999999	-0.102409592	-0.1186391266	0.0393921175	-0.10153783599999999	0.0221750711	-0.0796384893	0.026278787	0.0365997312	-0.01061126	-0.07608516309999999	0.0725737693	-0.0603718974	0.0448875926	-0.0246329869	0.0302106404	-0.0126655214	-0.025124265099999998	0.0080154478	0.0525689591	-0.0789332178	-0.0753847816	0.013556948400000001	0.11485416	0.0157734216	-0.02561952	-0.1329330091	-0.0661925721	-0.0319522986	0.0712524683	0.133353999	-0.054799584400000004	0.0580468705	0.0425596559	-0.0265063811	-0.05365615309999999	0.10212849759999999	0.0024669207	0.11862343980000001	-0.0479616477	0.0341587726	0.0279434052	0.1115589475	-0.0814711316	-0.0191471961	-0.0062484159	-0.006413279	0.0426061494	0.051255728	0.0560791058	0.033900867	-0.0236874296	0.060181879	-0.0412227715	-0.0192953627	-0.1238356476	0.0079438646	0.0355715187	-0.0174113125	0.025480577799999998	-0.0246918289	0.1006382916	0.048890309699999995	-0.0734188834	-0.0679803684	-0.0588650591	-0.1127997456	0.037373309300000004	-0.023493055099999997	0.0786719017	0.022826135499999997	-0.1054039027	-0.0358740375	-0.0675640607	-0.009462175500000001	-0.0018797507000000001	0.08326444870000001	0.1384650485	-0.0072916462	0.14842224869999998	-0.028568819300000006	0.052784112300000005	0.0631516716	0.029054220099999997	-0.0224218775	0.0404526848	-0.0736281303	0.0370153854	0.0467701524	0.040809898500000004	-0.0533995475	-0.0752355446	-0.0785398523	0.0277553111	0.0340784819	0.0150983	0.0016422000000000001	2.6968208399999995e-06	0.00022795866288999997	0.591645	0.011624999999999995	0.00013514062499999993	0.350043806025	0.602222	0.12644300000000006	0.362671337284	0.01598783224900001	0.021410400000000003	0.00035410000000000297	0.0004584052281600001	1.2538681000000215e-07	0.00139284	0.0	0.0	1.9400032656e-06	-0.0017225	4.864999999999991e-05	2.366822499999991e-09	2.96700625e-06	0.0	0.0	0.0	0.0	0.0	0.0	0.0	0.0	0.0	0.0	0.0	0.0	0.0	0.0	0.0	0.0	0.0	0.0	0.0	0.0	0.0	0.0	0.0	0.0	0.0	0.0	0.0	0.0	0.0	0.0	0.0	0.0
8137.281705171509	-4.139512634772473	17.13556485344094	66215353.54931895	10329.581953709829	6.840305802823423	106700263.33840775	46.789783476139796	6208.888237508639	-11.130780502132437	123.89427458665165	38550293.14587313	6537.3304203509115	10741.359470816127	0.900659	45.325901	0.1036934	0.07144099999999999	-0.0191435997	0.1395598229	0.0210973858	-0.0717281421	-0.0288058456	0.010675835900000001	-0.0514485258	0.08848388550000001	0.0317602244	0.010361865500000001	-0.07691779730000001	0.1004663964	-0.052006826500000006	0.0462951042	-0.0439970015	-0.0810275621	0.018563174499999998	0.029721010899999997	-0.0175992765	-0.0166442146	0.0721574872	0.0230000419	0.0363366855	-0.0007071635000000001	0.0088285908	0.017802171999999998	0.0073489601	-0.1806089687	-0.06160671280000001	0.0389573852	-0.053988235999999995	-0.1240406066	-0.0397762786	-0.0227462557	-0.0976885656	0.028355983799999998	-0.0012207086	-0.0384563475	0.0197005427	-0.0632654812	0.11204012880000001	-0.0037141935	-0.0698075866	-0.0811403405	-0.0080706323	0.0596030208	-0.0365451338	0.0891093934	0.09671934089999999	0.06509778179999999	0.042130414500000005	-0.0278874681	0.0274837527	0.113321572	0.0236902404	0.1044933366	-0.0492812968	0.0129934571	0.0480757137	0.0259550871	0.032447577799999995	-0.08509258539999999	0.017020418	-0.057875318899999986	-0.0708739951	-0.056403145099999996	0.0062692381	-0.066701582	0.0894789543	-0.045345986100000006	0.0444731571	0.0449704078	0.1054261153	0.04405799269999999	-0.043270925300000006	0.0214263487	0.0949729708	-0.07430377860000001	-0.0647735457	-0.0174617989	-0.039243016400000004	0.0066690885	0.0707397684	-0.08296083480000001	0.0807270548	0.09091125439999999	0.0175670167	-0.0212948338	-0.1351943189	-0.0265256237	0.0090745259	-0.0581681462	0.0226311867	-0.0302490336	-0.030267368700000002	-0.0161006756	-0.12196259279999999	-0.0562736878	-0.003030562	-0.021717393999999998	0.0343478627	-0.0358526591	-0.0257584451	0.08918861759999999	-0.0632694475	0.0008393022000000001	-0.13969381320000002	-0.0440877543	-0.0211253193	0.020567213799999998	-0.035747840499999996	0.0195913471	-0.034126945	-0.1282904878	-0.0619767492	-0.0012560376	0.0547394011	0.0593778479	-0.0488826445	0.0453199459	0.083604413	-0.0441849813	-0.0619002335	-0.0125017483	-0.0901986967	0.0013120584	-0.1261312765	-0.0639342143	0.0402253234	0.0168872295	-0.0232838025	-0.0383733857	-0.0057481745	0.055457703399999995	0.1039504027	0.0197925482	0.0217472099	0.0033233255	-0.055263182800000005	0.0564193577	0.06525293530000001	0.042688550199999994	-0.1064932418	0.102655321	0.0304796704	-0.09651794550000001	-0.0428214307	0.024317926200000003	0.0525784333	-0.0020241522	-0.0980943733	-0.0434897896	-0.0301341371	0.0605433088	0.10429778320000001	0.0199746274	0.0069155918999999995	-0.0137734372	-0.11448602470000001	-0.060204149400000004	-0.045014627	-0.0320080322	-0.0712036499	0.0560483925	0.134143182	-0.0197187768	-0.027224622999999996	-0.027593783599999998	0.045893412	0.0132492295	0.041831035	0.0285909633	0.022244200699999998	0.07380839230000001	0.1011939092	-0.11918915	-0.0097313928	0.014460020300000001	0.018788341200000003	-0.0794176065	0.0305831832	0.029878730899999997	0.0140274	-0.0010708999999999996	1.1468268099999992e-06	0.00019676795075999998	0.599913	0.008268000000000053	6.835982400000088e-05	0.35989560756899996	0.533108	-0.06911400000000001	0.28420413966400004	0.004776744996000002	0.021514	0.00010359999999999536	0.000462852196	1.073295999999904e-08	0.0014920999999999995	9.925999999999944e-05	9.852547599999893e-09	2.2263624099999985e-06	-0.00202445	-0.00030195000000000005	9.117380250000003e-08	4.098397802500002e-06	0.0	0.0	0.0	0.0	0.0	0.0	0.0	0.0	0.0	0.0	0.0	0.0	0.0	0.0	0.0	0.0	0.0	0.0	0.0	0.0	0.0	0.0	0.0	0.0	0.0	0.0	0.0	0.0	0.0	0.0	0.0	0.0
8158.079250111985	20.797544940475746	432.5378755511083	66554257.05110773	10315.248299037521	-14.333654672309423	106404347.47079644	205.4536562650177	6202.532727131991	-6.355510376647544	40.39251214767461	38471412.231143415	6528.576610136824	10829.900474938177	0.8966659999999999	45.124924	0.12940410000000013	0.0833373	-0.0319543031	0.1379687728	0.027434436	-0.056798548	-0.014474618	-0.0008274767	-0.080165457	0.0967029225	0.032094714100000005	0.0168245125	-0.0465535447	0.069551447	-0.06438580299999999	-0.0141621976	-0.0390118114	-0.0646108764	0.005759064300000001	0.0463873792	0.0351812467	0.025066021	-0.0633291425	0.0019176289	0.0833168398	-0.0022522216	0.0152507594	-0.033980215099999996	0.0354129353	-0.0321767366	-0.0682953423	0.0636197318	0.0409396514	-0.0590292394	-0.0644319592	0.0492751811	-0.0140400682	-0.044936154699999994	0.0520386475	0.0962773003	0.0449398059	-0.0371685704	0.1471590177	-0.0192780872	-0.07524007719999999	-0.0643149163	0.0745276628	0.0383538746	-0.09430015	0.09804538300000001	0.0530968713	0.058271351799999996	-0.0115817025	-0.0558358379	-0.0297961212	0.0288845637	0.0073167343000000015	0.1044902921	0.09144047	-0.0045746397999999995	0.0020456334	0.0161271978	0.0937396401	0.1017503642	-0.017224881799999998	0.0625066814	0.0888950141	-0.0169830002	0.08682861830000001	-0.1045519809	-0.05501154	-0.0370130915	-0.048279313600000005	-0.05719817820000001	0.013807959	0.0670508052	0.0442836958	0.0805468516	0.0377447208	0.1114001658	0.0704596928	-0.07988611820000001	0.0620095244	-0.044751200899999996	-0.0247329586	0.0861322265	0.126491036	-0.0252327587	0.0559381491	-0.0673040189	-0.005292803299999999	0.1462078409	0.1834233646	0.1010046089	0.0411140925	-0.014721843100000001	0.0726331843	0.0412941862	-0.0988455488	-0.0080375222	0.064728123	-0.0705761692	0.0447464275	-0.030247281299999998	-0.10438329789999999	0.024692674700000004	-0.0255402826	0.0112969149	-0.0562033766	-0.0670841189	-0.07462929509999999	-0.0677542529	0.0963505618	0.0417245324	-0.0101809265	-0.1509570616	-0.081914211	0.013313102700000001	0.029872657	-0.0228789389	-0.0735491791	0.0611784953	0.0876768018	-0.0086692497	-0.021275011099999998	0.0084567569	-0.028680917799999997	0.110966859	-0.0475668914	-0.0217496913	-0.0022180996	0.0308987677	0.0589746518	-0.0133074198	-0.1426205976	-0.009689854599999999	0.0374926444	0.0388103646	0.1043801053	-0.0317072663	0.1093946784	0.0522701227	-0.0038257439000000002	0.0063108272	-0.0045858794	-0.0059298098	-0.0855557007	-0.1131785177	0.0302498971	0.129269417	0.0394513664	-0.0291508585	0.0446660596	0.006293454699999999	-0.0714861367	-0.1442390931	-0.0063857492000000005	-0.0858767297	-0.0043207686	-0.0701873931	0.0082978127	0.032336329	0.0714798311	-0.030169611699999998	-0.0829453731	-0.0171362188	-0.1179460122	-0.0286227303	-0.0184503993	0.1077859897	-0.0065875463	0.0680249988	0.21297724469999998	-0.1179858845	-0.0489194966	-0.001759202	0.029016485	-0.030251990899999998	0.043345863899999997	-0.056961997	0.0353932397	-0.080277244	0.0333831503	0.0256176456	0.0124433	-0.0015841000000000015	2.5093728100000046e-06	0.00015483571488999998	0.575543	-0.024370000000000003	0.0005938969000000001	0.33124974484900005	0.45473	-0.078378	0.20677937289999998	0.006143110884	0.0218549	0.0003409000000000016	0.00047763665401	1.1621281000000115e-07	0.00160703	0.00011493000000000049	1.3208904900000116e-08	2.5825454209e-06	-0.00197884	4.5610000000000175e-05	2.0802721000000167e-09	3.9158077456e-06	0.0	0.0	0.0	0.0	0.0	0.0	0.0	0.0	0.0	0.0	0.0	0.0	0.0	0.0	0.0	0.0	0.0	0.0	0.0	0.0	0.0	0.0	0.0	0.0	0.0	0.0	0.0	0.0	0.0	0.0	0.0	0.0
8185.78016436413	27.700914252144685	767.3406504046726	67006996.89929724	10346.519817475146	31.271518437626586	107050472.33340593	977.9078653948192	6211.564002194034	9.031275062043276	81.56392924628481	38583527.35335277	6542.088901511934	10822.013521760191	1.00159	50.40527	0.1697399	0.0913313	-0.0355595323	0.0903746883	0.0766963056	-0.0687032268	0.0333099007	-0.0380987327	-0.0691595401	0.0662527476	0.051461976900000005	0.0014034588	-0.0149300718	0.0352097497	0.0358592133	0.0421176458	0.0249400104	-0.06303577469999999	-0.0258432208	0.047935869699999994	0.014554846000000001	0.017452591	-0.0690364921	0.00021234900000000002	0.0807428947	0.0087408747	-0.043901045199999995	0.0323605383	0.1070463118	0.1654688432	-0.0151526929	-0.008362998299999999	-0.043622175199999995	0.073546129	-0.0891601422	0.0407362559	0.0127917801	-0.08639239380000001	-0.0979547428	0.0191088501	0.0418295858	0.0138072486	0.0723304361	0.0135236733	-0.0690382225	-0.042232099800000006	0.07002550190000001	0.0452319153	0.0627561261	-0.0037443503	-0.0204057084	-0.0387952819	-0.043033256	-0.039669368999999996	-0.11028870210000001	-0.017765212199999998	-0.0133418153	0.0053283873	0.0920780983	0.0249530988	-0.012608342600000001	-0.0254807506	-0.0170933762	0.0405914565	0.0516423392	0.1246861193	0.0030678681	0.0115190188	-0.0093639912	-0.039275215499999995	0.0076949629	-0.1278466986	0.034908479900000004	-0.0293449573	-0.0366012947	-0.0565990934	0.0234815548	-0.10891336539999999	-0.0483622178	-0.08900488529999999	0.010671746499999999	-0.032985979500000005	0.0691901511	-0.059311636200000004	-0.0026059679	0.047240718	-0.05002546980000002	0.037193817000000004	-0.0175341886	0.031306040699999996	-0.0180592099	0.033662828	-0.0489711589	0.028198497700000002	-0.053677658600000004	-0.09574213949999999	-0.1039443018	-0.0359572099	-0.0791153145	0.08694321210000001	-0.0520299792	0.005180675	-0.072820747	-0.0467375902	-0.0527530161	0.0080742955	0.00043048589999999996	0.043274954500000004	-0.08534691529999999	-0.0547305937	-0.0159694727	-0.0415734136	0.0300174148	0.0470018855	0.0193110548	-0.0816339291	-0.0196517768	0.0391632904	0.0552773705	-0.0122336104	-0.0400841368	-0.0574078869	-0.0508500583	-0.018277314399999998	0.0034771946999999997	-0.0090043077	-0.0254429956	0.1107636981	0.010589733799999999	0.040154692	0.0385204927	-0.0019741284	0.049266354400000004	-0.047957731399999995	-0.0660285917	-0.0318411036	-0.059833024699999994	-0.039631272	0.0087579839	-0.0771109401	-0.053883383	-0.0163772461	0.0152777251	0.014402850200000001	-0.0749745633	-0.061249540899999996	-0.0009507853	0.011823449299999999	0.08461527740000001	0.0333169126	0.013809430800000001	-0.0038626932	0.0765263908	0.0434646315	0.10720360710000001	-0.023326684500000004	-0.0796897996	0.0452705837	0.0005334138	0.0024572741	0.0195437133	0.07961526769999999	-0.045047385599999996	-0.0768973995	-0.1187550014	0.0409128248	-0.051696251	0.005187710900000001	-0.10359481289999999	-0.14652753400000001	0.010786488200000001	-0.0232247755	-0.053849235	-0.0021648432999999997	-0.0821425424	0.0310096575	0.023883919500000003	-0.0923304933	-0.0986011025	-0.023558602999999997	-0.013053048000000001	-0.08111856860000001	0.0361526575	0.021303972999999997	0.0120779	-0.00036540000000000015	1.3351716000000007e-07	0.00014587566840999994	0.54143	-0.03411300000000006	0.0011636967690000044	0.2931464449	0.393602	-0.061128000000000016	0.154922534404	0.0037366323840000025	0.0208469	-0.0010079999999999985	0.00043459323961000007	1.016063999999997e-06	0.001566	-4.102999999999984e-05	1.6834608999999874e-09	2.4523560000000005e-06	-0.0015452	0.00043363999999999984	1.8804364959999987e-07	2.38764304e-06	0.0	0.0	0.0	0.0	0.0	0.0	0.0	0.0	0.0	0.0	0.0	0.0	0.0	0.0	0.0	0.0	0.0	0.0	0.0	0.0	0.0	0.0	0.0	0.0	0.0	0.0	0.0	0.0	0.0	0.0	0.0	0.0
8181.260700530289	-4.519463833840747	20.425553345394487	66933026.65004136	10353.202135129508	6.682317654362122	107188794.4508502	44.653369233799715	6213.215661298706	1.651659104672035	2.7279777980460285	38604048.85380752	6541.829016084729	10868.977903400828	0.994811	50.064137	0.39832897	0.249328	-0.0102462329	0.0957714414	0.0205731662	-0.0593258824	0.07724924080000001	-0.021011253100000002	-0.0425535083	0.0424160712	0.0537414747	-0.0495954128	0.0369681325	0.016163376299999997	-0.0046630437	0.033123367	0.0025299098999999998	-0.07358103740000001	0.0837247173	0.029198819700000007	0.0070174215	0.024171623	-0.0223705948	0.046562337300000006	0.0040353864	-0.042934073899999994	0.0134006555	0.0979364927	0.12561499369999998	0.0028645008	-0.0250645421	-0.0117167451	-0.0515973275	-0.0037442495	-0.0476362767	0.0145057879	0.1615246873	-0.022078858399999998	-0.0670054954	0.0282310585	-0.0073707458	-0.0032995305	0.0317749594	-0.024954627599999998	-0.0817613475	-0.0716522796	-0.0011140126	-0.0322545541	0.0294743338	-6.31491e-05	-0.0502752363	-0.0169930444	0.0612477182	-0.10442822369999999	0.0036286897	0.0456817134	-0.0245982077	0.0211287439	-0.0600768733	0.06625783589999999	-0.0281277974	-0.0011097122	-0.021202297400000004	-0.035560415	-0.08076128099999999	-0.051032883200000004	0.031762735800000004	0.1568794939	-0.0694005604	-0.036024091	-0.0417962821	-0.012385265800000001	0.0639937304	0.0709410917	-0.031218146699999998	-0.013243028799999999	0.0507847946	0.0476144405	-0.0430338648	-0.0191684991	-0.0249992746	0.1658862897	0.0031167046000000003	-0.0798488386	0.0089812126	0.1572517049	0.0505310411	0.1692778445	0.004325391699999999	0.0315595453	0.036556419900000005	-0.0449736582	0.0332602787	-0.0355719081	0.0009108125	0.0366618231	0.0646848242	0.06843004309999999	0.024690962	-0.0036204314	0.0742584239	-0.0327171823	-0.0994805154	0.0117155621	0.0346147766	0.07822120769999999	0.040623355699999995	0.018189982900000002	-0.1296462559	-0.1168933281	0.0336590573	-0.0359848951	-0.0342934579	0.0068403817	-0.0097616383	-0.027176182200000003	-0.0455350548	0.0497448181	0.07654767280000001	0.0120994639	0.026189877799999997	0.018732501000000002	-0.0126087927	0.0122325028	-0.0425841271	-0.0860292034	0.013200471200000001	0.0542181066	-0.0294412364	-0.0387648925	0.0226815471	-0.1255302443	0.0484770634	-0.0018255923000000001	0.09435737279999999	-0.0669381796	0.0280735004	-0.044177494500000004	0.0107391191	0.0752142767	0.0604143315	-0.0953469809	0.0988957236	-0.0336606053	-0.0628736902	-0.0077263768	0.0324257823	-0.040674758	0.1071852465	-0.08541758640000001	-0.0225920356	0.028902820699999998	0.053346254	0.07355052549999999	-0.0721119463	-0.030856583599999998	0.0334892459	-0.0278638326	0.0771327985	-0.0830515651	0.0378577614	0.1307815222	0.06136988650000001	-0.0644025151	0.0391560186	-0.0187193207	0.0309146983	-0.0403036746	-0.02836809	-0.034588316699999996	0.0031689146000000003	0.0576224738	-0.0761347588	0.061308704400000004	-0.0030472719	0.055665518399999996	0.0787380202	-0.10762015539999999	0.032045419	-0.0211643825	0.0815749617	-0.0819413884	0.038889177999999996	0.0169465682	0.00477043	-0.007307469999999998	5.3399117800899984e-05	2.27570023849e-05	0.73853	0.19710000000000005	0.03884841000000002	0.5454265609000001	0.371305	-0.022297000000000008	0.137867403025	0.0004971562090000005	0.0236957	0.0028487999999999986	0.00056148619849	8.115661439999991e-06	0.00211513	0.0005491299999999997	3.015437568999996e-07	4.473774916899998e-06	-0.00157976	-3.455999999999989e-05	1.1943935999999919e-09	2.4956416576e-06	0.0	0.0	0.0	0.0	0.0	0.0	0.0	0.0	0.0	0.0	0.0	0.0	0.0	0.0	0.0	0.0	0.0	0.0	0.0	0.0	0.0	0.0	0.0	0.0	0.0	0.0	0.0	0.0	0.0	0.0	0.0	0.0
8143.87436345165	-37.38633707863846	1397.738200157577	66322689.64768502	10348.444271952229	-4.7578631772794315	107090298.84970088	22.637262013711535	6198.149674469532	-15.065986829174108	226.9839591368477	38417059.38712677	6527.850103634276	10779.600235480335	0.8532699999999999	42.94104	0.13653746999999994	0.0850572	-0.0023259173	0.0863384165	0.011647390700000001	-0.0701873133	0.06324239940000001	6.684180000000001e-05	-0.047239048799999996	0.043329577300000005	0.0565285779	-0.040642829500000005	0.046332200700000006	0.0488699173	0.0073150735	0.10146536960000001	0.008755905500000001	0.015241154299999999	0.0508840135	0.070265603	-0.05814549400000001	-0.0335489683	-0.1147089723	0.051297986399999995	0.026578871299999998	0.021770084	0.0222969115	-0.028078946400000002	0.0962989009	-0.002582346	0.06326956190000001	-0.09807665900000001	-0.0264392067	0.008336175500000001	0.0363971834	-0.0665476069	0.11394223880000001	-0.0045193409	0.0133026458	-0.0451175501	-0.0153480634	-0.0062082361	0.0341639289	-0.0025464376999999997	-0.057451075899999995	-0.09523691810000001	0.0681087971	-0.026484779700000002	0.015412313700000001	0.0189671052	0.006679560699999999	-0.0050927682	-0.0604214588	-0.09703995300000001	-0.0584344225	0.015157718600000003	0.026224285099999998	-0.0680773485	-0.013256633700000001	-0.0235165973	-0.05007310400000002	0.0057300445999999994	-0.013685715400000001	-0.0427950067	-0.1253438103	0.004712434099999999	-0.0442733998	0.05087235019999999	-0.0321624094	0.0679424963	-0.0052644922	0.1531081988	-0.0435751887	-0.0853711243	-0.0575314125	0.0158393236	0.055233341	-0.0371304249	-0.0016946576	-0.0479922396	0.0270599654	0.0025412849	-0.0180807061	0.0475901961	-0.0860362304	0.1521916184	0.0074657966000000004	0.0674665654	-0.034886580099999995	0.06705917139999999	0.041570106600000004	0.0104599125	-0.0781290944	-0.1164431076	0.055635636100000004	-0.0051493471	-0.051158019699999994	-0.08875276130000001	-0.0673220334	-0.0580396271	-0.0010354877	0.0316506488	-0.0350830536	-0.1333674443	0.0293428241	0.0295792622	-0.0758419705	0.0540233686	0.0087884179	-0.0664257184	-0.1096270825	-0.0354434973	-0.014829061499999999	-0.0048027391	-0.0149407111	-0.037675100499999996	-0.0367785268	0.0377888679	0.1091229827	-0.0247522744	-0.023922346299999998	0.0113540519	-0.0120349625	0.034581932200000005	0.0010112418	0.0293151985	-0.0159937764	0.1335608511	0.051696405599999995	-0.0334103014	-0.00046999760000000003	-0.0829527545	-0.006938725	0.054238552300000006	0.0695443149	-0.0184764585	-0.0099131363	0.0158306125	-5.96625e-05	0.0871133878	0.0193499254	-0.0784100855	-0.009312383399999999	-0.0103036669	0.0225152221	0.0207129383	-0.0845093823	0.1276743258	-0.0687492431	-0.0592910042	-0.019932976499999998	-0.0640056629	0.0602786284	0.0413960201	-0.06424323950000001	-0.013080634499999999	-0.043621121799999996	0.0504346729	0.0499239447	-0.09822881	0.055884616	0.0386285831	0.07993276690000001	-0.042923561500000006	0.022653829900000002	0.0043813066	0.0351143767	0.0544965001	-0.0762944532	-0.1380478301	-0.0189963273	-0.1084889723	-0.1415856603	0.0481868408	0.0591971305	-0.0364878531	0.061002597400000004	-0.05774883400000001	0.056990284400000014	-0.1266603346	-0.0385167975	-0.0827455156	0.0415902147	0.012554375900000001	0.0101839	0.005413469999999999	2.9305657440899987e-05	0.00010371181921	0.731916	-0.00661400000000001	4.374499600000011e-05	0.535701031056	0.422078	0.050772999999999964	0.17814983808399995	0.002577897528999996	0.0249748	0.0012790999999999985	0.0006237406350399999	1.6360968099999955e-06	0.00191982	-0.00019530999999999973	3.8145996099999904e-08	3.6857088324e-06	-0.00157943	3.2999999999999176e-07	1.0889999999999457e-13	2.4945991249e-06	0.0	0.0	0.0	0.0	0.0	0.0	0.0	0.0	0.0	0.0	0.0	0.0	0.0	0.0	0.0	0.0	0.0	0.0	0.0	0.0	0.0	0.0	0.0	0.0	0.0	0.0	0.0	0.0	0.0	0.0	0.0	0.0
8103.716521172295	-40.15784227935546	1612.6522965335892	65670221.4555208	10344.676490967566	-3.7677809846627497	107012331.70277704	14.196173548386199	6192.503680631913	-5.645993837619244	31.87724641443448	38347101.83463979	6521.529807559637	10504.440811551425	0.875742	44.071949	0.14979655799999994	0.0773664	0.0056446574	0.0755506356	0.0040319126	-0.1117720647	0.0140348211	-0.005616063100000001	-0.012677059099999999	0.0355093134	0.0837578196	-0.0248672918	0.049127221900000004	0.0564087742	0.0353792672	0.00011601370000000001	-0.0195331499	-0.0002308756	0.0857075529	0.05862579900000001	-0.0210772675	0.037647939	-0.0664553691	-0.008564278	0.0179079248	-0.0424677595	0.0155118631	0.0485869837	0.0586278687	-0.025615611	0.0365087268	0.0793032851	-0.012309600700000001	-0.122440008	0.0817705555	-0.1260148695	-0.0756427279	0.0168142752	0.008366069	-0.024557815499999996	-0.0423676866	-0.0088274348	0.030733611600000002	0.0138328494	-0.0513079595	-0.1277627168	0.0637121461	-0.0394925404	0.0349881717	0.019659795	0.0011570391	0.0221302341	0.0351463894	-0.0442338409	-0.0193330667	0.0627048392	0.0865576758	0.034581124399999996	-0.0263727158	-0.0196751719	-0.049863488	-0.0030745728	0.05020254389999999	0.0268538775	-0.052816399400000005	-0.0101048097	-0.0168913425	-0.0821277943	0.0009978747	0.010490196299999999	-0.040826592099999996	0.017183605600000002	0.040081679700000004	0.0325183884	0.0041802375	0.0615030585	0.0377260613	0.0067904069	0.0856448762	0.0420437249	0.0377179223	0.0688261862	0.009928757	0.0206572717	-0.09437008279999999	0.051545586799999994	-0.046573614299999996	-0.024059958	0.0825682553	-0.0411611812	0.0079213302	-0.0340305854	-0.015321974399999999	-0.0674458634	0.0379066681	0.0746354573	0.0758437982	-0.0435079946	-0.0405727288	0.006422039399999999	0.0540609262	-0.0179389613	0.0317587689	0.0453913908	-0.0047037968	-0.0613790702	-0.0091764108	-0.06627382379999999	0.021583196000000002	0.0430587112	0.0715774619	0.0832753134	0.06617659440000001	-0.029243258799999998	-0.0154849667	-0.042643737699999996	-0.0177231535	0.0295347033	0.1405099715	-0.0290173872	-0.0029524103000000005	0.0194008331	-0.025708265299999998	-0.0071225024	-0.0185452492	-0.029846837999999997	-0.0167001751	0.0383900853	0.0001112228	-0.0808955208	0.0157291199	-0.0448812445	0.0273417753	0.0695613752	0.0181088261	-0.0419467308	0.034603430299999995	0.06437493309999999	0.046385400099999995	-0.012417731699999998	-0.011865703500000001	0.032848933	-0.0374977787	0.010882118400000002	0.0450365246	0.0765908287	-0.015416526299999999	0.0040737806	0.054818625	0.0249463587	0.07451832559999999	-0.0172178965	-0.0325073518	0.045823156600000005	-0.0124048348	0.0006719713	-0.0043480865999999995	-0.0180876836	0.0007664727	-0.061675870199999996	-0.0509297564	-0.034687941800000004	0.0339559293	-0.009370442	0.0843819083	-0.0358755871	0.0085930289	0.02296883	0.0016875375	-0.0191603674	-0.0737729315	-0.031555246	0.0351992062	-0.0594274237	0.0044522120000000005	0.012086149	-0.054864476100000004	-0.1160527949	0.0739871745	0.028242154300000002	-0.060594863099999986	-0.0835307668	0.0442533033	0.0081364123	-0.000985658	-0.011169558000000001	0.000124759025915364	9.71521692964e-07	0.715921	-0.01599499999999998	0.0002558400249999995	0.5125428782410001	0.487346	0.06526800000000005	0.237506123716	0.004259911824000006	0.0247446	-0.00023019999999999985	0.0006122952291599999	5.2992039999999936e-08	0.00216982	0.0002499999999999998	6.249999999999988e-08	4.708118832399998e-06	-0.00224651	-0.0006670800000000003	4.449957264000003e-07	5.0468071801000015e-06	0.0	0.0	0.0	0.0	0.0	0.0	0.0	0.0	0.0	0.0	0.0	0.0	0.0	0.0	0.0	0.0	0.0	0.0	0.0	0.0	0.0	0.0	0.0	0.0	0.0	0.0	0.0	0.0	0.0	0.0	0.0	0.0
8104.339934019476	0.6234128471814984	0.38864357803094224	65680325.76614282	10330.787473443956	-13.889017523610166	106725169.82146657	192.90480777115025	6185.801895791962	-6.701784839950959	44.91392004099652	38264145.09398344	6514.842426678474	10357.022631320588	0.8211459999999999	41.32436	0.10828264199999983	0.0572157	0.0060576073	0.06524807690000001	-0.0035273284000000007	-0.1393641179	-0.0018890689000000001	0.0071189637	-0.02393708	0.0290124401	0.0770554114	-0.0257474834	0.0591268115	0.07045766860000001	0.0114435692	0.0108661066	0.0509746326	0.056229657800000006	0.0156796809	0.08419468039999999	-0.006096255500000001	-0.04224908	0.006776360600000001	0.0641199821	-0.014919988200000001	0.0640197565	-0.005269650799999999	0.011833036699999999	0.0702357767	-0.0531150008	-0.0029099705999999998	-0.0315405235	-0.0166147004	0.0044975255	0.0285967008	-0.0338341105	0.0027766916999999998	-0.0541140817	0.0465423117	-0.051332473899999995	-0.044147204100000004	-0.0048243044	0.0353267926	0.012739676200000001	-0.0260111915	-0.1153942835	0.1140434462	-0.040329354399999996	0.0520973576	0.023391401800000003	0.0004918171	-0.0386813785	-0.0302088818	-0.06372040940000001	-0.048723918399999996	0.0158961356	-0.0034852935999999998	-0.0075905830000000014	-0.10248086890000001	-0.0061411702000000006	-0.0748848647	-0.0443150204	0.0210416475	0.0368887348	-0.058964182000000004	-0.0627267615	-0.0406641279	-0.0855301984	0.1063103507	0.0452038531	0.0343323336	-0.0508110524	-0.0102397153	0.09702204210000001	-0.09647560449999999	0.0199995317	0.08540396630000001	0.0354412947	-0.031304127200000004	0.0394765748	0.0486254602	-0.08493686630000001	-0.0682675667	0.0659047937	0.0724148296	0.0006784925999999999	-0.019416178500000002	-0.047445729900000004	-0.0473400133	0.108665641	-0.0144226098	0.0128888876	-0.0282420969	0.001070119	0.1129687925	-0.0044094454	-0.0106665005	0.0986525316	0.025739742799999996	0.1040013402	-0.0529177399	0.0293786145	0.1066848327	-0.0841430101	-0.013412721	0.0212975468	0.1079410352	0.0789795914	-0.0073207235	-0.1012592501	-0.0464156316	0.023260550699999997	-0.0032668323	-0.0356414649	-0.0091314274	-0.0426545595	-0.0233673089	0.0172336632	0.1331903068	-0.0695945434	-0.026499450600000002	0.014126708500000001	-0.0693905021	0.0138926939	0.0313230358	0.0187382872	-0.0371716184	0.09723620220000001	-0.0131855216	0.0167344854	-0.0217150012	-0.0820274967	-0.0025332249	0.0016718127	0.072977855	-0.0036899212	-0.0037574589000000003	0.08085928	-0.0002752436	0.0464882386	-0.0250990416	0.0479387988	-0.1229756808	-0.09019434800000001	0.0568213133	0.07294780719999999	-0.0103421074	-0.0661181595	-0.0345534901	-0.0256049562	0.014723724099999997	-0.08779955240000001	-0.0298174267	0.022225029900000002	0.014427563999999999	-0.0721886233	-0.0268562422	0.14010682900000002	-0.0082627521	0.0977289819	0.0032770523	-0.0006582322	-0.0047234421	0.0539321568	0.017095257	0.046329374699999995	0.020671544	-0.073198085	0.10224069359999999	0.0511928302	-0.0748821273	-0.0534350592	0.0538426866	-0.0034846561	0.034992918	-0.055968892699999995	0.0619022962	0.0265451234	-0.09507048609999999	-0.016479576399999998	-0.020965835800000002	-0.084296963	0.046876013700000004	0.0037017465000000003	-0.0246448	-0.023659142	0.0005597550001761639	0.0006073661670399999	0.711697	-0.0042240000000000055	1.7842176000000045e-05	0.5065126198090001	0.517029	0.029682999999999963	0.267318986841	0.0008810804889999976	0.0246507	-9.389999999999746e-05	0.0006076570104900001	8.817209999999523e-09	0.00223301	6.31900000000003e-05	3.992976100000038e-09	4.9863336601e-06	-0.00310375	-0.00085724	7.348604176e-07	9.6332640625e-06	0.0	0.0	0.0	0.0	0.0	0.0	0.0	0.0	0.0	0.0	0.0	0.0	0.0	0.0	0.0	0.0	0.0	0.0	0.0	0.0	0.0	0.0	0.0	0.0	0.0	0.0	0.0	0.0	0.0	0.0	0.0	0.0
8126.9589895726	22.61905555312387	511.62167411530396	66047462.4181949	10329.589235496209	-1.1982379477467475	106700413.77407916	1.4357741794203371	6185.290844867213	-0.5110509247488153	0.2611730476866193	38257822.83559816	6512.3132812219455	10432.475227427993	0.792167	39.86599	0.0925795999999998	0.0426676	0.0026059403	0.06555707599999999	-0.0029232991	-0.1207475373	0.0156658775	0.0138286537	-0.0158851128	0.0420584201	0.0834136303	-0.0190157202	0.0757363742	0.0733706606	-0.0004782553	-0.05524655059999999	0.033186502	0.028176955	0.09396196609999999	0.027487499500000002	0.025794014599999998	0.0592980419	-0.0407615166	0.0255097909	-0.0537559356	0.029416855699999998	-0.0115224669	-0.061140480899999995	0.0926184342	-0.0223663371	-0.0836703646	-0.0211609657	-0.035894487	-0.1207659743	0.050309235599999995	0.0509520892	-0.0741422682	0.0073654698	-0.0017927134	0.0400973329	-0.0417838432	-0.0042511232	0.030763735099999998	0.016006448700000002	-0.011514734799999999	-0.1166364638	0.1281854919	-0.060512994199999996	0.103384967	0.0399380738	-0.0042386895	-0.024894287	0.0488592063	-0.07777616009999999	-0.0122282942	0.0139019422	0.1039566845	0.0246102486	-0.0138254391	0.05932423730000001	-0.0575849738	0.017592507	0.0154970888	-0.0063636572	-0.0096648837	-0.0163370203	0.0092094813	-0.010929208400000001	-0.0823000631	0.0043973576	-0.0546506328	0.1067499376	0.08046952610000001	0.0082455168	0.0877738698	0.0002616293	0.0309756827	0.1338224228	-0.0508246805	0.016088188700000002	0.0904125942	0.0082867419	-0.055918316399999994	-0.0553056641	0.0231047588	0.0570061507	-0.0354344715	-0.0799529075	0.0222545149	0.0314474219	0.1542327973	-0.1426343325	-0.06349566799999999	0.033052966	-0.022437258199999997	-0.037244377200000005	0.1043291917	-0.053269534699999996	-0.0655041188	0.0066309211	-0.0510295905	0.057410356100000004	0.063089831	-0.0479893049	-0.07694087990000001	0.047521183200000004	-0.019661089399999998	-0.0610725458	0.104751249	0.0803275325	0.1659956265	0.078216235	0.049837840700000004	-0.033145282400000003	-0.0080066248	-0.0390136883	-0.007994968	0.013374170900000001	0.1336047607	-0.09825784550000001	-0.042865487699999996	0.0408672544	-0.0826040656	-0.0034026389000000002	-0.0142552806	-0.0485003358	-0.0238907451	0.032406724399999996	-0.0272137625	-0.0850015674	0.0759156975	-0.06952445980000001	0.0185153812	0.0528551672	0.04679973019999999	-0.0835502024	-0.0025733067000000003	0.0327197122	0.0018650788	-0.0099244966	0.0514236505	-0.0031471476	0.0515504059	-0.005217124	0.0844262609	0.0670843857	0.0116066651	0.0525531791	-0.0153070848	0.0591517287	-0.049660881100000005	0.011916489099999998	-0.0732534382	-0.0285813986	-0.0397943477	-0.0432560665	-0.059245689800000015	-0.0238225027	-0.0209749564	-0.0273098515	-0.0680048553	0.0447179755	-0.12070096039999999	0.10502477029999999	-0.005456111800000001	-0.10328482679999999	0.052120307000000005	0.0572911865	0.0671433344	0.0639535111	-0.18013648420000006	-0.0681515293	-0.0357128017	-0.0861808211	-0.0646514992	0.0581704142	0.0500264929	0.0166170783	0.1044702532	0.0605047904	-0.032164695800000004	-0.08504392919999999	0.0494559531	-0.0007405182000000001	-0.030697900000000007	-0.0060531000000000066	3.664001961000007e-05	0.0009423610644100002	0.682085	-0.029611999999999968	0.0008768705439999982	0.4652399472250001	0.493874	-0.02315499999999998	0.243911527876	0.0005361540249999991	0.0249678	0.0003170999999999972	0.0006233910368400001	1.0055240999999826e-07	0.00238405	0.00015103999999999983	2.281308159999996e-08	5.6836944025e-06	-0.0033108000000000005	-0.00020705000000000032	4.286970250000012e-08	1.0961396640000003e-05	0.0	0.0	0.0	0.0	0.0	0.0	0.0	0.0	0.0	0.0	0.0	0.0	0.0	0.0	0.0	0.0	0.0	0.0	0.0	0.0	0.0	0.0	0.0	0.0	0.0	0.0	0.0	0.0	0.0	0.0	0.0	0.0
8174.506080064964	47.547090492364084	2260.7258142890587	66822549.65301907	10347.936251433051	18.347015936842578	107079784.6637223	336.6129937867557	6202.516674053524	17.225829186310875	296.7291911559596	38471213.091912	6527.983167293748	10605.090572846157	0.7928729999999999	39.901524	0.09574360000000012	0.0478188	-0.000479243	0.0608558396	-0.0011435552	-0.0922344508	0.054973357599999995	-0.0034006279999999997	-0.025055749	0.040536969900000004	0.073850567	-0.038043755	0.0415068143	0.0797289747	-0.0014454065	-0.0157789207	0.12074076480000001	0.027492076600000002	-0.0237405788	0.053227455300000004	0.1032715059	-0.0093666185	-0.1193929088	0.026400435400000002	-0.0269550054	0.0329140658	-0.0016311329	-0.0533907352	0.026757461	0.026264356200000002	0.048165603499999994	0.0881620466	-0.1074529273	0.07385190950000001	0.09862184060000001	0.09337730710000001	0.0400756184	0.057986115899999996	-0.0997001633	-0.030546380499999998	-0.0192408642	0.0036635724	0.0254114452	0.005911029399999999	-0.0394540023	-0.1008974908	0.0717414094	-0.0466866333	0.0933531301	0.035407630499999995	-0.0270521558	-0.0348267794	0.0024237688	-0.0604691383	-0.0944080513	-0.0710821079	0.0075763827	-0.0799899158	-0.126122948	0.0039572669	-0.1015665365	-0.0744691379	0.0397546181	-0.010950248300000002	-0.0626524314	0.0255369421	-0.11338772609999999	0.0054117359999999995	-0.0058864422	0.0290456256	0.0911137575	0.0236885673	-0.0296540975	0.05892168160000001	-0.1255973528	0.04599422	-0.004689003	-0.0243197519	-0.1186164978	-0.0107235296	-0.0146001421	-0.0236692899	0.0203781079	0.0306901511	0.0359944027	-0.0861731416	0.0031796415	-0.01198893	-0.0726617651	0.0552211942	-0.0014617575	0.0798997816	0.0325717628	0.0020801915	0.1124168117	-0.0026817805	-0.0592896636	-0.0095005291	0.1243495681	-0.0185101853	-0.0622359988	0.042034135599999994	-0.0261350852	-0.0850602706	0.06528589929999999	-0.0716988857	-0.0638345664	-0.0371925997	0.006492669499999999	-0.0168850754	0.0202075328	-0.0491474592	-0.09340884599999999	-0.017310929	-0.0037214784000000004	-0.0343062417	-0.0182174328	0.0346743544	0.1061908349	-0.052037607199999995	-0.0188570765	0.036314836	-0.1131155891	-0.0028278637	0.021004882000000002	-0.0178578748	-0.024039882000000002	0.1203588958	0.0353953233	0.0435199902	-0.0094799403	-0.044565764699999996	-0.0367171725	0.0506667748	0.1339851156	-0.017260416599999998	-0.023837788	0.0588315168	-0.0297180527	-0.0141871275	-0.0638277306	0.081807353	-0.0236415036	-0.1090451261	-0.0426279479	-4.46497e-05	-0.0151008742	0.057557140199999995	-0.0400136113	-0.0540034738	-0.0653996119	0.060251089	-0.0937064262	0.05688055190000001	0.0234865949	-0.058079016500000004	-0.0050966781	0.1030343333	-0.0823506323	0.04401768650000002	0.1148450438	-0.0165728753	0.0509354309	0.0049787071	0.0228753069	-0.0047998244	-0.0477127772	-0.01469512	0.012393176399999999	-0.0798435847	0.0309078575	-0.0643059506	-0.0625221483	0.0768498104	-0.004973447299999999	-0.0539655441	0.0101844459	0.0171023343	-0.1208283907	-0.09922175	0.0046833503	-0.08577149519999999	0.051990767199999996	-0.0051812628	-0.036251	-0.005553099999999996	3.083691960999994e-05	0.0013141350010000001	0.691884	0.009799000000000002	9.602040100000004e-05	0.4787034694560001	0.4547520000000001	-0.039121999999999935	0.20679938150400004	0.001530530883999995	0.0254167	0.00044890000000000213	0.00064600863889	2.0151121000000183e-07	0.0025742	0.00019014999999999958	3.6157022499999854e-08	6.626505639999998e-06	-0.00349714	-0.00018633999999999968	3.4722595599999884e-08	1.22299881796e-05	0.0	0.0	0.0	0.0	0.0	0.0	0.0	0.0	0.0	0.0	0.0	0.0	0.0	0.0	0.0	0.0	0.0	0.0	0.0	0.0	0.0	0.0	0.0	0.0	0.0	0.0	0.0	0.0	0.0	0.0	0.0	0.0
8176.858421781722	2.352341716758019	5.533511552400066	66861013.64986268	10340.59090259505	-7.345348838001882	106927820.2148315	53.95414955193561	6203.953432812171	1.436758758646647	2.064275730547854	38489038.19650192	6530.484317464002	10710.748591673324	0.751938	37.841461	0.0626335000000001	0.0346692	-0.0008843955	0.06437640879999999	0.0022327112	-0.0678671269	0.0755575495	0.0079202909	-0.0269591355	0.042970288499999995	0.0696471368	-0.007242927	0.022589989799999998	0.0863629843	0.0118806198	-0.017730876	0.0664516852	-0.0387024873	-0.0039555326000000005	0.0014206188	0.0315882535	0.0010682403	-0.0282127289	0.0305846742	-0.0737929911	-1.72246e-05	-0.008835400799999999	-0.1167009942	0.061364014	-0.0839151885	0.0076983643999999985	0.0063690376	-0.043435478099999994	-0.0101264328	0.0207831262	-0.0782819487	-0.0058723338	0.045076023300000004	0.029485521	-0.0719430944	-0.0183780249	0.005695416899999999	0.0288374709	0.0189714728	-0.015091816899999999	-0.1019451892	0.0566215043	-0.038166543399999996	0.10612405800000001	0.08246728019999999	-0.0407020673	-0.0358811054	0.0136370352	-0.0820112321	0.053250472199999996	0.036444285800000004	0.056362638799999996	-0.0430447655	-0.112653564	0.09195866400000001	0.0038982031	-0.0646435158	0.0764702976	0.0378054102	-0.0005887406	0.0042586014	0.0077590744	-0.0012457099	0.0333004309	0.0507399132	-0.0733508753	0.0098190961	3.80709e-05	-0.028084646600000002	-0.025479460699999998	-0.0039487155	-0.0397474754	0.0135139831	-0.1302258009	0.1099466614	0.0213119092	-0.0819759134	0.0047062536	-0.0027472996	0.08895664880000001	-0.0086374236	-0.048503402800000005	-0.0051681126	-0.0250626062	0.0792183828	0.0105021389	-0.0199379164	-0.059491506799999996	0.0959182316	0.0165046944	0.0643726063	0.048270608300000004	0.0734588987	-0.0903333491	0.0067568225	-0.06555773179999999	-0.012830584499999999	0.0016523729000000001	0.018555963	-0.0135918616	0.1442206338	0.0147608142	-0.0110357261	0.0227237805	-0.0308677713	-0.0738003939	0.029946284700000006	0.0721356343	-0.0199101343	0.0037568561	-0.039222540699999996	-0.0024613131	0.0123981671	0.0959422273	-0.0327965942	-0.0428003659	0.0662569789	-0.1117910183	-0.0321498223	0.013863296499999999	-0.021525541800000002	-0.010987035400000001	0.0321935608	-0.06090277	-0.0672739375	0.026828494700000004	-0.0953718639	-0.0819313461	0.013384013500000002	0.1262283523	-0.0789213454	0.026039271099999997	0.045668102099999996	-0.009538368699999999	-0.047287868499999997	0.0539086375	0.0443975363	-0.067911848	0.0073293665	0.054336400199999996	-0.0192987098	0.0394842781	0.0223775432	-0.0201234002	-0.025744016600000003	0.0039017089	-0.0016769367000000002	-0.0182570674	0.022125828599999998	-0.024410809	-0.0784534479	0.0002800672	-0.0071065719	-0.0080162351	0.1091301527	0.013076885	0.008141747	-0.0755732222	0.0134443699	-0.0616022293	-0.0077615925	-0.046614800899999996	-0.0187208833	0.1065360258	0.0851979082	-0.0875649523	-0.0405126375	0.0482275916	0.03374869	0.0145786596	0.0186908244	0.0931802115	-0.0228237877	0.015184982	0.0837392524	0.0074837585	-0.08647949490000001	0.0544781434	-0.0096113714	-0.0349	0.001350999999999998	1.8252009999999942e-06	0.00121801	0.676495	-0.015389000000000097	0.000236821321000003	0.457645485025	0.465701	0.010948999999999988	0.21687742140100005	0.00011988060099999974	0.0259774	0.0005607000000000008	0.0006748253107600001	3.143844900000009e-07	0.00260673	3.253000000000023e-05	1.058200900000015e-09	6.795041292899998e-06	-0.00339148	0.00010566000000000004	1.116403560000001e-08	1.15021365904e-05	0.0	0.0	0.0	0.0	0.0	0.0	0.0	0.0	0.0	0.0	0.0	0.0	0.0	0.0	0.0	0.0	0.0	0.0	0.0	0.0	0.0	0.0	0.0	0.0	0.0	0.0	0.0	0.0	0.0	0.0	0.0	0.0
8176.22334083529	-0.6350809464320264	0.4033278085209984	66850628.1192198	10344.518809574249	3.9279069791991783	107009069.40163544	15.428453237241616	6212.522502567931	8.569069755760209	73.42895647908436	38595435.84491291	6536.120867597586	10772.539241275084	0.7612359999999999	38.309376	0.09863020000000004	0.0479423	-0.0015680289	0.0614621058	0.0027242665999999997	-0.0636782774	0.08144508519999999	0.010606956200000002	-0.024191017000000002	0.0277587385	0.0736654907	-0.0197751639	0.0429786438	0.0694880709	-0.0271515673	-0.0038178771999999995	0.0978645956	-0.0148738495	0.0028096613	0.0368651467	-0.0245045413	-0.0199846537	-0.0537127039	0.0238511748	-0.0086568876	0.0698588517	-0.0640546733	-0.08002612519999999	0.0458203591	0.0688060385	0.1178244795	0.045428193799999995	-0.0547691502	-0.0062990967	0.0561275868	-0.0120684554	0.0230059057	0.0603984495	-0.011018638700000001	-0.019696839	-0.0138178746	0.007580676	0.03229594	0.0118040567	-0.0037593765	-0.13033498470000002	0.0124716994	-0.014603926399999996	0.0797907177	0.0395111347	-0.0271455399	-0.0008532628	-0.023567242000000002	-0.101728376	-0.09670260800000001	-0.0616026804	0.0633444618	-0.040807985899999996	-0.0979105685	0.0340356196	-0.0455680089	-0.0495079199	0.0316360309	0.0230952621	-0.0294477923	-0.0214297029	0.009944339200000001	-0.0040000849	0.0221945397	-0.0004727481	0.044032806900000006	-0.0139674795	-0.0156169702	-0.049519186900000005	-0.0025894310999999997	0.032189637	-0.0881860022	-0.0615521086	-0.08971321689999999	-0.0465490659	0.0462773212	0.1291347326	0.0773765916	0.0471829087	-0.02883604	-0.0635346633	0.0822355118	-0.0102219233	-0.0570154534	0.0591606997	-0.055914258099999996	0.0190145304	-0.0514307958	0.06300717139999999	0.0490487375	0.0574319139	0.0994817466	-0.0830121149	0.017641553600000002	0.0316684905	-0.0044037270000000005	0.0044360479	-0.07421564679999999	0.14460826359999998	-0.055142382000000004	-0.012335226999999999	0.0057567305000000004	-0.0390213954	-0.0218287701	-0.0676771394	0.035677203500000004	0.010164700300000001	-0.07687460389999999	-0.016465587	0.0023642128	-0.0348983332	-0.0190862319	0.0008217208	0.1079057017	0.0045987397999999995	-0.02411211	0.06458856290000001	-0.08681083380000001	-0.0459546303	0.0086833273	-0.000943024	-0.0058148031999999995	0.1165159485	0.0256358393	0.022046159500000002	0.071452795	-0.0476485225	-0.0362143704	0.049203901900000006	0.1169224126	-0.022556411499999998	-0.037041238500000004	0.11326734150000001	-0.06465429360000001	-0.0291190707	0.017073292099999998	0.0389647591	-0.0616644145	0.0131925771	-0.0461597434	-0.0590507263	0.0364300884	0.055979958499999996	0.0007576202	-0.039680605699999996	0.0180746025	0.045882449000000006	-0.0514873784	0.05552238	-0.0489023225	-0.0284174714	0.033637092599999995	0.039808903199999995	-0.1329744965	-0.0344520966	0.0002931735	0.00019997810000000002	0.0633900282	-0.014099165600000001	-0.0434546709	0.0488893607	-0.0589869674	-0.0270105035	0.0172195203	0.0085059635	-0.012998041799999999	-0.028545099700000007	-0.0385566802	0.0074189669	-0.027948766	0.0867343357	-0.0712084575	-0.028996342799999998	0.0219838925	-0.0032283421999999996	0.0651191139	-0.0871677669	0.0569158121	-0.01402175	-0.043018699999999986	-0.008118699999999994	6.591328968999988e-05	0.0018506085496899996	0.70982	0.03332500000000005	0.0011105556250000034	0.5038444324	0.457891	-0.007810000000000039	0.209664167881	6.0996100000000614e-05	0.0264629	0.0004854999999999998	0.0007002850764100001	2.3571024999999986e-07	0.00300309	0.00039636000000000017	1.571012496000001e-07	9.0185495481e-06	-0.00349715	-0.00010566999999999997	1.1166148899999995e-08	1.22300581225e-05	0.0	0.0	0.0	0.0	0.0	0.0	0.0	0.0	0.0	0.0	0.0	0.0	0.0	0.0	0.0	0.0	0.0	0.0	0.0	0.0	0.0	0.0	0.0	0.0	0.0	0.0	0.0	0.0	0.0	0.0	0.0	0.0
8171.414065838677	-4.809274996613566	23.129125993052426	66772007.83538617	10351.462383805683	6.943574231434468	107152773.48334403	48.213223107440754	6212.842299518641	0.31979695071004244	0.10227008968344133	38599409.43868808	6538.000410089386	10708.637085847144	0.751225	37.805611	0.036584600000000064	0.017332	0.0005770405000000001	0.051095762999999995	-0.0010745525999999999	-0.0721384421	0.07590436860000001	0.0108784971	-0.00017408330000000005	0.040678579900000005	0.0556955835	-0.0184392041	0.0298845363	0.0630642824	-0.019200491599999998	0.0178999827	0.0706104962	-0.0256410778	0.0273545939	0.0304603716	0.0309706	0.021964771	0.0006880591999999999	0.030025919900000007	-0.07409303490000001	0.0738627748	-0.0069259844	0.0118088272	0.1025073651	-0.0090475051	-0.0173000314	0.0530381531	-0.053514975	-0.09984395	-0.00032626599999999997	0.0310445133	-0.0098853446	0.0775402375	0.022073046000000002	0.055928338	-0.0187931205	0.0095802699	0.0240776988	0.0149776386	-0.028176338199999998	-0.13354242119999998	-0.009231821999999999	-0.0004045922	0.0592729418	0.0437863719	-0.026893156600000002	-0.005328819300000001	0.06452476759999999	-0.0711041305	0.014954093600000001	0.0483773315	0.0890399534	0.0700021692	-0.1075751554	-0.0439823571	-0.0350982583	0.0410832317	0.002243356	0.0341591543	-0.0991996729	-0.0145910177	0.0058924249	-0.022531177000000003	-0.0140060882	0.0841676852	-0.0259862919	0.0747651158	-0.017081279799999998	0.0630448854	-0.0287969519	-0.036147032999999995	-0.0059592987	0.0052393458000000006	-0.0412991909	0.05929252610000001	0.0196182976	0.038064532400000003	-0.0383126452	0.0069538738000000004	0.07620673019999999	0.0216616059	0.0251149072	-0.0181701661	0.0059945554000000005	0.0374388788	0.0621049605	-0.057152902199999994	-0.0404269679	-0.041096312999999995	0.021562273700000002	0.09555254279999999	-0.060608242300000004	-0.0213330049	-0.037544072799999995	-0.11140822480000001	0.0084812201	0.1132783777	-0.10064848109999999	0.1058593828	-0.17297833370000001	-0.0646556929	0.0530188907	-0.0596835325	0.0254055899	0.0592663053	-0.030062778199999998	0.06290415070000001	-0.089700346	-0.0198321295	0.0047093727000000005	-0.033749863	-0.012357420400000001	0.0096759514	0.10985717519999999	0.0377023556	-0.0268746026	0.051285762900000004	-0.058843321	-0.0329732982	-0.014657859399999999	-0.060849192999999996	-0.0135490553	0.0352592404	-0.0377972821	-0.09366350400000001	0.0328520224	-0.0562106792	0.0390038268	0.0488279208	0.1021836972	0.0189503622	0.055431242699999994	0.0777945114	0.0512927963	-0.0068297237	0.002468225	-0.0293954575	-0.039706569500000004	0.016336076	0.0603840259	0.0500232781	0.0266148868	0.0414562031	-0.0350854881	-0.0757147307	-0.030099980699999997	-0.0554512024	-0.0639440437	-0.0104800315	0.0012514747	-0.0659865382	0.07083373150000001	-0.007857196700000001	0.0016198431	0.0446784246	0.045431145199999995	0.011753148100000001	-0.0316058135	0.00037358760000000003	-0.0171446237	-0.0534587516	-0.0032312916999999997	-0.0201183948	0.061969134599999996	0.045156389400000004	-0.0497230004	-0.0136417316	-0.0719130292	0.065759512	0.07634235589999999	0.0382834068	0.0608586346	0.011610919099999999	0.1517358406	0.1002956454	-0.0345383292	-0.087836154	0.059301549	-0.0184033451	-0.046705800000000006	-0.0036871000000000135	1.3594706410000093e-05	0.0021814317536400004	0.7228299999999999	0.013009999999999857	0.00016926009999999623	0.5224832088999998	0.450797	-0.007093999999999989	0.203217935209	5.0324835999999846e-05	0.0264276	-3.529999999999853e-05	0.0006984180417600001	1.246089999999896e-09	0.00308644	8.335000000000025e-05	6.9472225000000446e-09	9.5261118736e-06	-0.00363437	-0.00013721999999999996	1.882932839999999e-08	1.32086452969e-05	0.0	0.0	0.0	0.0	0.0	0.0	0.0	0.0	0.0	0.0	0.0	0.0	0.0	0.0	0.0	0.0	0.0	0.0	0.0	0.0	0.0	0.0	0.0	0.0	0.0	0.0	0.0	0.0	0.0	0.0	0.0	0.0
8170.954369662135	-0.459696176541911	0.21132057472725174	66764495.31110074	10338.381694630145	-13.080689175538282	106882136.06386366	171.10442930704437	6211.291128465365	-1.5511710532764482	2.406131636522766	38580137.48255254	6535.380599813071	10722.909203836243	0.7420689999999999	37.344822	0.025887399999999908	0.0148309	0.0027023674	0.0496717823	-0.005219995900000001	-0.0682751619	0.067337833	0.0160440033	-0.0139201299	0.044095140199999994	0.0506553529	-0.0159851942	0.0549263037	0.0576501193	-0.030880622599999998	0.0157004215	0.0635240731	0.0207732898	0.0103177785	0.0339224904	0.0244160013	-0.0733159444	-0.0564354628	0.038978476	-0.0472949967	0.0459243101	-0.0619538172	-0.10005726300000001	0.0162486129	0.0339306051	0.0444954889	0.0498305615	-0.12496723439999999	0.034820683399999997	-0.0279145967	-0.016922191399999998	0.0941372985	0.0664526196	0.0282378184	-0.012093073000000001	-0.0139231349	0.0154637048	0.025776733700000002	0.006663736700000001	-0.0163235049	-0.1297647689	0.0094229555	-0.0114504623	0.0683798296	0.0287405284	-0.0209415501	0.0199475583	-0.0231001179	-0.1106008207	-0.0689184344	-0.0400688757	0.07249707150000001	-0.0415935359	-0.09901404	0.0278071839	-0.012481248700000001	-0.0806651155	0.0305699891	0.010920254099999999	0.0169466969	-0.0560527366	-0.0771593792	0.010222610699999999	0.0637771954	0.041399866800000004	0.11567425949999999	0.006893311899999999	-0.0324414942	-0.021587150299999996	-0.0239795836	-0.0054707041	-0.0242432425	-0.0098475102	-0.067170637	0.014737923899999996	-0.0247487848	0.07932148160000001	0.0455923894	-0.0009233456	-0.0785162168	0.0421322835	-0.0836536095	0.04233560150000002	0.0811575995	-0.0142660927	0.0655192982	0.020491611399999998	0.0136313907	0.0815286171	-0.0324450685	0.0036238417	-0.0597586521	-0.0308190917	0.0218006857	-0.0939529318	0.0620298561	-0.17521009699999998	0.055542706399999996	0.0352596383	-0.12040394199999999	0.0730778836	-0.05155544150000002	-0.044126307000000003	-0.021135874500000002	0.08580695869999999	0.0559012361	-0.0012396387	-0.06515443580000001	-0.0190740625	0.014284318700000001	-0.026272713599999997	-0.0209817284	0.0055209097999999995	0.10584777460000001	0.0141789236	-0.0263283603	0.0616612038	-0.058860528499999995	-0.038490531200000004	0.0041945949	0.0055417505	0.0072896949	0.1140797305	0.0076022682	0.0086595225	0.0616407178	-0.0460213687	-0.040063834799999996	0.0158387749	0.13856048699999998	-0.0348539426	-0.015474676599999999	0.07023260440000001	-0.0596103584	-0.014463175900000003	-0.059559553200000004	0.0558166895	-0.0582419233	-0.0836035438	-0.0123583561	-0.0420461085	0.0288044675	0.005332851800000001	-0.055336123200000004	0.031814882	-0.0227911327	0.0590919609	0.0019165008999999999	0.0400594233	0.0075734305000000005	-0.0012865222	-0.0082386053	-0.0153849632	-0.0008375682000000001	0.0098073085	0.056184531600000004	0.0122472332	0.0268377308	-0.057967791500000004	0.0702898232	-0.047431855499999995	-0.0175840758	0.0862071957	0.0232904056	-0.040781510699999995	-0.0405469925	0.12056303550000001	0.020100697	-0.0516357768	0.0375833081	0.0732416074	-0.003273549	-0.0456047517	0.12268156960000001	0.059913843499999994	0.0025029592	-0.088484504	0.0616331773	-0.0227471623	-0.0432909	0.003414900000000005	1.1661542010000035e-05	0.00187410202281	0.7298369999999998	0.007006999999999986	4.9098048999999794e-05	0.5326620465689997	0.448816	-0.0019810000000000105	0.20143580185600002	3.9243610000000416e-06	0.026415	-1.2600000000004968e-05	0.0006977522249999999	1.587600000001252e-10	0.00309514	8.69999999999994e-06	7.568999999999897e-11	9.5798916196e-06	-0.00338598	0.00024839000000000024	6.169759210000013e-08	1.1464860560399996e-05	0.0	0.0	0.0	0.0	0.0	0.0	0.0	0.0	0.0	0.0	0.0	0.0	0.0	0.0	0.0	0.0	0.0	0.0	0.0	0.0	0.0	0.0	0.0	0.0	0.0	0.0	0.0	0.0	0.0	0.0	0.0	0.0
8179.948897696414	8.994528034279027	80.90153455943137	66911563.96892478	10331.299219495098	-7.0824751350464785	106735743.56274004	50.161454038551646	6216.5557575914145	5.26462912604984	27.716319834852303	38645565.48724297	6539.851053390912	10806.641313403685	0.976896	49.162548	0.2159683999999998	0.0992214	-0.0098528686	0.0406602548	-0.019955999199999998	-0.0324894296	0.0458045221	0.0122104117	0.0137939936	0.0824290969	0.0007620246	0.0404292798	0.0632823625	0.053249221799999996	-0.1287982237	-0.0554491649	-0.0270571932	-0.0177521867	0.1001590828	0.10273149470000001	0.0339943384	0.0498820659	-0.033913165	-0.0163869727	-0.0308956862	-0.0110529916	0.0111842485	-0.0139203251	0.14041964070000001	0.0048251097	0.021706386400000003	-0.0113680337	-0.0182010213	0.012169449399999999	-0.0191449707	0.0203765672	0.0487938891	0.1520126725	-0.0315102666	-0.0401818186	0.0116970824	0.0315157794	0.061804557300000014	0.0095900401	0.0220258571	-0.0887208353	0.0267960085	-0.021497819700000004	0.016380339299999998	0.0844290169	-0.0393614026	0.11323998310000001	0.016141880900000002	-0.0842185828	-0.0495757178	0.028998642400000007	0.0398812942	0.0797969902	-0.1426143142	-0.0512593497	-0.0409553124	-0.0099716644	0.0084446099	0.044150624000000006	0.023116228500000002	-0.016884783400000002	-0.06290345280000001	-0.0695522861	-0.025711008100000002	0.0255518584	0.026941054	0.0550135787	0.07824514610000001	-0.0603733394	0.022030325899999998	-0.0263507837	-0.0167974966	-0.0712464234	0.09379424869999999	0.0020955136	-0.0806301488	0.0087188656	0.007894129	-0.0489698851	-0.06679968559999999	-0.0005692637	-0.049840345099999996	0.0743917271	-0.0878205562	-0.12407810109999999	-0.0616536659	0.0400603794	-0.0036587524	0.1108136161	-0.153848606	-0.037626098399999995	0.0668718943	-0.0039531837	-0.1342861535	0.039235527400000005	0.0809314426	-0.0203613259	-0.058253606799999996	-0.0349883197	0.0194226448	-0.1156832162	0.1031342282	0.027224647	0.0605593275	0.0694151684	0.0571673806	0.0218920893	0.0853440708	0.007163858	0.0405609372	-0.056667819	-0.016862764	-0.0261251635	0.0498063148	-0.0519682632	-0.0105640079	0.128810056	0.0371500465	-0.1025431567	-0.022460998	-0.055496467699999996	-0.0269246167	0.0895638662	0.0256254054	-0.04662950019999999	0.016889064	-0.0985870038	0.051560624000000006	0.0609113129	0.07923888650000001	0.0038727561	0.1014842397	0.0716269682	-0.0328618351	0.0037311736999999998	-0.09089496150000001	0.0466701421	-0.0025156016	0.0175108971	0.0518115506	0.0314610734	0.0636756837	0.045673528	0.0496782309	0.0958329614	-0.0060248559999999994	-0.0250027225	-0.0234757794	-0.019199517	-0.0001798925	0.0781438466	-0.0083512899	-0.0911449166	0.14317871669999999	-0.0371681009	0.026628640699999997	-0.0653640642	0.017159378500000003	-0.07872090030000001	-0.0495693715	0.04326783519999999	-0.0488581048	0.1070514001	-0.09318504279999999	0.11568563429999999	0.060574487300000014	0.061479537699999996	0.0779173222	-0.054195514699999996	-0.2057184998	-0.0560550079	-0.0735916764	0.043285480099999996	0.0917200502	-0.0007410896000000001	-0.0957655505	-0.0891126687	0.0639085696	-0.0270442847	-0.017521000000000002	0.025769900000000002	0.0006640877460099999	0.00030698544100000004	0.676424	-0.05341299999999982	0.002852948568999981	0.4575494277760001	0.381569	-0.067247	0.14559490176099998	0.004522159009	0.027009	0.0005940000000000008	0.0007294860809999999	3.52836000000001e-07	0.00299039	-0.00010475000000000024	1.0972562500000052e-08	8.942432352099999e-06	-0.00269396	0.0006920199999999997	4.788916803999997e-07	7.2574204816e-06	0.0	0.0	0.0	0.0	0.0	0.0	0.0	0.0	0.0	0.0	0.0	0.0	0.0	0.0	0.0	0.0	0.0	0.0	0.0	0.0	0.0	0.0	0.0	0.0	0.0	0.0	0.0	0.0	0.0	0.0	0.0	0.0
8201.449887136852	21.50098944043839	462.2925469178431	67263780.25121708	10424.47333841688	93.17411892178094	108669644.38336436	8681.416436850182	6233.809761120458	17.254003529043075	297.70063778023086	38860384.137840696	6569.253092352555	10994.569291169113	1.372875	69.09030200000001	0.5128917999999999	0.273581	-0.029274564500000006	0.053932899699999995	0.0818621691	-0.019708891699999998	0.0371912888	-0.0729436442	0.0192446956	0.0839123058	0.013175403	-0.035447010099999995	-0.0870276429	0.062430088099999996	0.10161102849999999	0.0158955603	0.1141547381	-0.0348005958	-0.0485119958	-0.0676187825	0.2151772921	0.0058587651	-0.0650140655	0.09132390369999999	-0.0986725147	-0.0079712425	-0.0996778101	0.006076384000000001	0.0025693278	0.0123038356	0.031130996400000006	0.1509225978	0.0305553488	0.1959587152	-0.1441729674	0.0227416305	-0.0252070312	0.0728609521	-0.09375866669999999	0.13549534929999998	0.0537781224	0.0996134996	0.0239422282	0.0411861133	-0.0200779242	-0.0716180821	0.0183020687	0.006252231600000001	0.1176259822	0.0551257641	0.0631781174	-0.0846155403	0.0186048085	0.024161459500000003	-0.18713612699999999	0.0779485243	-0.005367429399999999	0.06446722049999999	0.10950389099999999	0.09290510390000001	0.0782279379	-0.0108553895	0.010763471	0.1352362616	0.204744283	0.1433335166	0.0279138313	-0.1048674337	-0.1259589531	0.0684433103	0.0858967477	-0.0115039574	-0.0138108444	0.0180162926	0.0523043933	0.1125760264	0.0567497774	0.0436433483	-0.0989026191	0.0130335272	-0.0171115038	-0.021176285099999997	0.0169223438	-0.0629942231	-0.0238120501	-0.126961291	-0.0262503498	0.0533646084	-0.0104478174	-0.1335388054	0.0190388626	-0.0121651525	0.0053375783	0.042242988200000005	-0.08745427199999999	-0.0415200141	0.0009860641999999999	-0.0194312331	0.0333252669	-0.0514274325	-0.0363710626	-0.0283122852	0.0246288825	0.0936887612	-0.1510342456	-0.0204977924	0.0714211003	0.0906148415	0.0237530733	-0.10502263640000001	0.0692510092	-0.06037307030000001	-0.08572178890000001	0.049690852	0.0962251773	-0.022713911	0.0168433732	0.0020794689	0.0843445141	0.0321204349	-0.0136142155	-0.0554260672	-0.1515763262	0.0082499	0.042987628099999994	-0.023427284500000003	-0.17386844059999998	0.096893725	0.0527878187	-0.033051710299999995	0.0672281218	0.0843734174	0.0052189409999999995	-0.1587685193	-0.0931848253	-0.0793824908	0.0081904738	-0.119736249	0.048024404400000005	-0.2243633916	-0.0360072881	-0.0050522238	0.0680414852	0.0378404926	0.11449985830000001	0.0168617228	-0.005671406899999999	-0.0296057147	-0.0235402204	0.1593592867	-0.0480135646	0.126824821	-0.1607333306	0.0375472467	0.1848448105	-0.0325692599	-0.09723956880000001	0.033875634700000004	-0.0579571065	0.0310938892	0.0868108058	0.027304162000000003	-0.056605809699999995	-0.0351067879	0.052952172199999994	0.0048832981	-0.018539913999999998	0.0171506603	0.0085447984	0.0426483703	0.0199517939	0.11123936820000001	0.0133849004	0.1089647708	-0.0094503998	0.110504016	-0.0741088588	-0.0140713533	-0.0188520802	0.12664441140000002	0.0251750614	-0.089720505	0.0661256498	-0.0312858913	-0.0817013	-0.0641803	0.00411911090809	0.006675102421690001	0.482273	-0.19415100000000007	0.037694610801000034	0.23258724652899995	0.367466	-0.01410300000000003	0.13503126115599998	0.0001988946090000009	0.023837200000000003	-0.0031717999999999955	0.0005682121038400001	1.0060315239999969e-05	0.00315512	0.00016473000000000008	2.713597290000003e-08	9.9547822144e-06	-0.00416658	-0.0014726199999999994	2.1686096643999992e-06	1.7360388896399994e-05	0.0	0.0	0.0	0.0	0.0	0.0	0.0	0.0	0.0	0.0	0.0	0.0	0.0	0.0	0.0	0.0	0.0	0.0	0.0	0.0	0.0	0.0	0.0	0.0	0.0	0.0	0.0	0.0	1.0	0.0	0.0	0.0
8197.090246366024	-4.359640770828264	19.006467650668057	67192288.50706899	10320.542100305303	-103.93123811157602	106513589.24417421	10801.702255405113	6207.317977176139	-26.491783944318737	701.8146165524641	38530796.46977408	6530.158769321946	11018.094320841928	1.49988	75.48182699999998	0.7324541000000001	0.564503	-0.006017084	0.0775804076	-0.0111901344	-0.0189215154	0.0605344152	0.0223296559	-0.011253151299999998	0.1252191494	0.0278006375	-0.0385178606	0.060332841799999995	-0.0273206451	-0.156265794	0.042966667199999996	0.0461485219	0.112468531	-0.0699742059	0.0093253525	0.1646759495	-0.0094802436	0.0788575434	-0.0063979081	0.0588963768	-0.0652736808	-0.0195593394	-0.0410122149	-0.0441344373	-0.0620794183	0.0825573632	0.0447223046	0.0421308171	0.0307712493	-0.1415811977	-0.0705326413	0.10746343	0.1246700138	-0.2061279816	0.0497526092	-0.0004776553	0.06098113440000001	0.0733613238	-0.1334618059	-0.038568197	-0.0151017071	0.0340889079	-0.1405924613	-0.1014420801	0.08954513900000001	-0.0214966555	0.0078904093	-0.1451685287	-0.062360066	-0.0829739876	-0.0276916279	-0.051332525700000006	0.09492133	-0.05994771030000001	-0.0142039902	0.0773331979	0.0314740657	0.0539556849	-0.0077341162	-0.012520268400000001	0.009540487299999999	0.0470467732	0.1629457566	-0.08713792279999999	-0.038939022999999996	-0.2030352464	0.1218670956	-0.0417546049	-0.0080878587	0.1317684941	-0.1006185326	-0.036349562599999996	-0.0703816831	0.0246987001	-0.0676929861	-0.102323358	-0.0701356036	0.1221498003	-0.1246329624	0.0072722139	-0.09435151720000001	-0.11421475539999999	-0.11604993050000001	0.0372429796	0.0060180964	-0.0072324274	0.108602628	0.0007040054	0.1167440775	-0.0303732257	-0.0356978438	-0.0374687128	-0.0355312346	0.16729448	0.037144761	-0.014298005700000001	-0.0854598009	0.0796411739	-0.0072080039	0.0980317919	-0.0931520542	0.0032534183	0.0637766637	-0.0868221578	0.09659390300000001	-0.0545839687	0.0751158242	-0.0590657275	-0.0067095246	0.0681166886	-0.0288071354	-0.1328321878	0.060390287	-0.0059390299	-0.0808719414	0.0582157741	0.1540186383	0.031604173900000004	0.0872982416	0.0758063683	0.1062436079	0.011941263600000002	0.1439572314	-0.0016731769	0.0409513456	0.0203139433	0.010187183	0.09575955230000001	-0.034662299900000006	0.034723694900000004	0.017125808899999997	0.1724100233	-0.0209489283	-0.0644673566	-0.014345383500000001	0.1052088707	0.0261153856	0.1685282073	0.1599179355	0.0181302406	-0.1200428693	0.07650458360000001	-0.0068549524	-0.0046822652	-0.1228490609	-0.0573456709	0.0300864675	0.0974228835	-0.09949082769999999	0.0234076196	0.1430907762	-0.09990170949999999	-0.12094142960000001	-0.0544106796	0.0050715756	0.1283369855	-0.1172285451	-0.061497761	-0.0035575110999999998	0.06259361690000001	-0.11315567900000001	-0.1205482411	0.0192459041	0.0398706694	-0.0313838271	0.0577965296	0.09148332099999999	0.051938050599999994	-0.1764876463	0.047344866299999996	-0.0269305319	0.0481092437	0.0009531625	-0.21812619940000005	0.005601465999999999	-0.066303001	-0.0903078742	0.06828239480000001	-0.035463275	-0.0313057	0.050395600000000006	0.0025397164993600004	0.00098004685249	1.03696	0.5546870000000002	0.3076776679690001	1.0752860416000003	0.369735	0.002269000000000021	0.136703970225	5.148361000000095e-06	0.0240084	0.00017119999999999636	0.0005764032705599999	2.9309439999998755e-08	0.00248504	-0.00067008	4.490072064e-07	6.1754238016e-06	-0.00250581	0.0016607699999999998	2.758156992899999e-06	6.279083756099999e-06	0.0	0.0	0.0	0.0	0.0	0.0	0.0	0.0	0.0	0.0	0.0	0.0	0.0	0.0	0.0	0.0	0.0	0.0	0.0	0.0	0.0	0.0	0.0	0.0	0.0	0.0	0.0	0.0	0.0	1.0	0.0	0.0
8212.317751618006	15.227505251981714	231.8769161991306	67442162.85354021	10382.201530185628	61.65942988032476	107790108.6133888	3801.885293166685	6227.154452850371	19.836475674232133	393.4857671744032	38777452.5796542	6551.597715083074	10883.8444120322	1.3419660000000002	67.534775	0.4429664500000001	0.328246	0.0097022599	0.0460072775	0.0377003634	-0.0128576881	0.0873756342	-0.0167253199	0.013235656699999999	0.0694332141	0.042792432199999994	-0.0304894244	-0.023357326299999998	0.013833210700000001	0.0453916296	-0.0377546613	0.1195471176	0.012814632900000001	-0.1268720129	-0.0674765509	0.055775128	0.0966982588	-0.0019834103	0.0562112367	-0.12541385119999998	0.0059711702000000005	-0.07789131980000001	-0.1266471389	0.0090360043	-0.032455603	-0.056170065899999996	0.1103448922	-0.0135986896	0.0363956416	-0.1159851873	-0.0479359166	0.0248137992	-0.0282064769	0.1488248018	0.025916515	0.0027404401000000003	0.0950459209	-0.0035421593	-0.0388835889	-0.04736725309999999	-0.012688437700000001	0.0117451154	-0.047251715199999995	0.1398002262	0.0411150532	-0.11190243039999999	-0.1436431377	0.0015348132000000002	0.0814549079	0.0516168384	0.023856162099999998	0.0651474893	0.10136615410000001	0.09923026720000001	-0.0452553141	0.1055315415	-0.19306009579999997	-0.13203518179999998	-0.0692224973	0.1349995276	0.09762913289999996	0.0976793852	0.06269500089999999	-0.029613388100000002	-0.010926927099999999	-0.033859729500000005	-0.0877703439	-0.022209712000000003	-0.050584132999999996	-0.1347168043	-0.0141598512	-0.0090236794	0.0035748146999999997	0.07281291200000001	0.12868624380000002	0.0040471045	-0.15526662300000002	0.0223237434	0.09030115710000004	0.0530156773	0.0396971986	0.14393194880000001	0.0052127203	0.0787419069	-0.035877619	-0.0357964285	0.0793163555	0.1067815188	0.0036438212	0.09428606519999999	-0.033633649700000004	-0.0056818077	-0.002513079	0.0637740156	0.0480701394	0.08719186529999999	0.105509379	-0.0067122271	0.010598866200000001	0.051685468600000006	0.0779430845	0.19400250239999997	0.022545099300000003	-0.0638907868	-0.0114580165	0.1577198568	-0.0046810056	0.024954166	-0.0095788143	0.0756453544	0.0124257472	-0.0253749153	0.0654909971	0.0313867123	0.004208762800000001	0.0165117662	0.0001940851	-0.1991954089	-0.0025801587	0.12187338810000001	-0.014178083700000003	0.0301743027	-0.0776182985	-0.0558923304	-0.12651098560000001	0.0144893502	0.1452219304	0.1000738153	-0.1274007662	0.0353113758	-0.0395803699	-0.0693525572	-0.1979934591	0.0397085364	-0.07864586230000001	-0.0310256777	-0.0519039631	-0.0137614182	-0.0412421317	0.01466338	-0.0687118963	-0.1194537147	-0.0003346353	0.0689669701	0.1097039836	0.12738790449999998	-0.1091679201	0.1300935783	-0.045411054299999996	-0.0332186843	-0.2086009559	0.1315668294	-0.0272667392	0.0068794660999999995	0.016906373	-0.0213679354	-0.05278198519999999	0.098350812	0.0170683223	-0.062321200099999995	-0.0633077929	-0.1015090909	-0.0536318744	0.0391706916	-0.0634630011	0.1423816363	-0.0444717985	0.1162197676	0.0007627455000000001	0.0118594094	-0.0645524337	0.07964949730000001	0.07944380870000001	-0.0657444261	0.0559855157	0.0495439076	-0.0908746423	0.0703768369	-0.0395678606	-0.00585625	0.02544945	0.0006476745053024999	3.429566406250001e-05	0.7125090000000001	-0.32445100000000004	0.10526845140100002	0.5076690750810001	0.391968	0.022233000000000003	0.15363891302399998	0.0004943062890000002	0.024504400000000003	0.0004960000000000034	0.0006004656193600001	2.4601600000000336e-07	0.00215936	-0.0003256800000000001	1.0606746240000003e-07	4.6628356096e-06	-0.00191083	0.0005949799999999997	3.5400120039999964e-07	3.6512712889e-06	0.0	0.0	0.0	0.0	0.0	0.0	0.0	0.0	0.0	0.0	0.0	0.0	0.0	0.0	0.0	0.0	0.0	0.0	0.0	0.0	0.0	0.0	0.0	0.0	0.0	0.0	0.0	0.0	0.0	0.0	0.0	0.0
8189.684401301005	-22.633350317000804	512.2685465720804	67070930.592913	10368.291858898989	-13.909671286639426	107501476.07131104	193.4789553023612	6211.0201066543505	-16.134346196020488	260.31712717304083	38576770.765264615	6534.111210543773	10819.041339766936	1.074198	54.059288	0.35219619	0.190854	0.0149729396	0.0103903928	0.0325880541	-0.0201070568	0.0998508449	0.000661435	0.0221831285	-0.0001613583	0.052963851500000006	-0.0292447146	0.0823847445	-0.027534792599999997	-0.0143129398	0.0201117822	0.0988786514	-0.028607885899999998	-0.018817594	-0.0256031185	0.0403763071	0.0459456498	0.065662079	-0.0163930002	-0.127092984	0.016391599099999998	-0.0440407222	-0.09632868550000001	0.0753827098	-0.021062140899999998	0.0217602126	0.0122893056	0.038928906299999996	-0.0295602412	0.005402134499999999	-0.1706002434	-0.0636093418	0.0004894825	0.0395973394	-0.0713613997	-0.0418095229	0.0267434377	-0.087838271	-0.0372914556	-0.0502361429	-0.0015580663	-0.005659237199999999	-0.114251801	0.049246739000000005	0.0283491026	-0.047965486200000004	-0.046313006799999994	0.047545455199999996	0.0016337014000000001	0.031024048999999998	-0.14462582289999998	0.11534697279999999	0.0141201675	0.0461502521	-0.0797383245	0.012470661000000001	0.046194320999999997	-0.0275827507	0.050149036900000006	0.068658248	-0.054358966200000004	0.1382032766	-0.0010857931	-0.00045307519999999995	0.0008567864	0.0855442681	-0.051405340099999995	-0.0579152308	-0.0222827982	0.0198567101	-0.0092944175	-0.1020518859	0.0003466846	0.0950071806	0.1100255566	-0.0695346466	0.034177962400000005	0.1419554626	0.0236320806	-0.0319819794	-0.0757134516	0.1377659977	-0.0128944921	0.010912001000000001	-0.036073713	0.1547095644	-0.19812634010000002	-0.0048028024	-0.06987760679999999	-0.0661215812	0.0774878741	0.058162546100000004	-0.0349744216	0.014163551699999999	0.0769165259	0.0085531236	-0.1085828202	0.011984948200000001	-0.1409180926	0.06584818440000001	-0.0018473845999999999	-0.057218218200000004	0.0040730687	-0.027221728799999997	-0.1013820584	0.14046802220000001	-0.0380209272	-0.023754339	-0.03490024	0.0030420021000000003	0.07315214099999999	0.015087614	0.08841805	0.0303839935	-0.0236140214	0.0599333442	0.080851802	-0.0640508441	0.0102740149	0.009997144	-0.0599778001	0.0109908151	-0.06298243049999999	-0.0217195862	-0.025195161400000003	0.11648834960000001	0.0330310593	0.08961667960000001	0.0718694337	-0.0026221419	0.0426072061	-0.14638144990000002	-0.0169389781	-0.1042661033	-0.10771051400000001	0.0591176334	-0.0514087283	0.0317217069	-0.0142864755	-0.0535679485	-0.0916293631	-0.0043403573	0.0325260792	-0.096949501	-0.0166211451	0.0820263624	-0.0791548201	-0.0388029573	0.0182446646	0.049230419299999995	-0.0602212288	0.1469281635	-0.1492263502	-0.0730615859	-0.0572639081	-0.1513000203	0.0029269784000000004	0.0125657322	0.0860802654	0.058319740099999996	-0.025352416699999998	0.09245648669999999	0.023399175499999997	-0.06541917309999999	0.028975885299999997	-0.0661847342	0.1845469079	-0.0473205909	0.0790598052	-0.14848480890000001	-0.0485113835	-0.10520341470000001	-0.0665381239	0.0157522124	-0.0245982489	0.026978585	-0.0914206801	0.072407065	-0.0435912223	0.00547294	0.01132919	0.0001283505460561	2.99530722436e-05	0.847551	0.135042	0.018236341764	0.7183426976010001	0.269883	-0.12208499999999999	0.07283683368899999	0.014904747225	0.0235874	-0.0009170000000000011	0.0005563654387600001	8.40889000000002e-07	0.00243734	0.0002779800000000001	7.727288040000008e-08	5.9406262756e-06	-0.00143101	0.0004798200000000002	2.302272324000001e-07	2.0477896201e-06	0.0	0.0	0.0	0.0	0.0	0.0	0.0	0.0	0.0	0.0	0.0	0.0	0.0	0.0	0.0	0.0	0.0	0.0	0.0	0.0	0.0	0.0	0.0	0.0	0.0	0.0	0.0	0.0	0.0	0.0	0.0	0.0
8208.871868014927	19.187466713921822	368.15887889785785	67385577.34548688	10341.94608197504	-26.345776923948502	106955848.76247887	694.0999617264579	6216.15107887774	5.130972223389108	26.32687595719057	38640534.23543289	6536.7145248470115	10922.428205212193	0.893914	44.986443	0.12115736000000002	0.0801235	0.0159418063	0.0206445089	0.0092916514	-0.0025699879	0.10315370619999999	0.0053409547	0.0040267281	-0.002630832	0.0375983004	-0.0309914328	0.0642387353	-0.0218770444	-0.0052589084	0.0174018054	0.1109412427	-0.022986144500000003	0.0161339288	-0.0554959433	-0.0003742493	-0.0028396215000000002	-0.007358843199999999	-0.0375810568	-0.06653187940000001	0.028994126800000002	-0.0814555038	0.0033321296000000003	0.0168294592	0.08434332259999999	0.1672237497	-0.034078376	0.0958397264	0.028263871800000007	0.0027800422999999996	-0.08397483189999999	-0.0143200643	-0.0368585487	-0.0128118288	0.0765168722	-0.0373390411	0.021884508799999997	-0.043056265499999996	-0.0474470295	-0.0462804517	-0.0185512546	-0.020396356799999998	-0.0731606464	0.05088555	0.0209013682	-0.09305897630000001	-0.0575795699	-0.012442900900000001	-0.0422535918	-0.0407295902	-0.116241939	0.0756198975	0.0056277919999999995	0.027490857999999996	-0.0618097839	-0.0024189594	0.0293133793	-0.0647211759	-0.022558262599999997	0.0471371825	-0.05292511900000002	0.07003803730000001	0.0774124048	-0.0256164197	-0.0029700361999999998	0.0722912624	0.0870966497	-0.006759008100000001	-0.0480658547	0.0306102058	-0.0362734227	-0.041862757	-0.1355681275	0.0151288797	0.0760594464	0.0428971005	0.047273721799999995	0.0696007204	0.05750849070000001	0.06776944	0.0056397296	0.0209286231	-0.049162523099999994	-0.0002605945	-0.030363875	0.0416984519	-0.0167531194	0.12290624439999999	-0.11319099070000001	-0.0911753188	0.0705001988	-0.0373180783	0.0486534697	0.074131407	0.093630249	-0.011219946399999998	0.0293379029	0.1186254146	-0.0041354183	-0.0097615773	0.10428238699999999	-0.0135690127	-0.1582085103	0.035695202200000005	-0.0777207556	-0.0229525394	-0.0013993758999999999	0.0635743274	-0.037272373	0.0012335245	0.047432403399999996	-0.0181624344	0.0658351987	0.0260755106	0.0051577271000000004	0.0343531539	0.061400610999999994	-0.09214065369999999	0.0209714495	0.0348756854	-0.019481580800000002	0.0631558958	0.037927648700000004	0.0365482419	-0.0121553823	0.0799018254	0.028711111	0.1002370899	0.0527344978	0.0261454991	0.0139277857	-0.08729553640000001	-0.0344742118	-0.09310357789999996	0.0006545075	0.0394134523	-0.0392274525	0.0269955327	0.0181722244	-0.05666361900000001	-0.0683939504	0.0834720708	0.0887087461	-0.0878128105	-0.0233663688	0.0215379093	-0.0652176555	-0.0294000213	-0.09729847400000001	0.043646307999999995	-0.0092515334	0.053021877099999996	-0.0374021425	-0.030984723999999998	-0.0069446986	-0.08416525300000001	0.1446628452	0.0826730561	0.0047708684	0.0512075985	-0.0406281815	-0.055867077800000005	-0.0732341233	-0.1005632935	-0.018535301	0.023865262999999998	0.0212215517	0.0759638488	0.0549598345	0.0514676922	-0.0749650828	-0.0923730724	0.1008634734	0.0061807642	0.1055903267	-0.0451977229	-0.0919458628	0.0743712266	-0.04752510099999999	0.0104318	0.00495886	2.45902924996e-05	0.00010882245124	0.8475030000000001	-4.799999999993698e-05	2.3039999999939503e-09	0.7182613350090002	0.289725	0.019842000000000026	0.083940575625	0.000393704964000001	0.0250287	0.0014412999999999993	0.00062643582369	2.0773456899999987e-06	0.00198826	-0.0004490800000000002	2.0167284640000007e-07	3.9531778276e-06	-0.00139522	3.578999999999996e-05	1.280924099999997e-09	1.9466388484e-06	0.0	0.0	0.0	0.0	0.0	0.0	0.0	0.0	0.0	0.0	0.0	0.0	0.0	0.0	0.0	0.0	0.0	0.0	0.0	0.0	0.0	0.0	0.0	0.0	0.0	0.0	0.0	0.0	0.0	0.0	0.0	0.0
8191.160182561726	-17.711685453200516	313.7038015931148	67095105.13638465	10347.602942381904	5.656860406863417	107072886.65319064	32.00006966273893	6209.196819492326	-6.954259385413934	48.36172359961779	38554125.14319361	6530.535360024255	11037.224290582944	0.9226	46.430092	0.23706375	0.124032	0.0156171433	0.032206657799999996	-0.00023976639999999998	0.032386692	0.09905634320000001	0.0175496588	0.0040705731	-0.0170237958	0.0079640566	0.0080390231	0.00017271240000000002	0.0244788838	-0.01052571	0.10930865869999999	0.052293103099999995	-0.0298924789	-0.0162856434	-0.0035343057	-0.0430695964	-0.0108904311	0.0168460975	-0.0110770546	-0.0454239628	-0.0115541394	-0.1050789491	0.0804505511	0.0043746209999999995	-0.0250805614	0.10477998349999999	-0.029540035	-0.0151040631	0.0303655498	0.0334207777	-0.059363027699999994	0.0583181842	0.0285688905	0.07055618129999999	0.0803619299	-0.027055150299999997	-0.022831212799999997	-0.0137633861	-0.005962161800000001	0.0104450284	-0.0018727932999999999	-0.0270498411	-0.025272658599999998	0.046994459100000004	0.0099207495	-0.0086974155	-0.0252365204	0.0181738073	-0.0050290313	0.0839753368	-0.078058893	0.10029488800000001	0.0132101644	-0.0292285804	-0.0094404574	-0.011031793500000001	-0.025670062200000003	-0.022466267	-0.09276193529999999	-0.0135559835	-0.0772746399	-0.034818575	0.1010465589	-0.06912038820000001	-0.0048337167	-0.010685275900000001	-0.036982174799999996	-0.0592035728	-0.042586800599999995	0.0162562398	-0.023402208900000002	0.0091049245	-0.2172163556	0.0157075463	-0.044001386399999995	0.040514012200000005	0.0708116625	-0.1507061454	0.0159791273	0.047090357199999995	-0.0691787038	0.011679163400000001	0.053071977400000005	-0.0314181681	0.0653078312	-0.0336313831	0.0023978645	0.058207984000000004	-0.0563732909	-0.0194550716	-0.0110207875	-0.1097594192	-0.05615790440000002	-0.0329781246	0.1093485955	-0.0175269445	0.0062055751	0.07434703990000001	0.0598109615	-0.014702905	0.0432519041	0.10885900470000001	0.1151931591	0.0017224435	-0.0164401146	-0.087666861	0.09163530240000001	0.12560737730000002	-0.0293397993	-0.027479009300000003	0.0101304852	0.0004857474	-0.0013386717999999999	0.0084391175	0.027578532200000002	0.007568729699999999	0.0390066337	-0.053303381600000005	-0.0015758382	-0.010578358999999999	0.0004392773	0.0205960306	-0.061173678899999986	-0.0353965952	-0.03405386	0.0751045436	0.0389469316	0.0046889808	0.0664027628	0.1034558899	-0.0054960777	-0.0111716457	-0.034586272700000004	-0.1082621291	-0.005436498499999999	-0.058881572800000004	-0.0366147443	-0.0285564937	0.0492563937	-0.11245990089999999	-0.031807233	-0.0416502096	0.039161810400000004	-0.0162523763	-0.15103339470000002	-0.0933376428	-0.06720047950000001	-0.0040778385	-0.0620977391	0.0088330087	0.0484461278	0.0449469551	0.049188196100000005	-0.0023228881	0.0348162796	-0.0183113474	0.1411851171	-0.022681083900000003	-0.0492895701	-0.0482672399	-0.005553060899999999	0.0962632397	-0.0177361785	-0.010495783100000001	-0.0076245928000000015	0.130314283	-0.1288151435	0.1444203775	-0.0246400344	0.03916807	0.029988731499999997	-0.022062253100000002	-0.0082542307	-0.027017266600000003	0.012640278000000001	-0.0628762549	-0.0924500708	0.0762675296	-0.051361421399999996	0.0184087	0.007976899999999999	6.363093361e-05	0.00033888023568999997	0.750174	-0.09732900000000012	0.00947293424100002	0.562761030276	0.345511	0.055786	0.119377851121	0.0031120777960000003	0.025968400000000003	0.0009397000000000015	0.0006743577985600001	8.830360900000031e-07	0.00180604	-0.00018221999999999984	3.320412839999995e-08	3.2617804816e-06	-0.000997703	0.00039751699999999996	1.5801976528900002e-07	9.95411276209e-07	0.0	0.0	0.0	0.0	0.0	0.0	0.0	0.0	0.0	0.0	0.0	0.0	0.0	0.0	0.0	0.0	0.0	0.0	0.0	0.0	0.0	0.0	0.0	0.0	0.0	0.0	0.0	0.0	0.0	0.0	0.0	0.0
8151.142530088398	-40.017652473327864	1601.4125094760445	66441124.54581589	10333.859177327184	-13.743765054719914	106788645.49682926	188.89107787934032	6203.171292837386	-6.025526654939313	36.30697146938415	38479334.08828185	6529.689815961061	10974.828532938402	1.001004	50.375793	0.34493225000000005	0.212013	0.0094829696	0.032292256899999996	0.0404143266	0.0250245926	0.0462471026	0.0111396884	0.0166167093	-0.0084504761	0.007561776899999998	0.08600543050000001	0.022333038	0.0725297267	0.026233494500000003	0.0267535399	0.0355216676	-0.0345167118	-0.0198857996	0.1004162119	-0.0379131119	-0.0638238103	-0.056687964800000004	0.00011094430000000001	0.0089708266	0.054432570599999994	-0.0484987946	-0.004580544099999999	-0.028960866800000002	-0.0152825687	0.16011744949999998	-0.0751608428	0.0246933152	0.07468131089999999	0.10559183289999999	-0.0910436091	-0.0062643609999999995	0.0100506609	0.1024804362	0.08440562210000001	-0.0029364211	-0.0191235354	0.0102310352	0.055970656900000006	0.0237888466	-0.026457881200000002	0.0159869404	-0.009481013100000001	0.030011928599999998	-0.0278723184	-0.007545609399999998	0.06186683530000001	-0.0311298885	0.0006135383000000001	-0.0145034376	-0.1988715271	-0.0495549621	-0.0022763105	0.08573119130000001	-0.0643520095	-0.0652437696	-0.11005512869999999	-0.0355686801	-0.005870619499999999	-0.0450732692	-0.09697539919999999	0.008400049	0.11876512060000001	-0.0166165625	0.0787835545	-0.0123922275	-0.0016077448999999998	-0.0057977099	-0.1417951454	0.1288435416	-0.009549617	0.0086759822	0.0158861353	0.011094472099999999	-0.0829772971	0.045580521	-0.0314009513	-0.0119953659	-0.0426356943	-0.0601945093	0.0723957322	0.10497032220000001	-0.0418128438	-0.046747964	-0.037925583	0.0410624977	0.0559087974	-0.0482076233	0.132208261	-0.0422301719	0.026897778799999997	-0.027814099199999998	-0.0196417518	-0.1479882481	0.0343640557	0.0955269728	-0.0401930356	0.0069474193	-0.0888109365	0.0677275404	0.0432836129	-0.06340231219999999	0.0866322932	-0.05972954990000001	0.1124762348	-0.1197765357	-0.058789582800000004	0.15847786390000002	-0.0060055225	-0.0118322343	-0.038847527	0.049003303600000006	-0.0358107014	0.0382542231	-0.014962837	0.000625415	0.029286458199999997	-0.0005380358	-0.059413254699999994	-0.0304312907	0.0512514434	0.0506403551	0.028604817799999998	0.040369034500000005	0.0792731029	-0.0108422516	0.0398622729	0.059781741	0.061020805	0.0005970126	-0.059916354299999995	-0.0833950198	0.0165007632	-0.1719334534	0.0263390127	-0.0562822669	-0.0554852308	-0.0186945701	0.0400493357	0.038444743999999996	-0.1437721726	-0.0854567833	-0.0021018501	-0.054741965999999996	-0.0243963022	-0.0780987062	-0.034875851299999996	0.0364568951	-0.0152630293	-0.1616526754	0.00035556339999999996	-0.0336115402	-0.0201144982	0.0062985554	-0.1083469514	-0.0609978997	0.032333798999999996	-0.095388229	0.026252553799999998	-0.1655479704	-0.0309068401	0.056333073399999996	0.078141592	-0.0619539209	0.13513094369999998	0.056780814299999996	-0.0015159388000000002	0.056478175199999994	-0.1702285957	-0.000602598	-0.0272868152	0.0701548907	7.89993e-05	-0.0177073665	-0.0687730384	-0.0109491088	-0.092933189	0.0780942437	-0.0550923084	0.0271956	0.008786899999999997	7.720961160999995e-05	0.0007396006593599997	0.559751	-0.190423	0.036260918929000005	0.313321182001	0.392081	0.04657	0.153727510561	0.0021687649	0.024501	-0.001467400000000004	0.0006002990009999999	2.1532627600000117e-06	0.0013858	-0.00042024000000000016	1.7660165760000006e-07	1.92044164e-06	-0.00109311	-9.540700000000003e-05	9.102495649000009e-09	1.1948894721e-06	0.0	0.0	0.0	0.0	0.0	0.0	0.0	0.0	0.0	0.0	0.0	0.0	0.0	0.0	0.0	0.0	0.0	0.0	0.0	0.0	0.0	0.0	0.0	0.0	0.0	0.0	0.0	0.0	0.0	0.0	0.0	0.0
8126.845159091201	-24.297370997197504	590.3622373754545	66045612.23984408	10374.222474053611	40.36329672642751	107624491.94115902	1629.1957226256336	6225.3492404881445	22.177947650758142	491.8613619997686	38754973.16604632	6556.440174912357	10869.014011827052	1.285485	64.69236	0.5088173999999998	0.337805	-0.035468642200000004	-0.0012184725	0.1177650331	0.0192946284	-0.042381162300000004	-0.0632865296	0.024473846299999998	0.0571017279	-0.044533045800000004	0.1250789908	-0.051849159699999994	0.0440411405	0.159897821	0.0726515186	-0.0198992552	0.0258393662	-0.0605901615	0.0418758281	-0.1721028648	-0.0686942692	0.056389143600000004	0.006301527800000001	0.025436980499999998	0.009933952	0.043758509699999996	-0.047769482599999996	-0.0105899129	-0.0550653334	-0.1297514546	-0.0364908979	0.0176249743	0.053813620599999994	-0.0987312911	-0.10233253490000001	-0.12707259199999998	-0.1452113942	0.0836341605	0.0075953703	0.0792480959	0.0533930635	0.0339264303	0.12283549710000001	-0.0053021473	-0.0313118291	-0.046852877800000005	0.0036553974	-0.01464406	-0.08529600279999999	-0.0728499266	-0.0710024798	-0.0452160429	0.0286754028	-0.020314170700000002	-0.058991529	-0.08067534559999999	0.0705940079	0.1737275602	0.1350482932	0.04988117190000002	0.0058332220999999995	0.0568360739	0.016057144199999998	0.15727559689999998	-0.1571669638	-0.0290759835	0.005879589300000001	-0.0573653029	0.0756016878	0.0044776901	-0.0653489079	0.0312655112	0.019567925400000002	-0.0067372539	-0.0996204291	0.0766600303	0.0834112625	-0.0317651933	0.0937037155	0.0506401121	-0.0787155361	-0.1230184442	-0.0205232574	0.0042772191	0.048442559	-0.1418317817	-0.0659817525	-0.0026041305	-0.034940722	-0.0771124425	-0.061057844699999995	0.022560361400000003	0.023638567000000003	-0.0611915022	-0.028302834199999998	-0.0094556276	0.0452119546	-0.109723031	-0.0324376121	-0.0926991091	0.11523769390000001	-0.09471250689999999	-0.011751618200000001	0.0535476113	-0.09665474380000001	-0.053207967599999996	-0.0683070965	0.0755172159	-0.07662563139999999	0.0647861503	0.0519736753	-0.0124384508	0.0635312572	0.0739117873	-0.0658643493	0.1032173612	-0.0467961664	0.0359620058	0.0719189741	0.011187908	-0.042153854500000004	-0.013192032900000001	0.0031081934	0.059969931500000004	-0.0063261626	0.060977520999999986	-0.0786025893	-0.0461758008	0.08023453230000001	0.1257953538	-0.0684188169	0.051728431799999995	-0.11881297560000001	-0.20923070059999999	-0.1500209031	0.0014172097	-0.0804802443	-0.1819595096	-0.0290800084	-0.0610734774	-0.00172088	-0.024302635899999998	-0.0752361708	0.013113139	0.0848744724	-0.052798698399999996	-0.1199076653	0.0177367391	0.020687726599999998	0.030716824	0.0179006167	0.030171886499999998	-0.0557240531	0.007363068100000002	0.022152936499999998	-0.1034985989	-0.0058502763	0.1613987838	0.1588416295	-0.0159895942	0.0064410896	-0.1634933627	0.0335607432	-0.07670138	-0.025347259100000002	-0.0237372363	-0.0542134973	0.0422055347	3.65473e-05	-0.0383830404	-0.1413539299	-0.0610464134	0.09090475199999999	-0.1324880934	-0.0048913666	-0.1024509066	-0.029202383199999998	0.0747081446	-0.0607695278	-0.0272007059	-0.09339510720000001	0.0798497022	-0.058710103300000004	0.0224878	-0.004707799999999997	2.2163380839999986e-05	0.0005057011488399999	0.25512	-0.30463100000000004	0.09280004616100004	0.06508621439999998	0.340283	-0.05179800000000001	0.115792520089	0.0026830328040000012	0.0220147	-0.002486299999999997	0.0004846470160900001	6.181687689999984e-06	0.00108737	-0.00029842999999999987	8.906046489999994e-08	1.1823735169e-06	-0.000924228	0.00016888199999999995	2.852112992399998e-08	8.541973959840001e-07	0.0	0.0	0.0	0.0	0.0	0.0	0.0	0.0	0.0	0.0	0.0	0.0	0.0	0.0	0.0	0.0	0.0	0.0	0.0	0.0	0.0	0.0	0.0	0.0	0.0	0.0	0.0	0.0	0.0	0.0	1.0	0.0
8105.988182182979	-20.85697690822235	435.01348575012037	65707044.40969011	10351.056712770604	-23.165761283007676	107144375.07099338	536.6524958212972	6218.666093105695	-6.683147382449532	44.66445893554205	38671807.97754245	6549.805937525591	10610.797315958542	1.394397	70.173386	0.7288725000000001	0.5361	0.025087130299999996	0.0005210980999999999	-0.0078930358	-0.0458582258	-0.051753774	0.0084418258	0.015292221200000001	0.0349137867	0.0157047999	-0.0368718829	-0.013459576899999999	-0.0331101707	0.0672387445	0.07712296	-0.0479744305	0.025324987900000002	-0.0330693268	-0.038178295699999996	-0.11085640990000001	0.08698018560000001	-0.1012566434	-0.1750148304	-0.010356161899999999	0.045790680599999994	0.09891118189999999	0.0094434811	-0.0193143721	0.0226025188	-0.0416082199	-0.021753932799999997	0.0583705365	0.0112960578	-0.0889029776	-0.0652827518	-0.054996574699999995	-0.1021076543	-0.0354691616	-0.039753021	-0.0026390702000000004	0.0158368909	0.0190705369	-0.0132345296	-0.0090340362	-0.0532592789	-0.0478304008	-0.0077015782999999985	-0.0190282287	-0.1092815506	-0.10244302640000001	-0.013048526599999999	-0.0084256016	-0.0422885752	0.012682648500000001	0.041065121600000004	0.060311663700000004	0.0442201401	0.1294756836	-0.0049677242	0.0617622773	0.0211618827	0.0710319523	0.0475716554	0.0588428252	0.017409266200000002	0.0368685589	0.0179336651	-0.0781325078	-0.0346645612	-0.1120582384	-0.09629126369999999	0.021685881299999998	0.0306929786	0.0874744159	0.0400429933	0.0132492101	0.0317933078	0.18201419	0.0139601609	0.0071632406999999985	0.0828629393	-0.0354552388	-0.0095375021	0.0418261985	0.08073763	-0.069808927	-0.0240304941	0.0017005117	0.0242609619	0.062421326299999996	0.0626094923	-0.1089765007	0.0083261447	0.10565858210000001	0.0185638652	-0.053699278499999996	0.09153137480000001	0.046730685999999994	0.16068538029999999	0.1312903915	-0.035838808199999996	-0.0234692248	-0.0305709854	0.0360640046	-0.0907727478	-0.0999652635	-0.1391952083	0.024887142200000004	-0.0026221695000000003	-0.014254656200000004	-0.0020277262	-0.0800917371	-0.0037775484999999997	0.0214397916	-0.0040663883	-0.0323679792	-0.0096657298	0.0608519062	0.0540389417	0.053698358499999994	-0.0635282055	0.023768499300000002	0.013856829099999999	0.0228546798	0.0094447344	0.1338786095	0.0166438662	0.0196735575	-0.1143688563	0.042683491	0.043106028600000006	0.0712164736	0.0339351899	-0.1074659347	-0.040015136	0.0223006297	-0.039875489199999996	0.0221853365	-0.042290529900000005	0.09755159599999999	-0.030794435	0.0838589671	0.020831385600000002	0.024108663	0.000717792	-0.053983202800000005	-0.0661439429	0.068290463	-0.0325340835	0.1093291376	0.048106314299999994	0.1176634991	-0.0038030896999999998	-0.0328768289	0.1041605694	-0.0120629643	0.1216440624	0.0948344277	0.0304895982	0.0194990616	0.0613670192	0.0447511693	0.027461494399999998	0.08731760029999999	-0.028270341299999998	-0.023259130899999998	-0.0182896108	-0.06858053780000001	0.0759370196	0.0280052415	-0.0133540129	-0.0818804984	-0.0721264508	-0.0415142767	-0.2206896746	0.014506943400000001	-0.1277501816	-0.0098002048	0.10814282050000001	0.017432716100000002	-0.09383572009999999	0.08153230339999999	-0.0622073795	0.0271572	0.004669400000000001	2.1803296360000005e-05	0.0007375135118399999	0.757374	0.502254	0.25225908051600004	0.573615375876	0.327133	-0.013149999999999995	0.107015999689	0.00017292249999999987	0.0254171	0.0034023999999999964	0.00064602897241	1.1576325759999976e-05	0.00165946	0.0005720899999999999	3.272869680999999e-07	2.7538074916e-06	-0.00112572	-0.00020149199999999995	4.0599026063999977e-08	1.2672455184e-06	0.0	0.0	0.0	0.0	0.0	0.0	0.0	0.0	0.0	0.0	0.0	0.0	0.0	0.0	0.0	0.0	0.0	0.0	0.0	0.0	0.0	0.0	0.0	0.0	0.0	0.0	0.0	0.0	0.0	0.0	0.0	1.0
8099.872317809689	-6.115864373289696	37.403797032474166	65607931.5648197	10347.02713496406	-4.029577806544694	107060970.53168254	16.237497298997546	6205.40589677065	-13.260196335045292	175.83280684394862	38507062.34367595	6533.602914797152	10431.905620192025	0.8611280000000001	43.336494	0.0923711	0.0542054	0.031838966499999996	-0.0125149183	-0.043645351900000004	-0.06053792230000001	-0.074310887	0.0136632301	0.0179906859	-0.0177908784	0.0209079494	-0.048929700300000004	0.0295657181	-0.0106635173	0.0376648495	0.1093594569	-0.1102805713	0.046869719500000004	0.026709197400000002	-1.0997e-06	-0.15667927339999999	-0.0023445036999999998	-0.0044361644	0.0659183926	-0.030918705499999997	0.0341728631	-0.0129934901	-0.0030537892	-0.033162515	0.038183396200000004	-0.0832138203	-0.029935978999999998	-0.0231708127	0.0679464178	-0.0777967897	0.025349239300000003	0.0938447163	-0.0315321374	0.009460539799999999	-0.1012338357	-0.020677415	-0.0169363744	0.0016238174	-0.016454553700000003	0.0283179875	-0.0392647707	-0.0456495175	-0.0117869673	-0.0544906246	-0.0875909131	-0.0372125721	-0.014392986000000003	-0.0464734079	-0.044352295800000004	-0.0111296397	0.0384525253	0.022179735099999997	0.003306495	0.0745907966	0.051389414	0.04807909639999999	-0.024496632799999998	-0.0474319771	-0.0336616675	-0.0035861102	0.0076341841	0.0010604827	0.0633297475	-0.013611301499999999	0.09245070710000004	-0.0568129721	-0.07488870339999999	-0.033049449	0.0312723171	-0.0946644717	-0.0758949049	0.0737346379	0.0396080234	0.13925523	-0.0303884982	-0.0694618436	0.0422574853	0.037454064100000004	0.11844915660000001	0.0682536349	-0.043761981299999995	-0.0827323688	-0.0689030342	-0.0136840578	-0.030497871	-0.1426322729	-0.0829921778	0.028479595400000002	-0.0623405823	-0.0392568977	-0.09718606099999999	0.132389282	0.1416868308	-0.0025730121	0.011597611200000002	-0.0226549618	0.0249947387	-0.0272720807	-0.0020764559	0.026305525	-0.048999379	0.0288918638	-0.0785781045	0.1031239066	0.0059674075	-0.07170310790000001	-0.0981768642	-0.07408884	-0.0180525362	-0.012410154599999999	0.0146125144	-0.0301278744	-0.0322702021	0.0492937125	0.0394880518	0.0430050386	-0.030745061	0.0602422408	0.0352144794	0.0321623182	0.0333871657	0.085880046	0.0009371456	0.0433373517	-0.036476611400000004	0.0662558305	-0.0075262768	0.0035619818	-0.0549068968	0.0092146378	-0.07810585980000001	0.0030843864000000003	-0.08153679559999999	0.036052912	0.0467253362	-0.061910960099999995	-0.0708292284	-0.0160331692	-0.0658743903	0.0010626527	-0.012054561299999999	-0.053807607199999996	-0.0587252025	0.013224245	-0.0785542719	0.0499272037	0.0098122576	0.1364896451	-0.0138436127	0.0512902397	0.1409996131	0.027160388599999998	0.0408516251	0.028066625	0.045965328300000004	-0.0719666924	-0.0993189311	0.011665041000000001	0.013829477199999999	0.0800258683	0.1557664251	-0.0264376603	-0.1173689927	0.0329720569	0.0216686267	0.0488949424	0.0721400443	-0.0565340615	0.0248892422	-0.1320899736	-0.1147058775	-0.0513817878	0.0740361953	0.0743071146	0.011720596399999998	0.0485113094	-0.09425492710000001	0.083140512	-0.0655769581	0.0275298	0.0003726000000000007	1.3883076000000054e-07	0.0007578898880399999	0.79603	0.03865600000000002	0.0014942863360000015	0.6336637609	0.341832	0.01469900000000002	0.11684911622400003	0.0002160606010000005	0.0260704	0.0006533000000000025	0.00067966575616	4.2680089000000327e-07	0.00160773	-5.173000000000005e-05	2.675992900000005e-09	2.5847957529e-06	-0.00105788	6.784e-05	4.6022656e-09	1.1191100944e-06	0.0	0.0	0.0	0.0	0.0	0.0	0.0	0.0	0.0	0.0	0.0	0.0	0.0	0.0	0.0	0.0	0.0	0.0	0.0	0.0	0.0	0.0	0.0	0.0	0.0	0.0	0.0	0.0	0.0	0.0	0.0	0.0
8081.82407644624	-18.04824136344905	325.73901631331324	65315880.40262612	10335.34710824263	-11.680026721429384	106819399.84785928	136.42302421330447	6194.410463177521	-10.995433593128837	120.89955990090613	38370720.98632315	6525.7700265142	10430.474780248023	0.790008	39.757366	0.022102499999999848	0.0146775	0.03188549	-0.0185138748	-0.050873504400000005	-0.059548857699999985	-0.079947104	0.020336655800000002	0.016603201	0.0045446628999999995	0.025614468999999997	-0.0149107857	0.0057968601000000005	0.012448996100000002	0.030897726099999998	0.0533914724	-0.0943217728	0.0833783592	0.0308639086	0.0157143437	-0.0450750004	0.0991939289	-0.0314340435	-0.0952968132	0.0551119987	0.0893439384	0.10044301609999999	-0.0317572068	0.0914726536	0.044036482800000006	-0.055257265599999994	-0.0089752628	0.0129368874	0.0395399923	-0.0074860590000000015	-0.0056595481999999996	0.0589973508	-0.0398384785	0.0315995009	-0.0545900296	-0.0403283227	-0.023790032200000002	-0.0001463831	-0.012430543899999999	0.0371633707	-0.032959849	0.0325343	-0.0257784802	-0.0992249359	-0.0866883172	-0.0320524956	-0.009387260500000001	-0.05740114280000001	-0.0308042381	-0.0071598252	0.000582861	0.0947211949	0.0389334385	0.1103609274	-0.0145976396	-0.013786116999999999	0.0379698427	-0.019298729299999998	0.023337285	-0.048971462300000004	-0.056724850099999995	0.0900012342	0.0058185895	-0.09388830570000001	0.053255899	-0.022566248900000002	0.038781759	0.08755583550000001	-0.0609052722	-0.0364573341	-0.0007647015	-0.0091518814	-0.032742474	0.0634201204	-0.20783534829999997	0.0913585017	0.0318324177	0.010032745400000001	-0.0229806982	-0.0232320236	-0.0159450122	0.033349387200000004	0.0960708619	-0.0425115896	0.05849842440000001	-0.0073549483999999984	-0.0478857757	-0.0928843461	-0.045047162	0.0052003872	-0.0887757938	0.0029713028	-0.0338988076	0.1057711775	-0.024909592	-0.0031554094	-0.1056047116	-0.0360691499	0.0392119626	0.012998940700000001	-0.0473812266	-0.0157703791	-0.0248525117	-0.016439586200000002	0.0677345157	0.0149436728	-0.09310411130000001	-0.0482199079	-0.029111537200000006	-0.0186168147	0.0096179381	-0.024886015299999998	-0.0322919967	0.0594076004	-0.0263386753	0.0382799407	-0.0544640886	0.10546677269999999	0.0577794894	0.0318597413	0.0483030375	0.0649138047	0.0206474452	0.0192198381	-0.0796004363	0.0676677516	0.0231278564	0.0817637907	0.0682441579	-0.0517926192	-0.0240515439	-0.0338850112	0.048116696699999996	-0.0320849656	0.0433267846	0.0358844032	-0.1165410833	0.0134698969	0.0040769781	0.0290254155	-0.0513524249	-0.0309645169	0.060465742	0.0565712625	-0.0392832217	0.0340098581	0.0722117483	0.033581157599999995	-0.0953481054	0.005580940600000001	0.0354760878	-0.0300232408	0.12358976320000001	-0.0126205568	-0.11538026679999999	0.005301619699999999	-0.035899821299999995	-0.0315176131	-0.0281309362	0.0580242046	0.1165886095	0.0860316843	0.0120372094	0.0033764155	-0.0554479267	0.0763077454	0.0350799733	-0.0915259593	0.0017463617000000001	-0.056162637	0.0277607655	0.0060495003	-0.0172685344	0.025384409700000003	-0.0386055136	-0.0163329219	-0.0946526326	0.08467286060000001	-0.0688119219	0.0280428	0.0005129999999999996	2.6316899999999954e-07	0.00078639863184	0.8023520000000001	0.00632200000000005	3.9967684000000627e-05	0.6437687319040001	0.342764	0.0009319999999999883	0.11748715969600003	8.686239999999785e-07	0.026326	0.0002555999999999982	0.0006930582760000001	6.533135999999907e-08	0.00162133	1.3600000000000114e-05	1.849600000000031e-10	2.6287109689e-06	-0.00107539	-1.7510000000000095e-05	3.066001000000033e-10	1.1564636521000002e-06	0.0	0.0	0.0	0.0	0.0	0.0	0.0	0.0	0.0	0.0	0.0	0.0	0.0	0.0	0.0	0.0	0.0	0.0	0.0	0.0	0.0	0.0	0.0	0.0	0.0	0.0	0.0	0.0	0.0	0.0	0.0	0.0
8064.465493520926	-17.358582925313385	301.3204011749814	65035603.69618972	10321.824808640768	-13.522299601861961	106540067.38027202	182.8525865225161	6177.724814701392	-16.685648476129245	278.4108650689542	38164283.88617735	6506.715805075952	10454.123323332713	0.9111880000000002	45.855755	0.11322470000000005	0.0541356	0.0200647252	-0.0133995128	-0.06701220769999999	-0.053942221900000004	-0.10097858800000001	0.0243891963	-0.026028771000000003	-0.0012787836	-0.0038871263	-0.0523565367	-0.008233700600000001	0.0177887981	0.0522272603	0.0628152112	-0.1275225125	0.1174901524	0.0400181127	-0.0339752757	-0.0819816296	0.0009223128	0.0062664531	-0.0508092736	-0.0393758917	-0.0156913214	-0.0156243102	0.0560788364	0.0021191031	-0.038293490699999995	-0.05514203	-0.0059150860999999996	0.0097671942	0.0812953541	-0.18187535559999998	-0.0256457828	0.1195187347	-0.0900663308	0.0085938054	0.0566262014	-0.051014308700000004	-0.0500307946	-0.0124886693	-0.037481924900000005	0.0579639967	-0.0005627327	0.0375359227	-0.016318761299999998	-0.1296672221	-0.0711806388	0.061298769	-0.0772001226	-0.0324541344	0.059039181100000004	-0.0331782349	0.0553879125	0.0914216452	0.0528618432	0.0091241081	0.056012508899999994	0.1073514277	-0.0162952562	-0.011628715	-0.0892333314	0.0167187955	-0.010468229	0.0242413269	0.06315660719999999	0.009105869300000001	0.0275319928	0.07085488940000001	-0.0224782075	-0.0952695905	0.0149048521	-0.1138363065	0.06654028070000001	-0.0299421759	-0.0314020574	0.0997149859	0.016268875	0.1479744805	0.12416206449999999	0.0180051635	0.0681614025	0.007387374300000002	0.10025645470000001	-0.0005208044000000001	0.09783214050000001	-0.0051991432	-0.107195192	-0.11866411619999999	0.08512491529999999	-0.0396981805	0.016409633	-0.0207675153	0.0821736916	-0.05992556070000001	0.1500986302	0.05729796490000001	-0.0832723578	-0.045278506100000004	-0.028037157099999998	-0.010408437	-0.0297874361	0.0318985289	-0.1052899238	0.1037579297	0.08240453910000001	0.07118420889999999	0.1106657304	-0.059090100599999994	0.1276004047	-0.07406696410000001	-0.0331583375	-0.0470545379	0.0266613108	-0.0429103874	-0.0296979184	0.0228242524	-0.022436114	-0.0034286974	-0.0537006608	0.1035535016	0.1084656492	0.052338545	0.0230309448	-0.0360057862	-0.0741216683	0.0257494475	-0.027167772000000003	0.11684460449999999	0.0391097458	0.035070623700000005	-0.048219709900000005	0.0211235615	-0.0348680761	0.0431203655	-0.081927856	-0.0069441458	0.0387322979	-0.0176176197	-0.0458389195	-0.0757921868	-0.0986709309	-0.0754060055	-0.00030497040000000003	-0.0935733307	-0.0301428031	0.0184105087	-0.0740958704	0.0622167747	0.0654565372	0.0171685434	-0.0139480094	-0.021425995899999998	0.025866997000000003	0.035011196200000004	0.08570546220000001	0.0508980463	-0.0694132679	-0.0357313284	-0.0159080841	0.08878396699999999	-0.161467906	0.11636610929999999	0.0732340043	-0.1556270964	0.0627986535	-0.0111992902	0.1059365699	0.0639189193	0.0116097892	0.0209181324	0.130547227	0.0709986872	-0.0005227758	0.0116787415	0.0986888061	-0.0046543218	-0.0680578069	-0.0039093021	-0.0950287458	0.08612795109999999	-0.07190563030000001	0.0247721	-0.0032707000000000014	1.0697478490000007e-05	0.00061365693841	0.8301429999999999	0.027790999999999788	0.0007723396809999883	0.6891374004489997	0.305054	-0.03771000000000002	0.093057942916	0.0014220441000000015	0.0266865	0.0003605000000000032	0.0007121692822500001	1.2996025000000232e-07	0.0012334000000000002	-0.0003879299999999999	1.5048968489999994e-07	1.5212755600000004e-06	-0.00093476	0.0001406300000000001	1.9776796900000025e-08	8.737762576e-07	0.0	0.0	0.0	0.0	0.0	0.0	0.0	0.0	0.0	0.0	0.0	0.0	0.0	0.0	0.0	0.0	0.0	0.0	0.0	0.0	0.0	0.0	0.0	0.0	0.0	0.0	0.0	0.0	0.0	0.0	0.0	0.0
8061.171318431922	-3.2941750890040566	10.851589517014883	64982483.02510946	10299.797797058698	-22.027011582069463	106085834.6602952	485.1892392366223	6163.394382715837	-14.330431985554242	205.36128089259608	37987430.31689314	6488.205856478262	10497.942634469007	1.006528	50.653805	0.22436598000000013	0.112034	0.010494202900000001	-0.0199353473	-0.10674327689999999	-0.0220785378	-0.13844665150000002	0.0358789542	-0.0408146826	-0.0799370891	-0.0282067144	-0.076723604	-0.0070358575	0.0273417379	-0.045230978899999996	0.0166495698	-0.1180151119	0.1162211731	0.1128834209	-0.0344244403	0.05737006980000001	-0.019650460800000002	-0.0365632957	-0.0872579895	0.0801294629	-0.0442543476	0.028873515899999997	-0.0278852568	-0.0934035692	0.0660386312	0.0905279884	-0.004883526	-0.1039567954	0.0497043936	-0.0105583994	-0.0029607640000000003	0.0298862479	-0.0605667842	-0.008705698000000001	0.014896574899999999	-0.0505339121	-0.0902528592	-0.0256740937	-0.0452521374	0.0979089092	0.0696768872	0.1172268177	-0.0036052109	-0.1320787223	0.0070753119	0.19919392800000002	0.009247729599999999	-0.0354457657	0.1568173359	-0.08513213970000001	-0.0416607558	0.06425804980000001	0.0803056178	-0.058215545999999986	-0.0777175028	0.10334089939999999	0.0704753777	0.034309703	-0.06997297570000001	-0.0432269529	0.0690172133	0.1107946401	0.0413228554	0.038860801	0.0289934112	-0.043643167000000004	0.0238923905	0.09879060529999999	-0.0635276396	-0.0931072345	-0.06674731490000001	-0.025857937799999998	0.0632212897	-0.0077308605000000015	0.0625087147	0.0231714722	0.0669845682	0.0858585829	-0.08490873369999999	-0.1103984132	0.039302702200000005	0.0759006163	-0.1120768456	-0.0069547876	0.008657640500000001	0.0908709568	0.0483060772	0.0076316075	-0.0343704845	0.043821328099999994	-0.052960882300000005	0.0075181715	-0.0659288858	-0.0305496259	0.0228705448	-0.1046186572	0.0804061331	-0.0135365007	-0.031520759700000005	-0.0674377916	0.024629719100000003	-0.0058614677	0.0060073714	0.040141349300000004	-0.0994444669	-0.0095109421	-0.0879493434	-0.002143029	-0.0338047952	-0.0962494742	0.0505303178	-0.0356809047	-0.052263564500000005	-0.0380682829	-0.11962767619999999	-0.042356033499999994	-0.0380108112	0.1325162312	0.1086142798	-0.017549053000000002	0.0479787468	-0.1664192977	-0.053473538200000004	0.08656990619999999	0.0293812044	0.05916015400000001	0.1798044529	0.0194723698	-0.0024138376	0.0058162062	0.0862581717	0.1205867808	0.046171160499999996	0.038047804399999996	0.0254303746	0.057527240199999996	-0.09831292109999999	-0.0807885356	-0.0625434544	0.0058880595	-0.0722638996	-0.0134382752	0.0624965667	0.1010206766	0.042575271	0.025390922599999997	-0.0135741919	0.0388942567	-0.0268732604	-0.0487621642	-0.055903170700000004	0.0445478395	-0.1275333107	-0.0673036009	-0.0783055976	0.0447535604	0.0622634572	0.0028648717	0.1632490235	-0.0602501207	-0.0165861843	-0.08669074880000001	-0.0113576846	-0.0791895797	-0.0728718371	-0.0703967713	-0.1209935684	-0.006243998000000001	0.0520512662	-0.023479702	0.0726694699	-0.0600982235	-0.0124250534	0.0226079694	-0.0189608548	-0.070694566	-0.095383181	0.0875044557	-0.07485173269999999	0.00699487	-0.017777229999999998	0.00031602990647289995	4.89282063169e-05	0.815475	-0.014667999999999903	0.00021515022399999718	0.664999475625	0.227682	-0.07737199999999997	0.051839093124000014	0.005986426383999995	0.028210200000000005	0.0015237000000000028	0.0007958153840400003	2.3216616900000088e-06	0.0008803749999999998	-0.0003530250000000004	1.2462665062500025e-07	7.750601406249995e-07	-0.0013490100000000005	-0.00041425000000000056	1.7160306250000047e-07	1.8198279801000011e-06	0.0	0.0	0.0	0.0	0.0	0.0	0.0	0.0	0.0	0.0	0.0	0.0	0.0	0.0	0.0	0.0	0.0	0.0	0.0	0.0	0.0	0.0	0.0	0.0	0.0	0.0	0.0	0.0	0.0	0.0	0.0	0.0
8076.076542205484	14.905223773561374	222.1656957399392	65223012.31556168	10301.278103637527	1.480306578829186	106116330.56848197	2.1913075673249693	6169.822383084059	6.4280003682215465	41.319188733856336	38066708.238805056	6495.361846877305	10229.226934263668	1.107287	55.724491	0.14214060999999995	0.0801951	0.0233652398	-0.0904719489	-0.0805540522	-0.1052154547	-0.0641271736	0.0332902859	-0.0277751457	-0.0467475696	-0.024953591	-0.062206277699999986	0.0139273718	0.0517827263	-0.020333461100000002	-0.0330333042	-0.10936109890000001	0.0594043239	0.1245077631	-0.1118505182	0.050394481500000005	-0.042901902699999994	0.0570788083	0.0296293569	0.005800922900000001	-0.0746666949	0.07601587259999999	-0.06765751610000001	-0.0394555209	0.0276459493	-0.0859968413	-0.0122405598	-0.0197895796	-0.0187049297	-0.1262876739	0.0720496224	0.1139871266	-0.0085530354	-0.082826715	-0.0198803117	-0.055265109400000005	-0.0553698566	-0.048029253	-0.0345359627	0.1054259117	0.0367845773	0.1413504941	0.0593031241	-0.0990449696	0.0599503738	0.1645404121	-0.0577948201	0.0423167736	0.1269734925	0.0026307034000000004	0.09156871539999999	-0.0235917967	0.0612626391	-0.1150108659	-0.0895658374	0.0720635491	0.0334742963	-0.0103103916	-0.045770352400000006	-0.0249101423	0.0553720919	0.1081289895	0.0619589907	-0.0537861137	0.1128351971	-0.0207893767	-0.0763324958	0.029178268900000002	-0.1559006036	-0.0008520539	0.0956514069	0.0355690831	0.0186119977	-0.09846511599999999	-0.1244174352	0.0692764306	0.0815062911	-0.0905750278	0.0727187356	-0.049882752300000006	-0.0277790809	-0.01561526	-0.0413162853	-0.0349496205	0.0017765394	0.032312577200000005	0.1117005443	0.092886546	-0.0667960662	0.044031569000000007	0.0039395484	0.0291053673	0.05187095940000001	0.028447747000000002	-0.0315520003	-0.0096845418	0.026342320899999997	0.0150042419	-0.0237786018	0.11071548199999999	0.0751780396	0.029543217000000007	-0.0345013506	-0.0780207875	-0.10868807230000001	0.0911205984	0.0116280376	-0.0243515043	-0.0349427069	-0.0612733528	0.0601580802	-0.0293081173	-0.055663026100000006	-0.0174144789	-0.1206157335	-0.1126100035	-0.0514734061	0.10894077140000001	0.07574011209999999	0.009869104699999999	-0.026404809700000004	-0.1918727988	-0.0902294766	-0.0206312846	-0.013593948799999998	-0.0144458265	0.0760852393	0.0121671278	-0.0315956914	0.0750014428	0.1061689257	0.1513454998	-0.0370329279	0.021049405	-0.0029265656	0.0171506821	-0.135630249	-0.0520237602	0.0385316207	0.0193159427	-0.1412379012	-0.0639255727	0.0251673306	0.059841024699999995	0.0485475176	-0.11064209189999999	0.05536312400000002	-0.025014890499999998	0.021544822	-0.0529187782	0.0412050991	-0.0827164775	0.1215104516	-0.1159789449	0.0252497915	-0.10419108140000001	-0.0162715942	-0.0015791759	-0.0271496603	0.034537168199999996	-0.0219914609	0.0220700346	-0.0236138894	-0.0435371295	-0.0579700308	0.0074154429	-0.05287054099999999	0.0985688929	0.0658242497	0.0387447803	0.0028392256	0.07418112019999999	0.0448972191	0.0477535794	-0.0217185698	0.0915502577	-0.0957158574	0.08880111859999999	-0.0776441814	-0.00339214	-0.01038701	0.0001078899767401	1.15066137796e-05	0.7465469999999998	-0.0689280000000001	0.004751069184000014	0.5573324232089998	0.235256	0.0075739999999999705	0.055345385536000005	5.736547599999954e-05	0.027633	-0.0005772000000000069	0.0007635826889999999	3.3315984000000794e-07	0.000407533	-0.0004728419999999997	2.2357955696399975e-07	1.6608314608900002e-07	-0.001404	-5.498999999999934e-05	3.023900099999927e-09	1.9712159999999995e-06	0.0	0.0	0.0	0.0	0.0	0.0	0.0	0.0	0.0	0.0	0.0	0.0	0.0	0.0	0.0	0.0	0.0	0.0	0.0	0.0	0.0	0.0	0.0	0.0	0.0	0.0	0.0	0.0	0.0	0.0	0.0	0.0
8106.190956963851	30.11441475836727	906.8779762389688	65710331.83076251	10307.580200327422	6.3020966898948245	106246209.58618191	39.7164226887833	6177.05759115924	7.235208075180707	52.348235891160115	38156040.48449799	6500.813797542277	10531.026431226464	1.092956	55.003288	0.1789549799999999	0.100637	0.0083803538	-0.0513608202	-0.08390043300000001	-0.022108153300000002	-0.09361587539999999	0.021532466899999998	-0.0293069683	-0.0658500006	-0.058198938099999986	-0.0415332471	0.0029472749	0.0291005269	-0.0119162844	-0.1122255443	-0.058596914800000004	0.007357820500000002	0.0394646554	-0.0730499043	0.08284184480000001	-0.0337543976	-0.012435857	-0.131056875	0.020501029	-0.1072115261	0.0297772252	0.015425585	-0.0483081183	0.014507524099999999	0.0458277866	0.0213057214	-0.0019903128	-0.018298619	-0.0806920905	0.0827721168	0.0871194219	0.015053033300000001	-0.0167811946	0.0814039703	-0.0232104146	-0.0662733021	-0.0157160012	-0.012040963600000001	0.09907342699999999	0.0754146212	0.11020964220000001	0.0409824438	-0.061458109800000014	0.0326817236	0.1702893613	-0.0014650486999999998	0.0442505629	0.1702313855	-0.0471203757	-0.0540014378	0.0053262347	0.0264669545	0.0594883504	0.0073618028	0.0423689998	0.0324689657	0.0653335253	-0.10099748439999999	-0.10467016330000001	0.0460252622	0.0346759795	-0.0023000836	0.043997798899999996	-0.0320411662	-0.0526021075	0.0071042611	0.021478445099999997	0.012457193799999999	0.0843110682	0.1146297581	-0.0970019744	0.0663226804	-0.045142271399999996	-0.0707815631	-0.017542643899999998	0.0097078387	-0.1337940071	-0.0764892026	0.0617579621	0.1179462443	0.1163486868	-0.0377264715	0.12762801740000002	0.0343591931	0.0598086544	0.0082412145	0.0173498523	0.047935930700000004	-0.06499452650000001	-0.0172666121	0.060707825300000004	0.0553203402	-0.0681114684	0.0398277717	0.0238020457	-0.0453896081	-0.010989631299999999	0.0052045204999999995	0.0281736697	-0.0547822171	-0.013278143899999999	0.0039852518	0.0149923248	0.047119675300000004	0.14580921970000002	-0.031986595699999995	-0.0398499426	-0.011801853300000002	-0.0682253008	0.0367381815	-0.0045227172	-0.06236581450000001	-0.0634098347	-0.1172879253	-0.08109442160000001	-0.0456395266	0.0564872384	0.0597385789	-0.0289961943	0.005697231999999999	-0.15630184130000002	-0.06266331019999999	0.0320039823	0.042705006	-0.0334948333	0.1892183128	-0.0418537904	0.0380892238	-0.0969663128	-0.0035049446999999997	0.0712555105	0.025753283300000002	0.0631783209	0.054872595	0.0880235134	-0.047630264299999996	0.0089344161	0.014105733700000001	-0.0553790444	-0.012935753999999999	-0.0069077784	0.0475405627	0.025621331	0.030647480699999997	-0.0181873567	0.0475240233	-0.08595608560000001	0.062422786200000004	-0.1111484911	-0.0009146635000000001	-0.024756844500000003	0.0211733455	0.1198593976	-0.0862889014	-0.032166391600000004	0.0883915058	-0.0475345729	0.09807665039999999	-0.09617157550000001	-0.16957224769999998	-0.0053243687	0.0049164015000000005	0.0710467074	0.058500131	0.0432226942	0.0570169609	-0.0180599635	-0.029909723500000002	-0.0596757366	0.045171044800000004	-0.014932743200000001	-0.0455845551	0.0470069269	-0.0327877447	0.06007266610000001	-0.09602669890000001	0.0900167565	-0.080277244	-0.00369062	-0.00029847999999999984	8.90903103999999e-08	1.36206759844e-05	0.657416	-0.08913099999999985	0.007944335160999972	0.43219579705600003	0.199483	-0.035773	0.039793467289	0.001279707529	0.0281753	0.000542299999999999	0.0007938475300899999	2.9408928999999897e-07	0.0006575330000000001	0.0002500000000000001	6.250000000000002e-08	4.3234964608900004e-07	-0.00168675	-0.00028275000000000023	7.994756250000013e-08	2.845125562500001e-06	0.0	0.0	0.0	0.0	0.0	0.0	0.0	0.0	0.0	0.0	0.0	0.0	0.0	0.0	0.0	0.0	0.0	0.0	0.0	0.0	0.0	0.0	0.0	0.0	0.0	0.0	0.0	0.0	0.0	0.0	0.0	0.0
8159.6647250564965	53.47376809264552	2859.4438740260325	66580128.42533131	10338.699191114656	31.118990787234	106888700.96435484	968.3915876159544	6204.748225656934	27.69063449769419	766.7712388848918	38498900.54379287	6523.551663673641	10717.830143059657	0.8956860000000001	45.075642	0.16348287	0.0784948	0.0082251526	-0.0376828508	-0.0703900592	0.0232668613	-0.0717150981	0.0046793165999999995	-0.0159578303	-0.0755468219	-0.0355795618	-0.030366909700000007	-0.0131084404	0.0383917692	-0.0296619139	-0.1296327684	-0.0183905611	0.0530136095	0.05799588610000001	-0.0788840519	0.0390143749	-0.09508462470000001	-0.025320442000000002	-0.0726091779	0.029357391899999998	-0.081187121	-0.0680057513	-0.0217662771	-0.1291474219	0.036251241000000003	-0.0381583919	-0.08700594789999999	-0.08444857060000001	-0.0792303008	-0.0195696703	-0.0119138759	0.0699193937	-0.0758740718	0.0792246798	-0.0268678492	0.0031354175	-0.052660313	-0.0315284708	-0.0021240406	0.0726881531	0.08704756470000001	0.0319532346	0.0827599492	-0.017422121699999998	0.054424998200000005	0.1823013685	-0.0162272278	0.0398675127	0.1173299003	-0.0848123329	-0.0623960713	-0.10286419849999999	-0.026655821099999998	-0.0975111641	-0.027988958199999997	0.08781396720000001	0.0480269179	-0.014895495600000001	-0.0065960248	-0.10764524240000001	0.0123868104	0.0039140232	0.0257271783	0.0675119678	-0.013764801299999999	0.0554783488	-0.0202077231	-0.0940952903	-0.0106620798	0.049958211399999994	-0.0713051655	0.074886337	-0.0813134797	-0.07677443219999999	0.0853197117	-0.0832550968	0.0209098903	-0.021361535499999997	0.08949157519999999	0.005712019699999999	-0.024261213900000002	-0.05395812059999999	0.08296063690000001	-0.079566489	0.03496066	-0.0391037013	-0.109728898	-0.030713758100000002	-0.0071994643999999984	0.012903158799999998	-0.026498063199999998	-0.0444817401	-0.0183300807	0.0373167092	0.0086617461	-0.0454001294	-0.0154876899	-0.0655412831	-0.12462575220000001	0.0050413471	0.031620190299999996	0.1217251364	-0.0330178721	-0.0035577106	0.0138991483	0.031069222200000007	-0.009366741500000001	0.011508284799999999	0.0012585861	-0.058589175300000004	0.0350304538	0.0129314483	-0.045193579500000004	-0.0940692847	-0.0452084756	-0.08687791939999999	-0.0173750187	0.0142463182	0.0076249282	-0.0352262673	-0.015728051599999997	-0.17693463059999998	-0.0502512858	0.04519101	0.16025924130000002	0.004592184	0.1302856435	-0.0772503339	-0.0334102822	0.030710654700000006	0.08803955640000001	0.0855077561	0.054289902	0.0052393073	0.0481489459	0.0066379012	-0.011349343400000001	-0.0207772032	0.022298271600000003	-0.0313263446	-0.0612165371	0.0187445688	-0.011719946399999999	-0.10266890869999999	-0.06070022980000001	-0.0692770954	-0.0938866385	0.048308624800000005	0.0876972261	-0.027391680800000002	-0.0199883248	-0.0177001632	-0.032613842999999997	0.051466715	0.0948932925	0.0253436705	0.0101739958	0.0382213484	-0.0102530174	0.0967935116	0.1116065967	0.1013616176	-0.020581311499999998	-0.0127208502	0.001253155	0.0292276612	-0.04561545	-0.0162364344	0.0014459508	-0.1048948521	-0.0109393276	0.052677831900000006	0.044146202999999995	-0.005251176800000001	0.0213803321	-0.0574200884	-0.09631563480000001	0.09115026039999999	-0.0827455156	0.014458000000000004	0.01814862	0.0003293724079044	0.00020903376400000005	0.612118	-0.04529799999999995	0.0020519088039999953	0.3746884459240001	0.178806	-0.020677	0.031971585636	0.000427538329	0.027605200000000003	-0.0005700999999999934	0.0007620470670400001	3.250140099999926e-07	0.000690663	3.312999999999992e-05	1.0975968999999947e-09	4.770153795689999e-07	-0.000702795	0.000983955	9.68167442025e-07	4.93920812025e-07	0.0	0.0	0.0	0.0	0.0	0.0	0.0	0.0	0.0	0.0	0.0	0.0	0.0	0.0	0.0	0.0	0.0	0.0	0.0	0.0	0.0	0.0	0.0	0.0	0.0	0.0	0.0	0.0	0.0	0.0	0.0	0.0
8180.671918709268	21.007193652771093	441.3021851650261	66923393.04155837	10325.743805439188	-12.955385675468278	106620985.13556576	167.84201800012866	6216.470700889705	11.722475232771107	137.41642558293194	38644507.97502014	6533.915111343905	10852.110052377646	0.916059	46.100883	0.10938065000000012	0.0540293	0.0176834046	-0.036562481200000004	-0.0570257704	0.08547396539999999	-0.04608061769999999	0.025351309	-8.3495e-06	-0.0712363231	-0.0643090664	0.0148175246	-0.06763696429999999	0.0330090121	-0.041975676399999995	-0.0855384175	-0.06075149990000001	-0.0025920648999999997	0.05598085059999999	-0.0819434297	-0.0229120904	-0.021979404900000003	0.028680914	-0.0001914286	-0.047362498499999996	-0.0647732004	-0.06188852490000001	-0.0042281789	-0.08618414529999999	0.0091169826	-0.0353130731	-0.0426846312	-0.0214108831	0.0359449027	0.0374885562	0.09088884369999999	0.014373746699999999	-0.0807882734	0.040160840499999996	-0.049670328	-0.0029781957	-0.06963599549999999	-0.0278261173	0.0185795859	0.05747173780000001	0.0868466886	-0.0667982537	0.0985730224	-0.02397382	0.050737969400000006	0.1255400825	0.025386397999999998	0.058457326	0.13868812960000002	0.011732187199999999	-0.0323207243	0.0193308047	-0.0243506089	-0.0056661752	0.0334181109	0.11164116560000001	-0.034298927	0.11378748400000001	-0.09172521089999999	0.0457411209	0.1136775125	-0.0452788913	0.0338326845	0.0775014143	-0.0561586963	-0.098628455	-0.0333579907	0.0736827076	0.047202485599999996	0.014466838300000001	-0.0358275454	0.1021361959	0.02236952	-0.0186300527	0.1067025842	-0.049698471900000006	-0.0286839486	0.0781666805	-0.029504019	-0.0679003817	0.055954026799999994	-0.018360144199999998	0.0914018899	-0.023899498199999997	0.042112116	0.018506508600000002	-0.1460743584	-0.0465685755	-0.0005171636	0.0355028015	0.0017565521	0.09026534439999999	-0.0801116326	0.11003870810000001	0.0287737317	-0.09658249279999999	-0.0470140151	-0.013831383300000001	-0.0836642957	-0.0347197377	0.018714215	-0.07932464089999999	0.0072213695999999985	0.0482918833	0.09468134869999999	0.0193130626	0.0530133708	0.0425268254	-0.0055205261	-0.0684410562	0.0194098985	0.0251868623	-0.0545491071	-0.1079056435	0.0418203662	-0.0524139725	-0.0100468352	0.036953992799999995	-0.0205592264	-0.0313409944	-0.0197890441	-0.11087767859999999	-0.1094927581	0.0065341311	0.033749147400000006	-0.0289264573	0.15342460119999998	-0.12226662140000001	-0.0085631713	0.0081242054	2.55871e-05	0.10077221619999999	-0.057209317999999995	-0.0164042784	-0.0266916748	0.0169578554	0.0382589901	0.0352039938	-0.068825779	0.027740602599999997	-0.029600121099999998	0.047703234299999994	-0.0747380904	0.0635731088	0.016524573100000002	0.059741347	-0.1156426306	0.0735571843	0.10047364810000001	-0.0631509099	-0.049158342300000005	-0.0560385831	-0.0693405901	0.008336095699999999	-0.0341559196	0.0593647616	0.0177566701	-0.0020118946	-0.048921207599999995	0.10632531869999999	0.0489315986	0.0599103331	-0.0029796731	0.0524936982	0.0108082118	-0.1532183886	0.0019142429000000001	-0.046688687300000004	0.058220662199999995	-0.1121938289	0.0159166327	0.0148354455	0.018237936399999998	-0.0378920719	0.0095303751	-0.1423744996	-0.0965825991	0.092200596	-0.08504392919999999	0.0230815	0.0086235	7.436475224999997e-05	0.00053275564225	0.570345	-0.04177300000000006	0.0017449835290000053	0.325293419025	0.202665	0.02385900000000002	0.041073102225000005	0.0005692518810000009	0.0272321	-0.0003731000000000047	0.0007415872704099999	1.3920361000000352e-07	0.000612145	-7.851799999999997e-05	6.165076323999995e-09	3.74721501025e-07	-0.00045191	0.000250885	6.2943283225e-08	2.042226481e-07	0.0	0.0	0.0	0.0	0.0	0.0	0.0	0.0	0.0	0.0	0.0	0.0	0.0	0.0	0.0	0.0	0.0	0.0	0.0	0.0	0.0	0.0	0.0	0.0	0.0	0.0	0.0	0.0	0.0	0.0	0.0	0.0
8189.307837568196	8.635918858928562	74.579094537998	67064762.85845589	10352.464349724309	26.720544285120926	107173518.11231276	713.9874868931083	6227.2978579364635	10.827157046758657	117.22732971517564	38779238.61146007	6550.176427555209	10936.681578590404	0.8742969999999999	43.999245	0.053019949999999885	0.029602	0.021722525	-0.0450717386	-0.039088606899999996	0.101845126	-0.0151535529	0.012784818600000001	0.0382695957	-0.0469447539	-0.057604421600000004	0.0229994863	-0.07965107	-0.012084026299999998	-0.030810560299999998	-0.0653716795	-0.013730136799999999	-0.0681933371	0.0138925774	0.0049160335	-0.011631031299999999	0.0487942487	-0.0203067254	-0.0555518488	-0.0241479321	-0.0183753429	0.062323810999999986	-0.003142885	0.0235866472	-0.014084712	-0.0191968098	0.09429779070000001	0.053327	-0.0200129036	0.1050015	0.060832096900000014	-0.0788614639	-0.0011194085	-0.0323148038	-0.0607475592	0.0154227349	-0.0318196968	-0.0175642271	0.031742516	0.05809371820000001	0.054273898200000004	-0.10937955070000001	0.0998971162	-0.032901895099999995	-0.0297056829	-0.0074864671999999985	0.0950944192	0.0641935586	0.08160583589999999	0.023351858700000002	-0.1015857318	0.061426795199999995	-0.030928204100000002	0.0351428945	0.021824337599999997	-0.0400660121	0.0177826643	0.1181755815	0.0374708927	-0.0111318349	0.00022204490000000005	-0.0189629648	-0.0746060061	-0.0218606133	-0.0165290007	-0.0844560737	0.005855455799999999	0.0045523034999999995	0.15190697039999998	-0.0389161297	0.1163602234	-0.0099702855	-0.039572847	-0.0903903402	-0.029768865099999996	0.0311379784	-0.010629255	0.0288541923	-0.0006315337999999999	0.0664484236	-0.0369588921	0.0360858565	-0.0678227772	-0.0409369783	-0.0369379648	-0.1246967819	0.0700768185	0.0389092689	0.0019380237	-0.0338154659	-0.0355780978	-0.0629825398	-0.10361338619999999	0.0534664991	0.012016301100000001	0.09816355189999999	0.034852185099999995	-0.0313373567	0.1007368053	0.0548556333	-0.1031195265	0.0665040459	-0.0702958404	-0.039468137599999994	0.0115292324	-0.0864588424	-0.0393509376	-0.08599108230000001	0.0086713716	-0.020433021200000002	0.007839518299999999	0.0339751171	-0.062128217	-0.07744447900000001	0.0820445506	0.0015574285999999998	-0.0180942544	0.0628695718	-0.09419692730000001	-0.017411853600000003	-0.0359218498	0.0125536607	-0.0589708172	0.0452796422	0.0199139463	-0.0535335887	0.05846172	-0.071257102	0.1141379382	-0.0427608204	-0.028332325800000002	-0.0157840148	0.0396371342	-0.030894674	-0.041449376600000004	0.0557924736	0.0638548738	0.05113528	-0.0532197587	0.06961441639999999	0.0767414349	0.028107796	-0.062492612999999995	0.0823047773	-0.11007319480000001	0.0222851396	0.0362125925	-0.1470214975	0.0661875591	0.0042939652	-0.05919057	-0.0130115235	0.0240724519	-0.0433734118	0.0030889834999999997	0.044780616399999994	-0.0682659225	0.0135681151	-0.0718481257	-0.0277430148	-0.053369132699999995	-0.0824684203	-0.11056385490000001	-0.0187161351	-0.0518114236	0.1252363045	0.0052033665	-0.0454995133	0.027626272200000003	0.011945423	-0.06570169690000001	-0.11181599240000001	0.13676577869999998	-0.0316562899	0.0109290181	0.0629750374	-0.0968275308	0.0931668048	-0.0871677669	0.0230496	-3.190000000000484e-05	1.017610000000309e-09	0.0005312840601599998	0.5799310000000001	0.009586000000000094	9.18913960000018e-05	0.3363199647610001	0.22413400000000006	0.021469000000000016	0.05023604995600001	0.0004609179610000007	0.0268585	-0.0003736000000000017	0.0007213790222499999	1.3957696000000124e-07	0.0006772060000000001	6.506100000000005e-05	4.232933721000006e-09	4.586079664360001e-07	-0.00045191	0.0	0.0	2.042226481e-07	0.0	0.0	0.0	0.0	0.0	0.0	0.0	0.0	0.0	0.0	0.0	0.0	0.0	0.0	0.0	0.0	0.0	0.0	0.0	0.0	0.0	0.0	0.0	0.0	0.0	0.0	0.0	0.0	0.0	0.0	0.0	0.0
8178.132622970755	-11.175214597441483	124.88542129886919	66881853.19889852	10342.888175864666	-9.57617385964295	106975335.81844112	91.70310579010895	6222.229802563308	-5.068055373155403	25.685185265369352	38716143.71590702	6543.461103449521	10895.846326474692	0.8366989999999999	42.107109	0.1384250000000001	0.109949	0.0322495333	-0.0578365154	-0.0560746492	0.1026041151	-0.008321144	0.014879571299999996	0.0357465878	-0.0586290937	-0.0706945371	0.0062349894999999995	-0.0475585538	-0.0278648602	-0.0364588665	-0.0098961028	-0.046447164299999996	-0.0313414667	0.0079982664	0.0362177372	0.0058833315	-0.024125472999999998	0.029344254900000002	0.0274154425	-0.0033320884	-0.015143363100000001	-0.018320092	0.0498659255	0.003882085	0.1018256692	-0.0484679109	0.0245797835	0.0088781755	0.005056885200000001	0.09103623720000001	0.0518638402	0.021733594900000004	-0.0021119334	-0.0879294441	-0.1405629649	0.0010068397	-0.0288568646	-0.0195809723	0.0092752221	0.058669875199999985	0.076538933	-0.088517714	0.062134745899999996	-0.054055186100000006	-0.05827963940000001	-0.025802839900000003	0.08064162009999999	0.011547169099999999	0.023373807599999998	-0.0377902684	-0.1667916049	-0.0328185898	-0.0837903046	-0.0346883688	-0.0300249445	-0.08633191859999999	-0.0016723093	-0.0227352819	7.85709e-05	0.0806596451	0.007471149	0.0132057479	0.016681258	0.0620667663	0.0234352118	-0.0899434267	0.046444044299999994	0.05895813730000001	0.0305108388	-0.0786705763	-0.0494148674	0.1401211166	-0.0062240741	0.0105162606	0.0692229991	-0.006872850799999999	0.0078102917	0.0727795733	-0.0260636408	0.001996703	-0.2096151786	-0.032617096	-0.0324007678	0.0292391447	0.0463483314	-0.10357505269999999	0.0398785241	0.1117909081	0.0031385153000000002	-0.00665465	0.0890787975	-0.0197914709	0.0671385424	-0.0774585044	-0.028845226499999998	0.0464081405	-0.1041834147	-0.0012273905	-0.0226333502	-0.0323274493	-0.0107152667	-0.2080271673	0.137538239	-0.0244663985	-0.012655495800000001	-0.0273701827	-0.0434851067	-0.0077812513	-0.002069876	-0.022786459300000002	0.023254864	0.0163379556	-0.0592690166	-0.0936503628	0.0600972019	0.0239786217	-0.011597919699999999	0.0792970124	-0.05650589	-0.0156442558	-0.0198069647	0.0413637087	0.0086557251	0.0987222049	0.13173307439999998	-0.0464660706	-0.0072092747	-0.0378646251	0.0725711242	0.017445746	0.006416813	-0.053591897400000005	-0.030884527400000007	-0.09207355310000001	0.0074463816	0.0166382246	0.049391854000000006	-0.041998551399999993	-0.0494580554	0.0742479341	0.0020671361	0.0328164098	-0.05548008	0.1422263092	-0.016337444099999997	-0.052363145300000004	-0.0898931842	-0.0486926653	-0.10576630349999999	0.026218178300000002	0.0805827528	0.0209772978	-0.1090707984	-0.1842702485	0.0946750458	0.0161700613	-0.0512063753	0.059098186500000004	-0.0572706392	-0.0360332339	0.09877358929999999	-0.0327905256	-0.0577036014	0.0502800051	0.0226368443	-0.0055050898	0.0800033991	0.0746382467	-0.013388312099999999	0.0393728038	0.0300965565	-0.013629626799999999	-0.1043084386	-0.04376293269999999	-0.14580250949999998	0.033709323900000004	-0.09705037429999999	0.0940480054	-0.0891126687	0.0230496	0.0	0.0	0.0005312840601599998	0.686471	0.10653999999999997	0.011350771599999991	0.4712424338410001	0.21505900000000006	-0.009075	0.04625037348100002	8.235562499999999e-05	0.0273147	0.0004562000000000038	0.00074609283609	2.0811844000000349e-07	0.0006772060000000001	0.0	0.0	4.586079664360001e-07	-0.00045191	0.0	0.0	2.042226481e-07	0.0	0.0	0.0	0.0	0.0	0.0	0.0	0.0	0.0	0.0	0.0	0.0	0.0	0.0	0.0	0.0	0.0	0.0	0.0	0.0	0.0	0.0	0.0	0.0	0.0	0.0	0.0	0.0	0.0	0.0	0.0	0.0
8195.733921341596	17.6012983708415	309.80570433938783	67170054.50942929	10376.180753837229	33.292577972562874	107665127.03630212	1108.3957480591782	6240.429046790352	18.19924422704389	331.2124904355904	38942954.68802474	6564.786674117734	10852.779474001396	0.7978079999999999	40.149891	0.03887824999999991	0.0187466	0.0347102424	-0.063964975	-0.05122828769999999	0.0903421014	-0.0049522844	-0.00045906779999999996	0.0810025146	-0.0454697159	-0.06209124980000001	0.004127467199999999	-0.0324961145	-0.0534184239	0.0046279226	0.036673222799999995	-0.0214128812	-0.0209372775	-0.0387280428	0.0082052937	-0.0462342208	-0.0289331415	0.0160123529	0.1328323996	-0.0451549322	0.0081676638	0.0204791864	0.024840632	-0.0227287452	0.047125536600000004	-0.0296465527	0.0764199923	0.103972149	-0.015015648000000001	0.0091393002	-0.0091289926	-0.12968054029999998	-0.0202733199	-0.0197643955	-0.0638312674	0.011834583899999999	0.0119066749	-0.0204067229	0.0128999108	0.051075777	0.0522809087	-0.1459466777	0.037982668500000004	0.0250704821	-0.0421840386	-0.0471541258	0.069005885	0.017465905	-0.0191793975	0.0215418193	0.042648896799999995	-0.0305146733	-0.068182342	0.0713989644	-0.030390384	-0.0464473371	-0.10072959869999999	-0.05695337900000001	-0.0048849522	-0.012352898400000001	-0.0290530213	-0.031493609900000004	0.0044503744	0.0416070604	-0.0456114692	0.0932100818	0.014721411299999999	0.018741508799999997	-0.0278580749	0.0129833165	-0.13773626630000002	0.0098843758	0.0606277978	-0.0387140735	-0.0284624257	-0.11760903800000001	-0.008593989599999999	0.07406419639999999	0.0023168747	-0.049095441	0.053015818099999994	-0.0059532258	0.033519400000000005	-0.015516680900000001	-0.0090930177	-0.0585210142	-0.0346692089	0.0093234475	-0.0370846425	0.0689966707	0.0170523718	0.056115245700000004	0.056587836399999994	-0.020970345	-0.0716036607	-0.0488078747	0.0052957914	-0.039345671	0.051257485400000004	0.0830335499	0.0043882843	0.10131764800000001	-0.0500496582	-0.0682855324	0.0499194292	0.0656603103	-0.0058528075	0.035480210299999995	0.0045579986999999995	0.0147052273	0.0354483039	0.022157105099999998	-0.0543233611	-0.074503445	0.1018591365	0.0646419688	-0.0078970078	0.0064609224	-0.0731408764	-0.0210274231	-0.0062700247	0.0627349056	-0.0010318038	0.0369326801	-0.0085374004	-0.0857069191	-0.033400883199999995	-0.0209474279	-0.0279268455	-0.0039882065999999996	-0.026562702400000002	-0.1356686718	0.0028597373	0.0046122724	0.0381055116	-0.1000549435	0.006952102700000001	0.0235688459	-0.05448195	-0.029614240099999998	-0.0299635807	0.0731302231	-0.0394480109	-0.061065595599999994	0.059656300999999995	-0.0104517562	-0.0100129586	0.0945404418	0.0306084673	-0.031508868100000004	-0.0074507191	-0.028167846200000006	-0.07759770190000001	0.0126007107	0.0131810439	0.0369027516	-0.08084736440000001	0.013066841000000001	-0.015599587	0.0573893575	0.016683463200000002	0.030305934500000006	-0.0214750817	0.0629255444	-0.0016045284	0.0204448505	-0.0261604943	-0.0095031968	0.0267900397	0.01389176	0.0316628531	0.0026134061	0.0072629405000000005	0.08950795789999999	-0.0039280806	0.012035293899999999	-0.09725107849999999	0.09484339369999999	-0.0908746423	0.0204235	-0.0026260999999999962	6.896401209999977e-06	0.00041711935225	0.6980890000000001	0.011618000000000015	0.00013497792400000042	0.4873282519210001	0.223481	0.008421999999999956	0.049943757360999985	7.09300839999993e-05	0.0272025	-0.00011220000000000327	0.0007399760062499999	1.2588840000000734e-08	0.0004651630000000001	-0.00021204300000000006	4.496223384900001e-08	2.1637661656900006e-07	-0.00045191	0.0	0.0	2.042226481e-07	0.0	0.0	0.0	0.0	0.0	0.0	0.0	0.0	0.0	0.0	0.0	0.0	0.0	0.0	0.0	0.0	0.0	0.0	0.0	0.0	0.0	0.0	0.0	0.0	0.0	0.0	0.0	0.0	0.0	0.0	0.0	0.0
8195.984020947246	0.25009960564966605	0.06254981274611847	67174154.07162258	10384.636800138314	8.456046301085735	107840681.47078691	71.50471904610573	6234.299388077903	-6.129658712448872	37.57271593110037	38866488.86018851	6563.025795724352	10865.309394068585	0.8549200000000001	43.024082	0.08860099999999987	0.064944	0.0322845941	-0.094507726	-0.0398216268	0.10252365140000001	-0.0028861629999999997	-0.022417655499999998	0.0898768555	-0.0286378912	-0.0847731541	0.0021734756	-0.0370831906	-0.0827837852	0.0095058998	-0.014786839599999999	-0.012449763	-0.12796943300000002	0.0414729286	0.09846396539999999	-0.0425897862	0.0399919568	0.028865474	0.0920452787	-0.0360192141	0.057208369	-0.0228258489	0.050634262	0.0536035991	0.0025074469	-0.039817754	0.0109499881	-0.0218720872	-0.0329903691	0.0905916892	0.0348960464	-0.12081071800000001	0.040127784799999996	0.0316661315	0.013828888700000002	0.016911476	0.0381882054	-0.0351086197	0.019193496299999998	0.0437310366	0.05883286030000001	-0.1105239417	0.0275930147	-0.010210564699999999	-0.0557467813	-0.0668795754	0.051520284400000005	0.052721225999999996	0.006687288299999999	0.007845625600000001	0.122264686	-0.0068258808	0.0579129605	0.0041439666	0.0574748417	-0.0635225868	-0.0672313937	-0.04013311	0.0710340586	0.018075223799999998	-0.0851352384	-0.1139470915	0.0671406401	0.0314439634	0.0655431744	0.0681267156	0.014199321899999999	-0.0045207529	0.0682348869	-0.0763471762	-0.0209351184	0.0258067715	-0.0402288362	-0.0147708489	0.0859500345	-0.0398054356	-0.030762174	-0.0077003823	-0.0196978708	0.1275600961	-0.0619779024	0.0631068042	-0.039245940800000004	0.0205358343	-0.0519846972	0.0257712673	0.0301291425	0.011067726799999998	0.020720600500000002	-0.1325999929	-0.075964933	0.0087880139	-0.07766701570000001	-0.0276099575	0.08899084460000001	0.0160363577	0.0377167262	-0.08298242019999999	-0.0715520207	0.1034999477	0.074137833	-0.0453379472	0.1126047359	-0.0897674766	-0.0806290342	-0.0708625636	0.0324968074	-0.0553435373	0.0123320219	0.043072808899999995	0.0584641771	0.0365372967	-0.0576737474	-0.0693904342	0.0749583059	0.071865506	-0.0383119643	0.039175786000000004	-0.078883948	-0.014255654	-0.075972082	0.0271616898	-0.033550999	0.0021632196	-0.0486258119	-0.032878798199999996	-0.10643964789999999	0.0196950236	-0.083419927	0.0159371365	-0.0882389266	-0.013495438799999999	0.0178224796	-0.0029000802000000003	0.0119249507	-0.1415290608	0.0613025205	0.029964418399999998	-0.0286737175	0.0421042525	0.0070315689	0.047609838099999996	-0.0923996718	-0.0286561984	-0.0506816726	-0.0551916545	-0.0665238092	-0.0854238575	-0.0814542748	0.0908109766	-0.0457359183	0.0676683124	-0.0542607879	0.0464863971	0.1281121401	-0.0350431352	0.0448588924	0.0189425796	0.047537791100000004	-0.10188443039999999	0.0004458929	-0.0582506069	-0.0033766096000000002	-0.1097968486	-0.12292724199999999	0.0169366929	0.0291078005	-0.049267277199999994	-0.058535603600000014	-0.0740763906	0.0250275579	0.0688185567	-0.0045060917	-0.09354339589999999	-0.07371603269999999	0.0704515808	-0.0974295977	0.0955522439	-0.0924500708	0.0203774	-4.6100000000000314e-05	2.1252100000000285e-09	0.00041523843076	0.685059	-0.013030000000000095	0.00016978090000000252	0.469305833481	0.160445	-0.06303599999999998	0.025742598025	0.003973537295999998	0.0274476	0.0002451000000000016	0.0007533707457599999	6.007401000000076e-08	0.000460485	-4.678000000000039e-06	2.1883684000000362e-11	2.12046435225e-07	-0.00045191	0.0	0.0	2.042226481e-07	0.0	0.0	0.0	0.0	0.0	0.0	0.0	0.0	0.0	0.0	0.0	0.0	0.0	0.0	0.0	0.0	0.0	0.0	0.0	0.0	0.0	0.0	0.0	0.0	0.0	0.0	0.0	0.0	0.0	0.0	0.0	0.0
8189.785671949775	-6.19834899747093	38.41953029444888	67072589.35247383	10356.025909346252	-28.610890792062488	107247272.63505086	818.5830719153263	6221.313817202736	-12.985570875167468	168.6250509539976	38704745.61211767	6547.312011578043	10890.302108631604	1.033808	52.026657	0.34079405000000024	0.291379	0.0317703364	-0.1067881503	-0.0679364908	0.09005298960000001	0.0087905812	0.009546352900000001	0.0775222332	-0.0610928963	-0.0901100507	-0.049477481600000005	-0.0186310706	-0.12071942460000001	-0.042761544699999994	0.0443882802	-0.0325569168	0.0398720508	0.0048689632	-0.0463067789	-0.014236048400000001	0.0680659558	-0.0086608579	-0.012647069399999999	0.0661098905	0.024291780099999997	0.0393501584	0.029405632999999997	-0.0468801862	-0.031702683599999996	0.08069781990000001	-0.015259584599999999	0.0162664623	-0.0017289339	0.029501029900000007	-0.0350689903	-0.021032583799999997	0.0546991619	0.0518439484	-0.0410969505	-0.0177873281	0.0237774517	-0.0480664525	-0.0602618809	0.0313709188	0.06576144099999999	-0.09906041460000001	-0.0466685583	-0.0613067141	-0.0737465292	-0.0896885914	-0.0400070356	-0.0640941269	-0.037820925899999996	0.015179286699999999	0.07995089030000001	0.012335812600000001	-0.0571426802	0.00630068	-0.08651399779999999	-0.052718950599999995	0.0726473718	-0.059724063499999994	0.10642460390000001	-0.0259474554	0.0055779291	-0.006377695300000001	-0.015570651299999997	-0.0139050882	-0.026763334399999998	0.0756881563	0.027000416200000002	-0.0458529414	-0.1265770163	0.0215205683	-0.09395352470000001	-0.026755069300000003	0.1064025306	0.0303798218	-0.0092676363	0.0010338471	0.0509358409	-0.0414754589	-0.0863097843	0.0464630829	-0.0231529639	0.055279895	0.032850724	0.0072292126	0.0231150576	-0.0205617424	-0.0851414089	-0.0475104788	0.0237507371	-0.0452781192	0.0786132813	-0.0850236511	0.13624317789999998	0.0557184201	-0.0987380235	-0.1272660969	0.025559191499999998	0.0784564625	0.076831541	-0.10261999470000001	-0.0078911285	0.025201946	-0.0316901466	-0.0243718865	-0.0702134021	-0.0316508188	-0.0499501019	0.0058740948	-0.0152427594	0.0209457012	0.0965218132	-0.0286507596	-0.0234223363	-0.0832786356	0.054158682300000004	0.09968510609999999	-0.0340086228	0.046152421	0.0543073642	0.0552239188	0.00733052	0.0927823858	0.015829708300000002	0.040464550099999996	-0.027536951299999998	-0.0038607301	-0.0949450784	0.0847821101	0.031700648399999996	-0.022552631	0.09090434369999999	-0.0846793809	0.0731352086	0.0871209322	-0.001015843	-0.016149399499999998	-0.014495474099999999	0.016905021200000002	0.024060692	-0.0032991659999999996	0.0058496917	0.011975236399999999	0.0465076341	-0.111843784	0.0761918135	-0.08744911300000001	0.0982198489	0.0808033199	-0.0949774634	0.0391771147	0.0169242059	0.0677931921	-0.0394978864	-0.0007686191	0.0051175512	0.0205732426	0.06291652589999999	-0.0263509223	0.0608204692	0.037185075299999995	0.0279256687	-0.0027702074	-0.0177388481	0.06436257	0.0591716551	-0.0245704736	0.044105943499999994	-0.0207301977	0.1336211754	0.0750091891	0.0784214382	-0.0177458621	0.0122837964	-0.0032978766999999997	0.0909873246	-0.0628703713	-0.0975858912	0.0961739093	-0.09383572009999999	0.023071900000000003	0.0026945000000000024	7.260330250000012e-06	0.0005323125696100002	0.973512	0.2884530000000001	0.08320513320900004	0.947725614144	0.149902	-0.010542999999999995	0.022470609604	0.00011115484899999993	0.0280735	0.0006259000000000021	0.0007881214022499999	3.9175081000000267e-07	0.0006166559999999999	0.00015617099999999992	2.4389381240999975e-08	3.802646223359999e-07	-0.00045191	0.0	0.0	2.042226481e-07	0.0	0.0	0.0	0.0	0.0	0.0	0.0	0.0	0.0	0.0	0.0	0.0	0.0	0.0	0.0	0.0	0.0	0.0	0.0	0.0	0.0	0.0	0.0	0.0	0.0	0.0	0.0	0.0	0.0	0.0	0.0	0.0
8168.067142346546	-21.7185296032294	471.69452812635177	66717320.84188126	10338.548811910263	-17.47709743598898	106885591.53625111	305.4489347870526	6206.913069208593	-14.400747994142876	207.38154279081002	38525769.84871244	6531.648865287156	10837.86631974447	0.8122669999999999	40.877552	0.0770264000000001	0.0486409	0.0317447537	-0.0962046229	-0.0778136036	0.08800272029999999	-0.0025068537	0.0246899385	0.0521181428	-0.057791479699999995	-0.08533992230000001	-0.0365020738	-0.0284172874	-0.09012349720000001	0.002488488	0.0328932687	-0.0613255997	0.0379005083	0.0396222428	0.0165028329	-0.0160684364	0.0628849351	0.0039175636	-0.039101452599999996	0.0109743632	-0.0082434814	0.019134567800000002	0.0683337411	-0.009825596899999999	-0.0468527101	-0.09357851560000001	0.027025828	0.0787608622	-0.09746527140000001	0.0373054143	-0.0751076545	-0.0761601111	0.1114381619	0.0640029236	-0.0050834974	-0.0301238975	-0.0122068324	-0.0396391441	-0.06300658740000001	0.06136934610000001	0.0783461072	-0.0712092635	-0.0196572743	-0.10428057199999999	-0.0084983909	-0.079223856	-0.0349362144	-0.0053455245	-0.051671765099999996	0.0642119833	0.1096315525	0.018155179599999998	-0.013828203300000001	-0.0752168635	-0.06526943639999999	-0.0366575076	0.09415941900000001	-0.0534801508	0.0577195074	-0.0180374719	-0.0009923675	0.059681175499999996	-0.025143538700000002	-0.056948504000000004	-0.115435265	-0.0185917507	-0.0273337819	0.034945995099999995	0.0130644052	0.124838934	0.021663268	-0.0910049789	0.1280500167	-0.0148701826	0.005426275600000001	0.0236262172	-0.09342069380000001	-0.013748108700000001	0.0173892103	0.0473311227	-0.0146198353	-0.0134346043	-0.003551985	-0.0019369603	0.014830491000000001	-0.0179367152	0.0070699806	0.0355857063	-0.0953476708	-0.0061441727000000005	0.0445425632	-0.07141649480000001	0.0268599487	-0.0063146473	0.010630806299999998	0.043404960599999994	0.0774915263	0.0008579975	-0.0092381657	-0.0640103106	0.0686242433	-0.0256309952	-0.029242446000000002	0.0547270525	0.1219579083	-0.0304977133	0.0854406902	-0.0516259009	-0.0230646129	-0.0102101409	0.0787580871	-0.028255156099999998	-0.0357043528	-0.09198300570000001	0.0209046347	0.0596078751	-0.0148622025	0.0826559809	0.0539314188	0.0503536895	-0.030907298399999998	0.0712781675	-0.0193580467	-0.0356846394	-0.07531120849999999	-0.013364211899999999	-0.09621174939999999	0.0531022018	0.042948248499999994	0.0338148116	0.1179353766	-0.0032422754	0.03723745	0.10166444050000001	0.0615071409	0.06790594	0.0145575064	0.06735043389999999	0.0854343844	-0.0107088926	0.0432746263	0.0243828347	-0.0141045026	-0.018650023	0.08931059570000001	0.06510038509999999	0.0792117698	0.0115701151	-0.0161602193	-0.011722515400000001	-0.0442248664	-0.0054860047	-0.016675388	-0.057112717300000004	0.0839685602	-0.0863716869	0.0132242289	-0.028628258900000002	0.0694112025	-0.0338760438	-0.05853329	0.0902715223	-0.0026398976	-0.0116084206	0.0531578979	-0.0222280661	-0.0755007695	0.0537516214	-0.022459618599999998	0.1059776959	-0.06673687519999999	0.09273097220000001	0.0207159334	-0.0442930872	0.09302673800000001	-0.0002055998	-0.0977199233	0.09670782259999999	-0.0950287458	0.0210851	-0.001986800000000004	3.947374240000016e-06	0.00044458144201	0.929382	-0.044130000000000114	0.0019474569000000103	0.8637509019239998	0.16301	0.013107999999999979	0.026572260099999998	0.00017181966399999952	0.027786400000000003	-0.00028709999999999847	0.0007720840249600001	8.242640999999912e-08	0.000547724	-6.893199999999997e-05	4.7516206239999944e-09	3.00001580176e-07	-0.00045191	0.0	0.0	2.042226481e-07	0.0	0.0	0.0	0.0	0.0	0.0	0.0	0.0	0.0	0.0	0.0	0.0	0.0	0.0	0.0	0.0	0.0	0.0	0.0	0.0	0.0	0.0	0.0	0.0	0.0	0.0	0.0	0.0	0.0	0.0	0.0	0.0
8147.8144614722705	-20.252680874275033	410.1710825952255	66386880.49857666	10333.519500633587	-5.029311276675799	106781625.26997462	25.29397191769835	6194.071666209082	-12.841402999511047	164.90163099585132	38366523.80613415	6518.638122046232	10726.759633668582	0.788391	39.675957	0.11178530000000003	0.09766010000000004	0.0359102018	-0.0986181843	-0.0789560582	0.07366104009999999	-0.029006779700000002	0.0158033097	0.0486860518	-0.0642905889	-0.0666985458	-0.0186520097	-0.0191199358	-0.0654751524	-0.009515784499999999	0.0123130849	-0.0456418271	0.0504247087	-0.019283811499999998	-0.0002227778	0.08762180859999999	0.0073461998	0.09789054470000001	0.0376330623	0.006129060600000001	0.0352169931	-0.0278540067	0.0444939818	-0.052684871200000004	0.043174222199999994	-0.031229610499999998	-0.0827327504	0.0562721209	0.0663068973	0.021257824100000003	0.017598178500000002	0.0451080073	-0.0094296672	0.0322233456	-0.0316535027	-0.0328829344	-0.0254807704	-0.0332295077	-0.039309236000000004	0.08918533029999999	0.0770130321	-0.0062195127	-0.024687789300000002	-0.060621717900000004	-0.0533832192	-0.0909307754	-0.015383374299999999	-0.0138072678	-0.0429714396	0.0241675075	0.0708168126	-0.069543067	-0.055300934100000004	-0.021703640299999997	-0.0181036596	-0.0838938949	0.0011355624	-0.09755808	0.0500254281	0.0128628258	0.0331886473	-0.03637704	-0.025548252599999998	0.0342243839	-0.0421266795	0.0011994525	-0.036745748599999996	-0.0850524345	-0.0039593402000000005	0.0320286596	0.061735434299999996	-0.0458470047	0.0155566022	0.010919326399999998	-0.0384174472	0.0418638957	-0.0311155408	-0.0115874924	-0.0389000878	-0.030442119500000007	0.0626345322	-0.0040442389	0.006964713199999999	0.07757731450000001	-0.010710741499999999	-0.0113800842	0.0386036596	0.011568060900000001	-0.0942078525	0.12836970779999998	-0.0520073021	-0.018104636	-0.0059992926	-0.0022182907999999998	-0.0941746716	0.0027767984999999998	0.0369169336	0.0746762344	0.0663314947	-0.0215131587	-0.0016727756	-0.016173633700000002	0.09572261439999999	0.1465607873	-0.035095589100000005	-0.0538298063	0.0026770119	0.0025000332999999997	-0.0244482488	-0.022251048199999998	0.0671337092	-0.0160178682	-0.0554711119	-0.08626952189999999	-0.0357265581	0.047558438200000004	-0.0323083761	0.0592011486	0.0279619212	0.0546933789	-0.019205861299999998	0.08109230320000001	0.0033137962	0.020146422	0.0263484831	-0.0532107975	-0.0902314242	0.0320363626	-0.0407903984	0.0127784818	0.0628302616	-0.082200062	-0.0192885416	0.10160926449999999	0.0163055751	-0.0182071951	0.0397276042	-0.0511832084	0.0612493386	-0.024840288	0.0544934364	-0.0628794058	-0.0075169575	-0.0158561853	0.0636809557	-0.0100858778	0.0375965641	0.0197639591	-0.0009105383999999999	0.0079758428	0.0141742381	-0.010930452700000001	0.045278459199999996	0.0174434455	-0.0949873881	0.0333733747	0.0128931468	-0.0198583773	0.024913007400000003	0.001497544	0.0580781636	-0.0071146391	0.0244198105	0.0995259842	0.0301251417	0.0055380507	-0.0745067232	-0.0013916471	-0.0371565636	0.1680767077	0.0051436609	0.0069367922999999995	0.0138323401	0.0070848696999999995	-0.0472014733	-0.0126850708	-0.0978316635	0.0971534967	-0.09602669890000001	0.0197441	-0.001341000000000002	1.7982810000000054e-06	0.00038982948480999983	0.8322290000000001	-0.09715299999999982	0.009438705408999966	0.6926051084410002	0.158418	-0.004591999999999985	0.025096262724	2.1086463999999858e-05	0.027676	-0.00011040000000000356	0.0007659609759999999	1.2188160000000784e-08	0.000484138	-6.358599999999997e-05	4.043179395999996e-09	2.34389603044e-07	-0.00045191	0.0	0.0	2.042226481e-07	0.0	0.0	0.0	0.0	0.0	0.0	0.0	0.0	0.0	0.0	0.0	0.0	0.0	0.0	0.0	0.0	0.0	0.0	0.0	0.0	0.0	0.0	0.0	0.0	0.0	0.0	0.0	0.0	0.0	0.0	0.0	0.0
8151.710895236389	3.896433764118228	15.182196078160546	66450390.51951565	10329.401599796154	-4.117900837432899	106696537.40987135	16.957107306930567	6199.2827196841345	5.211053475052721	27.15507831985905	38431106.23857432	6523.546965686	10721.250637422121	0.8205879999999999	41.296291	0.15791729999999993	0.127721	0.0297020785	-0.082901008	-0.0678468316	0.071206244	-0.052013141299999996	0.0183792058	0.047023780999999994	-0.051226171200000004	-0.0611896724	-0.0021139489000000003	0.0034348575	-0.0544333584	0.0007738315	-0.09598695550000001	-0.04815650849999999	0.0074661737	0.0419863254	-0.037255780499999995	0.035903998900000005	0.0580279562	0.012013846100000001	-0.0100383314	0.032022743900000004	0.0187076043	-0.011527291200000001	0.0017023532	-0.0696643819	0.0693261241	-0.0168979114	-0.0315594645	0.0410189891	0.0317345412	-0.0118048753	0.012669883100000001	-0.10711274429999999	-0.0374511958	-0.1287690065	0.11165846439999999	-0.023940062	0.0022022619	-0.022237674300000003	-0.0071891646	0.0947942365	0.10397366289999999	0.028481703900000002	0.0085598646	-0.0057763345999999995	-0.0365254332	-0.1171171066	-0.027762128599999998	0.0341894249	0.009862597800000001	-0.00045760230000000004	0.0686264563	0.006884519	-0.0354692766	0.0396602327	0.0380336279	-0.1192618979	0.06822818879999999	-0.0063833059	0.070641252	-0.0289960627	0.0527005132	0.0216944432	-0.101143253	0.0035333421	-0.022491486800000002	0.0573676333	0.0037954328000000003	0.0163404941	0.0217577217	0.012290703500000002	0.073516213	-0.0404612468	-0.039882625899999996	-0.0059588672	-0.08458390660000001	-0.0561626784	-0.1246126149	-0.0182754834	0.09747388039999999	0.0071390082	0.0283899804	-0.1558450191	0.0124307462	0.0680395179	-0.07713554610000001	0.0595029108	0.084903337	-0.1356629282	0.0130556952	-0.0641247338	-0.0714967377	0.1082774214	-0.0761099323	0.0411952273	0.0429777449	0.058224417800000004	-0.0218418811	0.0429566087	0.041980242699999996	0.0007467285000000001	0.0631229252	-0.0490830629	-0.0327993424	0.0345262745	0.0324670314	-0.0158793226	-0.0670797459	0.1424569275	-0.0192406507	-0.0022293623	0.0492779768	0.0130516086	-0.0473916389	-0.0964496678	-0.071194437	0.0222329252	-0.0515307682	-0.0016335231	-0.0081492383	0.0737922083	-0.0675036495	0.044739439299999996	-0.0090134037	0.034261968999999996	-0.0306851656	-0.0588097701	-0.0359276902	-0.0054752593	0.0410769653	-0.0510501014	-0.042858187699999994	-0.0496452975	0.0327986625	0.11702748980000001	0.0256286994	0.0360046827	0.052576663200000005	-7.04815e-05	0.0651924401	-0.008584882299999999	-0.0072546028	0.025435847400000003	0.090378043	-0.023916173	0.0453557889	0.026135879900000002	0.0372987703	-0.0369536768	0.0640322456	0.13939057859999998	-0.0083761515	-0.0907341167	0.0917186092	0.06058768110000001	0.035006749	-0.0844339683	-0.1632082689	-0.0018919175	-0.0626963154	0.0097702136	0.010135914000000001	-0.0060587771	0.12006228390000001	-0.0405317502	-0.0631305371	-0.06532185530000001	0.0267996177	-0.0223811536	-0.1384221793	0.0229764062	0.023784501099999997	-0.023847285	0.023294321099999998	-0.049638155499999996	0.0430202821	0.08724837099999999	-0.0979210862	0.097510525	-0.0968275308	0.019327	-0.00041709999999999664	1.7397240999999722e-07	0.000373532929	0.7064189999999999	-0.1258100000000002	0.01582815610000005	0.4990278035609999	0.172518	0.0141	0.029762460323999998	0.00019881000000000006	0.0274077	-0.0002682999999999991	0.00075118201929	7.198488999999951e-08	0.0005676419999999999	8.350399999999991e-05	6.972918015999988e-09	3.2221744016399994e-07	-0.00045191	0.0	0.0	2.042226481e-07	0.0	0.0	0.0	0.0	0.0	0.0	0.0	0.0	0.0	0.0	0.0	0.0	0.0	0.0	0.0	0.0	0.0	0.0	0.0	0.0	0.0	0.0	0.0	0.0	0.0	0.0	0.0	0.0	0.0	0.0	0.0	0.0
8187.8027747632805	36.09187952689172	1302.6237677836655	67040114.27842128	10328.100875297521	-1.3007244986347357	106669667.6903214	1.6918842213485852	6202.868022292322	3.5853026081877037	12.854394792277546	38475571.70197666	6523.082616605785	10798.552664232613	0.787791	39.645786	0.05850334999999991	0.0333032	0.0289778039	-0.0873609987	-0.0659276483	0.0924504979	-0.030171291099999997	0.0129910127	0.0360631161	-0.07306746110000001	-0.08078405129999999	-0.0135552111	-0.0047546221000000005	-0.0521058304	-0.014990749	-0.1083577472	-0.0042381828	0.0292677223	-0.026513321099999997	0.0032172514	0.07814161389999999	-0.0628380592	0.0207695661	0.0513864856	-0.0169371656	0.0094870465	-0.020709316999999998	0.0183173475	-0.0250267333	0.031651755	-0.0281845343	-0.0774485874	0.0354106586	-0.051017838499999996	0.0105474624	0.061517302300000014	-0.041872135299999995	-0.0139247969	-0.0142584422	0.0165288753	-0.0099314791	0.00016675099999999998	-0.0166325847	-0.018531844199999998	0.08964905890000001	0.13092499970000002	0.033074789300000004	0.023591414900000003	0.0340216288	-0.0279434891	-0.0673075724	-0.0032314191999999998	-0.0082144299	0.0349078859	0.0481461388	0.06846706820000001	-0.12833596349999998	-0.126888765	-0.1002286369	0.0281280956	-0.0613483073	-0.016732041899999998	-0.009061293199999999	0.0094930111	0.033063587400000004	-0.0440073031	-0.0250137103	-0.036207090899999995	0.0356595017	-0.0448666234	0.0131456118	0.0509804892	0.0386873408	0.0505579043	0.0352080989	-0.0674414431	0.0003969507	0.049877315199999994	-0.0022292114	-0.0061598849	-0.06663235	-0.0315283897	-5.47405e-05	-0.0361570542	0.0407515387	0.006573283199999999	-0.0599533079	0.0181810642	0.0065222123	-0.0335317737	0.1696587173	0.0303770766	-0.0634594138	0.0332515699	0.0781724902	0.087473698	-0.030243686699999998	-0.06480086389999999	0.0192175846	-0.0264315361	0.0765199751	0.09355117619999999	-0.0035377708000000007	-0.0327509462	0.0625655365	-0.0245014008	0.006476914	-0.0805352505	-0.028507511200000002	0.12338029539999999	0.0042585366	0.1086361973	0.0983081966	-0.0116123779	-0.0058623814	0.0492442075	0.0064246892	-0.0447371726	-0.12652827960000002	-0.0799461778	0.0013217773000000002	-0.051911861399999995	-0.040323477	-0.021111133900000002	0.046133202699999994	-0.0163850805	0.0281510173	-0.043013852699999994	0.0356006985	0.0465142851	-0.11399733210000006	-0.1003107266	-0.0784808865	-0.0499854345	0.042667022699999994	0.023541018799999997	-0.024286571099999998	-0.0153769263	0.0105681792	0.0442561456	0.0184982913	0.048650459900000005	0.0253679996	0.0365484217	0.0189275283	0.0541610863	0.0678186988	-0.0312681342	-0.0231880348	0.062185915599999995	-0.0173796491	0.012621446299999999	0.0282063553	0.0341138127	0.0707571685	-0.014064891699999998	0.0198136382	-0.0035720311	0.09463279390000001	-0.0148743166	0.0354089224	-0.0247192141	0.0051159444	0.052277479800000005	0.0536127921	-0.09224673	0.01505193	0.0365266763	-0.058178161	0.024717773	-0.074542688	-0.0824025166	-0.0699058499	-0.065268038	0.0260489892	-0.1005239222	0.1169488994	-0.0446678358	-0.0018339205	0.025862312400000004	-0.0812195663	-0.09798817119999999	0.0977785816	-0.0974295977	0.018773	-0.0005540000000000023	3.069160000000027e-07	0.00035242552899999985	0.6836949999999999	-0.02272399999999997	0.0005163801759999985	0.4674388530249999	0.149359	-0.023159000000000013	0.022308110881	0.0005363392810000004	0.027575	0.00016729999999999867	0.000760380625	2.798928999999957e-08	0.000493615	-7.402699999999995e-05	5.479996728999992e-09	2.43655768225e-07	-0.00045191	0.0	0.0	2.042226481e-07	0.0	0.0	0.0	0.0	0.0	0.0	0.0	0.0	0.0	0.0	0.0	0.0	0.0	0.0	0.0	0.0	0.0	0.0	0.0	0.0	0.0	0.0	0.0	0.0	0.0	0.0	0.0	0.0	0.0	0.0	0.0	0.0
8223.172406488182	35.3696317249014	1251.0108483551523	67620564.42682864	10340.859187759042	12.75831246152302	106933368.7410606	162.77453686585355	6211.874816542452	9.006794250130042	81.12234266417559	38587388.73639432	6530.305190770824	11049.83783077277	0.818281	41.180206	0.09543349999999998	0.0635198	0.0194927792	-0.0755049024	-0.0491852487	0.1335791187	0.0064486119	0.012258993999999999	0.0464866631	-0.0801290063	-0.0893540717	-0.0022797145999999997	-0.012742287199999999	-0.044281120800000004	-0.031406274399999996	-0.0820415702	0.022397547400000002	-0.032506123	0.0005571282	-0.046678167699999995	0.039201264799999996	0.048508635099999996	0.0526224719	-0.0432025858	-0.021109492200000003	-0.0574508801	-0.0169335962	-0.011415824599999999	-0.0192795857	0.0714003794	0.0976935759	-0.06329230059999999	0.0967714748	-0.026049448399999998	0.12316879439999999	0.00334762	-0.0875782798	-0.008630566	-0.0151904797	0.022540433999999998	0.0056758392	-0.0026114848999999997	-0.021729397400000003	0.0055389062	0.0786115318	0.1349777705	-0.0025557851	0.0359679212	0.0166125236	0.0023293233	-0.06764757889999999	-0.0284136395	0.06449928099999999	0.0297543958	0.043851017400000004	-0.050028389400000005	-0.0423539056	-0.1076971828	0.012461766499999999	0.048323702999999996	-0.07906834759999999	0.0119065981	-0.0444163639	-0.010232583299999999	-0.0360811884	0.012855803300000001	0.0192557568	-0.1814339077	-0.043291133200000005	0.00332366	0.0820706567	0.0089248196	-0.0225819606	0.0615969583	0.0096686684	0.0553773989	-0.1623474141	-0.0163994825	-0.0181927794	-0.0010807046	-0.08201419559999999	-0.0172529205	0.0457688838	0.07384042730000001	-0.0452746297	-0.0361505106	0.045031465599999994	-0.0027600725	0.0473773443	-0.0439133688	0.0133522942	-0.0126894746	0.0411809859	0.0721165804	0.041011038799999996	0.0194588702	-0.033363403	0.012303737	-0.07211075360000001	0.0152711867	0.0048530869	-0.048924436200000004	-0.0332202241	0.0437216275	-0.0215470752	-0.044300183	-0.0008145664999999999	0.025159706	-0.0340588905	-0.0561609666	0.0240572713	0.0106600113	-0.0672260885	-0.0017550476999999998	-0.0056475419	0.0459651503	0.0325297509	-0.0480015083	-0.1506699565	-0.037493739500000005	-0.0073593889000000004	-0.027162263	-0.0344491292	-0.0195290568	0.025796484300000002	-0.078710443	0.0385888473	-0.0639809822	0.0047401855	0.0454442783	-0.0613718188	-0.0141110201	-0.0637175958	0.0471814272	-0.034769125899999996	-0.0176491519	-0.1311384873	0.0132947873	-0.00020329299999999998	-0.0204683859	0.0105696999	-0.0100998153	-0.0126602947	0.0805628831	-0.040047733700000004	0.1191656192	0.0550427587	0.11737250630000001	-0.0414231241	0.0192353505	0.0831026249	0.0497857805	-0.0818506487	0.0848367891	0.0328197771	-0.0160483924	0.0622871872	-0.0034329934	-0.017917755	0.0109667213	0.0153697898	-0.0765178374	-0.031996452	-0.0094663613	-0.0334778689	-0.0629656096	-0.0179512224	0.0643353302	-0.038529363500000004	-0.013926174	0.0739008401	0.0685923979	0.0091145588	0.0069956514000000004	0.031101666400000002	0.009941394899999999	-0.0800518222	-0.0774188518	-0.0590735737	-0.0265967817	0.12552032119999998	-0.098032903	0.09795742199999999	-0.0978316635	0.0193274	0.0005544000000000035	3.073593600000039e-07	0.0003735483907600001	0.627005	-0.056689999999999914	0.003213756099999989	0.393135270025	0.122562	-0.026797	0.015021443843999997	0.0007180792090000001	0.027455700000000003	-0.0001192999999999958	0.0007538154624900003	1.4232489999999e-08	0.000602157	0.000108542	1.1781365763999998e-08	3.6259305264899995e-07	-0.00045191	0.0	0.0	2.042226481e-07	0.0	0.0	0.0	0.0	0.0	0.0	0.0	0.0	0.0	0.0	0.0	0.0	0.0	0.0	0.0	0.0	0.0	0.0	0.0	0.0	0.0	0.0	0.0	0.0	0.0	0.0	0.0	0.0	0.0	0.0	0.0	0.0
8235.05090587566	11.878499387477861	141.09874769831188	67816063.42236352	10358.580797542625	17.721609783582608	107300196.13921879	314.05545332157084	6223.135573650649	11.26075710819714	126.80465064981243	38727416.3680362	6544.11589840323	11203.201148213886	0.807027	40.613834	0.12075875022014007	0.0562092	0.011097378	-0.0632082335	-0.0339372175	0.15562548980000002	0.031020722	0.0007691692	0.042934466	-0.054528927000000005	-0.10214038439999999	0.025794836499999998	-0.060887847099999996	-0.0425174108	-0.02059431	-0.055789485	0.0169571177	-0.0644003987	0.016460345	-0.0508113086	-0.034140729	-0.0670618493	0.0622331929	0.0931203998	-0.0714604645	0.09821364640000001	0.0127244353	0.0413616711	0.0666950911	0.022833725200000002	0.01401148	-0.0957970855	-0.0201397374	-0.018434418799999998	0.1389147329	0.048926325300000004	-0.0740216964	0.0808509999	0.04593089980000002	0.0697152025	0.0202150374	-0.0164246097	-0.0146527353	0.0186284393	0.0762311901	0.10998986390000001	-0.0747877579	0.0684618856	0.0194658989	-0.029133866600000002	-0.050285637800000005	0.0361753727	0.042021505300000005	0.0162589356	0.1131997683	0.0031920609000000003	-0.0981280262	-0.1182567561	-0.0195670428	0.0793247878	0.0170314875	-0.073878325	-0.08484711550000001	-0.0227735458	-0.09035954210000001	0.0451744525	-0.12517057539999998	-0.0721102869	0.0123561355	0.012048163	0.0158112394	0.0335356402	-0.0458591936	0.0599289258	0.0642815691	-0.0196485275	0.1310113998	0.0019676905	-0.059067009800000014	-0.0519024521	-0.0231899002	-0.0652547038	-0.0374977971	-0.024133095299999997	-0.12496426710000001	-0.0376075528	-0.0650071854	0.008703589	-0.018741291	0.04292268	-0.0194768409	-0.0662449804	-0.005862003100000001	0.0520370625	-0.028594186299999998	0.0244365161	-0.0025156208	-0.057149520499999995	-0.0251246221	-0.0522534451	0.032315971	0.006328985	0.0509937144	0.06926696339999999	-0.0847215717	0.0653262188	-0.0374557665	-0.025307489500000002	-0.0468708621	-0.0734455208	-0.013310301299999999	-0.033735954	0.025862573599999997	0.0132653615	-0.0026131763	0.033867820800000004	0.0325311791	-0.0653996416	-0.142629271	0.030236832400000007	0.0015976659	-0.029388073900000002	-0.0080837802	-0.0563490371	7.42938e-05	-0.035793271099999996	0.0775157623	-0.0641185058	-0.0261593238	0.07020435280000001	-0.0992650322	-0.046456131799999995	-0.14437240699999998	-0.0194229647	0.0494390672	-0.037820773599999996	-0.0720447947	-0.0091814917	0.0431105665	0.009649750300000001	-0.1039005647	-0.011864061799999999	0.0381266083	0.0470331566	0.04500129730000002	0.1132813389	0.043362717300000006	-0.0305105837	-0.0611054634	-0.033413283599999996	-0.09529204779999999	-0.035136705899999995	-0.0140756167	0.0327502849	-0.0145240396	0.0477880026	-0.1006370026	0.002502755	-0.0001171689	-0.022841930899999998	0.0878579615	-0.0180641557	0.0072607982	-0.08260868019999999	-0.0964833411	-0.0110207881	0.1059656237	0.0246213402	0.0582064972	-0.0656196316	-0.0824192989	0.053495027300000005	0.0057105406	0.0128636701	0.08506696	0.0454321207	-0.065542525	-0.046948395899999995	0.0242698627	0.0442241289	-0.0158794387	-0.0980552714	0.098046883	-0.098032903	-2.2014e-10	-0.01932740022014	0.00037354839926946777	4.846161959999999e-20	0.594503	-0.03250200000000003	0.001056380004000002	0.353433817009	0.123228	0.0006660000000000138	0.015185139984000003	4.435560000000184e-07	0.0271445	-0.00031120000000000453	0.0007368238802499999	9.684544000000283e-08	-0.0	-0.000602157	3.6259305264899995e-07	0.0	0.0	0.00045191	2.042226481e-07	0.0	0.0	0.0	0.0	0.0	0.0	0.0	0.0	0.0	0.0	0.0	0.0	0.0	0.0	0.0	0.0	0.0	0.0	0.0	0.0	0.0	0.0	0.0	0.0	0.0	0.0	0.0	0.0	0.0	0.0	0.0	0.0	0.0
