global_signal	global_signal_derivative1	global_signal_power2	global_signal_derivative1_power2	csf	csf_derivative1	csf_derivative1_power2	csf_power2	white_matter	white_matter_derivative1	white_matter_power2	white_matter_derivative1_power2	csf_wm	tcompcor	std_dvars	dvars	framewise_displacement	rmsd	t_comp_cor_00	t_comp_cor_01	t_comp_cor_02	t_comp_cor_03	t_comp_cor_04	a_comp_cor_00	a_comp_cor_01	a_comp_cor_02	a_comp_cor_03	a_comp_cor_04	a_comp_cor_05	a_comp_cor_06	a_comp_cor_07	a_comp_cor_08	a_comp_cor_09	a_comp_cor_10	a_comp_cor_11	a_comp_cor_12	a_comp_cor_13	a_comp_cor_14	a_comp_cor_15	a_comp_cor_16	a_comp_cor_17	a_comp_cor_18	a_comp_cor_19	a_comp_cor_20	a_comp_cor_21	a_comp_cor_22	a_comp_cor_23	a_comp_cor_24	a_comp_cor_25	a_comp_cor_26	a_comp_cor_27	a_comp_cor_28	a_comp_cor_29	a_comp_cor_30	a_comp_cor_31	a_comp_cor_32	a_comp_cor_33	a_comp_cor_34	a_comp_cor_35	a_comp_cor_36	a_comp_cor_37	a_comp_cor_38	a_comp_cor_39	a_comp_cor_40	a_comp_cor_41	a_comp_cor_42	a_comp_cor_43	a_comp_cor_44	a_comp_cor_45	a_comp_cor_46	a_comp_cor_47	a_comp_cor_48	a_comp_cor_49	a_comp_cor_50	a_comp_cor_51	a_comp_cor_52	a_comp_cor_53	a_comp_cor_54	a_comp_cor_55	a_comp_cor_56	a_comp_cor_57	a_comp_cor_58	a_comp_cor_59	a_comp_cor_60	a_comp_cor_61	a_comp_cor_62	a_comp_cor_63	a_comp_cor_64	a_comp_cor_65	a_comp_cor_66	a_comp_cor_67	a_comp_cor_68	a_comp_cor_69	a_comp_cor_70	a_comp_cor_71	a_comp_cor_72	a_comp_cor_73	a_comp_cor_74	a_comp_cor_75	a_comp_cor_76	a_comp_cor_77	a_comp_cor_78	a_comp_cor_79	a_comp_cor_80	a_comp_cor_81	a_comp_cor_82	a_comp_cor_83	a_comp_cor_84	a_comp_cor_85	a_comp_cor_86	a_comp_cor_87	a_comp_cor_88	a_comp_cor_89	a_comp_cor_90	a_comp_cor_91	a_comp_cor_92	a_comp_cor_93	a_comp_cor_94	a_comp_cor_95	a_comp_cor_96	a_comp_cor_97	a_comp_cor_98	a_comp_cor_99	a_comp_cor_100	a_comp_cor_101	a_comp_cor_102	a_comp_cor_103	a_comp_cor_104	a_comp_cor_105	a_comp_cor_106	a_comp_cor_107	a_comp_cor_108	a_comp_cor_109	a_comp_cor_110	a_comp_cor_111	a_comp_cor_112	a_comp_cor_113	a_comp_cor_114	a_comp_cor_115	a_comp_cor_116	a_comp_cor_117	a_comp_cor_118	a_comp_cor_119	a_comp_cor_120	a_comp_cor_121	a_comp_cor_122	a_comp_cor_123	a_comp_cor_124	a_comp_cor_125	a_comp_cor_126	a_comp_cor_127	a_comp_cor_128	a_comp_cor_129	a_comp_cor_130	a_comp_cor_131	a_comp_cor_132	a_comp_cor_133	a_comp_cor_134	a_comp_cor_135	a_comp_cor_136	a_comp_cor_137	a_comp_cor_138	a_comp_cor_139	a_comp_cor_140	a_comp_cor_141	a_comp_cor_142	a_comp_cor_143	a_comp_cor_144	a_comp_cor_145	a_comp_cor_146	a_comp_cor_147	a_comp_cor_148	a_comp_cor_149	a_comp_cor_150	a_comp_cor_151	a_comp_cor_152	a_comp_cor_153	a_comp_cor_154	a_comp_cor_155	a_comp_cor_156	a_comp_cor_157	a_comp_cor_158	a_comp_cor_159	a_comp_cor_160	a_comp_cor_161	a_comp_cor_162	a_comp_cor_163	a_comp_cor_164	a_comp_cor_165	a_comp_cor_166	a_comp_cor_167	a_comp_cor_168	a_comp_cor_169	cosine00	cosine01	cosine02	trans_x	trans_x_derivative1	trans_x_power2	trans_x_derivative1_power2	trans_y	trans_y_derivative1	trans_y_derivative1_power2	trans_y_power2	trans_z	trans_z_derivative1	trans_z_power2	trans_z_derivative1_power2	rot_x	rot_x_derivative1	rot_x_power2	rot_x_derivative1_power2	rot_y	rot_y_derivative1	rot_y_power2	rot_y_derivative1_power2	rot_z	rot_z_derivative1	rot_z_power2	rot_z_derivative1_power2	motion_outlier00	motion_outlier01	motion_outlier02
8672.415695396263	n/a	75210793.99375544	n/a	11011.770351322612	n/a	n/a	121259086.27026772	6355.860905420727	n/a	40396967.84905559	n/a	6436.77554578546	10175.50412250234	n/a	n/a	n/a	n/a	-0.0704547715	-0.010977331299999999	0.08977218279999999	0.1764446255	0.0590582682	-0.5060546828	0.0738889825	0.4352961265	0.0900770064	-0.0530744162	0.09319297369999999	-0.0987625934	0.0623437455	-0.005812709300000001	0.1236024791	0.0122564945	-0.1025688807	0.08861914970000001	-0.056694706500000004	0.0116523293	-0.013958107800000001	0.0015178665	-0.0245800952	0.017283248	-0.1553665594	0.0174231512	-0.0773365089	0.2227576125	-0.0331005034	0.1020804224	-0.0278199505	0.2273500298	-0.1569794684	-0.065566716	0.18726569140000002	-0.295122786	0.005393015699999999	-0.185997723	0.0745691388	-0.20466677239999997	0.0349059865	-0.0343051734	-0.0048606534000000005	0.0706919358	-0.0080563266	0.12211138619999999	-0.1122117294	0.0449911111	-0.19983682760000002	0.0011310139999999998	-0.0507579755	0.096783884	-0.073822526	0.023991201400000002	-0.0119584871	0.024204104900000002	-0.0505698568	-0.0150313035	0.0529029645	-0.06837940740000001	-0.0420626243	0.0276678156	0.12296600699999999	-0.0384933278	-0.0467917202	0.073538992	0.028163697400000007	-0.1260093692	-0.0202055135	-0.0592208147	0.0204081588	0.0428817265	-0.0031047511	-0.1315187887	0.0204870623	0.0654819067	-0.0044269532	-0.0505970824	-0.0670838623	0.0372673108	0.0734718051	-0.19315228559999997	-0.0715542906	-0.14886761980000002	0.0596793974	0.0041069281	0.0499073809	0.020980202799999997	-0.0154291497	-0.111609018	-0.0229691599	0.01305138	0.043916001600000004	0.0354689111	0.1100250314	-0.013741948799999999	-0.11537189070000001	-0.078317959	0.0669964221	0.10712749939999999	0.0582658824	-0.1257724493	0.307829393	-0.0974175191	0.2393531425	-0.0584368625	0.1843386279	-0.015769216200000002	0.040593569100000004	-0.38557804659999995	0.115099139	-0.016923951200000002	0.242971469	-0.0547866858	0.07765767929999999	-0.09134265609999999	0.2117256223	-0.2660051055	0.106803815	-0.1296919	-0.023352178900000003	0.09360996279999999	-0.0666926837	0.0650797116	-0.0457941613	0.0329472139	-0.0235994422	0.1112667982	-0.038516325899999995	0.0260756004	-0.0754705742	0.0819745644	-0.0700432632	0.0689414486	-0.0062489873	-0.0280985492	0.1022960866	0.0105056682	-0.042874904400000004	-0.0611635811	0.10074730259999999	-0.007377977900000002	-0.0036639032	-0.0142279556	0.031627469	0.0646265891	-0.033436318799999996	-0.1118184113	0.0590315312	0.053257800599999995	0.0084976342	-0.0360054316	-0.0154710808	-0.0722127426	-0.11722844460000001	0.08139251480000001	0.0259029789	-0.0446442492	-0.0480464996	-0.0133326314	0.0514730775	0.0341988427	0.0487897866	-0.0651803658	-0.014182146599999999	0.0643078134	0.0196956884	0.0265710831	0.0717161194	-0.045354008700000004	-0.0324027068	-0.0396084764	-0.0460439639	0.0282222057	0.05323886269999999	0.1031385244	0.103127724	0.1031097243	-0.00207971	n/a	4.325193684099998e-06	n/a	0.0118217	n/a	n/a	0.00013975259089000006	-0.0953415	n/a	0.009090001622249998	n/a	-0.00282883	n/a	8.0022791689e-06	n/a	0.000157728	n/a	2.4878121984e-08	n/a	0.000136841	n/a	1.8725459281000002e-08	n/a	0.0	0.0	0.0
8653.635307175668	-18.78038822059534	74885404.02959731	352.70298171627627	10750.19362793179	-261.5767233908209	68422.38221987804	115566663.03802527	6365.416710251836	9.555804831108619	40518529.89515331	91.31340597023878	6434.550301843005	10315.0473804739	1.038098	37.373055	0.05434451	0.0384916	-0.0091756662	0.0101551571	0.1252921616	0.1481996968	0.0730083329	-0.2884056122	-0.0417739115	0.24620109510000002	0.0848032814	-0.0944485818	0.029498965800000002	0.15995508560000002	0.0166608797	0.0273593621	0.0033932158	-0.042196083200000005	-0.055723476200000004	0.0223553308	0.0162961085	-0.0903710848	-0.0269798328	-0.0688793842	-0.0127345504	-0.0090694199	0.0242319122	-0.012647318000000001	-0.0649460133	0.1534148834	-0.1116334403	0.0198081211	-0.0034640374	0.237992891	-0.1559246407	0.1392628628	0.1329870191	0.0193165353	-0.0652621796	-0.0376198581	0.023571705699999997	-0.0492737553	-0.1580676949	0.1038705561	-0.0815901046	-0.1035636232	0.039599217799999996	0.0892170101	0.0787140424	-0.0733640104	0.0870909534	0.0941009179	0.0582721124	-0.0831139729	-0.13515475	-0.0671404775	-0.0580235096	-0.0400608309	0.0104362902	-0.0548214343	0.021903732000000002	0.1127420978	-0.09252164439999999	-0.1449210166	-0.0295954033	-0.043383739299999995	-0.024844620699999997	-0.0270851668	-0.038205956400000005	0.0436568513	-0.0295114171	0.1254198134	-0.059926749400000014	-0.09261198609999999	0.0684142422	0.012558341200000002	-0.06816587589999999	0.1439715114	-0.13965753460000002	-0.1263700107	-0.0332005264	0.0940862714	0.0056616115	-0.0112452621	0.0425195583	0.0389560064	0.0481733381	0.057705373399999996	-0.0379329283	0.0462263325	-0.156696584	0.0168263026	-0.034879421	-0.043080867300000006	-0.0004916238	0.0883831915	0.02021971	0.0368657696	-0.0668938515	0.0027490005	-0.0882182919	0.0385590652	0.0303031037	-0.1087362134	0.24983331460000002	-0.0287207698	0.1433635341	-0.0999410515	0.223165361	-0.015896209799999998	-0.1208661194	-0.1736697687	-0.0029287354999999998	0.0309468512	-0.0049173616	0.0646796523	0.0902926441	0.008185481	-0.114506502	0.06680673150000001	0.0778871866	0.009339573299999999	0.022799612	-0.0920935365	0.09020096640000001	-0.09745716800000001	0.0435788991	-0.026182409900000002	-0.0358762781	-0.051286715999999996	0.0699501246	0.1439768433	0.15074217980000001	-0.007738878199999999	0.0440859525	-0.0228449819	0.0100535134	0.0044908994	0.0689991952	0.0419905078	0.0773828318	0.0051969839	-0.1192686956	0.0082721863	-0.0109821166	-0.014943641399999999	0.0632130061	0.1490656708	0.1055540051	0.0287095473	-0.13240023509999999	0.0184009801	-0.045777515899999996	0.2296812327	0.1348497931	0.013244256599999999	-0.0405280171	-0.0338286959	0.0023676529	-0.07389711759999999	0.0124496975	0.009250691	-0.030510752000000002	0.005872885699999999	-0.0289924186	0.10801303710000001	0.0366457618	-0.09915673380000001	-0.09958443300000001	-0.0180345656	0.0078841812	0.0517041475	-0.0716084107	-0.0559368457	0.006045929100000001	-0.0074758659999999985	-0.0353621944	0.1031097243	0.1030125435	0.10285064349999999	-0.00313934	-0.0010596300000000002	9.8554556356e-06	1.1228157369000004e-06	0.007365069999999999	-0.004456630000000002	1.9861550956900022e-05	5.424425610489998e-05	-0.0866988	0.008642699999999991	0.0075166819214400014	7.469626328999982e-05	-0.00209647	0.00073236	4.3951864609e-06	5.363511696000001e-07	0.000157728	0.0	2.4878121984e-08	0.0	0.000208192	7.135099999999999e-05	4.3343908864e-08	5.090965200999998e-09	0.0	0.0	0.0
8640.457316727518	-13.177990448150013	74657502.64219008	173.65943225153296	10602.739813162863	-147.45381476892726	21742.627489909108	112418091.54562888	6373.994401013618	8.577690761781923	40627804.62415295	73.57677880475894	6436.511203905311	10331.971456049323	1.000256	36.010674	0.11507903	0.0507798	0.012471296299999999	-0.00011354030000000001	0.1490883147	0.1154277013	0.0330714666	-0.16258327150000002	-0.1134796841	0.1594885704	0.0618724888	-0.1402656361	-0.0212472912	0.2199122487	0.0152016572	0.0158652295	0.017177108899999998	-0.0194462889	0.12456215150000001	-0.1094608601	0.0833533527	-0.1602527459	-0.0639502809	-0.0576908349	0.0257848627	-0.012413074	-0.0226567896	0.040858262799999996	-0.058913391100000004	0.139804676	-0.1025852051	-0.007795175899999999	0.0454318588	0.1853714595	-0.0601787149	0.252317522	0.0591678896	0.0898950191	-0.071008728	0.047524465700000004	0.0822175936	-0.08710276019999999	-0.0233781825	0.1417797946	-0.05630016860000001	0.051419418700000004	-0.0242858245	-0.0412377977	-0.08347635860000001	-0.12244606779999999	0.06189579820000001	0.043615495	-0.1596879077	0.046914098499999994	-0.0846387867	0.0006408340000000001	-0.0963891238	0.0801741741	0.0776804598	0.0827591059	0.08096824650000001	-0.0741723266	-0.021062214	0.0440495258	0.0599455708	0.054151414800000006	0.0401841316	0.0002250761	0.0023759051000000002	0.1325228919	0.0089884067	0.0144068915	0.0393483798	0.0180845023	-0.0177988572	0.0026097629999999998	-0.0923299861	0.06247852280000001	0.0904105408	0.06819389320000001	-0.0148008124	-0.0283939783	-0.157632164	0.10644755939999999	-0.12372012310000001	0.0791972486	0.0448321313	-0.0146654245	0.039024243	0.012459111399999999	0.0082863749	0.0099988464	0.05436928269999999	-0.08825826390000001	-0.0833284901	-0.0988880924	-0.0200163865	0.1796050511	0.1465068073	0.064419252	-0.031668991800000004	-0.10356108929999999	0.0035026188	-0.10096495119999999	0.2123134693	0.0157250708	0.1036188978	-0.029449275	0.1603104198	0.0200345678	-0.2016446017	-0.0282431998	0.0061414618	0.021633895299999997	-0.0948512765	0.19148841260000002	0.0899684917	-0.0014379898	-0.0961449506	0.0786692111	-0.0832574479	0.0218073598	-0.07358750160000001	0.038100833199999996	0.0363243413	-0.018184437	0.0209843027	0.0813520855	0.0432824025	0.0822773537	0.0179164237	0.045958386100000005	-0.0224937449	-0.1460547994	0.0364652771	-0.029040181600000006	-0.0922028968	-0.1277950373	-0.12054268300000001	-0.0416544789	0.1067850335	-0.0780945701	-0.045143109800000004	-0.0029350086	-0.0624650108	0.058959128799999996	0.0698435644	-0.1392734054	-0.0340191392	0.033762292799999996	-0.0272759656	-0.0335606876	0.16242316810000001	-0.042602773899999995	-0.0556584774	-0.0117306893	0.0849657406	-0.0201570325	-0.05259234980000002	0.08778168	-0.0181894591	0.0746442999	0.05919807780000001	0.005871077	0.022532889599999998	0.0750131453	0.0568685984	-0.1382963843	0.1699117281	-0.1096848216	-0.0501815579	-0.1030842119	-0.0858706358	0.08249303179999999	0.0519222317	0.0991626839	-0.0359338782	0.10305213199999999	0.1027823111	0.10233313289999996	0.0100814	0.013220739999999998	0.00010163462595999998	0.00017478796614759994	0.0223961	0.01503103	0.0002259318628609	0.0005015852952099999	-0.0570053	0.029693500000000005	0.00324960422809	0.0008817039422500002	-0.00152761	0.00056886	2.3335923121e-06	3.236016996e-07	0.000456144	0.00029841599999999997	2.08067348736e-07	8.905210905600002e-08	-6.72072e-05	-0.00027539919999999997	4.516807731840001e-09	7.584471936064003e-08	0.0	0.0	0.0
8630.403113442466	-10.054203285051699	74483857.9005174	101.08700369714435	10496.95782964812	-105.78198351474384	11189.828036313538	110186123.67741096	6369.147237815606	-4.847163198011914	40566036.53697416	23.494991068161074	6427.65616048722	10250.878436351592	1.0580379999999998	38.090904	0.05361489	0.0256488	0.006461376600000001	-0.0236811496	0.1625991779	0.0663358353	0.0052784727	-0.032891069	-0.0990751318	0.0988032331	0.0183930671	-0.125438246	0.11168289699999999	0.11021212650000001	-0.0331561992	0.13972177800000002	-0.034015484900000004	0.1474464586	0.1509030231	-0.1170853058	-0.0074097418	-0.1137270459	-0.091208161	-0.093022712	0.0814868651	0.0106244872	0.12478258140000001	-0.0855106924	-0.0556333446	0.0936586311	-0.111328845	0.0554905313	0.06077849940000001	0.1510787545	-0.0463296218	0.08076704929999999	0.094866434	-0.026458722799999997	-0.1052774431	0.1148000309	0.0077477525	-0.1517605476	-0.0588938809	0.060945169	-0.06178585690000001	0.09459436019999999	0.0449084903	-0.21802146320000002	0.042032052300000004	0.135656873	0.08104560940000001	0.025765065099999998	0.0238863518	0.0789478906	0.0667944902	0.1215519434	0.0763505208	-0.047941513	-0.0379127423	0.022946780299999997	0.0096766139	0.1181634257	0.0811739758	0.010835653	-0.0357597697	0.0068331713	0.0700765978	0.0438828447	0.1107892847	0.0445704049	0.0995331436	-0.062337853099999986	-0.0322467846	0.0022861744	0.0378498733	0.1876178876	-0.045813772	-0.1586947835	0.0538825629	0.0813776105	0.1874115392	0.031891205299999996	0.0178317284	-0.013622956200000001	0.1935657711	-0.0631628264	0.0047442193	-0.0187068003	0.025130687000000002	0.0956481873	0.0546685015	-0.0068576285	-0.0448537467	0.0773444519	-0.0771128175	0.0112272599	-0.041612483799999996	-0.015608467	0.0518044921	0.0920155033	-0.039019572200000005	-0.0008753764	0.0702874042	-0.0812838727	0.1163904643	0.0676727907	0.1125063187	0.0019159632999999998	0.1319272162	0.0450746655	-0.0015716151999999998	-0.0818285393	-0.0028265290000000004	-0.0438182078	-0.1029034956	0.20711169969999998	-0.0040582674	-0.0948513017	-0.041353625	0.152163716	-0.1424994274	-0.0057614279	0.0752680511	-0.0239843098	-0.0058698237	0.12589101449999998	0.1205525139	-0.1796987929	0.0199180475	-0.0461750303	-0.0750526413	-0.23664702059999998	-0.0138924195	0.0150539341	0.0077371283	-0.1347908522	-0.0039142215000000005	-0.006408056999999999	-0.0714605671	-0.069654495	0.0414139102	-0.013366548	0.0534635961	0.052195353300000004	0.0820570553	0.0257147195	-0.0412100336	-0.1271544256	-0.132250203	0.048848042300000005	-0.063809673	-0.1031615801	-0.1576603743	-0.0260855144	0.0665638236	0.09974334259999999	0.0323856601	0.009366544899999999	0.08091927559999999	-0.0302784828	-0.0302525054	0.042415599299999995	-0.0708134737	-0.0501544765	0.0154468851	0.0502658005	0.0030691715999999996	0.1718404269	0.1106110637	0.08188897740000001	0.0017528654999999999	0.040929042	0.0785600911	0.018156995800000002	0.039599246	-0.0982564882	-0.1275685482	0.10296576369999999	0.102437284	0.1015584928	0.013253	0.003171600000000002	0.000175642009	1.0059046560000013e-05	0.0392406	0.016844500000000002	0.00028373718025000004	0.0015398246883599998	-0.0481214	0.0088839	0.00231566913796	7.892367920999999e-05	-0.00133883	0.00018877999999999996	1.7924657689000004e-06	3.5637888399999976e-08	0.0007207099999999997	0.0002645659999999997	5.194229040999996e-07	6.999516835599985e-08	-0.000108159	-4.09518e-05	1.1698369281e-08	1.6770499232399994e-09	0.0	0.0	0.0
8627.321981015819	-3.081132426646945	74430684.56411871	9.493377030535298	10486.717531396154	-10.240298251965212	104.86370828920181	109971244.58329146	6366.129397771015	-3.0178400445911397	40527603.50916434	9.10735853473785	6422.830127386214	10244.082688051789	1.03921	37.413082	0.028367000000000007	0.0178649	0.0208442274	-0.0208612818	0.16050917720000002	-0.025856708399999997	0.0029554818	0.0162220562	-0.0639996729	0.1180601948	0.0171694313	-0.1402052182	0.0690482031	0.19098180050000002	0.1150573676	-0.0363535163	-0.0786146878	0.10917341039999999	0.1233901849	-0.07621405490000001	0.0718034259	-0.045689079800000004	0.0213278651	0.0294267687	0.0417895773	-0.0770137629	0.1441218936	-0.0528489861	-0.08054216559999999	0.029538221200000006	-0.0810044872	0.0747065988	0.068476324	0.1074710594	-0.0234736054	0.1874417618	0.1137403558	0.171092121	0.013972180800000001	0.0830414751	-0.0621551583	0.0509094275	-0.2186000729	-0.0151800321	-0.0193182527	0.0827147832	0.0278370352	-0.1822904624	0.0367335572	0.007830815	0.0770234643	-0.0047135256	0.034277267400000005	-0.1520246399	0.0684464567	0.0604743613	-0.0363989852	-0.026730321499999998	-0.08769887130000001	-0.1379964217	-0.041791960499999996	-0.0458589874	0.043065630599999995	-0.0360113808	0.0464436379	-0.183056981	-0.19591975399999997	0.008757664200000001	-0.0792981181	-0.0020931663	0.0137426026	-0.09719448550000001	-0.0384902382	0.0383238251	-0.1942395998	-0.0433805296	0.1106437405	-0.20873458739999998	-0.0330071177	0.0319269875	-0.0407704584	-0.0468751688	0.0563858181	-0.04552468230000002	-0.014715503400000001	0.018021164699999998	-0.0575142246	0.0484548569	-0.0863848927	0.0040028743	0.07878772769999999	0.021239087	-0.0561697121	0.0792335426	-0.0379771342	-0.063866357	-0.0781456358	-0.11704236609999999	0.0431929984	-0.0217223739	-0.045637093600000005	-0.0715864979	-0.021309879700000003	-0.10175121349999999	0.0366201032	0.06745481639999999	0.1132443415	-0.007852241	0.1235800074	0.012868226399999998	-0.1627175067	-0.0185421679	-0.1494876463	0.0110377853	-0.10396956210000001	0.1450264019	-0.0064588319	-0.0384031765	-0.1293860427	0.3115377211	-0.0060547801000000005	-0.0768272735	0.0095536619	-0.022019323700000003	0.0167926577	-0.0258833758	-0.0679110403	-0.0123035859	0.0588727197	-0.10340006460000001	-0.044866216699999996	-0.01411428	-0.0431545072	0.0561317141	-0.0281552398	0.039268797200000004	0.1469074916	0.12060978539999999	0.049476581799999995	0.0719123057	-0.0125413134	0.2158739197	0.1069571822	-0.0334249826	-0.10224243400000001	-0.0767243288	-0.1922564322	0.0037984333	0.09668030130000001	0.0330318915	0.0165022067	0.0180257302	-0.027567830699999997	-0.1278844656	-0.08910720539999999	-0.09242702679999999	0.0373494294	-0.0074682563	-0.0329352437	0.0214640482	-0.0456139765	-0.061787839800000015	-0.0626273908	0.0002738533	-0.032957512	-0.1373579014	-0.0487252221	0.08948036320000001	-0.1235246413	0.0171063808	-0.0594014426	-0.0639341567	0.1142791259	-0.0022818404	-0.0644441724	-0.0822356829	-0.027143200000000003	0.10285064349999999	0.1019778474	0.10052866960000001	0.0142105	0.0009574999999999984	0.00020193831025	9.16806249999997e-07	0.0371435	-0.0020970999999999976	4.39782840999999e-06	0.00137963959225	-0.0316074	0.016513999999999997	0.00099902773476	0.000272712196	-0.00123425	0.00010457999999999996	1.5233730625000004e-06	1.093697639999999e-08	0.0007847289999999999	6.401900000000012e-05	6.157996034409998e-07	4.098432361000015e-09	-0.00010079	7.368999999999989e-06	1.01586241e-08	5.430216099999986e-11	0.0	0.0	0.0
8627.970056861073	0.6480758452544251	74441867.30209127	0.4200023012022375	10492.375900834273	5.658369438118825	32.01714469823714	110089952.04440784	6370.695245314543	4.5658475435284345	40585757.90867332	20.846963790744642	6426.723956506149	10273.896230336704	1.241459	44.694324	0.12371170000000002	0.0578855	0.0644382946	-0.1004648373	0.0882429517	-0.071126335	0.0389677972	0.054917620599999994	0.0096510661	0.0961938989	-0.0637291566	-0.1336799651	-0.054297957599999995	0.1065645298	-0.0995049811	0.0291571417	-0.17628618829999998	0.1168250992	0.0388433664	0.028255474300000007	0.0341395038	-0.0613252068	0.0529848035	0.1358272226	-0.1151515481	-0.0024449698000000002	0.16038267550000002	-0.0271498235	-0.0565852455	0.0409499441	0.0638332192	0.1689401044	0.1131257269	0.13057478150000001	-0.0321767496	0.1392893811	-0.0356497964	-0.1189424102	0.0715810933	-0.0818737766	-0.0029588687	0.15143402179999998	0.11320180710000001	-0.012719365900000001	-0.0960309452	0.0314964014	-0.0640368088	-0.0117894252	-0.06521430889999999	-0.0178029415	0.0182198286	-0.2244834841	-0.0820748692	-0.003728338	0.1334138068	0.07409731139999999	0.0185048045	-0.0015832444	0.17051899420000002	-0.0576462059	-0.0319386581	0.0092659913	0.005709698199999999	-0.1546002924	-0.0069007712	0.1344460223	0.0107367144	-0.0194186444	0.1068971598	-0.0833116902	-0.09978489800000001	0.0744694756	0.1019565866	-0.0399638896	0.12166254060000001	0.164647648	0.0036171390999999997	0.0186712202	-0.0247990625	0.0917882578	0.0023949121	-0.1166101965	0.010599066200000002	0.1141850436	0.028992325899999997	0.0825949296	-0.0412253328	0.0350830111	-0.0684768448	-0.034520729900000005	0.07860664120000001	0.0723200852	0.0011266436	0.09322484939999999	0.1468005966	0.0575703759	0.0076758834999999985	0.061269365599999986	-0.050519454000000005	-0.046785385199999995	0.0364291698	0.0189986113	-0.10629814300000001	-0.0748340189	-0.0197422275	-0.033913749	0.18519696019999998	0.0794658422	0.0687087874	0.0397288	-0.0738027275	0.0453768677	0.0507470817	-0.19022004829999997	0.0062507037	-0.13092192060000002	-0.0103371083	0.09185473429999999	-0.0399217236	0.0016369222	-0.11694386179999999	0.0793118151	0.10569032980000001	0.030739470699999997	-0.12350669439999999	-0.0253147344	-0.11852313869999999	0.2047134385	0.1636690614	-0.0751727381	-0.06260027209999999	-0.1384402112	0.0076487509	-0.1298271202	0.1271437636	0.0769673292	-0.0153346318	0.0102653906	0.0005147996	-0.00967153	-0.2093868003	-0.015263666399999999	-0.0981247176	-0.0541274659	0.08788872119999999	0.1109064367	0.0145049636	-0.01091829	-0.11628588779999999	0.027288714900000004	0.0802137873	-0.034984526200000005	-0.0244542652	0.0302502621	-0.0340369633	0.1246164518	0.0361692219	-0.160087127	-0.1107162759	0.08000968809999999	0.0111420456	-0.0837169023	-0.043656365499999995	0.0873222878	-0.0220963287	0.09913964289999999	0.0098903359	0.0462233707	-0.0841807751	0.0574923299	-0.0212278934	0.1292545511	0.0257136904	0.0147891802	0.013324438400000001	0.0484064216	0.1196671344	0.1027068035	0.10140451460000001	0.099246251	0.00534657	-0.008863929999999999	2.85858107649e-05	7.856925504489998e-05	0.017678099999999995	-0.019465400000000008	0.0003789017971600003	0.0003125152196099998	0.007881469999999998	0.03948887	6.211756936089998e-05	0.0015593708538768993	-0.0005932530000000001	0.0006409969999999999	3.5194912200900006e-07	4.10877154009e-07	0.000522474	-0.0002622549999999999	2.72979080676e-07	6.877768502499992e-08	0.000113828	0.000214618	1.2956813584000001e-08	4.6060885924e-08	0.0	0.0	0.0
8625.865162678732	-2.104894182341013	74405549.80471459	4.430579518853043	10470.866488149786	-21.50941268448696	462.65483403156856	109639045.01265824	6369.9552672788195	-0.7399780357236523	40576330.10713318	0.5475674933534348	6422.559178511143	9988.364605419163	1.156692	41.642612	0.05697567	0.027020599999999995	0.0048373075	-0.1488219777	-0.0078648125	-0.0667572988	0.0785192921	0.0452358666	0.1468249856	-0.0108858301	-0.0400721321	-0.1227389644	0.11069082109999999	-0.06342905509999999	0.0414047207	0.12186708269999999	-0.10624308789999999	-0.056678460199999996	0.1091967568	-0.06387903860000001	-0.0241522583	-0.0092108749	0.0539240763	0.17436538850000002	-0.059735026399999995	-0.0353186503	-0.0740691742	-0.0840568056	-0.07137494429999999	0.0260228121	0.1162854711	0.06657837309999999	0.030440096200000002	0.0751962182	0.030232998599999998	-0.026926767999999997	-0.0075583644	-0.0205778374	-0.0127982117	0.1042148159	-0.0683866795	0.23154726960000002	-0.0449783215	-0.0049292221	0.012573589599999999	-0.0795227189	-0.168109902	0.0150510469	0.19233513600000002	-0.11453602189999999	0.0381393599	0.0804115292	-0.07611228639999999	0.0815029447	0.1415729894	-0.0518109975	0.0043720596	0.0635688221	-0.036950088	0.0248952598	-0.2215005545	-0.0394189717	0.1132283219	0.0095426269	0.014406228	0.0167919823	0.1277811961	0.1314640462	-0.0795658191	-0.0193166001	0.0941736958	0.0210587471	-0.025605262900000002	-0.0558399262	-0.1045575115	-0.0672009925	0.2053220643	-0.0115680924	-0.0510918187	-0.05803081070000001	-0.006786072	0.1223506807	-0.0300519892	-0.107774984	-0.0592443585	0.1068276992	0.0108346246	0.0399244795	0.0797033513	-0.0588350733	0.033590146200000004	0.0727031686	0.0993565797	-0.0582101917	0.0085384807	-0.0659906692	0.0036102941999999996	0.0383895146	0.0200831318	0.0049649431	-0.0642498678	0.22012643969999998	0.1181751717	-0.0687255254	-0.0787466271	-0.08848139279999999	0.0460994037	0.0528236349	-0.022491188199999998	0.0916809736	0.0955230362	-0.022012340800000002	-0.0302194918	-0.0792393524	-0.10363720119999999	-0.0682815705	-0.07997598019999999	0.1589271909	-0.153343121	0.054685088300000004	0.0108276523	0.1262970357	0.0893589004	0.1197999724	0.0693975886	-0.1190331652	-0.0136779831	-0.0185510818	-0.1072679717	0.1694191947	0.038326091	-0.0306348543	-0.08996079970000001	-0.0130071454	0.0232238894	0.07878203360000001	0.18262268899999998	0.11541474619999999	-0.0498601151	-0.08628383939999999	0.038267692400000004	-0.024950451499999998	0.1865225782	0.0481620741	0.0593118434	-0.003984522	-0.0410703122	0.0095365889	0.1337567772	0.081683931	0.1317640803	0.2007080298	-0.1498160187	-0.027047938799999997	0.0191076061	-0.139002126	0.0113350144	0.0949918424	-0.010909590700000001	-0.0366019296	0.0057415064000000005	0.07450330599999999	0.0329237196	0.0031242685999999997	0.056229783600000006	0.0685204683	-0.0486076346	-0.12406148970000001	0.0630560737	0.027828425099999998	-0.018434491	0.0773200804	-0.0994500234	-0.07899590599999999	0.0596737649	-0.060180178099999995	0.0758515727	0.10253428390000001	0.1007179259	0.0977144592	-0.00147462	-0.00682119	2.1745041444e-06	4.652863301610001e-05	0.0371889	0.01951080000000001	0.0003806713166400003	0.0013830142832100005	0.0197168	0.011835330000000002	0.00038875220224000005	0.00014007503620890006	-0.0007947419999999998	-0.00020148899999999968	6.316148465639996e-07	4.059781712099987e-08	0.00035380000000000003	-0.00016867399999999995	1.2517444e-07	2.845091827599998e-08	0.000119832	6.0040000000000055e-06	1.4359708224e-08	3.6048016000000064e-11	0.0	0.0	0.0
8639.545463178374	13.680300499641815	74641745.81032602	187.15062176050012	10510.552381898397	39.6858937486104	1574.9701626259937	110471711.37263006	6362.538211835135	-7.417055443684148	40481892.49706224	55.012711454684656	6417.205375549183	10056.230030656552	1.056745	38.04438	0.10768402000000002	0.0489127	0.002854508	-0.12392291230000001	-0.0432676143	0.0642382278	0.055742451799999995	-0.0347180942	0.0239984194	-0.10018591519999999	-0.0770585292	-0.082001168	0.0253212771	-0.052543584500000004	0.039245198599999996	0.0696925786	-0.11955844300000001	0.030600704	-0.0716758663	0.011078581899999999	0.0870727656	0.12604805060000002	-0.09613127460000001	0.139164761	0.11122539529999999	-0.1831928648	0.0396227725	0.0359446166	-0.0725710769	0.08796928119999999	0.0667000362	-0.0270355469	0.032228308399999996	0.0506935268	0.045869085	-0.1278262101	0.06371185480000001	-0.1012155211	0.020216156000000002	0.0059803715000000006	-0.0234632002	0.1045926108	0.1086982753	-0.0894368417	0.0078222786	-0.1726948187	0.0600226312	0.0212905506	0.0005739372	0.0699581033	-0.0176244116	0.17199231260000006	0.175011471	0.0126722942	-0.0514695448	0.044304816399999995	-0.0560371081	0.0125642383	-0.025870139599999998	-0.0008022489	0.0836712628	0.0753992144	0.039993569799999996	0.027494244100000002	-0.0405472122	0.0110165196	0.1010671043	-0.08455756730000001	-0.13857194039999998	-0.073961585	0.1296129422	-0.0123711919	-0.0337753561	-0.037444512	-0.1631333265	0.013002495	0.0330538954	0.007452694	-0.0951832016	-0.0400907979	0.0303596134	-0.0384931336	-0.0304069569	0.1036685044	-0.154173367	0.024597658799999998	0.1174326906	-0.0418349761	-0.0321683807	-0.0339782937	0.026184388500000003	0.10796285900000001	-0.009915113	0.0140838041	0.022923938900000003	0.049913125700000005	0.1378698263	0.0039869541	0.0624770803	0.1413169464	-0.049690276	-0.0014598329	-0.0383865473	-0.0677103287	0.013250676299999998	-0.0675791705	-0.045510465300000004	0.0626860135	-0.0402321305	0.0827338985	0.11554509439999999	-0.06763487309999999	-0.0498776389	-0.0766259091	-0.0418511646	-0.1565619725	-0.0885375678	0.010770191299999999	-0.0577416937	-0.0869643056	-0.0187990885	0.0385834683	-0.0664839036	-0.0905712121	0.0061965697	0.0691193397	-0.021133002799999998	-0.1900920982	-0.1955376652	-0.0892762658	-0.0485148085	-0.0284380075	0.08169503480000001	0.0276049146	-0.0214245529	-0.0110858402	0.0114343022	-0.059584483499999986	0.019671583700000002	0.0300203991	-0.0518978249	0.0365527306	-0.0436923593	0.2134349321	0.0024615121	-0.1231077535	-0.0300790071	0.0721319001	0.0723351989	0.051153806600000004	-0.0838242808	0.0904525695	0.10470940529999999	-0.032147123900000005	0.0425424918	-0.057542905599999986	0.0800881608	-0.0198865741	-0.12827997130000002	0.086442109	0.10099877130000001	-0.13486795070000002	0.014573553000000001	-0.0329609887	0.023373410299999998	-0.011618952	-0.022982892400000003	-0.0974605667	-0.0349304005	0.0808762851	0.040285495299999995	-0.0417777092	-0.0098582646	0.023591581	0.0873501547	0.09529072960000001	-0.054003515599999996	0.10233313289999996	0.0999188481	0.0959371432	0.0174928	0.01896742	0.00030599805184	0.00035976302145639995	0.0373342	0.00014529999999999405	2.111208999999827e-08	0.00139384248964	0.0404513	0.020734500000000003	0.0016363076716899999	0.00042991949025000017	-0.00035355699999999995	0.0004411849999999998	1.2500255224899996e-07	1.9464420422499983e-07	0.0007575660000000001	0.0004037660000000001	5.73906244356e-07	1.6302698275600008e-07	-0.000391953	-0.0005117850000000001	1.5362715420899999e-07	2.619238862250001e-07	0.0	0.0	0.0
8627.71682793837	-11.828635240004587	74437497.66309091	139.91661164107842	10467.057912824339	-43.49446907405763	1891.7688400341558	109559301.3504186	6362.0062222335255	-0.5319896016098937	40475123.171738096	0.28301293622105345	6413.988666115225	10130.022997343192	1.032178	37.159931	0.0417426	0.020851400000000003	0.0267050614	-0.0676124194	0.049247996399999994	0.0668913845	-0.034732358	0.025983673199999998	-0.0780477455	-0.037258632400000005	-0.1095328708	-0.0454465413	0.0292874367	-0.0081849561	0.026878432999999997	0.0422745976	-0.078945512	-0.102648998	0.0645442708	-0.0099875134	0.0481692295	0.15385022710000001	-0.0714145901	-0.0117617075	-0.012509639	0.0214846895	-0.0434187592	-0.09414042800000001	-0.0661510721	0.051497908499999995	-0.0369951415	-0.0324927179	0.0792188571	0.0033136976	0.0441728678	-0.0364385225	0.0979350947	-0.028614266800000007	-0.0247060104	-0.0164905674	-0.0045959461	0.017509846399999997	-0.0183721273	-0.0156501041	0.0160647681	-0.028531749199999998	-0.0762562032	0.0341487284	-0.0596682479	0.0940909798	0.0289359778	0.032775985699999996	0.038850708399999996	-0.1553531816	0.20496859120000002	-0.0145000301	-0.1293487504	0.0912022503	-0.06954562519999999	0.10385272599999999	-0.0222742225	0.059766788700000004	-0.012165605500000001	0.0956221637	-0.07976949280000001	0.1558006732	-0.081774626	-0.084857635	0.0106606103	-0.1442428768	-0.0107185724	0.0154671819	0.10210541810000001	0.0729258035	-0.1360645187	0.0659851446	0.0323647869	-0.0500647901	0.1613147024	0.013267221899999999	-0.1453813018	-0.025294339300000003	-0.1292502327	0.0172847132	-0.0181494844	-0.0651296162	0.0341626409	-0.17432986579999998	-0.036567327000000004	-0.051782199699999996	-0.0896980635	-0.01913203	-0.1093838208	-0.0340285763	0.0010412689	-0.0396821352	-0.0835158764	-0.1290769022	-0.0447622272	-0.1011603052	0.13662494109999998	0.0061341316	0.055761075599999994	-0.0639217064	0.016844173799999997	0.0577689926	-0.0548150418	0.0931601037	-0.0246022868	0.0218752594	0.0553437314	-0.0394324356	-0.0411810881	-0.0200282239	-0.0846101125	-0.0379717783	0.0061677065	-0.0047198271	0.0251171143	0.0348340403	-0.008812300799999999	0.0549959869	0.0128761274	0.1211102681	-0.0219920798	-0.0052534966	-0.06182567980000001	0.0484800256	-0.20072716850000002	-0.164796335	0.0415232312	0.0580658404	0.0058950546	-0.0051520271000000005	0.1444054306	-0.0870622316	0.0276653749	0.0026622046000000003	-0.0936390352	0.0860708343	-0.1544660924	-0.0428627766	0.0239092603	0.10776246769999999	0.0178802006	-0.0444276656	0.08905753039999999	-0.0196641754	-0.1737622144	-0.0430189717	-0.08445321060000001	0.0214532454	0.1231625397	-0.1674211521	-0.1460670808	0.0065837358	-0.0071213687	0.021116511400000003	0.0620614575	-0.0266325508	0.11133290369999999	0.0870034224	0.2064837659	-0.0415896133	-0.0360678112	-0.0994066807	0.017823122900000002	0.0630860172	-0.1360724048	-0.0756328106	0.0224870878	-0.0880487857	0.06161546480000001	-0.0312131473	0.0085266563	-0.0756695764	0.0581862655	0.1021034066	0.0990081737	0.09391876869999999	0.0230662	0.0055734000000000035	0.0005320495824400001	3.106278756000003e-05	0.0270034	-0.010330799999999998	0.00010672542863999996	0.00072918361156	0.0438666	0.003415299999999996	0.0019242785955599997	1.1664274089999973e-05	-0.000414425	-6.086800000000006e-05	1.71748080625e-07	3.704913424000007e-09	0.00107911	0.000321544	1.1644783921000003e-06	1.03390543936e-07	-0.000325903	6.605e-05	1.06212765409e-07	4.362602500000001e-09	0.0	0.0	0.0
8624.979808032549	-2.7370199058204894	74390276.68896918	7.4912779648575984	10434.934136423055	-32.123776401283976	1031.9370102796893	108887850.43148716	6356.865205429585	-5.141016803940147	40409735.24000132	26.430053778394967	6410.006118086743	10260.073068554808	1.065763	38.369007	0.03367175	0.015191499999999997	0.05173703019999999	-0.0818279746	0.0946477874	-0.024372405899999998	-0.0657404731	0.0819181108	-0.048810266399999996	0.0182778943	-0.08356412719999999	-0.0906221383	-0.0711829775	0.0902287995	-0.0332749347	0.0278679121	-0.1746805936	0.08401911289999997	-0.0155502527	0.0102163085	0.0011941936999999999	0.17849069350000002	-0.0215662792	-0.024639205299999998	0.018820772	-0.0020766382999999997	-0.0337993651	-0.027949139300000002	-0.0815533318	0.0266213158	-0.0080971449	0.12055257289999999	0.09633705769999999	0.0638299171	0.047322038	-0.0256276058	-0.0749930695	0.022690714900000002	0.0424788183	0.0009507509	0.0350824058	0.25758363440000004	0.0894135559	-0.10764206859999999	0.1773961604	0.051684481500000004	0.05459722980000002	-0.0416315923	0.029631305	0.050046293	-0.1684571939	0.0350244792	-0.0864889573	-0.0081635111	-0.1069550941	-0.0066587065	0.13999496320000002	-0.06686355	-0.008343333	-0.0057906547	0.06361726179999999	0.045679112599999995	-0.041070708	0.0192202042	-0.1241357202	0.0015027893	0.057468180999999986	0.0297816025	-0.0748084493	0.1160576823	0.0403504918	0.0630549236	0.0322809478	0.1273450507	0.0953575991	-0.0755429888	0.0249342267	0.0360991694	0.1732910506	0.039341845800000004	-0.0087897115	-0.0492762412	0.1937704234	0.17425169969999998	-0.0228141563	-0.0521942899	-0.0762837232	-0.0281550754	-0.0774770135	-0.0012290178	-0.052725565999999995	-0.0791520983	0.0917934154	0.008327606999999999	-0.0203326501	-0.1078745649	-0.050328519800000006	-0.0724890619	-0.0563606125	0.029078007000000006	0.052783702	0.05939452820000001	0.0301342738	-0.08799540130000001	-0.0231841524	0.0475566475	0.08984388	0.0747274822	0.0145394726	0.0509831425	-0.0209610468	0.11939738859999999	-0.0376681481	-0.1253111606	-0.0952063208	-0.2543789004	-0.06685808780000001	0.12268390109999999	0.1063835681	0.0353315309	0.046074535199999996	-0.0653644268	-0.07499174	-0.048027815700000004	0.041255658199999996	0.1349561599	-0.1125704275	-0.1290706688	0.0577505339	0.17242607710000002	-0.009205033199999999	-0.0599457509	0.0755293195	-0.0191125549	-0.0184130994	-0.0673500616	-0.1219691683	-0.0239540596	-0.06935902969999999	0.0169690904	0.0735760218	0.0173395992	0.0006769305999999999	-0.0221888744	-0.0282369683	-0.0091969662	0.08713876820000001	0.045312797099999996	0.0498679331	-0.0472302158	0.0659562338	-0.0649578183	0.0880688227	-0.053976875599999995	-0.1659428795	0.125072629	-0.0238330177	-0.1270830333	0.0781174075	-0.0541991217	0.011375286299999999	-0.058899184699999996	-0.0542904858	-0.1487426128	0.1021639023	-0.10269376599999999	0.0549964961	0.00042222690000000003	0.0741038094	-0.054500293899999996	0.008382906800000001	0.0795383449	0.005555929	0.0027475958	-0.1331727008	-0.0075563865000000015	0.0780159415	0.1018451692	0.0979869198	0.0916644073	0.020135	-0.002931200000000002	0.000405418225	8.591933440000011e-06	0.019821900000000003	-0.007181499999999997	5.157394224999996e-05	0.0003929077196100001	0.0343643	-0.009502299999999998	0.00118090511449	9.029370528999996e-05	-0.000540882	-0.000126457	2.9255333792399996e-07	1.5991372849000003e-08	0.0009716010000000002	-0.00010750899999999988	9.440085032010004e-07	1.1558185080999977e-08	-0.000278734	4.7169000000000015e-05	7.769264275599999e-08	2.224914561000001e-09	0.0	0.0	0.0
8642.22552368959	17.245715657041732	74688062.00231183	297.4147085235342	10430.835310805918	-4.098825617136754	16.80037143969649	108802325.28115559	6358.7117594225265	1.8465539929411532	40433215.23941832	3.409761648846917	6410.483309756306	10155.788178401332	1.088832	39.199528	0.07573627	0.0364362	0.0370971944	-0.1054813759	0.0070148147	-0.08191636969999999	-0.014394200900000001	0.1182887374	0.0941640003	0.0290070661	-0.09534458369999999	-0.107931865	0.0953573047	-0.0442774625	0.0847210966	0.1613624967	-0.0922007767	-0.08626914710000001	-0.0651578667	-0.04771461	-0.009882683100000001	0.1437302221	0.0249166777	-0.0780136555	-0.1517861543	-0.0556340326	-0.1083226277	0.0701336315	-0.0834610037	-0.0296035165	0.09435680119999999	0.131342092	0.0434610199	0.09410284990000001	0.0281466398	-0.1507114671	-0.0353028041	-0.140876964	0.0341293777	-0.0593137242	-0.11347948140000001	0.1415542037	0.06056186230000001	-0.0575440708	-0.0065352077	-0.1296368712	0.0433210557	0.0386672519	0.05542482309999999	0.0021791145	-0.013473138400000001	0.0047816652	0.1692496324	0.1600197729	-0.0050487445	0.0299386983	0.1106605936	-0.0724206687	-0.0017284582	-0.041294451600000004	-0.0157115221	0.055156442	-0.048541542199999996	0.12459381359999999	-0.029389296000000002	-0.090419129	-0.0176824778	-0.09043703439999999	0.020568436000000002	-0.0221420923	-0.0384638807	0.0119898651	0.1063047254	-0.08534637490000001	-0.040367179700000005	-0.10209578650000001	-0.0919741616	0.0266994832	0.0475873065	-0.0517510459	-0.051197872199999994	-0.0424111564	0.0711131519	-0.0032733303	-0.0667515554	0.0030680161	-0.0325467681	0.003526550300000001	0.1685053451	0.0446543917	0.0886789133	0.0076470615	0.0324364286	0.0497278073	-0.0090028434	-0.0358616291	-0.0242185216	0.0750708711	0.1218688626	-0.0977130666	0.0325572099	-0.17303949289999998	-0.1211894917	-0.0773789759	-0.1278234527	-0.026124354	0.0795089388	0.05835317280000001	0.0183924444	0.1252956972	0.1555756982	-0.0469086879	-0.015186560900000003	-0.1066602676	0.0483235745	-0.2105356399	-0.1290458712	0.0798618766	-0.0402739161	-0.09641989179999999	0.0243710363	0.0929058186	0.07659060849999999	-0.0630851058	-0.0204252942	-0.0547629277	0.054872224299999994	-0.0233365783	-0.052455188	0.0013549922	-0.030222639300000007	-0.09070959	-0.0012391894999999999	0.07468067839999999	-0.1646689078	0.021034859399999998	-0.05080120690000002	0.0826364873	0.0539319137	0.2657223056	0.0303756137	-0.0520603131	-0.047311047300000006	-0.0181032336	0.0675662811	0.0546498202	0.0222397326	-0.0324317402	0.09418073960000001	-0.0407565722	-0.0331081991	-0.0501472366	0.0591217737	-0.0460992121	-0.0038334224	-0.0366807009	-0.1070823318	-0.0155146558	-0.0901144957	0.03213391	-0.0448790519	-0.0081231547	-0.047432633099999996	-0.012038378600000002	-0.0305675111	0.0413423272	-0.1098187118	-0.07915730480000001	0.11070980050000001	0.0308028586	-0.08904851949999999	-0.106561549	0.092140195	0.0761381762	-0.0437593814	-0.025269627000000003	-0.06705905690000001	0.1015584928	0.09685622699999999	0.0891797233	0.00742789	-0.01270711	5.51735498521e-05	0.00016147064455210002	0.0223383	0.002516399999999995	6.332268959999975e-06	0.00049899964689	0.0188588	-0.015505500000000004	0.00035565433743999994	0.0002404205302500001	-0.000603557	-6.267499999999999e-05	3.64281052249e-07	3.928155624999999e-09	0.0005121769999999999	-0.0004594240000000002	2.6232527932899995e-07	2.1107041177600024e-07	9.93122e-05	0.0003780462	9.862913068839998e-09	1.4291892933444e-07	0.0	0.0	0.0
8659.485805080563	17.260281390972526	74986694.40839177	297.91731369555237	10489.858964683386	59.02365387746796	3483.791717047137	110037141.09894842	6367.421624024058	8.70986460153108	40544058.13808917	75.86174137700418	6421.1562542839365	10282.785524762025	1.032054	37.155453	0.06553801	0.031559	0.0635266504	-0.098633575	-0.0598795739	-0.0054599198	0.0027967196000000002	0.0048887867	0.1108132025	-0.0720006122	-0.0576869831	-0.0650844538	-0.0477900196	0.0532418657	0.018319389499999998	0.0393936224	-0.0095912965	-0.0755532959	0.105640049	0.1403500385	-0.0416036242	0.1543942979	-0.0694758954	0.17885226829999998	-0.0490931312	0.0647879296	-0.1335053552	0.1554307563	-0.05370517440000002	0.046046448899999995	0.11629239150000001	0.0462690695	0.0373025923	0.0605566738	0.0186864326	-0.050124548899999996	-0.039289427599999996	-0.0619439815	0.0639482721	0.1229238799	-0.06237200320000001	0.1017910424	0.1280863178	-0.1123061823	-0.041397869	-0.0575760674	-0.0113387852	0.0798128077	-0.0545708846	-0.0098493388	-0.0353434584	0.0161696925	0.07542900799999999	-0.0278765246	-0.0496032491	-0.1124292359	-0.048147851299999996	-0.0501983118	0.0316367567	0.1212165339	-0.042138719000000005	0.023712554700000003	0.0057662427	0.0717209436	-0.0098655129	-0.0037144653000000002	-0.0343888102	0.1650846639	0.0695577559	0.17846061079999995	-0.0361302841	-0.09109298019999999	-0.1029503218	-0.0987275984	0.1634684762	-0.016704293500000002	0.1421720263	-0.0955788305	-0.0067812731000000005	0.12059458279999999	0.032656961	0.022249307799999996	-0.059423302699999986	0.0388834057	0.1482041492	0.0140382781	0.0309500806	-0.0516654092	-0.042540141600000005	0.0584880641	-0.149633165	-0.0517426593	-0.09054547980000001	-0.1336547785	0.007522435999999999	-0.0186139522	-0.0355282752	-0.0077140308	0.023096300099999998	-0.0908241512	0.0282751554	-0.0768255695	-0.0376868177	-0.054005560700000003	-0.050719468899999995	-0.1061389386	0.0397243231	0.0423167405	-0.0261363304	0.0784530604	0.041192306	0.0254458809	-0.0540515809	-0.1457451691	-0.0842016232	-0.0849597873	-0.1414464798	0.09326414460000004	-0.0407707791	-0.1796399174	0.0295901905	-0.06750270259999999	-0.0207155984	0.0342863919	-0.0170229104	0.0064337848	0.07035414179999999	-0.014944120900000003	-0.0340817585	-0.0394808125	-0.0081853973	0.1667122032	0.0207772188	0.0118129274	0.0018545260999999998	-0.09884834220000001	-0.060424692	0.0273543972	-0.0177976954	-0.0692328817	0.0303086329	-0.042815443099999996	0.0564431688	-0.1883334405	-0.0233594788	0.020365121899999998	-0.1385890592	-0.1251366573	0.036225749	0.0620101791	0.0326594178	-0.1111779199	-0.0936566496	0.1418835267	-0.020632574	0.023027854500000004	0.1973441695	0.07180862019999999	0.0834852246	-0.1466873619	-0.002978985	0.012239717399999999	0.10543635529999999	-0.0299953617	0.0596664213	0.0071961941	-0.0079568875	0.0740330071	-0.1004761937	-0.1475982869	0.0360714398	0.0138035282	-0.0834970648	0.046306479299999995	-0.0118038018	0.0458537212	-0.0251584777	0.1012434574	0.09561735810000001	0.0864709601	0.00406437	-0.00336352	1.6519103496900007e-05	1.13132667904e-05	0.0291125	0.006774200000000001	4.588978564000002e-05	0.00084753765625	0.008303849999999998	-0.01055495	6.895392482249997e-05	0.0001114069695025	-0.000909308	-0.00030575100000000005	8.268410388640001e-07	9.348367400100003e-08	5.329840000000001e-05	-0.0004588786	2.8407194425600004e-09	2.1056956953795995e-07	-3.2965e-05	-0.0001322772	1.086691225e-09	1.749725763984e-08	0.0	0.0	0.0
8649.557523440186	-9.928281640377463	74814845.35130072	98.57077633065623	10515.654276170291	25.79531148690512	665.3980947064592	110578984.85593854	6380.824515696671	13.402891672613805	40714921.50011566	179.63750518782047	6436.54772199311	10259.694691000344	1.076863	38.768631	0.05406612	0.028429400000000007	0.0350617696	-0.0695593604	-0.1064105689	0.0704140943	-0.052665247000000005	-0.0381389977	-0.0071351845	-0.10708240890000001	-0.0490833776	-0.039733354500000005	-0.1475586159	0.0946523186	0.041453825	-0.1252078099	0.1445289111	-0.0272373917	-0.06509985360000001	-0.0168228594	0.0198416636	0.018932481	0.0684016825	0.1361465595	-0.0675649121	0.06726055269999999	-0.1810153153	-0.0196877484	-0.0232007573	0.0794830358	0.0561656441	-0.077263416	-0.08237858740000001	-0.027628079700000002	0.11821497550000001	0.0256695292	0.0498106332	0.2161075973	0.1322220727	0.2186427666	-0.1059825769	-0.13765727519999998	0.1499433094	0.0208481769	0.0553848472	-0.0187127045	0.1109969796	0.0391667102	-0.071150758	0.0075846749	0.059253424699999994	-0.0844217181	-0.0435280796	0.0939820182	0.0346023991	-0.1090002033	0.1118851396	-0.060404265199999994	0.027477663599999997	-0.0540172199	0.07040848129999999	0.005516541	-0.1884530686	-0.056946839699999995	0.032859709300000005	0.0852325998	-0.040979518799999996	0.0292986119	-0.0961109436	-0.127965355	-0.1406008701	-0.24425234210000002	0.1299619845	0.055332815099999995	-0.026989205699999998	-0.117699971	0.07183703799999999	0.0390471473	-0.1112317942	-0.12490439689999999	-0.0160863952	0.1314097279	0.0115610371	0.0455418309	0.0382371441	0.0371434284	-0.1085608948	-0.0790061584	-0.0059627840000000005	-0.13709800390000002	-0.0897952409	-0.0088864626	0.0223011827	0.020248396000000002	-0.0329577735	-0.0635385155	-0.1197389509	0.0315344413	0.037603336800000005	-0.0727350217	-0.0465070213	-0.062999954	-0.0199506741	-0.0265050647	0.027350381099999998	-0.09010400130000001	-0.0605145608	-0.0323460077	-0.11706542689999999	0.11547382810000001	-0.12127616990000001	0.08542394380000001	-0.2085122094	0.1004351623	-0.0647209153	0.15964163380000002	-0.13068913210000002	-0.1003498159	0.09018490550000001	-0.12151389060000001	-0.0313085488	0.0587007053	-0.14838032869999998	-0.10943794	-0.21849317769999999	-0.0519408644	0.07147430169999999	0.0867694259	0.0276042133	0.07611392809999999	0.1443205361	-0.0498738644	0.06326248200000001	0.002930994	-0.058044415700000004	0.0087849425	-0.1279173233	0.0961255816	0.1341806619	-0.0633614931	-0.1021832682	-0.0634806871	0.0342830166	-0.035908926800000004	-0.0588898763	-0.1517694643	-0.08798214859999999	0.005475978	0.1802658904	-0.1764391253	0.007351979	-0.061744428399999995	-0.073265103	-0.0570351413	-0.0129827044	-0.0427740904	0.0334955823	0.0141172969	0.1212179983	0.0588761329	0.17471081	0.021111483700000003	0.0171418824	-0.0095864101	-0.15345903019999999	0.0561801621	0.0022755607999999997	-0.08017665019999999	-0.0235138996	-0.0493319406	-0.1490810635	-0.0393970352	-0.0043565997999999995	-0.0114205027	-0.0210063128	-0.0619802183	0.0563883357	0.10090015109999999	0.0942716968	0.0835449238	0.0027558000000000005	-0.0013085699999999998	7.594433640000003e-06	1.7123554448999997e-06	0.0333513	0.004238800000000001	1.7967425440000008e-05	0.00111230921169	0.030864	0.02256015	0.000952586496	0.0005089603680225001	-0.0011879000000000002	-0.0002785920000000001	1.4111064100000003e-06	7.761350246400009e-08	0.000216307	0.0001630086	4.6788718249e-08	2.6571803673960004e-08	4.46064e-05	7.757140000000001e-05	1.98973092096e-09	6.017322097959999e-09	0.0	0.0	0.0
8633.85905962881	-15.698463811375403	74543522.26153448	246.4417660370632	10448.699565587443	-66.95471058284784	4482.933269232916	109175322.61190724	6377.328551362544	-3.4959643341271662	40670319.45202389	12.221766625489195	6435.175333158636	10274.377689708734	1.112005	40.033787	0.060996410000000015	0.0331254	0.0132453873	-0.0932708567	-0.059907633700000004	0.0725323182	-0.0335255974	-0.0045774144	-0.10393705060000001	-0.1146855182	-0.007223408499999999	-0.1375808407	-0.18875354379999998	-0.0071273768999999985	-0.10369374630000001	0.0302845642	-0.06554894309999999	0.0627894187	-0.1531837732	-0.0831737238	-0.0831306854	0.0054071265000000006	0.0440736634	0.1071722923	-0.0332587056	0.06920007269999999	-0.0501985594	0.1094523585	-0.0209601986	0.126524839	0.051030806	-0.0289800385	-0.013815909599999999	0.020895951200000002	0.06697865809999999	0.0576045003	-0.14472135560000002	0.089825115	-0.0156300915	-0.0161596538	-0.0627797773	0.0155097609	0.1371514418	-0.010381186899999999	0.042289244000000004	0.028626223	0.06840531679999999	0.0378133777	0.1274517295	0.1734222786	-0.0623091603	-0.1970460272	-0.06767833549999999	-0.1173984198	0.07539318519999999	0.0945099866	0.0335383889	-0.006244576	-0.052786769000000004	0.1518522715	0.0667683264	-0.05370499559999999	0.0146987674	0.055718047300000004	0.039732094	-0.059393086399999996	0.0001923566	-0.0884299639	0.012956469699999999	-0.0123463291	0.0377531184	-0.0599697854	-0.0701501209	-0.12030403529999999	0.0054465914	-0.0009611777	0.00010590440000000001	-0.0450447596	0.013009131100000002	-0.0847179486	-0.0481443834	-0.0054776098	0.0571739104	0.0210091687	0.0677439113	0.008901084699999999	-0.017217716100000002	0.0121722249	0.0558514367	0.055114345099999996	-0.0313377755	-0.12241407289999999	0.1660713958	-0.0972368778	-0.0524740636	0.0416503959	-0.0336422307	0.0166344333	-0.1160099432	0.1128148632	-0.0316776676	0.052931581500000005	-0.1792478018	-0.034487836099999995	0.09476234630000001	-0.0818616632	-0.006284096800000001	0.0298599543	-0.0825604817	0.0539900498	-0.0653849606	0.17999547030000002	0.025281768	0.0056108521	-0.033215520899999997	-0.0938804211	-0.09650078990000001	-0.0050373878	0.1136736662	-0.020983674	-0.0990870176	0.0598814011	0.1582908324	-0.1099470602	-0.0171185264	0.0720731059	-0.11013498349999999	0.0604104413	0.1088865486	-0.029809349	0.0361217069	-0.0169592384	-0.12334049970000001	0.1573665094	-0.0013227532000000001	-0.0990690914	-0.014102718600000001	-0.10418220710000001	0.0082816217	-0.023536095299999997	-0.0281025492	0.029168739	0.047414845	0.1411702621	-0.039585883599999996	0.022377481	-0.165757961	-0.0275411287	0.0398160257	-0.0025977607	0.063186905	-0.0143571085	-0.0034917649	0.1193454752	0.0361720975	-0.0460376673	-0.10758474009999999	0.014729743100000001	0.1033328423	-0.0045109166	-0.047548136100000006	0.08916931859999999	-0.0468836826	-0.0615484804	-0.1094952614	-0.1611638896	0.055871582999999996	0.0213239242	0.0098776111	-0.0551597738	0.0609358007	0.12123693	-0.018674825	0.0493209732	0.1771318947	0.059278537699999995	0.085430064	0.10052866960000001	0.09282074609999999	0.0804089666	-0.0101332	-0.012889	0.00010268174224	0.00016612632100000002	0.030404700000000007	-0.0029465999999999967	8.682451559999983e-06	0.0009244457820900002	0.0535957	0.0227317	0.0028724990584899994	0.0005167301848899999	-0.00115138	3.652000000000017e-05	1.3256759044e-06	1.3337104000000125e-09	-0.000190447	-0.000406754	3.6270059809e-08	1.65448816516e-07	3.92982e-05	-5.3081999999999986e-06	1.5443485232400007e-09	2.817698723999997e-11	0.0	0.0	0.0
8627.658168008129	-6.200891620681433	74436485.46399738	38.451056891437204	10466.364213881934	17.66464829449069	312.03979936805285	109544779.8576284	6378.578571158349	1.2500197958052013	40686264.58844049	1.5625494899048769	6432.915643694018	9995.997359685667	1.1849	42.658123	0.070277624	0.0359854	-0.0584898396	-0.0753077635	-0.0107763399	0.0658052884	-0.0706748951	0.0295125458	-0.0470181316	-0.0714693692	-0.0344698086	-0.0769325146	-0.013506948500000001	-0.1570680858	-0.0046986111	0.0422217988	0.0765515611	-0.0610063976	-0.0848956479	-0.08593352800000001	-0.1043220083	0.1022270415	-0.023140265299999997	0.052842566699999996	0.0764843213	0.10115266960000001	0.0799501933	-0.0522058083	-0.0066641249	0.08623005630000001	0.006276965600000001	-0.0038085525	-0.0359084891	-0.0658977828	0.1110689366	-0.0972469179	-0.0705986474	0.0438623496	-0.059813001399999996	0.1837399327	0.0277089394	-0.23310402800000002	0.26230589530000004	-0.0042239531	0.082148414	-0.014720683899999996	0.0888703581	-0.1180356452	0.018894473300000002	-0.0652035547	0.0159968232	-0.0069605037	-0.058163877999999995	-0.021117407400000003	-0.029735271400000002	0.0255226904	-0.0584300039	0.1574229503	-0.09104317560000001	0.1796912223	0.004342490300000001	0.0161889767	0.0636410501	-0.0351704327	-0.0876579025	-0.0857634086	-0.1264951502	-0.021056903300000002	0.0559673072	-0.0208424706	0.0350237347	0.1637151667	-0.066462614	-0.050943159800000005	0.050154633899999995	-0.0173146114	-0.0073706517000000004	0.0767425561	-0.0135316768	-0.041000666899999996	-0.0615077761	0.0045774304	-0.0792429033	-0.0334972521	0.0237086042	0.0738354577	-0.048941800099999995	-0.017585689499999998	-0.08694968130000001	-0.09952090960000001	0.0344342631	0.0496737938	-0.0273199972	0.0935792107	-0.0130096749	0.0405002576	0.0784034082	-0.0103213922	0.0839524606	0.0197928491	0.0360408962	-0.013137669499999999	-0.02034744	-0.0105195571	0.0319686448	0.0264886175	-0.0244890662	0.0362693163	-0.1374145091	0.07836165839999999	0.1001316119	0.067499099	0.021778935699999998	0.0727506033	-0.07371805669999999	0.1158521591	-0.0920966074	-0.1561591509	0.043067633	-0.131067205	-0.218800355	0.083447681	-0.0802642226	-0.0723629575	0.0817516028	0.0898127273	0.1197410832	-0.0040614625	0.0257420817	0.0564166233	0.0093359993	0.11642252560000001	-0.1328421984	0.0638174842	0.1426312867	-0.07767280530000001	0.0587434902	-0.147494027	-0.0626223937	0.09258674619999999	-0.0405673398	0.0357773889	0.0372945347	-0.0625127807	-0.11511127130000001	0.14405625060000002	0.0809553044	0.1860411856	-0.038190489700000003	0.0320248026	-0.0128787622	-0.006367319200000001	0.003914372	0.0235404892	-0.021396618	0.019993958	-0.0007644434	0.1392290284	-0.0778867044	0.0323585895	0.0203785026	-0.0399562127	-0.034795499199999996	0.0379936475	-0.09231280369999999	0.051002462199999994	0.0956452667	-0.0034618011	-0.07534709860000001	0.0556702421	-0.0355089884	-0.0406326256	-0.0563932408	0.0914267275	0.0174159751	0.0167733686	-0.0282664917	0.1001291168	0.09126612640000001	0.0770709682	0.000965904	0.011099103999999999	9.32970537216e-07	0.00012319010960281602	0.0571142	0.026709499999999997	0.0007133973902499997	0.00326203184164	0.0369494	-0.016646299999999996	0.00136525816036	0.00027709930368999985	-0.00117826	-2.687999999999996e-05	1.3882966276e-06	7.225343999999979e-10	8.210989999999999e-05	0.0002725569	6.742035678009999e-09	7.428726373761e-08	2.22807e-05	-1.70175e-05	4.964295924900001e-10	2.8959530625e-10	0.0	0.0	0.0
8607.643574166557	-20.014593841571696	74091527.89989083	400.5839666430796	10452.253358588045	-14.110855293889472	199.11623712508853	109249600.27211508	6365.894366480988	-12.684204677361775	40524611.08519437	160.88904829720641	6420.845265885671	10034.757571719298	1.048713	37.75519600000001	0.094929836	0.0485426	-0.0439638038	-0.0494623591	0.0495451376	-0.060948744299999996	-0.09732596619999999	0.0841084225	-0.053020391900000005	-0.0172291179	-0.0306968874	-0.0540306109	-0.0228670609	-0.08755954490000001	-0.0103922614	-0.0963296666	0.1229812501	0.0568702336	-0.0383757526	0.0016628588	-0.0433045705	0.1768702348	0.05693892160000001	-0.0033120674	-0.037510451800000004	0.06336976450000001	0.1366462456	-0.16012815589999999	-0.0397306969	0.0406060734	-0.0558452632	0.0900733545	0.0396702455	-0.11204463390000001	0.0589961418	-0.0458963404	-0.07455547	0.13409735960000002	-0.0270848457	0.1414441092	-0.011083616200000002	-0.0639650683	0.0035373227	0.060232379100000004	0.0730619989	-0.024679664	-0.0407894164	0.0112714216	0.0104005097	0.05371183190000002	0.0926061282	-0.0150420272	0.043511252699999996	-0.048208213099999994	-0.1100592374	-0.0742495109	0.1419987143	-0.0445757601	-0.0161887902	0.054113426500000006	-0.0623284645	-0.1812737382	-0.047126399299999996	0.0789306271	0.12121067220000001	0.09072595359999999	0.07767767639999999	-0.0485248438	-0.0866778802	0.0825346123	0.0166689309	0.1788942604	0.0694857061	0.1013678868	-0.1042497993	0.0678498785	-0.049626345599999996	-0.0005328719000000001	0.06374664570000001	0.0950110573	0.093910584	-0.0035508091	0.0333077451	-0.0213938181	0.1467331409	-0.099594402	0.0544687112	0.012937182700000001	0.050628128499999994	-0.014462218899999999	0.042118255599999994	0.023503898399999997	-0.0850495056	0.0426761555	0.08037681769999999	-0.045033987000000004	0.0804259957	0.10250561529999999	-0.0285156823	0.0992460152	0.0191789151	-0.0286563804	0.09225302630000001	-0.0413901071	-0.0116141319	0.0907989134	0.042049955199999996	0.0667682083	-0.10401108349999999	0.0139597714	0.030895090299999997	0.10827579119999999	-0.08496638529999999	0.09598089300000001	-0.053828069299999996	0.0974694768	-0.0886707749	-0.0391400514	0.036043939	-0.0019716877	0.034242862799999996	0.09243159390000001	0.0068032024	0.0537687713	-0.0020128955	0.0186989233	0.0264241565	-0.1084469858	0.0414494755	-0.0388092586	0.1171937792	0.11105404140000001	-0.0654129874	0.0021976589	-0.167614207	0.0481681261	-0.043391751900000004	0.0188723961	-0.0370968551	-0.048941548499999994	0.1199760057	0.0208449736	-0.0993049127	0.07883492889999999	-0.1089314383	0.040879815800000004	0.2155529077	-0.0090190508	-0.0870949466	0.0883193683	0.08462542279999999	0.0654614312	-0.0597423935	-0.15501356289999998	3.586999999999999e-07	0.0618771554	-0.0330188769	-0.0286526106	0.052205342	0.023774083199999997	-0.0039546008	0.0077458208	-0.0080857623	0.0736500567	0.049784834900000005	0.1331763637	-0.0727595253	0.1275481356	0.0570477558	-0.0038816271000000004	0.046653983200000006	0.014812276499999999	-0.035106173500000004	-0.1026971014	-0.0529907265	0.0977247483	-0.1947960463	0.09970160410000001	0.089609574	0.0735393158	0.016157599999999998	0.015191695999999998	0.0002610680377599999	0.00023078762735641596	0.0499851	-0.0071290999999999985	5.082406680999999e-05	0.00249851022201	0.050055	0.013105600000000002	0.0025055030250000004	0.00017175675136000006	-0.0010807700000000002	9.748999999999976e-05	1.1680637929000003e-06	9.504300099999955e-09	0.0008919279999999998	0.0008098180999999997	7.955355571839998e-07	6.558053550876098e-07	-0.00026048	-0.0002827607	6.78498304e-08	7.995361346448999e-08	0.0	0.0	0.0
8585.546667995322	-22.09690617123488	73711611.58832559	488.273262340358	10437.246019847666	-15.007338740379055	225.22021606848202	108936104.47882594	6365.494372784196	-0.3999936967920803	40519518.60994726	0.15999495747339468	6418.98231145765	9916.830702852856	1.036828	37.327328	0.015858	0.011805	-0.0689410967	-0.0749586699	-0.0510262425	-0.1202438341	-0.0119611368	0.10822336199999999	0.08402831890000001	0.007566327199999999	0.036080303	-0.10920078	-0.025080919	-0.0452396096	-0.09841661	-0.030390548599999997	0.026991175299999996	0.0010848815	-0.0488037779	0.0328735242	-0.0362443666	0.0621721004	0.1191376046	0.0101639802	-0.023672591899999998	-0.036021849	-0.008268188000000001	-0.0580518613	-0.0308345157	-0.0299843922	0.1329667735	0.0628129946	-0.0046593333	-0.0834508316	0.0054757836	-0.0634041797	-0.0755086487	0.0776760048	-0.10839157279999999	0.0157908286	0.08637728929999999	0.0190372626	0.0622769693	0.024417206099999998	-0.0936858008	0.004516996	-0.1089068186	0.0206718007	0.035576339900000004	0.0785267791	0.052852014100000004	0.0148887062	-0.1166414255	-0.0754316	-0.0184497088	-0.0479685736	-0.027944390099999997	-0.0836745983	-0.0176276818	0.006235596899999999	0.0340538004	-0.025397118	-0.0862734824	-0.0947051815	-0.0252791876	-0.0849046961	-0.1905232416	-0.1269185026	0.00034145230000000017	0.0240287024	-0.0102670543	0.092587486	-0.11628691039999994	0.0159682456	-0.08608693199999999	0.011250921100000002	-0.1020259779	0.18876611399999998	0.0805602915	0.09872139279999999	0.1120895862	0.0043970309	0.029239785499999997	-0.0649872881	-0.1467646468	-0.0226246902	-0.0769972439	0.1378793807	-0.042987459400000004	-0.0106423321	-0.0039081733000000006	0.08936516679999999	-0.0076095109999999985	-0.1111770492	-0.0445129622	0.1395104666	-0.0280871755	-0.0973531775	-0.051673709000000005	-0.1033683641	-0.0304018833	0.0452273044	-0.09377130880000001	-0.0280563231	-0.09955223220000001	-0.058437728499999994	0.0657342369	0.0239727243	-0.073686093	-0.0309744333	0.0575478846	0.0860449611	0.068215536	0.0933972292	-0.047173114800000006	0.028750056099999997	0.080441666	-0.022280196000000002	-0.0164480192	-0.0011304541	-0.0415558667	0.0339606243	0.0955917969	0.035714666299999996	-0.07914348019999999	0.0039707865	-0.1498610201	-0.0196286437	0.0336560622	0.048867473499999994	0.07258507019999999	0.11121527880000001	0.0333497313	-0.0716756226	-0.010682901399999998	-0.0812919262	-0.041675609700000005	-0.027255253599999998	0.0028358209	0.0338108836	0.0351666506	0.17197667940000005	-0.1068962644	-0.0882078671	-0.11712100630000001	0.0696368621	-0.0338939656	0.10484223599999999	-0.1138846255	-0.00038780190000000015	-0.068917009	0.1416419672	0.0273892274	0.0638441059	0.0720618279	0.0802946189	-0.0917331345	0.0393795688	0.0399557866	0.11813906019999999	-0.1444503619	-0.003696296	-0.0740023293	0.023307330299999998	0.0518940758	-0.06579329910000001	-0.0618245474	-0.1827039325	-0.0731855044	-0.0701858714	0.060056235599999994	-0.0761190055	0.1039206493	0.0132280418	0.060891012	-0.0688327351	0.059092909900000004	0.099246251	0.0878529392	0.0698228833	0.016223500000000002	6.590000000000415e-05	0.0002632019522500001	4.342810000000547e-09	0.0508405	0.0008553999999999992	7.317091599999985e-07	0.00258475644025	0.061425699999999986	0.01137069999999999	0.003773116620489999	0.0001292928184899998	-0.00102433	5.644000000000026e-05	1.0492519489e-06	3.18547360000003e-09	0.000902328	1.0400000000000143e-05	8.141958195839998e-07	1.08160000000003e-10	-0.00026496	-4.480000000000011e-06	7.02038016e-08	2.0070400000000103e-11	0.0	0.0	0.0
8584.724040164208	-0.822627831114005	73697486.8457733	0.6767165485233319	10473.75806155271	36.51204170504389	1333.129189470864	109699607.93194038	6362.147377069216	-3.34699571497913	40476919.24754871	11.202380316088657	6419.320097502992	9726.262494989354	1.099673	39.589828	0.14710508	0.0851588	-0.1167744154	-0.10005488369999999	-0.0791765587	-0.015083946599999997	0.0533740357	0.014067346100000001	0.0435018448	-0.15203558080000001	0.0623891335	-0.0591159847	-0.0580879635	-0.103389743	0.0350806379	-0.09573068900000001	-0.019705495	-0.0514456996	0.025688602400000003	0.08840473869999999	0.0384796977	-0.0326181542	0.05822767280000001	-0.1887016111	0.1361930569	0.0927302973	-0.0298545108	-0.101734012	-0.037679657799999995	0.0192960807	0.1043663126	-0.12183601779999999	-0.039529202799999996	-0.09339578779999999	0.0295450702	-0.0202458699	-0.0906191175	0.1011858793	-0.0015283282	-0.1739539959	-0.0448239062	0.0510476303	0.1156949333	-0.016728934299999998	-0.1292995389	0.0849889827	-0.0131039472	-0.0341243917	0.0304787015	-0.0566979408	0.0462457026	0.0076134242000000015	0.0766828218	-0.0033656089000000003	-0.0147918999	0.0529867592	-0.0540411768	-0.0199296662	-0.0535559292	-0.0067251185	0.0445733901	0.046078759500000004	-0.055315428099999994	0.08907941949999999	-0.08738579210000001	-0.0088234973	0.060683248499999995	-0.0214633432	-0.0002582553	-0.0118465658	-0.0306487956	-0.0706024948	-0.24416141260000002	0.0747123016	-0.0345830053	0.1836119494	-0.0941468761	-0.0746489609	0.0090641843	-0.014587867	0.0085372913	-0.09055925179999999	-0.0801678628	-0.1446462593	0.0760437147	-0.0350742679	0.028531706400000002	0.0257038243	0.08641221140000001	-0.0604057539	0.0757652201	0.0214030655	-0.04357137690000002	-0.0621357258	-0.0263991609	-0.1343149091	0.0695707076	0.1502622579	-0.057796849500000004	-0.0927734978	-0.09420128400000001	-0.026000421	0.1361914077	-0.0303140891	-0.008978918	-0.10369781759999999	-0.09799364630000001	0.0055816516	-0.1095588835	-0.053709740199999995	0.0157726708	0.0901801852	0.0106700427	0.0942663218	0.0679664282	-0.0812766558	0.0632028051	0.0600267987	-0.0658694299	0.0076113066	-0.202657007	-0.1189978417	0.0444163822	-0.0251126937	0.0087588313	-0.0736786022	0.030148266099999998	-0.0339858351	-0.0031287490999999997	-0.0311396798	-0.07733676440000001	0.044058751900000005	0.0098672959	0.048498987300000004	0.0047969588	-0.062384287300000014	-0.07169163099999999	0.0147158495	-0.0672514947	-0.0230329815	0.0699294692	0.0382173346	-0.0302862835	-0.0076516484999999985	0.046367735300000004	-0.1838306423	-0.0913703761	-0.0332350588	-0.2063618087	0.0262611211	-0.0742376144	0.07912112360000001	0.015222782800000001	-0.0007797147000000001	0.0972061948	-0.0674225513	0.0156145404	0.052068799299999996	-0.1369026018	-0.0507417591	-0.0309336146	0.1499159837	-0.0668243826	0.10793209210000004	-0.024124588399999997	-0.0233660502	-0.0393976763	0.0680119734	0.18267697260000001	-0.0326934337	-0.0816599086	-0.0742284909	-0.0125253917	-0.0904621011	-0.0753444832	0.0944923649	-0.028449669900000002	0.09876318460000001	0.08599818390000001	0.0659310088	0.007648819999999998	-0.008574680000000005	5.850444739239998e-05	7.352513710240008e-05	0.0371844	-0.013656099999999996	0.00018648906720999996	0.00138267960336	0.136914	0.07548830000000001	0.018745443396	0.005698483436890002	-0.000932003	9.23269999999999e-05	8.686295920090002e-07	8.524274928999982e-09	0.000206042	-0.0006962860000000001	4.2453305764e-08	4.84814193796e-07	-6.585300000000001e-05	0.000199107	4.336617609000001e-09	3.9643597449000004e-08	0.0	0.0	0.0
8619.983673593832	35.25963342962313	74304118.5330242	1243.2417495913976	10451.912946582466	-21.84511497024323	477.2090480631449	109242484.24293818	6367.757985207951	5.610608138734278	40548341.75817962	31.478923686431322	6422.474542786981	9731.172001961058	1.05657	38.038055	0.079425845	0.0425678	-0.11283861880000001	-0.0648077767	-0.013275413799999998	0.0413951844	0.021798019	0.026475961800000003	-0.0391003926	-0.09670180980000001	-0.0018954241	0.01035048	0.0774053068	-0.2116612977	-0.0103562662	0.0188541245	-0.0213119377	-0.1375106059	-0.059243650999999994	-0.0307211173	-0.0019210716	-0.1557640147	0.0604260962	-0.1044925667	0.0423893785	0.041624172200000004	0.0897427948	-0.023704993799999997	-0.0149288203	-0.0037946907	0.005297186	-0.10489596359999999	-0.0496469551	-0.1352243352	0.0989528065	-0.08064303240000001	-0.0184798666	-0.0957189703	-0.1123737935	-0.1171948093	0.0384271112	0.023235930699999997	-0.08988870310000001	0.0029467472999999997	-0.045023026699999996	-0.16872987620000002	0.0646256846	-0.2066666959	-0.0207437766	-0.027849376699999998	0.06218379950000001	-0.086818353	0.093098729	0.0203802584	-0.0942842197	-0.023657564300000003	-0.0217403943	-0.044972975899999997	-0.08210582150000001	-0.037948794	-0.1150800017	0.0178519649	-0.0198418941	-0.018680613999999998	0.057286101	0.045162248499999995	0.0558180303	0.1682478437	0.1481749149	-0.0488034841	-0.0647216632	-0.0122185772	0.071264305	0.037221063	-0.025413980899999997	-0.1144852796	-0.06282903599999999	-0.0596645262	-0.0771885845	0.10384740810000001	-0.1167325685	-0.06792923669999999	-0.046605085899999996	-0.0461908237	-0.0013958681	0.013969970600000001	0.0230865221	0.026380242400000004	-0.0896319244	-0.00048004309999999996	-0.0826032711	-0.0779451772	0.0139912305	0.038570405	-0.067876196	-0.08814686220000001	0.022608621000000002	-0.0575263254	-0.10874647400000001	0.1174560752	-0.0160478841	-0.0516966309	-0.0650462034	-0.0033456224	0.0026067482	0.025782016499999998	-0.1347403228	0.0199836426	-0.1293404264	0.0131104536	0.1043501543	-0.0672491014	0.1269475751	0.10000905759999999	0.0542695006	-0.0489299416	0.1139910691	-0.0257691008	-0.1281484155	0.0551417198	-0.003885	0.0524806818	-0.021022931499999998	-0.055373835	-0.035621145	0.0878643341	0.10618460519999999	-0.0142316431	0.059442975	-0.0979749377	-0.14214066150000002	0.0447166059	0.0774093718	0.07621516730000001	-0.0722396235	-0.0079297362	0.0454004625	0.16328343039999998	0.1388246977	-0.088282162	-0.014422675	-0.1339902369	0.059105861600000004	-0.11180499390000001	0.11177802710000001	0.09364488900000001	0.07261929589999999	0.0258806143	-0.0250817002	0.0495295656	-0.0031996815000000004	-0.061194338099999995	0.0369976489	-0.0797976844	-0.0391901043	-0.1630280638	0.014410568200000001	-0.0784569462	0.1060427958	0.0267066995	-0.0822189583	-0.0276068861	0.019235023700000003	-0.0343652321	0.0110612481	-0.0890000525	0.09351520140000001	0.0881171839	-0.0947278751	-0.0291196635	-0.1147321701	0.0049403257	0.0099560788	-0.10443424679999999	0.0446557322	0.1077848614	-0.0252042571	0.09825253980000001	0.08404737960000001	0.06187347150000001	0.00259054	-0.0050582799999999975	6.710897491600002e-06	2.5586196558399984e-05	0.07072460000000001	0.03354020000000001	0.001124945016040001	0.005001969045160003	0.11357900000000005	-0.023334999999999956	0.012900189241000013	0.0005445222249999979	-0.000871349	6.0654000000000046e-05	7.59249079801e-07	3.678907716000005e-09	0.000388422	0.00018238	1.5087165008399994e-07	3.3262464399999986e-08	4.09603e-05	0.0001068133	1.6777461760899994e-09	1.1409081056890001e-08	0.0	0.0	0.0
8635.114164090319	15.130490496487255	74565196.62687324	228.93174266429116	10474.282531545565	22.369584963098525	500.398331421284	109710594.55064055	6370.937001507833	3.1790162998822784	40588838.27718162	10.106144634917207	6422.687538282163	9999.183686316972	1.062364	38.246662	0.060714534999999986	0.0341222	-0.0431130976	-0.0163536962	0.0479245701	-0.048499943	-0.077851158	0.0682281351	-0.0399213017	-0.029456315499999997	-0.0637914611	0.0501642092	-0.011047653400000001	-0.0858851378	0.1059068274	-0.1186493084	0.1218330331	-0.049488978200000006	0.012091062	0.10399017890000001	0.0246862708	-0.0393578098	-0.0608028459	-0.029464469500000007	-0.016816689	-0.0368425061	0.1307325232	0.0135992947	-0.0088340236	-0.0207732856	-0.077371911	0.0222922264	-0.0137252772	-0.13933688660000002	0.0981397916	-0.0236728682	-0.0659523414	-0.047154319800000004	-0.028507946099999997	-0.0706084636	-0.0385692993	-0.0302872667	-0.10754299029999999	0.131349354	-0.06251366480000001	-0.0189587624	0.0029842296000000003	-0.0181181412	-0.0571801928	-0.0223256519	-0.1314168481	-0.19192778929999998	-0.0002398696	0.0130678474	-0.1453211815	0.07300112240000001	0.067325544	-0.0451804924	0.0422747556	0.0534518369	-0.0948422042	0.05819800610000001	0.015564141799999999	0.0359022928	0.0250794374	-0.0313345102	-0.0123664014	0.001453275	0.0420793054	-0.0278936616	0.034905658	0.0042031175	0.0828785345	-0.0962653377	0.0563590169	0.059499953099999996	-0.008362737700000001	0.0896499783	0.0749647425	0.07729811660000001	-0.08746370449999999	-0.05661525980000001	0.0322993202	-0.0112722381	0.0449954908	-0.0119797769	-0.1254649197	-0.09540810849999999	-0.049816855	-0.022287314500000002	0.023554910099999996	0.0073666628000000015	-0.0486708513	-0.0238071702	-0.054098697800000005	0.030668457799999996	0.06778060030000001	-0.1379422554	0.0073260561	-0.1135224533	-0.0572708159	-0.042209942699999996	0.0987795193	-0.005248945	-0.030190011699999998	0.1118767417	-0.024148174900000003	0.0188724088	-0.1158028771	-0.0093968691	0.0014053695999999998	0.0030281252	0.0111318846	0.0833209749	0.1230135374	0.0383340261	0.046986813200000005	0.1156689209	-0.022764627200000002	-0.0271841198	0.1084701973	-0.0147066052	0.0788406925	0.047296996699999996	0.021663825499999997	0.1308824991	0.1035312342	0.0791580267	0.2118554312	-0.051172441	-0.041251439	0.0197465562	-0.049350941399999994	0.0342259902	-0.0954832294	-0.0663597366	-0.025604381000000002	0.0483238649	0.0201179618	0.0518190496	-0.030767367	-0.0921392269	0.007320012299999999	-0.0026638344	0.0489962993	0.0751282777	0.039729659900000006	-0.033955023	-0.0188366879	0.0805056096	-0.0199434646	0.0478269808	0.1077592831	0.042453872999999996	-0.0621642672	0.1816265452	0.0430815748	-0.007856898000000001	0.039159252900000004	-0.0825189099	0.0518871604	-0.0225909839	-0.0037449667	0.0072043386	-0.0893391073	-0.024317597000000003	-0.028305524500000002	0.0337751512	-0.07754289730000001	0.0103962599	0.0748505487	-0.0772284474	0.0223298691	-0.10298152640000001	0.0007650105000000001	-0.0400327545	-0.0169484271	0.0977144592	0.082002705	0.057660466500000014	0.00784435	0.005253809999999999	6.153382692249999e-05	2.7602519516099994e-05	0.0400398	-0.030684800000000005	0.0009415569510400007	0.0016031855840400002	0.103484	-0.010095000000000062	0.010708938255999998	0.00010190902500000126	-0.00102433	-0.00015298099999999995	1.0492519489e-06	2.3403186360999984e-08	0.000317312	-7.110999999999999e-05	1.00686905344e-07	5.0566320999999996e-09	-2.85672e-05	-6.95275e-05	8.160849158399998e-10	4.83407325625e-09	0.0	0.0	0.0
8615.404333518358	-19.709830571960996	74225191.83000691	388.47742117540815	10476.490738190672	2.2082066451075657	4.876176587497213	109756858.18739492	6364.167117833639	-6.7698836741938075	40502623.10371493	45.83132496211584	6419.046921363118	10117.910813351127	1.091099	39.281166	0.07518939	0.035331199999999986	-0.0158038336	-0.058955762599999996	-0.09827024990000001	-0.08019962900000001	0.0117037827	0.053282947000000004	0.0963660661	-0.0677701069	0.0052229375	-0.0197442678	-0.0696711005	-0.037857842200000005	-0.118941931	-0.0224669323	0.15748242710000002	-0.0049655564000000004	0.0624304938	0.0760703962	-0.0776905744	0.0100976066	0.040872594500000005	0.008191574200000001	-0.074935987	-0.012790874499999999	0.013562109	-0.0815231114	-0.0183094446	-0.027413675800000002	0.1083663686	-0.031834122400000005	-0.014374152	-0.0739581658	-0.0251008263	-0.023756165899999997	-0.0559196585	0.085957072	0.0158313494	-0.0381228785	0.0103619822	-0.10910862029999999	-0.1511763139	-0.0413188282	0.048400107000000005	0.0714582818	-0.0141661309	-0.0028278159000000003	-0.0652905728	0.0400852349	0.0385605996	0.0024652454999999998	0.0239453829	0.0714254922	-0.0115889487	0.11792720279999999	0.0656634841	0.1048378991	-0.036173167799999996	-0.0368580871	0.08815528269999999	0.0085921615	0.0651602829	0.00015143629999999999	-0.10043757060000001	0.0285072747	0.1933836478	-0.0574586553	0.09849462710000001	0.048276790599999994	-0.049529665	-0.061981757400000004	-0.018694946299999998	-0.0443535644	-0.0542799408	0.06929795030000001	0.006773160500000001	0.042837893099999996	-0.10950743380000001	0.0720132804	0.0226584058	0.0325926512	-0.0651810703	0.031498365800000004	-0.0570545414	-0.0687203178	-0.0407998123	-0.0238653662	0.0446739247	0.047273473600000004	-0.044377998099999996	-0.0465287069	0.05752552320000001	0.0764461449	-0.0522097797	0.1247890966	-0.014549753	0.058229437099999996	-0.0524618237	0.0560969883	-0.0117264125	0.0168251929	-0.05792480360000001	-0.0090987101	-0.0670296839	-0.09288123720000001	-0.0027661303999999996	0.004318845	-0.044889543899999995	-0.058959016600000004	0.028860294900000007	0.1091935045	0.0185665204	0.0740780556	0.028009357999999998	0.0563639744	0.0548974614	-0.094014284	0.046908312699999996	0.09935994470000001	0.0719675463	-0.0729038321	-0.0652235296	0.062102761	-0.0333026234	-0.0389129366	0.052609174800000005	-0.0705316622	0.0337866437	-0.016994836200000002	-0.0451709383	-0.1572810106	-0.0600864971	0.08250310200000001	0.0989885066	-0.011406324399999999	-0.0525601634	-0.0786183768	0.0721073934	-0.0468983968	0.0113624746	-0.0718335505	-0.13139199710000002	0.0410060537	0.1570430604	-0.039536537999999996	0.026586042999999997	-0.1225864583	0.0046969791	-7.145e-05	-0.0663715549	0.1546206311	0.033691989500000005	0.07256712	0.043014258099999994	-0.06705459009999999	0.0886814056	0.035345607	0.0440734776	0.0096459575	0.021631149300000003	-0.0584727076	0.0465324414	-0.0084749624	0.0864708472	0.0128444603	0.097874485	-0.06610257559999999	0.023045287400000003	0.0932165313	-0.017714348300000002	0.10192976570000001	0.050031756600000005	-0.0124667204	0.0323527775	0.0618232256	0.0261583205	0.0971490931	0.0798664439	0.0533025797	0.0164042	0.00855985	0.00026909777763999996	7.327103202250002e-05	0.0372522	-0.002787600000000001	7.770713760000006e-06	0.00138772640484	0.09402739999999997	-0.00945660000000001	0.008841151950759997	8.942728356000018e-05	-0.0007675589999999999	0.00025677100000000004	5.891468184809997e-07	6.593134644100004e-08	0.0008212799999999998	0.0005039679999999998	6.745008383999996e-07	2.5398374502399976e-07	-0.000355535	-0.0003269678	1.2640513622499995e-07	1.0690794223684e-07	0.0	0.0	0.0
8591.550052119255	-23.85428139910255	73814732.29807037	569.0267410675698	10473.332534084926	-3.158204105746336	9.974253173553011	109690694.36952178	6364.670689858176	0.5035720245368793	40509032.99033975	0.2535847838961714	6422.6820719667385	9964.097928354822	1.063641	38.292633	0.02718630000000001	0.013652100000000002	-0.0607999177	-0.0060093711	-0.0046784453	0.0584320493	0.025574197400000002	-0.0042853004	-0.0458156079	-0.0951326875	0.0582670869	-0.0240662266	0.0433277191	-0.0761624221	-0.0451527875	-0.0360162188	0.0312187396	-0.0495063827	-0.0691147983	-0.1076213966	0.0216014931	-0.0194828373	0.0773168005	-0.0267620461	0.0327459415	0.0683318067	0.0529379345	-0.11336560720000001	-0.0125929482	0.0158166602	0.0099515103	-0.0944833214	-0.0261072273	-0.0910499933	0.0418383567	-0.1024262306	-0.100249592	0.0463788928	-0.041457976	-0.035835766	0.053053333700000004	-0.0959415115	-0.051067061399999995	0.0422150772	-0.0331530858	0.005427295899999999	0.0071731682999999985	0.0159989828	0.014780421	-0.08531561630000001	-0.0435227003	0.0323375532	-0.0589590854	-0.042833563	-0.0133267161	-0.0562227746	-0.0880952138	-0.06954986980000001	0.061884144400000014	-0.0318962105	0.066287389	0.0955547262	-0.0378289949	-0.0443167225	-0.0803474725	0.0297037436	0.0270462065	-0.056237507	-0.0115296541	0.013651677099999999	-0.1012975901	0.0312751081	0.0397268548	0.0021460675	-0.0603574528	-0.09371336570000001	0.049418204	-0.0002862249	-0.08540996699999999	-0.07130504230000001	-0.1268529782	-0.0307698585	0.013998031499999999	0.0062205101	0.028358788	0.051401765700000004	0.1035341689	-0.007281228299999999	-0.0338524144	0.044180294	0.1775489461	-0.046260992199999997	0.08750051199999999	0.0971444276	0.07125736889999999	0.0491817201	0.0118331549	-0.0641009385	0.0273861176	0.0222778718	0.083203205	-0.0827519607	0.17553439839999999	-0.0102796367	0.044151888	-0.0134780969	-0.091065181	0.0162661851	-0.06386630509999999	-0.0226258475	0.09079230140000001	0.0843833432	0.062438771399999995	0.1030898653	0.0642872913	0.054466228	0.0498440851	-0.06334624259999999	-0.005626036700000001	-0.0463627833	0.070189664	-0.0179333486	0.011517076499999999	-0.0506905111	0.054914807999999996	0.0119347872	-0.0284938046	0.10838559689999999	-0.0146711224	0.0344729359	0.0347082312	0.0792840559	0.1325050224	-0.07542901889999999	0.0733798853	-0.024802172	-0.0464406867	-0.024599035499999998	0.0020643821	0.09032320949999999	-0.0125489647	-0.037512482	-0.0348228941	-0.0308564475	0.038433039700000005	-0.0433473746	0.09308127529999999	0.05962817030000001	0.1869781938	-0.0318247893	-0.0392568561	0.0196672311	-0.0398328579	0.007742305899999999	-0.0631203456	-0.10093750050000001	0.0063964267	-0.061342437699999995	-0.08964942039999999	-0.045550354800000005	-0.0297167168	-0.0614203503	0.0071038733999999985	0.08624279039999999	-0.0786212687	-0.060708299800000004	0.0260675624	0.0859854716	0.0616735417	0.08643548109999999	0.021993300299999997	0.09916967480000001	0.1018014924	0.0114892239	-0.0199759878	-0.1139709395	-0.1002920622	0.0965565993	0.0776409821	0.048810760999999994	0.0173701	0.0009658999999999988	0.00030172037401	9.329628099999973e-07	0.0406199	0.0033677000000000012	1.1341403290000008e-05	0.0016499762760099998	0.0829639	-0.01106349999999999	0.006883008703209999	0.00012240103224999974	-0.0008491889999999998	-8.162999999999985e-05	7.211219577209995e-07	6.663456899999976e-09	0.0009322550000000002	0.00011097500000000046	8.690993850250003e-07	1.23154506250001e-08	-0.000312356	4.3179000000000015e-05	9.756627073599998e-08	1.864426041000001e-09	0.0	0.0	0.0
8581.421723457852	-10.12832866140343	73640798.79583433	102.58304147340618	10413.866270930721	-59.46626315420507	3536.236453525169	108448610.70882852	6359.127172267638	-5.5435175905377045	40438498.39307261	30.730587276600946	6414.068732644629	9912.060302377638	1.069606	38.507389	0.040226050000000006	0.02887	-0.0827536538	-0.0016729631	0.0763245907	-0.0856538853	-0.041952143899999995	0.0898498777	-0.0736720872	0.0044485411	0.0646894054	0.0086935478	-0.0546711221	-0.049982636	0.028166931	-0.1658029557	-0.042251493200000004	-0.0317790669	-0.0525724776	0.1062050207	0.0394201596	-0.052520762900000004	0.0401084913	-0.0181602271	0.0135205802	0.0705832898	0.0597864651	0.0943832882	-0.0277530859	-0.0348432211	-0.07424416639999999	0.045149725099999996	0.034964892000000004	-0.1345751531	0.0468751015	0.042999697999999996	-0.042977191500000005	0.0509511363	0.08667731099999999	-0.022125516499999998	0.044769025700000006	0.0074190623	-0.1027654983	-0.0240031	0.028739569	0.0750255308	-0.06190220690000001	0.0074527556	-0.0782680372	-0.10095564289999999	-0.0978975553	0.0746786414	0.044700578399999996	-0.0322361963	-0.1065069748	-0.013637833600000001	-0.0200767728	0.036336978799999996	-0.0527469086	-0.1508182869	-0.065267806	0.0157586295	-0.1371012231	0.0409393434	0.0062640086999999995	0.0711338389	0.057118152699999994	-0.025645477799999997	0.080712776	0.21403192350000005	0.10240543939999999	0.0046526295	0.1151054654	0.010677084	0.0742943926	0.0653310753	-0.0822109067	0.0875740127	0.0563556556	0.015617718300000001	0.1171116654	-0.0172057038	-0.032008308900000004	0.11190316689999999	-0.1295665654	0.0712168965	-0.00034759129999999995	0.00311877	0.014843705700000001	0.0464254958	-0.015471812	0.1044135573	0.0595771788	-0.0671484731	0.0430473561	0.0177805184	-0.148869035	-0.088607569	0.021423124100000003	0.10566831880000001	0.1472476784	0.0402331677	-0.0199664845	-0.0231879406	-0.0300406317	0.0984753419	0.0023037091	0.0335056371	-0.08100635469999999	-0.0597296136	-0.0656693984	0.0777357659	-0.0326129834	0.0053481735	0.09009427460000001	0.001173507	0.061860052699999994	0.0286732748	0.0063846758	0.0411297607	0.09160015029999999	-0.0980122731	-0.1084157191	0.0849999084	0.1323922089	0.0183712165	0.0250428697	-0.0070206394	0.0004499221	0.0411189527	-0.0697529563	0.0419613099	0.0722525703	0.0009818917	0.0697786059	0.1185374533	-0.0575938234	0.18776213120000002	-0.0511656379	-0.0145137706	0.0759435856	0.0589175225	-0.119188512	0.0689727326	-0.051737966600000004	0.1094321022	0.1240644201	-0.1735569745	-0.0394592778	-0.0744904891	0.0115552685	-0.0583896012	-0.010416981700000001	0.11885048890000001	0.0325068112	0.0851943639	-0.0276376042	-0.0231726352	-0.0326780853	0.1082126238	-0.0286510791	-0.0704328603	0.040642780499999996	-0.056750313499999996	0.0206090485	-0.10461255679999999	-0.0955326964	-0.1647694547	-0.0584796889	-0.1081321883	0.031165434300000006	0.1516999097	0.0864423704	0.0936896675	0.0250820096	0.0709997011	0.0494088628	0.0959371432	0.0753288053	0.044196297	0.01659	-0.0007800999999999987	0.0002752281	6.085560099999982e-07	0.0372299	-0.0033899999999999967	1.1492099999999981e-05	0.0013860654540100005	0.11107	0.02810610000000001	0.0123365449	0.0007899528572100005	-0.000837968	1.1220999999999736e-05	7.021903690240001e-07	1.2591084099999408e-10	0.0008212799999999998	-0.00011097500000000046	6.745008383999996e-07	1.23154506250001e-08	-0.000275555	3.680099999999999e-05	7.593055802499997e-08	1.354313600999999e-09	0.0	0.0	0.0
8596.589518257566	15.167794799714104	73901351.34541585	230.06199908623412	10453.891294183431	40.02502325271053	1602.0024863800186	109283843.19060414	6359.140765544488	0.013593276849860558	40438671.27600974	0.00018477717551695496	6411.644919789757	9847.711964194328	1.0646890000000002	38.330368	0.07408105000000001	0.035486300000000005	-0.0908484091	-0.037074397099999996	-0.055983312300000004	-0.1041612916	0.0690799136	0.07365198099999999	0.11633887279999999	-0.040012167200000004	0.08533095439999999	-0.011335101	0.0342700066	-0.0562695458	0.0105199866	0.0010119061	0.0553300898	-0.08873869820000001	0.0691136139	-0.035602935499999995	0.006961955	-0.0158888653	0.0359501662	-0.06753029049999999	0.0570823366	-0.007401104699999998	0.0875585784	0.1356744216	-0.0184814594	-0.0596047244	0.1187445667	0.0175740282	0.0049797288	-0.083165495	-0.0525811995	-0.12540468529999999	0.0161070412	0.12214595130000001	-0.0346247123	0.037309841600000004	0.0407560568	0.0532121325	-0.08422889210000001	-0.044136714400000006	-0.00786597	-0.054991262400000004	-0.0701237795	0.0786433458	-0.14536038099999998	-0.051679328	0.0731917991	-0.08164882450000001	0.0680507514	0.09258898730000001	0.0021724245000000002	0.0356754149	0.044687548	0.09384063890000001	0.0290105965	-0.101470625	0.10993823289999999	-0.1024694733	0.0356348565	0.0026102739	0.049651826100000004	-0.09592316619999999	-0.0238271807	0.1115140166	-0.062103214500000004	-0.0007537689	0.08499521550000001	-0.024241841899999998	-0.015376709399999999	0.008901127	0.10517246400000001	-0.0059842414000000005	-0.15927276	-0.04893286349999999	0.0026344162	-0.1043592208	0.1253408577	0.0715580541	0.0415884652	0.0011477966	0.1102202903	-0.0440548287	-0.0068018288	-0.0630011083	0.0086929237	0.0282819035	0.0092808614	-0.0470769263	-0.0162013528	-0.0637985969	0.1179252466	0.063964554	0.1096243269	0.0118694128	-0.0356491585	0.0629360001	-0.0483241918	0.06344119919999999	-0.045378950700000004	-0.010706592	-0.10782502869999999	-0.0690133103	0.0135088465	0.0030857773999999998	-0.0394170544	-0.06645801259999999	0.106862151	0.020300197	-0.0652705766	0.1098766053	-0.0417203327	0.0165627164	0.056716608499999994	0.0050232678	-0.0786710659	-0.027067917599999998	0.1161488796	-0.0324165769	-0.09617033609999999	0.1220020362	-0.041396304	-0.1026321843	0.029531727400000006	0.0167449502	0.009893531	-0.0062268726	-0.064564907	-0.1054279866	0.0160641142	0.08125859	-0.0324758989	0.2047671395	-0.055630020700000005	-0.1048738032	0.0368729359	-0.08485736560000001	0.058377251399999996	0.0600017197	0.0378447779	-0.048635491100000004	-0.039547684	-0.0156342072	-0.0261964604	0.0392954249	-0.0404614333	-0.025436380699999997	0.006074435699999999	-0.1574725089	0.0087089326	0.0361529564	0.0963236329	0.10408340320000001	-0.08959446619999999	0.0627301743	0.0090270517	0.022339897799999998	0.0637422348	-0.005428206999999999	-0.0704318469	-0.1236635493	-0.020009121799999998	0.0162062683	0.007683564499999998	0.0372499537	0.0564240229	0.0300247246	0.0559061826	0.0236676854	-0.1586283412	-0.0684268212	-0.014465007700000001	0.0160443739	-0.0037947524	0.09529089789999999	0.0729324957	0.0394707823	0.0248561	0.008266099999999998	0.00061782570721	6.832840920999998e-05	0.0476506	0.010420699999999993	0.00010859098848999982	0.00227057968036	0.0977201	-0.013349899999999998	0.00954921794401	0.00017821983000999993	-0.0008246049999999997	1.3363000000000285e-05	6.799734060249996e-07	1.7856976900000762e-10	0.00131798	0.0004967000000000003	1.7370712804000004e-06	2.4671089000000033e-07	-0.000606379	-0.000330824	3.67695491641e-07	1.09444518976e-07	0.0	0.0	0.0
8615.460033073572	18.87051481600611	74226151.58148807	356.096329421106	10484.849597172375	30.95830298894361	958.4165239552353	109932071.07532571	6368.839838061188	9.699072516699745	40562120.882875256	94.0720076842003	6423.6583037553955	9944.055884968033	1.046574	37.678188	0.07222955	0.0338946	-0.079722087	-0.0088367432	-0.044407727599999995	0.056637188399999996	0.0413741699	-0.0198494966	-0.0402828753	-0.0965134207	0.0603641657	0.0146981611	-0.0789741383	-0.055295232300000004	-0.008332244499999999	-0.045430381900000004	-0.013837008799999998	-0.055992449900000005	-0.0643979107	0.18940235739999997	0.061854845	-0.08800303029999999	0.0488376747	-0.004378496	0.1303462906	-0.049845002199999995	0.08262956860000001	0.1039593533	0.0106802904	0.0262642114	0.0158148977	-0.1301756952	-0.058037951	-0.06916709559999999	0.0554697751	0.0676755725	-0.1069496212	0.0621558528	-0.0481130998	-0.0163547518	0.0120804604	0.056554246100000004	-0.1034224856	-0.016770213	-0.0594288487	0.029256542599999998	0.0679989267	0.0377048046	0.0783781314	-0.0968386624	-0.11121988039999996	0.039773748500000004	-0.0292808423	0.0999528725	-0.0166672566	-0.176874167	0.034915640299999995	-0.043719124500000005	0.057842364800000004	0.0350954849	0.0050908579	0.0429833649	0.1805202991	-0.0594260187	0.0702374937	-0.0653379918	0.0764580913	0.0422830118	0.0008226323	-0.044332118	0.0411665244	0.0202786851	-0.0087015446	0.0122176073	0.0387345431	-0.0045264481	-0.0967002427	-0.067792491	0.0019820607999999997	-0.0395416138	-0.0046533939	0.11956819140000001	0.0152667347	0.07095974740000001	-0.1825895491	-0.08833437390000001	-0.0643300959	0.063486269	0.0481053496	-0.022850042200000004	0.0368188021	0.012156723500000001	-0.12374167470000001	-0.0301774953	0.0813277326	0.1286465849	-0.0622912855	-0.0687166059	0.009376555600000001	0.0425096185	-0.0401457508	-0.0727318425	0.0181685991	0.0100651669	0.0500998304	-0.056826553099999996	-0.11806486470000001	-0.0227094911	-0.0849599241	-0.0162565558	-0.0682577264	0.0989641473	0.0543587225	0.061452982999999996	0.0197056434	-0.0402484835	0.0417995818	0.056740255	-0.0979233482	0.0322167799	0.07763212929999999	-0.1058333605	0.0465754778	-0.06732624599999999	0.1083396065	0.0400218719	0.058512306500000014	0.038391249700000005	-0.0346659992	0.1175308925	0.1218151329	-0.0336923725	0.1112006643	-0.0576515363	-0.1211416016	0.0153694755	0.20031266350000002	-0.0690907664	0.0064847791	-0.06181444780000001	0.0158624761	-0.0551437857	0.0406432444	-0.0146134865	0.0393693626	0.0330807696	-0.030944896	-0.0027461484	-0.0312883715	-0.0377038766	0.0260021416	-0.04586445769999999	0.05049002019999999	0.07196272599999999	-0.00066607	-0.06236526780000001	-0.077609568	0.0158916085	-0.0196807433	0.0796714758	0.1532731956	-0.0639442539	-0.034732193599999996	0.02191126	0.0886594595	0.0077117968	-0.1298224725	-0.0210307865	-0.0050021869	0.08445986800000001	0.07711077	0.0368388056	-0.059821496399999986	0.0333585629	-0.0382482793	-0.06840313	-0.0466490714	0.09461804380000001	0.0704547299	0.0346460904	0.0210751	-0.003781000000000003	0.0004441598400099998	1.4295961000000024e-05	0.0273111	-0.0203395	0.00041369526024999983	0.0007458961832099999	0.119269	0.0215489	0.014225094361000001	0.0004643550912099998	-0.0005872869999999999	0.00023731799999999984	3.4490602036899984e-07	5.631983312399992e-08	0.00119892	-0.00011906000000000004	1.4374091664e-06	1.4175283600000009e-08	-0.000431554	0.00017482499999999998	1.8623885491600001e-07	3.0563780624999987e-08	0.0	0.0	0.0
8621.775684338729	6.315651265156702	74335015.95105456	39.88745090307546	10471.508624395201	-13.3409727771741	177.98155464130048	109652492.87078308	6369.284964493049	0.4451264318613539	40567790.95891722	0.19813754034162054	6420.198888808774	9948.476169803034	1.087982	39.168945	0.04219665	0.0223031	-0.0616709837	-0.0032540699	0.0450954237	-0.0180463631	-0.0660143073	0.058891976900000004	-0.0302237942	0.0143615239	-0.0332821176	0.0332371763	0.052976283799999996	-0.1475318084	0.059443133499999995	-0.019682321699999998	0.0802521098	0.011015878500000001	0.0413201277	0.1234753907	-0.08132360129999999	-0.0302423289	0.0938179599	-0.0091723261	-0.0133355163	-0.1165440164	-0.09651819390000001	-0.0201466646	0.0097877664	-0.047454363	-0.0611721296	0.008611543000000001	0.0034125671999999997	-0.18163143510000002	0.0749356011	-0.1319521691	-0.0014238278	0.042396263499999996	-0.0566205031	-0.077298281	-0.09314206859999999	-0.021434902999999998	0.0781128024	0.0046788318	-0.1246807342	0.1302508061	0.0598933633	0.0370615878	0.0109932885	-0.1240876475	0.0157020266	-0.0173862149	-0.1303430235	0.031652640499999996	0.010633060900000001	0.043788777800000005	0.0383359708	-0.0297782535	-0.0146776338	0.0099200364	0.0002925707	-0.0009492079	0.1040429674	-0.036715971	0.0012738215	0.0281198006	-0.0845298081	0.013601053600000001	0.0384242304	0.1113366588	0.0112233326	-0.05949633	-0.0080468063	-0.0815659715	0.041490976299999996	0.0665412671	-0.0314061063	-0.0825651164	-0.1125437919	-0.0252605842	-0.0822838079	0.0187554457	-0.0352385342	-0.014607490800000001	-0.0370470767	-0.0767587212	0.10180417779999999	0.1713113323	-0.0782498388	-0.07308838849999999	-0.0132393241	-0.0283958196	-0.0530186202	0.0745879029	0.089288695	-0.1340223951	0.1221048112	0.0007591642999999999	-0.0087858019	0.0390592263	0.11406299199999999	0.050107711500000006	0.1227861123	0.022070613500000003	-0.041956655999999995	0.11373876640000001	-0.053616679	0.0345639785	-0.10754895199999999	-0.024000825099999998	0.1105281811	-0.0336480456	-0.0006247803	0.152813767	0.0448846925	0.0144287245	-0.00045394440000000004	0.0210810278	-0.004230753	-0.055489505300000005	-0.0931250307	-0.1685478696	0.010829348	-0.0609536995	0.004494255999999999	-0.06346311219999999	-0.0207685832	0.08877939369999999	0.11532909279999999	0.0871594728	0.0470823541	-0.052151461100000004	-0.040410687	-0.07799265030000001	-0.00021701259999999998	-0.0809980967	0.0633094653	-0.0164265568	-0.0663656492	-0.029315323799999998	-0.0608538847	0.0339421331	0.028058481	-0.0441600799	-0.027416991499999998	0.0089034531	-0.0047541072	-0.130806771	0.017577420700000002	-0.0167381798	-0.10278788789999999	-0.0298681151	0.0078004876	0.0878785179	-0.032674890299999995	-0.0821598998	-0.0464477913	0.0044117248	-0.057489050199999996	-0.0603079926	-0.010742168500000001	-0.06921118650000001	-0.0023670505	0.13287909650000002	0.1228932577	0.0135354579	0.0595276337	0.081286339	-0.059747725	0.130455299	0.0174243538	-0.072998106	-0.0548846062	-0.18872805809999998	-0.1518503056	0.17669636460000002	0.0042912123	0.09391876869999999	0.0678982752	0.029734344399999998	0.021899	0.0008239000000000059	0.0004795662010000001	6.788112100000097e-07	0.0438077	0.016496599999999997	0.00027213781156	0.00191911457929	0.10654	-0.01272899999999999	0.011350771600000002	0.00016202744099999975	-0.00045629	0.00013099699999999994	2.082005641e-07	1.7160214008999985e-08	0.00124996	5.104000000000002e-05	1.5624000016000004e-06	2.605081600000003e-09	-0.00049246	-6.0906e-05	2.425168516e-07	3.709540836e-09	0.0	0.0	0.0
8622.16806999429	0.3923856555611565	74341782.22722906	0.15396650269015852	10470.056917937032	-1.451706458168701	2.1074516406887143	109622091.86484109	6368.938715121569	-0.34624937148055324	40563380.35697438	0.11988862725067816	6420.934212144935	10027.526379820618	1.083052	38.991444	0.021005299999999987	0.0104787	-0.039672125600000004	-0.0069085292	-0.0610616807	-0.104990982	0.0452477533	0.0566160713	0.0712738459	-0.0097176257	-0.020975235499999998	0.031065661	-0.0683638678	0.0353285776	-0.0057228075	-0.1229826422	0.1464316984	-0.192832933	0.0660261481	-0.0685161877	0.0059160848	-0.1261912464	0.047488839299999995	0.10298243060000001	0.0202404946	-0.0249184372	0.0220471631	0.0671266697	0.014070273500000001	-0.043609174800000004	0.0865453134	0.009986745699999999	-0.0396465809	-0.0939675625	0.035768302200000004	0.002003565	-0.0725686996	0.10296600269999999	-0.0780377038	0.0836359586	0.1336500979	-0.09533554279999999	-0.053596306600000004	-0.0208138502	0.0033484071000000003	-0.052814459800000005	-0.0408351854	0.18504596850000002	-0.0430198314	0.059524855999999994	0.0232942765	-0.0018958820000000002	0.10087785699999999	0.0524324068	0.1157882365	0.0366570673	-0.030667587200000002	-0.015393591299999999	0.08150586530000001	-0.10624147310000001	-0.1095475508	-0.0149930373	-0.0140073696	-0.1108632482	0.0202535759	0.0272823485	0.0637252272	-0.066345606	-0.039923021499999996	-0.0094050184	-0.0356980095	-0.024552362400000003	0.1189186827	0.0778086358	0.0329817941	0.054356019500000005	-0.0013788899	-0.0374818483	0.0216636604	0.053408991600000004	-0.0105036737	0.0007995217999999999	-0.042647286500000006	-0.10528892710000001	0.0375713071	0.0759639316	0.18268991399999998	0.0823974418	0.1188125177	0.0123788431	0.0200390019	-0.1301405567	0.033806705699999995	-0.06684984320000001	0.016051551	0.08873620869999999	-0.0021867192000000002	-0.0706449724	-0.016182520500000002	-0.0545014557	0.0699083434	0.0247934636	0.07782524	0.021019838500000002	-0.0832195944	-0.038967936	0.0223583804	-0.0142971607	-0.0787647685	-0.019170163100000002	-0.0394727891	0.1009205323	-0.007711839200000002	0.1220533974	-0.0711510277	0.12485753039999999	0.0733018394	-0.0337050861	0.0229665098	-0.167923753	0.16577036720000002	0.0694013413	0.047571727599999995	0.0396673107	-0.0338567476	-0.0787204508	0.0507360106	0.0147795001	-0.0609562918	-0.0600312679	-0.0447727974	-0.0591766375	0.0380008893	-0.0887209763	0.048122659400000004	0.0425813316	0.0480442	0.052737758499999995	0.0891803041	-0.0042349911	-0.012426382199999999	0.0738719853	-0.026654815099999996	0.0345937314	0.0808275794	-0.0433928039	0.0529422432	-0.05336157019999999	-0.008590877299999999	-0.032947679300000005	0.086794115	-0.0103944699	0.0042293344	-0.0153157299	0.03703985	0.0047087969	-0.0857524298	-0.057583553899999994	-0.00087571	-0.0301467661	-0.1769679797	0.1256758857	0.17864706219999998	0.0856731941	-0.0503434205	-0.0206607395	-0.095679271	0.0803032152	0.042027078899999994	0.1200779673	0.0637427448	0.0835702957	-0.041272842000000004	0.0768390776	-0.043691587999999996	-0.054961570099999996	0.0315658602	0.09319326800000001	0.0652659867	0.0247478857	0.0191962	-0.0027028000000000017	0.00036849409443999995	7.305127840000009e-06	0.0373049	-0.006502799999999996	4.2286407839999946e-05	0.00139165556401	0.103844	-0.002696000000000004	0.010783576336000002	7.268416000000021e-06	-0.0005872869999999999	-0.00013099699999999994	3.4490602036899984e-07	1.7160214008999985e-08	0.00124996	0.0	1.5624000016000004e-06	0.0	-0.0004413830000000001	5.107699999999996e-05	1.9481895268900008e-07	2.608859928999996e-09	0.0	0.0	0.0
8623.401319464287	1.2332494699967356	74363050.31653841	1.5209042552472292	10527.952442008698	57.895524071665925	3351.891707532849	110837782.62119693	6366.7459135012805	-2.1928016202882645	40535453.52708525	4.808378945938839	6424.460945305627	10067.322679375893	1.057013	38.054024	0.055195399999999985	0.0323003	-0.0374859223	-0.0013760337	-0.0322372834	0.051439889	0.0441876212	-0.0522046095	-0.041313678799999996	-0.0791755791	2.6634e-05	0.0082439095	-0.06650609980000001	-0.0348142573	-0.11787412189999999	-0.038773367999999996	0.083217581	0.0586115704	-0.0465925634	0.0764906251	0.1057291332	-0.0782408215	-0.0338139881	0.0975930767	0.1108186335	0.0134856087	0.0674716644	0.1378745151	0.0168164897	0.0261975397	0.0271107963	-0.0985719526	-0.0747484759	-0.0659863608	-0.0036006026000000007	-0.015132684799999999	-0.1091518583	0.044735661399999994	-0.0751495933	0.000991313	0.015400323899999999	-0.0514972758	-0.1222395725	-0.0714181656	-0.051496742000000005	0.065322205	0.016259462199999998	0.0271610129	0.0305942209	0.0487033376	-0.0829569948	0.12286438470000001	-0.0411488627	-0.0978715247	0.0863406446	-0.0746574515	-0.0727589854	-0.028504601299999998	-0.0395924971	-0.028434212099999998	-0.0193920891	-0.044778274800000004	0.00022219349999999999	0.0639061119	-0.0198825911	0.011115378700000001	0.0508555804	0.0277465007	-0.08021762240000001	-0.1580402753	0.056626496799999995	-0.109885996	-0.0035393703999999997	0.049227374299999994	0.0973948525	-0.1275097951	0.0012313646	0.082322643	0.0872861181	-0.061009207	0.039847102200000005	-0.1576235792	0.055835450599999996	-0.0374289736	0.0630088075	0.1338107259	0.013781521699999999	-0.0350989684	-0.1596784249	0.056520126500000004	0.162505969	0.05696558	-0.0352311752	-0.0119094015	0.0796578748	0.08559690630000001	0.11240751140000001	0.052042155199999995	0.047442964299999994	0.028449845499999998	0.17210988789999998	-0.0025665503	-0.1387245076	0.0206903619	0.0527499934	-0.0492584323	-0.0860047698	-0.027222269	-0.0575055207	-0.0377974948	0.0077378236	0.1259518737	0.11064390310000001	0.06870094730000001	0.013263124	-0.0102302643	-0.033576742799999997	-0.1152951552	-0.0057712985	0.07996586230000001	0.087961532	-0.1159746732	0.034442802200000004	-0.004331052199999999	0.0752544448	0.0606330099	-0.0956693661	-0.010888729599999999	-0.1382504201	0.0121862405	0.09726923189999999	0.09082481099999999	-0.0187601516	0.007335144799999999	0.0134672379	0.0556574908	0.011052787	0.040211517999999995	-0.026569746499999998	-0.050526897300000005	-0.020302926399999997	-0.025038567999999997	0.10440006310000001	0.0667316146	0.1323382793	-0.0836706827	-0.056528750999999995	0.1270729935	-0.0078865797	-0.0577910717	0.07170123610000001	-0.077690734	0.0325680979	-0.1327848663	-0.0054649905	0.1830767706	0.0022808244	-0.0002189384	-0.1643041642	0.030872331099999997	-0.16049940740000002	-0.076623153	-0.0201048781	0.0769695575	-0.0964887298	0.0456132125	0.0447706726	-0.0252173363	-0.0682219394	0.0037199214000000003	0.1521605963	-0.0340169321	-0.0282719967	0.07080113360000001	0.0623754692	-0.0238701758	-0.0154510495	0.0924417442	0.0625608044	0.0196992437	0.0178944	-0.0013017999999999988	0.00032020955136000004	1.6946832399999969e-06	0.0533977	0.016092799999999997	0.0002589782118399999	0.00285131436529	0.110778	0.006933999999999996	0.012271765284	4.808035599999994e-05	-0.00112582	-0.0005385330000000001	1.2674706724e-06	2.900177920890001e-07	0.00119287	-5.7090000000000085e-05	1.4229388368999996e-06	3.2592681000000106e-09	-0.000463096	-2.171299999999992e-05	2.1445790521600002e-07	4.714543689999965e-10	0.0	0.0	0.0
8619.765177294972	-3.636142169314553	74300351.71170703	13.221529875467546	10476.024092134914	-51.9283498737841	2696.553520614133	109747080.77899116	6362.41299402833	-4.33291947295038	40480299.10658054	18.7741911590726	6416.68097661912	10062.490612772188	1.021921	36.790665	0.03767065	0.0225383	-0.040472512999999995	0.037383373500000004	0.050293586200000004	-0.0358908716	-0.061291045599999996	0.0575961812	-0.046266315	0.0054994963	-0.012391788400000001	0.06589714769999999	0.0207328775	-0.1106062434	0.006553531	-0.0309457422	0.1068032413	-0.0316381601	0.1087957281	0.0953094786	0.1044514954	-0.0081014018	0.0576925879	0.033155488500000004	0.013865806299999998	0.012572183	-0.0091808329	0.053223457300000006	0.0128758325	-0.0431702813	-0.059903848899999994	0.0199526123	0.0080054689	-0.13787095259999999	0.055457223	-0.0686875661	-0.0164026471	0.0188655405	-0.0068414738	-0.055088831500000005	-0.009049772	-0.0332265577	-0.0795970132	-0.0549689875	-0.056020104800000005	0.030230234100000006	0.0513105009	0.0605478304	-0.0664828209	0.0013671529999999999	0.023775728599999997	0.0266586746	-0.0543591279	-0.030364426200000006	0.0985299183	0.0978219683	-0.029374433999999998	0.0765363507	0.061189905499999996	-0.0240654732	-0.0230355163	0.028653442299999998	-0.060334507	0.0041296971	0.0450180748	0.011492728	0.0368661704	0.0846124397	0.0067475784	0.0550482699	0.0389109281	-0.008214507099999999	0.0278781296	0.07867326940000001	-0.0023089567000000003	-0.0671087204	-0.0175629473	-0.0599423651	0.020990372400000002	-0.0628090009	-0.0593745025	0.0394625523	-0.027296095299999996	0.058063180599999986	-0.0931958933	-0.0719971076	-0.0708249268	-0.0939657889	0.0277813391	0.0909112051	0.14248837890000002	0.07228705440000001	0.0436905838	-0.0444376609	0.0017082654999999998	0.022635187400000003	-0.032582673300000004	0.1097723733	-0.138856315	-0.1423194484	-0.0664628096	0.1292743174	0.0152824543	0.0200801474	-0.0230139349	0.1031781692	-0.022824827000000002	0.0271647496	-0.069779971	-0.0363917932	0.0553895846	0.0107375949	0.0064659466	0.08572458150000001	0.0491158326	0.0288503652	0.0133882517	-0.017193218	0.0143371101	-0.017660049	0.0762278457	-0.11537306189999999	-0.0167305059	-0.0134309428	-0.008199585	-0.0586158669	-0.0890573788	0.0308081091	-0.0244823078	-0.1039631839	-0.0578378338	-0.081735059	-0.0375883495	-0.0551054456	0.11465551859999999	0.069874296	-0.024145922599999998	0.043620213	-0.05855424450000001	-0.0648670855	0.09408593009999999	-0.0329677611	0.0721417808	0.0072777539	-0.018287205	0.059904264699999994	0.0518374309	-0.0496047788	-0.0023455966	-0.0666239887	0.0360154473	-0.035129106800000004	0.0354003952	-0.0399928819	-0.0325968208	-0.09973837320000001	-0.030650362799999997	0.07563393730000001	-0.1409730635	-0.0151678976	0.0265275832	0.0112787826	-0.0370199378	-0.0315470251	0.0260672202	-0.0039735507	0.0475152122	0.0184770971	0.1001777863	-0.05354763480000002	0.0637872456	0.004088827	0.0516001904	-0.013502928300000001	0.0171042213	-0.15606226039999999	0.17980144	0.0916644073	0.059785749699999995	0.014601103999999997	0.017443199999999996	-0.00045120000000000576	0.00030426522623999984	2.035814400000052e-07	0.054883900000000006	0.001486200000000007	2.208790440000021e-06	0.003012242479210001	0.110827	4.8999999999993486e-05	0.012282623929000001	2.4009999999993625e-09	-0.00100149	0.00012432999999999994	1.0029822201e-06	1.5457948899999994e-08	0.0008329019999999997	-0.00035996800000000017	6.937257416039995e-07	1.2957696102400016e-07	-0.000233709	0.00022938699999999995	5.4619896681000006e-08	5.2618395768999976e-08	0.0	0.0	0.0
8620.745290347633	0.9801130526611814	74317249.3610509	0.9606215959968198	10461.039517953217	-14.984574181697099	224.5374634067833	109433347.79617888	6356.782336033739	-5.6306579945912745	40408681.66771056	31.704309452054638	6410.3114653361035	10109.028255063038	1.018836	36.679585	0.03426950000000002	0.0177332	-0.0256235133	0.023396782999999997	-0.0664417553	-0.10977548150000001	0.0216775856	0.0688654501	0.090142414	-0.0025819396	0.0457743355	0.0555284032	-0.0662619953	-0.0450794859	-0.07230953799999999	0.007311010699999999	0.0271474867	-0.0899196481	0.0613248617	0.0589036647	0.1092826233	-0.022602386800000002	0.0138906767	-0.0899910242	0.0144962915	-0.030644352799999997	0.0833101881	0.0647465879	0.010618571200000001	-0.11034315410000001	0.0639673419	0.0155996768	-0.0246298721	-0.1089017907	-0.0436236666	-0.0154715642	-0.0940236394	0.0180501985	0.0171969134	-0.016240497	0.0136531631	0.0708652828	-0.0713125841	0.030668096699999998	-0.036728929	0.0249370031	-0.0136832198	-0.0241331073	-0.0689634718	0.0015982820000000001	-0.0467536104	0.0287498979	-0.1097566266	0.0182478236	0.058343936299999996	0.0076123638	0.009679004599999999	0.026944315899999998	0.021941126000000002	-0.10512359369999999	0.0267061709	-0.0233508641	-0.0275730752	-0.0054968657999999995	0.0401991723	-0.049073224400000004	-0.1551452385	0.0255059249	-0.1504143412	-0.1318304308	0.0350019482	0.079240301	0.0544696645	0.0257460179	-0.0339362409	0.0333203286	0.0805590961	0.0894823849	-0.0214704256	0.0353643435	0.0092734513	0.07786533009999999	0.0962089846	-0.030623177	0.0897852299	-0.05007043059999999	0.0308093379	0.08687091820000001	0.055244050499999996	0.023013302599999997	-0.1602120176	0.0182261056	0.043162302699999995	0.1256349202	-0.0710585859	-0.059161392199999996	0.03468647	-0.0140172212	0.2009817341	0.0224772469	-0.1251335589	-0.022767565400000002	-0.026519782000000002	0.0242687881	-0.1066333181	-0.0250497424	0.0066842113	-0.0304430818	-0.031815480800000004	-0.1019985671	0.0204989717	0.080145101	0.0707580947	0.0361363253	0.0493569073	0.0199538293	0.06697044070000001	0.0343817123	-0.0341817727	0.0269153254	0.081961767	-0.05887101030000001	-0.0188430001	0.0060900652000000005	-0.0722911483	0.0002969976	-0.1119978841	0.0529655946	0.016482073899999998	0.05708336570000001	-0.0094649425	-0.0542763766	0.0022362791	-0.0749896353	-0.0160058795	0.112719076	0.013013345800000001	0.009241827	0.0385943261	0.0860780241	-0.0153850458	0.0755219462	0.1570584897	0.028601164100000007	-0.1309952723	-0.0647498698	0.0579921452	0.096620203	0.0259048942	0.0529377843	-0.0570903038	0.0322512866	-0.0615982065	-0.0683605036	0.0358876017	0.046029591200000004	0.043775687800000004	-0.0577728227	0.14007485	-0.08552808390000001	0.0078840986	0.0653643715	-0.0566914942	-0.0436085164	0.0213228895	0.13356019019999998	-0.0267682746	-0.0427295211	-0.0444398295	0.0158622578	-0.058260946200000004	-0.0611747816	-0.0522796542	0.0627705816	0.019333864	0.1146266117	-0.0380978946	0.0908614741	0.056943921900000014	0.0094662766	0.0188164	0.001373200000000005	0.00035405690896000004	1.8856782400000138e-06	0.041195800000000005	-0.013688100000000002	0.00018736408161000004	0.0016970939376400006	0.119595	0.008768000000000012	0.014302964025000003	7.68778240000002e-05	-0.00105955	-5.8059999999999976e-05	1.1226462025e-06	3.3709635999999963e-09	0.000948032	0.00011513000000000027	8.987646730240002e-07	1.3254916900000065e-08	-0.000198095	3.561400000000003e-05	3.9241629025e-08	1.268356996000002e-09	0.0	0.0	0.0
8627.330578105459	6.5852877578254265	74430832.90391347	43.36601485336544	10473.017069441872	11.977551488655081	143.46173966338355	109684086.5368208	6357.854754996605	1.0724189628663223	40422317.08563294	1.150082431915279	6412.56389152574	10078.053971709114	1.018457	36.665928	0.03319265	0.0167788	-0.0408156343	0.077909258	-0.076088362	0.0605511616	0.0400032563	-0.0092766532	-0.0240170176	-0.11326731609999999	0.0889769615	0.0732220526	0.0145747757	-0.06297991559999999	0.0093948349	-0.0017108801000000002	0.07096630450000001	0.048192605199999995	-0.072998572	-0.021746141899999998	0.024855562799999998	-0.0730976844	0.0440573687	-0.0167495998	-0.0830969135	0.0059384227	0.046868541	0.0146521422	0.0179770218	-0.023986199700000002	-0.0263315271	-0.0973559282	-0.055947633600000005	-0.0777725839	-0.0291043436	0.011274342199999999	-0.044884517199999995	-0.0500849999	0.049123883	-0.11352462210000001	-0.0381371197	-0.0378948845	-0.0885711106	-0.019533405	-0.0309581109	-0.1203922597	-0.0457560158	-0.048932577000000005	-0.0274933655	-0.017967981299999998	-0.0557224861	-0.053006884000000004	-0.0405613408	0.022261366299999998	0.0650700661	-0.0911263664	-0.0406936114	0.0785283495	0.0735174946	-0.0765729552	0.09752511609999999	-0.1255144291	0.060804712699999985	0.11429805330000001	0.09105184720000001	-0.0138670894	-0.0691509653	-0.11061870830000001	-0.046237130700000004	-0.008360334799999999	0.0427441057	0.1075188352	0.0406799739	-0.0727521205	0.030160245	0.0371977945	-0.0156080283	-0.0153729285	-0.0195604317	-0.0656774183	0.059686494699999995	-0.019796301000000002	0.08401237019999999	-0.0441419512	-0.0360228239	-0.0231583916	0.1166310264	0.0196908796	-0.0139551456	0.0751623624	-0.11566865009999999	-0.11657725740000001	-0.0654854933	-0.0055733325	0.0670074725	-0.07187705259999999	-0.11884828880000001	-0.0088609642	0.1206858088	-0.1794663598	-0.0436733454	-0.0348790729	-0.09702926769999999	0.030947747400000006	0.0122815602	-0.015131978600000004	-0.1269098457	-0.0507183729	-0.0398462932	-0.06892172070000001	0.0229545097	-0.0128300301	0.040169235	0.0022641104	0.1447393195	-0.0565834386	0.0155357658	-0.0600299278	-0.08538136560000001	0.045446310700000006	0.0542428695	0.0842935445	0.013203526399999999	0.030904616	-0.0039363864	0.0471486384	-0.020971638900000002	0.1079027519	0.009190466999999999	-0.0040678412	0.0091466641	-0.0560340758	0.047647052599999996	-0.014235041100000003	-0.0473016539	0.1695269593	0.053119243200000006	-0.127872078	-0.0734889795	0.08180895099999999	0.0343496027	0.054592431799999994	-0.0130077773	0.0967350662	-0.1026943981	-0.0068824657	0.0098225497	-0.0642803738	0.0340889563	0.062070880999999994	-0.013426511799999999	-0.09736948960000001	-0.08037644099999999	0.0131873279	0.069810688	0.014993485700000003	-0.025971393500000002	-0.0018549082999999998	0.05238310349999999	-0.08223703519999999	-0.052855484	0.0171244555	0.0419117683	-0.027204127999999998	0.0418316263	-0.058496355	-0.12347586320000001	0.0831139624	-0.0607459757	-0.1379861791	-0.13906974	-0.1577671246	-0.0842007224	0.16777326	-0.09639863609999999	-0.044460054400000004	0.0344303869	0.09003316900000001	0.054038495	0.0043076634999999995	0.0199285	0.0011120999999999976	0.00039714511225	1.2367664099999952e-06	0.0533723	0.0121765	0.00014826715224999998	0.0028486024072900003	0.129343	0.009748000000000008	0.016729611649	9.502350400000012e-05	-0.00115943	-9.987999999999988e-05	1.3442779248999998e-06	9.976014399999978e-09	0.00101056	6.252799999999995e-05	1.0212315136e-06	3.909750783999993e-09	-0.00015738200000000002	4.071299999999997e-05	2.4769093924000007e-08	1.657548368999998e-09	0.0	0.0	0.0
8635.720983400626	8.390405295167511	74575676.90314588	70.39890101717499	10448.071065911396	-24.94600353047645	622.3030921425433	109162188.99833488	6360.595524536844	2.740769540238944	40457175.42675813	7.51181767270159	6413.839204007513	10186.347407422387	1.018779	36.67754	0.04955314999999997	0.0298556	-0.005461677	0.1162329977	0.029725699300000002	0.0175589647	-0.0687156586	0.0470367228	-0.09219059199999999	0.0041270095	0.0301364598	0.1228259567	-0.0407906723	-0.0578291856	0.0090615352	0.0207891886	-0.089562419	-0.0136640671	0.0548315763	0.0846369186	-0.053786589	-0.013028756	-0.0066551453	0.0050067971999999995	0.0528285411	0.055625755199999995	0.0153308575	0.1295690243	0.0309806675	-0.04785939559999999	-0.1028865749	-0.0200439929	-0.011098622399999999	-0.0889553334	-0.0353705988	0.0574421709	-0.0159209522	-0.086176364	-0.008917814	-0.0366540189	0.0274548778	0.0749079528	-0.055921825599999996	0.1219323897	0.0235845608	-0.0188910838	-0.043017089800000005	0.0071286314	-0.0419988753	-0.057482139	0.037903953	0.0548101076	0.07315999179999999	0.0182765313	-0.0018333697	0.083853225	0.0251579155	-0.1150463358	0.0694332817	0.0319498412	-0.09457568150000001	0.043981408	0.0651183355	0.0017594959	0.017691377299999998	0.1818117684	-1.1011600000000001e-05	0.011948928000000001	0.11690012289999999	-0.082492692	0.045751903899999995	-0.0185057945	-0.16550935390000002	0.0560948685	0.1400523473	-0.11936552269999999	0.0975344048	0.055062054900000004	-0.0204105393	0.0353232277	0.047223849500000005	0.053940786	0.12027448449999999	0.0236072441	-0.0103065544	0.0612229163	-0.108917024	0.15673435	0.0352639173	-0.10751796890000001	0.0498148956	-0.0722412944	0.0102680076	0.10441798050000001	-0.0052549249	0.1717352902	-0.1440260931	-0.0486370222	-0.0494585396	0.12201547759999999	-0.0399534531	-0.0104438075	0.0394283515	0.0395886269	-0.0017629946	0.1010183004	-0.0483601073	-0.0262798914	-0.0290493821	-0.09872281960000001	-0.027661292999999997	-0.029045651699999998	0.0806014202	-0.0333597728	0.0213771495	0.020259173300000002	0.0630992847	0.15311248660000001	-0.006789049	0.0329270323	0.0257772887	0.0475929657	-0.047265962300000006	0.027410186200000002	0.029012392	-0.0369698169	-0.0240279313	0.0198449199	-0.0258769415	-0.0571882192	-0.0699081178	0.0231275446	-0.0190503468	-0.027480024	-0.0703868249	-0.0237974918	-0.0200557993	0.1124731311	-0.1206711248	-0.10517756380000001	-0.11336718949999999	-0.2015518785	-0.0680035194	-0.005411629100000001	0.0195241554	0.0748709576	-0.1479615491	0.1483310567	0.023358572400000003	-0.08046721280000001	0.0585433703	0.0349227917	-0.053311792999999996	0.1067884047	0.05517854639999999	0.029209558599999998	0.049454051500000006	-0.102255502	0.1477662537	0.0655371492	-0.0204150529	-0.0413405279	-0.042656345199999994	0.1275599127	0.0454776705	0.06093987450000001	-0.0662054296	-0.0447019147	0.0817745879	0.12307129480000001	0.03300678	0.1234858773	0.0099085563	0.0316921738	-0.0188572077	-0.2084847593	-0.0664318027	0.0891797233	0.051072714000000005	-0.0008617733	0.016953099999999995	-0.002975400000000003	0.00028740759960999983	8.853005160000016e-06	0.0371288	-0.0162435	0.00026385129225000003	0.0013785477894400005	0.153999	0.024655999999999983	0.023715692001	0.0006079183359999991	-0.00111223	4.7199999999999846e-05	1.2370555729000002e-06	2.2278399999999856e-09	0.000975993	-3.4567e-05	9.52562336049e-07	1.1948774889999995e-09	-0.00012558400000000004	3.179799999999998e-05	1.577134105600001e-08	1.0111128039999988e-09	0.0	0.0	0.0
8645.027849492768	9.306866092141716	74736506.51850556	86.61775645705725	10457.297947960693	9.226882049295458	85.13535235161069	109355080.37242287	6359.068969254987	-1.526555281857327	40437758.15574168	2.330371028566503	6409.114557693648	10249.123349151336	1.022818	36.822948	0.02830719999999997	0.015697	0.0171541047	0.0917037283	-0.072618196	-0.1184972591	-0.0328526733	0.0785508762	0.0722218704	0.0350863736	0.0376764136	0.1445705702	0.0023074401	-0.0257742775	0.048421465700000006	-0.0136166729	0.0176914525	-0.039783252799999995	-0.0970390906	-0.0679506204	0.0476344987	-0.0078966156	-0.1425973002	0.0039430572	-0.007391911700000002	0.0589563982	0.0094970164	0.1213617684	0.0314660207	-0.1160523717	0.013722831100000001	0.0160993358	-0.0573196713	-0.0551064604	-0.06784350360000001	0.0493656931	0.0085666936	-0.107071802	0.0296452631	-0.1377721036	-0.0008332355	-0.1462641865	-0.0278936099	0.056346702	0.036959744700000005	-0.066560476	-0.08450038800000001	0.0242267229	0.08534778400000001	-0.07586823969999999	0.1182620959	-0.1357588598	0.1340368948	-0.0618098701	-0.0448658322	-0.1392472143	-0.0498849815	0.031034150899999998	-0.0198554024	-0.0051554622	-0.0166410227	-0.0242993265	0.077642184	0.0664526948	0.0085338941	0.0086218817	-0.006840740600000001	0.0939786165	-0.0548168361	-0.0244550173	0.0405257752	-0.14090529	0.0061097107	0.0262580088	0.0209998269	-0.0003388957	0.1041069828	-0.026022678799999997	0.0413177831	0.0288934909	-0.0642121821	-0.0183654266	-0.06841800469999999	0.018791883500000002	-0.026795990899999997	-0.0996180901	-0.1493066822	0.0347098446	0.10090387869999999	0.0685154291	-0.0668588323	0.0746396956	0.1134746903	0.056967633899999995	-0.1421342809	0.0006417039	0.0234147282	-0.0345391428	-0.0364098892	0.10439381689999999	-0.0077632177	0.0087151935	-0.0663309911	0.0520761883	-0.1158570389	0.0209766144	-0.0029722487	-0.0647428112	-0.0015503776000000001	-0.0791285377	-0.0206048596	-0.0775235909	0.0630169617	-0.0448441767	0.1241672256	-0.0054837574	0.047417281900000004	-0.0576956562	0.0337508842	0.005530008	-0.0455036537	0.1172229051	0.0614906477	0.0736957674	0.0542764612	-0.105379206	0.1568617558	0.014076108300000001	0.0411629188	-0.1172965482	0.054107071500000006	0.08416471869999999	0.07376119540000001	0.1392126993	-0.0448137158	0.1051776576	0.053317152	0.0160605178	-0.0375436786	-0.06292578089999999	-0.0346858861	-0.053787902699999994	0.1342118841	-0.030308614900000006	0.016206846	-0.047499604400000006	-0.0425089185	-0.0746220213	0.0435926466	-0.0272554769	0.0866696786	0.0146778258	0.1247609225	-0.033076056	-0.050056632999999996	0.0273541292	0.0457079674	-0.0337553439	0.0975657708	-0.0113286313	0.0218362104	0.1462618007	-0.0964503529	-0.0727826535	0.08888596039999999	0.018937420700000002	0.11472079240000001	-0.0870594669	-0.0069539868999999995	0.0073798645	-0.0331065346	-0.019840176799999998	0.1162261975	0.007498750500000002	0.1021471384	0.0203352718	-0.0270084083	0.0883013753	0.0480498913	-0.0060290448	0.0187078	0.0017547000000000047	0.00034998178084	3.0789720900000168e-06	0.0499776	0.0128488	0.00016509166144000002	0.00249776050176	0.146957	-0.007041999999999994	0.021596359849	4.95897639999999e-05	-0.00111872	-6.489999999999838e-06	1.2515344384e-06	4.21200999999979e-11	0.0010829	0.00010690700000000016	1.1726724100000003e-06	1.1429106649000034e-08	-0.000105747	1.9837000000000034e-05	1.1182428009000001e-08	3.9350656900000124e-10	0.0	0.0	0.0
8643.115409337732	-1.9124401550361652	74703443.97913134	3.657427346594752	10501.170082029546	43.872134068855296	1924.7641477556147	110274573.09171245	6362.803529758829	3.7345605038426575	40485268.75831142	13.94694215686153	6416.948438287334	10283.148838774925	1.040823	37.47114600000001	0.03395342499999998	0.0174145	0.0257895904	0.1036918962	-0.1031099349	0.0608682861	0.0447707401	-0.0499568998	0.015112375400000001	-0.097343068	0.0676118819	0.10767166460000001	-0.0317484175	0.0356866778	0.1203252066	-0.0587402525	-0.0412194347	0.0803117308	-0.0738969546	-0.05726571110000001	-0.0725910748	0.014752436399999999	-0.1514290162	0.0407386796	-0.1667354969	0.0779697105	-0.0099051158	0.02732746	0.0412819768	-0.0530050708	-0.0061621977	-0.1556848805	-0.0517010091	-0.0155678968	-0.08469406189999999	0.0295624255	0.0684280884	-0.021018173199999997	0.0516865126	0.0163996405	-0.0744085787	-0.0248358595	0.040111286600000004	0.0200699913	0.0858185224	-0.0032772887	-0.0794869949	-0.0067873707	-0.014557016599999997	0.0071809336	-0.1145272917	0.0028880558000000003	-0.0158870654	-0.025507863500000002	0.0036270769000000002	0.040009921600000005	0.14057589539999998	0.08184658269999999	0.0929646262	-0.0780256127	0.036864055800000003	0.0195786495	-0.0048590868	-0.0185054976	-0.0553492124	-0.0083147806	-0.085301172	0.043449334900000004	0.06868082190000001	0.0528322533	-0.0412409248	0.10006118970000001	-0.055833631200000004	-0.0895815417	0.0564140539	-0.1292567669	0.0664159428	0.0465153609	-0.0765968881	-0.0654790113	-0.013226564199999999	-0.05790597610000001	-0.0846258595	-0.0648691173	-0.0013486882	0.0413649246	0.005346841800000001	-0.0035997278000000008	-0.0864365267	0.0259975187	-0.040002355499999996	0.154494574	0.0091289501	0.05471636059999999	0.0695112354	-0.1136061917	0.0781431021	0.008230568800000001	-0.0015075848999999998	-0.025296215099999998	0.0183521764	-0.015359717299999999	0.08337194	0.053279249400000006	0.0061508435	-0.0575018558	-0.14415441439999999	-0.0619690547	0.0388077397	-0.08963335539999999	-0.044934744699999994	-0.0468693924	-0.044245251500000006	-0.023095618999999998	0.0419011855	0.0016991297	-0.0791154682	0.014972036599999999	0.0969583556	-0.009700509	0.0030824183	0.0486879868	-0.013086871399999998	0.07518171259999999	0.0825245618	0.0625499643	-0.017101746	-0.0047767271	0.0689857505	0.016870815600000002	0.0292890205	-0.1101017968	-0.029507386400000002	-0.0413672192	0.0884429132	0.0852483468	-0.0657127175	0.0001549706	0.0312944127	0.0879838847	-0.0359583054	-0.0429903608	-0.0549869303	-0.1422725941	-0.015898025700000002	0.0369256925	-0.0140833418	0.1074029785	0.074475901	0.0117031942	-0.028225425099999996	0.0454728941	-0.0838138635	0.0371340286	0.0292509656	-0.022524445	0.0005264420999999999	0.0693142734	-0.1332173754	-0.1014037814	0.0011974941	-0.0550710207	-0.0192072576	-0.0338400876	0.05835820940000001	0.06639390469999999	0.0774037182	-0.0556029177	-0.0844780953	0.0173150199	-0.09342795640000001	-0.0209426295	-0.0062548746999999995	-0.042968441600000004	-0.048113490099999996	-0.0504211062	0.045707575	0.0873983701	0.044973402999999995	-0.0111811673	0.017322	-0.0013857999999999993	0.000300051684	1.9204416399999993e-06	0.0371287	-0.012848900000000005	0.00016509423121000008	0.00137854036369	0.13760900000000004	-0.00934799999999997	0.018936236881000008	8.738510399999939e-05	-0.00108826	3.0459999999999952e-05	1.1843098276e-06	9.278115999999968e-10	0.000963245	-0.00011965500000000007	9.27840930025e-07	1.4317319025000021e-08	-4.84475e-05	5.7299499999999996e-05	2.34716025625e-09	3.28323270025e-09	0.0	0.0	0.0
8632.6335146906	-10.481894647131412	74522361.39895938	109.87011539356214	10454.849441419072	-46.32064061047458	2145.601746564748	109303876.84274068	6365.1637561360585	2.3602263772290826	40515309.6424281	5.570668551767921	6417.3491848635485	10247.710780557109	1.032953	37.187809	0.016878189999999973	0.01346	0.022355289100000002	0.11690626529999999	0.0248626974	0.0210359478	-0.0807965043	0.0361973436	-0.0840928559	0.0043099986	0.0149881028	0.1329162173	-0.0323750508	-0.0287342086	-0.0015474992000000002	0.0380572884	-0.0744208031	0.1069104792	0.0083400712	-0.0708555282	-0.1362960007	-0.0376986567	-0.025093892000000003	0.025460662000000002	-0.0706958869	0.0809937892	-0.0139817214	-0.0072804064	0.0564791126	-0.08446869929999999	-0.0937704345	-0.0278036706	-0.0222408346	-0.07436059240000001	-0.0304814273	0.0377941497	0.06160412320000001	-0.0790944208	0.023423806600000003	-0.0351204466	0.0365152281	0.122208969	0.0031019738	0.1259186286	0.1168056715	0.1350117827	0.0061152677	-0.0233746529	0.0687771687	-0.1053726733	0.0781992933	0.0877840557	0.0806913204	-0.0745543955	0.0364517632	0.052912617599999996	0.0884775408	-0.0674892802	0.043539147699999996	0.083655174	0.1117334711	-0.1358072709	0.0005799591	0.0155355718	0.0522446613	0.02949309	0.057264298899999996	-0.0715766122	0.045846444800000004	0.031690072799999996	-0.0043757375	-0.0052888323	-0.0021304088	-0.118576869	0.0209453065	0.0035373783	0.0189573818	0.0466302675	-0.0666138925	-0.1129318303	0.0936474329	0.0719012232	0.10489438710000001	-0.013433212199999999	-0.1633869467	0.0348075066	0.0644541936	-0.0895750473	0.0249533454	0.0381133096	0.003104163	-0.1121385199	0.0144177347	0.0076536327	-0.0674911083	-0.0048431761	0.0156696567	-0.08060934019999999	0.0112035522	-0.0170272491	-0.0590572299	0.0026298835999999997	0.0586996442	0.0724914011	-0.0197180495	0.1012896718	-0.0742289459	-0.032789468599999996	-0.0079558048	-0.077090409	-0.021890782799999998	-0.0459637063	0.0718267313	-0.0809422165	-0.0150381145	0.022318229	0.0594783803	0.1113133176	0.10763698740000001	0.1271025325	-0.08015357669999999	0.0103897502	-0.062311106799999995	-0.0361700976	0.1114050234	-0.10306123519999999	-0.0539066493	0.0259423675	-0.0035055106	-0.001217124	0.0351115905	-0.0057285849	-0.0452460133	-0.0487532124	-0.1544348952	0.0345322096	-0.1202255982	-0.0846355212	0.0410932823	-0.0292423723	0.0292761509	-0.027447073	-0.09204287970000001	0.09064307029999999	0.0295824093	0.024825807000000002	-0.04504271309999999	-0.0188236439	0.0742324279	-0.0444941781	0.027723308500000002	0.064911377	-0.09130372169999999	0.07488536009999999	0.034582931000000004	-0.0099656578	-0.0734716371	0.0161562974	0.042177881699999996	-0.021063002999999997	0.02379808	-0.0796711165	0.08674481390000001	-0.163674491	0.021937783	-0.1298226669	0.0035112514	-0.0417697421	0.0077762361	0.1005590495	0.0336037456	-0.1273490294	-0.0015594335	0.0531842689	-0.0044900541999999995	0.0271903006	-0.050059584000000004	0.0864709601	0.041846685099999996	-0.0163051952	0.017380699999999995	5.8699999999994874e-05	0.00030208873248999986	3.4456899999993973e-09	0.0371267	-2.000000000002e-06	4.000000000008001e-12	0.0013783918528899998	0.150742	0.013132999999999978	0.022723150564000004	0.00017247568899999942	-0.00109615	-7.88999999999998e-06	1.2015448225e-06	6.225209999999969e-11	0.00101664	5.3395000000000033e-05	1.0335568896000002e-06	2.851026025000003e-09	-3.60427e-05	1.24048e-05	1.29907622329e-09	1.5387906304e-10	0.0	0.0	0.0
8627.1300925078	-5.503422182800932	74427373.63305363	30.287655722145377	10435.905717029163	-18.943724389908308	358.86469376080703	108908128.13472198	6357.925958106361	-7.237798029697843	40423222.48876269	52.385720318697956	6408.943094719166	10178.121145426472	1.04395	37.583721	0.06977426500000003	0.034667500000000004	0.015605882	0.08489428539999999	-0.06485104400000001	-0.1312918748	-0.0005483542	0.0866288442	0.08428332179999999	0.052175398399999996	0.0422124996	0.1239609455	0.0163710453	-0.0031630259	0.0619922311	0.018248872	-0.1364241919	0.056759327400000004	-0.10250849960000001	-0.1544097928	-0.0582790278	-0.0264692943	-0.053269139699999996	-0.051644710499999996	-0.0011168081	0.0075937204	-0.12443668039999999	-0.0222553404	0.0471482168	-0.1318383943	0.0159917637	0.041967889800000005	-0.0015153304	-0.055372687999999996	-0.0939917147	0.0825286053	0.06813956980000001	-0.08714592550000001	0.0926489058	0.0187654274	0.0307369416	-0.0215556566	-0.014027595600000001	0.1039195415	0.12855181289999998	-0.047964851100000004	-0.0686284963	-0.0421411487	0.06072589530000001	0.0200861124	0.1000935324	0.0077916842	-0.0219901166	-0.0142023478	-0.0118123657	-0.1234532454	0.0128838103	-0.0333560453	0.08690902980000001	0.0286456738	-0.0838404653	-0.10188244689999999	-0.0028184099	-0.0622705254	-0.1185022759	-0.0884328301	-0.055417829	0.0170144445	-0.016805736	-0.0752284829	0.0185668537	-0.0324056973	-0.09783403710000001	-0.024141645299999997	0.052422822300000005	-0.0376061492	-0.10448416880000001	-0.0381979988	-0.1122939067	0.0284523273	0.0327782871	-0.0599441054	0.023705972599999996	-0.0658504647	0.0103567607	-0.0744135024	-0.1375821061	-0.1479748592	-0.0485447735	0.0371370119	0.0329955019	-0.0374353275	-0.0572010584	0.0319250446	0.0726481778	-0.0245516644	0.057185071500000004	0.0654932425	0.0279870616	0.0044843446000000006	0.0372196241	-0.0112978118	-0.09698620710000001	0.06964077519999999	-0.1275075359	0.0269179971	0.006405124599999999	-0.030358003300000002	0.025106663300000002	-0.10905725220000001	-0.059799511	-0.0835763204	0.031043611699999998	-0.10830808869999999	0.0562233771	0.041184117	0.0177309064	-0.0205524544	0.0719173462	0.1013249714	-0.0117877152	0.1601787578	-0.0554012163	0.0345198581	-0.004068612	-0.0223366921	0.030521209900000002	-0.0496637112	-0.0208667831	-0.0031056558	0.117742536	0.0652867868	-0.0165452344	-0.050947721200000004	-0.0509482875	0.033383546	-0.0037407176	0.0035439182	0.0129895394	-0.053240461100000004	-0.0752986129	0.0800349088	0.07359309160000001	-0.1014397684	0.1015637092	-0.0057787854	-0.0452422042	0.1036589735	-0.0164394891	0.0563854043	0.0183799521	-0.0450353955	0.0783995193	0.044042776799999996	0.060310131399999994	0.0202591473	-0.0402352417	0.11841270599999999	-0.0281256972	0.0211026026	0.0469414797	-0.0691295212	-0.1795980445	-0.09082605460000001	-0.054989739	0.010834134099999998	0.0536541454	0.0868222957	-0.0128995843	-0.02759996	-0.020954493799999998	0.0042642458	-0.018229466399999998	0.0780008923	-0.0862646448	0.0128179226	-0.0512429618	0.0855194041	0.0386732298	-0.021388253399999998	0.029702099999999995	0.0123214	0.0008822147444099998	0.00015181689796000002	0.0440663	0.006939600000000004	4.815804816000006e-05	0.00194183879569	0.15980899999999998	0.009066999999999964	0.02553891648099999	8.221048899999935e-05	-0.00106592	3.0230000000000014e-05	1.1361854463999998e-06	9.138529000000007e-10	0.00155444	0.0005378	2.4162837136e-06	2.892288399999999e-07	-0.000296938	-0.00026089529999999997	8.8172175844e-08	6.806635756209001e-08	0.0	0.0	0.0
8644.005377710819	16.875285203019303	74718828.96989356	284.7752506832423	10502.602943460071	66.6972264309079	4448.5200135758005	110304668.58797616	6365.381646331316	7.455688224955338	40518083.50345158	55.587286907737685	6419.003558728276	10202.462685255798	1.055951	38.015766	0.0678743	0.0350483	0.0216934565	0.1131735606	-0.0849104502	0.0557150093	0.06686551269999999	-0.0521074454	0.018505060900000002	-0.0802865508	0.0885641943	0.1353951619	0.0009398066	0.0613906648	0.0526839533	-0.0023327585	-0.14682749960000002	0.0505206195	-0.0797477918	0.0117336479	-0.0660326168	-0.0383556399	-0.0272030467	0.0040304099	0.0024233959	0.0131585271	-0.07526586910000001	-0.0649406195	0.0698733605	-0.0395892821	-0.017993341200000002	-0.11807162759999999	-0.0410417619	-0.045001524800000005	-0.0706587008	0.0669121016	0.026302386299999998	-0.0369670304	0.0429057237	0.049351670800000004	-0.005703469300000001	-0.12094794310000001	0.0005974664	0.022831857599999998	-0.013281638500000002	0.0096370705	0.0011057581	0.062066779100000004	0.1343819773	-0.003602332	-0.0894287342	0.1930137327	0.05717258450000001	0.0925429973	-0.0987596564	0.023317730099999996	-0.1287651234	0.1380871881	0.1287313948	0.0247982286	-0.0103489592	0.0307988586	-0.0132091571	0.034182877599999995	-0.11808638390000001	0.022303875299999998	-0.0576699998	0.0125094533	-0.0764678251	0.1578678362	-0.09671662	0.0145959821	0.0012418854	0.0297908538	-0.0352097084	0.0132052279	0.1426146608	-0.0297830213	-0.04378848849999999	0.0393532028	0.010743722800000001	-0.0362030194	-0.0124279116	0.0430755373	-0.0004466692	0.052653246699999996	-0.0183850199	-0.059760432599999996	0.11761051289999999	-0.043185311100000005	-0.0257288036	-0.0276283663	0.13710117	0.040352104300000004	0.0343373794	-0.0703132309	-0.0656111263	-0.1181436043	-0.0800606664	-0.0814435055	-0.0311161053	-0.0152748859	-0.11646745359999999	0.0828029131	0.004689505300000001	-0.0395004614	-0.1127131207	-0.0644290867	0.0119678076	-0.10091479390000001	-0.0724030455	-0.0447054727	-0.0320729271	-0.0462891382	0.05900167730000001	0.0574141309	-0.022329272999999997	-0.0122105172	-0.0006201679	-0.0708585595	0.0166937968	-0.0280469317	0.052550723099999995	-0.0751565559	0.1143737356	0.0038827743	0.1232484208	-0.15308846210000002	-0.1590118039	0.09890491550000001	-0.050956806699999996	0.029035806	-0.0813219045	-0.08577392869999999	0.1646476356	0.0492884062	-0.0402313075	-0.0431264328	-0.0934588641	0.0563182395	-0.0241283611	-0.0160255188	-0.015308713	-0.11451256359999999	-0.0707751918	-0.0258549548	-0.0095200062	-0.10068359210000001	0.1391270093	0.0688971689	0.057557396799999994	0.1056435042	0.047593104500000004	0.0280312796	0.0157581054	0.018566393799999997	0.0403337346	-0.06739161519999999	-0.0470261143	0.0147203663	-0.026084018599999998	0.0428690149	0.0126535931	-0.0977592849	-0.0192841217	-0.0520873201	0.021542725899999997	0.0224464786	-0.0047896681	0.008609969200000001	-0.0981430961	0.0880720733	0.17834663280000002	0.059148061399999986	0.035346248999999996	0.0220447529	0.057574640499999996	0.08454396789999999	0.0354565814	-0.0264175701	0.018804	-0.010898099999999996	0.00035359041599999984	0.00011876858360999995	0.0371219	-0.006944400000000003	4.822469136000005e-05	0.00137803545961	0.164987	0.005178000000000016	0.027220710169	2.6811684000000165e-05	-0.00108174	-1.5820000000000157e-05	1.1701614276000002e-06	2.5027240000000496e-10	0.00101975	-0.00053469	1.0398900625e-06	2.858933961e-07	4.9628e-05	0.00034656600000000003	2.462938384e-09	1.2010799235599998e-07	0.0	0.0	0.0
8665.463926899689	21.458549188870162	75090265.06839977	460.46933329116035	10492.499782032548	-10.103161427523444	102.07387083059758	110092551.67595306	6369.220249052588	3.838602721271855	40566966.58094151	14.734870851755689	6421.807528209012	10222.988106904664	1.0564049999999998	38.032108	0.11100749999999998	0.0530927	0.037783722	0.131832734	0.010009819599999999	0.0401115403	-0.0497710387	0.0099084224	-0.025074198	0.0147362311	-0.0248218958	0.1676873382	0.0705203826	-0.031528443999999996	0.0592338204	0.09504813349999999	-0.0681751755	0.005663949000000001	0.0350877573	0.0243445804	-0.1686026719	-0.0094353491	0.0383063726	0.022406461800000003	-0.0208923536	0.0033819826	-0.1168329999	-0.0546930465	0.0754754946	-0.0693331979	-0.10806679109999999	-0.0343344208	0.004460559	-0.0497388497	0.033188584300000004	0.0043800544	0.0465745704	-0.0861213016	-0.0348524464	-0.019248002099999998	0.044138692400000006	0.0062319849	0.0402148438	0.018023289799999998	0.0730093644	-0.0627263399	-0.0139798372	0.1290230358	-0.0807427404	0.0071511286	0.08349562719999999	0.176473125	0.0569334379	-0.0274070508	0.0063929562	0.0090970067	0.0235747977	-0.00045682739999999996	0.061632275599999994	0.1036813382	-0.0453901045	0.022813061000000003	0.0555893458	-0.0291822673	0.0318469806	0.0443287883	0.0600841902	-0.0608302074	-0.0548793211	0.0157497689	-0.011786198000000001	-0.0169090241	0.057857074	-0.0889355701	0.0911213738	0.1448544398	0.034789694100000004	-0.100149704	0.060841363899999994	-0.0577592928	0.0175555831	0.0479168497	-0.034660904	0.013927328400000001	0.032191158399999996	-0.0247668114	-0.024507645699999997	0.032838414100000005	-0.028129943900000003	-0.0558459836	-0.0402526826	0.008978567199999999	0.0980609766	0.0701984023	-0.0579703342	-0.0203706931	0.008246536899999999	0.10601034869999999	0.11865977039999999	-0.06139257610000001	0.08800666720000001	-0.0815245039	-0.055908308399999995	0.0935433563	-0.0289288025	0.10957320640000001	-0.0726048838	-0.0021800328	0.0083762303	-0.0068201811	0.0036398379	-0.10381154699999999	0.0535385229	0.0030052296	-0.0432496222	0.008127356700000001	0.036349065699999995	0.08389753259999999	0.0291635493	-0.0954984129	0.0192365494	0.0659113907	-0.0833920819	0.025233292400000003	0.0586002234	-0.08777105630000001	-0.0214079268	-0.1196153373	-0.06324110549999999	-0.1018902155	0.054577145099999995	0.0040538703	-0.0237089649	-0.10729628769999999	0.0068837171	-0.0786975135	0.0375600356	-0.043559887	-0.0235162053	-0.0078758697	-0.09014853130000001	-0.0250667645	-0.0253603675	0.1138213906	-0.0078865427	-0.0339026376	0.0111137156	-0.1036268946	0.0326532321	0.0042279359	0.0641403308	-0.0971870904	-0.10943577289999999	0.0978033506	-0.0339727196	0.029771419500000007	-0.0316504	-0.0035771105	-0.0203371694	-0.0273633785	0.0710679087	0.004149033	0.0402999857	0.0993678475	0.024725442	0.0713008123	0.09188437070000001	-0.029884926800000006	0.08782807849999999	0.0280259419	-0.0767318518	-0.0371668381	0.050537267999999996	0.056609779299999996	-0.048024722400000004	0.0851933507	0.0265534764	0.0835449238	0.0322003326	-0.0313805081	0.031719599999999994	0.012915599999999996	0.0010061330241599995	0.0001668127233599999	0.0543212	0.0171993	0.00029581592049000003	0.00295079276944	0.13086099999999998	-0.03412600000000002	0.017124601320999994	0.0011645838760000011	-0.0010664	1.5339999999999972e-05	1.1372089600000002e-06	2.353155999999992e-10	0.00164375	0.000624	2.7019140625e-06	3.8937600000000006e-07	-0.000246364	-0.000295992	6.0695220496e-08	8.761126406400003e-08	0.0	0.0	0.0
8668.855677367303	3.3917504676137473	75149058.75502332	11.503971234558069	10486.210360343312	-6.289421689236406	39.556825185037326	109960607.72137141	6368.395946709637	-0.8243023429504319	40556466.93406774	0.6794743525935715	6416.749148094434	10401.22786687594	1.061246	38.20639	0.06343039999999997	0.030884300000000007	0.0739550445	0.1111912532	-0.0893050502	-0.0906725216	-0.0541755485	0.04669220650000002	0.0410560827	0.0718409566	-0.0231313911	0.1666798382	-0.11688130949999999	0.1047932688	-0.0047076212	-0.0274693775	-0.0519586319	-0.0824727176	-0.1039873529	-0.11090857289999999	-0.05739706400000001	-0.0338632243	-0.0894671107	-0.010958146200000001	0.10625545900000001	-0.013124137099999999	-0.020666857099999998	-0.0718490334	0.0814803058	-0.1196683414	0.0064507919999999995	0.0549344867	-0.0342270955	-0.0473199412	-0.0731078228	0.1667064791	0.0110844027	-0.0054570995	0.09369473960000001	-0.037316694	0.0419255698	-0.0646960963	0.10315273779999999	-0.0960842457	0.025321333799999998	-0.0546907751	-0.015656241799999998	0.0336738393	0.0625208771	-0.0165356592	0.0467609338	0.011965398200000001	-0.0414551615	0.07732964169999999	0.0123709463	0.0965538217	-0.0217680613	0.06531630000000001	-0.0310545757	-0.0706212643	0.0283411388	0.068514256	-0.05843228230000001	0.10324429369999999	0.0604886442	0.0443729067	-0.1303729115	0.0657354067	0.057380941	-0.0117754103	-0.0320042554	0.075731103	-0.057744768700000004	0.0510701754	0.011141849799999999	-0.08439797019999999	0.06324280269999999	-0.0349140811	0.0398279443	0.0319732113	0.17863696920000002	0.05856906980000001	-0.0441300117	0.011020225600000001	0.0605050767	0.048328902699999995	-0.0541809013	-0.0427785159	0.0297703341	-0.0331781984	0.056175047	-0.11492556599999999	-0.0315948026	-0.021692813	0.0059662975	-0.0895821017	-0.0081119764	0.0584406814	0.0555393206	0.1228904451	0.17693955579999998	0.056729030599999994	-0.0048668864	0.09789662119999999	-0.1042440268	0.0349477539	0.0234458258	-0.0675606332	0.0074605811	-0.0828243916	-0.1765422286	-0.005599588199999999	0.0212702045	-0.06760820070000001	0.018585161200000002	-0.0439927699	-0.021276371699999998	-0.11864823470000001	0.0248917518	-0.0922557626	-0.054083329900000005	0.0510721094	-0.020679900600000002	-0.0083282423	-0.024432363	-0.1160165467	0.0190534579	-0.044502497599999996	-0.0171085246	0.0771621604	-0.1012511694	-0.0175735074	-0.0319932099	0.0328215368	0.08715048019999999	0.0479871169	-0.031110444900000006	0.0246595291	-0.1074683358	0.0367546279	0.0541503729	-0.07313086690000001	0.0256502041	-0.0676112914	-0.10867550599999999	-0.0027204308	-0.08828669310000001	0.0800582877	-0.0727732873	0.0093789738	-0.0321313732	-0.0874338417	-0.0711649148	-0.1153813667	0.0176778321	0.017120859199999998	0.0691593269	0.0239379401	0.069938738	0.1314085665	0.0096924202	0.004495872	0.09992600859999999	-0.029102249700000006	0.0360406926	0.0615058174	0.0682643309	0.0187912561	0.0713236153	0.0462259371	0.09612988300000001	-0.0088125049	-0.017256111100000002	-0.1479539704	-0.0814520042	0.0172789514	-0.026425519300000002	0.0825225509	0.028908120099999997	-0.036264597200000005	0.0271493	-0.004570299999999992	0.0007370844904900001	2.0887642089999925e-05	0.0371608	-0.017160400000000003	0.00029447932816000004	0.00138092505664	0.148499	0.017638000000000015	0.022051953001	0.00031109904400000054	-0.00105495	1.1450000000000087e-05	1.1129195025e-06	1.3110250000000206e-10	0.00130893	-0.00033482	1.7132977449e-06	1.121044324e-07	-0.0001114	0.000134964	1.2409960000000002e-08	1.8215281296000003e-08	0.0	0.0	0.0
8660.168229388924	-8.687447978378259	74998513.7613173	75.47175237702851	10549.539538382005	63.329178038693506	4010.5847910565385	111292784.4718852	6367.22733241256	-1.1686142970775109	40541583.90262157	1.3656593753339648	6420.231387470961	10359.036817896602	1.065715	38.36731	0.041722649999999965	0.0241855	0.0492247276	0.10211871439999999	-0.1435788645	0.0598715095	0.010974301899999999	-0.061217788499999995	0.050375794800000005	-0.10761963150000001	0.0159369101	0.128483996	-0.0333226939	0.054282214599999996	0.0322117399	0.0359709977	0.0626048445	0.2981759588	-0.0572008812	0.0086769363	-0.0475632416	0.0976767025	-0.0562120399	-0.10823598470000001	0.0680852275	-0.0373916657	0.0730139699	0.16057002439999998	0.09126529050000001	-0.056528153899999996	0.0204887781	-0.11787323539999996	-0.0749980544	-0.0070757115	-0.0250254827	0.021913457999999997	0.0562019154	-0.0771430585	0.0125105912	-0.0245675856	-0.08522033779999999	0.0073089971	0.0657931628	-0.0397591851	0.0703980258	-0.0439777624	-0.0200043212	-0.0877354024	0.0399222084	0.0668413967	0.1041276983	0.032762134	-0.047850162599999996	-0.006299613199999999	0.025527397200000003	0.0766094227	0.1460704644	-0.0930612166	0.0039644737	-0.076523067	0.1083631233	-0.1443603397	0.1616982275	-0.0329876719	-0.0126344192	-0.0087945935	-0.1095306082	-0.021785484	-0.07316239940000001	0.08972451470000001	-0.10688776779999999	0.0095667168	-0.0408788006	-0.029564546299999998	0.0056478034	0.0433375118	-0.0527450308	-0.013915346	-0.0910936627	-0.007795381999999998	-0.012012809199999998	-0.015366036999999999	-0.0139699315	-0.0206944448	0.0137230246	0.1245061157	0.0105683893	-0.0529596629	0.0594542717	-0.0157411286	0.0456151975	-0.00329928	-0.1002932021	-0.0687705684	-0.1389110916	-0.0163718999	-0.0101400901	-0.0331017301	-0.138237296	-0.1014428691	0.0403862913	-0.0178449802	0.025864002200000003	0.1058534742	-0.0124696147	-0.060061083700000004	-0.12329678349999999	-0.0604822092	0.0124888984	-0.014556185400000001	0.0045349455	-0.050481592900000004	0.025631787799999996	-0.054144258099999995	0.0315919245	-0.0016578989000000002	-0.0858954215	-0.0695521727	0.0259705523	0.0679896679	-0.1028980818	0.057436735	-0.0199900545	0.016931971599999998	-0.019293498899999997	-0.0437494823	-0.12885252449999998	-0.10849297810000001	0.040862295699999995	-0.0325028548	0.0064264421	-0.1371624259	-0.0498484744	-0.0034861334000000003	-0.1545755983	0.0138993462	0.0860504882	-0.08666688560000001	-0.0213102292	-0.06372313519999999	-0.013486597900000001	0.0593332589	-0.1275839661	-0.1268107947	-0.0382016629	-0.038665307	-0.036890499300000004	0.007915523	0.08970298460000001	0.0413834614	-0.0437830784	0.0042219263	0.0231730794	0.0794761532	0.0778147761	0.0102138982	-0.070041902	0.0049775495	-0.0097054701	-0.0012404022000000001	-0.0386429478	0.0273910361	0.0843837147	-0.049720903	-0.1097861344	0.0181554264	0.037643624	0.10259422119999999	-0.014723352700000001	-0.1202243857	0.07362051509999999	-0.1099666652	0.1377661063	-0.0641017566	-0.0425334958	-0.013957690200000001	0.0614083813	0.0814771345	0.0255836209	-0.0410575653	0.0282861	0.0011367999999999966	0.0008001034532099997	1.2923142399999927e-06	0.052525	0.0153642	0.00023605864164000004	0.002758875625	0.130592	-0.017906999999999982	0.017054270464	0.00032066064899999915	-0.00100149	5.345999999999997e-05	1.0029822201e-06	2.8579715999999958e-09	0.00140066	9.172999999999994e-05	1.9618484356e-06	8.414392899999988e-09	-0.000112503	-1.102999999999979e-06	1.2656925008999998e-08	1.2166089999999542e-12	0.0	0.0	0.0
8635.80246029336	-24.36576909556425	74577084.13320886	593.6907036183537	10511.883463364757	-37.65607501724844	1417.979985704642	110499693.94736142	6358.834076695852	-8.393255716708154	40434770.81494839	70.44674152605411	6411.8323279488295	10307.698670479253	1.070383	38.535358	0.05244279999999999	0.0300731	0.0346367122	0.1301562047	0.017301363400000002	0.0288245677	-0.1019747701	-0.0012759425	-0.0741594284	0.0219032077	-0.0177055093	0.15235778560000002	-0.045396954	0.057600809	0.0322125506	0.0077594319	-0.035548891299999996	0.11875221710000004	0.07342290900000001	-0.035876361	-0.1099911886	0.0816585739	0.040247456200000004	-0.1542396841	-0.021938907799999997	-0.0279817496	-0.017157111200000002	-0.0018032010999999998	0.0582758746	-0.0408465048	-0.10201081710000001	-0.0300737125	-0.0206810357	-0.0275133082	0.0146168652	0.0409126954	-0.001782486	-0.10412773859999999	0.0487372913	-0.047948298099999995	0.0154977672	0.1166430243	0.0388863244	-0.042393341200000004	0.1196042411	-0.00047128029999999997	0.08100868530000001	0.051867792999999995	0.030920364300000006	0.2244329393	-0.0192545535	0.0292031055	0.0661629106	-0.0182544823	0.020259820300000002	0.0284017478	0.025294602700000002	0.180849405	0.0814598747	0.0526231385	-0.0742213729	-0.018157821	-0.0526664485	-0.13620332289999998	0.0116869025	-0.0599032745	0.0288329633	-0.1354720112	-0.0409193358	0.013887824299999999	-0.0181893749	0.060512576299999996	0.0704278145	0.0733908483	0.0270196912	0.0042971161	-0.056094709400000005	-0.0914934145	-0.0507400171	-0.0468665742	-0.0101508773	-0.0481833905	-0.0353023606	0.017449518799999997	0.0601187928	0.044864172	0.034846092599999996	-0.0670194417	-0.057962023099999996	-0.0170748005	-0.152368286	0.137154596	-0.0776932744	0.031886432	-0.0505182988	-0.0142903593	-0.0006747227	0.09002189099999999	-0.0355481195	-0.0658216675	-0.1378468142	0.1164708608	0.09096286390000001	0.0677857888	0.0083208806	0.1014776325	-0.0609102818	-0.023552464500000002	0.0006929897	-0.0227094144	-0.063951374	-0.0154115984	0.0278273692	-0.0860951693	0.0030795865	-0.0403609371	-0.0116274194	0.0787117061	0.1340725509	-0.0005054072	0.056300535	0.05143970900000002	0.0356053332	-0.06302101360000001	-0.0545176671	0.006472784499999999	-0.0399365182	-0.12477273300000001	-0.0668173096	-0.09818804710000001	-0.0343798073	-0.0382081923	-0.1066997139	-0.0911456689	0.10977130380000001	0.0037429318	0.051341102199999995	-0.0477454771	0.149661928	0.0554293483	0.00048682339999999997	0.12421194710000001	-0.1499099933	0.0723519035	-0.037654279	0.0122330496	0.039670135	-0.0053857189	-0.0512405134	0.0067967494	0.0199436277	-0.0825278986	0.0804852693	-0.0686655987	0.0615202709	-0.0847318672	-0.0163410714	-0.018259601299999997	-0.011314981299999999	-0.1668968765	0.0756649682	-0.0154158234	0.0212995765	-0.0265278008	-0.0115026652	0.1525638752	0.002521031	-0.009867319	-0.0066930517	-0.142231905	-0.0792456201	0.0023865933	-0.0818658927	-0.0413108269	0.001404152	-0.0748865816	0.0007879607000000001	0.0804089666	0.0222305481	-0.0457473693	0.027866	-0.0004200999999999961	0.0007765139560000001	1.7648400999999681e-07	0.0425912	-0.009933800000000008	9.868038244000012e-05	0.00181401031744	0.15731099999999998	0.02671899999999996	0.024746750720999997	0.0007139049609999981	-0.0010564	-5.491000000000003e-05	1.1159809600000002e-06	3.015108100000003e-09	0.0015157599999999995	0.00011509999999999949	2.2975283775999983e-06	1.3248009999999883e-08	-0.000249891	-0.00013738799999999998	6.244551188099999e-08	1.8875462543999995e-08	0.0	0.0	0.0
8627.862918285247	-7.939542008112768	74440018.53672163	63.036327298587295	10466.768278058578	-45.11518530617832	2035.379945210808	109553238.18657334	6356.3681282023645	-2.4659484934873035	40403415.78122683	6.080901972532303	6408.944576340794	10218.50620871004	1.07421	38.673138	0.08744622999999999	0.0435997	0.005376505699999999	0.0890205333	-0.0663943145	-0.1290383346	-0.026509529599999998	0.0759513535	0.0679961121	0.0655298372	0.0152787357	0.1008702005	0.015947822099999998	-0.0043281018	-0.0593982174	0.0533453404	0.0310485051	0.104765298	-0.05406092	-0.1152966415	0.0181712168	0.032924296	-0.047058788	-0.079395384	-0.044154831900000004	0.0320216773	0.0293080224	0.026088097400000003	0.0661315583	-0.1343495781	0.0208326138	0.0542368762	-0.0377786377	-0.0140709315	-0.11816023789999999	0.021029528	0.063157458	-0.0950287884	0.0573463601	-0.0894155141	0.0447708497	-0.0358959217	0.10049456359999999	-0.07981468679999999	0.0589330042	0.11643570199999999	0.1272797969	-0.0131695623	0.0190350592	-0.1052510175	0.04785954059999999	-0.0082920991	0.0193510905	0.0022853123	-0.0113966182	-0.1032339719	-0.1042554574	-0.14612200779999998	0.076744222	-0.077226501	-0.06972154009999999	-0.0531989862	-0.0081246482	0.0042090587	-0.0063213098	-0.1007578905	0.0703983763	-0.022022124700000003	-0.0210007136	-0.1043745577	0.12653943539999998	-0.0613217158	-0.0733611582	-0.043549271900000006	-0.1090662916	0.0761968532	-0.0248396904	-0.0110131668	-0.12817834390000002	0.18560958719999998	0.0662258626	-0.14398455429999998	-0.0777241894	0.0508651468	0.0381418831	0.12742250630000002	0.097167825	-0.094683115	0.0176551697	-0.1182237773	0.1097597948	-0.0053411226000000004	0.0042036958	-0.0237874909	0.0437092242	-0.0400264699	-0.10350311050000001	-0.0350675757	-0.0370665938	-0.0559687034	-0.0586103004	0.0808560081	0.0671303306	0.079923202	-0.0994214936	0.021265238399999997	0.0362357369	-0.06304604379999999	0.0666092346	-0.07374368349999999	0.0037399909	-0.0771627465	0.0676446342	-0.06695791200000001	0.026907288799999998	-0.0705371308	0.0069971795	-0.1180330698	0.121905989	0.0039238151	-0.0951774077	-0.0529188815	-0.0741442776	-0.085635819	-0.0011790169	-0.1037608631	0.0891508137	0.0814156671	0.035701478700000004	-0.018424153999999998	-0.0139120902	0.0706060221	0.0746569129	-0.08848157150000001	-0.1142917535	0.051702650499999996	0.062284344400000004	0.052511479400000005	0.0189898066	-0.0308616842	-0.046584002400000005	0.1387236426	0.0306767838	0.0580778805	0.1038385755	0.0065089284	-0.0753350878	-0.0505675541	-0.0496306688	0.1540003411	0.0044791976	0.1038308014	0.118093625	0.014844463799999999	0.0710497993	-0.0478404946	0.21440838920000002	0.0041357252	-0.0962827567	0.0722632723	-0.0422595858	-0.08367277669999999	0.09219701300000001	-0.0347911445	-0.0822819414	0.0104114749	-0.1187975659	0.0899394461	0.1349554289	-0.08636500130000001	-0.0424277178	0.1081664968	-0.0247632696	-0.0397633758	-0.0536493375	-0.0957167473	0.0408731774	0.07931834559999999	0.0188526465	-0.0503222251	0.0184416	-0.009424400000000005	0.00034009261056000003	8.881931536000005e-05	0.0550172	0.012426000000000006	0.00015440547600000017	0.0030268922958400003	0.129504	-0.027806999999999967	0.016771286016000003	0.0007732292489999983	-0.00109224	-3.583999999999988e-05	1.1929882176e-06	1.2845055999999907e-09	0.000955287	-0.0005604729999999995	9.125732523690001e-07	3.1412998372899945e-07	-9.04274e-05	0.00015946359999999998	8.177114670759999e-09	2.542863972495999e-08	0.0	0.0	0.0
8639.493917093834	11.63099880858681	74640855.14350136	135.2801332853478	10499.480955027228	32.71267696864925	1070.119234455195	110239100.32497948	6360.377247078033	4.009118875668719	40454398.72514794	16.07303415924321	6412.806685864612	10149.291733485292	1.057956	38.087952	0.06851908	0.0337265	-0.011972809199999998	0.0995632167	-0.1038611316	0.0191410947	0.056905462699999985	-0.044515877599999996	0.0487030841	-0.06886559440000001	0.0754388411	0.09421123740000001	0.0159396626	0.10205886859999999	0.0706988789	0.033112623199999996	-0.07036599860000001	0.0120884505	0.0318797786	0.0366728482	-0.0453641445	-0.0041382217	0.0007077936000000001	-0.13125379380000002	0.0057999872	0.0516583804	-0.06315280570000001	-0.0725704048	0.0747074392	-0.0564842674	0.0292519954	-0.1065104282	-0.0731784704	0.0244893157	-0.050434845	0.0112296793	0.0432187618	-0.001689085	0.07120105110000001	0.0199267675	-0.0770092813	0.0256165679	0.0456415072	-0.010894461000000001	0.025924051099999998	0.0696242579	-0.0946297091	-0.0588634603	0.0053633609	0.013847648300000001	-0.0217115093	0.0761492441	0.0279039937	0.0355924921	-0.0841951059	0.0121947319	-0.0030590884000000003	0.13651703269999999	-0.0363252851	0.0749109729	-0.12383989720000001	0.1056891918	0.0414649148	-0.07783633969999999	-0.021643695	0.009421238299999999	0.09356074140000001	-0.0356289016	-0.0599487774	-0.11228420289999999	-0.0943332597	0.0368753669	-0.12439081029999999	0.133051689	0.040427426	-0.0221714413	-0.0903427789	-0.1131208809	0.0385043604	0.0044948635	-0.033484313599999996	0.0626850529	-0.0209382968	-0.0740812313	-0.0499310416	0.015769706799999998	-0.0790399972	0.1379202033	-0.1369429015	0.1486035675	0.09835512140000001	0.005848475	0.0203212361	-0.0152019463	-0.0548672776	0.0387277871	-0.0570018175	0.0291647277	0.0160934238	-0.051458316	-0.1038742803	-0.015606669699999999	0.0172753213	0.0869438656	-0.0341545515	-0.0734112109	-0.0839441594	-0.08539132390000001	0.0289612184	-0.040866437799999995	-0.0332473219	-0.0230167565	-0.0660441021	-0.0418407646	0.0256441563	0.0055659249	-0.0171649371	0.0862844038	0.0057450599	0.0189642929	-0.086878939	-0.045253559699999994	-0.0134244749	0.08653271230000001	0.0137632328	0.0040420691	0.0759060344	-0.1245855066	-0.0463822134	0.052328815199999996	-0.046119458099999996	-0.0054218976	-0.1016721142	-0.0505811663	0.1022615483	-0.0454378393	0.1589607116	-0.003697888	0.0219466938	-0.0318077249	0.0151951339	-0.0506448003	-0.0445391366	-0.011581435400000001	0.0201497251	-0.1273716982	0.0823635061	0.116209793	-0.136750982	-0.061901553899999996	0.0643590103	-0.051982160300000003	-0.012080752299999999	0.0393092036	-0.0320072563	-0.1239634846	0.0329311346	-0.048471224800000004	-0.0650490979	0.0038527932000000003	-0.0476037747	0.0371547192	-0.1673312392	0.0434771042	0.0237027541	-0.09790770619999999	0.0835435572	-0.0663482391	0.0032930084999999998	0.0013949357000000002	-0.0182577767	-0.0392768254	-0.0459085779	-0.06676667809999999	0.0043005696999999996	-0.1315788111	0.0009632025	0.0782055759	0.015453689	-0.0547706378	0.0226899	0.0042483	0.0005148315620099999	1.804805289e-05	0.0371805	-0.017836700000000004	0.0003181478668900001	0.00138238958025	0.151643	0.022138999999999992	0.022995599449	0.0004901353209999996	-0.00100149	9.07499999999999e-05	1.0029822201e-06	8.235562499999981e-09	0.00128138	0.000326093	1.6419347044e-06	1.0633664464899997e-07	-0.000159486	-6.90586e-05	2.5435784196e-08	4.7690902339599995e-09	0.0	0.0	0.0
8659.559172292289	20.065255198454906	74987965.05843152	402.6144661791216	10493.907447892356	-5.573507134871762	31.06398178246643	110122093.52493066	6361.563773281366	1.1865262033325052	40469493.64152585	1.4078444311946496	6413.764383993272	10201.61671585357	0.993629	35.77210200000001	0.039737885	0.0194631	0.0098104175	0.12036416550000001	-0.0315370688	0.0876223131	-0.0140913699	-0.034346359300000004	-0.0545274309	-0.0569360215	-0.0155233856	0.1483588729	0.0656405136	0.0169493968	0.0092970085	0.1390439547	-0.0069646139000000004	-0.0341686863	-0.025918499900000003	-0.010674396200000002	-0.061570190199999986	-0.0334920435	0.0249255718	-0.09539414199999999	-0.09575638339999999	0.0285565262	-0.0512320028	-0.0614789925	0.08875779140000001	-0.032961772400000006	-0.0730344625	-0.0644286069	-0.0042282162	0.019858576200000002	-0.0358607544	-0.028131335499999997	0.014685628300000001	-0.09184105529999999	-0.045447346900000005	-0.0023155385	-0.0728780405	-0.0148321046	0.0573027992	-0.0298664525	0.09422832560000001	-0.0148430321	-0.07018699190000001	0.057503430099999996	-0.1350639247	-0.0089978039	0.0154673106	-0.10065488189999999	-0.0870407115	-0.0865217216	-0.0958728359	0.018335236499999998	0.0182927272	-0.0632976527	-0.1242917389	0.0430108809	-0.11826031740000001	0.0749897278	-0.061074241200000004	0.020013698899999998	0.0807989651	-0.024955369300000002	0.0358697407	-0.1341693399	0.07279879110000001	-0.0294097816	-0.0437306599	-0.0386453893	0.0056543916	0.0150566408	-0.04904742559999999	0.0565251776	-0.0116059405	0.0770930762	-0.0579730855	0.0103687682	0.0356757469	0.12240416949999999	0.0303925408	-0.07907078299999999	0.0159855359	-0.1033321943	-0.023627209	-0.0028019410999999997	-0.0533589018	-0.0056255051	0.0696605518	-0.030585383799999998	0.0037952922999999997	-0.0276250364	-0.0052225264	-0.081099658	-0.051481015899999996	0.0764927937	0.0101224647	-0.0100429246	-0.08688016960000003	0.24753030190000005	-0.1265651046	0.09865894310000001	0.0250255443	0.0504953837	-0.10068400720000001	-0.014945999199999999	0.044170169100000004	0.0043319188	0.04338529	-0.09640346960000001	0.059614826600000004	-0.012580156299999999	-0.005636138000000001	-0.0365619864	-0.07831045	0.0258212437	0.014781094299999999	-0.0526572462	0.022562122999999996	0.06789343169999999	-0.07563591809999999	0.1008218611	-0.0707617182	0.0055774395	-0.0098041034	0.0338393254	0.1689102885	-0.01145582	0.039245092599999996	0.1073977208	-0.0321824046	0.0553609845	0.008082980600000001	-0.14057547550000002	0.047240908899999996	0.07466150740000001	0.0345560747	0.0340059011	0.0216911522	0.0623711425	-0.047148652400000005	0.1049726175	0.029995337099999998	0.0090655315	0.0220911852	-0.0313188078	-0.06636016559999999	-0.0808381338	-0.0038566047	0.051262778200000005	-0.1083910884	0.0247696192	0.0418994595	0.0156816875	0.06942285349999999	0.047058554800000006	0.0542998989	0.15173272470000002	0.029249543500000006	0.0190699744	-0.1755869674	0.012816284499999999	-0.0216451904	-0.0096371215	0.047465002699999995	0.07729994009999999	0.0524506254	-0.056548539400000014	-0.0595622117	0.008230713	-0.0270709381	0.08415718289999999	0.0403146937	-0.0906208628	0.1082452459	0.0770709682	0.0120374717	-0.05908143	0.0191613	-0.0035286000000000002	0.00036715541769	1.2451017959999996e-05	0.0442746	0.007094099999999998	5.032625480999998e-05	0.0019602402051600003	0.140547	-0.011095999999999995	0.019753459209	0.00012312121599999988	-0.00100149	0.0	1.0029822201e-06	0.0	0.00103138	-0.00025	1.0637447044e-06	6.25e-08	-4.9102299999999986e-05	0.00011038370000000001	2.4110358652899997e-09	1.218456122569e-08	0.0	0.0	0.0
8665.23989793952	5.6807256472311565	75086382.4888429	32.27064387910984	10479.761514278744	-14.145933613612215	200.10743780072394	109825401.3961579	6361.533018966502	-0.030754314863770563	40469102.35140105	0.0009458278827399387	6412.697415898637	10411.526382590864	1.042048	37.515266	0.019820264999999983	0.0101549	0.062275748099999986	0.1319425799	0.0089599248	-0.042484281900000004	-0.1147577591	0.0427962962	-0.0305442696	0.0745477954	-0.051696124100000004	0.1318574607	-0.0722284496	0.054790406900000005	0.0408310418	0.0075821975	-0.0073241864	0.0675970714	-0.011271788	0.0361798631	-0.0049362364	-0.041066672400000004	-0.0583656586	0.0102870053	-0.0203779182	-0.0896054988	-0.0136674477	0.0828624248	0.0755799328	-0.0431922881	-0.1063251375	0.0600185254	-0.015193793899999999	-0.0522838914	-0.0005559706999999999	0.0625869025	0.0373893056	-0.0062369448	0.0759598516	0.0014099202	-0.0180853371	-0.0055501578	0.054190085	0.0588153816	0.16536070419999999	-0.0134477151	0.09701609550000001	-0.0121923044	-0.0676906596	0.0609330659	-0.1305150533	0.0067177976	-0.1303605879	0.0206494118	0.0600627418	-0.0332161564	-0.024188511200000002	-0.038275239100000004	-0.036978573199999996	-0.028929235299999998	0.045018518	0.1405263924	-0.0021478589	-0.0310261954	0.0031185755	0.14312104039999998	0.1255641546	0.0271646658	0.0707153395	-0.0525826071	0.0399865788	-0.0136776249	-0.0135875797	0.0199849069	-0.036199946499999996	-0.1592384722	0.0248752984	-0.031003412	0.0766895901	-0.039674117200000004	0.055470475899999996	0.0255117171	0.0215985704	-0.1705868419	0.1284701377	0.0117782848	-0.026904645499999998	0.0827095815	0.1383732472	-0.0510303325	-0.13979729130000002	0.2024430462	0.0094341715	-0.0619524218	0.0137021355	0.0463887766	0.07046885509999999	0.015117715700000001	-0.0437232479	0.0743518025	-0.08647144130000001	-0.039605416000000004	-0.0454019109	0.0856025118	-0.028010614399999998	0.1097152891	0.0186819334	-0.0280781998	-0.0112600998	-0.0349683685	-0.10387860189999999	-0.022565596299999997	-0.023636819500000003	-0.0484169315	0.04757416849999999	-0.028145806000000002	-0.0364981906	0.0499397129	0.141278134	-0.0019484511	0.0187315483	0.0124491716	-0.1574448979	-0.0703055425	0.001678913	0.1562622153	-0.044237763	0.0262217727	0.0149634347	0.0869897325	0.0088330551	-0.0014609012	0.11556034230000001	0.0500901834	0.09438064880000001	-0.0923680309	-0.0173342545	0.046352230999999994	0.002291846	-0.0535804421	0.0005587264	-0.160688509	-0.029033218399999998	0.0158899145	0.0839578795	0.0034255811	-0.0740941081	0.045764828099999995	-0.0108790943	0.030822293100000002	0.0134301788	-0.019817611000000002	-0.11241736199999999	-0.2158325235	0.0476528967	-0.055862082300000004	-0.0487370317	0.09800815539999999	0.043715020599999994	-0.065284507	0.0014900526000000002	0.1621837534	-0.0334770078	0.057444943899999996	-0.0061528926	0.1278901764	-0.1008405951	-0.1107029625	-0.0537074251	0.0186450731	0.0589207925	0.0425324993	0.020346518100000002	-0.0282403927	0.1103397656	0.0681150606	0.017927186799999998	0.0759148394	0.00860781	-0.0632437699	0.0181733	-0.0009879999999999993	0.00033026883288999996	9.761439999999985e-07	0.0371667	-0.0071078999999999995	5.0522242410000014e-05	0.0013813635888899995	0.145671	0.00512399999999999	0.021220040241	2.625537599999989e-05	-0.00100149	0.0	1.0029822201e-06	0.0	0.000936644	-9.473600000000001e-05	8.773019827359999e-07	8.974909696e-09	-8.637359999999998e-05	-3.727129999999999e-05	7.460398776959997e-09	1.3891498036899994e-09	0.0	0.0	0.0
8661.053862647217	-4.186035292303131	75013854.01167628	17.522891468407362	10509.648175242719	29.886660963975373	893.2125035756094	110452704.76738259	6365.804284633203	4.271265666700857	40523464.19025444	18.243710395537512	6417.254290842376	10427.426288426355	1.088524	39.188473	0.07571361999999998	0.0373221	0.0658502741	0.0974565183	-0.1322911346	-0.053180627800000005	0.013644909399999999	0.0079479724	0.1158569578	-0.025626381099999998	0.016596525900000002	0.0841208153	0.0002232132	0.0720598491	-0.0723841987	0.043548478099999996	0.132898785	0.0851433425	0.0829642272	-0.0681702896	-0.0901210639	0.0442114903	-0.0526246606	0.0037916155	-0.0294111633	0.048316947699999994	-0.0819282667	0.0308157412	0.1085677444	-0.0872548323	0.0754695024	-0.0133995528	-0.0242347884	0.055656046900000006	-0.055757803499999994	-0.0102583549	0.0209452732	-0.042964708	0.022056942599999997	0.08412564609999999	-0.0178584045	0.002784023	-0.0031341971999999997	0.0573315432	0.13653634539999998	-0.0088356533	0.0433326713	-0.0182981979	0.010618618500000001	-0.1380372869	0.015596466699999999	-0.09537176609999999	0.0166529351	-0.146580826	-0.0338012062	-0.045982068499999994	0.04562104	-0.0480081367	-0.0966409701	0.0416041495	0.04687423860000002	0.10197575810000001	0.0495881112	-0.0503645217	0.10553258060000001	-0.0011100094999999999	0.0417313385	0.09804360279999999	-0.0061589428	-0.0004647607	-0.0261969661	0.0079754643	0.1459185693	-0.0619128647	-0.0607168283	0.0532887108	0.061994910300000004	0.0173675637	0.1549994396	0.0916258743	0.0258727218	-0.038681787599999996	-0.031730971600000005	0.0088716744	-0.0260558091	0.052826890999999994	0.0661826558	-0.06364871799999999	-0.0876766376	0.10159276769999999	-0.09649735300000001	-0.0457732153	-0.0754812501	-0.1474456973	0.0424556542	0.0368914991	-0.0168085303	-0.0028852979999999997	-0.023294886400000003	0.0270278958	0.09849902529999999	-0.0793885849	0.11975418869999999	0.1185138303	-0.07670406639999999	-0.0657746919	0.0066962777	-0.0479951435	0.0720660046	0.014395595700000001	0.025434664500000002	-0.0169206546	0.0023291991	-0.0785785799	-0.0377491349	0.08478656429999999	-0.043699166799999994	0.0138874715	0.062385387699999996	0.0309891843	-0.022635765899999997	0.0337218144	-0.0755419662	-0.0229503932	0.12023997609999999	-0.0302323319	0.0385657729	0.0678391698	0.1296299883	-0.04913398980000002	0.0203921394	0.044924835	0.1012327323	0.0905996516	-0.0176717026	-0.1005969762	0.0664114637	-0.012519894299999999	0.1362143493	0.0258945357	0.0043688979999999995	-0.012307963	0.0214386829	-0.0224836356	0.0007984039	-0.0181883909	0.0823564347	-0.0576466261	-0.0341136253	0.0184833926	0.050873074500000004	0.006011106600000001	-0.0355298878	-0.0848321467	-0.10988318679999999	0.054228805	0.0359773404	-0.0364415671	0.025175075699999997	0.0027220339000000003	-0.0154296088	-0.06272936259999999	0.2624400058	-0.010769183500000001	0.0678738342	-0.0778536058	0.0499396643	-0.095356571	-0.08852623189999999	-0.1383795942	0.19149508829999998	0.0253003971	-0.08480354779999999	-0.084876155	-0.0340184338	0.0646364861	-0.152816009	0.0747375124	0.0051685346	-0.06724719900000001	0.0296947	0.0115214	0.0008817752080900002	0.00013274265796000005	0.0417156	0.004548900000000002	2.069249121000001e-05	0.0017401912833599998	0.122451	-0.02321999999999999	0.014994247401	0.0005391683999999995	-0.000903096	9.839400000000002e-05	8.155823852160002e-07	9.681379236000005e-09	0.00144494	0.0005082960000000001	2.0878516036000003e-06	2.583648236160001e-07	-0.00020815	-0.0001217764	4.33264225e-08	1.4829491596960002e-08	0.0	0.0	0.0
8652.571380586629	-8.482482060588154	74866991.4961468	71.95250190819986	10525.718398768471	16.070223525752226	258.2520841676403	110790747.81017312	6366.470310496043	0.6660258628398878	40531944.214427575	0.4435904499716171	6422.088778032536	10413.205177383075	1.08739	39.14764	0.033307050000000005	0.0147608	0.0509346459	0.1421597565	-0.022027228399999998	0.10413847960000001	-0.0016753887	-0.0728459585	-0.0743686575	-0.0398295123	0.0363975444	0.1190718176	-0.0234232516	0.0654625864	-0.0407901144	-0.07832478799999999	-0.0027927862	-0.0825435742	-0.0165946072	-0.0683422264	-0.0212524725	-0.0162636851	0.1293527128	-0.06267042	-0.0458727825	-0.0683851263	-0.0401760978	-0.061445512800000004	0.110201535	0.0218317098	-0.0705023186	-0.0744160918	-0.032207154700000004	0.038349467400000004	-0.0185326252	0.0417505475	-0.0020956408	-0.0025577182999999997	0.0659575105	-0.030388939	0.022484602000000003	-0.0004799274	0.038691073199999995	-0.0333552408	-0.0276024104	-0.0013510223	0.12271590339999999	0.0589960872	0.0325519612	-0.019729336200000003	0.0259166608	-0.09320004380000001	0.0420111543	0.039114021	0.0849666043	-0.0672887293	-0.1804516645	-0.0592920733	-0.073657145	-0.0043614069	0.052305202300000006	-0.0720792903	0.0042925529	-0.0880844101	-0.0689738231	0.051664392999999996	0.0087650345	-0.130362649	0.0919888471	-0.0684201983	0.0083855738	0.08696724939999999	0.0193502526	-0.047652846299999996	-0.0389530231	-0.0789448523	-0.0434073716	0.0187639745	0.0777823688	0.0082501892	0.0308718533	0.1640442088	0.0697638961	0.0319625429	0.1006669816	-0.0318260174	-0.05655257740000001	0.1248239117	-0.13353147529999998	0.0402274253	-0.0251739678	0.0706621083	0.0484891758	0.0704527174	-0.18088642579999997	0.0287733135	-0.00025413970000000004	-0.1185553192	0.037673831899999996	0.0377534718	0.0870110836	0.0240898527	0.0095398106	0.10410690869999999	0.09144590550000001	0.014009086399999999	-0.0579942066	-0.0382726664	0.0311140132	-0.0048358326	-0.0713658866	0.037156374900000004	-0.0052102581	-0.0412020436	0.0024281674	-0.0353890734	-0.0056610847	-0.0382252169	0.0317349526	-0.030527810699999998	0.0395326538	0.0195503536	0.0343553911	-0.13465884050000002	-0.09862332050000001	-0.0782002383	0.019492316699999998	0.188170311	-0.0889966382	0.0177251099	-0.0272562473	0.0678576459	0.0512610203	0.0563703812	0.0079533411	-0.028379219900000002	0.017962773799999998	-0.0973737246	-0.0006117253	0.0193423865	-0.0395757887	0.0733991143	-0.1286988143	0.0577797348	0.1066645992	0.014163613200000001	0.021710108	0.0773520662	-0.015561251000000003	0.0328262148	-0.0774791944	-0.09739802339999999	-0.0938631712	-0.042786299400000005	-0.11874184939999999	-0.0168051317	-0.0449993721	0.036522267000000004	0.16688702619999998	0.013113156499999999	-0.10198299539999996	-0.016811507399999998	-0.1032484592	0.0496157132	0.0555747858	0.0289992666	0.05865478900000001	-0.0694295449	-0.1066363325	0.050632318200000005	0.0024749134	-0.0295594434	0.1625456024	-0.0007432319999999999	0.0179898922	0.031208792000000006	0.0211397379	0.0735393158	0.0017234865	-0.0710816581	0.0234321	-0.0062626	0.00054906331041	3.922015876e-05	0.0371724	-0.004543199999999997	2.0640666239999976e-05	0.00138178732176	0.132832	0.010381	0.017644340224	0.00010776516100000003	-0.00100149	-9.839400000000002e-05	1.0029822201e-06	9.681379236000005e-09	0.00136963	-7.531000000000009e-05	1.8758863369e-06	5.671596100000014e-09	-0.000139449	6.8701e-05	1.9446023601e-08	4.719827401000002e-09	0.0	0.0	0.0
8643.331408058652	-9.239972527977445	74707177.82953314	85.37709231777784	10452.869223932445	-72.84917483602658	5307.002274289968	109262475.01263408	6356.7568654739425	-9.713445022100133	40408357.8467501	94.3510141973618	6410.323516934942	10353.34484318262	1.068747	38.476467	0.0194257	0.009605	0.0338009546	0.1223176331	0.034059198799999996	-0.0483801161	-0.0962534615	0.062294505800000004	-0.025913618700000002	0.0667656547	-0.0069989326000000004	0.098122445	0.056938475999999995	-0.0316648565	-0.0248550458	0.0156029069	-0.0125099778	0.1316606879	0.0462887163	-0.0290952849	-0.0276061102	-0.0143874406	0.055349746	-0.0166173262	0.038722472200000004	-0.0832973321	-0.0270986437	-0.0224771894	0.0930655056	-0.072383575	-0.0960563585	0.0805574893	-0.0136308156	-0.0134390239	0.0031210477000000003	-0.029394471000000002	0.0305929695	-0.0003988344	0.0600915791	-0.0251585029	-0.058448392	-0.0323666001	-0.0317041562	-0.0238054221	0.0727296133	0.0696921321	0.051316683200000004	-0.023775510099999998	0.1224767812	0.0297608334	-0.0779954554	0.0116120463	-0.0425931781	-0.037052690299999996	-0.057480797300000004	0.1422608464	-0.06964535	0.09988935	-0.0233498793	-0.0868232657	0.0930708816	0.0554292625	0.0730249963	0.0397396873	-0.0974945321	-0.013214756999999999	0.023017910899999997	0.0173961417	0.0262695142	-0.0566914778	-0.0052570537	-0.043281250199999996	0.1103010669	0.0989941327	-0.1067899851	0.0792168698	0.010105798499999999	-0.0009407261	0.08823091289999999	-0.0290304965	-0.002174825	0.0117107627	0.0075287025	-0.0340931326	0.0022588896	-0.0941341039	0.09759305859999999	-0.0131158711	-0.0121434773	0.10692893210000001	-0.0059541065	-0.0422501317	-0.0389090136	0.0183285629	-0.0787922169	0.0814404758	0.05286455650000002	-0.1053165227	0.1221751666	0.0486566594	0.16275114640000002	0.09924686140000001	-0.13263452	0.0994698203	-0.0299204065	0.1201533893	0.0360218921	-0.024050389	0.026620567400000003	-0.0031062140999999995	0.022434885699999997	-0.0340385508	-0.0344274246	-0.0046382505	0.0740512076	0.0145276669	-0.0543460673	-0.0210809971	0.08921984529999999	0.0605757146	0.0136818193	-0.0308864618	0.0119693955	-0.09376423800000001	0.0893911225	0.0086957164	-0.041034019	-0.10920144609999999	0.058386144699999996	0.0902937498	-0.1310341099	-0.049396679900000004	-0.0161131202	0.0791868313	0.09718353910000001	0.0465726273	-0.0001615842	-0.0954035173	-0.0345036542	0.0495968746	-0.0147023188	0.0712438572	0.100298736	0.0725994847	0.1043375375	-0.0923281716	0.0767782026	-0.07726410780000001	-0.024104991	-0.09313322800000001	-0.072133928	0.0583401029	-0.0346834731	-0.06907203	-0.0759834443	0.0047585061	-0.0663123871	-0.035616678	0.0592518971	0.0014633457999999998	-0.0196665128	0.0424172182	0.0372496182	0.031530720899999996	0.0344163687	-0.0047084874	0.0211966737	0.0835534209	-0.016047051399999998	0.034016202200000005	0.0474181821	-0.0280060962	0.02786712	0.09950279769999999	0.10470741439999999	-0.0663602702	0.0817523217	0.07232058429999999	-0.0017234865	-0.0747375124	0.028161400000000007	0.004729300000000002	0.0007930644499600001	2.236627849000002e-05	0.043826	0.0066535999999999965	4.4270392959999936e-05	0.001920718276	0.135625	0.00279299999999999	0.018394140625	7.800848999999941e-06	-0.00100149	0.0	1.0029822201e-06	0.0	0.00144884	7.921000000000013e-05	2.0991373456e-06	6.274224100000021e-09	-0.000165235	-2.578600000000003e-05	2.7302605225000005e-08	6.649177960000014e-10	0.0	0.0	0.0
8642.177318966109	-1.1540890925425629	74687228.81245224	1.3319216335257162	10461.270986685066	8.401762752620925	70.58961735132834	109438190.65685873	6354.7006457641955	-2.0562197097469834	40382220.29727589	4.228039494751969	6406.635225402951	10326.737341905822	1.050827	37.831291	0.031320850000000004	0.015613	0.0299788826	0.1038545621	-0.0883401735	-0.0716226259	0.0381715486	0.0325971952	0.0941924235	0.016034101000000002	0.058704390499999995	0.0957354203	0.005856838299999999	0.1189086352	-0.0773051743	-0.0198269756	-0.0162393633	-0.1305545972	0.019095983	-0.0913639028	-0.0999637121	0.0172099021	-0.042014893399999996	-0.11839338210000001	6.1862999999999995e-06	-0.0888921574	0.0119446695	-0.0164336349	0.0867165374	-0.0961181302	0.0488869657	0.01228363	-0.0538201404	0.07880937959999999	-0.1151433822	0.0248217801	-0.015647194	-0.0078461801	0.047223181399999994	-0.038031180899999996	-0.0461082496	0.011111301499999999	-0.11264739	0.0034347601000000003	0.0611914532	0.0460584645	-0.0416524921	0.1197930642	0.041725283700000004	0.0502801799	0.012955802800000001	-0.0557476638	-0.062386423899999995	-0.0282430846	0.022183589	-0.008711368	-0.044732649400000005	-0.0107372775	0.025698147799999998	0.1212710886	-0.0097208887	0.1237166559	-0.0222021981	0.09376948939999999	-0.0835493679	-0.0551654876	-0.048628455300000005	0.0532704772	-0.0645807979	0.1164312546	-0.12167694789999994	0.023653883900000002	-0.046463064400000004	0.0408451509	0.0030564919	0.1432898345	0.0349298845	0.0266085594	0.0726135153	-0.07467626299999999	0.0547945596	-0.055216296399999996	0.0066311739000000005	-0.064515348	-0.0455355657	0.0896593359	0.0658477218	0.085731606	0.0568245655	-0.1059497059	-0.033210269	0.08917289490000001	-0.0446443546	-0.0093444437	0.040630174500000005	-0.0380702255	0.0951805602	0.0175199739	-0.0154095274	0.1057496383	0.0039404401	-0.0594318704	0.0378195074	0.0929888916	-0.0705778962	-0.0543199475	0.0326047531	-0.09801739640000001	0.0984076249	-0.0514933409	-0.030684663100000002	0.0392559262	-0.0061900801	-0.0617682525	0.023025310499999996	-0.0130637398	-0.0113967841	0.0388779298	0.0751362361	0.0316729154	0.1160556257	0.0348494609	0.0837693496	0.0296331861	-0.0052735019	-0.071536528	-0.0009404496000000001	0.0130104348	0.0314919276	-0.0512199146	0.044379521100000006	0.044407835599999994	-0.0150189525	-0.0243844805	0.08745851119999999	-0.2013269361	0.0237101417	-0.0370637297	-0.10964369480000001	0.0889877291	0.0647391984	0.0229222843	0.0757317458	-0.10097404880000001	-0.033979369100000004	-0.12144565730000001	-0.01111272	-0.0556846878	-0.0624765782	-0.0214045017	-0.0097815143	0.051361725999999996	-0.012811220600000001	-0.0006594693	0.0286624485	0.0565342321	-0.0256938909	-0.05831697900000001	-0.0525436947	-0.045814202400000004	0.056256261200000005	0.0065200299	0.0434784649	0.0086833627	-0.0416113265	0.0050104919	-0.0465264003	-0.0960145885	0.003056118	0.09296872869999999	-0.042272932400000005	-0.0044796871	-0.0584301099	-0.0592740007	0.0055437222	0.0672244707	-0.08671231310000001	0.0710816581	-0.0051685346	-0.0782055759	0.0243193	-0.0038421000000000045	0.0005914283524899999	1.4761732410000034e-05	0.037210900000000005	-0.006615099999999992	4.375954800999989e-05	0.0013846510788100006	0.147912	0.012286999999999992	0.021877959744	0.0001509703689999998	-0.0009003489999999998	0.00010114100000000012	8.106283218009998e-07	1.0229501881000023e-08	0.00138906	-5.9780000000000156e-05	1.9294876836e-06	3.5736484000000193e-09	-0.000175847	-1.0611999999999986e-05	3.0922167409e-08	1.1261454399999969e-10	0.0	0.0	0.0
8645.616794775131	3.439475809022042	74746689.7620978	11.82999384084783	10490.721187030822	29.450200345756453	867.3143004051938	110055231.02401738	6355.636713794527	0.9360680303316258	40394118.0377329	0.8762233574089294	6408.660151493918	10260.388715492569	1.065165	38.347496	0.06884254999999999	0.034744	0.0239058531	0.1010796408	-0.0342970622	0.0768821967	0.0452465775	-0.0438044484	-0.0178057631	-0.044686265700000005	0.0272694455	0.0845796055	0.1374146168	-0.027061399	-0.021385273700000002	0.0414262885	0.0052391655	0.0420763464	-0.027762909300000003	-0.0492087797	0.0013596698999999999	-0.0223488492	0.0210308898	0.0344909852	-0.0037907323	-0.0815956374	0.026783852400000002	0.005711663299999999	0.0946398661	-0.029323720600000002	-0.0145683038	-0.11103195449999999	-0.0122109637	0.0266631313	-0.0027781653999999997	-0.116369634	0.0675916934	0.010066571	-0.0065417771	-0.0461976949	-0.0005129029	0.0669972239	-0.0293424471	0.0517762305	-0.030477782400000007	-0.1236694642	-0.001430773	0.0402408804	-0.0532640812	-0.0283944807	-0.018523841699999998	0.0132111107	-0.0716826837	-0.0270552692	0.0511469879	0.024014860899999997	-0.1371210259	0.0181601229	-0.03851086	0.057237562699999994	0.0994539596	-0.0584303299	-0.10634346880000001	0.0694111506	-0.028559438700000002	-0.1114500563	0.07353441919999999	-0.0460262085	0.12035742279999999	0.1004894002	0.11304045189999999	0.0615582996	-0.0824612086	0.045853918099999995	-0.0823127974	-0.09896176640000001	-0.0570341909	-0.0824113086	0.0065831552	0.0061681086	0.0011112328	-0.0580800065	0.0596383865	0.0834137165	0.1714555926	-0.11386177900000001	-0.0780392428	0.1251924995	-0.00218028	0.0118780154	0.0104503107	0.059405937199999995	-0.17187360670000001	-0.1090243836	0.06872265940000001	0.0315552412	-0.1663661876	0.1658400008	-0.009717810300000001	-0.0052758781999999995	0.0702821471	-0.12259365480000001	-0.0313459175	0.1029190007	0.0220864952	-0.0079956775	-0.1071703367	-0.0132031808	0.0470676768	0.012514301799999999	0.105530876	-0.067046008	-0.0362946548	0.0289557417	0.0094236412	-0.0451948599	0.0415753386	0.0043461055	-0.046074282	0.0414731646	0.0479132133	0.0503612834	-0.0417699392	-0.0117407004	-0.0043869094	0.016320616399999998	-0.07630371679999999	0.0759916112	-0.0621633907	0.0131522073	-0.018261128999999997	0.06092784320000001	0.045516903899999996	0.0823653122	0.10134358869999999	-0.0404650245	-0.13889665	-0.051334901399999994	-0.0529964158	-0.0045160544	0.2119826852	0.1088816983	-0.0222269108	0.0725633728	-0.0050626902	0.1101972965	-0.1573067914	0.0042939644	-0.062539835	0.0699240665	-0.0310156815	-0.1343141095	-0.0183521502	-0.06254075469999999	-0.0515575422	-0.1195043048	0.0423211657	-0.017376370800000002	-0.0279100829	0.027916391000000002	0.035285564	-0.0218115223	-0.1705268954	0.1596754735	0.045529771399999995	0.05986249480000001	-0.0859161859	0.06633669219999999	-0.019748608100000002	-0.1668577202	0.1053610667	0.0951893657	-0.0231972912	-0.0013076138	-0.0251504948	0.061879588	-0.0356573262	0.0698228833	-0.00860781	-0.0814771345	0.017075199999999995	-0.007244100000000003	0.00029156245503999986	5.2476984810000046e-05	0.0476517	0.010440799999999991	0.00010901030463999986	0.00227068451289	0.130563	-0.017348999999999976	0.017046696969000002	0.0003009878009999992	-0.0008255829999999999	7.476600000000009e-05	6.815872898889996e-07	5.589954756000014e-09	0.00086239	-0.0005266699999999999	7.437165121e-07	2.773812888999999e-07	-0.00010111000000000004	7.473699999999996e-05	1.0223232100000008e-08	5.5856191689999935e-09	0.0	0.0	0.0
8649.282491554095	3.665696778964048	74810087.61870421	13.437332875307396	10454.88514445062	-35.83604258020205	1284.2219478100544	109304623.38365428	6362.147566947415	6.510853152887647	40476921.66361491	42.39120877846703	6412.603416280009	10312.419784311252	1.085053	39.063511	0.05835665000000001	0.0282969	0.037727139	0.1084327342	0.060469724100000004	-0.0384493625	-0.05370989650000002	0.04585216	-0.0756861231	0.0599227983	-0.0022877742000000003	0.080218779	0.0599537655	0.0643166986	0.06536890940000001	-0.0994968448	0.0173540149	-0.0559621487	0.0532689324	0.0597871096	-0.02613274	0.0210801594	-0.0708412439	0.0058213785	0.08057974799999999	-0.12497295359999999	-0.0689583758	0.0011063479	0.10871029230000001	-0.0730839828	-0.1157068998	0.0671552576	-0.0095495243	0.016511092800000002	0.035253219700000005	-0.0205329605	0.056748983899999994	0.07047945280000001	0.1056455118	0.0425501291	-0.054993942000000004	0.0795372734	0.0158766867	-0.0030074314	0.034720169700000005	-0.0688046952	0.0273137355	-0.016024469	-0.013430595900000002	-0.0289560662	-0.0514221096	-0.0376728168	0.046097524400000006	0.049895683200000006	0.0507168511	0.0347824411	-0.079569788	-0.0242023946	-0.021135433399999997	-0.0698114351	-0.0131289083	-0.0523922287	0.041514844599999996	-0.0818725946	0.027859919	-0.1052810025	0.0018926624	0.0343360405	-0.0324141804	0.0027394496000000003	-0.051675426100000005	0.0298366966	0.1297294272	0.08405430650000001	0.12362291339999999	0.0358366419	0.0021270439	0.010610578600000002	-0.0390193006	-0.0123259201	-0.06733702379999999	0.0044751578999999994	-0.0776198148	-0.011150385300000001	-0.005733459200000001	0.077018547	0.0470204912	-0.0886304136	-0.0871739831	0.1389915282	-0.0053970166	-0.15217015609999998	0.0487732528	-0.07343202019999999	0.0002996301	0.1129835968	0.1347187702	0.12297021109999999	-0.021867570899999998	-0.0012616222999999999	-0.0428917593	-0.09550707779999999	0.0611281371	0.10590743359999999	-0.0238892263	0.1288195049	0.0160238325	-0.0399180761	0.034977398300000004	0.045435799299999996	-0.052112010099999995	0.0054141271	-0.12119559369999999	0.003995252800000001	0.0119496	-0.034911452200000005	-0.0451237713	0.06444464650000001	-0.0233167107	-0.032693271600000004	0.0250475323	0.0218781188	-0.0702637195	-0.0361311913	-0.0049320834000000004	-0.011612096899999999	-0.0441397566	0.0836141628	-0.062261828	0.0234946216	-0.11942535119999999	-0.0871779358	0.039983679700000004	0.0249918775	-0.0341179735	0.0676278272	0.057828547599999995	-0.0274369769	0.07582588230000001	-0.0111331842	0.0082843157	0.1199154467	0.014412824	-0.085053302	0.017611441999999998	0.0065871082	0.1491097187	0.0229549103	0.0083223597	-0.0020755798	0.06521692400000001	-0.0348101554	-0.0265523145	0.047933751600000005	0.0274223779	0.034305744	0.018511903899999998	-0.038990789500000005	-0.026079258199999997	-0.056248083	-0.054610631900000005	0.0024558118	0.045457247	0.0031030858	-0.15857685189999998	-0.0219149519	0.17312541010000002	0.053570649000000005	0.052535791299999995	-0.0019221983999999999	0.0532517566	-0.0511438587	-0.156461253	0.0016251016	0.13554913470000002	0.0382478977	-0.0214007507	0.0685446113	-0.0120374717	-0.08454396789999999	0.0273656	0.010290400000000005	0.0007488760633600001	0.0001058923321600001	0.033945	-0.013706700000000002	0.00018787362489000006	0.0011522630249999994	0.12751700000000002	-0.003045999999999993	0.016260585289000002	9.278115999999957e-06	-0.0007514899999999997	7.409300000000012e-05	5.647372200999996e-07	5.489772649000017e-09	0.00128138	0.00041899	1.6419347044e-06	1.7555262009999995e-07	-0.000234298	-0.00013318799999999996	5.4895552803999994e-08	1.773904334399999e-08	0.0	0.0	0.0
8658.364862903907	9.082371349812092	74967282.099169	82.48946933588753	10489.384910249742	34.499765799122535	1190.2338401943057	110027195.795375	6360.5601139218115	-1.5874530256032813	40456724.96281305	2.5200071084970115	6411.728482217386	10325.297782783708	1.070386	38.535465	0.019056599999999976	0.015777699999999995	0.0488036718	0.0657717156	-0.0785059503	-0.08390411960000001	0.0365544502	0.017296996499999998	0.1174088073	0.015298916999999999	0.0009407196000000001	0.09624080039999999	0.0680973924	0.0271149639	-0.0916115388	0.1145589784	-0.023996850400000002	-0.0038822509999999998	0.07391487969999999	-0.005954249799999999	0.0674446501	0.0187578494	-0.034746123	-0.0096603402	0.0796178747	-0.10632917619999999	0.0207903371	0.0430845455	0.1080326495	-0.07603862559999999	0.0827888969	0.0684752354	-0.0185059154	0.0770676841	-0.0375720887	-0.038179977000000004	0.023508457400000002	0.0399982028	-0.035836602099999997	0.0080617406	0.0580437797	0.032611302599999996	-0.08839192609999999	-0.10568993210000001	0.034821411499999996	-0.0110173444	0.015388511899999999	-0.14158118890000002	-0.0493281204	0.0163084346	0.025967022599999997	0.018129260600000002	0.0038865444	-0.0763961284	0.0264724205	0.0867030455	-0.0250291085	-0.0490975656	0.0686015718	0.0775413131	-0.052395395899999996	-0.0492126608	0.0351343249	-0.1626872009	0.0121939392	-0.0296074954	-0.1466625711	0.0824224499	-0.044731520700000006	0.0983134581	0.055732652699999996	-0.042441070899999996	-0.0798402763	0.0210405681	0.026580196299999997	-0.0846584618	-0.0093244064	0.1115129317	0.09909508730000001	-0.0421740603	0.0105499815	0.022450658999999998	0.0184267659	0.010404145200000001	-0.043173915199999996	-0.1839872373	0.11685848730000001	-0.011689306699999999	0.0729573806	-0.1846975802	-0.0255329857	0.0685652137	0.0269963439	0.0584822285	-0.08027007559999999	0.018320256	-0.0160256882	0.1063611503	-0.057626177	0.0150808208	0.0766102322	0.0412083908	0.06522982	0.1172790369	-0.09241145	-0.0519570861	0.0644806179	-0.0313252832	0.0719815051	0.046556739400000005	0.054367943200000005	-0.013867109099999999	0.0014945749	-0.0207324664	-0.0813560879	-0.033914565699999996	0.031390672	-0.0674605922	-0.0192786276	0.10689873400000001	0.0407798753	-0.0326900647	-0.0792073909	0.0249036186	0.0139721142	0.0286960561	-0.042954432199999996	-0.0190836018	0.008625042900000001	-0.0981003614	-0.0956253673	0.0256155804	-0.0427226358	-0.0774156316	-0.0445232053	-0.07633867429999999	0.0783221138	0.0079984054	-0.0068060902	-0.09130425699999999	0.0073818663	0.0770606814	0.06760000769999999	-0.08685379130000001	-0.1173122538	0.033190947400000004	-0.0367947976	0.1099726624	0.06586943370000001	-0.1027440451	-0.08644249949999999	0.0406471054	0.0764152654	-0.0046947714000000005	-0.0237946547	0.11159228119999999	-0.1463972923	0.1213385352	0.0647066164	-0.09379365960000001	0.0534239887	-0.05876237700000001	0.0718253757	0.1181510793	0.1182386864	0.0481917332	-0.0636919557	0.0015495671	0.0957465609	-0.0092846922	0.0388211783	-0.055001125899999996	0.0959148916	0.0516131839	0.065284205	0.06857332669999999	0.057273881	0.06724719900000001	-0.015453689	-0.0873983701	0.027279	-8.659999999999918e-05	0.0007441438410000001	7.499559999999857e-09	0.049505900000000005	0.01556090000000001	0.0002421416088100003	0.002450834134810001	0.126032	-0.001485000000000014	0.015884065024000003	2.2052250000000416e-06	-0.0007514899999999997	0.0	5.647372200999996e-07	0.0	0.00128138	0.0	1.6419347044e-06	0.0	-0.00027278	-3.8481999999999975e-05	7.440892839999999e-08	1.480864323999998e-09	0.0	0.0	0.0
8664.761200092054	6.3963371881473	75078086.65462069	40.9131294244761	10530.491995759028	41.10708550928575	1689.7924790677307	110891261.67274496	6364.374708501796	3.8145945799842593	40505265.43021732	14.551131809645288	6418.611685707334	10418.530133856006	1.046474	37.674587	0.05107934999999999	0.0245957	0.0639530282	0.09695997070000001	-0.051105242599999996	0.0856544559	0.047376156100000004	-0.07970863360000001	-0.0238278998	-0.0703547917	-0.0100733048	0.090892888	0.0409566528	0.0862322209	0.0014555952	-0.0518905233	0.0780218094	-0.08713726449999999	0.0012924088000000002	-0.023317358	0.132208779	0.011075298600000002	0.0019592903	-0.016328818300000002	-0.026588390899999998	-0.0865355067	-0.0020923317	-0.026568325	0.119189425	0.0169763182	-0.0437108399	-0.0828679547	-0.0344312768	0.08418093460000001	-0.0102748786	0.0016466179	-0.0149658307	0.009866832399999999	0.0586275116	0.0375261662	-0.0257598952	-0.0423991712	-0.1000877399	-0.08798858970000001	0.0092106885	0.0493831516	-0.0100854285	0.0232338185	0.033015304100000004	0.0785753745	0.0750343603	-0.05722095570000001	-0.11795362890000001	0.1437477183	-0.0458482618	-0.10691867769999999	0.0774554968	-0.131085441	-0.04284407	0.0458007716	-0.0395753753	-0.0176664965	-0.0019793692	0.08913812189999999	-0.0813046795	-0.065559009	-0.0301168602	-0.0176322958	0.0081146175	-0.0675555664	-0.0287623688	-0.0446326701	-0.0760399162	-0.1601863993	0.0965783989	0.0577793646	0.0657628074	0.0832141089	0.10173081140000001	-0.0947237076	-0.0579894608	-0.068590775	-0.0228023607	0.09810502380000001	-0.004359687199999999	0.0557807854	0.1871479332	-0.0901677541	-0.0576324185	0.0432976	0.055775530499999997	0.0258254373	0.0218965295	-0.1358156081	0.0920817991	-0.07048655150000001	-0.1025971651	-0.0414082535	0.0570490873	0.0105279901	-0.0572382195	-0.0971183085	-0.045705174	0.1168768749	0.0638987753	-0.029300181800000002	-0.07117787589999999	-0.044072504699999994	0.0600730691	0.0421031663	-0.034402715699999996	0.032013417999999995	-0.059834312599999995	-0.020901803899999998	0.0277957823	-0.0367564217	-0.06395902269999999	-0.09228082380000001	0.0031229117999999998	0.0492815135	0.1068056962	0.009432231899999999	0.11557040960000001	0.04835778599999999	-0.1618157503	-0.047927131500000004	0.0800630235	0.0036418796999999996	0.042934836799999994	0.0876866216	0.1076213005	-0.0192403694	-0.0073661163	-0.0294733385	-0.1181402969	-0.10345651550000001	-0.0194825973	-0.0064031967000000006	-0.08752553519999999	0.061711827000000004	-0.036926102200000005	-0.0144205346	0.08838225109999999	0.021040346499999998	0.0487972687	0.0285884067	0.0066319028000000006	0.040084202299999996	0.001749035	-0.0040240433	-0.07096396440000001	-0.0358779426	-0.053666092900000004	0.1112741351	-0.0893803497	0.1550226958	0.11067161630000001	0.0349200011	-0.2083458746	-0.053811477999999996	0.0331542123	0.043012605499999995	0.06331472769999999	-0.0575253906	-0.038226849199999996	-0.1327592641	-0.0944717265	0.0115182557	0.0580485559	-0.1607784426	-0.033648567000000004	0.015972488400000002	-0.0635022904	0.07037737990000001	0.025327260499999997	-0.0033857939	-0.1124872655	0.0659310088	-0.0188526465	-0.09003316900000001	0.018054	-0.009225	0.000325946916	8.5100625e-05	0.0372172	-0.012288700000000008	0.00015101214769000016	0.00138511997584	0.128326	0.0022939999999999905	0.016467562276000002	5.262435999999957e-06	-0.0008077789999999999	-5.628900000000017e-05	6.525069128409998e-07	3.168451521000019e-09	0.000937485	-0.000343895	8.788781252249998e-07	1.18263771025e-07	-0.00012753100000000004	0.00014524899999999996	1.6264155961000012e-08	2.1097272000999983e-08	0.0	0.0	0.0
8649.493135787208	-15.26806430484612	74813731.50603004	233.11378761691623	10486.937333744036	-43.55466201499257	1897.0085832402372	109975854.64187446	6359.360344624383	-5.0143638774125066	40441463.99278116	25.14384509509939	6410.046190462507	10528.571054913396	1.133912	40.822502	0.03893239999999999	0.0235594	0.10023571710000001	0.0641944445	0.1053713651	-0.0046613837	-0.0477552882	0.0157112277	-0.0570676873	0.0488572492	-0.0925702005	0.0716566367	0.0591769865	-0.047333693899999994	-0.0944393737	0.0603436253	0.049490592199999996	0.09676387880000001	0.022803216499999997	0.1410637451	0.036865887400000005	0.0968024898	-0.058159949	0.0401675093	0.0417521103	-0.0648630843	-0.0427618369	-0.12901014859999999	0.1057568134	-0.0590829745	-0.0879034495	0.0677810341	0.0920235233	0.0370859879	-0.0070017959	-0.1158723026	0.0185505534	-0.0002695257	-0.07573742900000001	0.11098978529999999	0.0504566042	0.060546740700000004	-0.0023825099	0.1278156062	-0.048369294800000004	-0.0012399918	0.085300658	0.0290331286	0.0232564564	0.029728252599999998	0.0785295577	-0.0845656368	-0.0058039439000000005	-0.0211669066	-0.0082958822	-0.135969871	0.0924399452	0.0895162044	-0.0004414661	-0.053154744000000004	0.2038249403	-0.060934545199999995	0.0536375308	0.053534842400000004	0.0533324341	0.0409846845	0.0587139703	-0.002588639	-0.0852471604	-0.036035496800000004	-0.0582795322	-0.1437921233	-0.0604923584	-0.0377300204	-0.0404186355	-0.1428984578	-0.0046744314	0.01518685	0.049525802800000004	0.1466640343	0.073856828	-0.1058912159	-0.0895248278	0.0872384107	-0.0180337674	-0.0447590007	0.0499426463	0.0471379575	-0.0123663791	-0.0907103957	-0.015620063500000001	0.0835493628	0.010422060300000001	0.1367454038	-0.011886501399999999	0.0627112826	0.08891937009999999	-0.025597486699999998	-0.0558646832	-0.12680330439999998	-0.080224931	0.12480015009999999	0.0031666306	0.10754727859999999	-0.012744276	0.1107705217	0.025089716499999998	0.058566712	0.08826155039999999	0.0365994958	0.12232358300000001	-0.0087145051	0.0044115943	-0.012484833400000001	-0.0975831464	0.0787409755	0.007087261899999998	0.0445789865	-0.0013597163	0.0357850606	-0.0031352141	0.0025171275	0.0139385847	-0.1049152583	-0.07143114469999999	0.0176602478	-0.0444949642	-0.0211669173	0.0602255638	0.0099176909	0.207457652	-0.0130181001	0.0445862576	0.1111366009	-0.056237209100000005	0.11541710289999994	-0.0592170273	-0.1095270384	0.0826215515	-0.0623794409	0.0860740757	-0.1540392876	-0.0083225408	-0.0226603838	-0.0219822704	-0.10244740210000004	-0.1071879932	0.0180388685	0.0067534151	0.010630048400000001	-0.0031176962	0.0265671519	0.17089623329999998	-0.0378800121	0.0267648988	0.061305067699999986	0.09147252310000001	0.0513586589	-0.0163318339	0.05188791809999999	-0.1070329282	-0.053132383600000006	0.0378103779	0.0607755746	0.1704974602	0.06507698940000001	-0.0077031954000000005	0.0238172932	-0.053490429000000006	0.1133409049	-0.0590012662	0.024494105800000002	0.0056058439	0.0275097444	0.1007078441	-0.0540679737	0.16842525190000002	0.0645964082	-0.0222305481	-0.0924417442	0.017092699999999995	-0.0009613000000000053	0.0002921603932899998	9.240976900000099e-07	0.0372643	4.7100000000001314e-05	2.2184100000001232e-09	0.00138862805449	0.108005	-0.02032100000000001	0.011665080024999998	0.00041294304100000025	-0.000623171	0.00018460799999999995	3.88342095241e-07	3.4080113663999984e-08	0.00079496	-0.0001425249999999999	6.319614016e-07	2.0313375624999968e-08	-0.00015245799999999998	-2.4926999999999946e-05	2.3243441763999995e-08	6.213553289999974e-10	0.0	0.0	0.0
8640.852921135376	-8.640214651832139	74664339.20469376	74.65330922973476	10481.256173956735	-5.681159787300202	32.275576528836886	109856730.98410618	6357.971310065766	-1.3890345586169133	40423799.17961939	1.9294170050320831	6409.291074463739	10372.221892942924	1.09271	39.339169	0.0401945	0.0196186	0.062702492	0.022249602400000002	-0.0212646841	-0.09836255869999999	0.0307305083	0.0315129808	0.079580177	0.0558158741	-0.029092248900000006	0.0504676659	0.0315747568	0.023044590099999998	-0.0212878805	-0.0232090288	0.0584375684	-0.16618191640000002	0.0090932545	-0.0394865115	0.15078338	0.09639825029999999	-0.047252750700000005	-0.0470849859	0.048570740099999996	0.0939818166	-0.0229421686	-0.0098736724	0.0952194222	-0.08379988990000001	0.0410374346	0.038375461	0.008785328	0.0874048343	0.0049000599	0.0018308002	0.051515525300000004	-0.0436982536	-0.0099880063	-0.036299917599999995	0.016201161000000002	0.007127034399999998	0.0829352382	-0.0163933169	0.012597987199999999	-0.0377780245	0.030062775099999998	0.0569938826	-0.03962886	0.031665653599999996	0.0316979422	0.029239819500000007	-0.0219019032	0.12411317960000001	0.1261411448	0.14146051380000002	0.0199659063	-0.0104664186	-0.1280986847	-0.050658298600000005	-0.0612874787	-0.052169582400000004	-0.0954519714	-0.1294357183	0.0665502881	0.07526818519999999	0.0783032479	0.0448251603	0.0885683794	0.1172523493	-0.12767152140000002	-0.0450761564	0.11618788460000001	0.06530833230000001	-0.0991053378	0.0736381052	-0.0667124637	0.00780714	-0.0026199769	-0.0317825052	-0.13459553230000001	-0.061297736299999996	0.08935652039999999	0.1910831386	-0.1252897574	-0.14287881759999999	-0.07192628429999999	0.0084444908	-0.0327095792	-0.0346506041	0.1458762519	0.0763460238	-0.0442028375	-0.0694181125	-0.0249015564	0.0760279048	-0.015387880100000001	-0.00018898220000000001	0.0491113903	0.0008105989	-0.0665198214	-0.1566092873	-0.006888711600000001	0.09453002029999999	-0.0684687047	-0.0124735044	0.061113420599999996	-0.0057876894	0.0903842124	0.0466409217	-0.0068679045	-0.0193329394	1.66767e-05	0.014599104299999999	-0.012816631399999999	-0.0180824894	0.0472828088	-0.0209362529	-0.0032620658	-0.0895022756	-0.05896955900000001	0.057306013899999994	-0.045595236100000006	0.0191486965	-0.0850267585	-0.0603368866	-0.088452886	0.0560945171	-0.09774675619999999	-0.0247526865	-0.0284436421	-0.1172592062	-0.08758799769999999	0.0050806754	0.007140000600000002	-0.0597108353	0.0265815868	0.13155689439999999	0.1550745341	-0.08617295119999999	0.0553292075	-0.051060556900000005	-0.1007801112	-0.0310339919	-0.014744491799999999	0.1191688075	0.10789304970000001	-0.1452885549	0.0396072556	-0.053873558200000005	-0.09402658929999999	0.0382613719	0.054343937599999996	-0.0706221885	-0.1468030321	-7.30662e-05	-0.0038254098	-0.12462459109999999	-0.0768461313	0.09124682449999999	0.14225820890000002	-0.0645962821	-0.121919642	0.0378641537	-0.053140625	-0.11038973460000001	-0.1351676624	-0.0094231955	0.038139930499999995	0.0546172318	0.06624257019999999	-0.0169346485	0.0424289357	0.0063393185	0.0817339887	0.057740712199999995	-0.1049910068	0.0632437699	-0.0255836209	-0.09461804380000001	0.020568	0.003475300000000004	0.000423042624	1.2077710090000031e-05	0.0315505	-0.005713799999999998	3.264751043999997e-05	0.0009954340502500002	0.116981	0.008975999999999998	0.013684554360999995	8.056857599999998e-05	-0.0006500869999999999	-2.6915999999999984e-05	4.2261310756899993e-07	7.244710559999991e-10	0.00108712	0.00029216	1.1818298944e-06	8.535746559999998e-08	-0.00027397	-0.00012151200000000005	7.50595609e-08	1.4765166144000008e-08	0.0	0.0	0.0
8645.19040647932	4.3374853439436265	74739317.16428207	18.81377910892576	10532.32146913272	51.06529517598393	2607.6643714103666	110929795.529154	6357.8539937018395	-0.11731636392687506	40422307.40523043	0.01376312924502299	6411.627061537407	10346.842782961638	1.021387	36.77142	0.031225950000000006	0.0160589	0.04692985400000002	0.0211458652	-0.0536940467	0.0450326307	0.0851652354	-0.0801279357	0.0562228009	-0.0899150891	-0.0225801344	0.0224467712	0.08773729710000001	0.0306447891	-0.0422176671	0.0772317372	0.0329334383	0.165040519	0.0481240407	0.09966394960000001	0.1106940177	0.0906442226	-0.0181001666	-0.0621873337	0.16378264509999998	0.0441881666	-0.0116831428	0.07637526139999999	0.10785076789999999	0.005651079399999999	0.0707399447	-0.060222056600000004	0.0294188548	0.1162442311	-0.0367739627	0.021482811	0.068116941	0.0355744744	-0.009603959300000001	0.0713769353	-0.0218379089	-0.006051457099999999	0.024161078399999997	-0.05769553490000001	-0.047872974299999996	0.0605786688	-0.0913729061	0.0105415627	0.0298687063	-0.0788663378	-0.0996568893	-0.0629060206	0.0512348742	0.0980970907	-0.1311468524	-0.012600998700000001	-0.0308150114	-0.041561424900000005	-0.0978829327	-0.0673412026	0.0520964775	-0.0634493433	-0.0186291913	0.1267309995	-0.1097580647	0.0386786245	-0.06127287400000001	0.0004835869	0.0031202235	-0.10290997869999999	0.0123942867	0.08475729779999999	0.0278855208	0.0608261333	0.0332733317	0.08380196150000001	-0.026505615	-0.1012184064	0.0326258609	-0.0719725984	-0.0874080226	-0.05456236440000002	0.1191442248	0.047911069	0.005825585699999999	-0.0197650207	0.10603953599999999	0.053657604000000005	0.0083496942	-0.10531048300000001	0.006023759399999999	0.017190895600000002	-0.1273203476	0.091421369	-0.05503462889999999	0.0111663376	0.0507786428	0.0087725527	-0.0515610834	0.096400377	0.026867541499999998	-0.017528621299999998	0.1071123993	0.1037202387	0.020905067	-0.09549497679999999	-0.0094379509	0.0191580848	0.103217738	0.039126844	0.0224384221	-0.016759011	-0.0462483895	-0.0099105507	-0.041215343599999996	0.0052040006	-0.0304966423	-0.0346909832	-0.0434957213	-0.0120675	-0.039199017999999995	-0.09385281390000001	0.033362063500000004	0.0747103301	0.0263637941	0.0016814875	0.07010083269999999	0.0122916111	-0.0001800965	0.1701001087	-0.0578403895	0.0529943754	0.034269347	0.1723102417	-0.0715528049	0.08248694690000001	-0.0626639065	0.0208850614	-0.1133384006	0.0428169221	-0.0787320725	0.0620639278	-0.034309362	0.045920561299999996	-0.0348678118	-0.10765999130000001	-0.0008704707000000001	0.059420930199999986	-0.11618958310000001	0.0596370198	-0.0651014125	-0.047386058200000004	0.0505551826	0.0152202526	-0.08265841269999999	-0.021114619700000004	-0.0970609226	-0.1582265467	-0.024090971699999998	-0.0613835613	0.0782719483	-0.0593175707	0.0157755735	0.1014931278	-0.0466045532	0.07413602059999999	-0.077464694	0.1469883356	-0.0374263427	0.0498697195	-0.0281953769	-0.0444521321	-0.0010240867	-0.0689360052	0.0849261244	0.027079862000000003	0.0718368054	0.06187347150000001	-0.028908120099999997	-0.0965565993	0.017123099999999995	-0.0034449000000000038	0.00029320055360999983	1.1867336010000031e-05	0.037262300000000005	0.005711800000000003	3.2624659240000044e-05	0.0013884790012900006	0.111118	-0.005862999999999979	0.012347209924	3.437476899999976e-05	-0.000646216	3.870999999999908e-06	4.1759511865599997e-07	1.4984640999999302e-11	0.0008308569999999997	-0.0002562630000000003	6.903233544489996e-07	6.567072516900015e-08	-0.000209979	6.3991e-05	4.4091180441e-08	4.094848081000001e-09	0.0	0.0	0.0
8654.541234349657	9.350827870337524	74901083.97705849	87.43798186068102	10527.176860254449	-5.144608878270446	26.4670005103791	110821452.64707673	6358.716655155738	0.8626614538989088	40433277.50055498	0.7441847840429792	6411.7091814376345	10428.915668704856	1.021702	36.782776	0.019513399999999983	0.0101845	0.0672602196	0.0557796215	0.06510059160000001	0.09517555529999999	0.0014125634	-0.0631936969	-0.074803655	-0.016593765400000002	-0.0630965663	0.038756286800000005	0.041221637400000004	0.0330909042	-0.0455730054	0.0191295184	0.123877855	-0.1176262486	0.079801556	0.0312252124	0.0709056139	-0.0316794744	0.047737623300000004	-0.0093266161	-0.0570551935	0.0149816723	-0.0356027811	-0.0079695554	0.0954666083	0.0150514296	-0.0612555563	-0.0430605109	0.026003570499999996	0.10236737439999999	0.1017823834	-0.0493660812	0.009574581700000001	0.10521963220000001	-0.0873786184	0.0173692427	-0.0494629713	0.10192904800000001	-0.010237488199999999	-0.0303183552	-0.13615568179999998	0.0774308696	-0.0531405879	0.0057677088	0.0564158679	-0.006806049200000001	0.11347273779999999	-0.0283133689	0.0143689078	0.0161416271	0.0642678102	-0.0204033267	-0.0705051928	0.07057772400000001	0.010505483700000002	0.018493269099999998	0.0498748498	-0.033178995	-0.0024969661	-0.0493550402	0.1445212698	0.0120254425	0.057958669299999994	-0.0724433233	-0.0876375442	0.014194801399999997	-0.0295417875	0.0709919737	-0.03413001	0.0238653681	0.040640837799999996	-0.06856954559999999	-0.0097154128	0.0028591054	-0.0932148209	0.0977005669	0.0686318784	0.0136760592	0.0592432024	-0.0099106725	0.1566129282	-0.0292972006	-0.0403902332	-0.0732551729	0.05941166320000001	-0.003577584000000001	-0.1010083654	-0.0965261401	-0.034427132	-0.036733581800000005	-0.06316947469999999	0.0263348021	-0.047676959500000005	-0.0124757053	0.0233290925	-0.0916639524	0.0883403443	-0.0425345712	0.0182899971	0.0878492332	0.062491689800000014	0.0503546405	-0.0340205389	0.029755946499999998	0.0497078644	0.1336728026	0.0282726832	0.0242575819	-0.048828975700000006	0.0733215938	-0.1050824716	0.0115859627	0.00601815	0.0818670923	-0.08673354779999999	0.045670610199999996	-0.0732533484	-0.0689116132	0.1226471982	0.028115648700000002	-0.09749333199999999	-0.1301192175	-0.0087131081	0.0735340983	-0.0506859209	0.031404259500000004	-0.047792978300000004	0.0695177332	0.014322176499999999	-0.028264872200000006	0.0092268781	0.0288134939	0.025576331	-0.051594814800000006	0.0742163327	-0.0358346396	0.0949145203	-0.0554582467	-0.0731394482	0.030025659700000002	-0.0559618095	-0.0206342266	-0.0008669178	-0.0070780487	0.0321814185	0.0537365246	0.1122045956	-0.0440680811	0.0090345219	-0.0556822421	0.109063631	0.0186834269	0.024013432	0.0489433113	0.1554655986	-0.1072293175	-0.019770238500000002	0.0286641958	0.018652136399999998	-0.0359881139	-0.0700385786	0.0134028213	0.0377692396	0.0731270116	-0.0005340324	-0.0346592723	0.10193788710000001	-0.0001532045	0.043273408099999994	0.0187229807	-0.1407382563	-0.0033607302	0.0739485153	0.0604858957	-0.0322003326	-0.09825253980000001	0.0147779	-0.0023451999999999948	0.00021838632840999998	5.499963039999978e-06	0.0310205	-0.0062418000000000065	3.8960067240000067e-05	0.00096227142025	0.107505	-0.0036130000000000185	0.011557325024999995	1.3053769000000138e-05	-0.000649818	-3.6020000000000106e-06	4.2226343312400005e-07	1.2974404000000074e-11	0.00069731	-0.0001335469999999997	4.862412361e-07	1.783480120899992e-08	-0.00020086	9.119000000000004e-06	4.03447396e-08	8.315616100000009e-11	0.0	0.0	0.0
8652.058948370917	-2.482285978740037	74858124.04608527	6.161743680249387	10468.511294936088	-58.665565318360684	3441.648554122843	109589728.73220444	6357.868447383166	-0.8482077725720956	40422491.19423044	0.7194564254517158	6409.212569825008	10525.296771653615	1.0196040000000002	36.70723	0.01972545	0.0101818	0.09719447769999999	0.0326384937	0.09461722789999999	-0.0471191046	-0.059715515499999997	0.0414663194	-0.034757817999999996	0.074353562	-0.08305883160000001	0.0115300255	0.083691086	-0.023442904	-0.0778988224	-0.016636543700000003	0.0620649051	0.0665502669	0.0060109973	0.1436506433	0.1292017441	0.0592929793	0.047572622599999996	0.0776031289	-0.04653764480000002	-0.0335149253	-0.030235844700000007	-0.1496805708	0.0941658996	-0.0511306093	-0.0802574964	0.1061474494	0.0493507648	0.09591948300000001	0.0749025716	-0.0792895186	-0.002126582	0.0238420446	0.0242026358	-0.036175208	-0.0515274723	0.0349106882	0.0279445137	-0.0631554787	-0.10743818990000001	0.1383688334	-0.059129845800000004	-0.0324359585	-0.0754215889	0.0030912284000000003	0.044198437199999996	0.0353279787	0.044070240700000006	0.030898156800000007	-0.1171358016	-0.1232587578	-0.0051094532	-0.00039291	0.032527080699999995	0.0545397129	-0.0718285719	0.0057009201	0.059365632	0.059135874299999995	0.0324402612	-0.09816400759999999	0.015272809699999999	-0.0297849412	0.024648969700000002	0.0208103198	0.0392926527	-0.017074098700000002	0.0546133586	-0.045623961100000006	-0.0175394564	-0.0314658363	-0.0463624121	-0.0481607437	-0.003480597	0.0040093153	-0.0487135304	-0.0275539731	0.008122929499999999	-0.1345724117	-0.059253004299999995	-0.09504670929999999	-0.20963889239999997	-0.030253209700000002	-0.0248854136	0.0234251346	-0.0006926228	-0.0325069229	0.1479502201	0.0101556428	0.1549008983	-0.049520720899999995	-0.0938821816	-0.0575653083	0.058699988099999996	0.10687917470000001	-0.0629918519	-0.0250004982	-0.0427573616	0.0922762413	-0.0287274927	0.09959118130000001	0.0657774772	0.026999069100000002	0.08025451530000001	0.11747569220000001	0.050407231600000005	-0.0025129172	-0.05137243019999999	-0.0014625095	0.0551424943	-0.074054374	-0.0132714399	0.027089185499999998	-0.056850304500000004	-0.01365329	-0.0745102874	-0.17558641519999998	0.0051912458	0.0840158682	-0.0701650281	0.0364448923	0.0721197849	-0.052756452300000006	0.0309191928	-0.0031632315	0.0704634703	0.08997161039999997	0.0046471779	-0.0478546715	-0.0735247624	0.0628034192	0.009172963000000001	-0.0598486854	0.028648191	0.0650759445	0.020678081100000002	-0.0319214192	0.0412720841	-0.0080103052	0.0660246543	0.06956099980000001	-0.0026882301000000003	-0.084116904	-0.0094256692	0.0152348577	0.0969196898	-0.0018261441	0.0054633714	-0.0228983138	0.0069224886	-0.0356844042	-0.0962431447	0.0035752221000000008	0.023038170499999996	0.0501907639	0.0306806707	-0.0216566102	-0.1780553022	0.031484285699999996	0.020426623600000002	-0.1322018419	0.043221971	-0.0519441624	-0.0128798229	0.011816264299999999	-0.11704055769999999	0.1931071325	-0.032821720299999996	0.0824745112	-0.011742886499999999	0.014372895	-0.096271422	0.05908143	-0.0354565814	-0.09970160410000001	0.0148228	4.489999999999876e-05	0.00021971539984	2.0160099999998887e-09	0.0372787	0.006258199999999999	3.916506723999998e-05	0.0013897014736900001	0.105956	-0.0015489999999999948	0.011226673936000001	2.399400999999984e-06	-0.0005502840000000001	9.953399999999996e-05	3.028124806560001e-07	9.907017155999996e-09	0.00058188	-0.00011543000000000002	3.385843344e-07	1.3324084900000006e-08	-0.000223363	-2.2503e-05	4.9891029768999996e-08	5.063850089999999e-10	0.0	0.0	0.0
8656.538618551045	4.4796701801278695	74935660.85446563	20.06744492272685	10471.226714299013	2.7154193629248766	7.373502316547342	109646588.90224929	6361.3630325221775	3.4945851390111784	40466939.63153976	12.212125293797778	6411.4511529932515	10520.7067490051	1.0345240000000002	37.244381	0.026560500000000008	0.0154964	0.1056001327	0.0306100525	-0.027980086	-0.0608268958	0.0510493529	0.0255805765	0.093154313	0.0430568287	-0.0090059593	0.036964723399999996	0.023895574300000003	0.0741176525	-0.0606653851	-0.0500151438	-0.0066345986	-0.1677540031	0.029818361800000002	-0.0562364472	0.1287737638	0.0122247849	-0.0790736424	-0.024690454	-0.1044621314	0.10677794859999999	-0.0734720495	0.0370792485	0.11727885390000001	-0.049505016	0.08531058119999999	0.048249340099999996	-0.026425753599999997	0.1181209367	0.0025922497	0.0163874731	-0.0029020846000000003	0.0762777278	-0.0275965879	-0.0257567572	0.1020757749	0.0874508757	0.0193297118	0.043475111500000004	-0.1368042584	0.0751896823	-0.0010761351	-0.0425443166	0.0120441074	0.0447187835	-0.1494696373	-0.0071257184	0.0910999704	-0.0793961785	-0.034271507799999996	0.0779554603	0.14439037	0.0595361014	-0.0269714057	0.107278636	-0.0263110187	0.032934586	-0.0182919914	-0.0200575498	0.0265938699	0.0554194627	0.0368068433	0.052583608899999995	0.026481332599999997	-0.09713561230000001	-0.1468867117	-0.0661540346	-0.0003868979	-0.0041452544	-0.0701613442	0.0221150058	-0.1682833265	0.0454870851	-0.0779412429	0.0031875975	-0.0091448711	0.1531886955	-0.0695780867	0.0147767375	-0.0081438059	0.0559682941	0.047150493700000004	-0.0412406613	-0.08728299070000001	-0.0393367985	-0.066745679	0.14158325189999998	0.078144362	0.09554060460000001	0.1554519556	-0.110883417	-0.0014327316	-0.1628642645	-0.0074152485	0.035886086	-0.0153337408	-0.1276560429	-0.0091841112	0.1126406415	-0.061204427199999994	-0.0655654061	0.0811512164	-0.032318866	0.0702574257	0.0813894191	-0.0350921197	0.0536130521	-0.0454388402	0.0125242887	-0.0750388044	-0.0415254077	0.1106687784	0.0613989664	-0.045903656200000004	-0.038130286400000005	-0.0158826956	-0.05209734	0.14586041859999999	-0.023133052999999997	0.0601969792	0.1364264406	0.0030325488	0.021930823999999998	0.0240111903	-0.054880307999999996	-0.0038227519	-0.0217409518	-0.1633707815	-0.0458293797	-0.0451105614	-0.0351040544	-0.0490856504	-0.0062179592	0.1446688234	-0.038741418900000005	0.0132204186	-0.1186026401	-0.053462699	0.0064630816	0.011902449499999999	-0.1205612901	0.1226405443	0.0443581903	-0.047475002300000006	-0.1231316086	-0.189292264	0.0025944553	-0.0376404599	0.015038578799999999	0.0033486734999999997	-0.0885458517	0.0634279339	0.0733013308	-0.00043614440000000015	0.0660760374	0.0318232524	-0.0606329242	-0.0191092314	-0.0676560177	-0.08539257550000001	0.0023608096	-0.1048717363	-0.0686086263	-0.1442657551	0.0381242543	-0.1471307127	0.0552800034	0.0385921989	0.0243601487	-0.0658014365	0.0629442575	-0.0621193771	0.057660466500000014	-0.0386732298	-0.10090015109999999	0.0147926	-3.019999999999759e-05	0.00021882101476000004	9.120399999998543e-10	0.0302383	-0.007040399999999999	4.956723215999998e-05	0.00091435478689	0.118648	0.012692000000000007	0.014077347904	0.00016108686400000022	-0.000650999	-0.00010071499999999992	4.23799698001e-07	1.0143511224999983e-08	0.00058188	0.0	3.385843344e-07	0.0	-0.00018812	3.524299999999999e-05	3.53891344e-08	1.2420690489999994e-09	0.0	0.0	0.0
8659.52214625976	2.9835277087149734	74987323.80156325	8.90143758867002	10509.204928008414	37.978213709400734	1442.3447165569141	110443388.21887632	6359.2653963895345	-2.097636132642947	40440256.38171735	4.400077344969259	6412.672718468371	10533.1632764068	1.037252	37.342587	0.02700239999999999	0.0139029	0.0988593777	0.0369398159	-0.0333775106	0.0865743359	0.0808958305	-0.0733963891	0.010156652	-0.0688180307	-0.002407159	0.025472002200000003	0.0848776316	-0.0083776317	-0.0493497838	-0.0056770703	0.0234795986	0.0643639571	-0.082125	-0.0224146907	0.1178805768	-0.0132226693	-0.1074529311	0.065704424	-0.0002071194	-0.0922195655	0.0451611683	-0.0240383461	0.12013431449999999	0.0152897201	0.0112346162	-0.0628528374	-0.0074369095	0.144168014	0.0151871226	-0.09219226109999999	0.0076462970999999985	0.0530407795	0.0064198776	-0.0213859603	0.05395876980000002	-0.0545889358	-0.0762421365	-0.0489729946	-0.056158825999999995	0.0723310192	-0.043031273099999996	-0.0684075627	-0.040194136400000004	0.0035896154999999997	-0.09555638529999999	0.0272404662	-0.09879353310000001	0.0482281861	0.0405498299	-0.07923674780000001	0.0734851091	0.0076954667000000004	-0.0773444895	0.0089853615	-0.1111603103	-0.14743180460000002	-0.0811257763	0.0336407346	-0.1280109134	0.062455316399999995	-0.09492442039999999	0.051123170700000005	-0.0049941169	0.1293327809	0.0581767812	-0.0833073882	-0.0018828828	-0.009740254	-0.0127402273	0.1080552924	-0.012851824	0.0567363815	-0.0241039271	0.1160312937	0.0237454454	0.038862051200000004	0.12272005150000001	0.011035816	-0.0131432881	0.0152301646	-0.12114730470000001	-0.0389613529	0.0376738785	-0.049565520099999996	-0.0402086913	0.0378098078	-0.0808163063	0.018502653600000002	0.034994754100000004	-0.028486797	0.0592164903	0.024428167	-0.1016879667	0.00528594	0.0465941721	0.0005785639	-0.0007664903	0.1117503923	0.0647169083	-0.0569898649	-0.0378367029	-0.0070331565	0.10470926789999999	0.1006615644	0.0632982364	0.0228732267	-0.0398009817	0.0025567712	0.0138284007	-0.0578215517	0.0703987782	-0.10174513449999999	0.002027265	0.0559914697	0.0390852988	-0.0737751164	-0.0042129442	0.0887271984	-0.0326367698	0.1124007142	0.0188105413	0.017170343799999998	-0.037761239700000004	0.1028512829	0.1180145586	-0.0087208699	-0.12345529460000006	-0.005868986600000001	0.021502168	0.0118512701	-0.0803653726	0.1620891269	-0.1038405551	-0.1067607766	-0.025974666400000002	0.0768292461	0.0602127074	-0.061175341200000004	-0.058019118700000004	0.039731671499999996	-0.0110770497	-0.11755834890000001	-0.0156613917	0.0235878996	-0.0351105009	0.09082992949999999	0.0285697547	0.0553787039	-0.0594433138	0.0661260775	-0.0867729332	0.0010700874	0.11174589310000001	0.042436365999999996	0.016235616	-0.041954880199999996	-0.0148835394	-0.0584838146	0.0117346021	0.08837879289999999	-0.026038838999999998	-0.034307878	-0.0266830033	-0.0113831758	-0.007024998	0.0127596077	0.0717361954	-0.1669199221	-0.1208000952	0.0245839829	0.039971832799999996	0.056223402	-0.041846685099999996	-0.1018451692	0.0147054	-8.720000000000082e-05	0.00021624878915999998	7.603840000000142e-09	0.0372922	0.007053899999999998	4.975750520999998e-05	0.00139070818084	0.121597	0.002948999999999993	0.014785830409	8.696600999999961e-06	-0.000501703	0.00014929599999999993	2.517059002090001e-07	2.2289295615999983e-08	0.00075217	0.00017029000000000002	5.657597089e-07	2.8998684100000007e-08	-0.00016946	1.866000000000001e-05	2.87166916e-08	3.4819560000000056e-10	0.0	0.0	0.0
8637.939440537719	-21.582705722041286	74613997.77839708	465.8131862842335	10448.584867479023	-60.620060529390685	3674.791738586991	109172925.73291165	6354.784688021878	-4.4807083676569155	40383288.43111731	20.076747475990707	6406.057346078903	10514.591957235696	1.068208	38.45705	0.0183909	0.0115096	0.092112141	0.0662655162	0.1078148518	-0.008151244399999999	-0.0363490653	0.03152106	-0.08209719900000001	0.0471428412	-0.0289004835	0.0185311233	0.0730985178	0.0545930955	-0.0101641475	-0.10305183289999999	0.019018008899999998	0.0171102055	0.104813457	0.0031950418	0.0873991502	-0.0269009404	-0.033506846800000004	0.0062054863	-0.12475316410000001	0.1120786646	0.0187382516	-0.0207257413	0.1080170976	-0.0238176394	-0.0996011666	0.0692018779	0.0311233527	0.1057330922	0.055602189100000005	-0.049509362	-0.0165724968	0.0794252484	-0.0047521015000000005	0.0625462536	-0.0019666961	0.0073847923	-0.0335091559	0.0357683001	-0.0588394728	0.06428029860000001	-0.011707239099999999	0.0670473124	0.0500672211	-0.0066231256999999995	-0.064631233	-0.162887921	0.0395591502	-0.0484554808	0.08449647699999999	0.045049805899999996	-0.08071820980000001	-0.0313576748	-0.19074439780000002	0.059076327699999986	-0.071703892	-0.0241377775	-0.08711461449999999	0.09499429050000001	-0.1110675916	0.0946345359	0.1097669919	0.0691045837	-0.0380791538	-0.0321921149	0.0712395988	0.017216543600000002	0.0379994083	-0.18652091010000002	0.0328499769	-0.052113672400000005	-0.0380520726	0.0363721951	-0.1168797949	0.023273132999999998	-0.0446738684	-0.0328866101	-0.1952983468	-0.0371552839	-0.029395565800000002	-0.0155028966	0.10752999619999999	0.1439480229	0.11543431609999999	0.0388089836	-0.0417655979	-0.10717796119999999	0.0530855899	-0.0281488635	-0.0751358365	0.0238106743	-0.0084846824	0.0132791818	0.0990717626	0.020160856499999998	-0.1670381668	-0.0060934255	-0.0818192227	0.0958920774	0.0300922729	0.10715658230000001	0.0407992156	0.0063272421	0.08713934949999999	0.1056936698	0.0165590561	0.06912633650000001	-0.078562652	0.0236282809	-0.0482426987	0.0303696221	0.0051344547	0.027257532200000004	0.033019558	0.0189412504	0.0203285826	-0.0317456819	0.1082985086	0.0032131285999999998	0.0051502043	0.0149227341	-0.0144948877	0.1697763941	0.0038231751000000003	0.020965143500000002	-0.031262182799999996	0.0788934825	-0.08632513369999999	0.177603647	0.0177930216	-0.06932846990000001	-0.0838292809	0.142116824	-0.0113112044	-0.0331412363	-0.0483269175	-0.053398695	0.06546632940000001	0.09032664550000001	0.0863411875	-0.0392072828	0.11190268839999999	-0.0380753635	0.0631244532	0.16494561900000002	-0.0093764083	-0.0052072988	0.0353349944	0.1068468467	0.1587769281	-0.1250878707	-0.005259998399999999	0.0306318948	-0.0740879677	0.0399190258	-0.070642905	0.1376004784	0.1071705917	-0.0020119247	0.1029913457	-0.0244659723	-0.002385769	-0.023675012599999996	0.011572632900000001	0.0473077479	-0.08116697860000001	-0.06253483110000001	-0.1417741513	0.04901481480000002	0.09222866029999999	0.0541476287	-0.1031487599	0.0547706378	-0.044973402999999995	-0.10253428390000001	0.0146921	-1.3300000000000811e-05	0.00021585780241	1.7689000000002158e-10	0.029417	-0.007875199999999995	6.201877503999993e-05	0.0008653598890000001	0.113412	-0.008185000000000012	0.012862281743999995	6.69942250000002e-05	-0.000523579	-2.1875999999999995e-05	2.7413496924100004e-07	4.785593759999997e-10	0.000752171	1.0000000000157452e-09	5.657612132410001e-07	1.0000000000314906e-18	-0.000144989	2.4471000000000007e-05	2.1021810121e-08	5.988298410000001e-10	0.0	0.0	0.0
8637.197206046532	-0.7422344911865366	74601175.57613802	0.5509120399069369	10476.671032675164	28.086165196140428	788.8326754248899	109760635.92689487	6365.191009988771	10.406321966893302	40515656.59364187	108.29153687864608	6416.3331050296765	10449.499324085467	1.068668	38.473621	0.008961800000000006	0.00486537	0.0699407782	0.029104349100000006	-0.017748466100000002	-0.07718695910000001	0.0796360605	0.0193760799	0.0885718	0.0344057452	0.0240291345	-0.0158003674	0.0114840921	0.059928296799999996	-0.2566291959	-0.013523536200000002	-0.0063306047999999995	-0.0094487506	0.0462767313	0.0978262218	0.0553700845	-0.0294037612	0.0822457056	0.0170679787	-0.1304744874	-0.0983474984	-0.0842700837	-0.09733090369999996	0.1344868717	-0.0245052846	0.099381339	0.0591929023	0.038622412099999996	0.1171473777	0.0272181523	-0.052699957400000004	-0.040882298500000004	0.10322590710000001	-0.10754992949999999	0.09638035880000001	0.19855643399999998	0.0213120291	0.0627034158	0.011087804	0.0025494591	-0.049061628499999996	0.024552187799999996	-0.0983525641	0.008929884300000001	0.0040869847	-0.1728440693	-0.0080650526	0.0932219021	0.0053227047	-0.0177535751	0.024485003999999998	-0.07635156309999999	0.0338132706	0.091564519	-0.0074010169	0.08663493289999999	0.0311836081	0.041517065299999996	-0.044847024000000006	0.0792817376	0.1190966361	-0.08728033550000001	-0.017800202	-0.0323216917	0.1058405615	-0.052994639100000004	0.12382112460000001	-0.0796484125	-0.0126415576	0.0062966204	0.0056826763	0.1433222016	-0.0330706687	-0.0026262393	-0.022772807000000003	-0.0225254059	-0.1389812476	-0.0617266862	-0.14525664119999998	0.0385681152	-0.038492335600000004	-0.0356276789	-0.027334788199999998	0.1027895541	0.138562871	0.1851364775	-0.15369287939999998	-0.0026669625	0.10691606630000001	0.0048840455	-0.0006019137000000001	-0.082873815	0.0578417478	-0.055677794800000006	-0.0014087054999999999	-0.0938376787	0.1292435208	-0.0184641234	0.12354742699999999	-0.034947228500000004	-0.076734781	0.104771961	0.0165808964	0.09836174800000001	0.0664306472	0.0443836882	0.0987901693	0.0003483622	0.0583079771	-0.1328875621	0.0139172725	0.13866208359999999	-0.0059854227000000005	-0.0179525773	-0.043543039000000006	-0.0147344995	0.021754750099999998	-0.011510686200000002	-0.07252212129999999	0.0842719883	0.1904243401	-0.024657632999999998	0.008799753	-0.05808232360000001	0.0452833533	-0.09319645929999999	0.0196655612	0.047283164	0.0110655067	0.0355942877	0.0635620056	0.0177540611	-0.060404231100000004	0.0098922317	0.0755649003	-0.10940607960000001	-0.0932307321	-0.10085261570000001	-0.12046462460000001	-0.17975471829999998	0.0221750375	-0.0536895478	0.015113540900000003	0.044471384800000006	0.052254385300000004	0.1330699388	0.1166564124	-0.0038028324	-0.0074972752	0.0457137779	-0.022045515099999996	-0.0715577653	0.0194729349	-0.08402087779999999	-0.027827522400000002	-0.0857695686	0.1289216591	-0.0131866723	0.0073589595	0.0837284536	-0.0641353709	0.08450144820000001	0.1968969424	0.0822841375	0.0263613729	-0.0212286052	0.055067449299999995	0.0353505784	0.056254966600000005	0.0031148429	-0.1040237443	-0.139660911	0.0533025797	-0.0480498913	-0.10296576369999999	0.0147287	3.6600000000001215e-05	0.00021693460369	1.339560000000089e-09	0.0309001	0.001483099999999994	2.1995856099999832e-06	0.0009548161800099998	0.117175	0.0037630000000000155	0.013729980625	1.4160169000000126e-05	-0.000491119	3.246e-05	2.41197872161e-07	1.0536516e-09	0.000752171	0.0	5.657612132410001e-07	0.0	-0.000186111	-4.112199999999999e-05	3.4637304320999995e-08	1.6910188839999991e-09	0.0	0.0	0.0
8638.690425548722	1.4932195021901862	74626972.26846717	2.229704481721108	10497.063961857428	20.3929291822642	415.8715606328427	110188351.81932595	6356.687144915527	-8.503865073244015	40407471.45833431	72.31572118393944	6411.297431592393	10345.56576363068	1.054594	37.96693	0.03669070000000002	0.021327900000000004	0.0345554471	0.054043369699999996	0.0048585953	0.0781643725	0.10848414769999999	-0.0610062857	-0.017980034199999998	-0.0583071095	0.03305229	-0.0020833176999999997	0.13266640429999998	0.032204199700000005	-0.0218761715	-0.0032838761	0.0426971365	-0.0441569193	-0.035405907	-0.0491650218	0.15388457349999998	0.0516180583	0.013872008500000001	0.0645483012	-0.08750536019999999	-0.059199434100000004	0.040780936600000005	-0.1100237134	0.1094967134	0.0066110876	-0.047059116500000005	-0.0643117813	-0.0071113997	0.1253867824	0.0469938087	-0.1194088617	0.0312914858	0.0434481781	-0.0410042266	-0.0085593548	0.028031933399999997	-0.0401340695	-0.032163794700000005	-0.0369653772	-0.20692311940000002	-0.1273024569	0.0692118097	-0.0054785374	-0.0084504109	-0.015123083999999997	0.054319396	0.0595952981	0.048666000300000005	-0.0498327493	0.0702139563	-0.0705441654	0.1208076779	0.048551293200000005	0.01923553	-0.1135083516	-0.015012266000000003	0.1192224435	-0.146390264	0.0644120921	-0.0164735854	-0.0521137771	-0.0648111969	0.0368066231	0.043765907199999995	-0.0335848713	0.129404899	0.0052313013	0.0896361576	-0.0372204048	-0.030915553399999997	-0.0290769559	0.0282238096	0.1777131707	0.079295411	0.0950967592	0.0013733449	0.0737669252	-0.0041016515	0.020633978799999998	0.08798717699999999	0.079016472	-0.056159037099999996	-0.047958475099999995	0.0621077872	-0.0667343382	0.067251046	0.044571486699999996	0.1434136814	-0.051523375999999996	0.0457299639	0.0005886280999999999	0.0349292516	-0.0818582396	-0.000894406	-0.0627558965	-0.0299337525	0.0111620549	0.09350011960000001	0.09872481050000001	0.0683120609	-0.0088051189	-0.050186925300000004	-0.0200786967	0.10334195119999999	0.1236448638	0.0941942985	0.0003839048	-0.0813534009	0.0598338433	-0.0009063252	-0.0368234631	0.0486366358	-0.09409671859999999	-0.1608707785	-0.057953332	0.0095447836	-0.0367737571	0.0712724526	-0.053777969800000006	-0.002935115	0.022907115099999997	-0.0059227996	-0.022025703599999998	-0.0304500423	-0.1031490768	0.10847879560000001	-0.0521652854	0.10505030119999999	-0.0014961153	0.0868943151	0.0693202012	-0.09047068539999999	0.1362396555	0.0077735515	0.1297608663	0.006845850200000001	-0.0227719179	0.1033188688	-0.0022840643	0.0111906227	0.1200703945	0.051943794	0.0514196559	0.0061028067	-0.0137309898	-0.06622493	0.0661455814	0.020385506	-0.021977209100000002	0.0232126468	0.10245239140000001	0.0925541272	0.084501563	0.0842240818	0.0276875562	-0.1156885215	0.055653419100000004	0.0635912702	-0.0238180547	-0.09334120630000001	-0.0252968002	-0.0600636502	-0.15153354730000002	0.031018200000000006	0.07960002299999999	0.004853351	0.054170219900000004	0.0108586545	-0.08550655480000001	-0.1131206366	-0.0616184672	0.0811867714	0.0518196374	-0.051072714000000005	-0.1031385244	0.0147292	4.999999999987653e-07	0.00021694933264	2.499999999987653e-13	0.0416573	0.010757200000000005	0.0001157173518400001	0.0017353306432899998	0.101112	-0.016063000000000008	0.010223636544	0.00025801996900000026	-0.000668185	-0.00017706599999999992	4.46471194225e-07	3.1352368355999974e-08	0.000752171	0.0	5.657612132410001e-07	0.0	-0.000206445	-2.0334000000000026e-05	4.2619538025e-08	4.134715560000011e-10	0.0	0.0	0.0
8618.933687947496	-19.756737601226632	74286017.91723622	390.32868064372224	10444.812324561888	-52.2516372955397	2730.233600064634	109094104.49531992	6348.045886285888	-8.641258629639196	40297686.57439118	74.67135070431388	6398.765595217039	10392.881440688603	1.084955	39.059956	0.04243485000000001	0.0239758	0.0494707108	0.0373152239	0.1055318873	0.0502090523	-0.0269705267	0.017113197	-0.11862774470000001	0.04364302900000002	-0.0245000133	0.0208108502	0.0124618324	0.0653573359	-0.1644455427	0.0131333925	-0.0271779336	-0.0651642865	0.11149030859999999	0.042332005199999995	0.19406984670000002	0.053199209299999994	-0.0925757838	0.0708304051	0.0917360234	0.07743858769999999	0.0145836586	-0.0348027079	0.08972075380000001	0.0669569941	-0.0889757882	0.0253439658	0.1002358306	0.027286188599999997	-0.0130225336	-0.0757430045	-0.0077456524	0.022457881800000003	0.0146857815	0.0467305943	0.1669991341	0.0186165194	0.10277833039999999	-0.1193041109	-0.0410940816	0.0354117039	-0.0006772341999999999	0.0143186934	0.0006642759	-0.0270235944	0.1146161767	0.0605750676	-0.09330809849999999	-0.0583030178	0.0141912752	0.07258566799999999	-0.0327886896	-0.0905804957	0.056391377199999995	0.024332225	0.0606465264	0.157230338	0.1530931808	0.028863550499999998	0.1120176655	-0.0276815375	-0.0212324951	0.0380567846	-0.029500813900000002	-0.0370493698	0.1114137519	-0.0383435113	-0.0847838226	0.0161469994	0.0349049869	0.0028837855	0.0267926517	0.017250758300000002	0.0036890845	-0.0917626846	-0.1564698015	-0.0572603448	0.0055792987	0.1693446701	-0.0576463213	0.10193112970000001	-0.1714067725	-0.0057435777	0.0130974008	0.059866324299999996	-0.0115072351	-0.0576623728	-0.07125476900000001	0.0228488516	0.042188229699999996	-0.0151481987	0.0683427295	-0.032860456499999996	0.069235168	-0.1718748487	-0.0699723898	0.0098732278	0.0171815553	0.0747419175	0.07460884799999999	0.0935617839	0.0398314638	0.0683135712	0.027656563199999998	0.0031996499	0.0777076401	0.0944697393	-0.0686952377	-0.0860792517	-0.1604858817	-0.0330172336	0.0992782373	-0.07831888570000001	-0.0167296827	-0.1010687362	-0.1066005666	-0.0995896385	-0.014394123600000001	0.0026611113	0.0294247394	-0.049904779100000005	-0.10265738140000001	-0.022768174900000004	0.0337798572	-0.0249509177	-0.052799708	-0.0123130349	0.1307961347	-0.0634855988	-0.0331461973	-0.0829794375	0.1252875931	-0.057451652699999994	-0.0949390045	0.0272754891	-0.011364316999999999	-0.10906984869999999	0.08399442289999999	0.099492615	-0.0129090872	0.1288971934	-0.12150288279999999	0.029883845699999998	0.098406958	-0.1005378862	-0.0071303934999999985	0.0048728841	0.12470195369999999	0.050874272000000005	0.0095759938	0.0347886507	0.0653065796	-0.10024564220000001	-0.0571964355	0.038339701000000004	0.0622096596	0.05505413730000002	-0.042889893600000006	-0.1030127508	-0.06783503980000001	0.0166920144	0.0282297456	-0.0272190956	-0.0399924296	0.0519987283	0.012280481999999999	-0.093528056	-0.1216559958	0.0629141731	-0.129074792	-0.1040890095	0.028397530600000002	0.0503222251	-0.054038495	-0.10305213199999999	0.014791	6.180000000000074e-05	0.000218773681	3.8192400000000915e-09	0.0229866	-0.0186707	0.00034859503849000013	0.00052838377956	0.108878	0.007766000000000009	0.011854418884	6.0310756000000134e-05	-0.000414135	0.00025405	1.71507798225e-07	6.454140249999999e-08	0.00069987	-5.230100000000004e-05	4.898180169e-07	2.7353946010000037e-09	-0.000218821	-1.2375999999999978e-05	4.7882630041e-08	1.5316537599999945e-10	0.0	0.0	0.0
8366.829378035385	-252.10430991211066	70003833.84115599	63556.58307626155	10124.085969527625	-320.7263550342632	102865.39481356424	102497116.71838611	6177.263588771618	-170.78229751426986	38158585.44516361	29166.593144252598	6226.872169914353	10164.263252197243	1.789843	64.436966	0.06079759	0.0303782	0.0056929705	-0.060698835199999995	0.10941565019999999	-0.0656128739	-6.65259e-05	0.3205667081	-0.14153619580000001	-0.1511968498	-0.0722571556	-0.2302668196	0.0686020193	0.38786506810000004	0.2070387289	0.2217216384	0.13410363460000002	0.0242465647	-0.2279143568	0.0750077546	0.0903820555	-0.1984364016	0.0633037162	-0.0635581301	-0.062474573	0.0115458697	-0.14702558710000002	0.0611875712	-0.5262561573	-0.3590523797	-0.1615970483	-0.0511242121	-0.416081269	0.2568275278	0.1598368083	0.026873315	-0.08573002449999999	-0.0381691065	0.10792804369999999	0.1053445883	0.2986180656	-0.0094431469	0.0305036121	-0.10517421240000001	-0.0281252021	-0.0322632277	-0.0291436256	-0.0874388042	-0.0113009452	0.029480244500000002	-0.0196223178	-0.0274033483	-0.024652152000000004	-0.0766375041	-0.0071838173	-0.0438883403	0.055560741	0.0105414245	-0.0261205408	-0.0069636246	0.042942151399999996	-0.049961093399999996	0.0412597052	0.008713791700000001	0.0147348255	-0.0024091360999999997	0.023495836000000003	-0.0407320126	0.0168567213	-0.005272230699999999	0.002706828	-0.013636125800000001	-0.0076001106	-0.0069679930000000005	0.013343051000000002	-0.0136948003	-0.014255361499999999	-0.0433797139	-0.0277275316	0.0084975272	-0.0448161522	0.0060940171	-0.0322116665	0.0354681924	0.024068569300000002	-0.0285932125	-0.0100227662	0.07608330940000001	0.0251972169	-0.0181711175	0.0320267602	-0.0106603316	0.0132517437	-0.0307086506	-0.0268817157	0.0302054052	0.0788380099	0.0046853217	-0.0199972482	-0.0428866041	0.0251913097	0.0141011059	0.0017610706	-0.4820178179	-0.2625456055	0.15737092119999999	-0.2519522446	-0.4298848319	0.1303344736	0.3256988232	-0.0776611285	0.1317999716	0.0644554128	-0.1884204478	-0.0349096608	0.0191562042	0.20319935690000002	-0.17133104899999999	-3.28638e-05	-0.05555479519999999	0.012761573200000001	0.025258971	0.0002245515	0.0238279681	0.0019205168	0.10225411449999999	-0.05276326730000002	-0.033360854	0.0339473826	0.0204071159	0.0079535457	0.0330644109	0.0030830882	0.0259994124	-0.0447542167	0.050691208499999994	0.0139871477	-0.0301493854	0.029443206	-0.0214098615	-0.0205911451	-0.0081600655	-0.0348321412	0.0188740317	-0.0019132938	0.0159818719	0.0089528553	0.019219786699999998	-0.0085188347	-0.0170627385	0.0410300606	-0.0255109198	0.006822210899999999	0.0335312453	-0.015574943899999999	-0.0625585074	0.0196008246	0.0089882182	-0.0140709005	-0.0151735191	-0.021929749199999998	0.02587142	-0.0047739804999999995	0.058328367	0.003067163	-0.0031858631	0.017425877	0.0109668985	-0.0030616895	0.0622902207	0.0731930216	-0.0308839509	-0.0051594653999999995	-0.0272642272	0.0248734533	0.0363244896	0.0594575237	0.048810760999999994	-0.056943921900000014	-0.1027068035	0.00965561	-0.00513539	9.32308044721e-05	2.63722304521e-05	0.029610200000000007	0.006623600000000004	4.387207696000005e-05	0.0008767639440400003	0.0949625	-0.013915499999999996	0.009017876406250002	0.0001936411402499999	-0.000339577	7.455800000000001e-05	1.1531253892899997e-07	5.558895364000002e-09	0.000224035	-0.000475835	5.0191681225e-08	2.26418947225e-07	-0.00037089	-0.00015206900000000004	1.375593921e-07	2.312498076100001e-08	1.0	0.0	0.0
8628.680025691569	261.85064765618336	74454118.98576865	68565.76167796267	10556.776996459283	432.6910269316577	187221.52478717253	111445540.55297188	6343.469676579739	166.20608780812108	40239607.53768666	27624.463624480853	6398.004031184211	10305.601635978708	1.944818	70.01630400000002	0.19486417	0.130198	0.046575039699999994	-0.1599903147	-0.047311457300000005	-0.0315643152	-0.0657370038	-0.0351544666	0.0784626676	0.0719471165	-0.0790112841	-0.0167558351	-0.1970006889	-0.1312548515	0.0416773062	-0.0754100486	-0.1844693534	0.0172183827	-0.012376837	0.046860801699999996	0.0461140723	-0.1323476788	0.0288814916	-0.0587547158	0.0187074917	-0.006832533399999999	0.0722583438	-0.1141009024	0.0213751942	0.0410629726	0.1381992384	0.040863627799999996	0.1189019683	-0.1286816835	0.0757886089	0.2141136257	0.02387899	-0.036712995400000004	-0.0227216454	-0.0026448259000000003	0.16687089130000002	-0.044233151500000005	0.0289935038	0.08084347900000001	-0.07796933240000001	-0.08656282960000003	0.0201005176	0.0321901745	-0.0018533821	0.0796053329	-0.0426670649	0.0358019192	0.0486412182	0.0528713829	-0.1233814092	-0.0683207077	0.1402688453	-0.0066493003	-0.1552343689	0.0190690658	-0.1385075439	-0.05913853490000001	0.0847870575	-0.017666388600000003	0.0466215952	-0.18007585239999999	0.0116519125	-0.0926888454	0.07559243480000001	0.0391147392	-0.0039000067	-0.039539716600000004	0.0192983722	0.0733649847	0.029685347400000006	-0.0026692993	0.0737226362	0.0030661467	0.0060897943000000005	-0.0713960166	-0.013038288200000001	-0.012414986999999999	-0.08982771490000001	0.030992734100000002	0.0319085624	0.0295401823	0.0009888156	0.09529794949999999	-0.0003092943	-0.0792713078	-0.0905548756	-0.0928792133	-0.0353079328	0.0158611888	0.0166529715	-0.0533699488	-0.0654106411	-0.0326243717	0.0146738308	-0.0640498617	0.0136680557	0.0815723748	0.06281240490000001	0.0206090758	-0.0509738993	-0.076910503	0.0694273429	0.16887314679999998	-0.1319181859	-0.0560971092	-0.2205390933	-0.06789569	0.0717755053	-0.0234511947	0.0020652716000000002	0.0296989282	0.1595755533	0.013361488799999998	-0.1028509725	-0.09991655390000001	-0.012236998	0.0327240438	0.032339592599999994	-0.0114097511	0.0003778134	0.1272976357	0.0747895044	-0.1213027637	-0.04239016	0.046089542000000004	0.1231535482	0.022765542799999997	-0.1030284317	0.0862206699	-0.1177353308	-0.0228143198	0.09153049960000001	0.025330985299999997	0.0323897873	0.0241767915	0.08532146550000001	0.13004966240000002	-0.0668816668	-0.0058313296	0.0482980413	0.1049814708	-0.0421032034	0.0105468495	0.0395088891	-0.0849933475	0.0337127431	-0.0804228385	0.0088282189	0.0197788556	0.038308137	0.0180252703	0.0185810127	-0.1346328883	0.022292905	0.0284404727	0.0552718027	0.1158825134	0.1255373344	0.1318491977	0.049024813099999995	-0.046721310099999996	0.0822342186	-0.0179160826	-0.0493638603	-0.0203811048	-0.07295006400000001	-0.031390634199999996	-0.0061862812	0.016473158600000003	-0.0808003073	-0.06840537320000001	0.035712154100000004	0.0472856671	-0.059785749699999995	-0.1021034066	-0.00679891	-0.01645452	4.62251771881e-05	0.0002707512284304	0.0211379	-0.008472300000000002	7.177986729000004e-05	0.0004468108164100001	0.219735	0.12477249999999998	0.048283470224999986	0.015568176756249994	-0.000231537	0.00010803999999999998	5.3609382369e-08	1.1672641599999996e-08	-0.000420933	-0.000644968	1.77184590489e-07	4.15983721024e-07	-0.000220601	0.00015028900000000004	4.866480120099999e-08	2.2586783521000013e-08	0.0	1.0	0.0
8547.048945154136	-81.63108053743234	73052045.67086042	6663.633309708767	10469.360707398146	-87.41628906113691	7641.607593220247	109607513.6216122	6278.4625456183885	-65.0071309613504	39419091.93673293	4225.927075826164	6331.281027257251	10177.03802756602	1.184528	42.644733	0.22508289	0.133109	0.022330560899999997	-0.21842071899999999	-0.0717548442	-0.0016683114000000001	-0.062038563	0.003443148	0.1172630326	-0.04612464769999999	-0.1135501839	-0.08023515120000001	-0.0796374277	-0.1702421707	0.0205246458	0.1104454595	-0.0573224155	0.06979630690000001	0.17762501530000002	-0.1312447071	0.0944064868	-0.23163430289999998	0.0439696843	0.1108452326	0.1368603418	0.1391143991	-0.119741746	-0.0201319456	-0.1317917523	0.0700061107	0.1987953572	0.058153089299999995	0.0845340464	-0.163942856	-0.0026217118	-0.0425827018	0.147438286	-0.3469238363	0.0380229131	0.1250922286	-0.0265219424	-0.0194942053	-0.1421955058	0.0091143332	-0.18253884039999999	0.260896322	0.023124569900000003	0.0235337427	0.0991001143	0.0275418049	0.0069195885	0.01702004	0.1316434498	-0.04479003610000002	0.0657191942	-0.08350638769999999	0.0502723072	-0.0207296007	-0.0274354936	0.0759036523	0.1639782936	-0.122051873	-0.0248430798	-0.0945310304	0.0582992734	-0.0343848122	0.021542435899999997	-0.054099710599999996	0.004909066	0.0885970337	-0.026494817400000002	0.0830901525	0.0033949019	0.04812228440000002	0.09561881050000001	-0.020245347099999998	0.06349417980000001	0.0540936083	0.010425276899999999	0.020044534	-0.019718750900000002	0.0416068135	-0.1349183948	0.0458307286	0.0796722208	-0.035995024	-0.0398218915	0.0560743542	0.0371489064	-0.038778012599999995	0.1379938358	0.0060514802	-0.011561929399999999	-0.0815444065	-0.0085155763	-0.0866682841	-0.0188883661	-0.0495255749	0.0642445833	-0.029787413999999998	0.0450618795	-0.0595700213	-0.1489853293	-0.11379447109999999	-0.11373428460000001	-0.0915269548	0.0199731961	0.1638266497	-0.1988642787	-0.027649061699999998	0.10518565740000001	-0.2504666425	0.0697333698	-0.2985167036	-0.045718942699999994	0.1508851177	-0.07265695280000001	-0.0557009444	0.0029108532	0.1127564375	0.0528501605	-0.24998632699999998	0.2339374745	-0.0344165622	0.0495626157	-0.0462377856	0.030973649199999998	0.1357974269	-0.1429102237	-0.0367219398	0.0766936998	-0.0124631558	-0.0277311706	-0.042679777099999996	-0.0696287069	0.0091437065	-0.14119724919999999	-0.0956813126	0.0527364286	-0.056855074900000004	0.0316603737	0.0408217089	-0.1158689294	-0.0583077221	-0.0940813541	0.0977365414	0.057102589400000014	0.0234314094	0.038085925699999995	-0.0111549499	0.09529865480000001	-0.0745765301	0.0036001931	-0.0028896048	-0.0183345953	0.0315879948	0.125700617	0.0449256745	-0.0212838538	0.09234982060000001	0.0238442959	0.1515607286	-0.0403500233	0.1066407009	-0.0550385105	-0.0678592946	-0.00552967	0.0229835444	-0.04116373	0.025891715200000002	0.05378007889999999	-0.0710899518	0.0548822446	0.0569381063	-0.0101701541	0.1116102457	-0.0437613653	0.0457473693	-0.0625608044	-0.1012434574	-0.0131579	-0.00635899	0.00017313033241000002	4.04367538201e-05	0.138087	0.1169491	0.013677091990809995	0.019068019569	0.164022	-0.05571299999999999	0.026903216483999997	0.003103938368999998	0.000205977	0.000437514	4.2426524529e-08	1.91418500196e-07	-0.00064686	-0.00022592699999999995	4.184278596e-07	5.104300932899998e-08	-0.000478396	-0.000257795	2.2886273281599997e-07	6.6458262025e-08	0.0	0.0	0.0
8579.756745217017	32.707800062880786	73612225.80709691	1069.800184953384	10523.329033627246	53.968326229100064	2912.580235970569	110740453.94998214	6303.498751810634	25.03620619224512	39734096.514078215	626.8116205006127	6360.314239719171	10295.762784802844	1.139314	41.016953	0.17284832	0.106066	0.042837156200000004	-0.20120425530000002	-0.078189114	0.0190961227	-0.0423130201	-0.050251326	0.1346776298	-0.0639861209	-0.1168708039	-0.116519364	-0.0942391844	-0.067370505	0.1375407192	0.013566327	0.13020528439999998	0.0094513862	0.05796374980000001	0.1453070951	-0.1221811059	-0.2210134245	0.0261784459	0.0179198708	-0.013820886999999999	-0.0841549237	-0.0733952849	-0.09646933390000001	-0.1147528718	-0.0183242576	0.1470971874	-0.0124880474	-0.1104059	-0.0058539751000000004	0.20691789230000002	0.0369516119	-0.0198440195	-0.1317279247	0.0374730683	0.07555033139999999	-0.0800383223	-0.05604130349999999	-0.07632362690000001	0.05551503519999999	-0.0653239271	0.1397180448	-0.021886261	0.0683896504	-0.0323819973	0.0820828856	0.022707219900000002	-0.1063763009	-0.0486060903	0.0891762119	0.036256353	-0.0313232514	-0.17132331899999995	-0.0534191366	0.07528698980000001	0.0189010634	-0.0684330548	0.0984800185	-0.1139207514	0.1194869764	0.0670116179	0.0190822535	-0.026588322400000003	0.10843009890000001	0.075589578	0.0019624328	-0.0496668595	0.08702358240000001	-0.08124028429999999	0.1125038042	-0.07278201299999999	0.1242315701	-0.0519234134	0.02958523	-0.1277971592	-0.1123552016	0.0620059483	-0.031645370299999996	0.1032063466	0.2147238575	-0.0553342225	0.0790832369	0.050570995199999996	-0.1278462084	0.0163319812	0.025848558100000002	-0.1048444688	-0.0891891965	0.024223886	0.0636707517	-0.0223872037	0.0005953169999999999	0.057879163399999996	0.021093473999999997	0.00242079	0.0135554875	-0.0035439794	0.025194573300000002	0.0546901463	-0.1029454672	-0.0743374381	-0.11671745689999999	-0.0461075229	-0.0021804598000000003	-0.12990923070000002	0.1797317238	-0.0676029983	-0.0434253469	0.1056560134	-0.025549814599999998	0.0824604382	0.1607385997	-0.054150820700000005	0.059803545300000004	0.1013806956	0.008007956600000001	0.0532577599	-0.0885588763	0.0741081807	0.031868721	-0.1890183734	0.0165692573	0.0556059192	0.1472547948	-0.0624805894	-0.0024586798	-0.08718465140000001	0.0668705599	0.0655628675	-0.042839420700000005	0.028403336600000002	-0.016072078	0.020943849	0.0017812402	-0.1317496461	0.009125168000000001	0.1082009257	-0.0747130033	0.08676458279999999	0.0412919503	-0.0509092562	0.031578226099999995	-0.0269715516	-0.0104382397	-0.1093945706	-0.017235248300000002	-0.1496709283	0.11517072980000001	-0.0203400277	0.0760837029	0.11999453539999999	-0.0517555067	-0.018821566100000003	-0.2323382960000001	-0.0078580104	-0.014470948400000001	0.08646041300000001	-0.1435371355	0.062336095	-0.2165319453	-0.0724492734	0.0262984533	0.0807746263	0.0245159445	0.0982075249	0.0457105307	-0.0296846877	-0.0416961246	0.015676503600000002	-0.012108993	0.00043113019999999996	-0.0441800124	0.0402997063	0.044196297	-0.0652659867	-0.1001291168	-0.00686528	0.0062926200000000005	4.71320694784e-05	3.95970664644e-05	0.0386104	-0.09947659999999997	0.009895593947559995	0.0014907629881600005	0.14694400000000002	-0.017077999999999982	0.02159253913600001	0.00029165808399999937	-0.000117823	-0.0003238	1.3882259328999996e-08	1.0484643999999999e-07	-0.000165584	0.000481276	2.7418061056e-08	2.3162658817600003e-07	-0.00028345	0.000194946	8.034390249999999e-08	3.8003942915999987e-08	0.0	0.0	0.0
8625.491704123036	45.734958906019536	74399107.13789533	2091.686466135295	10587.80104292963	64.47200930238432	4156.639983486731	112101530.92466176	6332.9138083969865	29.415056586352872	40105797.304585226	865.2455539783417	6396.372750778243	10463.37122644616	1.130294	40.692245	0.054535739999999985	0.0301831	0.0541673963	-0.1122493433	-0.0692606362	0.104106799	-0.0150329665	-0.152294659	0.009831114699999999	-0.07515273730000001	-0.0724478748	-0.0518894032	-0.0986180749	-0.080396199	0.01898208	-0.06298462219999999	0.10712203140000001	0.0264605621	-0.0758882548	-0.029714264	-0.0440190938	-0.0168030561	-0.0610999054	0.0718918174	0.0239941726	-0.1146237157	0.0065965573	-0.0401201041	-0.0015541806	0.125240034	0.0650115762	-0.0697786389	0.088449905	-0.028123639900000004	0.0700554162	0.0653889921	-0.0148476105	-0.0515887691	-0.0712674288	-0.0575131697	-0.080597248	-0.0699954277	0.0160486449	-0.029864269300000006	0.072991912	0.047988656	0.0597495925	-0.1444011963	-0.0987756234	0.1475629979	0.0010673164	0.10713184949999999	0.05734608309999999	-0.048703340899999996	-0.0003804595	-0.005323128000000001	-0.0029358343	-0.11709828650000001	0.0219798877	-0.10966610689999999	-0.0057453988	-0.08504753220000001	0.06404352740000001	-0.0039022328999999997	0.1024765966	-0.0042082386	-0.0732049071	0.0815000749	-0.043191725300000004	0.0577338927	0.042329086200000005	0.0173093335	-0.0420767226	0.10065958859999999	-0.09628205199999999	-0.054843647999999995	-0.0344448227	0.020942582	-0.1088809682	-0.1238353725	-0.0185702191	0.07059951610000001	-0.065283418	0.1877383396	-0.0020204882	0.0614330062	0.0565506254	0.0017930856	0.07918005980000001	0.0040011619	-0.0015555714	0.0375589493	0.0953289052	0.061168180999999995	0.0686813413	0.1193060276	0.0095160417	0.0754513109	0.0710028251	0.019177310700000002	-0.0386345725	-0.08216358879999999	-0.0637452742	-0.014737657099999999	0.1215553189	-0.09514250140000001	-0.0139168969	0.1329378713	-0.0428572965	0.0109233371	-0.0681041968	-7.04328e-05	0.0866025559	0.0724693231	0.0354618626	0.0038856778000000004	-0.1154937897	-0.0883573866	0.0851743579	0.082934515	-0.040912295	-0.0720252232	-0.0792862486	-0.0009125308999999999	-0.0542155451	0.1191179888	-0.0281361673	-0.0638149878	-0.0792481016	-0.1770016714	-0.06071067910000001	-0.055961721500000006	0.0637205009	-0.0783138946	-0.1594723966	0.08329491	0.0747866449	0.039463329	0.0082787817	-0.0356967692	0.050034598	0.0760431932	0.0085047475	-0.0413005573	-0.11718866130000001	0.0504823062	0.0087528238	0.0077526086	0.1323475318	-0.0309263439	-0.12339238460000004	-0.0020885897	0.0253089958	-0.0046004263	0.015362298	-0.1378921745	0.1067460117	-0.0755019409	-0.0684651079	0.025490601800000002	0.0640145416	0.0417787901	0.044812183	-0.0587943596	-0.0060554177	0.09335895	0.035279254100000004	-0.0736152195	0.0292849983	0.1398488533	0.0811599454	0.06108049400000001	-0.0764145262	-0.0076742574	0.0420314818	0.0381572933	0.0178555343	0.042632883499999996	-0.0678982752	-0.09876318460000001	-0.00694917	-8.389000000000053e-05	4.82909636889e-05	7.037532100000088e-09	0.024251	-0.014359400000000003	0.00020619236836000012	0.0005881110009999999	0.124212	-0.02273200000000003	0.015428620943999997	0.0005167438240000012	-0.000356034	-0.00023821100000000005	1.2676020915599999e-07	5.674448052100003e-08	-0.000165584	0.0	2.7418061056e-08	0.0	-0.00017445199999999996	0.00010899800000000003	3.0433500303999985e-08	1.1880564004000003e-08	0.0	0.0	0.0
8508.268387599941	-117.22331652309549	72390630.95543249	13741.305936673833	10444.479827500341	-143.32121542928869	20540.970792128584	109087158.86706156	6273.194654540333	-59.71915385665306	39352971.17375341	3566.3773373546	6334.515095107611	10325.861269462288	1.153276	41.519627	0.025963849999999983	0.0182861	0.0003665188	-0.0730184549	0.068404044	0.0718156635	-0.0604021454	-0.0059730057	-0.1334112069	-0.0300446484	-0.05851976480000001	-0.0823693031	-0.12462847099999999	-0.0008879956	-0.1159426447	-0.0718767127	0.0028442892	-0.0344646117	0.0725181703	-0.1480560182	-0.0929010608	0.047468221399999996	-0.0691937757	0.013982843100000001	0.050843953899999995	-0.0812147835	0.0659959247	-0.0851300849	-0.1289205217	0.1309261336	-0.0632043029	-0.066395889	0.1551677907	-0.12193387369999999	-0.16837731469999995	0.0342882525	-0.12247986640000001	-0.0314817161	0.0992968735	0.08818369949999999	0.0228399303	0.0155304469	0.0873193754	-0.0014839654999999998	0.0807857838	0.038716892999999995	-0.0910702622	-0.0633262723	-0.0485846077	-0.020638226200000002	-0.0919577343	-0.0034401314	-0.0654484387	0.0220832621	0.1060700184	-0.083929105	0.074426638	-0.018007873	-0.0213123708	0.0079756295	-0.05723356690000001	-0.0390741476	0.043481465899999995	-0.1140295664	0.0778198988	-0.054055060599999996	-0.0681330887	0.0211880033	-0.0409482279	-0.0697957645	-0.1151864284	-0.1316300975	-0.1056777416	0.0388085015	-0.0877665324	0.0614576658	-0.0718516821	-0.0083597168	0.016033905600000002	0.1253021659	-0.044611046200000004	-0.061822521	-0.0266166624	-0.0234398719	-0.0871485731	-0.14642154599999999	0.0637958705	-0.1376638168	0.09063456060000001	0.09591161460000001	-0.0804439743	0.03801145	0.038036345	-0.0728251051	0.08129191690000001	0.22644525510000002	0.0315064854	0.0363422964	0.0368445436	0.0826612866	-0.065819212	-0.014222368400000001	0.20501930129999998	-0.1442835974	0.1124481509	0.0412357327	-0.0043675324	0.1313904015	-0.0439766024	-0.21802640399999998	0.0016825614	0.1347625899	-0.015668513999999998	-0.14745341380000002	-0.059721239599999996	0.056275404800000005	-0.026404244599999998	-0.0292164425	0.051381449100000004	-0.030728265299999998	-0.07684858929999999	0.0352671942	-0.1002136208	0.1305724941	-0.0091269896	0.0545522737	0.001629952	0.0978525975	0.055839200199999994	0.0287029422	0.1110883659	-0.0571291558	-0.022207822999999998	-0.0835302103	-0.0642255469	-0.0411448533	0.1587273317	0.0156424954	0.2288981769	-0.025585229700000003	0.0218657123	0.0525733507	0.0443654509	-0.0911178367	-0.0098933931	-0.0890863348	0.029390051	3.04558e-05	-0.1592868075	-0.0341131109	-0.1315995335	0.1414229265	0.11590587320000001	-0.033114425	0.0249253833	-0.0597304483	0.039657397000000004	0.0852733154	0.053662032199999994	-0.1665420504	0.0454731316	-0.0061809182	0.0338442367	-0.033882853399999996	0.0690377234	-0.048225274900000004	-0.0571378779	0.0038697234000000004	0.0704175994	0.027644863999999998	0.0762355709	0.11538695339999999	-0.0864062039	0.008756431700000001	0.030521082999999997	-0.1071374655	0.0236672715	0.0410575653	-0.0704547299	-0.0971490931	-0.00694917	0.0	4.82909636889e-05	0.0	0.0251692	0.000918200000000001	8.430912400000019e-07	0.00063348862864	0.139946	0.015734000000000026	0.019584882916000003	0.0002475587560000008	-0.0005422669999999999	-0.0001862329999999999	2.940534992889999e-07	3.4682730288999966e-08	-0.000165584	0.0	2.7418061056e-08	0.0	-0.00017445199999999996	0.0	3.0433500303999985e-08	0.0	0.0	0.0	0.0
8480.798807459923	-27.469580140017573	71923948.41261366	754.5778330688478	10410.153844269327	-34.325983231014106	1178.2731247758616	108371303.06135546	6275.706784914081	2.5121303737478233	39384495.65021663	6.310799014706376	6334.543663908678	10091.884205656079	1.1048950000000002	39.777851	0.026466799999999985	0.0181391	-0.0706927268	-0.0781338534	0.1336496197	-0.021364642599999997	-0.0390795755	0.059051501299999996	-0.0709085063	0.0202236077	-0.0075075765	-0.1383121479	0.015547476499999999	-0.0342978216	0.031220335499999998	-0.0433334599	0.10156580330000001	0.0627273245	0.0079604879	-0.0146524507	-0.12075123480000001	0.0490788728	0.0604236161	-0.0397033151	0.0940703989	-0.0387729268	-0.0013313528	-0.053643489800000006	-0.1740943962	-0.0445623417	-0.0778946891	0.0517516245	-0.0327548464	-0.0022068348000000002	0.057839002	-0.1059706124	-0.0604919991	-0.079504836	0.002216021	0.0369923154	-0.0976768537	0.0042801608	-0.0206201521	0.11342187179999999	0.0183380871	0.11930554410000001	0.10611736699999999	0.013156188300000001	-0.011442513400000002	0.0819471636	0.0449058827	0.0549585194	-0.044940546	0.0509380753	0.021042124199999998	0.0237272447	-0.0585082712	0.021361203399999997	-0.019530998600000002	0.0096276725	0.0668455535	-0.0079938128	-0.0698652866	-0.028748237000000006	-0.0154541737	-0.1757950243	0.0566631203	0.0637515812	0.035671094199999996	-0.0327572976	-0.054321815	0.09436457050000001	-0.0269221637	0.0864968748	0.0017416596	0.05827217110000001	0.1163263751	0.1041813435	0.0092240003	-0.0261611878	-0.0273003931	0.03323205	0.008676946999999999	-0.1034409959	-0.0505950509	-0.0148811004	0.0334177815	0.028745830400000002	0.026942251099999998	-0.0811840293	-0.0052219723	0.0606315304	-0.0092866552	0.0869323234	0.0393401171	-0.0716955042	-0.2068316859	0.13742780570000002	-0.024615092	0.1272716559	-0.0163733617	-0.0181990759	-0.0315991815	-0.17247626559999998	-0.0134713048	0.09154528349999999	-0.0040661413	-0.0214962035	0.0019614853	0.0422524512	0.0840447095	0.0140672528	0.0715742601	-0.0008228930999999999	0.1180887022	0.10868609720000001	-0.07197808950000001	0.0846977952	0.1096553898	0.0392271612	0.0170517208	-0.11001864800000001	-0.0056672727	-0.1089805311	-0.12063950539999999	-0.0113063768	-0.0659264853	-0.0488855072	-0.0554205029	0.005887789599999999	-0.0028569822999999998	-0.019953267099999998	-0.0315414369	0.012144201399999999	0.0210738786	-0.0124848616	-0.038743656200000004	-0.0701777038	0.026053618799999997	0.0607271954	0.1079739106	0.1034857344	0.11204214359999999	-0.06683362179999999	0.0032684015999999995	0.0657236289	0.0085864611	0.08649900349999999	-0.0597289921	-0.013353568799999998	0.07767043259999999	0.11852728230000001	-0.0828214883	-0.0004007257	-0.0374434841	0.0013883335	-0.019271661399999997	-0.017203998	-0.0029812775	0.0283110119	0.12256296009999999	0.0031478355	-0.0065867582999999995	0.1257165197	0.0135560697	0.0692234583	-0.0685329017	-0.0650910007	0.0829955797	-0.1058241475	-0.1841364713	0.1013187294	0.0285606905	-0.0464113647	0.029891434900000007	0.043939443200000004	-0.0565469397	0.0394707823	-0.0729324957	-0.09529089789999999	-0.00694917	0.0	4.82909636889e-05	0.0	0.0411276	0.0159584	0.00025467053056000004	0.00169147948176	0.13154900000000005	-0.00839699999999996	0.017305139401000015	7.050960899999933e-05	-0.000584495	-4.2228000000000064e-05	3.41634405025e-07	1.7832039840000049e-09	-0.000165584	0.0	2.7418061056e-08	0.0	-0.00017445199999999996	0.0	3.0433500303999985e-08	0.0	0.0	0.0	0.0
8559.001491132149	78.20268367222525	73256506.52520235	6115.659733538127	10481.888707015949	71.73486274662173	5145.890533276658	109869990.86626849	6326.433566771173	50.726781857091744	40023761.67476903	2573.2063975769715	6383.417188798249	10035.132238684822	1.079349	38.858135	0.019132359999999987	0.0116035	-0.08811075869999999	-0.063715643	0.1017630985	-0.0946828662	0.0255652066	0.011663627	0.0095898712	0.1115226089	0.065470657	-0.082559249	0.0213382698	-0.1024157528	0.0543520012	-0.1083395206	0.025058854900000004	0.0222305991	-0.0823170648	-0.0415722132	-0.0200888609	0.0478568471	0.1260291513	-0.0255823369	0.0031121971999999998	0.029974826200000002	-0.0222849506	0.117440595	-0.017033705700000002	0.0370150865	-0.0352271542	0.0891486867	0.0805649592	-0.0139403023	-0.034558527	-0.0323845325	0.010589755400000001	0.1177973499	0.011248396599999998	-0.059512060199999994	-0.0830967296	-0.0927431453	0.0454207372	0.0339454642	-0.1465151798	-0.1954383333	-0.1472577066	0.0257763797	-0.1535127841	0.0778793039	-0.0780531372	0.0017484973	-0.0255122479	-0.05741372400000001	0.1004779972	-0.0209050615	0.054088955999999994	0.0867480254	0.046518721500000006	-0.062320491900000004	0.056932530599999996	0.0642863917	-0.0059903863	-0.0461224162	0.0467823594	-0.057310170199999996	0.13776673779999998	-0.09737180699999999	0.1271387258	-0.0697024228	-0.1493532127	0.0149194216	-0.040749456499999996	-0.0319597108	-0.0022036296	0.0654363234	0.073946709	-0.0158622735	0.0301051921	-0.006965454100000001	-0.037071406800000005	-0.0072700662	-0.013270359399999999	-0.022472216	-0.0464497036	0.1766391815	-0.0090954941	0.0178059012	0.0313269948	-0.08039710559999999	0.049376483	-0.0210982027	-0.0632891924	-0.0765440401	-0.1926337412	-0.059523926	-0.08312854360000001	-0.0786780443	0.08132154400000001	0.1320039707	-0.0428074293	0.0530581385	-0.0317757281	-0.0343336344	0.0210033967	0.0317721799	0.1115817318	0.044731425899999996	0.011976269	-0.068461272	0.015247326299999999	0.0161283414	-0.12221605039999996	0.1369960226	0.1363337531	-0.0090551449	-0.007569035999999999	0.0032264008	-0.1332713708	-0.1032080703	-0.0247383774	0.0905572268	0.0410380017	0.151396841	-0.0414375743	0.0971994939	-0.078656377	0.0402164853	-0.0315942092	-0.0753389696	0.1006299565	-0.097182288	0.062093206399999996	0.0006486848	0.1428252626	0.0117433176	-0.0053029874	-0.0550861299	0.0870204967	0.04857655599999999	0.019329203	-0.0149384106	-0.1216160859	0.0100678869	0.065688539	-0.021871451400000002	-0.1443798989	0.021693731400000003	-0.0926794349	0.0180353446	0.1099016036	0.027927955299999998	-0.0811858	0.0774249705	-0.0181775929	-0.0378285478	0.0661622458	-0.0390710747	-0.0039712306	0.0743073392	0.047224937800000005	0.043583370999999996	0.0973975666	0.0482182998	-0.12114143699999999	0.0124384675	-0.0016945219	-0.033582700800000004	0.0207433891	-0.0783310403	-0.0174338633	-0.1350001934	0.0457971878	0.0755311938	0.08647975039999999	0.0214577864	-0.001878829	0.0378729775	-0.0753288053	-0.09319326800000001	-0.00694916	9.999999999940612e-09	4.82908247056e-05	9.999999999881223e-17	0.0341527	-0.006974899999999999	4.864923000999999e-05	0.00116640691729	0.140029	0.008479999999999932	0.019608120841	7.191039999999884e-05	-0.000658044	-7.354900000000001e-05	4.3302190593599997e-07	5.409455401000001e-09	-0.000165584	0.0	2.7418061056e-08	0.0	-0.00017445199999999996	0.0	3.0433500303999985e-08	0.0	0.0	0.0	0.0
8510.694836673043	-48.30665445910564	72431926.60297321	2333.53286503143	10425.674950374994	-56.21375664095468	3159.9864356884755	108694698.17087664	6289.129442042295	-37.304124728878385	39553149.13876323	1391.597721787715	6346.163084066184	9973.842773584242	1.0044	36.15987	0.02823502000000002	0.0216039	-0.0883959662	-0.0681878857	0.0275178441	-0.0820024644	0.0780805485	0.0444966854	0.0670648908	0.0732177842	0.0970693972	-0.1145917974	0.014199490300000001	-0.027247478999999998	-0.0813645236	-0.0870104816	-0.0868764329	-0.0161996393	0.0201520566	0.021927221099999998	-0.06221139990000001	-0.0007296778	0.051691300999999995	-0.0051518454	-0.0620630028	-0.033958903900000004	-0.0342141492	0.053402686	-0.0990995283	0.0533565516	0.0890441564	0.0792801247	0.1204970616	-0.020143379	-0.1538586959	0.011261897199999999	-0.039683756699999996	0.0365279399	-0.0152891491	0.0008616295	-0.016793881299999997	0.1164611081	-0.0121340957	0.0647381677	0.030837705400000002	-0.040023135099999996	0.1289971308	-0.009849245999999999	-0.0727043242	-0.0272080937	0.029386859100000006	0.045349894	-0.0969716872	-0.0088521707	-0.1553493748	-0.1081652921	0.0366376162	0.069520112	-0.0040866037	-0.0021385847	0.055339793	-0.0441593077	-0.0396846829	-0.0026998219	-0.1524487626	0.0447085129	0.0126875732	-0.06606851799999999	0.0632886983	-0.014994495	-0.1521721923	0.0552003426	-0.0778483389	0.037738162799999996	0.0463476393	-0.0105788872	-0.0008345691	0.0144367279	-0.0643622614	0.0196308027	-0.09012632429999999	-0.029011303999999998	-0.1388941641	-0.0112318922	0.056272269699999995	-0.1068568729	-0.0409918535	0.018421327	0.0538643441	-0.0236266418	-0.0212020673	0.0706472862	0.068283387	-0.1026679567	-0.0153691356	0.0300917886	0.1344760384	-0.1011335644	0.11660974880000001	-0.011348730900000001	0.028066652999999997	-0.0691381421	0.021727772000000003	-0.1071611577	-0.0244656321	-0.0625627666	0.1227274399	0.0716556262	0.016670211100000002	-0.1506383536	0.0408249502	0.019555024	0.005690951600000001	-0.0187846642	-0.0344237934	-0.036467089700000004	0.0238761033	0.09064404849999999	-0.0895593771	0.061779203899999996	0.044869731600000004	0.0279663924	-0.13394058679999998	-0.08751794880000001	-0.0891588807	0.0094365522	0.0183881043	-0.0832496192	0.0809042287	0.0557514788	0.12414560890000001	0.0992793292	-0.0307794661	-0.020810533200000002	0.0052368663	0.0360127799	-0.1036078133	-0.0549637891	-0.038857672200000005	0.021373864399999998	-0.0122587464	-0.0311865921	-0.1205967575	-0.1310302123	0.0601360646	-0.0210942408	0.12127783550000001	0.0287885611	-0.0580922457	0.0396499303	-0.0696902137	0.0266975969	0.0450979103	-0.0133778315	0.0283523471	-0.055006122000000005	0.12902968	0.0820054057	0.0063957464	-0.0792773259	0.1016821485	0.1422099866	-0.053258795899999996	0.0557869983	-0.0534533561	-0.0642960348	0.0335057373	0.0067215114000000005	-0.0491062055	0.06826044049999999	0.0183798349	-0.0518351191	0.0275583125	0.0519601732	0.053253476699999996	0.0257748004	0.08247284769999999	0.036264597200000005	-0.0776409821	-0.0908614741	-0.00694884	3.199999999998343e-07	4.82863773456e-05	1.0239999999989396e-13	0.0342686	0.00011589999999999516	1.343280999999888e-08	0.0011743369459599998	0.148618	0.008589000000000013	0.022087309923999997	7.377092100000023e-05	-0.00026786400000000004	0.00039018	7.175112249600003e-08	1.5224043239999995e-07	-0.000165584	0.0	2.7418061056e-08	0.0	-0.00017486799999999998	-4.1600000000001775e-07	3.0578817423999994e-08	1.7305600000001475e-13	0.0	0.0	0.0
8475.204402550236	-35.49043412280662	71829089.6650069	1259.5709142252765	10401.456630258537	-24.21832011645711	586.527029263191	108190300.03114928	6270.259673237552	-18.869768804742307	39316156.369829096	356.0681747444259	6329.5889194904175	9948.89568192636	0.99418	35.791943	0.035811384999999994	0.0178299	-0.09377600470000001	-0.049833712800000006	0.001433086	0.0025168538	0.1281026274	0.011383090700000001	0.027307663599999997	-0.088471745	0.09844626699999999	-0.1364098622	0.0480618279	0.0280817119	0.04821493599999999	-0.0792188339	-0.0567387778	0.0548778033	0.034243647	0.00048060919999999997	-0.047331646500000005	0.045902568	0.0211059769	-0.009848585	0.0071526912	0.0096115439	-0.1167605798	0.0070103693	-0.1540016425	0.05664178230000001	0.0637107109	-0.07350883450000001	0.0403699928	-0.072391094	-0.1682315364	-0.1404831456	-0.000986865	0.0230916142	0.0409639832	0.021171022799999998	-0.0641099439	-0.0579849458	-0.06270323280000001	0.0282535773	-0.0287630181	0.011405685700000001	0.025391080299999997	-0.0065652448	0.0313617548	-0.007197676899999998	-0.11854043130000001	0.038522920499999995	-0.0489599823	-0.043852971100000006	0.0726366616	0.1589610817	-0.0673286024	-0.0056089676000000005	-0.1048468122	0.0057156136	-0.0676450558	-0.0598072867	-0.0880886458	-0.0054556975	0.042923481299999997	-0.0367375299	0.0717282236	-0.0029659421999999997	-0.0594280328	-0.0040582439	-0.0615591634	-0.04742145019999999	0.0750106693	-0.0635508325	0.1030428981	-0.1046895275	-0.0141785674	-0.0616560686	0.1052150194	-0.0330880426	0.1660119725	0.0090504691	0.0686260814	0.0088870089	0.0385457958	0.1468296214	-0.1282833785	-0.0466194274	0.0316768776	-0.0429139006	0.0220205855	-0.0024899676000000003	0.0418965818	-0.058125211100000004	-0.0951417548	-0.0206114111	0.0820514457	0.1109959041	0.060446685	-0.0058921298	-0.0623477866	-0.0812934928	0.1415174353	-0.15392426509999999	0.015321944099999997	-0.09732200769999999	-0.0407887066	0.0048496896	-0.000799016	-0.16204975	0.13987497210000002	-0.0023050688000000002	-0.0868540618	-0.004005003300000001	0.043540088600000006	0.0410922223	-0.0494296037	-0.020691567	0.0024269765	-0.0023719588000000002	0.0498331172	-0.0381706637	-0.0148844271	-0.0207836432	0.036648152	0.0255682312	-0.0823271836	0.0797868545	-0.025453762799999998	0.0410433943	-0.06536442190000001	0.000511537	-0.16232178560000002	0.0099715361	0.0618362466	-0.10604561300000001	-0.023738376000000002	0.1046690109	0.09953315859999999	-0.0323765506	0.100937632	-0.0321184758	-0.0192584552	-0.0018754349	0.0477202088	-0.0852276008	-0.08807369	-0.0369331184	0.0446787542	0.1043183553	0.0236423035	-0.1222702739	-0.0371631261	-0.11864927119999999	-0.0137362995	0.1513145138	-0.046089593	-0.0032856137	0.0341405793	0.011528624599999999	-0.021591480899999998	-0.0099284864	-0.0202047303	-0.0680500802	-0.091251043	0.0768863419	0.0622586169	-0.12260261300000001	0.1793296748	0.0641389147	0.0353241324	-0.1020072832	-0.05600055	-0.0296172771	0.010963784499999999	-0.0479970004	-0.0369901936	0.0346460904	-0.0798664439	-0.0883013753	-0.00486891	0.0020799300000000007	2.37062845881e-05	4.326108804900003e-06	0.0483909	0.014122300000000003	0.00019943935729000006	0.00234167920281	0.14468	-0.003937999999999997	0.020932302399999998	1.5507843999999974e-05	-0.000443823	-0.00017595900000000003	1.96978855329e-07	3.0961569681e-08	-8.914889999999999e-05	7.643510000000003e-05	7.947526371209998e-09	5.842324512010003e-09	-0.000113839	6.102899999999999e-05	1.2959317920999996e-08	3.7245388409999983e-09	0.0	0.0	0.0
8561.21879072422	86.01438817398413	73294467.18264948	7398.4749729448195	10527.199468653413	125.74283839487543	15811.26140759976	110821928.6528167	6328.53070398066	58.27103074310799	40050300.87122595	3395.513023864236	6391.154157335738	10047.888855416413	1.039959	37.440033	0.02916513999999999	0.0140036	-0.0872923674	-0.0251224228	0.0340896729	0.0747173168	0.06837984679999999	-0.0830075348	-0.0672348257	0.0133972247	0.0496573693	-0.054995161699999996	-0.017225500300000002	-0.0735895404	-0.1052817136	0.0122321253	-0.0157847796	0.0314122012	-0.1222721802	0.10600505269999999	-0.0335988119	0.0257268321	-0.0581067327	-0.0541125466	-0.1017254139	0.0286410097	-0.0161102258	0.018700793400000002	-0.014345759599999999	0.084318738	0.022789019900000002	-0.0715297689	0.025888195899999997	0.0305903398	0.0278393721	-0.0013087618	-0.0675718673	0.008943075	-0.0525335401	-0.0336651203	-0.0437320178	0.0125638279	-0.003051898	-0.0937461686	-0.0252013822	0.049302295499999996	-0.024580640600000002	-0.1470974422	-0.0510903615	0.09842089710000004	0.0789780968	0.0977378211	-0.045229864800000005	-0.1544157474	0.0501097313	-0.0473539169	-0.1244744201	-0.1312079781	0.1645695994	-0.0114736282	-0.08010613280000001	-0.0515741646	-0.0690923167	0.019420634699999998	-0.0522032183	0.0646771979	0.0590271691	-0.1052688424	0.0866131092	0.060148174299999996	0.0717068547	-0.0336803358	0.0341937437	0.0098804519	0.0409413041	-0.0280959619	0.0290705524	-0.0386224048	0.0913601637	-0.027896707200000002	0.0240995553	0.0791051917	-0.15952336220000002	-0.168742272	-0.24192525399999998	0.047580985	-0.0402191657	-0.0423130774	-0.1097985453	-0.0437978049	-0.1219426358	-0.1341996252	-0.033821741	0.0421690842	0.0101013916	-0.0165776308	0.17031841890000002	0.0634303573	-0.0272507606	0.0299843419	0.0194329974	-0.098045605	-0.13213460470000002	-0.0271440877	0.1229609908	-0.0488355418	-0.0184571568	0.035967765	0.005403665699999999	0.013717399199999999	0.0192188433	0.0752323671	0.0903812605	0.0588996209	0.0335489102	-0.0330295076	-0.0406621914	-0.0608975848	-0.0226880317	0.1302749417	-0.0584428036	-0.0190658808	-0.014342244399999999	0.0303765667	-0.0682491598	0.0756031222	-0.09001589130000001	-0.054612534000000004	-0.0692334075	-0.09035267220000001	-0.0764209909	0.1517783941	0.0724395675	-0.22663169649999998	-0.0037994237	0.0168451809	-0.047826817800000004	0.0993737259	-0.10546898880000001	-0.0147926236	-0.0579602607	0.0809021613	-0.0486311788	0.0171061549	0.1390225105	0.0106136818	-0.0662869513	-0.0537394787	-0.0203995005	-0.06632469889999999	0.15864133730000002	0.0162426453	-0.0317549796	0.0151922619	-0.0719931079	-0.0334887924	-0.1471480711	0.1444408751	0.045587054	0.0914840294	-0.0081683129	-0.052407886699999996	0.144168709	-0.0562489074	0.0359028525	-0.051533284500000005	0.1785027588	-0.0819343804	-0.0445891606	0.0344670449	-0.12032322029999999	-0.1260321621	-0.09330056029999999	0.0120197655	0.0259748808	0.123048768	-0.0542412963	0.0330179092	-0.082002705	-0.0855194041	-0.00701491	-0.0021460000000000003	4.92089623081e-05	4.605316000000002e-06	0.040053	-0.008337900000000002	6.952057641000004e-05	0.001604242809	0.154294	0.009614000000000013	0.023806638436	9.242899600000022e-05	-0.000373828	6.9995e-05	1.3974737358400006e-07	4.899300025e-09	-0.000165584	-7.643510000000003e-05	2.7418061056e-08	5.842324512010003e-09	-7.89243e-05	3.4914699999999986e-05	6.22904513049e-09	1.2190362760899995e-09	0.0	0.0	0.0
8547.162476275153	-14.056314449067939	73053986.395846	197.57997589107617	10455.501115571176	-71.69835308223628	5140.653834705021	109317503.57771009	6308.534899357789	-19.99580462287122	39797612.57641519	399.83220251603797	6367.518187820168	10045.840140406244	0.993989	35.785061	0.11571064499999995	0.0550553	-0.08138025900000001	-0.017679953300000002	0.1128323612	0.026178308900000002	-0.0043003915	0.0017529135999999998	-0.0814796924	0.026085274	0.0272861348	-0.0487444636	0.08970524960000001	-0.0897871241	-3.35739e-05	0.006872499200000001	-0.0104620866	-0.0193015086	0.0346294466	-0.0245619388	0.011944641	0.0937792735	-0.06431828769999999	-0.0373529971	0.007306253100000002	0.1011333813	-0.0131538856	-0.0260632043	-0.057647489	0.0584565113	-0.0463032144	0.0181839123	0.0527804637	-0.0511666771	-0.0174842862	-0.0616952278	-0.0183628662	-0.0378269798	-0.0237194308	-0.0259460613	0.0404800319	-0.028179392999999997	0.09598866460000001	0.0680237372	0.058598436799999994	-0.11058379269999999	0.047703673700000004	-0.0486569931	0.0236692542	-0.055138412000000005	0.12321592699999999	-0.1166271042	0.0612733337	-0.0604275397	-0.0320748531	0.0520503899	-0.1424073212	-0.0107513572	0.10076290560000001	0.0032784784999999998	0.0479961668	0.1138281039	-0.0102291548	0.0072729330000000005	0.0035160063	-0.0809493833	-0.1550430814	0.0502519293	-0.0313891949	-0.0139262694	-0.0156894107	0.0272977671	0.0456204355	0.0217875312	0.0101771021	0.07013155360000001	-0.048799493	-0.037019233900000004	0.0766853059	-0.0465771714	-0.0245394495	0.036576063799999996	0.12866269519999998	-0.009236587	-0.0315204767	0.103192361	-0.06456707860000001	-0.1088198249	0.0219099308	-0.0610851797	0.0163311331	0.159594813	-0.11311620300000001	-0.0646673708	0.048922337999999996	-0.0414208601	-0.0569407552	-0.0045723479	-0.09496931380000001	0.1270120017	0.020880648	0.0350179789	-0.0312659969	-0.0631304386	0.0594345911	0.06743255849999999	0.022593809500000003	0.0469504759	-0.012926061899999999	-0.0529970259	0.10157703789999999	-0.027256040699999998	0.0090527637	0.028425294700000006	0.0332116354	0.024501030400000002	0.036026324500000005	0.0139199978	0.024451763799999998	-0.0420815333	-0.10570384099999999	0.14362677869999999	-0.026708501000000003	-0.0884143701	0.0079073971	-0.0515965425	0.0535220263	0.0007303810000000001	0.048577388099999994	-0.1282325372	-0.1232353672	0.047217274299999994	0.09737827980000001	0.0023818908	0.0415157087	-0.0270969643	0.0294342585	-0.0598961997	-0.0577017749	0.11239336220000001	-0.0573461329	0.0294993065	0.0581089702	-0.1021937339	-0.102243623	-0.0208586375	-0.0647008948	0.0094895094	-0.0733872644	-0.0127090797	0.0628081814	-0.0135460348	0.040969239	-0.0034139739	-0.105272379	0.07095333919999999	-0.1225246362	0.0140947403	-0.0392206878	0.0476508412	0.0979276001	-0.0495907872	-0.054709763700000004	-0.15537522369999998	-0.0987107215	0.08336572889999999	-0.1246372868	-0.10055832099999999	-0.0662632823	-0.065253747	0.0168338249	0.0804725183	0.051325304100000003	-0.1452356268	0.0109881668	0.0413582174	-0.09172247039999999	0.0313805081	-0.08404737960000001	-0.0825225509	0.007814100000000001	0.01482901	6.106015881000001e-05	0.0002198995375801	0.0824673	0.0424143	0.0017989728444899997	0.0068008555692899994	0.13448	-0.019814000000000026	0.0180848704	0.00039259459600000105	-0.0007573929999999998	-0.0003835649999999997	5.736441564489997e-07	1.4712210922499975e-07	0.00015193	0.000317514	2.30827249e-08	1.0081514019599998e-07	-0.000150912	-7.198770000000001e-05	2.2774431744000003e-08	5.182228951290001e-09	0.0	0.0	0.0
8533.266073981022	-13.896402294130896	72816629.88935548	193.10999672032642	10420.187755245153	-35.31336032602303	1247.0334175155376	108580312.85456105	6307.052642453993	-1.4822569037960418	39778913.034685895	2.197085528851029	6363.4295334396265	10107.074588981754	1.007039	36.25486400000001	0.08562961499999999	0.0453126	-0.0639171053	-0.0448070313	0.0796736367	-0.0832287506	-0.0052189637	0.0729744646	-0.0287510056	0.0715043926	0.0387519833	-0.0476597319	-0.0617057818	-0.0287705068	0.0136239606	-0.0651408554	-0.053118095899999995	-0.0007653071	-0.0793033502	0.0585289353	0.0092153211	0.0453836864	-0.0770759551	-0.0528974942	0.0052077901	0.0013890007	0.0767998616	-0.0007297257000000001	-0.0663208534	0.005504567199999999	-0.0326269483	0.0955804616	0.0298636275	-0.0165221485	-0.0257209114	0.0507420836	-0.07535746480000001	0.0836826169	-0.011987053300000002	-0.029022694300000002	-0.031159117400000002	-0.1482038683	0.050957458600000005	-0.11132161119999999	0.0347501929	-0.1029701192	-0.057529430199999995	-0.0120475798	0.1089468301	0.0436880116	-0.11061402099999999	0.00017010930000000001	0.058210316	0.036263561	-0.0910275668	0.1188054482	0.0363219148	-0.0168051211	-0.00166912	-0.0001325816	0.0722378527	-0.0280596983	-0.0231292602	-0.1658461582	-0.030425871299999997	-0.045455793099999996	0.0087580457	0.0325522746	0.018128743500000002	0.0339700131	0.0467028662	-0.058200539100000004	0.0471112125	0.0543204645	-0.023550406800000003	0.0107235688	0.1465578132	0.0545279693	-0.0353246874	-0.054710745199999994	-0.0100792695	0.1662072822	0.0178754999	-0.0668137525	0.027123348	-0.1016527344	0.1065008259	0.0658382659	-0.0347292518	0.0170779952	0.0377017625	0.0220308791	-0.1093180772	-0.0920339081	0.10544381	-0.10084542939999999	-0.06169412110000001	-0.0200606485	-0.0694071349	-0.0795244211	-0.047069622	-0.0985319191	-0.0838912116	-0.0737809274	-0.0005793998	0.0526811778	0.0838222043	0.0056641191	-0.0021928489	-0.0618224204	-0.0658521899	0.0711844162	-0.0028081027	0.0548767413	0.0661400664	-0.0552106941	-0.0680330104	-0.0782225394	-0.0094723289	-0.0966752523	0.012495140600000001	0.0330240423	0.0737835117	-0.0012989108	0.0983783927	0.07615498400000001	0.058276169	-0.11055790730000001	0.016263923700000002	0.0650747768	-0.155729698	-0.048866778799999996	0.028906967000000002	0.0349193597	0.0506553484	-0.041887381800000005	-0.0417776312	-0.037269073300000004	0.06425865480000001	-0.1409231646	0.0282393995	0.1304563557	0.0092946926	-0.0038742003999999997	-0.048269422699999995	0.047888441500000004	0.0078840265	0.0358972286	0.1437287062	-0.122031297	-0.0123787305	0.06323466559999999	-0.1116018434	0.0523397632	-0.0313200156	0.0222090349	0.013441266	0.0308798846	0.041364057	0.0491893712	0.0825086059	0.0525052353	-0.0251024532	0.0696965807	0.000365266	-0.057133919299999995	-0.1628275245	0.1217887325	-0.057428599000000004	-0.08470884220000001	-0.09263917529999999	-0.07093426139999999	0.0009996375	-0.0643208266	-0.0243415722	-0.0283665056	0.0505579928	0.029734344399999998	-0.08599818390000001	-0.07931834559999999	-0.00217895	-0.00999305	4.747823102499998e-06	9.98610483025e-05	0.0457392	-0.036728099999999986	0.0013489533296099994	0.00209207441664	0.155543	0.021063000000000026	0.02419362484900001	0.0004436499690000012	-0.000813913	-5.652000000000023e-05	6.62454371569e-07	3.194510400000025e-09	-8.892929999999998e-05	-0.0002408593	7.908420398489997e-09	5.801320239648999e-08	-9.1382e-05	5.953e-05	8.350669924000002e-09	3.5438208999999993e-09	0.0	0.0	0.0
8547.114891690602	13.848817709580546	73053172.97175926	191.78975195319168	10460.04832098432	39.86056573916722	1588.864701046471	109412610.8773269	6315.459169738977	8.406527284983895	39885024.52464013	70.66970099317871	6372.068498722316	10043.787967605296	0.994147	35.79076	0.09845827499999996	0.05879259999999999	-0.0688259449	-0.06560906379999999	0.0056366154	-0.0914982275	0.06843838719999999	0.029793466	0.0983249231	0.0734470035	0.0639147486	-0.08834100460000001	0.055623813700000004	-0.034318745299999995	-0.0045984028	-0.0241461373	0.0334092789	-0.0320839045	0.0033305183000000003	-0.0716307422	-0.0475492803	-0.002997572	-0.008085130500000001	0.000172237	0.1128111218	0.10015170359999999	0.0489988186	0.23089683190000002	-0.045646064800000004	0.0031779779999999997	0.0891061492	0.0499752953	0.0147390678	0.020225126	-0.029426521400000002	-0.0321945079	-0.019298136599999998	0.036963822400000006	-0.1376432043	-0.0395265586	0.0023325678	-0.0051431648	-0.0061358918	0.064289495	-0.0592218144	-0.0130182727	0.0238613638	-0.0627357903	-0.1232122535	-0.0191838617	-0.0385770454	0.0392750979	0.01972585	-0.053196825700000006	0.028442006800000006	-0.0503025685	0.0379377477	-0.011934263899999999	0.08898551810000001	0.0060340517	-0.0617144138	0.034147349300000004	-0.0126979272	-0.0652421926	-0.044282845099999996	-0.060813142	-0.0175768686	-0.0627271808	0.0500169692	-0.0707102565	0.09485264789999999	-0.031300015699999996	-0.021455876800000002	0.0044751952000000005	-0.047782432	-0.0566475412	0.2172058895	-0.0428227562	0.0023640213	0.0010406122	0.13803919650000002	-0.0188485805	0.0749721127	-0.023977929	0.0013434531	-0.0502566363	0.0825373006	-0.1735854668	0.0695323496	0.0045559091	0.0414270326	-0.0852079818	0.1236211581	-0.12157975039999999	-0.08351273599999999	0.0496771561	-0.0615795995	-0.0315731997	-0.1969395873	0.11247498619999999	0.051293715499999996	-0.054712784199999996	-0.06848020469999999	-0.053568339400000005	-0.0326148179	-0.0599238673	0.09280595359999999	0.0008543747	0.0230725865	-0.0198104209	0.0566988729	-0.0137170175	0.0553819639	0.11871133539999999	-0.0033496077000000003	-0.004062324	0.0471908972	0.0378660811	-0.07819110259999999	-0.0159604679	-0.0191783639	-0.0082565201	-0.0271982012	-0.0008137071	0.0063855337	0.1040670551	0.0724071758	0.0010025153	0.0002548629	-0.0547607788	0.034989441	0.0019424810999999998	-0.0002680658	-0.0868986586	0.0384540511	0.023763802999999997	-0.038703637400000004	0.052292164599999996	-0.0028747798	0.0103212292	-0.08773042789999999	0.09626321	0.0263127277	0.0374866329	0.0531543708	0.0411167007	-0.1184580527	0.10510467550000001	0.050251312199999995	-0.040534266299999996	0.1265862065	0.033753769100000004	-0.1082021993	-0.0758603442	0.0302881484	0.009659396899999999	0.0586277445	0.0871856602	0.0685052334	-0.035109852000000004	-0.0099332216	-0.0283190753	0.0640849498	-0.1023690085	-0.0203328963	-0.1624277974	-0.027571381699999998	0.0076222784999999986	0.2067784482	-0.0947918049	0.1180268026	0.1046687417	0.1448058509	-0.043024974800000004	0.0814282538	0.0075782481999999984	-0.0819378705	0.0280798777	-0.0878529392	-0.0759148394	-0.00396174	-0.0017827900000000005	1.56953838276e-05	3.1783401841000013e-06	0.0952745	0.049535300000000004	0.0024537459460899995	0.00907723035025	0.129415	-0.02612800000000001	0.016748242224999998	0.0006826723840000008	-0.000482403	0.00033151	2.32712654409e-07	1.0989888009999998e-07	-0.00010805100000000004	-1.9121700000000054e-05	1.1675018601000008e-08	3.656394108900022e-10	-0.000160994	-6.961199999999997e-05	2.5919068036000003e-08	4.845830543999998e-09	0.0	0.0	0.0
8543.867401933518	-3.2474897570846224	72997670.18182221	10.546189722369538	10491.140976531477	31.092655547156035	966.7532289740924	110064038.98945785	6313.989864514778	-1.4693052241991609	39866468.00919534	2.1588578418589464	6373.610082595073	10019.81967560263	0.994685	35.81010399999999	0.116445005	0.0671756	-0.0836990181	-0.0461754211	-0.0145702529	0.015058313799999999	0.1179039059	-0.0634692369	0.030372977599999997	-0.065167312	0.071109166	-0.058257489	-0.0170145819	0.028003898399999998	0.0876348934	-0.0612311366	-0.0252042681	0.061333159299999995	0.0141169873	0.0580647595	-0.035036118399999996	0.0015202293	0.0050808061	-0.0022869934	0.0929098274	-0.048127702300000005	-0.0814761284	0.0657838875	-0.0386065144	0.0732392697	0.041648806600000005	-0.0925852859	0.0173673645	0.0028538086	-0.0513595679	0.0599412088	-0.044526196	0.0085831211	0.05703159	-0.026932873599999997	-0.0099332327	-0.05270705059999999	-0.025178427799999997	0.0704224289	0.0197538201	0.0765179401	0.1014634266	0.0077075697	0.0335890442	0.0766685825	0.0318629106	0.0741358263	0.1484463906	0.0476861545	-0.0323444706	-0.0660941477	0.0027493169000000002	0.1216326717	0.047077622699999995	-0.0069017283999999995	0.0336748992	0.12853106890000002	0.07373898450000001	0.0078789907	0.010731893300000002	0.1227711038	0.041409013599999996	0.0628982429	-0.09791149119999999	-0.0632922572	-0.0192432451	0.0061033864	0.08004877120000001	-0.0010150288000000001	-0.043014282800000005	-0.0929092296	-0.0108509648	0.0129386829	0.0907122953	-0.044746406399999994	0.0492921214	-0.14591065460000002	0.0433005571	0.0460868465	0.0578054645	0.0009542826	-0.0141432277	0.020700881100000002	-0.0828886843	-0.06027756030000001	-0.0329815314	-0.1353441434	0.0090095039	-0.0070356258	0.015061658799999999	0.0771222358	-0.0375604556	-0.0197518515	-0.0469678385	-0.09348640289999999	0.08854542650000001	0.1638529523	-0.04887674559999999	-0.050236669000000005	0.0735871907	-0.1018302375	-0.013261081000000001	0.0009500311999999999	0.0024634052999999998	-0.07681783610000001	-0.0469956451	0.0487311798	-0.0139294496	-0.0286458152	0.0659767739	0.0466842358	0.0005264576999999999	0.0479495091	0.0518249988	0.0181930282	-0.0099209382	-0.0771304819	0.0153769941	-0.10940113480000001	-0.0062105734	-0.0060186325	0.126177241	-0.10313349279999999	-0.0782949628	-0.0825945489	0.0222092883	-0.0015701869	0.0385330648	0.0199344915	0.0417271825	0.024860786099999997	0.0036632885	-0.0864417393	0.0307602743	0.0365251648	-0.0428195269	-0.1916404837	0.020553142	0.0483796728	0.014973351000000001	-0.082321543	0.0035363928999999996	0.0010019126	0.0731927784	0.0035028812	0.0305387441	-0.021242656800000002	0.028112999	-0.1493746448	0.030057193	0.12330340279999999	-0.0686300542	-0.0923406834	0.0072612401	0.08378914009999999	-0.0379326478	-0.0752596276	0.0676490239	0.042659706500000005	0.0094389824	-0.0636635906	0.0020510451	0.0883868692	0.0005518	-0.09009527810000001	0.036411394	0.1210273326	-0.0502720443	0.044470973399999995	-0.0471631462	0.0273101152	0.16185380300000002	0.0264175701	-0.089609574	-0.07232058429999999	-0.00703884	-0.0030771	4.95452685456e-05	9.46854441e-06	0.039741000000000005	-0.055533499999999986	0.0030839696222499987	0.0015793470810000006	0.16158599999999998	0.032170999999999984	0.026110035395999997	0.0010349732409999986	-0.000839337	-0.000356934	7.04486599569e-07	1.2740188035599999e-07	-0.000165584	-5.753299999999997e-05	2.7418061056e-08	3.310046088999996e-09	-6.21929e-05	9.880110000000001e-05	3.86795681041e-09	9.76165736121e-09	0.0	0.0	0.0
8540.327593732627	-3.539808200890548	72937195.40827093	12.530242099091975	10464.578890241672	-26.562086289804935	705.5444280670433	109507411.35009162	6306.168093026229	-7.821771488548619	39767756.01750207	61.1801092190721	6365.1840403573815	10015.05594385854	0.994785	35.813725	0.08562757100500001	0.0456431	-0.0787252747	-0.0269148635	0.0863894921	0.0555228381	0.07740039879999999	-0.0374677811	-0.07083111730000001	-0.026564471	0.0130944221	-0.0246592947	0.0720133471	-0.0428673015	-0.0348511959	-0.0130456744	-0.0456206586	0.0122311733	-0.0284385838	-0.0908136655	-0.08853782380000001	-0.046176729900000005	0.0235210224	0.1038107221	0.0260823969	0.08602407599999999	-0.077082231	0.0424286005	-0.0653513473	0.0783861958	-0.0320679201	-0.0672277976	0.0524404846	-0.0136483222	-0.0598110332	-0.0274580616	0.0007198333999999999	-0.0248692388	-0.08521438449999999	-0.0356491396	0.046858440999999994	-0.09064181519999999	0.0698764494	-0.0112447295	0.016073693	-0.0193184933	-0.0008391642999999999	-0.0782169366	0.0657735939	0.0194950153	0.0283986102	-0.012379696599999998	-0.015472901	0.0227201517	-0.0404087173	-0.0675392049	-0.0603745082	0.009332728	-0.0608841813	-0.046195337999999996	-0.0328956524	-0.11677922380000001	0.051806874	0.0267710031	-0.1059258359	0.1119753346	0.0702654583	0.0385299516	0.0070472201	0.0043660264	-0.0343931914	0.038655769	0.0329091121	0.0510791686	-0.0389587845	-0.0734806675	0.0363899836	-0.1104711273	0.0467150476	0.024683135	0.040432188	0.1264107451	0.1137164027	-0.0101836748	-0.0301106247	0.08064974059999999	-0.0615808718	-0.06734219309999999	0.0117906267	0.1622377115	0.0294500871	0.018423341	0.0219614479	-0.0368218436	0.1333523311	0.0149081633	0.0173489985	-0.08930942689999999	0.15600228800000002	-0.0326290073	-0.0181337091	0.0552835312	0.014033823400000001	-0.07500220469999999	0.0922214711	0.0022279008	-0.0358327208	0.061296282699999996	0.0165213765	-0.057389061799999995	0.0656225054	-0.0188017529	0.0658695159	0.0345106597	-0.0359496938	0.0053464556	0.0080569657	-0.0788499005	0.0206782112	-0.0084913175	-0.07134344179999999	0.0869061526	0.0305800433	0.009513449200000001	-0.0283997101	0.0228372887	0.050162294100000004	-0.0210196173	-0.0517964233	0.0535565078	-0.0040537893	0.027267478900000003	-0.0073518717	0.0323522605	0.0230251657	0.0449081865	0.0009306198	0.0208141269	-0.08432606949999999	-0.10331918359999999	0.0069519166	0.0281447601	-0.053342403	-0.0615030149	0.0634614032	-0.0838333037	0.11809037630000001	-0.0733214011	0.051759424000000005	0.0466770424	0.07406514730000001	-0.041526858	-0.1204170716	-0.0745164569	-0.154069552	-0.0607365581	-0.0009478383999999999	0.046165304000000004	-0.005934996600000001	0.0383397164	-0.0209814814	0.0310072842	-0.06666285820000001	-0.1348841505	0.0064360597999999995	-0.018711166100000003	-0.08167311099999999	-0.04709792	-0.0808780658	0.0837828498	0.1168598907	0.0190686321	-0.0962536858	0.1100401017	-0.1190756991	-0.1009714352	0.0374164048	0.0247478857	-0.09126612640000001	-0.0685446113	-0.00204567	0.00499317	4.1847657489e-06	2.49317466489e-05	0.0783465	0.0386055	0.0014903846302499995	0.00613817406225	0.142536	-0.019049999999999984	0.020316511296	0.0003629024999999994	-0.000635994	0.00020334300000000006	4.04488368036e-07	4.134837564900002e-08	-1.60799e-08	0.0001655679201	2.5856318401e-16	2.7412736166239984e-08	-0.00015286	-9.06671e-05	2.33661796e-08	8.22052302241e-09	0.0	0.0	0.0
8494.488194426282	-45.83939930634551	72156329.68524747	2101.2505287665895	10398.587334621878	-65.99155561979386	4354.885413120348	108130618.55575852	6276.303000777099	-29.865092249129706	39391979.35756362	891.9237350490271	6333.828724715949	10036.504988983972	1.058771	38.117321	0.07664194600500003	0.0437864	-0.0635585811	-0.0152170751	0.1464339684	-0.0806377383	0.0408317369	0.0649442839	-0.06057751610000001	0.0519969352	0.016879998	-0.0313354993	0.041247839	0.0681559692	0.08064174660000001	-0.1247060134	-0.0839479964	0.0055539883	0.0460032982	-0.06630969519999999	-0.0396930916	-0.0201941997	0.10016239060000001	0.0804412095	-0.04740965	0.0744285581	0.11433505669999999	-0.0416842088	-0.1430815185	0.015350657299999999	-0.0788607677	0.0346560089	0.0785217038	-0.0760551757	-0.0758157231	-0.0204428003	0.06824176700000001	0.052902087599999995	0.11114231449999999	0.0393425808	-0.1341315574	0.0642258171	-0.0631500824	0.007957757	0.0489914354	0.0402580403	-0.0103864417	0.0767739395	0.028965968199999997	-0.0242423725	-0.0834701511	0.038338162	-0.0341618047	0.0082716194	0.0836120536	-0.019624088	-0.0693764314	0.10521835619999999	-0.1516372199	-0.0092436627	-0.0435440303	-0.01753584	-0.0302357828	-0.1530035925	0.08520518619999999	0.006907799599999999	-0.09608160130000001	0.0100456616	0.0551839094	0.0453735239	0.0778934525	-0.0198922424	-0.053494299800000006	-0.1274662143	-0.029442704	-0.046081227300000006	-0.0745491572	0.001880789	0.0696226875	0.0496897767	-0.045448223200000006	-0.0055518969	0.0179697628	0.1035829449	0.0150809196	0.0602569818	0.0335972468	0.0738744429	-0.1257017834	0.0989754004	0.0308352387	-0.0564076305	0.0273694891	0.043501285	0.0707850604	-0.0310944571	0.0781523863	-0.0451566579	-0.10414866390000001	0.0115796525	-0.0536558047	0.1004325971	-0.0499053467	-0.1391713491	-0.0100711818	0.0861317851	0.0183933401	0.0302283187	-0.007885440300000001	-0.11919734789999999	-0.0150928854	-0.0320247179	-0.13091271	-0.014680595900000001	0.035373503	-0.0021078468	-0.1158177616	0.0547383942	0.020156798	0.0787764513	0.0596099626	-0.0449049589	-0.035193297000000005	-0.0044131416	0.0251552214	-0.0316388428	-0.059390398	0.10188329019999999	-0.0832428936	0.089700542	0.0572584238	0.001269089	-0.0817173236	0.0635012679	0.13438953609999998	-0.0070425903	0.0815423411	0.0218575723	0.1600949603	-0.036255123	-0.021163998	0.0067028938	-0.0041681726	0.0754319623	-0.0753533717	0.10945702800000001	-0.0272196057	0.0050066248	0.0356288876	0.0098716708	-0.1050915458	-0.0739968045	0.006281048399999999	0.064559365	-0.1356643766	0.0102498217	0.0292830019	-0.0325402527	-0.0723399399	0.016003556999999998	-0.2117044617	-0.06703552780000001	-0.0093480385	-0.0879544791	0.10643225740000001	-0.0158898348	0.0137285878	0.0154018107	-0.06213982410000001	0.0143078302	-0.033673710600000004	0.0455007279	-0.0535130757	-0.0716504612	0.0545549309	-0.06377292400000001	-0.11826034630000001	0.0230712908	-0.09282074609999999	-0.0645964082	-0.00472869	-0.00268302	2.23605091161e-05	7.1985963204e-06	0.0395057	-0.0388408	0.0015086077446400002	0.00156070033249	0.15573399999999998	0.013197999999999988	0.024253078756	0.00017418720399999966	-0.0008942699999999999	-0.0002582759999999999	7.997188328999998e-07	6.670649217599993e-08	-9.51263e-05	-9.511022009999998e-05	9.049012951689997e-09	9.045953967470445e-09	-6.78437e-05	8.50163e-05	4.6027676296900015e-09	7.227771265689999e-09	0.0	0.0	0.0
8599.610869492126	105.12267506584429	73953307.10668711	11050.776812999084	10530.996657274536	132.40932265265837	17532.22872533579	110901890.59552746	6343.39180775198	67.08880697488075	40238619.62665494	4500.908021312808	6399.979042410831	10108.576501251551	1.138651	40.993092	0.07747817000000001	0.0432772	-0.040399848700000004	-0.050747073	0.024101913	-0.08807326480000001	0.11262979890000001	-0.0258657379	0.1261226141	0.0846087107	0.0294133224	-0.0449326232	0.0543791655	-0.0272002261	-0.0893961939	-0.0266696861	-0.10038041210000001	-0.0197808566	-0.011113678799999999	0.0039069152000000005	-0.0235020781	-0.0276206009	0.1501629444	0.058496755	0.039800423599999996	0.0030182264000000003	0.08969162	0.0459955124	0.031184707599999997	0.0289459773	0.1067001805	0.0620086311	0.0262729595	0.0009947845	-0.0092267231	0.0195298592	-0.057464975	0.0372087872	-0.0557016145	-0.0608095288	0.0395314707	-0.021307717900000002	-0.061845238899999995	0.07633679780000001	0.0509276818	-0.1675508355	0.0618742459	-0.093735537	-0.1230092333	0.0753899763	0.051756408899999995	-0.0557746	0.0205304518	0.05766198030000001	-0.0824202748	0.1220779752	-0.0277556234	-0.0471954912	0.0534700697	0.114214045	0.0708879952	0.028786191800000006	-0.0316959029	0.21499315260000001	0.0647053787	-0.036493946	-0.0735337905	0.1113324125	-0.0153455175	-0.019230706	0.0843804496	-0.0254933606	-0.0381366332	-0.0027976651	0.035965343500000004	0.1051670943	-0.016483146299999998	-0.027846807299999998	-0.1253905882	-0.0062520778	-0.0949271098	0.1279024524	0.1158099878	0.0414214648	-0.09371931230000001	-0.0766076929	0.0518240446	0.0755591731	-0.0204270066	0.0373997948	0.0085846223	0.0011566033999999999	0.0677023033	-0.11867326460000001	-0.052994771100000004	-0.11215535869999999	0.07417193820000001	-0.016844595100000002	0.039699563	-0.0128785629	0.0820834897	0.1239164225	0.06528741440000001	0.0168763757	-0.0119757448	-0.0909209131	0.11181694560000001	0.0387500895	0.0068304463	-0.0179861874	0.0115137726	0.0026223425	0.0508824395	0.10718222289999996	0.010765500700000001	0.0048863783	0.0680714654	0.0235642258	-0.0786460363	-0.0185566396	0.0645523822	0.11671746710000001	-0.0849455911	-0.0376569554	-0.0439397273	0.06677659650000001	0.0078022252	-0.0366240969	0.0525082075	-0.1206263675	-0.140175592	-0.0597464959	-0.0348715291	0.08795427619999999	-0.1455565394	-0.0481338775	-0.088877065	-0.0952281375	-0.1300476324	0.0208738511	0.0187406575	-0.061791910599999986	0.224680524	0.058909362800000004	-0.0924396076	0.0257430478	0.0513419112	-0.0696598702	-0.0396164556	-0.0269255798	0.0122459812	-0.026083590499999997	-0.06150223990000001	0.140491204	-0.0075732787	-0.08596635009999999	0.0245092241	-0.050588676900000004	0.022622064900000002	-0.1040506326	-0.0044715049	-0.0190961418	-0.14084965230000002	-0.045648014	0.0135880803	-0.021368605	-0.0243092768	-0.0406860229	0.0165809069	-0.0022828538	0.0536261891	-0.0932342958	0.0271428896	0.042940730700000006	0.07516203860000001	-0.0363230696	0.17247847149999998	0.021388253399999998	-0.0942716968	-0.0604858957	-0.00294668	0.0017820099999999997	8.6829230224e-06	3.175559640099999e-06	0.07118250000000001	0.03167680000000001	0.0010034196582400009	0.005066948306250001	0.135454	-0.02027999999999999	0.018347786116	0.0004112783999999997	-0.000481495	0.00041277499999999983	2.31837435025e-07	1.703832006249999e-07	-7.347340000000001e-05	2.1652899999999984e-05	5.398340507560002e-09	4.688480784099993e-10	-0.000108203	-4.0359299999999985e-05	1.1707889209e-08	1.6288730964899992e-09	0.0	0.0	0.0
8560.151503562456	-39.45936592966973	73276193.76394258	1557.04155957158	10490.090991255704	-40.90566601883256	1673.2735124442731	110042009.00482409	6302.849153899852	-40.54265385212784	39725907.45681609	1643.7067813734564	6361.762260117479	10103.926072709435	1.01371	36.495033	0.058757585000000015	0.0348803	-0.0377149952	-0.0263545933	-0.0051684520000000005	0.0293430817	0.1290411326	-0.05496335769999999	0.0396342321	-0.0817022662	0.033443866	-0.044937581799999994	0.0420243354	0.0375115629	0.1109409006	-0.0276651159	-0.0776270442	-0.0151123875	0.007575446899999999	0.0582291662	-0.041488186499999996	0.0019488376000000001	0.061364710999999995	-0.0355573089	-0.007634929300000002	0.011367523000000001	0.1159249259	-0.0001180387	-0.0773891773	0.0239984292	0.005160678	-0.1121053255	0.023171349900000002	0.0251141482	-0.0529067633	0.0492728667	0.054821948899999993	0.0862014486	0.020466790800000002	-0.0321670042	-0.0371362701	-0.023103762799999997	-0.0078216835	0.0337079654	-0.0347232876	-0.061436425999999995	0.0315446051	0.0396233521	0.0423787287	-4.0015399999999996e-05	0.09735788699999999	-0.009272112800000001	0.0768648779	0.0691368309	-0.1351868942	0.0996449442	0.1599005358	-0.0874255762	-0.0255220435	0.0200344923	-0.055804292199999994	-0.0172381698	-0.0550278016	-0.10888075380000001	-0.047378010400000004	-0.031215632099999998	0.0877230354	0.0249300327	-0.0700981313	-0.0288892408	0.1505941542	0.1126526787	-0.0081695263	0.15515722099999998	0.026547474300000002	0.0016935922	-0.023016738199999998	-0.0101772907	0.0779723971	-0.0524576026	-0.09151610140000001	-0.11615952199999999	0.0051051047999999995	-0.0905573757	-0.0170357149	0.028233060499999997	-0.0842846938	-0.052889852800000005	0.0264588792	-0.014570796100000004	-0.08675520380000001	-0.0721690074	0.14981191970000002	-0.0385492033	0.0239322053	-0.0231125566	-0.0395174847	0.0368528983	-0.046980174699999995	-0.07789936830000001	0.139450839	0.0788069049	0.0019462448	-0.0787968534	0.0322513484	-0.0829535089	-0.0748744667	0.0012999231	0.0401960578	-0.0580881321	-0.054408619500000005	-0.0288785412	-0.1124808859	0.0640992792	0.0040615015	0.0057687371	-0.0158725917	0.0644754327	-0.0479079601	-0.0346872983	-0.0317111216	0.0047287073	0.012468903	-0.025322420099999996	0.0107002728	-0.0897949869	0.08398431890000001	-0.1353488694	0.0556599151	-0.012538838799999999	-0.0214912021	-0.07711110019999999	0.017062384	0.042987993200000005	-0.07874123400000001	-0.05336363349999999	-0.0583940765	0.07300242929999999	-0.030806405699999997	-0.0779727769	-0.0094224545	0.027420251800000003	0.0069647031000000005	0.0501165722	0.0637950146	0.0737300103	0.1067151262	0.1649053281	0.0236456884	0.0234184594	0.1032521125	0.0184874956	0.111171053	-0.07231794849999999	-0.019308246299999998	0.044448693899999996	-0.09735891960000001	-0.11319008650000001	0.0101487423	-0.08522745359999999	-0.0015236652999999999	0.12054589460000001	-0.037753072	0.0320263588	-0.08684764380000001	-0.0826714037	0.0339168876	-0.1121128535	0.0294724737	-0.0275168173	-0.01728156	0.0409014308	0.0057697619999999995	0.0059782152	-0.1321987801	0.0015740185000000001	0.0014279356	0.0196992437	-0.09561735810000001	-0.056223402	-0.00257405	0.00037263000000000015	6.6257334025e-06	1.3885311690000004e-07	0.0420692	-0.02911330000000002	0.0008475842368900009	0.0017698175886399995	0.144379	0.008925000000000016	0.020845295641000003	7.965562500000029e-05	-0.0008043409999999998	-0.0003228459999999997	6.469644442809996e-07	1.0422953971599985e-07	-1.30823e-05	6.039110000000001e-05	1.7114657329e-10	3.647084959210001e-09	-0.000131899	-2.3696e-05	1.7397346200999997e-08	5.615004159999998e-10	0.0	0.0	0.0
8581.152809607815	21.001306045358433	73636183.54184009	441.0548556108087	10462.340006810196	-27.750984445507132	770.1171376947786	109460558.41810118	6309.411887326241	6.562733426389059	39808678.36393368	43.069470025844275	6368.403731424012	10200.231876867698	0.9576110000000002	34.475388	0.021513210000000005	0.0114584	-0.0063555294	-0.018683023899999998	0.0222921536	0.0877700408	0.0561350942	-0.0480603344	-0.077223792	-0.046068100599999995	-0.0174244178	-0.0138272565	0.047962911799999994	-0.0195153154	-0.0090290111	0.0990464124	-0.0694848222	-0.0422833922	-0.0769948592	0.0064293245	0.0030274956	-0.1122718093	-0.0599597855	0.037701501400000004	0.0034155891999999998	0.0359513808	0.1550421061	0.1445135861	-0.0597444366	0.0574586997	-0.0249035907	-0.0824905276	0.027960699500000002	-0.0322584421	0.0021158677	0.0336862199	0.0026256521	-0.0056456678	-0.0929902725	-0.0391070629	0.0125947427	0.0448385642	-0.0143585198	-0.0716891484	0.055872848600000004	0.0457008053	0.0117788084	-0.048425522699999994	-0.0707570447	-0.0131159034	-0.044362615300000005	-0.015264513300000001	-0.11571097470000001	0.17479946579999994	-0.0564629388	-0.09984049980000001	0.0930782827	-0.040327842999999995	0.0475685208	0.0641559299	0.0014756446	0.09928813119999999	-0.0777791988	-0.044648650199999994	-0.031593107200000005	0.1264655633	0.0402090949	-0.0678220884	0.028173815	0.0213004869	0.1644662409	-0.0147163018	0.08988508960000001	0.0155280071	-0.0482542318	-0.027552152200000003	-0.0057198701	-0.0609274788	-0.21507722140000002	0.0916120205	0.0572717329	0.014449310600000001	-0.035925151	0.024751782599999998	0.04639568349999999	-0.0720068381	0.1009621411	-0.11683485369999999	0.0033548411	0.014345559499999999	0.0377703432	-0.0052689229	-0.227462248	-0.011823666000000002	-0.1469063409	-0.043085576900000006	0.1223719857	-0.0984687442	0.0255374588	-0.0162466221	-0.0467611476	0.0819780105	-0.0427541067	-0.0610716193	0.0749143297	-0.0028948782	-0.0688800722	0.0332547328	-0.014977111599999999	-0.0251698301	-0.0198366859	-0.0199758132	0.067102491	0.0355006207	-0.0395336268	-0.1147240319	0.0046904277	0.005515060600000001	0.0105350346	0.0394189155	0.0510289654	-0.0410496854	-0.0517460957	0.022498080400000002	-0.06725738049999999	0.0778182579	0.1179268076	-0.0627301028	0.10547038369999999	0.1603914229	0.054154470499999996	-0.0751018699	0.11715632210000004	-0.0836674886	0.020989139599999998	-0.0690213746	-0.0890769807	0.0750034775	-0.006258526899999999	-0.0744040584	-0.1306784771	-0.0078390912	-0.051045477400000004	0.10188706859999999	0.0071581809	0.0909166679	0.07374587120000001	-0.052134820899999997	0.0021757119	0.0354184434	0.0372853185	-0.0040830564	0.043844751200000004	-0.0759679795	0.1418217932	-0.06631890730000001	0.0858763085	0.0868067341	0.0119540498	-0.0264448172	0.0256552013	-0.1015497055	-0.025706645299999997	-0.147995785	-0.0023262153	0.09788206390000001	-0.06852923150000001	0.24082110620000002	-0.0907069843	0.012472551	0.0200172409	-0.0881940116	0.0419593798	0.039968967200000004	0.1360092371	-0.0072031174	-0.0262470497	0.0180047332	-0.09685622699999999	-0.0518196374	-0.00346379	-0.00088974	1.19978411641e-05	7.916372676e-07	0.0452384	0.003169200000000004	1.0043828640000025e-05	0.00204651283456	0.135203	-0.009176000000000016	0.018279851209	8.419897600000031e-05	-0.0007000789999999999	0.00010426199999999982	4.901106062409998e-07	1.0870564643999962e-08	-6.920470000000002e-05	-5.6122400000000024e-05	4.7892905020900015e-09	3.1497237817600017e-09	-0.00013708	-5.181000000000017e-06	1.87909264e-08	2.6842761000000173e-11	0.0	0.0	0.0
8600.526040755414	19.37323114759965	73969048.177712	375.32208509832543	10473.566942351868	11.226935541671992	126.04408165685777	109695604.49592587	6318.975813886218	9.563926559976608	39929455.33647899	91.468691244626	6375.2058998874645	10287.309972989104	1.004124	36.149918	0.0291043	0.0145887	0.0216106713	-0.0020306004	0.0763974108	0.0388283527	-0.0655875551	0.0015419987	-0.0661684105	0.0377683962	-0.06767897440000001	0.0007658896	-0.0021429617000000003	0.002253379	0.15181547480000002	-0.0155553003	-0.07366211639999999	-0.0718248002	0.10099056349999999	0.0242971609	-0.1436510341	0.0050598360999999994	-0.0251914368	0.0726205466	-0.1353170087	-0.0023938628	0.08110776019999999	0.10101725859999999	-0.0519472974	0.0326983983	-0.0995258281	0.027657596099999997	0.0422423249	-0.029140582400000007	0.0543575413	0.0751941869	0.09123058839999999	0.056568939299999996	-0.0247089347	-0.0184884835	-0.0629664875	0.056418420999999996	-0.0059084552	0.0532557737	0.0186046879	0.023001317	-0.06383923799999999	0.0414007595	0.0416616791	-0.024127767400000003	-0.0371400135	-0.192599098	0.0629808432	0.05389228	0.0301276927	0.0027885579	0.036930094100000005	0.0762523041	-0.0489507023	0.0087259622	-0.1156486118	0.0175753883	0.1540042089	0.089441052	0.0856001925	0.0033688115999999995	-0.10524622300000001	-0.0266350598	0.0911351282	-0.021630779300000003	0.0450900442	-0.068045195	0.0031146329	0.0156048888	-0.022882246800000002	0.0126007649	0.0739314185	0.021526954700000003	-0.016158228700000003	-0.0419971094	0.0190697421	0.0239958875	0.0393617624	0.0040440688	0.0177875596	0.09910125269999999	-0.0231294769	0.0714848902	-0.11570930380000001	-0.1253328163	0.035294327400000006	-0.09931378869999999	0.024642418	-0.08445406150000001	0.0981268923	-0.0380105798	0.1365211193	0.1645747259	-0.0563306845	-0.0026581259	0.09498614220000001	-0.053457585	-0.027302406600000002	-0.05762831700000001	0.025172643199999997	0.0917162876	-0.0012627719	0.0481120036	-0.0221385858	-0.0006644417	-0.0955784273	-0.0668808392	-0.07877034200000001	0.0806260944	-0.046664617199999994	-0.0336541494	-0.012129802700000001	0.1198581398	0.0498774646	0.025745581400000002	0.0039273812	0.0486470841	0.10352577550000001	0.0840800948	0.000862177	-0.0233721411	0.0894490536	0.1006368705	0.041663849700000005	-0.0166735632	-0.0204818017	-0.046890086	-0.1102389595	0.12490822230000001	-0.0316446925	0.053378913099999994	0.1356394622	0.009808619499999999	-0.0817798829	0.0295418266	-0.12161542369999999	0.005539436899999999	0.031641204900000004	0.0203118846	-0.0448265105	0.035236976	-0.11394508130000001	-0.0290979167	0.0186520175	-0.1015595215	0.0069215721	0.0040923884	-0.0774785738	-0.0322728577	-0.033020977400000005	-0.0229253643	0.0363253475	-0.021321164700000002	0.0474801433	0.0539837688	-0.028331463199999997	-0.10168947519999999	-0.0211548713	0.0779737893	-0.071278436	-0.0487685319	0.1264230461	-0.0375592027	0.0120561627	0.009637025300000001	0.026373263199999997	-0.055218486399999996	-0.1433331393	-0.081288654	-0.0405071918	0.1438105475	0.0739452688	0.0163051952	-0.0979869198	-0.0472856671	-0.0012344	0.00222939	1.5237433600000003e-06	4.9701797721e-06	0.046427300000000005	0.0011889000000000064	1.4134832100000156e-06	0.0021554941852900003	0.14289300000000002	0.007690000000000029	0.02041840944900001	5.913610000000048e-05	-0.0008942699999999999	-0.00019419099999999992	7.997188328999998e-07	3.771014448099997e-08	7.02655e-05	0.0001394702	4.93724049025e-09	1.9451936688040003e-08	-0.000110821	2.625900000000001e-05	1.2281294041e-08	6.895350810000002e-10	0.0	0.0	0.0
8604.917343751047	4.391302995632941	74044602.49278757	19.28354199945484	10502.87835785021	29.31141549834137	859.159078516407	110310453.79979832	6319.880641986704	0.9048281004861564	39940891.32895827	0.8187138914293861	6376.25284739842	10455.887335734098	1.074159	38.671276	0.05155214499999999	0.0286443	0.0710881069	-0.0557255551	-0.0230467538	-0.0836830573	-0.0383274752	0.0262279643	0.0749079874	0.09765017179999999	-0.1037090178	-0.0145302397	-0.041589204500000004	0.0375938298	-0.023445968199999997	0.005980825600000001	0.0074990073	-0.0333585146	-0.1248231178	0.002210586	-0.084681199	0.0017961164	-0.028730871	0.17010616309999999	-0.0779915446	-0.0215598846	0.09546821300000001	0.020879678999999998	-0.051954844900000005	-0.0012881299000000001	0.09676007789999999	0.053162960499999995	0.0733541723	-0.028392442099999998	-0.0178962971	0.027214994300000003	0.0160118997	0.024922810899999998	-0.054048919	-0.0715828783	0.0816235661	-0.0520199959	0.04867462559999999	-0.0937314018	0.0466627159	0.0397067731	-0.10081844720000001	0.017071874	0.0472687068	-0.0220398959	0.06616516730000001	-0.083960928	0.0355473045	-0.1111523856	0.0679988307	0.0006823414	0.1140002503	0.0350051553	0.035942680899999996	-0.048668492	-0.0111201328	0.11612586859999999	-0.1095363211	0.07501323139999999	-0.0447178479	-0.0394985877	-0.0920087866	-0.0537288634	-0.0375053146	0.05654002070000001	0.037995370099999995	-0.014319887	-0.005946842900000001	0.043547374400000005	0.0207441709	-0.08357789639999999	-0.0003613982	-0.042583467400000005	-0.0166728373	0.0011177719	-0.0672281287	-0.1108870884	-0.038606625299999996	0.043976108099999994	-0.0062796758	0.12858754960000002	0.0372780929	0.1612608756	0.0750939977	0.2185245589	-0.09062278800000001	0.0361272982	-0.0289635731	0.0327019193	0.011139271200000002	-0.0182926419	-0.0208072776	0.0336020895	0.0905600508	0.1362229084	0.0676597012	0.0916627392	0.0326104408	-0.0499430813	-0.0642781887	-0.045654422699999996	0.07851440679999999	0.0833233489	-0.0037320554	-0.029696804500000007	-0.0397548041	0.0240390375	0.0315907796	0.0327592748	-0.0663736354	-0.0838057745	0.013854753400000001	-0.1184593976	0.10612800300000001	-0.0119680336	-0.053713566100000006	0.0196053296	0.0634513327	0.0878139484	0.055369340499999996	-0.0762004503	0.0373313384	-0.023839289	0.08268109650000001	-0.0775962187	0.0515137958	-0.0276363692	0.058025029699999994	0.0038148457	0.08842281130000001	0.0404124112	-0.1061302334	0.0997049742	-0.0201075433	0.1672825398	0.0446282875	0.0265086158	0.0339558487	0.0204238801	-0.07079515509999999	-0.0145213272	-0.0853350746	0.0262106379	0.0008257601	-0.0724312207	0.04633060730000002	-0.0163461657	0.0549049634	0.025430436400000003	0.0491807704	-0.1094600945	-0.0273219548	-0.08941870269999999	-0.0749248557	-0.1225796624	-0.143649314	0.0919911051	0.0263742868	-0.0636757061	0.0919501676	0.09158538990000001	0.0173092875	-0.0143580471	-0.09642893599999999	-0.0136541216	0.0174927535	0.11617451570000001	-0.0768480293	-0.039120418	0.0391829589	0.0783111995	-0.0503203555	0.014601103999999997	-0.0990081737	-0.042632883499999996	-0.00267753	-0.00144313	7.1691669009e-06	2.0826241969e-06	0.0491482	0.0027208999999999914	7.4032968099999526e-06	0.00241554556324	0.12318200000000006	-0.01971099999999996	0.015173805124000012	0.0003885235209999986	-0.000514039	0.0003802309999999999	2.64236093521e-07	1.445756133609999e-07	-7.14008e-05	-0.0001416663	5.098074240640001e-09	2.0069340555689998e-08	-0.000142466	-3.1645e-05	2.0296561156e-08	1.001406025e-09	0.0	0.0	0.0
8590.303583708815	-14.61376004223166	73793315.66028053	213.56198257192668	10542.664583876585	39.78622602637552	1582.9437814218404	111147776.52812566	6319.13396862137	-0.7466733653336632	39931454.11338447	0.5575211144986981	6379.003345646346	10399.317611776729	1.058244	38.098347	0.034643610500000005	0.0192936	0.05292056480000002	-0.0259769978	-0.0656886058	0.0573603846	0.0582655154	-0.09312839390000001	0.032483601800000005	-0.09092378039999999	-0.0298529567	-0.0334674392	-0.036144955699999995	0.0975733769	0.0731683584	-0.1171986943	-0.008721219399999999	0.0387520642	0.0019182963	-0.0581862751	-0.039341907599999996	0.030521165099999997	0.0592543711	0.0801581174	0.018264057099999998	0.1057398813	0.0856506588	-0.0925317961	-0.052688093899999996	0.038374667700000004	0.0220679723	-0.0767342031	0.0010868325	0.005317665300000001	0.0178461183	0.0923178843	-0.0106494034	0.1551339179	0.0183049084	0.0204126079	-0.1145200801	0.0456430726	0.04499382440000002	0.051984521799999996	0.0362172412	-0.06221208	-0.19786877460000002	0.017986616	0.10314052039999999	0.0038261328	0.0229679642	0.1290902991	0.0130648727	0.0516968537	0.012194749099999999	0.0366054596	-0.026859382299999998	-0.1231442749	0.0686883001	0.1415532001	-0.0081341226	-0.0214962456	0.0863292392	0.032340936800000004	0.031403039300000005	0.0736662935	0.0008598931	0.1953213763	-0.0548791879	0.010866891000000002	-0.05693718320000001	0.0089618504	0.1304379811	-0.1489338741	0.1068191369	-0.0079277237	-0.0626444172	0.0324091212	0.0268576365	0.046708894800000005	-0.0365496242	-0.06777568099999999	0.0983208543	-0.0760593173	-0.0595300068	-0.10424329730000001	0.0976512953	0.051073623	-0.027083355400000002	0.038710525499999995	0.053337973600000005	0.0723498013	-0.0463263388	0.1336305467	-0.0225957667	0.0197842401	0.0059550945999999995	-0.053772139000000004	0.026251492400000003	-0.0533734011	-0.0061638573	0.035681149599999996	-0.17246776600000002	-0.056010192599999994	0.0421465012	-0.0701011376	-0.0525943221	0.0132888374	-0.0051183248999999995	-0.025045107	-0.12085025070000001	0.0614639335	-0.0978457168	0.0871713391	0.005272016899999999	0.0269873814	-0.09624055150000001	0.0642367464	-0.0176438924	0.0118779618	-0.0760377134	0.1119740531	0.053310589900000004	0.13544225740000002	0.1085396109	-0.0976607946	-0.1132670263	-0.04915024269999999	-0.0668973899	0.034653556099999996	-0.026082953399999997	0.0534849992	-0.0236726175	-0.0833237228	-0.14511373519999998	-0.0869586905	-2.28495e-05	-0.054932155499999996	0.019847721000000002	-0.0502786649	-0.0762561572	-0.14236867720000002	0.1521709672	-0.0982504283	0.0302800567	0.0118881578	0.0821408128	-0.045461469299999994	0.0640752327	0.0897263708	0.023413614500000002	-0.00504623	-0.0331119973	0.0391355511	-0.0337834411	0.0743221909	-0.1185752759	-0.0257318531	-0.1362514607	-0.037770758700000004	-0.0774398776	-0.11148205439999999	-0.0059825828000000005	0.016401356699999998	0.144866882	0.0770257329	-0.1243774016	0.0539997197	-0.0919033496	0.0125419327	-0.09891056990000001	-0.0180215576	0.0540367209	0.0149662866	0.0946916268	0.0384068533	0.0387509004	0.012892935800000001	-0.0999188481	-0.0378729775	-0.00216823	0.0005092999999999999	4.7012213329e-06	2.5938648999999986e-07	0.0384839	-0.010664299999999995	0.00011372729448999988	0.0014810105592100002	0.138072	0.014889999999999943	0.019063877184	0.00022171209999999835	-0.000610325	-9.6286e-05	3.72496605625e-07	9.270993796e-09	-6.454590000000002e-06	6.494621e-05	4.1661732068100015e-11	4.218010193364099e-09	-0.00013209799999999998	1.036800000000002e-05	1.7449881603999993e-08	1.074954240000004e-10	0.0	0.0	0.0
8577.101042032224	-13.202541676591865	73566662.28523025	174.30710672214508	10501.739824680331	-40.924759196253945	1674.8359152713715	110286539.34527688	6313.79700904669	-5.3369595746808045	39864032.67144693	28.483137501777115	6372.154978453319	10345.961882942907	1.034804	37.254459	0.0605080055	0.0356445	0.0253121166	-0.013551698400000001	0.0568873136	0.0792460841	-0.0274209557	-0.046820554199999996	-0.0833323	0.0113674999	-0.0757329946	-0.0327201969	-0.0142481522	-0.0074833934999999985	-0.1175938277	0.043736861200000005	0.0586546578	0.0180926474	-0.0184962596	-0.018980567	-0.13088050269999998	0.020347295	0.006782339599999999	0.0577086282	-0.01080617	0.09814998130000001	-0.0667753947	-0.06452142599999999	-0.0661938679	0.042103113	-0.0666346532	-0.025473904	0.08169966690000001	-0.0175004416	0.024788710099999996	-0.025019930899999997	-0.0253562146	0.0670704583	-0.0633431647	0.026855566400000003	0.0779646339	-0.0019857905	0.0781175171	-0.0100573924	0.0059357767	0.0750133106	-0.1263359968	-0.0414580944	0.10981225369999999	-0.077652218	0.1226676505	0.043899655	0.0850160482	0.058445470199999995	0.0201988487	-0.013574986499999999	0.0110173863	-0.031902577	-0.046725711399999995	-0.1413771161	0.1027194937	-0.0355254557	0.018730471000000002	0.0745707915	-0.0161386844	0.0195293045	0.151389211	-0.0165090388	0.0549628298	-0.023336137599999997	-0.0380050137	0.1387603476	0.0018579676999999999	-0.0135371581	0.10085112310000001	-0.0039633512	0.1047687115	0.08883725140000001	0.0866915957	0.08608200560000001	-0.0639570242	0.0842229847	0.070187424	0.0311133791	-0.0051517793	-0.0502233782	0.10299739210000004	-0.09270027300000001	-0.1046567326	0.0341242006	-0.1313932041	0.0640837262	0.0561995795	0.030927294700000007	-0.054226497900000004	-0.0783730628	0.014626743400000001	0.08863620369999999	-0.07687936849999999	-0.0556924945	0.035504728199999995	0.0571876257	0.055888012800000005	-0.07372869209999999	0.062149265999999995	0.0569581292	-0.0206660177	0.0953110726	0.0149746401	-0.013044073500000001	0.03627666	0.0794277817	0.039151221	0.0455693243	-0.1090310412	0.0317896065	0.041861313399999996	-0.0289470748	0.060823560599999986	0.0057114977	-0.1393683952	0.0007033503	0.0664858624	0.0554065654	0.0396835483	-0.1120227554	0.0296843594	-0.0363084518	-0.0648977079	0.1031228327	-0.0554987648	-0.0399144955	0.0680317188	0.059700911900000014	-0.0682389344	0.1341506877	-0.0625642734	-0.062837589	-0.022987910499999997	0.0684173662	0.07060029150000001	-0.0522600412	-0.0663401457	0.0521905634	0.1166183593	-0.025290447200000003	0.11968619359999999	0.042822288	0.0060446580000000005	-0.0097076682	0.04442615230000002	-0.0021381410999999997	-0.1326364643	0.0853609985	-0.15761300779999998	0.09089518699999999	0.0766142469	0.023919847400000003	0.10679938859999999	-0.146538074	-0.0482715875	-0.0793369622	0.0288363974	0.005579118199999999	-0.0009228735	0.0542283624	0.0411960053	-0.0680934229	0.036606679100000004	-0.0827211141	-0.0543500367	0.0335658452	0.0771371109	-0.011057736200000001	0.0479375957	0.0089244773	0.0388727953	0.0111811673	-0.1007179259	-0.0330179092	-0.000978104	0.001190126	9.56687434816e-07	1.4163998958760005e-06	0.06576110000000003	0.027277200000000012	0.0007440456398400008	0.004324522273210002	0.116684	-0.021388000000000004	0.013615155856	0.0004574465440000002	-0.000458053	0.00015227199999999995	2.0981255080900004e-07	2.3186761983999986e-08	3.333e-05	3.978459000000001e-05	1.1108889e-09	1.5828136014681006e-09	-0.000153095	-2.099700000000003e-05	2.3438079025e-08	4.408740090000012e-10	0.0	0.0	0.0
8564.432437150203	-12.6686048820211	73349502.97051056	160.49354965676883	10475.443277800965	-26.29654687936636	691.5083777787128	109734911.86642542	6305.1558796312365	-8.641129415453179	39754990.66644836	74.6691175746102	6362.03237385222	10265.023017491203	1.02354	36.848934	0.020525753000000004	0.0127798	-0.0051605414	-0.031657653	0.0587560237	-0.0800755046	-0.0643110754	0.025850117599999996	-0.0236938048	0.09317854619999999	-0.0314573242	-0.0405046587	0.030813495899999998	-0.0150206486	0.041958404500000004	-0.018750903500000003	0.06743065599999999	0.0417692069	-0.028211635099999997	-0.044039857300000006	0.0948614066	0.0794190878	0.0143506204	0.0182224889	-0.0006338866	0.051044770700000006	0.1329126617	-0.0115660104	-0.09245261630000001	-0.0015231823000000002	-0.048406272199999996	0.056796801699999996	0.052426413399999997	-0.078183152	0.021176933999999998	-0.0438592545	0.0530776222	0.069976258	0.0080105576	-0.0474079268	-0.1104833773	-0.0904769125	-0.0399195517	-0.1230150366	0.0686234652	-0.1473199655	-0.1015866959	-0.0082962808	0.044497181799999994	0.0177431451	-0.0048636882	0.0501875537	-0.07937811139999999	-0.0862701839	-0.060164378399999996	0.0036813328	0.0008720982	-0.098259712	0.0275283671	-0.045814597400000004	0.0201038223	-0.1467831248	-0.0717366435	-0.1101196031	0.056971576600000004	0.1599197689	0.0043157342	0.027089757599999997	0.0780767953	-0.0713226382	0.0094031498	0.0226989929	0.0052152213000000005	-0.1324559939	0.020255763899999998	0.06677730400000001	-0.040572137200000004	-0.1216556533	-0.018344519	0.0050548223	-0.0605865964	-0.0730955916	-0.0534563801	0.0572079759	-0.0699075695	-0.0350563758	-0.0610379359	0.0437168325	0.1319369944	-0.1579884951	-0.12502692470000001	0.011987821999999999	0.03647249	0.1192925874	0.0045768291	-0.0060163631999999995	-0.1461404633	0.0827748069	0.0047492031	-0.04732159440000002	0.0491454801	0.079361095	0.0585137897	-0.0941856773	-0.024480671800000003	0.0727616817	0.034193204	0.0485834262	-0.027316449399999998	-0.0233029175	0.0080286708	-0.0236178241	-0.0693147106	0.1149183833	0.06766815799999999	-0.0325404574	-0.11295877289999999	-0.158489823	-0.0268390775	0.0394642189	0.025129303	0.09105543949999999	-0.0351021273	0.0823184495	0.0548559971	-0.044556827	-0.1391855759	-0.0321572916	0.033008073900000004	0.006562539399999999	-0.0354805906	0.0660417386	0.0704348223	-0.005767027199999999	-0.028601673799999998	0.0009121245	-0.009137026099999999	0.0236910852	0.1220493639	-0.1392530062	-0.1608390365	-0.0312606495	-0.0640065641	0.030300244100000002	-0.0374892815	0.055761501	-0.043143487300000005	-0.06974637019999999	-0.0401705432	0.11852480380000001	-0.07384689629999999	-0.0324214604	0.0317020288	0.0793959339	-0.035914447	-0.0819928247	-0.0894698533	-0.1245911701	0.0518654156	-0.0577077987	0.1035233524	0.07890098	0.0586930857	0.0945364378	0.1007092733	0.11018971699999999	0.06150135740000001	-0.0694638722	0.1550082198	-0.0801265976	-0.0607740143	0.0104436736	0.0694285204	0.11149261	-0.0958034308	-0.0397451465	0.066826192	0.0094662766	-0.10140451460000001	-0.0280798777	-0.000465691	0.0005124130000000001	2.16868107481e-07	2.62567082569e-07	0.0553823	-0.01037880000000002	0.00010771948944000044	0.00306719915329	0.123655	0.006971000000000005	0.015290559025	4.8594841000000064e-05	-0.000507387	-4.933399999999994e-05	2.57441567769e-07	2.4338435559999945e-09	3.11792e-05	-2.1508000000000002e-06	9.7214251264e-10	4.625940639999999e-12	-0.000151309	1.786000000000013e-06	2.2894413481e-08	3.1897960000000466e-12	0.0	0.0	0.0
8553.663515146478	-10.768922003724585	73165159.530348	115.9696811223035	10478.510945323991	3.0676675230261026	9.410584031829103	109799191.63127469	6299.537714582991	-5.618165048245828	39684175.41745349	31.56377850933105	6357.431564759309	10187.042461869847	1.006376	36.231007	0.029806217000000006	0.016094499999999998	-0.0129413383	-0.0505984376	-0.042586673600000007	-0.0658527792	0.0303010575	0.011146506499999998	0.10582330640000001	0.0525160429	0.020948411899999998	-0.0557496251	0.0008173267	0.019920146899999998	-0.0767682589	0.0616444038	-0.0709880131	-0.034385679	0.0376503129	-0.0235010563	-0.058306026799999994	0.0112635699	0.0338774808	-0.0413413194	-0.0317844206	-0.0035733583	0.08034453679999999	0.0296249561	-0.10424955720000001	-0.004224828	0.10416020210000004	0.0377669797	0.028959147400000006	-0.00038387699999999997	-0.0875835908	-0.0299779773	0.044807889000000004	0.04312677349999999	-0.0208479068	-0.0315912212	0.0100894225	0.0679193535	0.0724515933	-0.0058432035	-0.0728404879	0.1046973569	0.1550918158	0.0649608346	0.0917585974	-0.037905271000000004	-0.0639737673	-0.0240745707	-0.1060177226	0.1022293532	-0.0388174091	-0.05475446690000002	-0.012557033700000001	-2.45017e-05	-0.018144471000000002	0.037245947200000004	-0.1229534317	0.0141411601	0.09296357470000001	-0.0278175066	0.0072425735	0.0718234294	0.011471146100000001	-0.1755697448	-0.1089874901	0.014107716599999999	0.0193641248	-0.043547725	0.042124693399999996	-0.0625626546	0.0799643817	-0.011600146399999999	-0.048939309699999996	0.0626435622	-0.0750986657	0.0204285694	-0.0051485119000000005	-0.019264555	0.11984832320000001	-0.0625228727	-0.0433333861	0.0796996837	0.0091141999	0.022555023599999998	-0.0023179033999999998	0.0492914403	-0.061237916600000004	-0.025235210499999997	-0.08575204310000001	-0.011248419099999999	-0.185390497	0.0230589031	-0.045085361399999996	0.047881092400000005	-0.0962062989	0.0764598843	0.0241442891	-0.0966146284	0.0689651574	-0.09922872210000001	-0.06231666480000001	-0.0874431527	0.0583563578	0.0181705128	0.029637278399999998	-0.06479102190000001	0.0386560531	-0.0199287946	-0.008745845	0.0178496355	-0.0662441282	-0.094746115	0.0390211197	0.0345083912	0.0198126979	-0.0260839046	-0.0211394592	-0.0834151301	0.033133020299999996	-0.1564299639	-0.0525856392	-0.0310379185	0.0190229882	0.0503552107	0.038679745099999996	0.1665863689	0.0823959605	0.0198133217	-0.0637871371	-0.0404789589	-0.017523743	-0.0441050725	0.123629476	0.0622060449	-0.0564549617	0.0173323426	-0.10015571289999999	0.015003557399999999	-0.1063085441	0.0970762801	0.0399033462	-0.0140857523	0.0284563044	-0.0447884639	0.0358881971	0.023355738799999998	0.0588133113	0.0033480141	0.0707927235	0.0760452482	0.0818001894	0.0032803019	-0.0524862131	0.0085182652	0.08871333640000001	-0.051989778	-0.0887793529	-0.0970767959	-0.0013676801999999999	-0.004759391	-0.00688485	0.0918919324	0.0293228512	-0.0122471376	0.036222499500000005	-0.1445690025	0.0705006488	-0.1167957923	-0.0296773808	-0.1280600392	0.0410211909	-0.11918254240000001	-0.0436745625	0.0077487426000000005	-0.1019778474	-0.0230712908	-0.00132372	-0.000858029	1.7522346384e-06	7.36213764841e-07	0.0433987	-0.011983599999999995	0.00014360666895999992	0.00188344716169	0.13360999999999998	0.009954999999999978	0.017851632099999994	9.910202499999956e-05	-0.000447412	5.9975000000000035e-05	2.0017749774399995e-07	3.597000625000004e-09	-7.56956e-06	-3.8748759999999995e-05	5.729823859359999e-11	1.5014664015376002e-09	-0.000192777	-4.146800000000002e-05	3.7162971729000005e-08	1.7195950240000013e-09	0.0	0.0	0.0
8568.763992349292	15.100477202813634	73423716.35658178	228.02441175269436	10481.027099727142	2.516154403150722	6.331032980494766	109851929.06521474	6308.578678262785	9.040963679794004	39798164.93983182	81.73902425935434	6365.882384192951	10129.935336690423	0.966251	34.786453	0.024256372	0.018212400000000004	-0.0273813971	-0.0451791041	-0.0533315675	0.0396505152	0.0647393593	-0.057695860700000004	0.0631884481	-0.0755725281	0.037391739300000004	-0.046507199400000004	0.0728315974	-0.0236395917	0.1172084198	0.0261067771	-0.0821749068	-0.0143733788	0.0171184249	0.0029003856	-0.0012417752	0.0655317589	-0.006104224100000001	-0.0367585178	0.024467195	0.016738860300000002	0.0782776276	-0.06730487389999999	-0.08590382619999999	-0.0014504048	0.0294376252	-0.0954424792	0.0167990145	0.0247052325	-0.0079768679	-0.0153877371	0.0713456738	0.0010237414	-0.0589471464	-0.029834804500000006	-0.11185844789999999	0.0862468564	0.0259804041	-0.0223321364	-0.0676888419	-0.0547212764	-0.0069847956000000004	0.0697509102	0.0184882205	-0.1017443974	-0.0642237012	-0.020186333600000002	-0.0467999125	-0.0743515416	-0.0861867501	-0.12287882230000001	0.0522627853	-0.0307547412	0.0633280014	-0.0401307869	0.0955583843	0.17336338760000006	0.0386822567	0.057473562699999994	0.056392182	0.0206637564	-0.1044361117	-0.1096760107	0.0073297798	-0.0005228796	-0.1323074043	-0.0116760457	0.007922358000000001	0.047558803600000005	0.0267200917	0.0075802915	-0.08970979400000001	-0.18178113780000002	0.053280456500000004	0.057656375	-0.0332722004	-0.0590359291	-0.0072004111	-0.1339472107	0.0351462342	-0.0678961006	0.027064556	0.0043188055	0.0038577663	-0.0356853263	0.0751715884	0.027592656200000003	0.18247724640000001	0.010747470700000001	0.062718649	0.0236490845	0.030345863799999998	0.0714401437	-0.058286912	0.0980420407	-0.0084623704	-0.0516971929	-0.0366529785	-0.0836446353	0.0077097237	-0.06898666269999999	-0.0756050534	0.0039374843	0.035742302999999996	-0.008380630699999999	0.0324830682	-0.0781802448	-0.0418863237	0.0417492821	0.0038109995	-0.027773358300000002	-0.0477355534	0.0901145058	-0.0747596137	-0.0321985361	-0.0176828499	-0.030400800699999998	0.0333673378	0.0011623631	0.0755592859	-0.0340612348	-0.0593360602	-0.038200716600000004	0.1335246856	0.012182881599999999	0.11621288789999999	0.0249248615	0.1612939176	-0.0215679505	-0.028522472400000002	-0.0096010652	0.0839731567	-0.0065502439	-0.0414708184	0.1176558462	-0.059302492699999994	-0.0367197116	-0.1039412109	-0.11705222650000001	-0.06441061	-0.1437655838	-0.0534765062	-0.0791382642	-0.157747381	0.00211523	0.026674823599999998	-0.0717349911	0.014923206699999999	-0.0664884788	-0.010154778100000001	-0.0882980401	-0.0269284798	0.0018840656	0.012936580500000001	-0.1044740034	-0.0134717321	-0.0220489725	-0.0549180288	0.023106694599999998	-0.039449405	-0.158360299	0.0037740733000000003	-0.0420734577	0.0720659897	0.08581569539999999	-0.0669311006	0.0748704513	0.0069728189	-0.0778294725	0.1107122331	0.0690927739	0.08494815970000001	0.0060290448	-0.102437284	-0.0180047332	-0.00190699	-0.0005832699999999999	3.6366108601e-06	3.4020389289999985e-07	0.061254	0.017855299999999998	0.00031881173808999993	0.0037520525159999993	0.136606	0.0029960000000000264	0.018661199236	8.976016000000156e-06	-0.000453314	-5.9020000000000665e-06	2.05493582596e-07	3.4833604000000786e-11	-1.60776e-05	-8.50804e-06	2.5848922176e-10	7.238674464160001e-11	-0.000150751	4.202600000000002e-05	2.2725864001e-08	1.7661846760000016e-09	0.0	0.0	0.0
8588.091769875151	19.327777525859343	73755320.2477973	373.5629840891136	10484.87138344376	3.84428371661852	14.778517293858302	109932527.92735788	6313.964983115781	5.3863048529965445	39866153.80801227	29.012279969414138	6371.024079015243	10224.51490988704	0.983024	35.390316	0.05070824500000001	0.032147800000000004	-0.0011356722	-0.025019562000000002	0.0101548208	0.103947055	-0.0046639224	-0.053955863099999994	-0.0649955497	-0.0476569998	-0.0380136631	-0.0051774709	0.042184361399999995	-0.0239338928	-0.0001523959	0.0737840337	-0.0903493537	-0.0748264621	-0.0777411809	0.0368506458	0.0004791093	-0.0141447169	-0.0636937783	0.0024383144	0.09012706990000001	0.0499513237	0.03414832	0.0048929373	-0.07275925700000001	0.0665028077	-0.0514642862	-0.0572231999	0.0240625438	0.0116671898	0.0375164991	0.064350042	0.0108793632	-0.050723781600000004	-0.11805203119999999	-0.0337172678	-0.0116501718	0.1252019238	-0.07879749700000001	0.01997888	0.04348887480000002	-0.0657344415	0.0024044579	-0.0200252302	-0.0955358053	0.0339143698	0.010595078300000001	-0.0253253817	0.0242289984	0.053586528499999994	-0.0766675908	-0.0863715446	0.0614263372	0.0785401006	-0.1051231461	0.09284152150000001	-0.047311907300000004	-0.0129418025	-0.0035229732	0.0514789076	-0.059601593499999994	0.1506857306	-0.030190972799999997	0.1431139432	-0.0083433688	-0.048489441900000006	-0.024567479700000002	-0.0142146471	0.0176060538	-0.0876878273	-0.0771326288	0.0236151796	-0.005812831	0.0412633858	-0.0368503084	-0.0318846866	0.088254222	-0.0134546981	-0.0691735612	-0.1279929205	-0.0073128309	0.10637120039999999	-0.0443252161	0.10620201230000001	-0.0136344702	0.0180851741	0.1722761023	-0.00017477830000000002	-0.1326216528	0.0384402448	-0.013249161499999999	0.1026683547	-0.0415322727	0.1814813799	-0.044340835599999996	-0.1373190718	0.1373390496	-0.063342777	-0.038800966299999996	-0.0707582697	0.0726344347	0.0170741584	-0.0759241327	0.0403861029	-0.0162451035	0.0290537079	-0.0272835391	-0.0666739114	0.0960812364	-0.004587169	-0.0724816521	-0.0819872826	0.0043774916	0.122556062	-0.0737993765	0.095099351	0.0956601576	0.0751248625	-0.0296807557	0.052454015300000004	-0.0658447866	0.02429049	0.0805809641	-0.05890582530000001	0.0202213517	-0.025006460600000002	0.0861348591	0.0396357133	-0.0731695723	0.122079696	-0.0102652201	-0.0251853465	-0.031888095400000004	0.0390103084	-0.034732333	-0.074514987	-0.147369161	-0.0881026075	0.0300799487	-0.053040266600000004	-0.0705032004	-0.0323367432	0.0348190815	-0.023187609900000003	-0.0242331572	0.023559126	-0.0290420661	0.007360385600000002	-0.0796830518	-0.0274902673	0.0101430225	-0.0405795266	-0.0434058916	0.05356517349999999	-0.1603605487	0.21893006280000002	-0.0673408817	-0.038638934300000004	0.074663784	0.1351693624	-0.0123148264	0.1076841828	0.045157874199999996	0.020418653000000002	0.0027257152	-0.10418585150000001	0.0525423594	-0.0797881555	0.0325606793	0.0167215846	-0.1238534938	-0.050134579000000005	0.0367829353	0.0043076634999999995	-0.1027823111	-0.012892935800000001	-0.00420908	-0.00230209	1.7716354446399993e-05	5.299618368099999e-06	0.0306126	-0.0306414	0.0009388953939600001	0.0009371312787599998	0.14371500000000004	0.007109000000000031	0.02065400122500001	5.053788100000045e-05	-0.000386952	6.636200000000004e-05	1.4973185030399998e-07	4.403915044000005e-09	-0.000104781	-8.87034e-05	1.0979057961e-08	7.868293171559999e-09	-9.270130000000004e-05	5.8049699999999953e-05	8.593531021690008e-09	3.3697676700899946e-09	0.0	0.0	0.0
8594.452918716906	6.361148841755494	73864620.97204155	40.46421458696726	10466.522311432862	-18.349072010898453	336.688443661137	109548089.29572192	6312.665960148462	-1.2990229673196154	39849751.5244171	1.6874606696238583	6366.977746724941	10357.980624518024	1.004393	36.159595	0.06109225170000001	0.0358727	0.0354203326	-0.0214562056	0.06803275660000001	-0.0095110978	-0.08658397109999999	0.0254299685	-0.035837782799999995	0.0468500203	-0.07310280179999999	0.0226359306	-0.0023283427	-0.0442648258	0.1009619165	-0.058144668899999995	-0.0106624418	-0.0130623449	0.0473745188	0.013863228	-0.08831268490000001	0.0328563611	-0.0607501853	0.0626364992	-0.0347853612	-0.023319456800000003	-0.026376926800000002	0.125971714	-0.07950254150000001	-0.0084913987	-0.0639519381	0.052897073200000005	0.0321711274	-0.050990588600000004	0.029485908999999998	-0.012706488	0.11963178460000001	-0.0170642419	-0.0532187462	0.028863174300000002	-0.022777509700000004	0.0455139334	-0.125435379	-0.0763154466	0.022933908	-0.075379667	0.0478735747	0.08092167509999999	-0.06800911700000001	0.060332103899999996	0.0148479603	-0.1486878518	0.0852311741	0.026828690899999997	0.0086787297	0.19240920460000002	-0.0449508775	0.0242040267	0.1317265782	0.0186063514	0.0977541465	-0.0279302898	0.0735247045	0.0078195219	-0.10241722130000001	0.11436484849999999	0.0247072754	-0.0272546904	-0.0017173498	0.0558774351	0.013736898400000001	0.0771596653	-0.1675496524	-0.117816827	-0.0169622023	-0.0523236153	-0.0018246334	0.00020507959999999998	-0.0561322879	0.055364398200000005	0.0362755647	0.1180054228	0.0046469075	-0.072135902	-0.020250759099999998	0.08452673279999999	0.0293419682	-0.0052741687	0.0171730913	-0.0308566969	-0.0595090615	0.050257388	0.1320672204	0.0645694054	0.0824859514	0.029339951200000002	0.0693530563	-0.1152560583	-0.0012214555	-0.0330491616	0.0024626307	-0.09516394439999999	-0.0378989478	-0.0749750443	-0.0222398393	0.09310709689999999	-0.0004551714	0.0340245245	-0.022362679500000003	-0.007074032900000002	-0.0074720729000000005	-0.0872529999	-0.0221719611	0.0414715791	-0.062666373	-0.0185261052	-0.059530810499999996	0.0184826258	0.0213766307	0.023640609	0.19050830600000002	0.032650850499999995	0.0347732219	-0.023424786	-0.030591885200000002	-0.025647210400000002	-0.0023614447	0.0084743372	0.0320478823	-0.1207993644	-0.175396012	-0.1029392459	-0.0309863883	0.0379754275	0.0343583234	0.008750199200000001	-0.060591767699999986	-0.1106084781	-0.12375075869999999	-0.0443905983	-0.0257098136	-0.08509706689999999	-0.14164322099999999	-0.0043334943	0.0189940139	-0.0541274151	-0.0668124006	0.084315305	0.047397346900000005	0.0990086965	-0.012967775800000001	0.073040441	-0.0170060007	0.1089345631	0.0576351587	-0.0396313896	-0.0491468648	0.1346766697	0.030742792400000007	-0.0313128664	-0.0824790071	0.0004286275	0.0404299366	-0.0510573538	0.0170710737	-0.0154109299	-0.045301901900000004	-0.0389954588	-0.0883543887	0.0956265285	-0.0204115822	0.0415474824	0.037186693	0.026907138799999997	-0.0274987869	0.0888267327	-0.0394431928	0.0025850792999999998	-0.1030125435	-0.0077487426000000005	-0.0015039299999999995	0.00270515	2.2618054448999983e-06	7.3178365225e-06	0.0604072	0.029794600000000008	0.0008877181891600002	0.0036490298118400004	0.124862	-0.01885300000000005	0.015590519043999997	0.0003554356090000019	-0.000447412	-6.0459999999999973e-05	2.0017749774399995e-07	3.655411599999997e-09	9.663339999999998e-07	0.000105747334	9.338013995559996e-13	1.1182498648107554e-08	-0.00012128400000000005	-2.8582700000000013e-05	1.4709808656000013e-08	8.169707392900008e-10	0.0	0.0	0.0
8586.379340378888	-8.073578338018706	73725910.17688538	65.18266718012491	10495.622110663691	29.099799230829376	846.7983152745779	110158083.48985256	6309.514856929015	-3.151103219446668	39809977.72980797	9.929451499607156	6367.297337904693	10410.13293319155	1.040655	37.465092	0.060636696699999985	0.0401312	0.050687229699999996	-0.0390285148	-0.0542268783	-0.07874800230000001	-0.0143806063	0.0249752875	0.0855200375	0.06915871650000001	-0.029670955	-0.0013347753	-0.10341621720000001	0.0342937014	-0.06634988559999999	-0.0509208779	-0.0363678188	-0.08301070519999999	-0.082117724	0.0397486961	-0.0722695071	-0.0006426185	-0.0308341319	0.027156137900000002	-0.0290110263	-0.0155460093	-0.040693171	-0.07124041219999999	-0.0714634342	0.0023997992000000003	0.0766588518	0.0607071005	0.0222917652	-0.0553460725	-0.08140410370000001	0.1261420398	-0.032808801	0.0410402184	-0.0295739395	0.0209145125	0.0775483698	0.0300721978	0.061019536799999996	0.07609515879999999	0.1073743422	-0.012034880800000002	-0.0186657943	-0.0146694974	-0.045380377300000004	0.026467116699999998	0.0031629578000000004	-0.0076033075	-0.012446869099999999	-0.0072581194	0.013263123799999998	-0.0510704732	-0.0248685389	0.0003175139	0.09592396	-0.0988973108	0.0280586008	0.0036426128	-0.0176006563	0.0284685237	-0.0559497658	0.015169565500000001	0.011590392	-0.041038580899999996	-0.0641849997	-0.0644707842	0.0207832814	-0.017714288999999998	0.041244820099999996	-0.1025572649	-0.1607126338	0.0023217873	-0.0977453038	-0.0188257088	-0.11236314730000001	0.0039995348	-0.0388543981	0.0711198224	0.1435083898	0.029359741499999998	0.0472474508	0.0194087936	0.0190756423	-0.0011595065	-0.1265579982	0.021487094900000003	0.1166669026	-0.08710747320000001	0.0293760177	0.0609267138	0.0857402653	-0.1537568124	-0.060546975	-0.0572482255	0.0086643882	0.0630310517	0.0103375112	-0.07819953	-0.0329790517	-0.0655640753	-0.0595638173	-0.0528037104	0.08576761	0.015982667	-0.022377276499999998	-0.10504211599999999	-0.1073186551	0.04646409519999999	0.07188965650000001	0.015507398799999999	-0.08196505429999999	-0.0078444533	0.0128976309	0.0114759051	0.0750779575	-0.0148684892	-0.0033738844	0.1100846791	-0.065376821	-0.010495159099999998	-0.026396759500000002	0.034299988999999996	-0.0326000548	0.024129711600000003	0.0027660708	0.002451295	0.0272774687	0.0061238375	0.0470018022	-0.07247503940000001	-0.0238080538	0.1002950386	-0.0061301411	-0.0275934238	0.0032479269	0.0731169371	-0.0609116545	-0.0136886896	0.0303583174	0.0939685849	0.0045507283	-0.10082266949999999	0.028056719700000003	0.0001797086	0.11419952470000001	0.0492826963	-0.0677595487	-0.0060538682	-0.035173074	0.016972526499999998	-0.0551762434	-0.0723259541	0.0016484789000000002	0.0131288676	-0.021943260299999996	0.1023217533	-0.09381139919999999	-0.10886594390000001	-0.1205074782	-0.0269601304	-0.09211305939999999	-0.0589558232	-0.1182051358	0.1017972442	-0.0022424256	-0.0019778525	-0.049164615099999996	0.0167927771	-0.023646420499999998	-0.0526460454	-0.174104452	0.0797207528	-0.1331646425	0.0008617733	-0.103127724	-0.0025850792999999998	-0.00377931	-0.0022753800000000005	1.4283184076100003e-05	5.1773541444000014e-06	0.0243988	-0.0360084	0.0012966048705600002	0.0005953014414399999	0.14164300000000002	0.016781000000000032	0.02006273944900001	0.00028160196100000107	-0.000447412	0.0	2.0017749774399995e-07	0.0	-0.000106945	-0.00010791133400000001	1.1437233025e-08	1.1644856005659556e-08	-0.000117757	3.5270000000000494e-06	1.3866711049e-08	1.2439729000000347e-11	0.0	0.0	0.0
8579.675667245554	-6.703673133333722	73610834.55512545	44.93923347858038	10516.73950576852	21.117395104829484	445.9443760134762	110601809.83219232	6313.107630175415	3.5927732463997017	39855327.95017904	12.908019600045453	6371.009307429915	10319.084469373409	1.041559	37.497639	0.07685077	0.0542006	0.0238964471	-0.043018292199999995	-0.0576290946	0.0750342935	0.06459390150000001	-0.0718219711	0.0428379271	-0.06648062589999999	0.013167411	-0.0511784675	0.0511358858	-0.012877272	0.0099910213	-0.0223144771	-0.024008258799999998	0.09853042740000001	-0.0732609641	-0.0625890415	-0.00249323	0.09513970449999999	0.025549407599999997	0.0868436418	-0.0172119655	-0.042634901100000004	0.0475925008	0.0198787284	-0.0642300838	0.0347598301	0.0446133187	-0.0968895371	-0.0132013471	-0.0005803943	-0.0380233447	0.0188058544	0.0626882484	-0.00036424010000000003	-0.0585229563	0.0614961146	-0.0222712543	-0.047447114900000004	0.022577723199999997	-0.024420285099999998	0.1405854781	-0.0364147971	0.036895825800000004	-0.07852348740000001	0.0223918486	-0.10930275699999999	-0.009936733	-0.0262215038	0.049570301399999996	-0.08531745	0.1047695448	0.0176361807	0.0727245396	-0.0246147215	0.0024990960999999997	0.0417583547	0.0473929787	0.040809657400000005	0.0215210939	0.17593451989999995	-0.0964918286	-0.1037053692	0.0682892405	-0.0761600374	0.1257368821	-0.061352261	0.0731667639	0.054484365599999994	0.0422383671	-0.08537625369999999	0.0348472982	0.006275477	0.0719706028	0.079016103	-0.0327984258	-0.0271250512	0.1105681533	0.06258613889999999	-0.0993448051	0.09421537	-0.07106082309999999	0.002343379	-0.09288471849999999	0.1253730803	0.072450174	-0.06716404150000001	0.066015792	-0.0080766676	-0.1053632044	0.031055364300000006	0.13257696	0.07920548	-0.0101231567	-0.0422374178	-0.0103119511	-0.041350787400000005	0.0111903204	0.0581493333	0.138608259	-0.063250422	0.0338671828	-0.0823617554	-0.0824537548	0.0037661633	0.007156385699999998	-0.0262070276	0.013324005900000001	-0.048665754500000005	0.0015103948	0.021599146099999997	-0.0675493182	0.0006705783999999999	-0.0830426901	-0.0980862777	0.0464170104	0.0741953622	-0.025800077	0.087955746	-0.0379372633	-0.006427601999999999	0.1761030811	0.039575210699999995	-0.0024122320000000003	0.0674798021	0.0142882876	-0.020395323400000002	0.0188946702	-0.04717855519999999	0.00059453	0.0945757088	-0.0141175311	0.017848440400000002	-0.075189642	-0.031638029	-0.1057900291	0.17857113460000001	0.0085623428	0.0428392571	0.0229357859	0.0424028569	0.0857166633	0.09948374859999999	-0.0201570392	0.0274293953	-0.0605568215	-0.0302273977	0.0875713829	-0.0031464971000000003	-0.0320907836	0.10743685720000001	0.0943178634	-0.042655714299999994	0.0521761614	0.055416518	-0.0096192164	0.1441656726	0.13732440740000001	-0.0254021312	0.1014244542	0.0559492528	0.1109288901	-0.0031037824	-0.0234520537	-0.031149422000000006	-0.006886590600000001	0.1156284402	0.0684697525	0.055952808300000004	-0.0439200191	-0.1278221801	-0.10501268279999999	0.044991364699999994	0.07195891389999999	-0.0008617733	-0.103127724	0.0025850792999999998	-0.00328862	0.0004906900000000002	1.08150215044e-05	2.407766761000002e-07	0.0741326	0.049733800000000015	0.0024734508624400012	0.005495642382760001	0.12038	-0.021263000000000015	0.0144913444	0.0004521151690000008	-0.000447412	0.0	2.0017749774399995e-07	0.0	-3.46815e-05	7.226349999999999e-05	1.2028064422500005e-09	5.222013432249998e-09	-8.275489999999997e-05	3.5002100000000035e-05	6.848373474009994e-09	1.2251470044100025e-09	0.0	0.0	0.0
8568.825324380423	-10.850342865131097	73424767.43974327	117.7299402909013	10486.110483576384	-30.6290221921372	938.1370004464329	109958513.07377054	6309.72779565603	-3.3798345193845307	39812664.85527431	11.423281378423262	6366.64079444416	10232.311828632086	1.066802	38.406441	0.08054229	0.0549908	0.0093743713	-0.012706039799999999	0.09027272210000001	0.018353401499999998	-0.0430965446	2.84173e-05	-0.0637160364	0.061189764199999996	-0.0173069576	0.011925341599999998	0.0263309275	-0.011295916999999999	0.0742720862	-0.07845253860000001	-0.052606127999999995	-0.0190943476	0.09133106640000001	0.0183206611	-0.1277522515	0.068352069	0.10705206449999999	0.0213794419	-0.0346282669	-0.034996299	0.035405343900000004	0.0161324082	-0.0784188596	0.0060302949	-0.08915654949999999	0.005443674399999999	0.035953538	-0.048916662400000005	0.0201410455	0.0122965943	0.025581714300000002	-0.0129627032	-0.0564932063	0.0491350465	0.0576039111	-0.027322129	-0.0110654995	0.09005353949999999	-0.0423808382	0.00027782990000000003	0.0450324701	0.1137267084	0.0634343774	0.0654365535	-0.0100541565	0.0206210344	-0.07899432070000001	0.09778594560000001	0.0755571321	0.0606992504	-0.0364604867	0.0051499389000000005	-0.0393501016	-0.0417978929	-0.027828531200000003	0.049787305899999995	0.12670630619999998	-0.0027524365	-0.029772333999999998	0.08525610619999999	-0.13926698710000002	-0.0501688932	-0.045118499299999996	0.0197294575	-0.020591621299999998	-0.0588773761	-0.0257485498	-0.0064205612	-0.053237670599999995	0.0216281299	-0.1383631816	0.0476358597	0.0399162448	-0.1822755171	0.1129080274	-0.10057637400000001	-0.007515023399999998	0.0171656649	-0.026891342000000002	-0.1384650166	-0.0414493385	0.0139308088	-0.0781928513	0.0060978487	0.024004698199999997	-0.0516951705	0.0505143038	0.003995684	-0.0087308819	-0.12122397630000001	-0.0075496533	-0.0560253719	-0.07440453080000001	-0.0643855436	-0.0379165825	-0.05760771610000001	0.052344469500000004	-0.0799992722	0.0189178999	0.0911528668	-0.0136157846	0.0319464881	-0.0125187082	-0.0356734918	-0.022447385099999998	-0.0414447086	-0.0094436556	0.0430075022	-0.0293378577	0.1067182373	0.044486882400000004	0.0362299962	0.0387259498	-0.0907472321	0.046164984000000006	0.0473219342	0.07908658910000001	-0.0818490479	-0.0494420346	0.0023015684	-0.0393388004	0.018861943200000002	-0.055108359100000004	0.0509876561	0.0583836344	-0.0343091363	-0.0351260678	0.0040736374	0.0260822953	-0.0179726175	0.1244434849	-0.0329417039	-0.0790960017	-0.00048589989999999996	-0.0306710698	-0.062071816900000014	-0.028390524900000002	0.0192802191	0.0182722374	-0.0099179	-0.0248026424	-0.038930057000000004	0.0589487508	-0.065437734	-0.22666090960000002	-0.0323215519	0.0261280011	-0.0960743278	0.1223119824	0.1521188431	-0.0947773915	-0.0107388122	-0.0728171764	0.025307667599999997	0.0236999998	0.0071223839	-0.11898884679999999	-0.027709184300000002	0.062164106799999994	-0.1661793612	0.040892102400000005	0.05989678530000001	-0.0152801299	-0.028654104399999998	-0.0215632821	-0.0559123467	0.045217918200000005	0.0093079423	-0.013127218799999998	0.026962811899999998	0.0126897229	-0.0025850792999999998	-0.1030125435	0.0077487426000000005	-0.00437694	-0.0010883200000000005	1.91576037636e-05	1.1844404224000006e-06	0.0258469	-0.048285700000000015	0.0023315088244900014	0.00066806223961	0.146393	0.026012999999999998	0.021430910449	0.0006766761689999997	-0.000447412	0.0	2.0017749774399995e-07	0.0	-9.71718e-05	-6.24903e-05	9.44235871524e-09	3.90503759409e-09	-4.2139799999999986e-05	4.0615099999999976e-05	1.7757627440399994e-09	1.649586348009998e-09	0.0	0.0	0.0
8562.243302901512	-6.582021478910973	73312010.3780818	43.32300674884541	10455.691154140468	-30.419329435915646	925.335603330764	109321477.51077124	6300.106057214269	-9.621738441761408	39691336.33214792	92.57785064166927	6355.123894270061	10212.661052340623	1.092474	39.330666	0.11876001999999998	0.071617	0.009389606600000001	-0.0691920141	0.0031030021	-0.0978730871	0.040227680099999996	0.0440153939	0.07610699230000001	0.0702359943	-0.0123594793	-0.058069979	0.042369129000000005	0.0087308861	-0.0450708286	0.09227843849999999	-0.060785807699999986	-0.056836602199999996	-0.142969651	-0.0379007027	-0.0211988504	0.0415622887	0.10959448880000001	0.14113188289999998	-0.0157593841	0.09058308179999999	-0.047076626100000005	-0.015181916699999999	-0.1220145658	-0.0549865877	0.1081534842	0.055893711299999996	0.022690176800000003	-0.0041481793	-0.056945563399999996	0.0076789542	-0.019486658400000002	0.0041978081	-0.022414265899999997	-0.0337364596	-0.0361361222	-0.0355644788	0.0049395407	-0.13631156	-0.058654753899999995	-0.039318569500000004	0.0618200788	0.0065259602	0.1459577371	-0.0070348259	0.0885264668	0.053003090499999995	-0.0192857928	-0.0534266125	0.0757222987	0.0644725055	-0.1008751978	0.011877094099999999	0.058180995599999986	0.0100772615	-0.0627543788	0.029245952599999996	-0.1118013717	0.0706091408	0.0452648036	0.0027016816	0.1104882208	0.18572829219999998	-0.056589693600000004	0.0703885791	0.028234396499999998	-0.0791096385	0.1007367873	-0.0807653377	0.0726524436	0.0570527962	-0.019555445	0.0977803967	-0.0748635076	-0.0284538906	-0.0985265401	-0.07090936469999999	-0.013278318700000001	-0.194864258	0.109922542	-0.1398312274	-0.06252031150000001	-0.1453931352	-0.096266967	0.0267604867	0.027452502200000003	0.08803006529999999	-0.14526114810000001	-0.0037787480999999998	-0.0971822374	0.0508428258	-0.0717883811	-0.1529625115	0.0449396041	0.0548967312	-0.1868972718	0.035161221299999997	0.0276316396	-0.1138877581	-0.1034070275	-0.0541981569	0.0557034372	0.006276010500000001	0.0331371471	-0.0345827009	0.023185535299999997	-0.0029969572	0.0540755683	0.0209135678	-0.029717839500000006	-0.079279803	-0.0557838786	-0.1292296549	-0.06739715219999999	-0.030753914500000007	-0.0297288792	-0.0235805896	0.042036888	-0.0957190198	0.0390758535	-0.1166632697	-0.0516441789	-0.0005290938	-0.0430037234	-0.0644162336	-0.0740284216	0.06031728240000001	0.0221549324	-0.0439233947	0.0880189758	-0.010088843299999999	-0.0102503184	0.10771929289999999	0.0690972863	-0.0713751138	0.0973681339	-0.1194965956	0.195292783	-0.0204044621	0.0618940614	-0.0001199555	0.0797405677	-0.13488017060000002	0.014696341399999997	0.0799404707	-0.0097047551	0.0758109246	0.0322161412	0.0374914747	0.11380988800000001	0.09814271449999999	-0.09808672410000001	0.1231671501	-0.0280823815	-0.1313485627	0.1337801083	0.0197281986	-0.0693845198	0.033964978300000004	-0.0621888119	0.0100573585	0.0830943254	0.10488244	-0.163501229	-0.0908873776	-0.0212242266	-0.0651722046	0.047268367199999994	0.02792812	0.0894122398	-0.10898304060000001	-0.1015306035	-0.0043076634999999995	-0.1027823111	0.012892935800000001	-0.00413409	0.00024285000000000016	1.70907001281e-05	5.8976122500000085e-08	0.0706087	0.044761800000000004	0.0020036187392400004	0.004985588515689999	0.0923318	-0.0540612	0.008525161291239999	0.0029226133454400005	-0.000197412	0.00024999999999999995	3.8971497744e-08	6.249999999999997e-08	-0.00015388200000000002	-5.6710200000000025e-05	2.3679669924000004e-08	3.2160467840400026e-09	-0.000129313	-8.71732e-05	1.6721851968999995e-08	7.59916679824e-09	0.0	0.0	0.0
8578.782949019445	16.539646117933444	73595516.88638677	273.55989370647086	10515.147944185575	59.45679004510748	3535.109882467992	110568336.28811014	6305.5178983716105	5.411841157341769	39759555.96668473	29.288024712298288	6362.059755228411	10214.543557796209	1.075792	38.730087	0.10174892	0.0611967	0.0052188584	-0.0514815227	-0.048287067999999995	0.0457898746	0.0605884775	-0.0742804034	0.0549507237	-0.0708824675	0.0006884532000000001	-0.045048835	-0.0369338577	0.1494087309	0.1309452383	-0.047799095599999994	-0.0791962562	-0.0554251947	-0.008269151800000001	0.0934745103	0.051888722699999994	0.0386531524	0.049488309	-0.0664046891	0.0675102416	0.0045751653000000005	0.0842480759	-0.123647588	-0.1049292081	0.0173144513	0.0223477667	-0.1053444308	-0.003865201	-0.0488282629	-0.0371545231	0.07223411639999999	0.024306118199999997	0.0640314751	0.1320475053	0.0040169587	-0.0705826131	0.0465618948	-0.041487572	-0.0101839274	0.0644714863	0.0239250083	0.0473381145	0.033569401299999996	-0.0911316225	-0.0720589511	-0.06332164009999999	-0.07132575669999999	0.1506793932	-0.0926707331	-0.06555893360000001	-0.0069583199	-0.1221102273	-0.0020086126999999997	0.0332155036	0.0696560395	0.013493966999999999	0.1465091868	-0.1219555318	0.0073261202	0.15108949359999999	-0.0882843772	-0.0970580273	0.019464289	-0.08678010679999999	0.08380796360000001	0.0374386402	0.0455058384	-0.0061739175	-0.032840262099999996	0.0261940442	0.012947731899999999	0.0318912794	0.017449809	0.0772291143	0.0988782688	0.0290365204	0.11705005130000001	0.0439516837	-0.0008061357000000001	0.039650720800000004	-0.1042869733	-0.0165102978	0.0083464627	0.0251669385	0.0101162958	0.0956039393	0.03986833	-0.0342776208	0.1764019709	-0.0729604281	-0.0184742815	0.0489257958	0.0101367524	0.09738257609999999	-0.1144242696	-0.0404840463	-0.0321875701	0.0826350794	-0.09964158320000001	-0.003139115	-0.0754165915	-0.0904350119	-0.024338172	-0.0187369907	-0.0742771721	-0.11269395789999999	-0.022666631099999997	-0.1393764116	-0.0175739995	0.0061736829000000005	-0.024488283	-0.043718519299999994	0.09475790070000001	-0.017705903999999998	-0.0384330281	0.0888032007	-0.0894414065	-0.08576683939999999	-0.0397952461	0.082089709	-0.023242581000000002	0.0672425848	0.0770439665	0.0446849284	-0.1294379885	-0.0992442047	0.1027651499	0.0698521009	0.0135419572	0.0299650263	-0.06572116389999999	-0.0087563576	0.0477866887	0.042200315	0.1333935365	0.0841468916	0.0181362932	0.1094792822	0.0236130754	-0.1960084957	-0.0381662734	0.0347579022	0.0107372644	-0.0604905766	0.0073713239	0.1136383085	-0.0025842601999999998	0.0150133811	-0.017258228400000002	-0.0455670925	0.07546607030000001	0.0358474	0.0828401057	0.0666901793	0.035841416200000004	-0.0561528097	-0.0313904326	-0.12285947380000001	0.0076029568	0.0777316126	0.1204052924	0.0182286801	0.10300152119999999	0.035602766099999995	0.16125607039999998	-0.0313062515	-0.052630021900000004	0.05761229530000001	0.1401962411	-0.1246971294	-0.0206092361	0.0463456558	-0.0060290448	-0.102437284	0.0180047332	-0.00468201	-0.0005479200000000004	2.19212176401e-05	3.002163264000004e-07	0.0276242	-0.0429845	0.0018476672402499997	0.0007630964256400001	0.132573	0.040241200000000005	0.017575600328999998	0.0016193541774400006	-0.000519393	-0.00032198100000000005	2.6976908844900003e-07	1.0367176436100002e-07	-0.000171048	-1.716599999999999e-05	2.9257418304000002e-08	2.9467155599999966e-10	-0.000108954	2.0358999999999986e-05	1.1870974116e-08	4.1448888099999933e-10	0.0	0.0	0.0
8601.85323635211	23.070287332664517	73991879.09974127	532.238157611701	10517.032796449965	1.8848522643893373	3.552668058573613	110607978.84160416	6310.4182858531285	4.90038748151801	39821378.942429535	24.01379746901842	6367.07307051438	10306.628303467262	1.039748	37.432457	0.092529615	0.0567241	0.0268896103	-0.0396857449	-0.0103050386	0.09888528699999999	-0.0154632568	-0.073430757	-0.0527417864	-0.025491959300000002	-0.0750316057	-0.0136391901	0.046367810499999995	-0.0401795253	-0.014303889299999999	0.1490753444	-0.033353543	-0.0751592841	-0.0938502785	0.0734699915	0.097747511	0.0064749866000000005	0.066348194	-0.0047326957	0.0748266856	0.0035417770000000007	0.0152529613	-0.0092323592	-0.08525602380000001	0.0206601618	-0.027841625800000002	-0.080215273	0.0235300204	-0.0307905525	-0.016284084299999998	0.0193379325	0.08963682939999999	-0.0194182542	-0.1012249329	-0.0332986107	-0.0259868596	0.0137835561	0.06646832400000001	-0.2088504125	-0.0191218774	-0.0951040565	0.036976338399999996	0.151336756	-0.1031875866	-0.2100209125	0.17189500649999995	0.0410329018	-0.1129501858	0.057983541799999996	0.033799626299999996	0.16256843740000002	0.0357546038	0.0261001344	-0.0580439228	0.0080037299	-0.08374615099999999	-0.050220184699999997	-0.0086624185	-0.038772844	-0.1129952199	0.0011284672999999999	0.0578979394	-0.0111694571	-0.061729590599999995	-0.0676309274	0.0408314843	-0.0091151957	-0.122598673	0.0800108019	-0.0155896766	0.0839305524	0.0320946723	0.11174858289999999	0.0732996283	0.0506166667	0.0306786822	-0.1188918823	-0.0113595555	0.0541154184	0.1023117922	0.0079823935	0.07036210009999999	0.0453141821	-0.052386044900000005	0.09641049800000001	-0.0412625035	-0.008355236	0.0303684427	0.0952801277	0.0159005245	-0.030738475699999997	-0.01225447	-0.0668036775	0.0766481125	0.0266079837	0.0016054084	0.0417072944	-0.0497417224	-0.0796266392	0.0351169879	0.0152013043	-0.09830820550000001	0.0264994368	-0.0024149107	-0.0047822577000000005	0.022985121299999998	-0.11247848449999999	0.0684101973	0.0504455406	-0.1330973676	-0.12487419539999994	-0.0564897459	-0.1034307568	-0.1337831155	-0.1177614832	-0.011862031799999999	0.0060174612	-0.1773712959	0.0212500722	-0.039727141800000004	-0.2256686639	-0.0223272696	-0.0218607721	0.0758213938	0.0339750883	-0.0228213102	-0.0769807762	-0.0748763849	-0.0189654642	0.10804749820000001	-0.0249925604	0.0007273882000000001	0.0166373791	-0.1101312674	-0.0959889059	0.05975834150000001	0.0573340958	-0.0126209698	0.10628987460000001	0.1161030517	0.0020155832	-0.007098364300000002	0.1306406644	-0.0242497641	-0.0337417951	-0.1044002151	0.0677010602	0.0583157657	0.0003405241	0.013227053600000002	0.12487909609999999	0.0899538503	-0.12025046119999999	-0.0264528006	-0.0174137073	-0.10032217550000001	0.0573636729	0.038851344700000005	0.0385736369	0.0516594788	0.0006136148	0.0014432757999999998	0.0597673418	-0.0785234809	-0.0038792635999999998	-0.030249506699999998	0.043775576	0.0025967278	0.1158528798	-0.0127340197	-0.0176172644	-0.06447555599999999	-0.0077487426000000005	-0.1019778474	0.0230712908	-0.00324913	0.0014328800000000005	1.05568457569e-05	2.0531450944000013e-06	0.07695309999999997	0.04932889999999997	0.0024333403752099967	0.0059217795996099965	0.110329	-0.022244	0.012172488241000002	0.0004947955359999999	-0.000197412	0.00032198100000000005	3.8971497744e-08	1.0367176436100002e-07	-0.000125906	4.5142e-05	1.5852320836000004e-08	2.0378001640000002e-09	-8.56003e-05	2.33537e-05	7.327411360089999e-09	5.453953036899999e-10	0.0	0.0	0.0
8606.060432622535	4.207196270424902	74064276.16995117	17.7005004578772	10495.488344467409	-21.544451982555984	464.1634112286605	110155275.58885124	6313.158699447615	2.740413594486199	39855972.7644111	7.509866668844769	6365.965730880726	10400.13649256328	1.01872	36.675392	0.06294774	0.0371408	0.054876541900000006	-0.0323166636	0.0423242785	0.022536820099999997	-0.1236532834	0.0009411885000000001	-0.0516854979	0.0424965933	-0.11847167189999999	-0.0179030325	-0.040007728900000004	0.008125165	0.1445674843	0.012282354399999999	-0.0044910667	-0.054730242699999994	0.0809571103	0.0758699592	0.0150813379	0.1411218242	0.0663273238	-0.0132678872	0.0117879541	-0.053237682	0.0521989202	0.042836760700000004	-0.09198066369999999	-0.0077386697	-0.0903362653	0.008678217700000001	0.0505485166	-0.1208695567	0.0479087917	0.013837153999999999	0.0767470309	0.0631471373	-0.047532957300000005	-0.019664307199999998	0.0702846813	0.025044657999999997	0.0633885282	0.0600720566	0.030068964500000007	0.04356074150000002	-0.0438646018	0.1052346159	0.009067184399999999	-0.05898316820000001	-0.050860896399999994	-0.0740617391	0.046833842	0.022510444100000002	-0.0701018996	0.0770652579	0.026801281	0.0130578506	0.07134039219999999	-0.0130152671	-0.0204929441	-0.0078514802	0.11254862210000001	0.1661801192	-0.1488490479	-0.1687470701	-0.0434964357	0.0551221454	-0.0393763823	0.0437243158	-0.1012752201	-0.13422071359999999	0.1472152913	-0.0001257661	-0.09506881439999999	0.023263401	-0.12748989060000002	0.037336478199999995	0.0238365959	-0.031571045299999996	0.07700424389999999	0.0471325313	-0.1291131452	0.0067662222	0.07939669070000001	-0.011051129	-0.026922276800000002	-0.0114318106	-0.0628911222	-0.007984824100000001	-0.011855506299999999	0.0504177624	0.017754131399999998	-0.0569273094	-0.1664115316	0.1440714319	-0.15754633099999998	-0.0209739549	-0.0051651697	-0.0742415953	-0.050921676	0.0350362886	-0.0748531613	-0.0828813566	-0.0347520938	0.1065073546	-0.0379873034	0.0490724009	-0.0710570319	-0.032437845699999995	-0.0551314896	-0.06357806099999999	-0.0704692592	0.059531830599999995	-0.0883589893	-0.022932787599999997	0.0605809987	0.0732166158	0.039214843199999995	-0.09838119619999999	0.024532154100000002	0.0068319318000000006	0.0050372772	0.038093292200000003	0.0962894917	-0.0060415989	0.0835075091	-0.012128226	0.1061033134	0.0145608659	-0.0033796453000000002	-0.025063437400000003	-0.0713975069	0.0020233062	-0.0693779714	0.053992422199999994	-0.012704621000000001	-0.0639902941	-0.0425911939	0.101150374	0.10536545480000001	0.07468664400000001	0.075529298	-0.0962604753	0.1136637594	-0.1515822383	-0.0207828265	-0.1450488963	0.0546668517	-0.016924484	-0.19196381769999998	-0.09943166619999999	0.0509465033	-0.0273970402	0.08002309980000001	0.022814635899999998	-0.0492855126	-0.0216944627	0.040490656	0.17941823280000002	-0.0160473118	-0.0057831427000000005	0.0384339896	0.09116664640000001	-0.0616306304	0.0177035756	0.0721114131	-0.0471819463	-0.043627229000000003	-0.0856379702	0.0679221207	0.10756166710000001	0.0878230326	0.043406771799999994	0.1388799244	-0.0653884961	-0.0910632408	-0.0094662766	-0.10140451460000001	0.0280798777	-0.00437332	-0.0011241900000000002	1.91259278224e-05	1.2638031561000004e-06	0.0448834	-0.03206969999999997	0.0010284656580899982	0.0020145195955599995	0.119151	0.008821999999999997	0.014196960801	7.782768399999994e-05	-0.00050414	-0.00030672800000000004	2.541571396e-07	9.408206598400002e-08	-0.000193699	-6.779299999999999e-05	3.7519302601e-08	4.595890848999998e-09	-4.148430000000001e-05	4.4116e-05	1.7209471464900006e-09	1.946221456e-09	0.0	0.0	0.0
8680.071722914992	74.01129029245749	75343645.11494844	5477.671090754412	10618.074293518117	122.58594905070822	15027.314904662831	112743501.70267026	6360.9624144794625	47.803715031847794	40461842.83842039	2285.19517084611	6420.036320094436	10588.202657221716	1.287563	46.354156	0.07972566500000001	0.0455902	0.0952569767	-0.0765875933	-0.06335383	-0.059014173600000004	-0.0541019588	-0.0572738225	0.1549511991	0.1005004465	-0.12828533179999999	-0.044750078	0.0274051183	-0.015899878	0.0723534513	0.2013838514	0.16913765690000002	-0.0522149387	-0.2589062283	0.2369980067	-0.10994790619999999	-0.0052778945	0.09366591199999999	-0.2401269419	0.042373958600000004	0.1987063961	0.1461258285	0.0144567551	-0.0117400608	-0.1211089196	0.119258814	0.09481183230000001	-0.1403875718	0.210344563	0.3106372936	0.12177881789999999	-0.0714542566	-0.027174537000000002	-0.3566662131	-0.24808452809999998	-0.3415654176	-0.0587125155	0.0749396597	0.21863669289999998	0.19355919510000005	0.079884686	0.017029640500000002	0.09980196570000001	-0.0083659494	-0.09063080429999999	-0.013892951499999999	0.11842052789999999	0.010419626999999999	0.013689434399999999	0.0162938196	0.0045074608	-0.032993560400000004	0.046949250199999994	-0.11208263130000001	-0.11756035570000001	0.0205239573	-0.038094127799999995	-0.012244553100000001	-0.07939113219999999	0.0436731475	0.0037163181	-0.0426057284	-0.07711072299999999	-0.0904671548	0.0383643945	-0.0051316040000000005	-0.033491388	-0.090084364	0.0145053712	0.05484240730000002	-0.0247060472	0.027327291299999997	-0.046138381	0.0891794194	0.0854948228	0.0082330822	-0.0037779373	-0.050415826	0.0368865189	0.0516445275	0.025235300699999998	-0.0361241031	-0.0967128981	0.00203756	0.0160829036	-0.0550032741	0.0413108015	-0.07238134730000001	-0.0429547796	0.11359323210000001	0.0906990572	0.0446062729	-0.10709916380000001	0.0618682702	0.005872848199999999	-0.0408593762	0.0356004658	0.0295911658	-0.010500340700000001	-0.0867373504	-0.08465189140000001	0.0708971583	-0.0685999682	0.0677026528	0.3494728786	-0.0967535531	-0.058931773300000004	0.35596537590000005	0.3788608843	0.1701904245	-0.0119815857	-0.173054818	0.2835656175	0.1305715701	0.09781650480000001	-0.1495307182	0.0072805389	-0.07947968	0.0127188678	0.09855650640000001	-0.1092100593	-0.0034766162	-0.0118670748	-0.0686985229	0.0307062237	0.0723716501	-0.0408271126	-0.0039852199	0.042015027	0.08274631219999999	-0.015255422099999999	0.0578942914	0.0413502038	0.0482801536	-0.0057862416	0.0615528299	0.0641526237	-0.1180737257	-0.0206733397	-0.0651018191	-0.047051820300000005	-0.0408525929	-0.0187001818	-0.0079833837	0.0316424691	-0.0331133369	-0.044268534400000004	0.1038842259	-0.050169233099999995	-0.0468914767	0.13198117609999999	0.1106548807	0.0694789093	0.0049201614	-0.0285695282	0.0338493878	0.0866993559	0.0095155386	-0.0269081979	0.0007317261	-0.0153750916	-0.0527773196	0.0509756483	-0.0999360714	0.0369149986	0.0649951419	0.0379314844	-0.0322179895	0.0762061644	-0.029174723	-0.0771732641	-0.0082911788	-0.0111811673	-0.1007179259	0.0330179092	-0.00416924	0.00020407999999999969	1.73825621776e-05	4.1648646399999885e-08	0.0817413	0.036857900000000006	0.0013585047924100006	0.00668164012569	0.102284	-0.01686699999999999	0.010462016656	0.0002844956889999997	-0.000128229	0.000375911	1.6442676440999998e-08	1.4130907992100005e-07	-0.000193699	0.0	3.7519302601e-08	0.0	-0.000181507	-0.00014002269999999998	3.2944791049e-08	1.9606356515289997e-08	0.0	0.0	0.0
8687.167698398742	7.095975483749497	75466882.62010251	50.35286806597393	10633.842405931657	15.768112413539713	248.63336908602517	113078604.31419036	6373.798101007961	12.835686528498629	40625302.23241269	164.75484865788113	6431.964132725026	10390.840327676673	1.5087780000000002	54.318226	0.132908225	0.0758948	0.0443012299	-0.08935027960000001	-0.1399423163	0.092643265	-0.0687946779	-0.1690531974	0.0439045749	-0.0616985189	-0.0570827747	0.0373026585	-0.1254404593	-0.1044519866	0.0871337884	-0.1358811995	-0.0755628908	-0.021545927700000002	0.1316303101	-0.13397200609999999	0.25258918269999997	0.1160431992	-0.006816233299999999	0.028815366800000002	0.0410441322	0.034656064900000005	-0.0699201408	0.0918545364	0.1364878346	0.1622263364	0.0658199911	-0.029712608999999997	-0.0425525044	-0.0238994948	0.1547038324	0.056239626699999996	0.0632968759	-0.0497439763	0.1180669058	-0.050267046600000004	0.089314731	0.1466221136	0.028943413799999998	0.041409621699999996	-0.0189573632	-0.1058773628	-0.1083857759	-0.0205598729	0.3004556623	0.08743426779999999	0.068078402	-0.10543667289999999	-0.23063256780000002	-0.10353499460000001	-0.1525774642	0.0501866807	-0.0197229106	-0.0204794963	-0.0577928088	-0.1257961693	0.053510280199999996	0.1000836472	-0.10512045460000001	-0.0203121582	0.1207588364	-0.0296646887	0.0822643821	-0.039113725	-0.0320071322	-0.026585081899999998	0.0920046066	-0.0084163199	0.0091683733	0.10083691480000001	0.0675793951	0.0332111669	-0.020013369099999997	-0.0463162439	-0.0614298512	-0.021059663399999998	0.0840997733	0.1278148772	-0.1308261832	-0.0172468618	0.033728212	-0.11287011029999999	0.0138313825	-0.0541801307	0.06696532570000001	-0.0261368783	0.1496406057	-0.008700071	0.056540454500000004	0.0913552809	-0.0089061273	0.1361475521	0.1187891041	-0.0178659792	0.0631479928	-0.023800594300000002	0.0846911254	-0.0765786094	-0.0211239861	0.1218743832	0.1056378251	-0.0969305525	0.0093700274	0.0663225226	-0.1658886132	0.09447024109999999	-0.109705516	-0.065993217	-0.0902574071	-0.0691950903	0.05002959	-0.0096993809	0.10278335150000001	0.0136644958	0.0303448654	0.0314122881	0.00016504	0.1752942946	0.2166347622	-0.0704148908	-0.0312304055	-0.066919829	-0.23913333	-0.14333665240000001	0.1800146689	0.1559297806	-0.1378165229	0.0829114478	0.1838011817	-0.0063936684	0.016180414299999998	0.0373784155	0.0332867632	0.1021901742	0.0654804909	-0.0840405874	0.095542507	0.0194381902	0.044868627599999995	0.088800915	-0.073892958	-0.0081644401	0.1278815112	0.0432625404	-0.0751736561	-0.0574998295	0.0318687848	-0.051359679000000005	-0.0086366288	-0.0081700104	0.039142009500000005	-0.033838989900000005	0.1261914633	0.1416829508	-0.074616428	0.023468599700000002	0.0797573404	-0.0524027503	-0.0061635318	0.032294166400000004	-0.042797088899999995	0.0292131078	0.0935801691	0.027869763399999997	0.0646334767	0.1632282629	0.113797835	-0.0145500773	0.100162355	0.0210160591	0.0462406945	0.0775828647	-0.0531876168	-0.012892935800000001	-0.0999188481	0.0378729775	-0.00712767	-0.00295843	5.08036796289e-05	8.7523080649e-06	0.045908099999999986	-0.03583320000000001	0.0012840182222400008	0.0021075536456099998	0.165465	0.063181	0.027378666225	0.003991838761	-0.000520242	-0.00039201300000000003	2.7065173856399997e-07	1.5367419216899995e-07	-0.000253482	-5.978300000000003e-05	6.425312432400001e-08	3.574007089000002e-09	-1.4591099999999997e-05	0.0001669159	2.1290019921e-10	2.786091767281e-08	0.0	0.0	1.0
8651.441736115425	-35.72596228331713	74847444.11339988	1276.3443810689982	10581.627823654597	-52.21458227705989	2726.362602367857	111970847.39834112	6372.6515782501965	-1.1465227577646149	40610688.13777472	1.3145144340721773	6430.39258624899	10369.584884786584	1.33574	48.088604	0.142944545	0.07449519999999997	0.0488884537	-0.1860896486	-0.0644294923	0.10862785330000001	-0.156608382	-0.11733508880000001	-0.0820104123	-0.0044480247999999995	-0.1414215736	-0.049441873899999995	-0.277984644	-0.0419344298	-0.0459242875	0.0010994722	-0.1777415556	0.0470687463	0.025793703799999998	-0.0362827672	0.0843805991	-0.0185627434	0.13324522689999999	-0.085833566	-0.21902498920000002	-0.0020905504	-0.1439118985	0.1474460941	0.1004701103	0.12432129039999999	0.029316069500000007	-0.0152488029	-0.0070562459	-0.0111780318	0.2228296155	0.2714074749	-0.11225142880000001	-0.026432186200000003	0.21022583079999999	-0.052748495	0.1079873174	0.0555422296	0.0117652129	-0.1009152703	-0.0605717971	-0.0306925703	0.0123953133	0.07874459519999999	-0.13398273759999998	-0.1036233052	0.0344251038	0.1078303419	-0.0274214196	0.0213476731	0.0319512102	0.0248323461	0.0356393965	0.08881266410000001	-0.16267730060000002	-0.0030770657	0.0018847418	-0.0288108091	0.026783255899999997	-0.0264499804	-0.0093400188	-0.113997062	0.0028733257	-0.0039618954	0.039643079399999996	0.02639553	-0.10978861179999999	-0.0109869563	0.06678260309999999	-0.1687957018	-0.047216401	0.046121992599999995	0.06028326940000001	0.057213615499999995	-0.0202788783	0.030207616099999997	0.0513535788	-0.0303888404	0.0815420416	-0.1158091349	-0.0165665212	-0.0115419606	-0.062365962000000004	-0.0780036492	0.16497856460000002	0.0609020092	0.059107199299999996	0.033462931	-0.0092551814	0.1104759832	0.020376829699999998	-0.043625127	0.0578571549	0.0295829002	-0.0398460936	0.0510652733	0.0893800574	0.06693820980000001	-0.059596148499999994	0.0850979974	0.1065723724	-0.0225466881	0.0097650653	0.0866507241	-0.16152744730000002	0.1635991604	-0.2697504013	0.0589744424	0.055662707	-0.1563143102	0.1048031425	-0.0495351997	0.1466625294	-0.040112268799999996	-0.1699126816	-0.109096994	-0.0109383326	-0.0802844939	-0.1739444724	0.0717668619	-0.006565300400000001	-0.1367851492	-0.0853893226	-0.0189903294	0.0113888125	0.030287603	0.0815736684	-0.0463433764	-0.1508220887	0.1549128795	0.0314649863	-0.0076484063	0.0144151401	-0.0393478089	0.1037490392	0.1382686667	0.010807958000000001	0.0601259167	0.023296732999999997	-0.005624575400000001	0.063381299	0.0322365041	0.0226160229	-0.0881984451	0.0079687677	0.0466363416	0.0529253072	0.1127527475	-0.0884057883	-0.0059638122	-0.010452774100000001	0.0270884832	-0.0930053711	0.0752531734	-0.028087229	0.027499129900000002	-0.0390577483	-0.035740565	-0.0342181896	-0.09972638699999999	0.036715713399999995	0.1235622957	0.009056694799999999	0.0575360859	0.11207062460000004	-0.0057217338	0.0543202051	0.011368061799999999	0.0706896179	0.0398791032	-0.052559387400000004	0.08361631679999999	-0.0663301475	-0.014601103999999997	-0.0990081737	0.042632883499999996	-0.016968900000000002	-0.009841230000000005	0.00028794356721000014	9.684980791290004e-05	-0.000572005	-0.046480105	0.0021604001608110245	3.27189720025e-07	0.186552	0.021086999999999998	0.034801648704	0.0004446615689999998	0.0005201709999999999	0.001040413	2.705778692409999e-07	1.082459210569e-06	-0.000484912	-0.00023143	2.35139647744e-07	5.355984489999999e-08	-5.3472299999999986e-05	-3.88812e-05	2.8592868672899994e-09	1.5117477134399995e-09	0.0	0.0	0.0
8666.339033032013	14.897296916587946	75105432.23545425	221.9294554209808	10504.488164415	-77.13965923959768	5950.527027601248	110344271.59633479	6375.681511238108	3.0299329879117067	40649314.73274345	9.180493911235562	6426.8704032224905	10320.259122051724	1.118965	40.284382	0.113123865	0.0552761	0.0254240182	-0.1813580827	-0.051483389299999995	0.11590218320000001	-0.20814065210000002	-0.0235245806	-0.054852629400000005	-0.0188703656	-0.1532679985	-0.06681686719999999	-0.0839468577	-0.130741143	-0.0005444724	0.1523281174	-0.0232856998	0.0630435525	0.071714422	-0.1558361601	0.087249595	-0.07581770809999999	-0.0312290224	-0.1818988239	-0.0521637971	-0.0688572968	0.0029068353	-0.0364049517	0.0981474489	0.0923939102	0.0396095884	0.0438238588	0.005342955	-0.0612596937	0.265923859	0.0969441628	0.0095214127	-0.1653791598	0.0909099529	0.0903210567	0.12305261320000001	-0.1146067464	-0.0637423452	0.045019881100000006	-0.074247272	-0.028821628199999998	0.0032834713	-0.0114779373	-0.0860897523	-0.1723771656	0.0460721006	0.0974956716	0.0650555417	-0.1355138581	0.0511242688	0.030877090299999996	0.0054246569	-0.034949271000000004	-0.0006940083	0.10184584630000001	0.008287990600000001	-0.06400956	0.024646373500000002	-0.0873026743	-0.2076402396	0.042372559500000004	-0.0605700995	0.0093948217	-0.0406303868	0.0002445274	-0.0680238876	-0.0026654833000000003	-0.0235761277	-0.1104153791	-0.036037866200000004	-0.05789880400000001	-0.0001468531	-0.074035783	0.0039178358	0.0018178904	-0.1423855227	-0.0829320908	0.211609921	-0.0051320428	0.1050984283	-0.0794186388	-0.021727574700000002	0.0091528246	0.025334059500000002	0.0031216196999999998	-0.0124927823	0.0007149253	-0.0005994418	-0.1544027317	0.052389325	0.0601636245	0.0490825658	0.0966734516	0.0267013775	0.010982549599999999	-0.130406171	0.0974832697	0.030944066099999997	0.0931401536	0.0342510049	0.041866026	0.0161419484	0.11133463880000001	-0.1970087326	0.2116701168	-0.047155762999999996	-0.0731960167	0.0851578958	-0.14811149070000001	0.0395393984	0.1576893539	0.1264440799	-0.0904484251	-0.1351230471	-0.025887756600000002	-0.017835554	-0.0155422449	-0.14031343570000002	0.023057991400000002	0.13431782679999998	-0.04623746769999999	0.003655323	0.0665217009	-0.037004441299999996	-0.1197680362	0.0816025169	0.0146123526	-0.0559813653	-0.0259903164	0.0498295675	-0.060520222	-0.0848676691	-0.013344000900000002	-0.0390284906	0.0069276571999999995	-0.1462439411	0.027886563399999998	-0.021720052000000004	-0.066632685	0.0534606574	-0.0733614612	-0.0415053039	0.0678890645	0.1162340041	0.09985176119999999	-0.022999104300000003	0.0586347429	0.014068651100000001	0.015702518000000002	-0.1141004249	0.0059033934	-0.0966566648	-0.0538654391	0.0086002437	-0.1456744208	0.029438573399999998	0.0071285314	-0.1400133923	-0.045013982599999995	-0.008593225500000001	-0.0143136405	-0.09986178949999999	0.07256882740000001	0.0582483179	-0.024473882000000002	0.0577406235	0.1145216293	-0.1425397971	-0.0122383696	0.0668257338	0.006713305500000001	0.0927145047	-0.0163051952	-0.0979869198	0.0472856671	-0.00710195	0.009866950000000005	5.04376938025e-05	9.735670230250006e-05	0.0340125	0.034584505	0.001196087986095025	0.00115685015625	0.16598	-0.02057200000000001	0.0275493604	0.0004232071840000003	-0.000184619	-0.00070479	3.4084175161000015e-08	4.967289441e-07	-0.000297518	0.000187394	8.851696032399997e-08	3.5116511236000004e-08	1.6351900000000002e-05	6.98242e-05	2.6738463361000004e-10	4.8754189056400005e-09	0.0	0.0	0.0
8648.433600674542	-17.905432357471	74795403.74527642	320.6045079079695	10484.709769649013	-19.778394765986377	391.1848995191973	109929138.95377344	6368.5903328432	-7.091178394908638	40558942.82758386	50.284811028419064	6419.414826623623	10407.176552360936	1.01525	36.550488	0.035228825	0.0210326	0.0464052017	-0.1785978451	-0.0275374967	0.0105575042	-0.2529979418	0.0382738852	-0.0025655186	0.0587006792	-0.170819692	-0.0647636842	-0.1416082695	-0.102204887	0.0540991762	0.0778102338	0.0848008136	0.1020848364	0.0633129459	-0.10164942140000001	0.14183796869999998	-0.1595905161	-0.1163622272	-0.1311440301	0.0603910049	-0.1393003196	-0.0060642327	-0.0084877748	0.0758125419	0.0669922028	0.0709967712	0.13750811699999999	-0.026977005099999996	-0.0699066804	0.22549159829999998	0.010582861	0.10979770130000001	-0.1256017673	0.0944526383	0.0493277645	-0.0033161416999999997	-0.0335376139	-0.068323265	-0.06371563849999999	-0.061251235	-0.0192065191	-0.0398725615	-0.10794476289999999	0.0362027002	0.0256300446	-0.0158405568	0.0146198202	-0.1256650315	-0.0091631446	-0.036428801600000005	0.0673051707	0.0341375528	0.008734747099999999	0.036923533	-0.0556805196	0.0309877152	-0.0020966870000000003	0.0009985654	0.1576743044	0.0109110763	-0.0320851375	0.0614841181	-0.07541476650000001	-0.0881709767	-0.0241459698	-0.052413245	-0.09418381890000001	-0.0921021775	0.0347186945	-0.0832477271	-0.14056766140000002	-0.0046585786	0.035692819300000005	0.0176986804	0.1506587306	0.0098922639	0.0214547696	0.0626358904	-0.0490000062	-0.1376283972	0.1199852933	-0.021466653199999998	0.1062218464	-0.1324178776	0.1411358642	-0.1186884926	0.1593574883	-0.0667573412	0.0204588011	-0.1131197066	0.0395362514	-0.1219127545	0.0179949305	-0.09396080400000001	-0.0484584211	0.022556192599999997	-0.0577159145	0.1712787157	0.0766287784	-0.0433271994	0.0422640186	0.09344775460000004	0.0839007175	-0.20375550039999998	0.18209641899999998	-0.0416730336	-0.1011272834	-0.031109046600000002	-0.0776989951	0.0797529278	0.0623361275	0.0017896199	-0.1537431824	-0.0135798854	0.0457917556	0.0206187757	-0.0280748971	-0.0065051155	0.029191672999999998	-0.0261891677	0.0796588335	-0.1081707324	-0.05897023570000001	0.07064778320000001	0.052312068899999994	-0.053140147199999994	-0.0429636517	-0.007494365500000002	-0.030416226400000006	-0.035047350899999996	-0.012945936000000002	0.0144018668	0.0304105205	-0.0692815035	0.0637541969	0.10095390859999999	-0.0879630223	-0.023814571800000003	-0.000645101	0.057743416299999996	-0.1630407217	-0.0939635392	-0.0027497417	-0.047340328499999994	-0.0276370042	0.024786264300000003	0.0432827097	0.1145030153	-0.030575635099999998	-0.033814320499999995	-0.089775108	0.07135487089999999	0.026653323599999997	0.0721596498	-0.0765445602	-0.16674489439999998	-0.0898370866	-0.0391072384	0.035157715	0.07932272679999999	0.0376641277	-0.0067243712	-0.21556888510000002	-0.1484379036	-0.113987241	-0.010902762199999999	-0.07945622849999999	0.0284202584	-0.0650903049	-0.0953416958	-0.185442916	-0.06680156150000001	-0.0180047332	-0.09685622699999999	0.0518196374	-0.00698732	0.00011463000000000013	4.88226407824e-05	1.3140036900000026e-08	0.037256800000000014	0.003244300000000005	1.0525482490000037e-05	0.0013880691462400006	0.161709	-0.004270999999999997	0.026149800681	1.8241440999999973e-05	0.000167046	0.00035166500000000003	2.7904366115999998e-08	1.23668272225e-07	-0.000304695	-7.1770000000000306e-06	9.2839043025e-08	5.1509329000000425e-11	-0.000176784	-0.0001931359	3.1252582656e-08	3.730147586881001e-08	0.0	0.0	0.0
8615.291422961403	-33.142177713138146	74223246.30255233	1098.4039435692314	10505.481852695542	20.772083046529588	431.47943409192186	110365148.95731536	6362.24874563636	-6.341587206839904	40478209.10135143	40.21572830195554	6416.011342223208	10320.839701419236	1.154915	41.578636	0.06822482999999999	0.0380033	0.0139744191	-0.176985959	-0.13870321970000002	-0.0081874162	-0.0975997857	-0.0134829363	0.1150264065	-0.04384233269999999	-0.042562776100000005	-0.0934302491	-0.14866796599999998	-0.0810864401	0.04275777730000002	0.0571845518	0.1283203177	0.073733545	0.12147201869999999	-0.073853645	-0.1000422352	-0.147121417	-0.1608029722	-0.0664269623	-0.018383796799999998	0.0096203644	-0.0280672451	-0.0437970127	0.0641511833	0.0616764359	0.1218962092	0.046486441399999995	-0.0227674348	-0.0085728121	0.1498029475	-0.0288282093	0.0005760597	-0.10477121699999999	0.0953707371	0.1856781799	0.035525157200000004	0.0056864141	-0.1941850439	0.0823139412	0.155464936	0.0431504787	-0.0448682062	-0.0300676769	0.0433458864	-0.011014868799999999	0.024575176400000003	0.0321005156	-0.0732378922	0.0220005761	-0.054237793	0.12679706300000002	0.005237871	0.0927405803	0.11279421140000001	-0.09994502849999999	-0.0651638676	0.12043887630000001	-0.0804618663	-0.045778346100000006	-0.0297720939	0.0246150246	-0.0218356867	-0.0256088558	0.0880402545	-0.1155166316	0.1037812969	0.0144544029	0.05297385860000002	-0.0699255394	0.082356625	-0.0240689171	-0.0088074376	-0.0719511318	0.0812684338	-0.0819010997	-0.0330320911	-0.1810079639	-0.05852291320000001	-0.0121469175	0.07536385599999999	-0.058204652300000013	0.1545890877	0.0694632462	-0.0408301124	-0.048381832199999995	-0.0593824686	-0.0622959596	-0.0097126614	-0.0263743075	-0.032167391000000004	-0.0619305431	0.0348381876	-0.0027851152000000004	-0.10154317369999999	0.0533215057	-0.1261578055	-0.0803158796	0.0612272017	0.0627462053	-0.0214894246	-0.09718572439999999	0.048921901799999994	0.060177753	-0.1364338941	0.1428365208	0.0361398426	-0.009944316199999999	-0.014778496499999997	-0.1383689239	0.0432270589	0.2065565831	0.0212184987	0.0409777627	0.10552077609999999	0.1490313717	0.1662417233	0.0738837542	-0.0338519592	0.0029844073	0.019045103100000002	-0.0173744144	0.0081401225	-0.0951456325	0.0699085293	0.0804246319	-0.08420778779999999	-0.0032567461	0.02275685	-0.0942672623	0.1525436701	0.040315672999999996	-0.0130811802	0.0660372796	0.039751972000000003	0.1163156806	-0.0949771586	-0.0970088726	0.0404695178	0.08834570720000001	0.052460849500000004	0.082777238	-0.06038371820000001	0.0878086056	0.0048439032	0.0293849173	-0.051552747999999995	-0.1119707382	0.0149269556	-0.0131316269	0.042921003099999994	0.0548647918	-0.043376331799999994	-0.0746156318	-0.0084566021	-0.0733102619	0.0093512488	0.0501059882	0.0618796175	0.0765188018	0.0232238104	-0.117429869	-0.0157657828	0.0768141131	0.0345412899	-0.05821903780000001	-0.1054613041	-0.0402023042	-0.10634617960000001	-0.1252434556	0.08401357970000001	0.008248074499999999	-0.040315951	-0.0196992437	-0.09561735810000001	0.056223402	-0.0102826	-0.003295280000000001	0.00010573186276000002	1.0858870278400007e-05	0.07011060000000001	0.0328538	0.00107937217444	0.004915496232360001	0.174807	0.013098	0.030557487248999995	0.00017155760399999994	0.000196594	2.9548000000000043e-05	3.8649200836000014e-08	8.730843040000021e-10	-0.000545978	-0.000241283	2.9809197648400004e-07	5.821748608900001e-08	-0.000285508	-0.000108724	8.151481806400001e-08	1.1820908176000002e-08	0.0	0.0	0.0
8583.414329904605	-31.877093056798916	73675001.55881171	1016.1490617518173	10446.533823339774	-58.94802935576809	3474.8701649284963	109130068.92218192	6349.215214521965	-13.033531114394464	40312533.84031721	169.8729333098886	6407.151346755282	10254.843784483095	1.362541	49.053459	0.19720261	0.111217	-0.067300273	-0.0206570336	-0.0318720634	0.0846893218	0.004109795	-0.019374125500000002	-0.045114341399999994	-0.04693192400000002	0.0859613163	-0.0884177014	-0.06619348280000001	-0.0203359601	-0.096317326	0.046210029400000005	0.1242251628	0.0051132139	-0.0423605562	-0.1473742258	-0.0276847226	0.0413933515	-0.0831041658	0.0365315459	0.0170931468	-0.1285453567	0.0624718095	-0.024132254199999998	0.0445403717	0.15525165470000002	0.026423469900000003	0.0422207441	-0.0708739399	0.0778000662	-0.0305963711	-0.0649105526	-0.24730687699999998	-0.0666165285	0.0763400261	-0.0026227553	-0.026617544500000003	0.0159911277	-0.052547893600000006	-0.0051771215	0.11208357769999999	-0.0252476552	0.17481798129999998	0.0808355169	0.1530186563	-0.1177284859	-0.0397904637	-0.045627108099999994	0.0049118634999999996	-0.12888480970000002	0.025752518999999998	-0.11585255259999999	0.0663215975	0.031150485	-0.019819333300000002	-0.0367411851	-0.0139862918	-0.2071321947	0.0791645055	0.0126848843	-0.0270378897	0.0748136824	-0.038760023500000004	0.029962906600000002	0.1266953439	0.0476677826	0.036781124	0.053200155199999995	-0.0422840189	0.1513024203	-0.0200534228	0.16060735	-0.030629183799999998	0.0451837823	0.013847624199999999	-0.09241276470000001	0.05806696400000001	0.0729699236	-0.0393187511	-0.08491327050000001	0.09741050710000004	0.0478175405	-0.0910673944	-0.014445257	-0.0923899098	0.0788619743	-0.0162752658	0.0552956347	0.1033096392	0.0774428143	-0.015091996399999997	-0.0659876814	-0.061596383399999996	-0.0131548702	-0.013747283899999999	0.0078660596	-0.0973187764	0.0333812893	-0.0046333251	0.0235208752	0.1325775766	-0.0700304274	0.07802298740000001	-0.055241726399999996	-0.0413535133	0.0659671763	0.0975162425	0.1668740516	0.0706174054	-0.1533341062	0.0375316938	-0.07301945139999999	-0.0988397452	0.01872461	0.049445496799999995	0.0424793854	0.10733662640000001	0.0766024701	-0.0029588052	-0.1982569404	0.2030525229	-0.0316813628	0.044115795199999995	0.048091483	0.0529260175	-0.0125261991	0.10029603179999999	0.0607036024	-0.07368813910000001	0.0732457073	-0.0274433554	0.1600994687	0.08132163740000001	-0.0275474912	-0.0997108871	-0.1957142461	0.0265263433	0.0918164891	-0.046039001600000004	-0.026958896099999997	0.007180714	0.0355159833	0.046204956299999995	-0.0652882778	-0.121561751	-0.0765327754	-0.1120938682	0.063923332	-0.1488591929	-0.054170083	-0.0133885996	0.0186740855	0.013515083300000001	-0.029915982799999997	-0.0111819044	-0.0649525539	-0.0423465728	0.1015364679	-0.04293445519999999	-0.068830074	-0.057913773200000004	0.0302257563	0.1232728145	-0.0823812807	0.013225796000000001	0.0348007788	-0.129984778	0.0646505294	-0.0152983283	-0.0688997234	-0.0882947076	-0.108023795	0.0046271615	-0.021388253399999998	-0.0942716968	0.0604858957	-0.00256879	0.0077138100000000015	6.5986820641e-06	5.950286471610002e-05	0.0554163	-0.014694300000000009	0.0002159224524900002	0.0030709663056900003	0.10518800000000003	-0.06961899999999997	0.011064515344000004	0.004846805160999996	-0.00143114	-0.001627734	2.0481616996e-06	2.649517974756e-06	-0.000193699	0.00035227900000000005	3.7519302601e-08	1.2410049384100006e-07	-0.000409005	-0.00012349699999999995	1.6728509002499998e-07	1.5251509008999992e-08	0.0	0.0	0.0
8574.7275242802	-8.68680562440386	73525952.11564846	75.46059195617454	10400.125546119678	-46.40827722009635	2153.7281945373143	108162611.37505113	6353.214570026184	3.9993555042192384	40363335.372793	15.99484444912872	6409.243377971457	10036.532712031407	0.997793	35.922024	0.009483490000000002	0.00706969	-0.1273966664	-0.0060702798999999995	0.0257476365	0.0991708939	-0.0016978256	0.0063826714000000005	-0.1269664161	-0.028029083700000002	0.132288115	-0.12176097539999994	-0.0266204715	0.016757278400000002	-0.0319580717	0.0258037818	0.028603905699999998	-0.1340606423	0.0040285483	-0.057855131399999996	-0.054847238300000004	0.0814519635	-0.0664261487	-0.061316505300000004	0.0334680732	-0.0253132558	0.0563603793	-0.00036705699999999995	0.038776717200000005	0.1175567424	-0.020130291	0.04812921690000002	-0.052053025700000005	0.0859390815	0.0135663642	-0.019699577	-0.0830168437	0.039122536400000005	0.0931272329	-0.0010417788	-0.10152063089999999	-0.0035825796	0.016009637099999998	-0.0072415575	-0.0429309584	0.0283790494	0.0963186198	-0.09742526160000001	0.0119014213	-0.1472492688	-0.0286273931	-0.1420920457	0.1683936916	-0.0316213854	-0.0183763608	0.0728374749	-0.09347523880000001	0.0466304929	0.0387797285	0.0883271714	0.0320654593	-0.1457679204	0.0033050095	-0.0383757775	-0.10016592789999999	0.0017531356	-0.09191833220000001	0.0017666077	-0.015326609299999999	-0.1375567144	0.07273701099999999	-0.1281591519	0.0550338514	0.12329751550000001	0.0542739349	-0.0307184523	-0.0781850388	-0.0891327087	0.032102277	0.1017773137	0.1856780883	-0.0092778743	-0.050872474699999996	0.0521972266	-0.1304320975	-0.039052412	0.1974051212	0.0081136861	0.061088882000000004	-0.09250673460000004	0.00989153	0.0501843769	0.1097136044	0.0027258242	0.0429794929	0.023108334100000003	-0.051955707000000004	0.0049968229	0.0034638561	-0.08675574009999999	0.0411304692	0.0059743344	-0.0163405402	0.0161703373	0.1256513024	0.0021063518	0.0635974895	-0.06889927900000001	-0.027071394900000004	0.0790214441	0.0212426865	0.09082475779999999	-0.0655213152	-0.041551065400000003	0.045227560800000004	-0.0169774827	-0.0811301718	0.0242759123	-0.052318605	0.0637559961	-0.058508833499999996	0.010040571600000001	-0.012901406200000002	-0.12242309289999999	0.0628515988	-0.0163724833	0.15134412349999998	0.1516018748	0.0495153825	-0.0623033724	-0.1650933933	0.0729414063	-0.1081439959	0.0023600436	-0.0369725405	0.08508414859999999	-0.08300873639999999	-0.051534414900000006	0.010439161800000001	-0.11440875810000001	-0.139940192	0.1424464942	0.0394743269	-0.0332434355	0.008066731	-0.10891968269999999	0.019137361999999998	0.0181587597	-0.044812026399999996	-0.1119864539	-0.0511651822	-0.14661076050000002	0.1311335762	-0.06964613230000001	0.1106955099	-0.040147795099999994	0.0434558803	0.0241792975	0.0419377385	0.024594520499999998	-0.0340842102	-0.0672177813	0.1196216009	0.035360582200000004	0.1407082008	-0.0726502266	-0.18469231260000002	-0.0925226391	0.1092962144	0.0538672529	0.0006948458	0.014258178799999997	0.0801794141	0.0878359838	0.0020862313	-0.0100961419	0.0009642066	-0.0230712908	-0.09282074609999999	0.0645964082	-0.00305418	-0.00048539	9.3280154724e-06	2.3560345210000004e-07	0.055293899999999986	-0.00012240000000000859	1.498176000000211e-08	0.0030574153772099997	0.112083	0.0068949999999999715	0.012562598888999998	4.754102499999959e-05	-0.00140903	2.2110000000000102e-05	1.9853655409e-06	4.888521000000043e-10	-0.000193699	0.0	3.7519302601e-08	0.0	-0.000391501	1.7504e-05	1.53273033001e-07	3.06390016e-10	0.0	0.0	0.0
8585.168835276625	10.441310996424363	73705123.930205	109.02097532405232	10379.67548370722	-20.450062412457555	418.2050526734093	107737663.14707272	6347.223776073044	-5.990793953140383	40287249.66354695	35.88961218898337	6400.502938887553	10085.08504532625	0.992705	35.738842	0.06754094	0.0403019	-0.1250199641	0.0614428704	0.0835990907	0.0756496799	-0.011185719399999999	0.050979339500000005	-0.1304455668	-0.0095589896	0.10384279119999999	-0.09095530800000001	-0.0102221361	0.061912872599999995	-0.041712225	0.052963374199999996	0.034890518599999996	-0.177131323	0.038422943	-0.0158536575	-0.10530368650000001	0.030358288100000002	-0.1132048323	-0.033463106400000005	0.0496393492	0.0545240549	-0.0368617755	0.0601470079	0.024695671800000003	0.1086251494	-0.0932277641	0.043580762099999996	-0.0705539962	0.09615121859999999	-0.0452203428	-0.09214442169999999	-0.1299148259	0.005933046700000001	0.0346472017	-0.0518378265	0.0549414081	0.0141643702	-0.011009811299999998	0.0200106483	0.0396934181	-0.0674311362	-0.0384875781	0.09850557119999999	-0.0549282475	0.0254029925	0.07810666349999999	0.0546185377	0.0292759475	0.021326229199999998	0.0315292621	0.0349998144	0.08799953529999999	-0.0371872114	0.0827009355	-0.0297526121	-0.0400911121	-0.0366160882	0.0296280807	-0.07237752019999999	-0.05838713070000001	-0.1487402883	0.0421786041	0.0668165026	0.08894380210000001	-0.0745592817	0.024902825400000002	0.07251115309999999	0.045960055199999995	0.008678625300000001	0.0051359428	-0.0481624555	-0.0449416483	-0.0719852426	0.027920787000000002	-0.0326167687	0.0639824915	-0.0759784068	-0.14719433369999999	-0.0289732113	0.049288043600000005	-0.08802095130000001	0.0081830778	-0.050260637999999996	-0.0252818619	0.0058975201	-0.0061517446	0.0084391243	-0.0255461281	0.0941050249	0.0383019203	-0.014009718999999999	-0.1649623165	0.0321102468	-0.0620357852	-0.0380995273	0.0485689933	-0.1978413105	0.107345552	0.0025350977	0.11937084939999999	0.0576226079	0.0641670517	-0.10256799890000001	0.0046474581	0.0396314957	0.09570342949999999	0.11326702890000001	-0.0248558517	-0.0648112587	0.0005608624	-0.0305342773	0.046092121900000005	0.057753366500000014	0.016465831599999998	-0.0663278692	0.0558510926	0.0640934376	-0.0186325026	0.0853846513	0.025783016000000002	-0.0642624902	0.0414934571	-0.0692102079	-0.0082746441	-0.10652852189999999	-0.0065989029	-0.0499910005	0.0282391311	-0.07122144030000001	-0.0396694568	0.0072354206	-0.0191670722	-0.0335735946	0.052939201500000005	-0.023533527400000004	0.0769483979	0.0372486694	0.0725848979	-0.0569110394	0.134117268	0.1315321126	-0.0399036681	0.11821598359999999	-0.0457597435	0.0740289599	-0.0835867171	-0.1418918061	0.0146172481	-0.095925847	0.023786942400000004	-0.0548957175	-0.0131101129	0.0349146336	-0.0500389383	0.0019109730999999999	0.0843864117	0.035471186200000004	0.1105541408	0.10600276880000001	0.0253798883	-0.0471375933	0.0712659015	0.039293241	0.0430177741	-0.06530203820000001	-0.0881167523	0.0322943057	0.1104768907	-0.10383797369999999	-0.1737101423	0.0100306863	-0.0468024117	-0.0247478857	-0.09126612640000001	0.0685446113	-0.00689497	-0.00384079	4.754061130090001e-05	1.47516678241e-05	0.033057199999999995	-0.0222367	0.0004944708268899999	0.0010927784718399996	0.110573	-0.0015099999999999836	0.012226388329	2.2800999999999504e-06	-0.000751708	0.0006573219999999999	5.650649172640001e-07	4.320722116839999e-07	-0.00029189200000000003	-9.819300000000004e-05	8.520093966400003e-08	9.641865249000004e-09	-0.000347947	4.355400000000001e-05	1.2106711480899995e-07	1.8969509160000008e-09	0.0	0.0	0.0
8579.440178699462	-5.7286565771628375	73606793.77988265	32.81750617907104	10399.017340746312	19.341857039091337	374.1074337206471	108139561.65314251	6356.217824293636	8.994048220592049	40401505.02986813	80.89290339433501	6410.938723346009	10192.02529587848	0.950016	34.201972999999995	0.04101453000000002	0.0262587	-0.10563959949999999	0.0812110265	0.07717353910000001	0.021686335299999998	-0.0723657658	0.0538101243	-0.13822910830000001	0.0395017863	0.116486249	-0.0444097604	-0.11671385960000001	0.0362463107	-0.0979816913	-0.055413135499999995	0.0247208017	-0.0372978365	0.0380870899	0.0627348163	-0.0849042532	0.08459117529999999	-0.1295163418	-0.09803775869999999	0.10240864050000001	0.0353558811	0.026534820299999998	-0.07997043549999999	0.051959155599999994	0.0914502502	-0.1051782699	0.1088924633	-0.0660000424	0.0736147477	-0.0230237387	-0.0596627666	-0.1438852077	0.027379415	0.0992668424	0.0190054639	-0.0263260057	-0.0384063313	-0.0094514106	0.040150185899999996	0.0591748976	0.0352018202	-0.0904161888	0.08820798960000001	-0.0771124264	0.048142944900000005	0.0174165963	0.0637477842	-0.041397329100000005	0.12153988460000001	0.119727721	-0.1181944442	0.08417166890000001	0.0400989214	0.0319851794	-0.1221312534	0.035973109100000004	0.046296147	0.044650372300000005	-0.000989281	-0.0413982125	-0.056265984299999995	-0.1023772902	-0.0416980588	0.0100672374	0.0803404496	0.0664061588	-0.050656787800000005	-0.0818916953	-0.1047746267	0.10259777380000001	0.0199121882	0.0478765555	-0.17164807440000002	-0.0287644256	-0.021353197999999997	-0.0393147869	0.0346108751	0.0234649993	-0.06023123480000001	-0.0705313987	-0.011367181	0.0112347399	-0.0289543954	0.0470392163	-0.0988821894	0.0859882106	0.029378981800000002	-0.0161121796	-0.0242245321	-0.1563128277	0.0660316488	0.0401757101	-0.1411923248	0.11819028150000001	-0.0313603442	0.1435473589	-0.0781325313	0.0684684454	0.0320004591	0.1017529258	0.0773019898	0.1160757565	-0.09920792640000001	-0.012381488400000001	0.0302363817	0.0473963989	0.1899526196	-0.043772548200000004	-0.07506198809999999	0.0660028431	0.0321817894	-0.015652233300000002	0.055286922999999995	0.0938840214	-0.03797056	0.0268585299	-0.0091995041	-0.045258369699999995	0.1370303018	-0.05042929559999999	-0.049798070300000004	0.0776444501	-0.0523532443	-0.0756819269	0.050790603600000005	0.160715604	-0.135434309	0.0876942869	-0.014734423200000001	0.0517587775	0.0424915908	0.0444711396	0.0418837569	-0.0222761297	0.0400344673	-0.051299646100000006	0.0290349104	0.026269180099999997	-0.0469765334	-0.0386371947	0.047508397300000005	-0.1148215421	-0.0417461622	-0.0029019451	0.1001394162	-0.023477445899999998	-0.0746088394	0.0321859997	0.0719882782	0.0423577239	-0.0004423086	-0.0251039159	0.1299802009	0.0116708581	-0.1226946766	0.0407553584	-0.022907899500000002	0.0473312904	0.0777650586	-0.058676853200000004	-0.09654835949999999	0.0055434874	-0.0105571606	-0.0168742118	0.147800946	0.1376053467	-0.17283967600000005	0.1654722244	0.1138980656	-0.0720514501	0.10671601019999999	-0.0115930979	-0.0264175701	-0.089609574	0.07232058429999999	-0.00700865	-0.00011367999999999968	4.91211748225e-05	1.2923142399999929e-08	0.0330052	-5.1999999999996493e-05	2.703999999999636e-09	0.00108934322704	0.134747	0.024174	0.018156754009000003	0.000584382276	-0.000830168	-7.846000000000002e-05	6.89178908224e-07	6.155971600000005e-09	-0.000193699	9.819300000000004e-05	3.7519302601e-08	9.641865249000004e-09	-0.000191103	0.00015684399999999998	3.6520356609e-08	2.4600040335999992e-08	0.0	0.0	0.0
8550.869418539758	-28.570760159704147	73117367.81291845	816.2883361033379	10385.788922558204	-13.228418188107753	174.99104775946	107864611.54393268	6354.5340226435765	-1.6838016500596495	40380102.64493475	2.8351879967435987	6408.168098674627	10049.879020810087	1.032651	37.176937	0.028436270000000007	0.0137702	-0.1358760479	0.0486674308	0.0500477412	-0.0877518835	-0.0415296124	0.1071729175	-0.0262955652	0.0681167233	0.1216063451	-0.061979219599999996	0.0063778514000000005	-0.0405954682	-0.0246198092	-0.0813968582	0.1534655221	0.1723071688	-0.049242660599999995	-0.0696120145	0.0051504203999999994	0.0615594354	-0.0397299819	-0.0671452266	0.0332603041	-0.051214324699999994	-0.141180775	0.009515112099999999	0.0454094663	0.04378212	-0.0644940022	0.1383689806	-0.0551330833	0.007314669300000002	-0.023654905499999997	-0.1305918741	-0.1331501166	-0.0243391129	0.0950780541	-0.013364176299999999	0.0112819697	-0.1834824295	-0.0122150788	-0.055842880899999996	-0.0294937108	-0.027189276000000002	-0.0797200098	0.016983774	-0.073098524	0.09495437039999999	-0.04708706519999999	0.0395312373	0.007559724499999998	-0.0013867869	-0.1251530542	-0.0155757816	-0.012227496899999999	-0.010317758	0.0098950295	-0.0051956254	-0.0699429463	0.030972817000000007	0.07365513929999999	-0.0413553951	0.021338505600000002	0.1911993483	-0.0028344505	-0.0264635697	-0.10089049439999999	0.0687196534	0.0331763183	-0.0676177213	-0.1128335244	-0.030922693199999997	0.0386123364	0.0003334011	0.0041399586	-0.072356472	-0.034697119	-0.020324275	0.07105065370000001	0.0420346685	-0.1435293792	0.16833160789999999	0.0605210339	-0.0761326029	-0.0988900244	-0.006631994699999999	-0.0533996156	0.0030258807	-0.010715206299999998	0.0453068594	-0.053449231900000005	-0.0281371292	0.0921146263	-0.116104149	0.012807738	-0.026983019	0.0693587834	0.08738742449999999	-0.0322369056	0.0751467796	-0.0063014084	0.030553041099999997	0.029176458	0.068480688	0.137397055	-0.0820206137	-0.0302776719	0.023187057999999997	0.1343806802	0.118540694	-0.0445304739	-0.0236236943	0.153922125	0.0291771285	-0.020754548	-0.101495321	0.0058325101	-0.0977857199	0.0470727749	-0.056082719100000004	0.0147088842	0.116764406	-0.0176244778	0.0782056339	0.0649576231	-0.10020750939999999	-0.0077252347	-0.0539493594	0.007829308	0.046965962	-0.010760161200000002	-0.046155803499999995	0.033422411400000004	-0.042659427199999995	0.0958580876	0.029941876200000002	-0.057067717699999986	-0.1204928266	-0.0716239729	-0.0317243304	-0.1211060182	0.040211235	-0.060630584400000014	-0.049576470899999996	-0.0357019427	-0.0504090605	0.059383341	0.0066203902	-0.0414762494	-0.0805966324	0.0029799709999999997	0.0501982797	-0.0014848857	0.0351467415	0.12242459130000001	0.0790959316	-0.0675163236	0.059139036299999996	0.1303017991	0.0944267232	-0.1287100947	-0.0690886639	0.14197029349999998	0.05624187480000002	0.0505779458	0.023327749100000003	-0.09433089970000001	0.0106535544	-0.043951532800000005	0.0821357522	-0.07682917639999999	-0.0411906469	0.0030370917	0.027736098900000002	0.0346643529	-0.0280798777	-0.0878529392	0.0759148394	-0.00217483	0.00483382	4.7298855289e-06	2.33658157924e-05	0.0430366	0.010031400000000005	0.00010062898596000006	0.00185214893956	0.13483400000000004	8.70000000000315e-05	0.01818020755600001	7.569000000005479e-09	-0.0007259189999999999	0.00010424900000000016	5.269583945609998e-07	1.0867854001000031e-08	-0.00011530100000000005	7.839799999999995e-05	1.3294320601000013e-08	6.1462464039999915e-09	-0.000278137	-8.703400000000002e-05	7.736019076900001e-08	7.574917156000003e-09	0.0	0.0	0.0
8528.124593079143	-22.74482546061517	72728909.07508129	517.3270852338484	10361.867777006088	-23.92114555211629	572.2212045255328	107368303.82815708	6353.514040356475	-1.0199822871018114	40367140.66100685	1.040363866001442	6405.610082717059	9810.92844935751	1.007637	36.276394	0.023473934999999984	0.0123038	-0.18724940510000002	0.033446941800000005	-0.0043684108	-0.10488204109999999	0.0694896344	0.1152400091	0.0601436496	0.0422841555	0.1999150427	-0.06895605610000001	0.0344415371	-0.0120172476	-0.07477755	-0.058264565899999995	0.0585921379	0.0255689988	0.0743129505	-0.010928418799999999	-0.0187564255	0.044019810199999995	-0.0104771889	-0.0517616572	-0.04761471849999999	-0.046304235	-0.05694265320000001	0.1419579432	0.037855413399999996	0.0139257431	0.05367875230000002	0.1402838243	-0.0742458625	0.0678531728	-0.10299448789999999	-0.113808785	-0.04898838	0.032477565099999994	0.0208768596	0.08677021859999999	0.0260097669	-0.0169468487	0.0063085816	0.1293290772	-0.0039411054	-0.027592952200000003	-0.07374054669999999	0.0424285074	-0.08007255440000001	-0.06656701940000001	0.0334493562	0.0443201762	-0.0473417328	0.0771621437	0.0139658242	0.0165945598	-0.1601335019	-0.061481263099999996	0.0547477253	0.0184676919	-0.0588478233	-0.1035367731	0.0380024387	0.0814681677	0.0483985188	0.015312138999999999	0.0303600158	-0.1148469183	0.07816520889999999	0.0456253536	0.0084369134	-0.1799015647	0.0912417245	0.0814790692	-0.0319369156	-0.1564519423	-0.0627839811	0.0086051042	-0.0309931696	-0.0136662317	-0.000702189	-0.040335447999999996	0.0100646524	0.0642830494	0.036992563900000004	0.07397240940000001	0.0158709551	0.0834394657	-0.0464944407	0.0017394719000000001	0.0625410046	0.0167646211	-0.0221805577	0.057535315499999996	0.0055687852	-0.08897145349999999	-0.0192407813	0.0473910299	-0.046416998200000004	-0.0401466532	-0.0347694353	0.08778537460000001	-0.058362502300000015	0.023538011400000003	-0.0154083702	-0.0420699312	0.156239901	-0.1053954747	0.026715274	-0.0106335176	0.1484723608	0.0896581658	-0.046831544	0.0025569212	0.0274719889	0.10609376039999999	0.0259816607	0.0282269863	-0.0081879057	-0.0293351031	0.0238993974	0.1030993367	-0.08585382820000001	0.0509268607	-0.0705998981	-0.0171520301	-0.0247865937	0.09905180949999999	-0.107782625	0.08907461039999999	-0.0430561159	0.11017181919999999	-0.0205097697	-0.0796775016	-0.0892007724	0.0021883237	-0.023435558999999998	-0.0208495505	-0.060856295	0.0048177954999999995	0.0092420538	0.034341441	-0.0296744185	0.0371260929	0.0882983207	0.0442316172	-0.1067457333	-0.10589941580000001	0.0977977065	-0.1135854956	0.0262041727	-0.0533992017	0.08569828939999999	-0.0949222225	0.025955758399999997	-0.013419688400000001	0.062049422	-0.040254438	-0.0691364489	0.08401997539999999	-0.137141608	-0.06462233190000001	-0.0607159845	0.0206164595	-0.0254830887	0.0653424175	0.0186109361	0.0824296502	-0.0239907608	-0.0323812224	-0.030735900299999997	-0.0158019082	0.0179625473	-0.0061293091	0.0518804372	0.0603802579	0.08954663759999999	-0.029734344399999998	-0.08599818390000001	0.07931834559999999	0.00235645	0.00453128	5.5528566025e-06	2.0532498438400006e-05	0.0430431	6.4999999999995625e-06	4.2249999999994296e-11	0.0018527084576099998	0.141342	0.006507999999999957	0.019977560964	4.2354063999999454e-05	-0.000714185	1.1733999999999898e-05	5.10060214225e-07	1.3768675599999758e-10	5.83971e-05	0.00017369810000000005	3.4102212884100005e-09	3.0171029943610015e-08	-0.00034126800000000004	-6.313100000000003e-05	1.1646384782400002e-07	3.985523161000002e-09	0.0	0.0	0.0
8521.112070394645	-7.012522684497527	72609350.91622531	49.17547440059239	10401.470462403586	39.60268539749813	1568.372690693212	108190587.78025426	6347.752105438805	-5.7619349176693495	40293956.792102784	33.1998939954573	6405.826477096352	9701.46113060965	1.025007	36.901768	0.05365615000000002	0.0298435	-0.22414568780000002	0.024574790899999997	0.0069258414	-0.000564986	0.122598974	0.0068885152000000005	-0.0366442733	-0.0824804786	0.22865811449999998	-0.06781984049999999	0.0145965174	-0.0438489913	-0.0674055755	-0.0512684417	0.0133295	0.1108873939	-0.026524416000000002	0.11950455	0.1076808531	-0.0825918881	-0.0388492415	0.0351999005	0.0550728642	-0.0875384603	-0.20236205640000002	0.059983089800000014	0.029977049	0.0652359569	0.026584467200000003	-0.0216400118	-0.09965288289999999	0.0374865929	-0.1001587085	-0.1018016072	-0.1243544896	-0.017906628600000002	0.1373273499	-0.0407892091	-0.0079134837	0.0191670528	-0.13378826800000002	0.0780036383	0.0097697331	0.0005833835	0.0751513167	-0.0389986415	-0.042999945199999993	-0.08465555429999999	0.011273046699999999	0.059540156500000004	0.0227767469	-0.0209673477	0.0685702249	0.0640818887	-0.0221219546	-0.047951342699999996	-0.0648171023	-0.0043495958	0.0022045943	-0.0004321662	-0.0221766847	-0.02375378	-0.0207521646	-0.0250394016	0.0533930527	0.0195735311	-0.0945375637	-0.0265418372	-0.0836861183	-0.0769795325	-0.06351718599999999	0.1088856285	0.0546314278	0.0725494725	-0.0408057256	0.0468862337	-0.1185997798	0.0850437686	-0.06353365450000001	0.06945071559999999	-0.0412072291	-0.0087149883	0.015205533	0.0378653175	-0.08881846410000001	0.0405585069	-0.0390563874	0.0161510938	-0.1072050323	-0.06471692379999999	0.0171896827	-0.032208540699999996	-0.12526235759999998	-0.0857387532	0.0711357475	0.0705435255	0.0050288169	0.0808285332	0.1630716572	0.0223501483	-0.0709402491	0.0190797304	0.08810914269999999	-0.0789640516	0.0086652312	-0.1251321206	-0.0068263544999999995	-0.045134988200000004	0.1330756141	0.12010303539999999	0.0114925062	-0.0794368754	0.1476288969	0.025230183	0.0391034596	0.027697593599999997	-0.0362177496	0.09525061630000001	0.0159139677	-0.0437130355	-0.1253421895	-0.0794735866	0.0308010121	-0.042239140999999994	-0.061695701299999996	0.0433385436	-0.07348439	-0.0153203192	-0.0202742597	-0.0500136625	-0.0513775257	0.0288239622	-0.0469113101	-0.0791076486	-0.0011374292	0.054655208499999997	0.020742935	-0.056907748200000004	0.0133943337	-0.017011149399999998	0.0194713297	-0.0388553537	0.0689867325	-0.1395432545	0.0251346139	0.0229263342	-0.0230651619	-0.0550206861	0.10464405119999999	-0.014075221	0.0260725642	0.081042867	0.0025297279	0.017084011399999998	0.0386253235	-0.0751048864	0.0821180158	0.0427614896	-0.021102098700000002	0.0169645249	-0.1165224243	0.0173474061	-0.14609508029999999	0.0399472251	0.1130005959	-0.015277513700000004	-0.0682005836	-0.082915675	-0.0080554115	-0.025542776899999998	0.0364331306	0.0941673122	0.0214748181	0.1457651324	-0.0896805168	-0.0313805081	-0.08404737960000001	0.0825225509	-0.00284314	-0.0051995900000000005	8.0834450596e-06	2.7035736168100005e-05	0.0429546	-8.849999999999829e-05	7.8322499999997e-09	0.00184509766116	0.167281	0.02593899999999999	0.027982932960999997	0.0006728317209999994	-0.000943292	-0.00022910700000000001	8.89799797264e-07	5.2490017449e-08	-8.554309999999997e-05	-0.00014394019999999994	7.317621957609995e-09	2.071878117603999e-08	-0.000265734	7.553400000000004e-05	7.0614558756e-08	5.705385156000006e-09	0.0	0.0	0.0
8541.926247052565	20.814176657919234	72964504.01008551	433.2299499470698	10371.981207295608	-29.489255107977442	869.6161668233735	107577994.16449326	6342.343829654026	-5.408275784779106	40225325.2535505	29.24944696422807	6397.024180342018	9681.948678696232	1.015124	36.54593300000001	0.04760440000000003	0.0281895	-0.2238076872	0.04230454769999999	0.0865184909	0.030568477200000006	0.068204015	0.0589720559	-0.0899530592	-0.006460481800000001	0.17638575420000002	-0.0265035531	0.0877374898	-0.11457211810000001	-0.027630235899999998	0.0698657388	-0.0013557403	-0.0547236717	0.0031250334000000003	-0.029470984500000002	0.0042554168	0.0019521885	-0.0520870945	-0.015444493799999999	0.039437180499999995	-0.0543127528	-0.1423648232	-0.0774281602	0.0196772724	0.0480028043	-0.0862183898	0.0035712359999999998	-0.0833089497	0.0006131526	-0.07949823240000001	-0.1260730105	-0.041107734	-0.0794776136	-0.0072680663	-0.034747842	0.059372227699999995	0.001218741	0.06905777490000001	0.0915708116	-0.07933465	-0.0630068645	-0.122741911	-0.06205261860000001	-0.0179710742	-0.1128343482	-0.0042789884	0.0279415712	0.0689472867	-0.0094569773	0.0127773981	0.0152148522	0.0961914495	-0.0698725652	-0.0367237688	-0.0199254051	-0.0788586075	-0.026530014100000002	-0.0601377045	0.0599125883	0.1281014725	0.0549217272	-0.0951015746	-0.0089428872	-0.13074592599999998	-0.011897108799999999	-0.09481331039999999	0.2124607113	0.06554582099999999	0.0357505026	-0.037305229	-0.0036986071	-0.0399559125	-0.1605225857	-0.042897901399999994	-0.0966026214	0.0156037025	-0.020278396100000002	-0.0681280639	0.092833952	0.07914644059999999	0.15194916960000002	0.0029909062	0.0306320623	-0.0214897931	-0.0062050813	-0.0916931688	0.0088889265	-0.04334433099999999	-0.0653445253	-0.0443862392	0.0358599894	0.0423242134	-0.2000297831	-0.0601415955	0.0711717647	-0.0580014384	-0.0007345498	-0.0469383983	0.0170015011	0.0769353367	0.0621540659	0.0006900580999999999	-0.1051147407	-0.0293181616	-0.033914868199999997	0.1824291134	-0.011474531299999998	0.0191854767	-0.0520165985	0.0418189429	0.027810547400000003	0.0802914948	0.041256356800000005	-0.0630032123	-0.0829737039	-0.1141034161	0.0755394621	0.0162895372	0.10205774990000001	0.0656182831	0.0148078598	0.0259020832	0.025734817400000002	-0.0108461878	-0.0072387315000000015	0.0169939734	-0.0026941095000000003	-0.012734438700000001	-0.0653910665	-0.1264296755	0.0317143951	0.0359111111	0.1126741436	-0.01252417	0.0452648758	0.048990478600000005	-0.0220592987	-0.1038088453	0.0359555269	-0.17843197239999994	-0.0907705689	0.051301430999999995	0.0823241851	-0.0134138602	0.0860332076	0.014705506399999999	-0.11609632939999999	-0.0682133719	-0.0541366918	0.042810941	-0.046069449299999995	-0.038957309700000005	-0.1932018148	0.0125656452	0.033030332200000005	-0.0157146891	0.06452774389999999	0.0913857406	-0.1276693664	-0.042615595	0.0024293785	0.0641171099	0.0488195309	-0.1596815075	0.0207394555	0.041254280899999995	0.06842067240000001	-0.0047946643	-0.0369666823	0.0321171291	-0.0289904478	0.037280556400000005	-0.0330179092	-0.082002705	0.0855194041	-0.00343765	-0.0005945099999999999	1.18174375225e-05	3.534421400999999e-07	0.06811030000000001	0.02515570000000001	0.0006328092424900005	0.004639012966090002	0.15929100000000002	-0.007989999999999971	0.025373622681000005	6.38400999999995e-05	-0.00112553	-0.00018223800000000004	1.2668177809e-06	3.321068864400001e-08	-8.97689e-05	-4.225800000000023e-06	8.058455407209999e-09	1.7857385640000193e-11	-0.00017491400000000005	9.081999999999996e-05	3.0594907396000017e-08	8.248272399999996e-09	0.0	0.0	0.0
8560.975425425984	19.04917837341964	73290300.23474762	362.8711967023584	10387.102523134326	15.121315838718147	228.6541926942683	107891898.82610351	6352.400065481485	10.056235827459203	40352986.59192918	101.1278790174741	6403.927571128296	9840.19597552424	0.991307	35.688519	0.030331954999999987	0.0225247	-0.18296124730000002	0.0653292093	0.1076446925	-0.0589680609	-0.0061052473	0.0754126771	-0.0688847541	0.0569896576	0.135612801	0.007186324300000001	0.0154226811	-0.0392347962	0.12377753970000001	-0.0157613557	0.029495993199999997	-0.056300249800000014	0.0757093279	0.10825382789999999	0.045111895	0.0107284024	0.056876956799999996	0.0663603559	0.0174147768	-0.0361040524	-0.0603270646	0.0438061695	0.0251713972	-0.0001405484	-0.0872057299	0.0908571239	-0.0711397263	-0.021955540099999997	0.011814618300000001	-0.0250569152	-0.0600566203	0.0348703345	0.0860507858	0.0146007503	-0.025588340499999997	0.0344536875	-0.0984658033	0.0261795984	-0.062785009	0.031167631299999998	-0.014974836399999997	-0.028088773100000002	-0.0487753627	0.0837508228	0.0161759846	-0.025168632599999997	-0.0059884429	0.0726072449	-0.037036811600000004	0.0064725824	-0.0050292463	0.0201896736	0.0729874104	0.0423855028	0.059909683	0.028062914799999998	0.07921318620000001	-0.0764342075	0.1745715357	-0.0218603525	0.0839086277	-0.021759181800000003	-0.15949835539999999	-0.038730247599999996	-0.0295823884	0.1567269051	-0.10076679640000001	-0.033577657000000004	-0.08724764869999999	-0.006760933199999999	-0.014378051999999999	0.0795574233	0.1054637521	0.009272844	-0.0649784912	-0.0399440502	-0.0339332388	-0.0184993175	-0.03428334	0.0052583478	0.1108827194	0.0385094091	-0.0024097007999999997	-0.000262298	0.1096012602	0.0438041955	-0.0365480797	-0.1413189437	0.0487925163	-0.0611641816	0.0046387302	-0.0576063063	0.0607492878	0.0742332174	0.0751954391	0.0986878953	-0.1036914536	0.021758489500000002	0.0009909812	0.0906828221	0.0613698143	-0.0965656884	-0.0436371996	0.005649031999999999	0.026003896800000002	0.027997287599999997	-0.0676215567	0.0019370016	0.08601396550000001	0.0396310526	-0.0106942892	0.0795868168	-0.07717662900000001	0.037688602200000004	0.04782666730000002	-0.051593308399999996	0.0464908067	0.019024473700000002	-0.0868203459	0.014237835700000001	0.0297207339	-0.0131105161	0.0375345209	-0.0196901442	-0.027429003599999998	-0.08905210279999999	0.0378899991	-0.1024633651	-0.0429850034	-0.013417583799999999	0.1284636309	-0.1518698929	0.0169963172	-0.014327916000000001	0.10398875310000001	-0.0451373254	-0.0153563282	0.1073592543	-0.11124401029999999	-0.027726536	0.0540596682	0.11908436800000001	-0.0179001125	0.0628178417	0.0705704628	0.1064975001	-0.0094338636	0.0153747133	-0.0775666179	-0.0155108318	-0.0365570851	0.0513111288	-0.1430421183	0.0627392578	-0.0809854571	0.0428861244	0.0086916549	0.0381222281	0.044215111900000006	-0.029921919900000007	-0.07192013809999999	-0.009437719300000001	-0.0107617301	-0.053383964699999994	0.022912641600000002	0.05468489940000002	-0.0937527996	-0.0222657626	0.0851107428	0.0526490384	0.14158925960000002	-0.0346460904	-0.0798664439	0.0883013753	-0.00286614	0.0005715099999999999	8.2147584996e-06	3.266236800999999e-07	0.0459615	-0.02214880000000001	0.0004905693414400005	0.00211245948225	0.155943	-0.0033480000000000176	0.024318219249	1.120910400000012e-05	-0.00107737	4.816e-05	1.1607261169e-06	2.3193856e-09	-7.4471e-05	1.5297899999999995e-05	5.545929841e-09	2.340257444099998e-10	-0.000196729	-2.181499999999998e-05	3.8702299441000005e-08	4.758942249999992e-10	0.0	0.0	0.0
8570.479068098624	9.503642672640128	73453111.45671667	90.31922404922636	10383.66632269491	-3.436200439417007	11.807473459849634	107820526.30106844	6350.446622538962	-1.953442942522997	40328172.30571652	3.815939329692906	6401.596464459722	9905.052051712566	1.0220840000000002	36.796535	0.03565670999999998	0.0178494	-0.1436703023	0.036474623	-0.021765254300000002	-0.1104401074	0.0667186285	0.100117186	0.0789725584	0.023868157200000004	0.13825360150000002	-0.006197260600000001	0.030473865	-0.0358805218	-0.0298628842	0.0714428373	0.027259329300000003	-0.0568155003	0.024743920200000002	0.0455862666	0.0086534396	-0.09474651199999999	-0.0443218018	0.013248196100000002	-0.109426348	-0.1284837566	-0.0722821425	0.0597576344	0.0297865252	-0.0360825574	0.08736681730000001	0.09344004880000001	-0.0587181927	0.0097139129	-0.0749935075	-0.1159456308	-0.0567363822	0.0062707513	-0.0078783017	-0.052193671500000004	0.0379380001	-0.0373068603	-0.0401403692	0.0324640642	0.0042609447	-0.002299479	0.0855274275	-0.0284412067	-0.033434897400000003	0.1009533333	0.14895396589999998	0.09778946289999996	-0.0928548465	0.025654467099999998	0.0638650587	-0.0430155149	0.056415973200000004	0.019392883	-0.0387955791	0.1897840998	0.0485607725	0.1405735269	0.1099087351	-0.0191059254	0.026536292200000002	-0.0186112683	0.040082316800000004	0.07901855349999999	0.042397106600000005	0.0312467632	-0.040468103	0.0399195048	0.17016233379999998	0.0522592354	-0.2048610341	0.0726486607	0.0558283544	-0.0219816927	0.0582402858	0.0494913881	0.1299242935	-0.0071779873	0.0971682893	-0.0423292521	-0.018644775	0.149492499	-0.0381009108	0.054396964000000006	0.0250070937	0.07419946919999999	-0.0739713548	-0.0650009032	-0.0358048073	0.09167825199999999	0.0728368882	-0.006667184699999999	0.1514046854	0.09439247449999999	-0.0214517352	-0.0745779859	-0.08645844779999999	-0.0533095952	-0.0430329567	0.0306626304	-0.0742642509	-0.0416745305	0.0944450723	-0.07470015719999999	-0.0017921005	-0.0158020347	0.1325541408	0.009013944599999999	0.024804689799999998	0.0070132353	0.0226501479	0.013675121699999999	0.08558946220000001	0.004327436699999999	-0.0386471148	0.030022734	0.009334574699999999	0.0052009937	-0.0238899744	-0.09217748960000001	-0.0740901534	-0.018803325200000002	0.0269286348	-0.1003295548	-0.0008519269999999999	-0.0605686707	0.1082402327	-0.09494482060000001	-0.012749803200000001	-0.030139058	0.059788153899999995	-0.2188289944	0.0253102165	-0.1607126787	0.0045370032000000005	0.014573523100000001	0.0664388017	0.0196169164	0.0896952826	0.0177632102	0.0154235256	0.0177352715	0.0606793757	-0.0860465359	0.0224139154	-0.0313150444	0.059670879800000014	0.1053834266	-0.145433693	-0.1608945019	-0.001729187	-0.045676604100000004	-0.0120186203	-0.11146214689999999	0.035471526499999996	0.14998546599999998	-0.10249526769999999	-0.0538245736	0.09969503960000001	-0.0861976032	-0.0002028138	0.1475032873	-0.0033685231	0.013991572800000001	-0.044779456100000004	0.060984091	0.016463673600000003	-0.0669815837	-0.0936237696	-0.0027484628000000004	-0.0292535588	-0.036553857599999996	0.056253762	-0.036264597200000005	-0.0776409821	0.0908614741	0.00204697	0.00491311	4.1900861809e-06	2.41386498721e-05	0.05891	0.012948500000000002	0.00016766365225000005	0.0034703881000000005	0.149428	-0.006514999999999993	0.022328727184	4.244522499999991e-05	-0.00104023	3.713999999999996e-05	1.0820784529000002e-06	1.379379599999997e-09	0.000105875	0.00018034599999999998	1.1209515625e-08	3.2524679716e-08	-0.000188613	8.116000000000015e-06	3.5574863769e-08	6.586945600000024e-11	0.0	0.0	0.0
8584.969143543016	14.49007544439155	73701695.19558571	209.96228638415897	10445.490333171292	61.824010476382675	3822.208271383876	109108268.30037493	6354.53583152912	4.089208990157204	40380125.63418748	16.721630165182496	6408.915153808624	9945.60442112804	1.01807	36.652012	0.029609529999999995	0.014019	-0.1340272988	0.08241470599999999	-0.0187751889	0.042008606	0.1079301712	-0.0273831556	-0.0277765193	-0.044529837	0.17523203440000001	0.0353614835	0.0780608769	0.0184398948	0.0305890565	-0.021493570299999997	-0.0013327844	-0.018133943700000002	-0.0030045163	-0.051423447000000004	0.0384216369	-0.0760899967	0.0472857088	0.13402367240000002	-0.036221542999999995	-0.1781911398	0.0336547788	-0.0023699389	0.0409517011	0.038830338	-0.016614048200000002	-0.0865391771	-0.10322443490000001	0.0067726726	-0.0445021617	-0.014661946499999997	0.0046530326	-0.023367992200000003	0.0728915032	-0.0169621135	-0.0094447704	0.046834310999999997	-0.0026130189000000002	0.0274754314	-0.042022670899999996	-0.0617634112	0.0492955488	-0.0443974475	0.011980190600000001	-0.09107528220000001	-0.1142442702	0.0099372967	0.0146543807	-0.1258930399	-0.0283245274	-0.0087977486	0.0068072409999999995	0.102180356	0.0760057537	-0.0405057973	0.0128243092	-0.0089227098	-0.0067556615	-0.010497906699999998	0.004146665900000001	0.034713441	0.0374839727	-0.0471171022	-0.0688612403	0.0582499217	-0.0229354035	0.045235766	0.049250309299999996	-0.045045757400000004	-0.023066504900000003	0.0720407753	0.0736240764	-0.0884238052	-0.0806962192	0.0668081614	0.0344287749	-0.0332484275	0.044305147	0.024069552999999997	-0.17792154079999994	-0.0734585588	-0.063108608	0.0028883497	-0.051564854199999996	-0.0900781373	-0.0509531079	-0.07518190799999999	-0.12738453660000001	-0.0881415541	-0.0210193202	0.0336261548	-0.09675438019999999	0.0809973172	0.0023503071	0.0658219454	-0.021282561000000002	0.0032150273999999998	-0.0973995564	0.036588589	0.0619851412	-0.0434631764	-0.0565349012	-0.1200487489	-0.0189802932	-0.0166676108	0.0328216021	-0.0179530154	-0.0383478248	-0.0544615801	0.047514943399999995	-0.0396130625	0.0333241557	0.0292468208	-0.09313987789999999	-0.0084555445	0.013309536299999999	0.0302827861	-0.022549189900000002	-0.0700071439	0.0972177614	0.0700209625	-0.0588265945	0.0491663401	0.0696706558	-0.0419016101	0.015205406999999999	-0.012229655800000001	-0.010693459399999999	-0.0620546659	0.0778889159	0.09055892759999999	-0.0001929166	0.0191307153	0.0480980575	0.028089033599999997	-0.011127519399999999	0.001571835	-0.0859580142	0.0006817142	-0.0543041237	-0.0778969669	0.0074461443000000006	-0.1018425487	0.0094470358	0.09487363310000001	0.11009514710000001	0.0744563615	0.022796064100000003	0.0471378671	-0.015607703999999997	-0.0139760323	0.0058934912	-0.0333597968	0.0801723681	0.0363135136	0.17800166050000002	-0.066826149	0.022461863	0.0197630717	0.0782800948	-0.0686178882	-0.0317393258	-0.013087751299999999	0.011386984499999999	-0.0814020973	-0.0061665111	-0.12795680539999998	-0.0122858616	0.0337482229	0.0807297518	-0.11364961539999999	-0.0701615686	-0.0378729775	-0.0753288053	0.09319326800000001	0.00700565	0.00495868	4.907913192250001e-05	2.45885073424e-05	0.0538172	-0.005092800000000002	2.593661184000001e-05	0.0028962910158400004	0.151599	0.0021710000000000067	0.022982256801	4.713241000000027e-06	-0.00124947	-0.00020923999999999983	1.5611752808999997e-06	4.3781377599999935e-08	0.000149472	4.3597e-05	2.2341878784e-08	1.900698409e-09	-9.3709e-05	9.4904e-05	8.781376680999999e-09	9.006769215999999e-09	0.0	0.0	0.0
8595.995660279901	11.026516736885242	73891141.3915509	121.58407134881037	10425.349747985238	-20.140585186054523	405.6431716367189	108687917.36781584	6352.563188102037	-1.972643427082403	40355059.05882912	3.891322090411408	6406.318062429	10026.454798542329	1.013965	36.50423	0.032422758999999975	0.0158792	-0.1031091996	0.10611712300000001	0.0745233251	0.0188677664	-0.0134396181	0.0346402594	-0.09628620630000001	0.043180020199999995	0.1000747091	0.0649778758	0.0022322760999999997	-0.021895187200000003	-0.0132275479	0.0628626733	-0.0800615325	-0.0020070739	0.017821441299999997	0.0661751973	-0.0519486945	-0.1160652248	-0.0474528043	0.024221082799999998	0.0113191512	-0.0028292107	-0.027581766299999998	-0.0329307966	0.042464651799999996	0.0227830881	-0.0823721784	0.025963387200000004	-0.0586740885	-0.0671586254	-0.0991312641	0.0067876875	-0.022865081800000003	-0.07627244	0.0323199636	0.040339527400000005	0.09564101009999999	0.09855943449999999	0.1051423326	0.0015893807	0.034453544700000005	0.10354070800000001	0.0033603477000000003	0.08905722529999999	-0.013550234599999999	0.0002937799	0.0088882383	-0.0040818218	0.0675741375	0.1104047573	0.0681704696	0.0236374793	-0.028473964100000002	-0.0199874781	0.0144646772	0.0089995681	-0.013311965700000001	-0.0076361623	-0.0657382053	0.1502601367	0.143545932	-0.05004346	-0.0694447083	-0.0335697378	0.06828992910000001	-0.0193120042	0.1466161286	0.023319142200000004	-0.0175668532	0.0926690391	-0.030604078	0.06359520540000001	0.0318566313	0.0329689371	-0.0305310709	0.05131397	-0.1107514747	0.07853157200000001	-0.025401213500000002	-0.1162143233	0.060682467300000015	0.0865050643	0.045924592199999996	-0.08961339539999999	0.0019884969	-0.1009457501	-0.0349446774	0.0634258971	-0.054602398499999996	0.031667436800000004	0.04068804	0.18633470170000002	-0.0585725417	-0.0109217346	0.0926637857	0.06006842900000001	-0.0856106275	0.0126342325	-0.0489336663	0.0434914731	0.0408207113	0.0873105926	0.0089732868	-0.074051502	-0.041194518	-0.0969921795	0.017127583999999998	-0.0076797417	0.04538326349999999	-0.1097712806	-0.0707977063	-0.0229001954	0.034994967200000004	0.08929672220000001	0.096173791	-0.07494531780000001	-0.0326807245	-0.0310949017	-0.023933943399999998	-0.0020785929	-0.0328403066	-0.059878883	0.035773064	0.0328324133	-0.0889025865	0.0158699808	-0.0694528224	-0.0275315608	-0.0109656289	0.0187856096	-0.1005775356	0.0664744187	-0.015077116399999996	0.068543422	-0.051645243099999995	0.0459345043	0.0323160333	0.040971050499999995	0.058899238	0.10117834269999999	-0.1135840555	0.09275835560000001	-0.0851415752	-0.0302311338	-0.17791573010000006	-0.017707465	0.0123433802	0.1105090496	-0.0143387923	-0.0090940616	0.0843604914	-0.0425801717	0.0070588976	0.09852772609999999	0.023154333399999998	-0.0177260394	0.0340530556	-0.032610351600000004	0.0579267977	0.0721025673	-0.1575861296	0.0575602975	-0.0784574679	-0.0161631309	-0.1732613573	0.042292062000000005	-0.0739446492	0.0331478539	-0.0092850495	0.1329748218	0.1138166519	-0.1186258999	-0.10485787960000001	-0.0394707823	-0.0729324957	0.09529089789999999	-0.0007319339999999997	-0.007737584	5.357273803559996e-07	5.987020615705601e-05	0.0473844	-0.006432800000000002	4.138091584000003e-05	0.00224528136336	0.163262	0.011662999999999979	0.026654480644	0.0001360255689999995	-0.00119979	4.9679999999999856e-05	1.4394960441e-06	2.4681023999999865e-09	0.000113457	-3.6014999999999986e-05	1.2872490849000004e-08	1.297080224999999e-09	-4.76165e-05	4.60925e-05	2.26733107225e-09	2.12451855625e-09	0.0	0.0	0.0
8605.783569355724	9.787909075823336	74059510.84259295	95.80316407658484	10427.063270394989	1.7135224097510218	2.9361590487189484	108723648.44482024	6357.116644159643	4.553456057606127	40412932.02745157	20.73396206854993	6406.683656565072	10087.872634366608	1.017718	36.639351	0.018880661999999986	0.011221900000000002	-0.07995595700000001	0.07943926559999999	-0.0028988149	-0.122508849	-0.0174921678	0.07426379030000001	0.030653702999999997	0.1038329909	0.09167494179999999	0.080449961	-0.027141341099999997	0.0026821071	0.07543218559999999	0.047653949699999996	-0.0216867767	0.064506374	-0.12554919609999998	0.029404844	0.09411815	-0.0341916569	-0.022634625699999997	0.0837434558	-0.0152427972	0.0073921336	-0.0334895038	-0.1038205418	0.034362948399999996	-0.0629141416	0.0031075709000000003	0.1316147958	-0.0683913776	-0.06687303	-0.060250091900000004	0.0049269199	-0.0046110425	-0.0255938487	0.0203874901	-0.1250503151	-0.1114356974	0.0245290323	0.1485216544	-0.0145182701	-0.1477962035	0.0213589665	0.0569464104	-0.1704575511	-0.011615324599999999	0.056524738399999996	0.1214239436	-0.0203893115	-0.008852603	0.09986667130000004	-0.0441353543	-0.0265749212	-0.0361397609	0.0392850939	0.0021885561	-0.0717710683	0.008797386899999999	-0.0960795994	0.0032797543	-0.0531747501	-0.027641336699999998	-0.04826753	0.009349024899999999	0.09311217599999999	-0.0065161813	0.058132187599999996	0.0397832111	0.1207009896	0.0396352201	-0.17307787800000002	0.0328654832	-0.039346942	0.0043867086	0.027027246	0.1285437318	-0.0918269916	-0.0047775094	0.0383321627	-0.0773849806	-0.01231482	-0.002330847	0.026740629	-0.0075803456000000016	-0.013642528000000001	-0.1488745279	-0.0480498117	0.0566197547	-0.1301375303	0.0303783923	0.0119167571	0.014311825	0.0684371378	-0.026733675	0.018134348999999998	-0.0256385971	-0.0036950187	-0.0059570005	-0.007852151	0.1523386583	0.0421893813	-0.09074111130000001	0.0507965717	0.08941987259999999	-0.0864273083	-0.0469655078	-0.053806005700000006	0.00379245	-0.0486593976	0.0247610558	-0.0099030079	0.0784651611	-0.1019459084	-0.0617296334	-0.0052549735	-0.0790041213	0.0286805283	-0.2210249287	-0.0311696922	0.0434478779	-0.0882249817	-0.16572089869999998	0.0279555446	0.0507419474	0.01059447	0.0242042683	-0.018193701200000002	-0.0382752468	-0.0033111648	0.001008866	-0.0401171755	-0.0048091976000000005	0.0858211528	-0.0199015454	-0.054237540099999995	0.011912011299999999	-0.0479485706	0.044263027	-0.0059685854	0.0362878783	-0.014166782900000001	-0.0195822186	0.0840611205	0.0616580071	0.0267011752	0.1164715975	0.1486113682	-0.0740977282	-0.10161928699999999	-0.072549687	0.08539391619999999	-0.079049729	0.09114497880000001	-0.09859668210000001	0.06502068059999999	-0.012361697	0.0260123173	-0.0078511496	-0.0314728747	0.0917546015	0.09180242890000001	-0.0020604737	-0.1173023795	0.1251086075	-0.0656422594	0.036906296	0.0848116783	-0.013000661100000001	0.0025335179	-0.08162620570000001	-0.1039175167	0.0106662735	-0.2012570704	-0.0608113433	-0.0410575653	-0.0704547299	0.0971490931	0.000254583	0.0009865169999999997	6.481250388900001e-08	9.732157912889994e-07	0.054766599999999985	0.007382199999999991	5.4496876839999874e-05	0.0029993804755599988	0.155034	-0.008227999999999984	0.024035541156	6.769998399999976e-05	-0.0011896700000000005	1.011999999999953e-05	1.4153147089000013e-06	1.0241439999999049e-10	0.00014712700000000002	3.3670000000000015e-05	2.1646354129000005e-08	1.1336689000000006e-09	-4.57276e-05	1.8888999999999947e-06	2.09101340176e-09	3.5679432099999804e-12	0.0	0.0	0.0
8616.141005253845	10.357435898120457	74237885.82241674	107.27647838367432	10473.706927320085	46.643656925096366	2175.6307313460898	109698536.79939272	6357.9157584472605	0.799114287617158	40423092.79151201	0.6385836446738778	6411.449203079576	10143.5510876163	1.050594	37.82291	0.029503412999999975	0.0160164	-0.0558540668	0.0702509913	-0.07883710669999999	0.0161120892	0.0622192526	-0.0207895162	0.055384786299999995	-0.0718520543	0.140867881	0.057923271799999995	-0.08863523150000001	0.1097619483	0.08938226449999999	-0.0017773507999999999	-0.0549112413	0.0336758686	0.0559079547	0.0618249184	0.0378552904	-0.0212835416	-0.0003178211	0.0128382429	-0.030535211099999997	0.208437199	-0.0011096322	-0.0231444469	0.040131002400000004	0.0047271462	0.0254142933	-0.09514166210000001	-0.1119018088	0.0034561451	-0.0584084218	0.0878756377	0.0041787319	0.0799538683	0.0257108842	0.0653881322	0.0129673438	0.061185422999999996	0.046890084500000005	0.0892415309	-0.13464738980000002	0.0412535167	-0.0774577722	0.1896222766	0.0383065312	0.052300432800000005	0.0722356782	-0.0445102746	0.017902502600000002	-0.0957061244	-0.0610396429	-0.0065815998999999995	0.015764585	0.0203760816	0.0781049558	0.031218695499999997	0.0118902181	0.0553377944	0.0276285198	-0.06889204980000001	0.0008553769	0.0226966699	0.0811130734	0.0448009257	0.046771367599999995	0.0256403589	0.1178727343	-0.056014018799999996	0.0376434292	0.0477525188	-0.0733413712	-0.0438438515	0.108490545	0.1340194207	-0.0157461178	0.0251580996	-0.0364115377	0.034548906000000004	-0.0013381497	0.015739611100000002	-0.0363037445	-0.0689983429	-0.0790734411	-0.088914345	0.0359132998	0.059748215999999986	-0.033867014300000005	0.025593542900000002	-0.1043037748	0.0193505753	0.12364413839999999	0.012254659099999999	0.0489062459	-0.034417136200000004	0.0192635308	-0.0133149982	0.0576040118	-0.0474134934	0.08544586259999999	0.041304505400000004	0.0044106825	-0.08869109039999999	-0.0575506321	-0.12402424470000001	-0.0201266036	-0.057714054699999996	-0.0959792451	0.0028570288	-0.0910958001	-0.0175092197	-0.05293605480000002	0.07131917019999999	0.0435683311	0.14013334130000002	-0.021797258599999998	-0.10468423460000001	-0.0364566746	-0.0520222063	0.1397758041	0.0248615221	0.003873766	-0.059018014	-0.0293191503	-0.043629847	0.0537098182	-0.05977926	0.0570812099	0.0799021916	0.069934908	0.0026337451000000003	0.056637315999999986	0.0357198767	-0.056183504599999996	-0.038264638	0.0118775992	-0.0723984947	0.0160808114	-0.012253564299999999	0.0337658515	0.0591105214	0.0892484723	0.09821098710000001	0.0302753683	0.0165588852	0.0548556533	-0.1072259822	0.0211820895	0.137792381	0.0778892034	-0.0446645387	-0.0381173344	0.004236887700000001	-0.0008100049	0.09230683279999999	0.0493170786	0.0083755656	0.0866141867	-0.0102633871	0.005872799200000001	-0.0293957162	0.025936217999999997	0.0579055979	-0.016837981499999998	0.065994768	-0.1508254678	0.0388792044	0.0771305696	0.0050415961	0.0126378746	0.0039383676	-0.0895653264	0.0055972427	-0.0779256896	-0.042632883499999996	-0.0678982752	0.09876318460000001	-0.0016159000000000002	-0.0018704830000000005	2.6111328100000005e-06	3.4987066532890017e-06	0.0404611	-0.01430549999999999	0.00020464733024999976	0.0016371006132100002	0.157264	0.0022300000000000093	0.02473196569600001	4.9729000000000435e-06	-0.00110003	8.964000000000041e-05	1.2100660009000002e-06	8.035329600000076e-09	5.45779e-05	-9.254910000000002e-05	2.97874716841e-09	8.565335910810004e-09	-8.548709999999997e-05	-3.975949999999997e-05	7.3080442664099945e-09	1.5808178402499976e-09	0.0	0.0	0.0
8638.861707254275	22.720702000429807	74629931.59706424	516.2302993923352	10454.075704402585	-19.63122291750005	385.38491323657934	109287698.8333804	6360.803477027592	2.887718580331238	40459820.873366304	8.338918599190265	6413.608313380496	10218.741262182884	1.053055	37.91153	0.060469329	0.0394424	-0.0336193511	0.0910852512	0.015298884099999997	0.0633060897	-0.0270390607	0.0009907753999999999	-0.0682465986	-0.0037683053	0.0401302894	0.0581022918	0.052659064299999996	-0.0236744692	-0.0273463482	0.1331371168	0.0725637088	-0.0616188119	0.0462537866	0.0423439168	-0.028008546000000002	-0.07296822019999999	0.0231980074	0.1337733957	-0.0860325194	0.0515906554	-0.037825176099999996	-0.08671648130000001	0.0598068896	0.010297415400000001	-0.0671410475	-0.0099647678	-0.0568339555	-0.0264619584	-0.0165005103	-0.0588768554	0.014616106299999999	-0.0267089135	-0.1306249239	0.0276060339	0.0409191482	-0.049143304400000004	0.0899281288	-0.020581383	-0.020083979199999998	-0.0233599644	0.0390673757	-0.0419850869	0.1479766575	0.0060265759	-0.0414136243	0.0586321167	0.11635991710000004	0.0750468809	0.026341964300000003	0.023044828700000002	0.032713050800000004	0.11448022599999999	-0.0173315949	-0.0264151248	0.0254077458	0.10737640039999999	-0.0742931648	-0.0490823723	-0.1014793228	-0.1241515828	0.0683139543	-0.0076316547	-0.057552233499999994	0.0329117987	-0.11410939839999999	-0.0967002074	-0.024136602799999997	-0.1050869277	0.0074957252	0.0416599812	0.0666988148	0.0078960444	0.0475646074	0.0895704707	0.0175701683	0.1051641307	0.1480456422	0.1398386898	-0.037749697799999996	-0.09975238289999999	-0.0137188865	0.0728597635	-0.0326269746	-0.11261800529999999	-0.0117217081	-0.1501278036	-0.0084331245	0.0165635014	0.06535128700000001	0.005930410200000001	0.032240101	0.0740729715	0.0142387981	0.027872427999999998	-0.0210488944	-0.0308091907	0.0110048255	0.0611861966	0.0377143426	0.0677497864	-0.034124167999999996	-0.0599014719	-0.0261986093	0.0137172141	0.0754014502	-0.0385552368	0.0699241075	0.0260398339	-0.1193970314	-0.005279160600000001	0.0016857627	-0.0349120868	-0.0186335684	-0.0654953741	-0.04389836849999999	0.0340827601	0.0776086221	-0.0924476417	0.0360685387	0.0102664688	0.0958287164	-0.0740211897	-0.0792089691	0.056204509699999995	-0.009409088000000001	-0.0913149706	-0.01935748	0.0048266288	0.1207218438	-0.0417681793	-0.0756207958	0.0143439981	0.1608272647	0.0988285827	0.0617287405	0.046388119900000004	0.0157396012	-0.0227716074	0.0101821128	-0.118419472	-0.0282700301	-0.013407309499999999	0.0719677584	0.018509750800000002	0.0060552734	0.0277674015	0.0373326744	0.1755389951	-0.0811696533	0.0614835887	0.0773478567	-0.031928307	0.1712955478	0.038939443399999996	0.1010286075	-0.14580633869999998	0.0014523132	0.0963197749	0.08069329360000001	-0.0366108896	-0.0780267382	0.0063527237	0.1035882269	0.04218465	-0.004098673	-0.0777272344	-0.08628090769999999	-0.0640264467	-0.010971283899999998	0.0011957843	0.0515490673	-0.044196297	-0.0652659867	0.1001291168	0.000576544	0.002192444	3.32402983936e-07	4.8068106931360005e-06	0.0558005	0.015339400000000003	0.0002352971923600001	0.0031136958002500005	0.121223	-0.03604100000000002	0.014695015729	0.0012989536810000012	-0.00113923	-3.919999999999987e-05	1.2978449929e-06	1.5366399999999896e-09	9.37057e-05	3.91278e-05	8.780758212489999e-09	1.5309847328399995e-09	-0.000145089	-5.960190000000002e-05	2.1050817921000002e-08	3.5523864836100027e-09	0.0	0.0	0.0
8647.41924594298	8.55753868870488	74777859.61510505	73.23146840868084	10457.91638315657	3.8406787539843212	14.750813291306555	109368015.07709458	6363.751803529569	2.9483265019771348	40497337.01692584	8.69262916226073	6415.401521824959	10340.693252215871	1.0132040000000002	36.476826	0.038008049	0.0207923	0.0027665142	0.10556840710000001	0.0208237935	-0.05633171610000001	-0.10124899	0.051116817599999996	-0.031274653799999996	0.0793947409	0.0184001612	0.1126519941	-0.0400309881	0.035991347400000005	0.0761425308	-0.010671482900000001	0.0381151502	-0.0156572416	0.0531538338	0.0396334989	0.10554527220000001	0.043862298499999994	0.0032424703000000004	0.06871757839999999	0.009364000400000001	-0.0176478134	0.1364030682	-0.0212621959	0.0386415606	-0.0542274224	-0.1091616624	0.059039698200000004	-0.054955339400000004	-0.0531733707	0.0076293208	0.0644284099	0.0043959476	0.0907498582	0.0200640302	-0.0117441022	-0.11123546289999996	0.013417876200000001	-0.0093235374	-0.032983512400000005	-0.0800601758	0.06663458259999999	-0.0514389864	0.0070659779	0.0237556844	-0.013854797299999999	-0.0382291491	0.0083088381	0.0102285013	0.018260110700000002	-0.056698810499999995	0.0463750664	0.0230284692	0.0210173981	0.0159753953	0.1048203639	0.1560110385	-0.0665000845	-0.0849569677	0.0082480574	-0.0281915912	0.0248670771	0.1018744678	0.0873166862	0.11481160060000001	-0.0668586954	0.0846577958	0.1018091566	-0.11321236109999999	0.0661519532	-0.10061292390000001	-0.07971536530000001	-0.017456129299999998	-0.0630597962	-0.0679907921	-0.1136503382	-0.026027613300000002	-0.0374898557	0.1207424025	-0.0061863946	-0.065876347	0.0705884909	0.0094811171	-0.11174612560000001	0.004672916599999999	0.0485505763	0.0090093982	-0.0105887065	0.0764506339	-0.10636012119999999	-0.015100178899999999	0.0349200189	-0.0850045517	0.0670330757	-0.0033120496000000003	-0.0540069534	-0.1119848221	-0.011725591799999999	0.0561752909	0.0494318845	-0.0397222582	0.1095537767	0.013972366200000001	-0.08132467019999999	-0.022992454	-0.0288066568	-0.0801947028	0.0204994558	-0.0545224292	0.0656194288	0.0248535469	-0.0043025560999999995	-0.0978256264	0.013888312	-0.0608872788	0.04615618639999999	-0.028473039500000002	-0.0887743458	0.0450321944	0.06395201019999999	0.0168768532	0.0017528457	0.0193163372	0.0224159425	-0.0242901642	0.0456366069	-0.0253262944	0.0242916848	-0.0210172564	0.0515172009	0.0188575596	0.022805597599999998	-0.1913843958	-0.1183574998	-0.0208169481	-0.0934060334	0.0247249395	-0.057910434800000014	-0.0273228558	0.050874845300000006	-0.0015920142000000002	0.068754566	-0.0426004338	0.1115307686	0.019507281100000003	0.0445508451	-0.054922878099999996	0.0577420654	-0.0085477171	-0.0747272126	-0.023251956299999998	-0.20280449190000002	-0.0291288991	-0.058217735300000004	-0.0486535145	-0.065441257	0.0759691365	-0.0678811697	-0.029588585	-0.0603116686	-0.1083792541	-0.0465477491	-0.015805910700000002	-0.0912359873	0.1129304729	-0.1087928581	0.110038281	-0.0555757218	-0.0423197162	0.062107004699999996	-0.0649172202	-0.0721777005	-0.0313208358	-0.0457473693	-0.0625608044	0.1012434574	-0.00148764	-0.002064184	2.2130727696e-06	4.260855585856002e-06	0.0428996	-0.012900900000000009	0.00016643322081000018	0.00184037568016	0.136508	0.015284999999999991	0.018634434064	0.0002336312249999998	-0.0010981	4.11299999999999e-05	1.2058236100000005e-06	1.6916768999999915e-09	7.09885e-05	-2.2717199999999993e-05	5.0393671322499995e-09	5.160711758399997e-10	-5.37769e-05	9.131209999999999e-05	2.89195497361e-09	8.337899606409999e-09	0.0	0.0	0.0
8648.683294206121	1.2640482631413759	74799722.72348005	1.5978180115507294	10500.247306988256	42.33092383168696	1791.907112444083	110255193.50791413	6366.699013056372	2.9472095268029084	40534856.32285298	8.68604399487782	6418.0820173424745	10361.463460264267	1.0280200000000002	37.010208	0.02301008499999999	0.0120068	0.023419834700000003	0.059460165	-0.1190023149	-0.07455617469999999	-0.030237984500000002	0.024202469	0.1256016589	0.009608041	0.0183618191	0.08046723	-0.032722396800000005	0.0001473374	-0.0738309467	0.09938869539999999	0.0179171097	0.014798846499999999	0.0891952072	0.0262106105	0.0168884266	-0.0270670586	-0.0352740902	0.019266556299999998	-0.044359003200000004	0.0202181437	0.1155699853	0.0627967716	0.052895047699999996	-0.0800674686	0.08711525490000001	0.0400168175	-0.0344779549	0.0049417122	-0.0622731454	-0.0144525859	0.043292396500000004	0.0033910471000000004	-0.061832194000000014	0.0628561549	0.0365699637	0.1020330979	-0.0507790799	0.0506924421	0.0792954477	-0.0357387932	-0.07686224950000001	-0.0318201548	-0.0864301831	0.0237489318	-0.014453536999999999	0.0921089715	0.0349215701	0.0740010254	-0.0342629958	-0.04355314019999999	-0.0670992054	-0.0004129105	-0.0484958914	0.06729773	-0.0374503426	-0.0437814026	-0.040571334199999996	0.077653175	0.0192430918	-0.0809773511	0.0143424223	-0.15193722810000002	-0.0461728902	0.0112763897	0.0207046444	-0.0844368555	0.014522131899999999	0.0639935303	0.08490108619999999	0.008239184200000001	0.06752514230000001	0.0128120396	-0.0327490827	0.007781505	-0.0759266495	0.15198579880000002	-0.1047484184	0.07661038519999999	0.0812727028	-0.041409501	0.045236218700000004	0.0544630196	-0.101391799	0.0845341839	-0.054335681	0.0047751561	-0.0037267608000000002	0.0241442702	-0.0033529349	0.0200834292	-0.0601338005	0.058445587300000004	-0.0750197357	-0.114695857	0.0785724588	-0.036899704	-0.0063578968	0.0664979981	-0.0982425359	-0.0649831501	0.0388210493	-0.0386885854	0.0301601664	-0.0216432926	0.0286661081	-0.030159808700000002	0.0379059241	0.0022458975	-0.11419562220000001	0.009003977600000001	0.0134871981	0.0571867599	0.0107349421	0.047953555700000004	0.0893492542	0.0511103782	-0.0761494232	0.0619744809	-0.0655003956	0.050208056200000004	0.0178560579	-0.030219809700000006	-0.1421137713	0.0498521101	-0.016919092099999998	0.0576447197	-0.0399948213	-0.0339877726	-0.0884064045	0.0040936982	-0.0288643554	-0.0217738176	-0.017600358700000002	0.05795600400000001	0.0488490913	0.0866386176	0.0306828863	0.1212886841	-0.029481672999999996	-0.0260199169	0.0678783572	-0.043897146500000005	0.0530294799	-0.1257890672	-0.0119750693	-0.0952862424	0.027781869700000003	0.13847920789999998	-0.0529388291	-0.0296219051	0.146005414	0.0023077556	0.0680935989	-0.0645876065	-0.023145390099999996	0.0049221876	-0.0132136712	0.10551102050000001	0.0202241277	0.049767504299999994	0.1268932639	0.0521014771	-0.043743486500000005	-0.0493446836	-0.0125529583	0.0657231546	0.0529987799	-0.1069894978	0.058421410099999994	-0.029696581899999998	0.09759291560000001	-0.0472856671	-0.059785749699999995	0.1021034066	-0.00140001	8.763e-05	1.9600280001e-06	7.6790169e-09	0.0506153	0.007715700000000006	5.9532026490000086e-05	0.00256190859409	0.133053	-0.003454999999999986	0.017703100809000002	1.1937024999999905e-05	-0.000943292	0.0001548080000000001	8.89799797264e-07	2.396551686400003e-08	4.47935e-05	-2.6195e-05	2.0064576422500007e-09	6.861780249999997e-10	-0.000107809	-5.40321e-05	1.1622780481000001e-08	2.91946783041e-09	0.0	0.0	0.0
8644.08771301568	-4.595581190440498	74720252.39030866	21.1193664779305	10510.795547390366	10.548240402109514	111.26537558069548	110476823.03904112	6365.587107618616	-1.1119054377559223	40520699.224680334	1.2363337025111891	6419.4222148323815	10389.950473858527	0.999481	35.982788	0.016503159999999996	0.00962585	0.0212449827	0.08505900720000001	-0.10827145349999999	0.0748037466	0.0079574049	-0.0611258191	-0.0026098698999999998	-0.0913476419	0.0391403392	0.07895152059999999	9.58937e-05	0.0301584742	0.061521282999999996	0.042858775999999994	0.0665353908	0.0997609264	-0.0016725805999999999	-0.0018877048	0.0642430633	0.0641553661	0.003541059	0.12491432699999999	-0.1033045116	-0.0365096825	0.1622042991	-0.0283873491	0.0453580087	0.0042009623	-0.0041631363	-0.0935733245	-0.0569179122	0.049153331200000004	-0.0354516073	-0.0225723792	0.066344524	0.0172877096	0.0074625428	0.0270136316	-0.0406235437	-0.0571766124	0.014666572099999999	-0.0567084821	-0.056190577	0.013608236200000002	0.1302456514	0.0074087136	0.1074953884	-0.0932454013	0.0059177870999999995	0.0115615551	-0.0120326922	0.0853639836	0.0092610985	0.0384009888	0.0577045923	-0.0292796264	0.013209071299999998	0.0307167155	-0.0004531251	-0.0177506203	-0.0005789293	-0.1288727067	0.0251014279	0.0073581064	-0.0916516417	-0.045571029400000004	0.069061232	0.0300119271	0.0291209328	0.0490587374	0.1735050398	0.1372773051	0.0603813766	-0.020494221599999998	-0.0694375817	0.0174858952	-0.0341649768	0.09693839619999996	0.02023099	-0.0726884408	0.1212687357	-0.0299857644	-0.0049444948	0.101199181	-0.0164859659	0.09696120039999999	0.1419929573	-0.0202851657	0.0302934012	0.004060280800000001	-0.0245203981	0.0477553804	-0.020597046299999998	-0.1018163434	0.0355098104	-0.0439963466	0.0280793046	-0.0213224862	-0.0331258446	0.0413059069	0.0017069981	0.0492158123	0.036707839	-0.0523145266	-0.08854455720000001	-0.0601450063	0.028658504900000006	0.0131471395	0.0167499397	-0.0477845571	-0.07041805429999999	0.0059080763	0.011678405800000001	0.0025221688000000003	-0.0538097512	-0.0644480417	-0.0387206948	-0.0020991087	-0.0462823067	-0.0348585751	0.019928144	-0.1238709867	0.0402408194	-0.08864423199999999	0.033598463599999996	0.025133922599999997	0.0261336628	0.0987963781	-9.62163e-05	-0.0381188442	-0.0255469661	-0.0263530823	0.012661631100000001	-0.044307814	0.0031240889	0.0263608155	0.0386455514	-0.0110880332	-0.07376003	0.0661789715	-0.0803631036	-0.0955303848	-0.0140282257	0.1879137027	0.0510693663	-0.0289619255	-0.031141665	-0.0079369843	0.0677768525	0.0085794915	0.059019470899999996	-0.09864514529999999	0.1341151952	0.0532554097	-0.06425180929999999	-0.1624515731	0.0471841118	-0.0302412226	-0.07025678490000001	0.0192683188	-0.0146143525	-0.0485232767	-0.0420473254	0.089106639	-0.14895698300000002	-0.009574756	-0.0018659573	0.09172101640000001	-0.048983944800000005	-0.0560336917	0.0362814016	-0.1097199369	0.0272329223	0.044000149599999996	0.065048877	-0.048810760999999994	-0.056943921900000014	0.1027068035	-0.00209621	-0.0006961999999999999	4.394096364099998e-06	4.846944399999998e-07	0.045	-0.005615300000000004	3.153159409000004e-05	0.002025	0.14056400000000002	0.0075110000000000185	0.01975823809600001	5.6415121000000256e-05	-0.000943292	0.0	8.89799797264e-07	0.0	3.21863e-05	-1.2607200000000005e-05	1.03595790769e-09	1.589414918400001e-10	-0.000148815	-4.1006000000000014e-05	2.2145904225e-08	1.6814920360000008e-09	0.0	0.0	0.0
8639.186313685921	-4.9013993297594425	74635540.16257814	24.023715389766316	10478.689096610451	-32.10645077991467	1030.8241816830832	109802925.18342274	6360.845509417175	-4.7415982014408655	40460355.59467264	22.48275350390725	6413.003437045477	10386.108748038083	1.0221360000000002	36.798386	0.0066606249999999895	0.00447612	0.0240809582	0.09098590210000004	0.0058054683	0.0522348225	-0.10509113490000001	-0.0001270927	-0.0848159369	0.0168041954	-0.0240668806	0.11151102689999999	-0.030201818	-0.0286152825	-0.0697544614	0.0515151839	0.027496407599999998	0.0479903448	0.0467760584	0.1001142716	0.0365858667	0.0209869665	-0.109919998	0.0759178394	-0.0474965617	0.1941945047	-0.0183997981	-0.1171654558	0.0380793471	-0.040380765	-0.0989980742	-0.0424269754	-0.0065525417	-0.052899017199999995	-0.0138475725	0.0128474404	-0.0471575178	-0.030833131099999998	-0.1206861943	-0.0453625814	0.0173683733	0.0312128975	0.06273277740000001	0.11030907050000001	-0.0266365213	-0.0122382024	0.0797928683	-0.0861969029	-0.008292620799999999	0.0349578486	0.017408783100000002	-0.015044431899999999	0.0358178828	-0.0891626727	0.1058731125	-0.0969909873	0.0957575035	0.0400270519	-0.0816466379	-0.0031354646999999995	-0.046785243	0.15618484529999999	-0.0481339846	-0.1070269415	0.09444301710000001	0.0161939984	-0.0012787341	0.1554325378	0.009631274399999999	0.1111497618	0.029910427000000007	-0.0349317375	-0.1011270714	0.058019496	0.1030787669	-0.0734025886	-0.054139221200000004	0.10366892130000001	-0.0512528274	-0.0322444763	-0.0861659244	-0.0446757236	0.04434134940000002	0.0371237542	-0.1146953659	-0.0779686804	0.1335990118	0.043313495	0.0041155016999999995	0.0883758054	-0.0214928235	-0.0010846271000000002	0.0496989792	-0.0023639772	-0.0818570986	-0.1688563495	-0.0112232175	0.0183514844	0.0252335585	-0.0359111028	0.0482658315	-0.0225585	-0.0246895516	0.0417153178	0.0182616736	0.09163643310000001	-0.0561510697	-0.0114293525	0.0124422193	-0.052739245700000006	0.0051091311	0.0124451135	0.105173491	0.0222927693	-0.0650362771	0.0145793288	0.034857820299999995	0.0775066003	0.0359969912	0.029548047	-0.11256237050000001	-0.0192309173	0.0253228456	-0.05904385860000001	-0.0015355282999999999	0.0817238818	-0.021569601600000002	0.011490238100000001	-0.0171846394	-0.1232548136	0.1174803887	-0.050177279000000005	0.073535897	0.057560622699999994	0.042971150199999995	-0.0386426512	0.0414751005	0.1189115089	0.0701247782	-0.050171033399999995	0.0809651392	-0.10662503150000001	0.0698112136	-0.0731741275	-0.0801374874	0.10280314300000001	0.1166055455	0.0568127399	0.0795401584	-0.1870281934	0.016818125700000002	-0.0559309288	-0.0007372416	0.07932589400000001	-0.0026813762	-0.0569948357	0.044597850099999996	-0.055675952699999996	-0.024267999199999998	-0.1136528208	-0.10423930320000001	-0.05706162240000001	-0.0649177549	-0.0463804605	0.09982639900000001	0.0067624309	-0.005792285699999999	-0.0280323193	0.1245156908	-0.155802931	-0.016995954	-0.1635651662	-0.0091968065	-0.0238689469	0.0001484088	0.0873898121	-0.0587948453	-0.0503222251	-0.054038495	0.10305213199999999	-0.00202275	7.346000000000002e-05	4.091517562499998e-06	5.396371600000003e-09	0.0429467	-0.002053300000000001	4.216040890000004e-06	0.00184441904089	0.13660899999999998	-0.003955000000000042	0.018662018880999998	1.564202500000033e-05	-0.000943292	0.0	8.89799797264e-07	0.0	4.05426e-05	8.3563e-06	1.64370241476e-09	6.982774969e-11	-0.000145594	3.221000000000002e-06	2.1197612836e-08	1.0374841000000011e-11	0.0	0.0	0.0
8640.415472411747	1.2291587258259824	74656779.53589231	1.5108311732741526	10446.161244991961	-32.52785161848988	1058.0611309144942	109122284.75637199	6355.7608936788865	-5.0846157382884485	40395696.53761784	25.853317206050587	6405.600095260952	10352.256270386362	1.038331	37.381447	0.019080258	0.0106306	0.0139534569	0.0733375297	-0.0347520084	-0.10318462070000001	-0.0737063215	0.0761700214	0.0281780472	0.0895099219	0.0309430875	0.0697656549	-0.0022519245	-2.61117e-05	0.0781070779	0.0472319529	0.0201654177	0.0477511248	-0.06840676400000001	-0.0361647326	0.1288674615	-0.0027096947999999997	-0.030439574100000002	0.0590966886	-0.0407451281	0.059204080199999995	0.025568240099999997	-0.0735260363	0.0194987029	-0.08800495800000001	-0.0029097281	0.09896667	-0.035677810899999995	-0.055871905300000003	-0.0527950446	0.0419955408	0.0946306661	0.0460491071	-0.0217551266	0.026595436200000003	-0.06704379690000001	-0.0884135859	-0.0594168923	-0.023733435299999998	-0.0640132796	0.0189659504	-0.0360479222	-0.0692903137	-0.0213889695	-0.1261044683	-0.0955647144	-0.0655314332	-0.1006031482	-0.0104414674	0.0445158155	-0.051536277	0.0689146469	0.171278994	-0.0500652718	0.10197622199999999	-0.0832880096	0.0626168953	-0.0221593747	8.6985e-06	-0.0053553285	-0.060938108899999996	-0.0162194908	-0.0304955617	0.0162717119	-0.0194058743	0.0178811907	0.15403818630000002	-0.0130416305	0.0425389791	-0.029016376899999998	-0.098392701	0.0055153362	-0.07421586620000001	-0.1130299783	-0.0245471515	-0.0819915316	-0.0022338864999999998	-0.0433385213	0.0413529991	-0.0177372742	-0.0452356066	-0.0396006654	-0.1660212933	0.025337299700000003	-0.0194455479	0.08781230289999999	0.08727510029999999	0.0906480026	-0.0118738617	-0.059169383	0.0679335426	0.0514361016	0.0620906649	-0.040590108	-0.09125341669999999	0.1303713111	0.0491677473	-0.0742369037	0.0283059254	-0.10333080189999999	0.060134918499999995	0.051308491100000006	-0.0576271554	-0.0106337123	-0.039988671600000004	-0.0269019377	-0.0796464966	-0.044137527999999995	0.0526266938	0.0091086061	-0.0098684926	-0.0590389072	-0.0740254765	-0.09741162490000001	0.045107633700000004	-0.0146650169	-0.0193163934	-0.0005732683	0.0678796589	0.0566959478	0.0652893131	0.0753927001	0.1273147282	0.0572303827	0.0885374272	0.09280622050000001	-0.0032077665	-0.10039164689999999	0.0149319107	0.1249947638	0.0078006409	0.0640638068	0.050903653300000004	-0.0536713401	0.0739930609	0.0020850401000000003	-0.0524124755	0.0315064019	0.0041109924	-0.0400265841	0.0728308104	0.0864085683	0.1197645186	-0.0014600803	-0.0004709117	0.0875917837	-0.0263010581	0.078756475	-0.0740354079	-0.0086004688	-0.1393292702	0.0074842434	0.0414577566	-0.0331923991	-0.0319330231	0.0716782652	-0.0689879435	-0.0405964644	-0.0369755024	-0.102795411	-0.0349862442	0.0798012449	-0.0125828785	0.0570181274	0.0220931861	0.030560552	0.046919898	0.1494675666	0.0500010549	0.0478500125	0.0007199269000000001	0.0847944334	-0.0518196374	-0.051072714000000005	0.1031385244	-0.000293797	0.001728953	8.631667720899999e-08	2.989278476209e-06	0.052412400000000005	0.009465700000000007	8.959947649000015e-05	0.0027470596737600005	0.133692	-0.002916999999999975	0.017873550864000002	8.508888999999855e-06	-0.00100498	-6.168799999999997e-05	1.0099848004e-06	3.8054093439999956e-09	7.520569999999999e-05	3.466309999999999e-05	5.6558973124899994e-09	1.2015305016099996e-09	-0.000148615	-3.020999999999997e-06	2.2086418225e-08	9.12644099999998e-12	0.0	0.0	0.0
8653.347220773603	12.931748361856078	74880418.12327024	167.2301156943674	10477.28712530032	31.125880308358322	968.8204249702483	109773545.50598384	6359.7764394840515	4.015545805164948	40446756.36021644	16.124608113377807	6412.130909745608	10344.533230175	1.009713	36.351139	0.032707223000000014	0.020037400000000004	0.0267070811	0.0670740743	-0.1302609092	-0.0176534607	-0.0009840331	0.0046658098	0.10967366390000001	-0.0494311491	0.0566138151	0.0788788475	-0.0731507453	0.0289862154	0.0071957163	0.0810189498	-0.0868947191	0.0172225957	0.0733128475	0.1058159678	-0.0481913596	-0.024444564900000004	-0.0467343793	0.047586733099999994	-0.0508977186	0.046852590300000004	0.025568920099999996	-0.0605381642	0.0303254862	-0.0303146623	0.056614606	-0.0467884069	-0.05816887690000001	-0.0250308596	-0.0504920362	0.0544020259	0.10065648	-0.030132852999999998	0.0126431768	0.0175124114	-0.0220116338	0.0316150636	0.0482325116	0.0022992915	-0.0905187311	0.0374096869	-0.10893128980000001	0.017952532900000002	-0.1104264629	0.1280505689	-0.1022945033	-0.08314948650000001	0.0072426077000000005	-0.0328301642	0.010593863200000001	-0.0076588323	0.0411271212	0.014739076100000003	-0.0727746183	-0.0373532004	0.0456174269	0.0031165087	0.0893023223	-0.0066587418	-0.18747076399999998	-0.0010450875	0.083668858	0.11870143949999999	-0.1924406855	-0.0264261284	0.0528608407	0.025025898199999997	-0.0805340177	-0.059624925499999995	-0.023752168599999998	0.07147695009999999	-0.1299011478	-0.1214538492	0.07295497	0.0153810489	0.0253862115	0.0694169666	0.0278501463	0.0552914169	0.005072452	0.11047736119999996	-0.0295127083	-0.0030181868	0.1682495246	0.026322346099999998	-0.09117752929999999	-0.0348157303	-0.0038983954	-0.035806702999999995	-0.013040287099999999	-0.0705152348	-0.0186104575	-0.011788759	-0.0631512527	-0.008895061800000001	0.0038647653	0.0010025683	0.0091016842	0.0442663504	-0.061614463200000004	-0.0799787644	-0.0285325226	-0.0612143594	-0.014571915500000001	-0.0519632872	-0.0399232004	-0.0678902664	-0.0248531773	-0.0648474191	-0.0563664875	0.0027617232000000003	0.002378495	0.05995858690000001	0.007352403299999998	-0.0235663152	-0.0583321341	-0.0968365241	0.0698562671	0.12898464	-0.073595352	0.1465687699	-0.025210604700000003	0.013347199399999999	0.031974251	-0.028404614900000007	0.0401399431	-0.1090781074	0.0514458444	0.10386715699999999	0.09156287619999999	-0.0110997386	-0.0018230504999999998	-0.043635165499999996	-0.0491382078	-0.09357358560000001	-0.015578342299999999	0.050599467	0.0130354698	0.034619271800000004	0.0298647565	-0.21193449649999999	-0.0070771067	0.0142863298	0.019889978	0.1479552913	-0.0307149708	-0.0960909918	0.0715602494	0.1019928508	-0.0333275186	-0.033803161899999996	-0.0976234022	-0.0365791658	-0.0039316467	0.0803096842	-0.0349716248	0.12246021789999999	0.0395216912	-0.1560197028	-0.0194098974	0.056557312199999994	-0.12571910990000001	-0.044305417199999995	0.023014134	-0.0350210901	0.0356531827	0.031181995499999997	0.0495425739	-0.0034076825	-0.0716031162	0.0656083162	-0.0573846682	-0.0533025797	-0.0480498913	0.10296576369999999	-0.00208472	-0.0017909229999999998	4.3460574784e-06	3.207405191929e-06	0.0457982	-0.006614200000000008	4.3747641640000104e-05	0.00209747512324	0.152073	0.01838100000000001	0.023126197329000002	0.0003378611610000003	-0.000943292	6.168799999999997e-05	8.89799797264e-07	3.8054093439999956e-09	1.91207e-05	-5.608499999999999e-05	3.6560116849000004e-10	3.1455272249999987e-09	-0.000147966	6.490000000000001e-07	2.1893937156e-08	4.2120100000000014e-13	0.0	0.0	0.0
8669.268571887707	15.921351114104256	75156217.57151993	253.48942129858884	10500.299604014066	23.012478713746532	529.5741765506373	110256291.77405795	6366.888626528703	7.112187044651363	40537270.78262055	50.5832045581067	6418.676360210623	10409.098667014196	0.996685	35.88213	0.02549864000000001	0.014052	0.0378990372	0.09595671880000001	-0.0660095042	0.0989232144	-0.044596489	-0.0469701155	-0.035174045699999996	-0.044111716100000004	0.0041130219	0.12598207220000002	0.0073460758	-0.0109086328	0.0415118694	0.08806582980000001	0.0361953998	-0.0590819475	-0.045977214800000006	-0.042463086799999994	0.0196077594	-0.0128144477	0.015300588899999999	0.0363456532	-0.0928911548	-0.055206362	0.0965364714	-0.0124599828	0.0467994074	0.0079652847	-0.0390951629	-0.086436294	-0.0289095862	-0.0067800737	-0.0119782701	-0.0405465634	0.0627852084	-0.0585533717	-0.10961444570000001	0.0428075729	-0.053676457000000004	0.06576986879999999	0.0345599125	-0.031102937	0.0719849199	0.025994008500000002	-0.1216455402	-0.1226017273	-0.009938181899999999	-0.0057245082	-0.1064747777	0.0814290967	0.011962179199999999	0.0254590835	0.055655982199999995	-0.0646478996	-0.0795388371	-0.0999590537	0.0486654109	0.08204170549999999	-0.0683049926	0.0272823123	-0.0325555423	-0.036258853	0.07477897900000001	-0.0252509281	0.010597191200000002	-0.09534505230000001	0.09012193339999999	0.0747069192	-0.0537431099	-0.0403626424	0.0181152576	-0.1766085975	-0.22173080120000002	0.0700567392	-0.1176566694	0.13611854810000001	0.0129826805	-0.15055371550000002	0.0570907495	0.0054987443	-0.005650806800000001	0.0492626916	0.1445601305	-0.024476297400000003	-0.0357978612	-0.0263443586	0.127157327	-0.014830590900000001	-0.0170050182	-0.0154791948	0.1881712279	0.0478189197	-0.1167463282	0.015710019199999998	0.0355584065	-0.0401668554	-0.0772621167	0.0336507568	0.0789738021	0.028442502799999998	0.0676536845	0.053037752300000005	0.0253048452	0.0102764829	-0.09838163330000001	-0.0307833271	-0.0045483004	-0.002360139	0.021164822200000002	-0.0907800803	0.0260332367	-0.0026174815	-0.0961160017	-0.0787840587	-0.09460681970000001	0.0284341346	-0.0017721873999999999	0.0692679166	-0.0076314834999999985	0.0547170434	-0.0217425429	0.1244585735	0.0130739922	0.1444172363	0.0414606873	0.08815400300000001	-0.06869082230000001	0.0566574413	0.0091878595	0.0975570122	0.0289617353	-0.1625134255	-0.062018221299999995	-0.1170868133	0.015228701200000003	-0.0251471151	0.151422265	0.0970640873	0.0639889538	-0.0395297797	-0.0103924083	0.0790855422	0.0015981584	0.051420567599999994	-0.078829409	-0.10156960039999999	0.056922284000000004	0.0320633025	-0.1931876248	0.11984505050000001	-0.0941775124	-0.0064341164	0.0556162903	0.0309258243	-0.111018265	0.0008126733	0.0301782917	0.043025717699999994	-0.0571379817	0.0841340461	0.0103314288	-0.027418232999999997	-0.0837028005	-0.015703061299999998	0.1068250192	-0.0334889054	0.12222303820000001	0.083265308	0.047262473	0.0889729259	0.17011133399999998	-0.03512732	0.028973209700000002	0.041237319	0.0231384953	-0.0547706378	-0.044973402999999995	0.10253428390000001	-0.00148718	0.0005975399999999999	2.2117043524000003e-06	3.570540515999999e-07	0.0542855	0.008487300000000003	7.203426129000005e-05	0.00294691551025	0.14196	-0.010113000000000013	0.0201526416	0.00010227276900000022	-0.00103495	-9.1658e-05	1.0711215025e-06	8.401188963999999e-09	4.69567e-05	2.7836000000000013e-05	2.2049316748900006e-09	7.748428960000003e-10	-0.00014144400000000004	6.521999999999962e-06	2.000640513600001e-08	4.253648399999951e-11	0.0	0.0	0.0
8661.637850270741	-7.630721616966183	75023970.24924275	58.22791239563502	10468.379618502118	-31.919985511947747	1018.8854750829538	109586971.83707055	6366.1411342377905	-0.7474922909123052	40527752.94103442	0.5587447249733263	6417.3937661315695	10537.99521958406	1.052045	37.875149	0.020176010000000005	0.0126095	0.0731900621	0.09156499039999999	-0.0033132001	-0.0564243529	-0.13590253800000002	0.0496163732	-0.0132988302	0.0639018493	-0.0320990335	0.1010939494	-0.0932426643	-0.0257215108	0.00018938189999999998	-0.0190626004	-0.0383381603	0.0027386506	-0.07381751019999999	0.1090710236	0.0370951238	-0.0012600779	0.042048717699999995	0.0234940623	0.0408875535	-0.001237707	-0.014820741	-0.0625270599	0.0368385198	-0.0420787505	-0.059348004	0.0505491955	-0.0333990341	-0.059858419800000014	1.4015799999999999e-05	0.0777943846	0.0337574018	-0.0358923663	-0.0130861959	0.0523439092	-0.0703448428	0.0087194941	0.0537444488	-0.09534445109999999	0.045343325999999996	-0.0289137155	0.039309226	-0.0230362286	-0.08581728970000001	0.0410270096	-0.0794755607	-0.0021611268	-0.0285669325	-0.12118985759999999	-0.0854259077	-0.1337512099	-0.08750219390000001	-0.015527154599999999	-0.0161233071	-0.10362809029999999	0.0485969895	-0.0411137153	-0.0064093899	-0.015415253700000001	0.006462775	-0.022494329700000003	0.0805289638	0.022213347799999998	-0.0203367029	-0.0728578496	0.0162533377	-0.055595712	-0.0432507192	0.0232995334	0.0784298954	-0.0035715143	-0.1196604814	0.1896777381	0.1615533969	-0.0418075708	-0.0293128964	0.0236806133	-0.0474649458	-0.0051471907	0.0351201884	0.0496399823	-0.0170880321	0.0824708227	0.19060419609999998	0.028567717700000002	0.0872106332	-0.272132895	-0.11408136029999999	0.043029524000000006	0.0474966775	-0.078149252	-0.0205574429	-0.028650198300000002	-0.0320778303	0.044674781399999995	-0.1396765264	0.017789976399999997	0.1165223919	0.0419977975	-0.0428662033	0.07261731540000001	0.0122145742	-0.0367339165	-0.0310534911	-0.03544228	-0.08643916630000001	-0.031198344500000006	0.0321009377	-0.0048847202000000004	-0.013738061299999998	-0.058236262699999986	-0.1288410338	-0.0214367811	0.0108836699	-0.0255468527	0.0282421938	-0.0588870016	-0.08229617410000001	0.0039529934	-0.0359499968	0.1468252148	-0.0975554497	-0.0035049317	0.0039459771	0.0046919714	0.026954236800000003	0.1415341289	0.1286990884	0.061333378200000004	-0.005530381500000001	0.0940296765	0.0435396743	-0.030006492000000006	0.043256629500000005	-0.028166222299999998	0.049255562999999995	-0.031824232599999995	0.0110471101	-0.0034495668	0.0522353976	-0.0067258763	0.0158396889	0.043450740099999996	-0.060646330400000004	-0.0634015102	0.0006763658	0.0017853002	0.09049122890000001	0.12631235119999998	-0.0349713128	0.1310486541	-0.061103500199999994	0.0148819279	0.0404738492	0.1529047909	-0.0624854638	0.2511283056	0.025532093999999998	-0.042425898	-0.030395089900000002	-0.0531075652	-0.09966492490000001	0.1086676534	0.1125220102	0.12675843	-0.097121772	-0.0117720206	-0.15282062710000002	-0.0436520484	-0.0187650265	-0.0120503278	-0.0584228778	-0.056223402	-0.041846685099999996	0.1018451692	-0.00159364	-0.00010645999999999984	2.5396884495999995e-06	1.1333731599999966e-08	0.042942900000000006	-0.011342599999999994	0.00012865457475999987	0.0018440926604100004	0.14496099999999998	0.0030009999999999763	0.021013691520999998	9.006000999999855e-06	-0.000943292	9.1658e-05	8.89799797264e-07	8.401188963999999e-09	5.22767e-05	5.319999999999997e-06	2.7328533628899997e-09	2.830239999999996e-11	-0.000123903	1.754100000000004e-05	1.5351953409e-08	3.0768668100000144e-10	0.0	0.0	0.0
8660.134026269829	-1.5038240009125734	74997921.35295647	2.261486625720698	10490.475876865834	22.09625836371561	488.2446336760718	110050084.123104	6364.502359198779	-1.6387750390113067	40506890.28024682	2.6855836284865107	6416.862479298418	10435.45355662698	1.071713	38.583244	0.035353385	0.0241372	0.0579848815	0.0607668441	-0.1370972066	-0.047340977199999995	-0.0017450141	0.007476794799999999	0.1250848641	-0.0214016616	0.0287388925	0.056364636100000004	-0.0180185253	0.007587711899999999	0.0140521351	0.048359118799999996	0.0598616154	-0.050303790599999995	0.0680513004	-0.1299961948	-0.0525624134	0.0455472004	0.0233094566	-0.013278581299999998	0.0161961072	-0.061574168600000014	-0.0687763805	-0.0652719533	0.0401339528	-0.0655001791	0.0746712829	-0.015043212	-0.054621210999999996	-0.0087910944	-0.1133647155	-0.0397611698	0.0055583288	-0.014695674099999997	-0.0370263027	0.0950819563	-0.0037714446000000003	-0.0043072922	-0.013489511000000001	-0.0010547731	0.0933263542	-0.0945559277	-0.0234690143	-0.0308740032	0.048138512300000005	0.0555582166	-0.10341519630000001	-0.09853018300000001	-0.0214322169	-0.0617282617	-0.04568936059999999	-0.0198823989	-0.1650051827	-0.06653993030000001	-0.1039394516	0.0778771607	0.0433417103	0.0277516177	0.1060714876	-0.0764504283	-0.011330053	0.0200583526	0.0690879224	0.0186491973	-0.020706996499999998	-0.0318875757	0.0320246849	0.0073657446	0.0099690023	-0.0584896913	0.001156847	0.0189020463	-0.035077472900000004	0.053924075599999996	-0.000197259	0.0617787158	-0.0717241171	-0.1561299701	-0.0208286559	0.14192230220000002	-0.0218061527	0.0032939125	-0.0642611374	-0.1044072011	0.07772618469999999	0.0167706331	0.0435662056	0.07592542719999999	0.0749777951	0.0740746807	-0.027081175699999998	0.0073254287	0.0004936849	0.028255141600000002	0.0144682424	-0.0675417731	0.0937111262	-0.028436799	0.0486925159	0.05128705980000002	-0.085861929	-0.07415404980000001	-0.0103491056	-0.0522798101	0.026220138100000002	-0.06383584440000001	0.0473559129	-0.030195934100000002	0.0044345096	-0.0245502173	-0.06958517	0.039398276499999996	-0.0602254445	-0.038641145099999996	0.041839242400000004	0.015763108999999997	0.0510090297	0.0842779689	0.0355899736	0.0012269394	0.0368757366	0.11220283939999999	-0.0414244869	0.0583033744	0.008803965799999999	0.0086442315	-0.08206455230000001	0.1053052522	0.0756076079	0.1394147835	-0.008002660600000001	-0.1153819778	0.0904703158	-0.0968733867	0.0566611417	-0.012759856799999999	-0.0614693229	-0.003014751	0.023074699900000002	-0.0015257398000000002	0.054596539400000005	0.051153204	0.09943141779999999	-0.0158767636	0.023311723399999998	0.0820122216	-0.016990063899999998	0.0360857957	0.1793875218	-0.0180387191	-0.052271289400000004	0.0357507346	0.044507655300000004	-0.0007637028	-0.0886483599	-0.027579850099999997	0.022136312999999998	-0.0278248445	0.008614010200000001	-0.031372055	0.025888947000000002	0.068378669	0.0665958999	-0.0375343909	0.1461972492	-0.0064498171	0.0850353248	0.067003672	0.0628033645	0.0607285394	-0.10819794390000001	0.045313821500000004	0.08133140230000001	-0.057660466500000014	-0.0386732298	0.10090015109999999	-0.0016012999999999995	-7.659999999999828e-06	2.5641616899999997e-06	5.867559999999737e-11	0.0615922	0.018649299999999997	0.0003477963904899997	0.0037935991008400003	0.129673	-0.015287999999999968	0.016815086929000002	0.00023372294399999903	-0.000943292	0.0	8.89799797264e-07	0.0	3.58952e-05	-1.6381500000000002e-05	1.28846538304e-09	2.6835354225e-10	-0.000112116	1.1786999999999987e-05	1.2569997456000002e-08	1.389333689999997e-10	0.0	0.0	0.0
8656.837195255854	-3.2968310139749515	74940830.22516523	10.86909473470711	10518.413616613108	27.937739747274467	780.5173021864392	110637025.01015206	6365.531451923514	1.0290927247351649	40519990.66542748	1.0590318361028457	6421.3321207136705	10484.484754896588	1.001299	36.048222	0.02765737	0.0199576	0.0651730745	0.07493410610000001	-0.0749869694	0.0868115282	-0.007836384	-0.0721109331	-0.0429624033	-0.0589287536	0.0180099716	0.08193010839999999	-0.0619035365	0.030119988900000002	-0.0522907195	0.0451230732	0.0005928461	-0.0656993514	-0.10133365470000001	-0.033070863900000004	0.0095313052	0.0974393235	0.0721653865	0.0245139625	0.029249419900000007	-0.07203969240000001	0.014570996999999999	-0.009381110699999999	0.0524993588	0.0089954546	0.0019510357	-0.0952524443	-0.0085956675	0.0036955912	-0.0350155428	0.0484391588	0.0015620966	-0.045923525800000004	-0.0986280686	0.00033200620000000005	-0.0588193116	0.0136663224	-0.0302356615	-0.1115208208	0.0061878741	0.016074571200000002	0.0661076699	-0.0879939468	0.0419943528	0.12349509269999999	-0.0194116114	-0.0062416787	-0.0768341927	0.0338706345	0.1808938983	-0.194836772	-0.0046307125	0.1029636224	0.1526933963	-0.1006058764	0.0585190186	0.0008951444	0.1507901062	0.1344557451	-0.0575022022	-0.0208948926	-0.0163446117	0.1241194171	0.0707984585	0.057950680899999996	-0.08808613380000001	0.0509492622	0.1340956831	0.0609380053	-0.0016808932999999998	0.0852135066	-0.042913568799999996	0.043560228799999996	0.0188477692	0.0207447056	-0.12871383320000002	0.017122520500000002	-0.0484683505	0.009721351999999999	0.0414977888	-0.1049711339	0.0162962905	0.1439923507	-0.0032364944	-0.0036908838	-0.021358449900000003	-0.0043484144	0.0016620784	-0.0889579373	0.0048577677000000005	0.0270714188	-0.11948914810000001	0.015541424	-0.044621978	0.058947153899999986	-0.0120547113	0.06673227450000001	0.0094672638	0.054945060700000006	0.054463574800000004	-0.0381793377	-0.08303408799999999	-0.0090601612	0.0293591177	-0.0373414123	-0.0411900753	-0.00027450470000000004	0.0812883313	0.0022147501999999998	-0.0656183344	-0.08459353380000001	-0.08032576820000001	-0.0969531516	0.027094925699999998	0.0957734175	0.023437521	-0.015583753700000001	0.0773428447	-0.0475509971	-0.0833552342	0.0941179169	-0.0439441296	0.024783851000000003	-0.0514402157	-0.0444283421	0.1131300947	-0.1188080116	0.0663327911	-0.0517121836	0.06329016	0.1742139941	0.1102074455	-0.11269303259999999	-0.0716016535	0.0871375367	-0.0089763601	-0.0752739973	0.11867038869999999	-0.1849891497	0.05063207	0.039980345	0.1100000192	-0.1734309372	-0.0613566917	-0.012543253300000001	-0.0059195681000000005	-0.0003033782	-0.0337775611	0.0059004044999999995	-0.0270719664	-0.062994441	-0.0570172426	-0.0714631908	0.0972198432	0.0366125439	-0.0073771686	0.04290794269999999	-0.0131062355	0.1580490875	7.6509e-06	0.0336839529	-0.0623492111	0.0498188253	-0.0272747414	-0.1372818937	0.05786026320000001	0.0349869707	-0.0150687493	0.0493539145	0.0372464912	0.0191648515	-0.07446129929999999	-0.05908143	-0.0354565814	0.09970160410000001	-0.00203209	-0.0004307900000000001	4.1293897681e-06	1.855800241000001e-07	0.0429415	-0.0186507	0.00034784861049	0.0018439724222499999	0.136607	0.006933999999999996	0.018661472449	4.808035599999994e-05	-0.000943292	0.0	8.89799797264e-07	0.0	2.68684e-05	-9.0268e-06	7.2191091856e-10	8.148311824000001e-11	-8.83052e-05	2.381080000000001e-05	7.797808347040001e-09	5.669541966400002e-10	0.0	0.0	0.0
8646.674265576028	-10.162929679825536	74764975.85497475	103.28513967707882	10461.313772704614	-57.099843908494215	3260.392174374405	109439085.85097924	6358.444899913858	-7.086552009656772	40429821.545240544	50.219219385570405	6411.745753854686	10401.89997857787	0.992341	35.725731	0.030698230000000024	0.0155326	0.0445191547	0.08118496809999999	0.0226861952	0.0305696306	-0.09784874730000001	0.027324495	-0.0612675316	0.0179452361	-0.0403406242	0.10084138880000001	0.0102784489	-0.0726897395	0.019257664	0.059971034299999997	0.0109393926	0.0056511606999999995	0.06499181009999999	-0.07158925349999999	-0.0824204731	0.07530475959999999	-0.012991841200000001	-0.0391114298	0.0858223352	0.029163948999999998	-0.0563170118	0.0026132483	0.0164443499	-0.044319377800000004	-0.09784683289999999	0.0072187675	-0.0125205199	-0.0613224713	-0.0005719569000000001	-0.0234780856	0.0798957176	-0.06638024299999999	-0.0759445258	0.0476923679	0.10423369589999999	0.0526330746	0.1072067932	-0.0121963141	-0.0514375357	-0.0094713184	0.0674932044	0.0208219204	-0.0373220638	-0.027445197200000004	-0.0597342564	-0.0907082593	-0.0084971033	-0.0473737813	-0.0171606391	0.0078335575	-0.0167909554	-0.0018578716	0.0271878662	-0.0036355084	-0.0467102146	-0.0450847695	-0.0392514314	-0.0396422904	-0.0255483724	0.1063267759	-0.010742496399999999	0.0325754872	-0.0065758767	0.1225317823	-0.0392920599	-0.044180137	-0.1322581269	0.1627560916	-0.0852112516	0.1648208423	0.0773261408	-0.0060529817000000005	0.0920508986	-0.0590002152	-0.0293798594	-0.0170131189	0.048143442300000006	-0.0722629686	-0.05675163990000001	0.039838376200000004	0.0593933564	0.0182800267	-0.0019518477999999999	-0.0234013065	-0.062064861799999996	-0.0125139433	0.0596130567	0.078908779	0.0140641373	0.059651915199999996	-0.022372940499999997	0.05456398690000002	0.1817586896	-0.0838364452	-0.0346320592	-0.0338849518	-0.0793324344	0.025327952	-0.0079076705	0.11020008839999999	-0.0314737768	-0.011854841299999998	-0.0029100133	-0.0275964918	0.0220518154	-0.0756450969	0.031965691	-0.017313757	-0.1166648598	-0.0176751555	0.0559047606	0.0100787672	0.042994966600000004	-0.10018263109999999	-0.0167710777	-0.0056190429	0.008629884499999999	-0.080845323	-0.0348321393	0.0774461918	-0.011343579599999999	0.036852109	0.0344468043	-0.022177050299999997	-0.029485016800000007	0.0107943137	0.0222854658	-0.033873824	0.0181984722	0.011064626599999999	-0.0036905787	0.045713955	-0.1075633094	-0.1110270465	0.017853771	0.0613913601	-0.06056492030000001	-0.053344904900000004	-0.0851220719	-0.0725815895	-0.049002810300000005	-0.0161577025	-0.0585183625	-0.08908359810000001	-0.0265401837	0.1618440914	-0.0343195187	-0.0224103831	-0.11062258289999999	0.012168566499999998	0.00033910760000000005	-0.12691769949999998	-0.0753082143	-0.11994571779999999	-0.0169713563	0.0217567431	0.024461325899999997	0.0274576894	-0.0515633954	0.0163181798	-0.0170727338	-0.043514541500000004	0.044165041399999994	0.0472637636	-0.1182975442	-0.0031161178999999997	-0.0647394807	0.1122015899	-0.010843588500000001	0.1363658137	-0.0698925019	-0.0604858957	-0.0322003326	0.09825253980000001	0.00241695	0.00444904	5.841647302500002e-06	1.9793956921599995e-05	0.053216999999999993	0.010275499999999993	0.00010558590024999987	0.0028320490889999998	0.132648	-0.003959000000000018	0.017595491903999998	1.5673681000000142e-05	-0.000943292	0.0	8.89799797264e-07	0.0	0.000222909	0.0001960406	4.9688422281e-08	3.8431916848360006e-08	-4.4052e-05	4.425320000000001e-05	1.940578704e-09	1.9583457102400003e-09	0.0	0.0	0.0
8649.199864028633	2.525598452604754	74808658.28791292	6.378647543799528	10456.226519795488	-5.087252909126619	25.88014216141725	109332673.03327446	6366.6976150554065	8.252715141548832	40534838.521552205	68.10730720754938	6418.098874815651	10423.780024225158	1.016266	36.587074	0.03877735000000001	0.0197124	0.0497795559	0.054831867699999995	-0.017410126799999998	-0.09034177609999999	-0.0523885924	0.0708726654	0.0161977901	0.0693701716	-0.018280140900000002	0.06288605059999999	-0.0943207924	0.033332537999999995	0.0326622395	-0.0104790145	-0.0116638027	0.0159396989	-0.0892898162	-0.0112061444	-0.006101254699999999	0.0075509122	0.0066175109	0.031030231000000002	0.11727181460000001	0.030650205299999997	0.0523558395	-0.0083166666	0.0261447457	-0.0634436007	-0.0071116283	0.0815873505	0.0087488333	-0.0219448628	-0.0303721219	0.1000537798	0.0270136721	0.0698605207	0.0105912277	-0.040810223	0.0215971987	0.0001245584	-0.0104459576	-0.0692314609	0.0733898716	-0.07048134959999999	0.0142297424	-0.0609828943	0.0773581699	-0.050261122000000005	-0.0868575085	-0.0013038672999999999	0.1319708688	0.0110674301	0.1262217183	-0.0171978276	0.11934273570000001	-0.1595047069	0.0700359849	-0.0492386494	0.0251608972	0.0550973259	-0.1176994109	-0.0181320646	0.06488808230000001	0.1354950584	-0.0567014691	-0.0310716767	0.0463573788	0.0512472643	0.0058122091	-0.1000396309	-0.1159469812	0.0967420491	-0.1023775442	0.0009657199000000001	0.0523113928	0.07466250719999999	0.0844424175	0.0128440305	-0.0046151335	-0.042502802199999995	-0.051854104299999995	-0.042100547800000006	0.00045488099999999997	0.0672602128	-0.0524321658	0.0393629859	0.0003714611	0.0440971208	0.029768653	-0.06311581969999999	-0.1110029388	-0.1552671747	-0.0739688245	-0.0018881664	0.125133986	0.0258011471	0.0032990534000000003	-0.1152779224	-0.0094103552	-0.10049850619999999	-0.0980704924	0.0324683857	-0.0677611332	0.0356839915	0.047346383799999996	-0.016609131699999998	0.0131052641	-0.0466749107	-0.1210889975	0.020248396499999998	-0.0076245684	0.0026679268	-0.0187708113	-0.1063368986	-0.0342096963	-0.0512069044	0.002525038	0.0469064372	0.0174622603	0.04722500650000002	-0.0094508697	-0.0485703553	0.1090997026	0.0247290717	0.059354049299999996	0.0178122435	-0.0783982262	-0.0022580711	-0.0175999931	-0.112103945	0.0994649288	-0.0319771723	-0.0749592531	-0.055292305	-0.12011031429999999	0.1669471039	0.0202076178	-0.0297625009	-0.0185430398	-0.0257527416	-0.0876868076	-0.0754708807	-0.061786656100000004	0.0199123791	-0.1635111667	0.0281515327	-0.049858064900000006	-0.11035701939999999	0.0171075602	0.1618283136	-0.0108156704	-0.043201996500000006	-0.0513508096	0.0388478688	0.0269106846	-0.0220073262	-0.020551184099999998	0.0709300471	-0.1114745517	0.1484021486	-0.0116137764	0.0151121436	0.0068766845	-0.0140643123	0.0447299302	0.0929577902	-0.009599837	-0.0624957013	0.08346583219999999	-0.1851384432	-0.0885718001	-0.0584799002	0.0382209163	0.0911580391	0.10555331960000001	-0.06187347150000001	-0.028908120099999997	0.0965565993	-0.00146137	-0.00387832	2.1356022769e-06	1.50413660224e-05	0.0385733	-0.014643699999999997	0.00021443794968999987	0.00148789947289	0.142371	0.00972300000000001	0.020269501641	9.453672900000018e-05	-0.000943292	0.0	8.89799797264e-07	0.0	6.90264e-05	-0.0001538826	4.76464389696e-09	2.3679854582760002e-08	-0.000100816	-5.6764000000000014e-05	1.0163865856e-08	3.222151696000001e-09	0.0	0.0	0.0
8660.824925569455	11.625061540822573	75009888.39136517	135.14205582791206	10482.22146474285	25.994944947362452	675.7371628164049	109876966.83591574	6365.0804177319715	-1.6171973234349937	40514248.72419501	2.615327182925306	6417.589052335253	10346.50894651831	1.002232	36.081818	0.03714731	0.025997500000000003	0.044416008300000004	0.0329759351	-0.0973853587	-0.0499576959	0.025172073399999998	0.011613803300000001	0.1312803928	-0.0202300565	0.010509383600000002	0.0351439721	-0.005780616	0.0089003517	-0.0020590704000000002	0.044872151299999996	0.0717168964	-0.028136187599999998	0.10988527869999999	-0.0739871669	-0.010598949199999999	0.0539431122	0.0627293136	-0.0825490352	0.061698538399999996	0.0094248052	0.0471194575	-0.014452566100000001	0.0345217953	-0.0740831235	0.1140842416	-0.0107867751	-0.031121070600000002	0.0163886779	-0.0685963465	0.0110053184	0.06718028849999999	-0.023281982599999997	-0.1039193348	0.1398186904	0.0093215783	0.0408387163	-0.0979592144	0.050719867	-0.007241275500000002	-0.053375194800000005	-0.055399900999999994	-0.00056933	0.0218780535	0.045592025700000004	-0.1152032651	-0.0642394869	0.005420729	-0.011067498	0.0027101192	0.0145075075	0.0994395209	-0.00041130690000000004	-0.0313546703	-0.0183165002	0.0881235985	-0.0894260671	-0.1221285199	0.04100404	-0.0946887328	-0.004272520300000001	0.0297578861	-0.031123070899999997	0.059723042999999996	0.095656381	-0.062933723	-0.030863105099999996	-0.048311106799999996	0.0258901167	0.0189980811	-0.0728266762	-0.042449306799999996	0.0124991818	0.0352307954	-0.0619420753	-0.1016286492	-0.032398021	-0.0322656122	-0.071886995	-0.0048387475	0.0255189163	0.0266118578	-0.1445983719	-0.0167043398	-0.0690712465	0.0612195775	-0.0811466174	-0.0967031267	0.17966590870000002	-0.0098559913	-0.0273584985	-0.0533325922	-0.0111938112	0.13900153210000002	0.0938702362	0.0015010845000000001	0.0770044775	-0.0053381059	0.0444912654	-0.0950605933	-0.0941365741	0.0062245751	-0.0350017434	0.0446016584	-0.026636211899999998	0.0204602227	-0.056823212699999986	0.013939053100000001	0.0182924454	-0.1037703675	0.09890730060000001	-0.0269787794	0.006478671899999999	-0.023300290699999997	0.0317627699	0.1071579191	0.0754822029	0.07474048929999999	0.0561608144	0.0208526025	0.11601015890000001	-0.059214025199999985	0.0108487876	-0.0054238554	0.0514516532	0.0198332547	-0.0521983416	-0.0286621431	0.09098976019999999	-0.0443407913	0.0369782549	-0.15447083179999999	0.0742091891	-0.016900901200000002	-0.0163692042	0.0611552342	0.024440285699999998	-0.0895340669	-0.0600836289	0.0147246183	-0.0260705422	-0.0108069528	0.027358420499999998	-0.0478129095	-0.0834882825	-0.0111565685	0.0329938324	0.0984823722	-0.0341830481	-0.0411942778	-0.0649012462	-0.1006858897	0.0683664447	-0.0455457878	-0.0605070273	0.0294860273	-0.0581209927	0.0821073805	-0.006580292	-0.043777559800000004	0.030698138700000002	0.11748165949999999	0.1140826517	0.0667103768	-0.005840481999999999	-0.1722144275	0.0409330131	-0.0169401016	0.0711192207	-0.0642198487	-0.035785382000000004	-0.0091060057	-0.0632437699	-0.0255836209	0.09461804380000001	-0.00164897	-0.00018759999999999998	2.7191020609e-06	3.519376e-08	0.060957400000000016	0.02238410000000001	0.0005010479328100005	0.003715804614760001	0.129176	-0.013195000000000012	0.016686438975999997	0.00017410802500000033	-0.000943292	0.0	8.89799797264e-07	0.0	6.10455e-05	-7.980899999999997e-06	3.726553070250001e-09	6.369476480999995e-11	-8.118469999999998e-05	1.9631300000000023e-05	6.590955514089997e-09	3.853879396900009e-10	0.0	0.0	0.0
8666.019184088322	5.194258518866262	75099888.49898683	26.980321560814748	10514.946270557735	32.724805814885265	1070.9129156219478	110564095.07271604	6369.79530608467	4.714888352698836	40574292.2414183	22.230172178415145	6426.244322771574	10465.441427915197	1.008387	36.303421	0.03380078999999999	0.023959	0.06185906240000001	0.0613050562	-0.06683398410000001	0.09074896310000001	0.0180153109	-0.0796990033	-0.0289538808	-0.0903691116	-0.0015923233	0.0598727516	-0.067065149	0.07192599969999999	0.0071807227	-0.0471233401	-0.0054589764	-0.0417832683	-0.06165071690000001	0.0037770753	-0.0103488337	0.0250540288	0.09704301060000001	0.0326047279	0.055796741600000005	-0.1314650017	-0.06432199940000001	0.0163235592	0.0365652867	0.011219834	-0.0210141077	-0.1212324442	-0.0183936894	0.0154761007	-0.0033718939000000002	0.0792643286	-0.0193352889	0.014770008999999999	-0.0482208183	0.06879304509999999	-0.012532922	-0.0461876653	-0.0112171534	-0.0432037461	-0.0853797669	0.0221758069	-0.046682765700000003	0.0331340741	-0.0487488109	0.11931805390000001	0.023079234599999998	-0.053236234199999996	0.045152942599999996	0.0401003759	0.0676602099	-0.1576127043	0.0520598714	-0.052345328899999995	0.0412449802	0.0749809767	-0.062130988	0.0850855481	-0.058670099	0.0197220442	-0.0162703875	-0.0763193507	-0.0245393488	0.0010449888	0.1346580471	-0.08137343429999999	0.010270281899999999	0.039565296800000004	-0.0514612949	0.0757437518	0.1018316999	-0.034270739	0.0233709953	-0.0217555366	0.012770058400000001	-0.006679602299999999	0.0884528266	-0.1456617852	0.0925032879	0.010960381200000001	0.0088308945	-0.067001751	0.043755228	0.0613853193	-0.0761002685	-0.016804269	-0.0722696007	0.1339297262	0.10236715800000001	0.055741426	0.0043519143	0.0540468719	-0.0212198869	0.013419634	0.010106371099999999	-0.015080501599999999	-0.0573977373	0.047090678600000005	-0.0847277003	0.0391981073	0.0608149581	-0.045641096299999996	-0.09980426810000001	-0.0210832338	0.030258931099999997	-0.0168834745	-0.1034689442	0.0434969708	0.026633940699999997	0.0187780163	-0.051951077199999994	0.0054874352	-0.0384359251	-0.032843974500000005	-0.0007283331	-0.0207762438	0.030213080899999998	-0.0382509465	0.0947616589	0.0546298874	-0.1024676368	0.0711793072	0.07518402889999999	0.0054838391	-0.0554609462	-0.052735078399999996	0.1114168495	0.0248290158	0.0363330171	-0.0098655914	-0.0011466743	-0.0333187671	-0.023154041299999997	0.0011328551	-0.0225142943	0.021899686499999998	0.0357016094	-0.0002330867	0.050855876900000006	-0.0427431889	0.0662810982	0.0873431541	-0.0878702325	0.0924012529	-0.1202242075	-0.0517952832	0.0150164934	-0.0593733017	-0.0763747186	-0.0094075341	0.0847273889	0.0313856105	-0.0070011857999999995	-0.1429723533	0.0101597287	-0.1121164473	0.025386040099999996	-0.10462533199999999	-0.0734391712	0.059323306900000004	0.10379942939999999	0.020440391699999998	-0.0259408776	-0.0403127847	0.023761672999999997	0.0042492362	-0.039220411600000005	0.0653572504	0.0187612984	0.014490338500000003	0.1207477711	-0.0672331104	0.0473621879	-0.0645964082	-0.0222305481	0.0924417442	0.00064653	0.0022955	4.180010409e-07	5.269320249999998e-06	0.037721	-0.023236400000000008	0.0005399302849600006	0.0014228738409999995	0.131853	0.0026770000000000127	0.017385213609	7.166329000000067e-06	-0.000943292	0.0	8.89799797264e-07	0.0	0.000151962	9.09165e-05	2.3092449444000003e-08	8.265809972250001e-09	-0.000102106	-2.0921300000000023e-05	1.0425635236e-08	4.3770079369000086e-10	0.0	0.0	0.0
8654.375295455362	-11.643888632959714	74898211.75458808	135.5801424967685	10487.176247699499	-27.770022858236192	771.1741695469605	109980865.65031254	6363.850572873501	-5.944733211169478	40498594.11386239	35.33985295198137	6417.463667351187	10449.56420179364	1.042825	37.543213	0.05235185500000001	0.032082	0.0691167054	0.061339044	0.04861507599999999	0.01992797	-0.0798344404	0.0069255211	-0.053263482300000005	0.0097313443	-0.0869479524	0.0811615155	0.0475034412	-0.0318606589	-0.0365085623	0.0144697734	0.0369879132	0.022187158399999997	0.021591104	-0.0393140878	-0.05779231980000001	0.093636785	0.203534658	-0.0089011273	0.08356400280000001	-0.0513850603	-0.014825543799999999	0.031012213900000002	0.030833921099999998	-0.0372106042	-0.0903855869	-0.0145514697	0.0546027977	-0.0569788543	-0.0050006916	-0.0744596193	0.0646483212	-0.0085747954	-0.09148024099999999	0.0915023426	0.042299412800000005	-0.0296670681	-0.06690357150000001	-0.0794971092	0.0506948121	0.0161715752	0.1498157578	0.17452323460000002	-0.0330192745	0.0354042507	-0.015643238400000002	-0.0236334927	-0.0112938705	-0.1499626354	0.052421672999999995	-0.0627224686	0.0352671171	0.021104334199999998	-0.1351199816	-0.0524999284	-0.0320416247	0.0430747209	-0.0111852372	0.046326619900000005	0.0758397406	0.0717843459	-0.040826396699999996	-0.072245712	-0.0719302965	0.0273961216	0.0381868796	0.06081492650000001	-0.0263893392	-0.1134988475	0.1014410915	0.090343325	0.0765232774	-0.0681201379	-0.1371756831	0.151367366	-0.0069888004	0.0972151324	0.1370489533	-0.0159109734	-0.0407562419	-0.0200037821	0.086315584	-0.1126839974	-0.0121325525	-0.0007770081	0.044593925	0.028221039399999998	0.0145620827	-0.0384650944	0.0880783331	-0.0171592918	-0.06291679830000001	0.07248286570000001	-0.15578855	0.0284609639	-0.0214389471	-0.0871235879	-0.0448213425	0.0357845987	-0.00035624580000000004	0.1004260501	-0.0238261479	0.041920725	0.0325009698	-0.0334684503	0.0564515579	-0.0352701309	0.0158045925	0.0535096886	-0.11834928900000001	0.0680486558	-0.0147917921	-0.054578292199999996	0.0729807862	-0.0562943688	0.1463297718	-0.0888366275	-0.0103010051	-0.08923323429999999	0.0115314306	-0.04103433	-0.0943117583	-0.0024298609	0.011221694499999999	-0.0947930167	0.1249945714	0.015759393899999998	0.006448412	0.1248395139	0.054394716399999994	-0.0174660891	0.0836645037	0.0981925984	-0.042290856200000004	-0.0097565933	-0.0646143348	0.0155639109	-0.0714606166	0.0696826517	-0.1106303042	-0.010679111000000002	0.015339535500000001	-0.0701303287	-0.025835665	0.0787129186	0.0896200689	-0.0039594117	-0.0936539344	0.10498559269999999	0.0279887502	0.0146874088	0.0829803772	0.09424744369999999	0.0673655754	-0.058248091399999986	0.0061913137	-0.1109928832	0.0062162094	-0.0181405773	-0.0576941296	-0.0585677724	-0.0965937825	0.009492146199999999	0.075898664	-0.0419531306	-0.0350344825	0.06407018540000001	0.0444937599	-0.0579082562	-0.051337935599999995	0.0492531074	0.0317367051	-0.0659310088	-0.0188526465	0.09003316900000001	-0.00163986	-0.00228639	2.6891408196e-06	5.2275792321000005e-06	0.06527230000000002	0.027551300000000018	0.0007590741316900012	0.004260473147290002	0.116352	-0.015501	0.013537787904	0.00024028100100000004	-0.000943292	0.0	8.89799797264e-07	0.0	7.385449999999998e-05	-7.810750000000002e-05	5.454487170249997e-09	6.100781556250004e-09	-3.99502e-05	6.215579999999999e-05	1.5960184800400005e-09	3.8633434736399996e-09	0.0	0.0	0.0
8645.311777248058	-9.063518207303787	74741415.72582398	82.14736229412725	10489.651609678593	2.475361979093577	6.127416927542073	110032790.89243267	6364.99979313009	1.149220256589615	40513222.366546094	1.3207071981559009	6418.924620965549	10456.653871527249	1.031808	37.146584	0.046559548	0.0305215	0.0786528904	0.0302401852	-0.0090149153	-0.1054950235	-0.011058944199999999	0.040356275899999995	0.0417686953	0.0512310837	-0.0763548552	0.0740224338	-0.050205616200000004	0.081608538	-0.0851324774	-0.0706413425	-0.0195896129	0.0252616898	-0.131291082	-0.0504187546	-0.00484213	0.006043310200000001	0.09784785630000001	0.0065321518	0.1697417272	-0.048102030899999995	-0.08655211039999999	-0.0510437931	0.0162426461	-0.0752165355	0.0057091463	0.07171445559999999	0.0261456919	-0.0290415579	-0.07250434509999999	0.12393657359999999	0.0375077486	0.044574563600000006	-0.039885064399999996	0.0114660707	0.031277968999999996	-0.1053445133	0.054299468	-0.06812955820000001	-0.024617409700000002	-0.0502590308	0.0179894489	0.0477603024	0.000958863	-0.0089581623	-0.0006062898	0.0178738526	-0.0637023952	-0.0353793909	-0.0606698251	-0.022607332799999998	-0.0999521708	-0.07800267400000001	-0.0714852804	-0.051946060999999995	-0.1389664543	-0.0850711161	-0.037534222799999996	0.1472776558	-0.0066723584	-0.0656370491	0.09632915339999999	0.08930728130000001	-0.008567156	-0.0460064628	-0.138197269	0.10943821880000001	-0.0711802892	0.010531531299999999	0.11164692179999999	-0.0863101131	0.0345556786	-0.046789629699999995	0.045347726	-0.0364592906	0.0866500249	-0.035453192599999996	0.0814434448	0.1386831928	-0.0579128871	-0.09209386039999999	0.0368038159	-0.0579024408	-0.06885682230000001	-0.0716522995	-0.0205881521	-0.040098321400000005	-0.0532931353	0.0380236106	-0.0315242602	0.1199888101	0.15178953439999998	-0.028841771699999998	-0.04499868480000002	0.006521849000000001	-0.134921899	-0.085858379	-0.173760374	0.0223806229	-0.0632026915	0.0204808899	0.06594560669999999	0.0019236655	0.052579815599999996	-0.0892110901	-0.10568633300000001	0.017777430900000002	0.0512198159	0.0547097145	-0.0153941276	-0.010645474299999999	-0.029625862599999997	-0.1405497542	-0.0148902076	-0.0723161687	0.0008186653999999999	0.010673671000000001	-0.0104162177	0.0016050410999999998	-0.0408239292	0.0023244666	-0.0567249592	0.0088773449	-0.044953127999999995	0.0406503895	-0.0158867564	0.1613709834	-0.0878599132	0.071584948	-0.033274787	0.0278403872	0.036650211	0.0889243039	-0.0747876665	-0.008865493	0.1461311958	-0.0383440316	-0.034169831	-0.051814117699999995	0.11283723779999999	-0.0432203658	-0.0641591033	0.11977672730000001	0.0035919678999999996	0.1386463588	0.028833849900000007	-0.0827868952	-0.018938643300000002	0.024650905	-0.0407430338	0.0992539281	0.0653158945	-0.1333124617	-0.014795086399999999	-0.0014418235999999998	0.137989258	-0.13758302460000002	0.0453818377	-0.1246737534	0.0596629941	-0.0631518299	-0.0262586908	0.017656691699999998	-0.00111706	0.0735241172	0.015870756399999998	-0.0534393721	-0.027300368	0.018464749	0.170076599	0.0604216261	-0.0018255413	-0.06724719900000001	-0.015453689	0.0873983701	-0.0005150619999999999	0.001124798	2.6528886384399995e-07	1.2651705408040001e-06	0.0382653	-0.027007000000000017	0.0007293780490000009	0.00146423318409	0.130216	0.013864	0.016956206656	0.00019221049600000006	-0.000883662	5.9629999999999976e-05	7.808585302439999e-07	3.555736899999996e-09	7.44197e-05	5.652000000000196e-07	5.5382917480899995e-09	3.194510400000221e-13	-7.103e-05	-3.10798e-05	5.0452609e-09	9.659539680400002e-10	0.0	0.0	0.0
8644.855388426346	-0.4563888217126078	74733524.68680403	0.20829075658422247	10530.493903746355	40.84229406776285	1668.0929847176167	110891301.85683917	6362.638574480046	-2.3612186500440657	40483169.62946148	5.575353513315919	6416.87339508353	10249.695003372864	1.035316	37.2729	0.058720557000000013	0.034869300000000006	0.0422299291	0.002340099	-0.07737578980000001	-0.0319303263	0.0698881657	-0.0443766778	0.1221025193	-0.061755338099999994	-0.038273857599999996	0.025864281	0.0682691588	0.0905795023	0.008218006600000001	0.011275521	0.029279559	0.0123643543	0.0826731076	-0.0282340979	-0.059991863	-0.0031027672	0.08512672630000001	-0.028764231600000002	0.0736524356	0.0076619225	-0.0513409014	0.046880338099999995	0.0158622575	-0.0831960919	0.0726016303	-0.0687147652	-0.0187998235	-0.013705503	-0.0100403338	-0.0161620338	0.072501339	0.0337297072	0.0330240361	0.0605754747	0.0067717498	-0.07206333200000001	0.1015318709	0.0181404697	-0.050866887	0.0560530403	-0.0884181491	-0.0281161477	-0.11302213970000001	-0.0005495556	-0.1002988525	0.0750099684	0.0929325258	0.10272874800000001	0.0731995425	0.1056947174	-0.0628003833	-0.21195900489999997	-0.1450487151	-0.0196128782	0.1431917852	-0.011562761999999999	0.0348953141	0.0140562925	0.0808839736	0.0294871113	-0.0856737261	-0.0316907488	0.0316074437	-0.0583410882	0.047098918899999995	0.11460398890000001	0.035109497999999996	-0.025722529700000003	0.043241888799999996	0.037577826099999996	0.1257524999	0.0072264203	-0.026221418700000002	0.031356560299999996	0.07461239230000001	-0.1066457947	-0.0363928925	-0.11134368119999999	-0.052228343600000005	-0.1103860643	-0.0751163269	0.07153901	-0.1456573209	0.10404125980000001	-0.0347089443	0.0897527284	0.1117767519	-0.0738855108	0.014230815700000001	0.0446786262	-0.0226322704	0.0169730596	0.0960752681	0.0716143651	0.013442273000000001	-0.0421714634	0.1178815241	0.024643272400000003	-0.0693105453	-0.0730042137	-0.0505179168	-0.0122166064	0.0491568219	-0.009667855999999999	0.0059955588	-0.0259365661	-0.051841146500000004	0.04879204349999999	-0.0082642774	0.1064349775	0.0032454490999999997	-0.04656876769999999	0.046115417	-0.1285614091	-0.1035162157	-0.10876581710000001	-0.0793809205	0.12339190359999999	0.0509625738	0.0507716371	-0.0899645818	0.1136986947	-0.140727746	0.0183839399	-0.1394470551	-0.08481298640000001	0.0784607674	0.0542534421	-0.16982756350000006	-0.07878999469999999	-0.0322385829	-0.011556013700000001	0.0240528236	0.0670938587	-0.1290745232	0.051624682000000005	-0.010068388900000001	0.013149538300000001	-0.032187438	0.0356530334	0.0608902392	-0.0026470064	-0.09142342960000001	0.1186629923	-0.0048457871	0.052220546900000005	-0.1710862944	-0.12094979789999999	0.09635320509999999	0.0775787357	0.09185690449999999	0.0264421103	-0.052431011500000006	-0.0557468134	-0.0235632022	-0.0189936259	-0.095591535	0.09436599289999999	0.18083432359999999	-0.08931665550000001	0.0403155951	-0.1329038926	-0.0588951313	-0.0383795551	0.0315347174	-0.0333902066	-0.0308410427	0.0398380863	-0.0594505424	-0.1061309907	-0.0703689181	-0.0685446113	-0.0120374717	0.08454396789999999	0.00227044	0.002785502	5.1548977936e-06	7.759021392003997e-06	0.0696344	0.0313691	0.0009840204348099998	0.00484894966336	0.117694	-0.012521999999999991	0.013851877636	0.00015680048399999982	-0.0008183519999999997	6.531000000000028e-05	6.696999959039995e-07	4.265396100000037e-09	0.000222909	0.00014848930000000002	4.9688422281e-08	2.2049072214490005e-08	-4.395020000000001e-05	2.70798e-05	1.9316200800400003e-09	7.333155680399999e-10	0.0	0.0	0.0
8657.788740283235	12.933351856889205	74957305.87137516	167.2715902540994	10528.14432470239	-2.3495790439646957	5.520521683838052	110841822.92176317	6365.100262809025	2.461688328978198	40514501.35561151	6.059909429027472	6421.938989580141	10383.550107555673	1.01139	36.411533	0.05044678600000002	0.0331048	0.0673991696	0.0205617775	-0.021450184599999998	0.08696367099999999	0.0375035507	-0.0836350852	-0.05975785400000001	-0.0870442199	-0.0925403675	0.055614194299999996	0.017719537	0.0993388365	-0.09287531880000001	0.049652044400000005	-0.018858700000000003	0.0200644364	-0.0389508809	0.0088774072	0.0353325125	0.0061698663	0.0793104249	-0.0470427366	0.09000385779999999	-0.0750761635	-0.0655564019	0.1588934474	0.025236510499999996	-0.0008759646000000001	-0.011833063000000001	-0.0989053493	0.0137144384	0.0218276347	0.0080219474	0.0205920816	-0.0660508857	-0.0080173402	-0.0835905955	-0.0913866125	0.1122694439	0.0158745477	-0.0879200608	-0.22295919879999998	0.0750751753	0.1814145678	-0.0296472213	-0.132170205	-0.0524096347	0.02078738	0.010935788799999999	-0.07686245059999999	0.0321493808	0.0635813449	-0.03124193	0.1076876302	0.052170643499999995	-0.06357533679999999	-0.1517235906	0.0752852606	0.0315752762	0.0792603893	-0.0197185852	-0.0163942823	0.061610195	0.0245066831	-0.0633461063	-0.1287979705	-0.1898187161	0.0357294803	-0.0294877173	-0.0677918293	0.118976001	-0.052176071100000006	0.1330605728	-0.08109370980000001	0.0038347457	0.0185881681	0.0113065219	-0.11838385230000001	-0.0537408493	0.0058859317	-0.08842876960000001	-0.1096904191	-0.0234425453	0.0967768075	0.0142081853	-0.0952381886	-0.031922886	-0.10437023470000001	-0.07801689269999999	0.038758574	-0.0173273013	0.029056069599999998	0.0999505428	0.0769470136	-0.1533324095	0.0901964026	0.0682475013	0.06284157480000001	-0.0027836885999999996	0.0840724931	-0.0205988177	0.0262734043	0.0506365494	-0.014993125800000003	-0.08589610869999999	0.0254884481	0.0409795969	0.0122029197	-0.0347524594	0.0614446274	0.12908674650000002	0.004053677	-0.0609620864	-0.11950885189999999	0.0638279018	-0.1406836084	0.0534219076	0.1060563453	0.028490551800000007	-0.1657407428	0.0131524744	0.0990971878	-0.0340457178	-0.0333791146	0.0506787978	-0.0151467142	0.0834066408	0.027298529199999998	-0.12565700789999998	-0.0849761116	-0.0378290146	0.0486998337	-0.1018559141	-0.15479635460000002	0.0175720999	0.0641423638	0.0479893787	0.09889399509999999	-0.0773789718	0.0068174817	-0.061655095599999994	0.0480256388	-0.15949389960000002	-0.1073160306	0.0650402788	0.0014527802	0.1011873492	-0.08916528480000001	0.10624002560000001	-0.1137923979	0.0170222846	-0.0483038772	0.07859695309999999	0.0829722907	-0.1120985756	0.1314882591	-0.1110447929	0.012226032099999999	0.0829812906	-0.0133319982	0.0680652183	0.1133836522	-0.0831616363	0.045892776100000005	0.1008317675	-0.10090983199999999	-0.008336158	-0.07786508610000001	-0.0722851479	0.17741100510000002	-0.09824799640000001	0.0768564312	0.0500211342	-0.0164808948	-0.0371527334	-0.0698228833	-0.00860781	0.0814771345	-0.000163121	-0.002433561	2.6608460641e-08	5.922219140721e-06	0.0382671	-0.0313673	0.00098390750929	0.00146437094241	0.120703	0.003008999999999984	0.014569214208999997	9.054080999999903e-06	-0.000765853	5.249899999999969e-05	5.865308176090001e-07	2.7561450009999674e-09	3.22536e-05	-0.0001906554	1.0402947129599999e-09	3.6349481549159995e-08	-7.35343e-05	-2.9584099999999993e-05	5.40729327649e-09	8.752189728099996e-10	0.0	0.0	0.0
8654.154724255277	-3.634016027957841	74894393.99134994	13.206072491454488	10492.815151983808	-35.329172718582406	1248.150444979428	110099169.813701	6358.488887654551	-6.611375154473535	40430380.93442641	43.71028143318996	6411.876207533808	10413.559147818543	1.016973	36.61253	0.029971941	0.0174949	0.0906138586	0.024979223300000002	0.0720674934	0.0169805329	-0.054183710499999996	0.0105353664	-0.039255202	0.0092004328	-0.1455223801	0.0706664341	0.0820260226	0.059252265199999994	0.0679148304	-0.021385456	0.0349826565	0.0049547658	0.0936182973	0.0035841789000000002	-0.0336133311	0.0858692665	0.1101832817	-0.1257638237	-0.0041487168	-0.1307654956	0.0362098777	0.0156749146	-0.0095468349	-0.0861464082	-0.1027545374	0.005252963100000001	0.0505943326	-0.011002582	0.0497691864	-0.0222797977	0.09379876779999999	0.0336720684	0.006398841	-0.0092783575	-0.0153987159	0.1067427821	0.044924688	0.033437429	-0.0526181344	-0.0080796664	0.0652348949	0.0771117558	-0.023798918999999998	0.056991306900000004	0.14943777460000002	-0.0111606491	-0.057224868	-0.0974971372	-0.0697488278	0.009577742700000001	-0.0884000097	-0.042987296200000004	-0.0033853676	0.0392722475	-0.06078113860000001	-0.1367015657	0.1249316182	0.0070493024	0.029409593300000002	0.0359995098	-0.062158355	0.0066544101	-0.0143727253	0.0009236141	-0.0830604655	-0.08586423779999999	0.0210907763	0.038578544900000004	-0.0656544581	-0.149623413	0.0722458397	0.1260800308	-0.0884278631	-0.1350317309	0.033994679900000005	-0.1318716298	0.0466384154	-0.058714992800000004	0.1004052891	-0.084321311	0.108199426	-0.0282704275	0.1179055025	-0.0148664926	-0.0720104096	0.0023603954	-0.028045011600000003	-0.043541135700000004	0.010743809299999999	-0.0523540468	-0.0113844174	-0.0537789003	0.053044473700000004	0.1462238588	0.1489972795	-0.06813403950000001	0.0298339515	-0.0005717837	-0.0418480745	0.1254069251	-0.041265559199999996	0.046946489699999996	0.0429001315	0.020975586	-0.0104225989	-0.0756691792	-0.05695678780000001	0.0500094522	-0.027881995899999998	0.014494228	0.025678027200000002	0.052954691799999995	-0.0004078516	-0.0463390866	-0.0042431516999999995	-0.0347197004	-0.0207633546	-0.068221642	-0.13472673710000002	-0.0945855865	-0.1325723211	0.0166777169	0.0367986249	-0.0708834989	-0.0031310866999999997	0.20970243239999997	-0.0661954904	0.0001076238	-0.0888021692	0.04816556650000002	0.0609665042	-0.0642690036	-0.0382720092	-0.046232822400000005	-0.000838098	0.013181459599999999	0.0063011097999999995	-0.0345541173	0.0668415594	-0.0099977429	-0.051863813499999994	0.0555630922	0.1643922838	-0.1019377793	-0.050672166100000006	0.0683453875	-0.040176660499999996	-0.1375616022	0.073032876	0.0024249102	-0.0675130367	0.0426326417	-0.009828385	-0.1275892812	0.031835514100000004	0.06315769780000001	0.0649567179	-0.021156818799999998	0.0400537126	-0.0168705495	-0.0477288234	0.0486327383	-0.0103896494	-0.08140364650000001	-0.011022708999999999	0.12985038470000002	0.0557663861	-0.038220523900000004	0.014391360800000001	0.1237150672	0.024370485299999998	-0.0710816581	-0.0051685346	0.0782055759	0.00250849	0.002671611	6.2925220801e-06	7.137505335321e-06	0.0523895	0.014122399999999998	0.00019944218176	0.00274465971025	0.120743	4.000000000001225e-05	0.014578872049	1.6000000000009799e-09	-0.0007232169999999997	4.26360000000003e-05	5.230428290889996e-07	1.8178284960000255e-09	0.000222909	0.0001906554	4.9688422281e-08	3.6349481549159995e-08	-4.40671e-05	2.9467199999999995e-05	1.9419093024100004e-09	8.683158758399997e-10	0.0	0.0	0.0
8651.281089215465	-2.8736350398121426	74844664.48461711	8.257778342036136	10502.03634412748	9.221192143670123	85.03038455048359	110292767.37337445	6362.273837501397	3.784949846845848	40478528.38335475	14.325845343138404	6415.342570451117	10514.163385959358	1.035921	37.29467800000001	0.052220254999999986	0.0263723	0.1212342885	0.0016853594000000001	-0.006759245600000001	-0.0993304665	0.0091362118	0.028253492999999998	0.0531747308	0.0565806393	-0.1174465725	0.04948359099999999	-0.022628497	0.09583658839999999	-0.0881821528	-0.05827097110000001	-0.0717995291	0.0028337704	-0.1365184821	-0.033555429399999996	0.0422002215	0.0333025451	0.07030544059999999	-0.0902404799	0.0816725874	-0.0512214213	-0.0658647016	-0.08980170960000003	0.0092369707	-0.0958875666	0.0310002098	0.047980815	0.0565541783	-0.013333448700000002	-0.0443019504	0.0867541468	-0.0093419644	0.0012027213	0.0362363465	-0.0832481666	0.0178274243	-0.046635824400000005	-0.104736524	-0.20648480309999998	0.10056502560000001	0.07320917	0.14687695380000002	0.0456647119	0.030779086	-0.0412427687	0.10125946300000001	0.0079594973	-0.0353571223	0.0470697956	0.048931286	0.0418169525	0.08730274630000001	-0.030836699199999998	-0.0035978914000000008	0.0483829967	-0.013462128200000001	0.0299318682	0.019892868600000002	0.06440437639999999	-0.0442449341	0.06662821440000001	0.0384060288	-0.061298679	0.0873823581	0.0188033525	0.0081927641	0.04976990110000002	-0.0513436772	0.0043397275	-0.0878599765	-0.0952329245	-0.0258638754	-0.0606909929	0.014182019799999999	-0.0410454172	-0.0512839747	-0.0009647091	-0.035556640099999995	-0.0334192813	0.054731005199999995	-0.0932490931	-0.0470531412	0.0742647914	0.0089980776	-0.0909334596	-0.0064339553	-0.049379922400000005	0.098233569	-0.17205259190000002	0.010817338999999999	-0.010995276799999999	0.092856213	-0.1041074092	0.10206314720000001	-0.0633636103	0.0059738147999999994	-0.129087633	0.0438956511	0.0201044405	-0.0956398942	0.003536042800000001	0.0384304745	0.031915947400000005	0.0652593163	-0.058066676	-0.07785502379999999	0.0383450014	0.056934484699999996	-0.021085256099999998	-0.0054394876	-0.11578855119999999	-0.0204989104	-0.1560187695	0.035357284100000004	0.060840505	0.0831320456	-0.077258696	-0.06707469190000001	-0.052156437699999995	0.0238405221	-0.138560396	0.0384371651	-0.01814376	0.0347769298	-0.0223808634	0.012472926499999999	-0.06990534400000001	-0.0396299564	-0.0120238877	-0.0082633608	-0.10049446710000001	0.027057913	0.0118399937	-0.105895573	0.0268189798	0.0093580551	-0.10996909789999999	-0.08738132720000001	0.0086709616	0.07129192349999999	0.08975336769999999	-0.0034118816999999997	0.0018027227	0.0246297935	0.0012231111	-0.061549839400000014	-0.017795947	-0.08645545869999999	-0.0971154974	0.005317994699999999	-0.1153575596	-0.0382947349	0.0407125562	0.0357168942	-0.052040790700000006	0.0368841197	0.10243003029999999	-0.070547137	0.0799566869	-0.027163542000000002	-0.1821455618	-0.049497342199999995	-0.045175937400000005	-0.035686957000000005	0.12254846960000006	0.0230573414	-0.0817259742	-0.0693740919	0.0056504026	-0.0087446367	0.0109045472	-0.05785067660000001	-0.07232058429999999	-0.0017234865	0.0747375124	0.00455825	0.00204976	2.07776430625e-05	4.2015160576e-06	0.0330858	-0.0193037	0.00037263283369	0.0010946701616399998	0.132655	0.011911999999999992	0.017597349025	0.0001418957439999998	-0.000519905	0.00020331199999999976	2.70301209025e-07	4.13357693439999e-08	0.000222909	0.0	4.9688422281e-08	0.0	-0.000219851	-0.00017578389999999998	4.8334462201e-08	3.0899979499209993e-08	0.0	0.0	0.0
8645.656628130047	-5.624461085417352	74747378.53152902	31.63456250137413	10536.550504483132	34.514160355653075	1191.2272650557345	111018896.53352374	6361.923594166472	-0.3502433349249259	40474071.81801205	0.1226703936593338	6418.233608157164	10427.2990616902	1.027275	36.983406	0.055374789999999986	0.0401536	0.1008388353	-0.0083221952	-0.0547621832	0.0177871606	0.1157294531	-0.070500675	0.0718321462	-0.0858896366	-0.057008725	-0.013929861100000001	0.0723484363	0.06496917940000001	0.0019084533	-0.056714929000000004	0.030218158999999998	0.0869825578	0.0195503616	-0.0100118055	-0.0203134359	0.0812150794	0.0190254264	-0.1363666859	-0.0080489788	0.1330498737	-0.1136828716	-0.0948754317	0.008418837299999999	-0.053269033	0.026876087400000002	-0.1030538842	0.0002471189	0.066398263	-0.010398892	0.007277133299999999	0.0537142849	0.014851248899999999	0.004467355399999999	0.0556462713	-0.0962879012	0.0750854983	0.0171285282	-0.0299912152	-0.0552866141	-0.0506679661	-0.0022511065	0.050737368	0.0243303441	0.20567144329999998	-0.0179456894	0.0395640946	0.0453055863	-0.1520425761	-0.0063063839	0.10031709330000001	-0.031497804	-0.1474677211	0.0669511705	-0.0118313723	-0.0633670859	-0.0452784468	0.0802635322	0.003182455	-0.055099940099999994	-0.051114262199999996	0.0260522852	-0.051362791	0.1150988803	-0.013785688600000002	-0.13806231060000002	-0.0289257052	0.0632559289	0.06965739650000001	0.0523923351	-0.1022534361	-0.030475332200000007	-0.0495477515	-0.0881365858	0.09120902730000001	0.07240966110000001	0.0502412412	0.0600286219	0.0064573075	-0.0380269309	-0.0487063416	-0.0398204593	0.0144862	-0.0648709754	-0.030571732400000006	0.030541239700000007	0.044393681	-0.011704971100000001	-0.1242471993	0.0865193116	-0.1389476233	0.0419304989	-0.0596992451	0.09666318189999999	0.088721515	0.0528240454	0.2266598684	0.1338305004	0.0137537079	-0.014036657900000001	-0.08218597700000001	-0.0871464803	0.000730113	0.0943852267	0.0121019197	-0.0193233678	-0.018058918700000003	-0.06927947429999999	0.0194625917	-0.0093876998	0.0459486755	-0.0772971303	0.0135437592	0.0093975167	-0.0351332289	-0.006594520899999999	-0.013201603000000001	0.1038698467	0.0307909162	-0.022543395499999997	0.0441574905	-0.20031327940000002	-0.0972067366	-0.043465647	-0.1311070686	-0.0599519963	0.0750693643	-0.05497825519999999	-0.0238461765	-0.0563628433	-0.0242376137	-0.006344997099999999	0.0032046524	-0.0040899078000000005	0.024027881400000003	-0.042428056299999996	0.0658661116	-0.09397853519999999	-0.13633764439999999	0.2177498914	-0.0186971636	0.0061132325	-0.0300241204	-0.0267227948	-0.0394684381	0.031411059500000005	-0.057451102699999985	-0.0569161651	-0.0513063951	0.019415263000000002	-0.0621025763	0.029748811	0.015617503999999999	0.0795861408	0.0040465192	0.0407058888	-0.06428657110000001	-0.11213471009999999	-0.0384664752	0.035892185	-0.010646224	-0.054676112699999994	0.042024201799999994	-0.027459413	0.0096086153	0.07877327370000001	0.054669805300000006	-0.1420750455	0.030023625699999997	-0.0720766276	-0.0026339436	0.06940940030000001	-0.0735393158	0.0017234865	0.0710816581	0.00540164	0.0008433900000000003	2.91777146896e-05	7.113066921000005e-07	0.07126060000000001	0.038174800000000016	0.0014573153550400007	0.00507807311236	0.120905	-0.011749999999999995	0.014618019025000002	0.00013806249999999992	-0.000462065	5.7839999999999975e-05	2.13504064225e-07	3.345465599999997e-09	0.000222909	0.0	4.9688422281e-08	0.0	-0.000254143	-3.4291999999999976e-05	6.458866444899997e-08	1.1759412639999985e-09	0.0	0.0	0.0
8632.065505629676	-13.591122500371055	74512554.89348172	184.71861082009238	10507.913521226015	-28.6369832571163	820.0768100683592	110416246.56956452	6353.583458050041	-8.340136116430585	40368022.75840712	69.55787044058985	6408.910543841776	10401.071008527766	1.039543	37.42506	0.06265645999999997	0.0419831	0.08336487969999999	0.0146905996	0.0634630989	0.056743852000000004	0.0010510226	-0.051747406600000004	-0.0807893376	-0.025879165200000002	-0.0908483235	0.0420036342	0.0324845731	0.0080014205	-0.1691357848	-0.029779800099999996	-0.046375258899999994	0.0062863871	0.0656270734	0.0346256491	0.0231154322	-0.0652023477	0.13325874470000001	-0.0798438296	-0.042842363099999996	0.107170024	-0.0225603736	0.0786664089	-0.010120389799999999	0.0046003058	-0.0635084586	-0.0660927812	0.045912339	-0.0211812093	0.0060602368	-0.0406364429	0.0165416384	-0.0111559055	-0.049311198	0.0100020535	0.117287918	0.0837500186	0.0754105438	-0.0152434835	0.1038214996	0.1168435694	-0.1744387188	-0.0283447581	0.029200381299999998	-0.0297397032	0.061042394800000004	0.10319659869999999	-0.026037879700000002	0.061753841799999994	-0.0202188523	0.0561235712	-0.0641199621	0.14214092960000002	0.0016516463	-0.0950047192	0.114291752	-0.0454697088	0.0316956952	0.094493475	0.0361405069	-0.027741223199999998	-0.0605740265	0.1581383273	0.092372262	-0.0596062216	-0.1297636391	-0.059127250599999986	0.0417648522	0.0815096812	0.039701898900000004	-0.038028919	0.0802506566	0.082466125	-0.07390953230000001	0.1555792237	-0.0336994643	0.0418151944	-0.061458408	0.0109065207	0.015890621100000002	0.009844794	-0.023949415699999997	0.012445096000000001	0.0185607853	-0.0703300742	0.025811248	-0.0207632425	0.1217777632	-0.1065099029	0.0124269264	-0.0233153548	0.1329994567	0.0317229894	-0.12259616289999999	0.1078714586	-0.0746910625	-0.0952679765	-0.0128261471	-0.0079232944	0.044644506699999996	0.0635508293	-0.070156926	0.057011528	0.026407637299999998	-0.028930653900000002	0.0356484944	0.0211577455	0.0594326272	-0.0010643383999999999	-0.08753723779999999	0.0099543912	0.1103305864	-0.0033368431	0.0861314655	0.0194832944	-0.08647016980000001	-0.0175582534	-0.04220891400000002	0.1331109052	0.0099551615	-0.0965719557	-0.1012246757	-0.06702350509999999	-0.0596813266	0.15307225900000002	-0.11953477050000001	0.031220125699999997	-0.0417305009	0.023304429300000002	0.024010561899999998	0.1667217576	-0.0352450667	-0.10575938929999999	0.0541396584	0.0437169342	-0.00492992	-0.13377533689999999	0.1135635245	-0.2073567159	-0.024412064100000002	-0.014180191200000001	-0.0048559792999999995	-0.0516747959	-0.0107775933	-0.043597995300000005	0.0230431823	0.0457253797	-0.0023725516	-0.0100920626	0.0109545922	-0.0262005773	0.1574277778	0.007555189300000002	0.0744470374	0.1016766304	0.018082721	0.0417281583	-0.0029501747999999997	-0.0033549236	-0.0856547053	-0.10672337529999999	-0.0428676655	-0.0324997906	-0.0037423359	0.0067023114	-0.0161990539	-0.015477381299999999	0.0025074165	-0.0882603503	0.09637125269999999	0.079963507	-0.0432679135	-0.0747375124	0.0051685346	0.06724719900000001	0.00257813	-0.00282351	6.6467542969e-06	7.9722087201e-06	0.033114	-0.03814660000000001	0.0014551630915600009	0.001096536996	0.137753	0.016847999999999988	0.018975889009	0.0002838551039999996	-0.000455682	6.3830000000000505e-06	2.0764608512399995e-07	4.074268900000065e-11	0.00014028899999999998	-8.262000000000002e-05	1.9681003521e-08	6.826064400000003e-09	-0.000246379	7.763999999999948e-06	6.070261164100001e-08	6.027969599999919e-11	0.0	0.0	0.0
8617.140629614223	-14.924876015453265	74255112.63054821	222.7519240766521	10463.950650895074	-43.96287033094086	1932.73396773512	109494263.22436744	6357.455939469743	3.872481419701217	40417246.02229911	14.996112345931149	6409.7729054292295	10325.013099223825	1.037139	37.338516	0.032862010000000004	0.016856799999999998	0.0577445486	-0.0048958147999999995	0.061523995899999996	-0.10985838880000001	-0.0070610876	0.0592927345	-0.013735571200000001	0.0415916793	-0.0811659809	0.014062221399999998	0.0842905678	0.019852386	0.0285894244	-0.14632861	0.046945226799999996	0.11507252529999999	-0.0126727795	-0.08495648189999999	0.0901672023	-0.0538373958	0.0924674108	-0.08621724859999999	-0.0253553129	0.1608823687	-0.050770543200000004	0.0377853737	-0.0231938075	-0.0530042386	-0.032929061	0.038899074900000004	0.08689863310000001	-0.0401722572	0.054740877699999996	0.0036049631	0.005765964	0.0335587112	0.043795564	-0.034650755400000004	0.0080218802	-0.0592095755	-0.0036922677	-0.0168881204	0.0081878443	0.006338872099999999	-0.0327970329	0.048983914	0.1338911726	0.0934820337	0.035819022400000004	-0.0042382443	0.0748276245	0.05661366530000001	-0.0332137115	-0.0511388181	-0.1137159605	-0.0087526151	-0.0273827973	0.030116544300000006	0.2605465365	0.00760106	-0.06985449519999999	-0.1163658427	0.0407370889	-0.0335389609	-0.0748512503	0.035086039	0.1406226499	0.0550170945	0.0880461342	-0.1330927667	0.0358019392	-0.099056675	0.0799311711	0.0328353048	-0.0781207423	0.0211722179	-0.059563898399999995	-0.0082628872	-0.0403807206	-0.064642247	-0.061357017800000004	-0.0028568472999999997	-0.0075471225	0.16582788	-0.1336889526	0.0289621844	0.0367428602	0.0017124031	-0.1119307066	0.0718535442	-0.0348042487	-0.0376657376	0.0125819732	0.045933330099999996	0.043712580099999995	-0.0056504749	-0.153133417	0.077008453	0.026851210499999997	0.030777869	-0.0394177492	-0.016186293100000002	-0.0597424814	0.08356602269999999	0.0018172248000000002	0.0685632328	0.0023612068	-0.0083778608	-0.038758781299999996	-0.0029794173	-0.0406449497	0.0159382305	0.0892343666	0.022471976499999997	0.0057518863	-0.06749953610000001	0.0126032343	0.0329656388	-0.0179223846	0.0029556324	0.0920172168	-0.0354180505	0.0179600936	-0.0781058422	-0.009032576700000001	-0.040884415800000004	-0.0680800174	0.0257814625	-0.0372200203	0.0416691722	0.1564603269	0.1187860372	0.015367796699999997	-0.0826235856	-0.1224867258	-0.1321029732	0.1683283566	-0.0418723645	-0.0952545292	0.029833494900000007	0.0085575439	-0.055094093600000005	-0.0474540265	0.1303419066	-0.1101054066	-0.1493939937	-0.035753273700000004	-0.0350409783	-0.0074109223	-0.023512247000000003	0.117117913	0.083455766	0.0617163344	0.005357756	-0.0919946142	0.0330224708	0.0016668814000000002	0.0633544515	-0.0377612153	0.0426776968	-0.035620635299999995	-0.0484940512	-0.0653418335	0.1041892351	0.0676110826	-0.0759288338	-0.0742487229	-0.0253827548	0.0101768478	0.0846959041	-0.027972905299999996	-0.05697471320000001	0.0167128693	-0.1658564866	0.0287047762	-0.0759148394	0.00860781	0.0632437699	0.00541534	0.00283721	2.9325907315600006e-05	8.049760584100001e-06	0.046067	0.012953000000000006	0.00016778020900000016	0.0021221684890000004	0.146858	0.009105000000000002	0.021567272164	8.290102500000002e-05	-0.000493107	-3.7425000000000056e-05	2.4315451344899995e-07	1.4006306250000045e-09	0.000222909	8.262000000000002e-05	4.9688422281e-08	6.826064400000003e-09	-0.00028567	-3.9291e-05	8.160734890000001e-08	1.5437826810000001e-09	0.0	0.0	0.0
8618.874262284236	1.733632670013321	74284993.54906563	3.0054822345375176	10461.656041627626	-2.2946092674483225	5.2652316902597285	109446247.13332379	6354.369741985961	-3.086197483781689	40378014.81786673	9.524614908900428	6407.689973676035	10239.594452445004	1.033035	37.190754	0.01816036	0.0101401	0.0510087801	-0.0224694461	-0.022632720099999996	-0.0673664413	0.1062837318	0.028526475	0.1100368492	-0.0171258166	-0.0116794168	0.005781393399999999	0.10223885869999999	0.0587669996	-0.1500917128	0.0224781084	-0.0741334281	0.0572885526	0.060001373899999995	-0.012536810800000001	0.0754782965	-0.0536149362	0.0821393929	-0.1021091359	-0.06696455679999999	0.0466093183	0.0150751624	0.1663820872	-0.0082288068	-0.06603276599999999	0.09868334449999999	-0.0419020103	0.0517591433	0.043437765	-0.0297428497	-0.0575105199	0.0099541378	0.0767478054	-0.0389050907	0.0347502819	0.0638754604	0.0713119017	-0.0438938479	0.0206145165	0.0321252062	0.1469924228	0.0658010129	-0.1060884707	-0.11432486900000001	-0.1402710405	0.0079429415	-0.047258371699999996	-0.0649085329	-0.0185082522	-0.008160848	0.11657827960000001	-0.0535038438	0.0011858702	0.0319596258	-0.013185539599999999	-0.0825042839	0.0400059734	0.076321301	-0.0632251838	-0.015796923799999998	-0.054352997400000005	0.0210775246	-0.013146804599999999	0.076492222	-0.0990985903	-0.084417886	0.1143073059	0.0484948805	-0.0577475125	-0.0049376552	-0.026426898900000002	0.0403815867	0.002435994	-0.004069472199999999	-0.17872813329999998	0.110314051	0.0939629257	-0.11318342960000001	0.0463838538	-0.0109196233	-0.0403790245	-0.12208025019999999	-0.035419618	0.1507982998	0.0836753133	-0.0417918513	0.0436520177	-0.1675803119	0.0309311371	0.09249437320000001	-0.062058413300000004	0.0040635675	-0.1190495251	-0.0785368637	-0.028098690200000002	0.0038696778999999996	0.0160629941	-0.1043641064	-0.0004793396	-0.08625605759999999	-0.08541671279999999	-0.013201802299999999	0.04430898269999999	0.0710087694	-0.0069716286	0.0659049793	0.0213762011	-0.0194073706	0.046480617	-0.0702952216	0.0373581846	0.0892817512	0.0566376896	-0.014323521100000004	0.1078723566	-0.0050697108	-0.0985806607	-0.1070294124	-0.0301274309	-0.0129987233	0.026585791	0.0175448502	0.1329643142	0.1216509174	0.05982367860000001	-0.0963896011	0.0202935877	-0.0902265283	-0.0599159851	0.021146268	0.0116338913	0.0671603015	-0.0376415697	0.01896728	0.1210508416	-0.0106884151	0.0037983102	-0.020630495800000002	0.0270751673	0.1146818088	0.05647349240000001	0.0083365061	0.0831058996	0.0194604722	-0.1021150521	0.0510595604	-0.025073348199999998	-0.1313767887	0.0714597711	0.0005118353	-0.031110354700000002	-0.0846719109	0.034026618	-0.0600476666	0.1428997947	0.2186890805	0.1742266343	0.0627154801	-0.18342492670000002	0.1189216701	0.1179366293	-0.0317219413	0.0746991396	-0.0916807554	-0.0444690377	0.0163939501	-0.0029760028999999996	0.1097050407	-0.0800122097	-0.0193868123	-0.0455413557	0.0006332922	-0.0770709682	0.0120374717	0.05908143	0.0055130000000000005	9.766000000000028e-05	3.039316900000001e-05	9.537475600000057e-09	0.0475493	0.0014822999999999991	2.197213289999997e-06	0.00226093593049	0.141294	-0.005563999999999986	0.019963994436	3.0958095999999844e-05	-0.000343161	0.00014994600000000006	1.1775947192099998e-07	2.248380291600001e-08	0.000222909	0.0	4.9688422281e-08	0.0	-0.000215288	7.038200000000002e-05	4.6348922944e-08	4.9536259240000035e-09	0.0	0.0	0.0
8650.113128644165	31.23886635992858	74824457.13834214	975.8667714534773	10507.60662332907	45.9505817014433	2111.455958701016	110409796.95062892	6361.688307670722	7.31856568476087	40471078.12395437	53.561403682159344	6414.89810821727	10265.5533227168	1.025461	36.91810200000001	0.05183701	0.0244373	0.047405130999999996	0.011942814099999999	-0.0135429451	0.0684461025	0.10871102519999999	-0.0653198298	0.034652372	-0.0853091235	-0.010801118799999999	0.021039994700000002	0.054824286500000007	0.0143464241	0.0735371304	-0.0994926346	-0.0737343204	-0.0641966764	-0.0300718392	0.0195190209	0.1120333381	-0.07413838190000001	-0.0183435003	-0.0906603309	-0.12019089150000001	0.0105887381	-0.0725810146	0.0069879375	-0.0063810483	-0.0347679179	0.0135825999	-0.130687561	0.0230438623	0.0054348887	0.056476554400000004	-0.0092471745	0.052140451799999994	0.060402233099999994	0.028003001	-0.0246226829	-0.009396686500000001	0.0017931617000000004	-0.0115750899	-0.048374626100000005	-0.0526631428	0.0018146362	0.118811334	0.0565214785	0.0524318642	0.1347918491	-0.09664507580000001	0.1292377128	0.012011276699999998	-0.005849582	-0.10850208019999999	0.0657995204	-0.060986369400000004	0.0835642775	0.0681778954	0.027431875	-0.117859135	-0.050486662300000006	0.062350072699999995	-0.06376371110000001	0.15183529710000002	-0.1245720694	-0.0911846402	-0.0231532731	0.19747736300000002	-0.0616168049	0.0127063231	-0.045712234000000004	0.048067748	-0.0708645133	0.0369538513	0.0170674415	-0.052687461	-0.08129814769999999	0.0413027719	0.1507188936	0.0376942351	0.0062997037	-0.06462137650000001	0.0440968433	0.016082083	0.0540042085	0.06934413610000001	0.0039035681	0.11102099929999999	0.1261905925	-0.0360913696	-0.0022128582	0.0307139454	-0.074834656	0.0194291051	-0.0646994633	0.09094639289999999	0.0283922866	0.1230021162	-0.0371792468	-0.0498760929	0.0218098089	-0.0193138624	0.0032369851	-0.0084724022	-0.0388697671	-0.1288153692	0.028980671099999997	0.0266443371	0.0155569485	-0.054602946799999996	-0.0455250915	-0.1008648825	0.06720553309999999	0.0375158267	-0.0191854272	0.052372143499999996	0.0190992914	-0.0245857314	-0.050827944400000005	0.054420345499999995	-0.0971168406	0.06622108480000001	-0.08568636800000001	0.0335162819	0.0413397088	0.0122385838	-0.123160669	-0.0279869539	-0.0014154979	-0.0949716614	0.06727345259999999	-0.1604941047	-0.112537764	0.0173762685	0.0020122716	0.1214996035	-0.06054015190000001	0.1465200676	0.0619768779	-0.04622414230000002	0.0337774474	0.0051643561	-0.0112475094	0.05093262690000002	0.1947683857	-0.09237579289999999	-0.1046026918	-0.0985181594	0.038461207000000004	-0.0080009372	-0.1290950377	-9.08185e-05	-0.026020520800000002	-0.0002837264	-0.020873976699999998	0.140175094	0.043152356100000004	0.0365923875	-0.0319421452	-0.10434019970000001	0.0829912891	0.021839628700000002	-0.1580235763	-0.017998458000000002	0.011989747	-0.0525727731	-0.0501725744	0.007866415	0.0498083454	-0.0734476613	-0.03338122	-0.1158988391	0.0685648285	0.0202325602	0.10919515839999999	0.09693328429999999	-0.0782055759	0.015453689	0.0547706378	0.00257993	-0.002933070000000001	6.656038804899999e-06	8.602899624900003e-06	0.031393	-0.016156300000000002	0.00026102602969000016	0.000985520449	0.147232	0.005937999999999999	0.021677261823999996	3.525984399999999e-05	-0.00015437	0.000188791	2.38300969e-08	3.564204168099999e-08	0.000305353	8.244400000000001e-05	9.3240454609e-08	6.797013136000002e-09	4.96698e-05	0.00026495779999999997	2.4670890320399995e-09	7.020263578084e-08	0.0	0.0	0.0
8664.196842605297	14.083713961132162	75068306.9274116	198.35099893898897	10481.528425254975	-26.07819807409396	680.072414791678	109862438.12942804	6367.719045580818	6.030737910095923	40547845.84345268	36.369799740268135	6420.295840261227	10428.314484897195	1.022949	36.827656	0.07348392	0.0349983	0.0903419234	0.0227384649	0.06688780230000001	0.0450250326	-0.0181197298	-0.0142132917	-0.056619041399999986	0.0033083234000000003	-0.10137662759999999	0.0687842472	0.0452852945	-0.046721197199999995	-0.0115530242	-0.0254846192	-0.054919078600000004	0.0001515901	0.0516080578	0.0676172363	-0.060991295599999995	-0.0549190417	-0.11607702859999999	0.0022478998	-0.0621891565	0.0077993646	-0.028583207700000002	0.0112675492	0.020329487099999998	-0.029672286800000006	-0.07769182	-0.0267447283	0.0994908909	0.009332258000000001	0.0221514922	-0.0468486376	-0.001125854	-0.0058303215	-0.05924142280000001	-0.030702677	0.08545156289999999	0.0030097936	-0.0426665475	0.0319201791	0.0758638273	0.11488662460000001	-0.0022605946	-0.0021088594	0.01196699	0.08408739999999999	0.0143702385	-0.0442354371	-0.0213765487	-0.053125141699999996	-0.1886288259	-0.038557637400000004	0.0109388275	-0.019285560900000002	-0.0274632652	0.1309917008	-0.056716427800000004	-0.1547907741	-0.09515086060000001	0.014938713999999999	0.0102020374	-0.05229543230000002	0.011735632	0.062213346600000004	-0.0542078292	0.055937100700000006	-0.0143693749	0.07295412820000001	0.1547193305	0.0188472929	-0.0312998212	0.040506339	0.13715715609999998	-0.1719283515	0.0420705676	-0.0525147975	-0.0647052675	-0.022930249	0.056646645499999995	-0.0103538507	0.0062966406	0.11586749369999999	-0.043915899800000005	0.0691863719	0.0161136765	-0.09986888140000001	0.111789259	0.0528007126	0.0925916923	-0.1270665201	-0.08691596300000001	0.028715486800000002	0.0816286286	-0.10219350140000001	0.0120062226	-0.056993511399999995	-0.0692277414	0.0040921355	0.038980054199999996	0.0225058948	0.0122413396	0.0797441374	-0.040856408999999996	0.09152757980000001	0.060610044	0.0043792318	0.0145933533	-0.0073706000000000015	0.0213898319	0.0025820993	-0.0376688447	-0.014734625900000001	0.0803334439	0.0332391639	0.11887370800000001	0.0350718498	0.0715490223	-0.0360532823	0.0153853081	0.034793364900000005	-0.0245792212	0.0254499912	0.080597526	-0.0986915649	0.09224380759999999	-0.0134385945	0.0381472621	0.1407085656	-0.1062780218	-0.009869618	-0.0597827375	-0.0452103878	-0.0872416483	0.0087648424	-0.002975104	-0.0570457042	0.0188079487	0.09841395539999999	0.023352366099999997	-0.0100280163	-0.1117189273	0.0176623802	0.030607452799999997	-0.047354538	0.0886211941	0.1872819359	0.121083014	-0.0031465679999999998	-0.0201637293	-0.1142617926	-0.0610236091	-0.00646654	-0.0285864926	-0.1169950845	-0.0384537175	-0.023173511400000003	0.0985007784	0.04543789	0.0393593902	0.0164412164	-0.1099651649	-0.0848850553	-0.0600751408	-0.096627117	-0.0704946343	0.1351105417	-0.0169089105	-0.08519995109999999	0.0064423922	0.030029201499999998	0.0690417708	-0.1259604897	0.1308114065	-0.07931834559999999	0.0188526465	0.0503222251	0.00524041	0.00266048	2.74618969681e-05	7.078153830400002e-06	0.0473126	0.0159196	0.00025343366416	0.00223848211876	0.135414	-0.011817999999999995	0.018336951396	0.00013966512399999988	-0.000616756	-0.000462386	3.80387963536e-07	2.13800812996e-07	0.000222909	-8.244400000000001e-05	4.9688422281e-08	6.797013136000002e-09	-0.000267217	-0.0003168868	7.140492508899999e-08	1.0041724401424e-07	0.0	0.0	0.0
8652.095430212237	-12.101412393059945	74858755.33349948	146.44418190690484	10460.340191186435	-21.188234068540627	448.9412629432656	109418716.91535026	6367.932784958335	0.21373937751741326	40550567.95374722	0.045684521501531294	6420.452584201074	10494.211573714956	1.04493	37.618996	0.042981293	0.0243046	0.099534872	0.0097393533	-0.0091974412	-0.1114481002	-0.0017695703	0.0614320217	0.0362356796	0.0521631974	-0.0730262187	0.0400826779	-0.024740441499999998	0.043617838799999996	-0.015399437	-0.1532926709	0.1020668916	-0.059082137800000004	-0.1114679928	-0.061839238899999996	0.0555145113	-0.10291756810000001	-0.1693213706	0.0634017195	-0.0380055643	0.11146845289999999	-0.0451519448	0.0020315493	0.0119455664	-0.0958753499	0.0486984487	0.0428423199	0.0722719109	0.0104338062	0.020980783599999997	0.06404504379999999	0.0167502914	0.051221873200000004	0.0903060873	-0.0496689623	-0.0630290237	-0.0332215205	-0.10047539539999999	-0.0163253179	0.0684970204	-0.0423102728	0.0781791029	-0.1077658424	-0.0174240102	0.1324373358	0.1271139525	0.0107799044	-0.0049565588	0.1658421098	-0.0036200355	-0.0780650337	-0.0640233742	-0.0420738496	0.0403977597	-0.0238354096	0.0089522663	0.0238070455	-0.0791731653	0.05641301820000001	-0.0258077813	0.1314501773	-0.0528950845	-0.1119223631	-0.10803986869999999	-0.0377779644	-0.0198722224	0.109565016	0.04614540809999999	-0.0580856784	0.0397404715	0.0477953359	0.0052852554	0.0556698276	0.015332380900000001	0.11388741320000001	0.0324652948	0.061190231799999995	-0.0124603025	0.0049886708	0.0360291488	-0.0600365829	-0.0375611904	0.043903747300000004	-0.057323976799999996	-0.031312377	0.0801573743	0.0729681863	0.0992818738	-0.0330917286	0.0233712835	0.027380586800000002	0.0638591053	0.088050035	-0.0818374284	-0.07484352400000001	-0.0459822259	0.0943582185	0.043698321500000005	0.015523126100000001	-0.0820216637	0.0147266603	0.0316074416	0.0674369485	0.0496825008	0.0067234477	-0.10098549039999999	0.052205064100000004	-0.044609564299999994	0.023861148500000002	0.1028450047	-0.0042544819	-0.0393360766	-0.0880962383	0.0187105161	0.1258940267	0.0712145109	0.08526065669999999	-0.0306249567	-0.044989452	-0.2086215095	-0.0754955913	0.07990092809999999	-0.0122863656	-0.09603942380000001	-0.0362987539	-0.015137594099999999	-0.0339678349	0.0671532239	-0.0913640866	-0.0735619592	-0.0029367521000000004	-0.0188564653	0.0062791566	-0.0495206148	0.0706223045	-0.0797294063	-0.0670941191	-0.0190203883	0.0058141451	-0.0675145369	-0.039419489700000004	0.1486484779	-0.0043069745000000005	-0.0292554038	0.15827632	-0.0204485969	0.0176528745	-0.0137678131	0.0035962883	0.0090363916	0.08931416210000001	0.09189490369999999	0.0944937276	0.0574451121	0.0259308851	-0.0228173506	-0.0102164237	-0.0886908218	0.0392502883	0.032496216099999996	-0.0476330799	-0.0084696146	-0.0636502501	0.0088318948	0.0695371935	0.010637173400000002	0.0554925453	-0.019799829799999998	-0.1039839085	-0.0283731431	0.064256728	0.1065132772	-0.0804089666	0.0222305481	0.0457473693	0.00395274	-0.0012876700000000005	1.5624153507599998e-05	1.6580940289000009e-06	0.040069199999999985	-0.007243400000000005	5.246684356000006e-05	0.0016055407886399994	0.137966	0.0025519999999999987	0.019034617156	6.512703999999994e-06	-0.000255075	0.000361681	6.5063255625e-08	1.30813145761e-07	0.000222909	0.0	4.9688422281e-08	0.0	9.06646e-06	0.00027628346	8.220069693160001e-11	7.63325502695716e-08	0.0	0.0	0.0
8626.677422023997	-25.41800818824049	74419563.3436586	646.0751402574608	10503.66260443048	43.32241324404458	1876.8314892877693	110326928.10771129	6361.097916571538	-6.834868386797098	40463566.70421076	46.71542586483836	6417.977526639858	10437.532335568041	1.065481	38.358887	0.034870162999999996	0.0228243	0.0829350587	-0.0101004161	-0.0289898754	0.0331997036	0.11353389900000001	-0.055918938700000004	0.027988016400000003	-0.1258926393	-0.0250305379	-0.024622203	0.049452468799999996	0.0771545007	-0.0883506222	-0.1021438512	0.0681675896	0.2456765852	-0.0573646309	0.0600768697	-0.0407459438	-0.0147577024	-0.1107761186	0.018389391499999998	-0.042763047900000004	0.0081622098	0.1643198881	0.0556380569	0.0165744796	-0.0118578758	0.0285885252	-0.1208987634	0.0883491624	0.07252974549999999	-0.0587100605	-0.0101610267	-0.0737957817	0.0269033698	0.09100861240000001	-0.0332347651	-0.0148246728	-0.063723698	0.0318999752	0.0008168227000000001	-0.0714560588	-0.006980366700000001	0.015839418	-0.0190010516	0.0610428267	0.0489877733	0.0500044818	-0.045224567300000004	-0.0061776146999999995	0.014854788700000001	0.0881078606	0.1047769072	0.09108056980000001	0.0331787948	-0.0634717177	0.059140797099999996	0.021546865499999998	-0.092847126	-0.027503783599999998	-0.0152217381	0.10025061800000001	-0.024994254700000003	0.0830382855	-0.047672276900000005	-0.0915558974	-0.0258409942	-0.015262506499999997	0.022591294100000003	-0.0858895519	0.042808765	-0.0075274780000000015	0.07696788780000001	0.0700024236	0.0181703008	-0.1466535081	0.0050831316	-0.0139511462	-0.090343665	-0.0523599835	0.07204746570000001	-0.011583193700000001	-0.04877537059999999	-0.015755168	0.0447524738	-0.09515827119999999	-0.0312918583	-0.0243929898	-0.0871954812	-0.0133227446	0.0205610104	0.0356661692	0.1252622707	-0.012610149	-0.1438674641	-0.1573539348	0.0238108825	0.0556579382	0.035875862599999996	-0.038938577099999996	0.013791368899999998	0.0346902792	-0.075758671	-0.0675491399	0.0682131395	0.10616440490000001	-0.0435525841	0.0175320741	0.09932063810000001	-0.022875441200000003	-0.0431455891	0.0984101001	0.017524334	0.0019896335	-0.08063873099999999	-0.0166115178	-0.0025749317999999998	-0.10456276119999999	0.003459051	0.0409111445	-0.021311169900000003	-0.0542545625	-0.0485911318	-0.0485626005	0.021063550099999998	-0.0173625046	-0.014597898500000001	0.0031824215	-0.09345974	-0.1418113355	0.0615127084	-0.0417791564	0.0090544512	0.013133431899999999	-0.042496963	0.06479470009999999	-0.12077718779999999	0.0429349763	-0.0266540215	-0.0258690852	0.1045685016	-0.053389554400000004	0.015301963799999999	0.0002253996	0.080969415	-0.0382133793	0.0166747707	0.0841608208	0.0993448434	0.06689197940000001	0.0794978699	0.0798186645	0.0090598935	0.0373245129	-0.0791838542	0.0012751248	-0.0325555935	0.0365359642	-0.044187602199999995	0.060865547	0.06213100570000001	0.0020966146	-0.1220525924	0.08497231359999999	0.0934174123	-0.1119003756	-0.011300794599999999	0.0508288964	0.0939901788	0.0729024321	-0.11631878949999999	-0.024083673700000002	0.0379511155	0.06951180650000001	-0.0814771345	0.0255836209	0.0410575653	0.00512908	0.0011763400000000005	2.63074616464e-05	1.3837757956000013e-06	0.0381862	-0.001882999999999996	3.545688999999984e-06	0.0014581858704399995	0.137803	-0.00016299999999999648	0.018989666809	2.6568999999998853e-08	-0.000547876	-0.000292801	3.0016811137600004e-07	8.573242560099998e-08	0.000222909	0.0	4.9688422281e-08	0.0	-0.000331089	-0.00034015546000000003	1.09619925921e-07	1.1570573696781163e-07	0.0	0.0	0.0
8606.7924231487	-19.88499887529724	74076875.81516986	395.41318027057264	10469.109921523195	-34.55268290728418	1193.8878960913282	109602262.5489354	6351.58199192435	-9.515924647188513	40342593.80013768	90.55282189096981	6408.078910567932	10234.47443398149	1.062441	38.249432	0.03825179	0.0217208	0.0327228764	0.014300490800000001	0.12219475869999999	0.0104766843	0.0466833551	0.008449989	-0.07650694599999999	0.0033354195000000002	-0.0505413236	-5.37663e-05	0.1132023174	-0.0260763887	-0.0054752441	-0.1439501122	0.0411278572	0.050716309400000006	0.1232747188	-0.0326713809	-0.10925181949999999	-0.0865455666	0.0250408151	-0.0081169302	-0.14740767330000001	0.1506490865	0.0531048742	-0.0143667072	-0.0287611485	-0.0371962824	-0.0532571448	-0.016235925	0.0617798734	-0.0045001311	0.0596915592	-0.06836527469999999	-0.0078748525	-0.051927380599999996	-0.0124998913	-0.0704226746	0.0692155193	-0.0177599838	-0.008866711	0.1399212879	0.029009372599999996	0.017955676599999998	0.0039959162	-0.029453463	0.076784062	0.0673419931	0.013470629199999999	-0.0334767648	0.0269719269	0.0199614539	-0.0047115852	0.0340572783	0.0113948122	-0.0494330064	0.032644046600000004	0.0508302701	-0.040306697	0.059488613600000004	0.019016696399999998	-0.0604676254	-0.0866615324	0.1199109461	-0.0756427908	-0.0594738588	0.0067157566	-0.1873427613	-0.0445466225	-0.08061432219999999	-0.0474692949	0.043381202	0.1890809657	0.056778011399999995	0.08781983759999999	0.0459046556	-0.0517072668	0.0644026961	0.0501862354	0.0380965443	0.0288951309	0.0359686756	-0.0070563384999999985	0.024727506	0.0039454231	-0.05978175650000001	0.051321772800000005	0.2065256651	0.1816251847	0.0082242264	0.025532667400000004	-0.024982267000000002	-0.0192014226	-0.08294849259999999	-0.1546593809	0.0198274381	0.0719230359	0.0393227909	-0.0445827821	-0.0910649141	0.0557194635	-0.027154807000000003	0.0100974576	0.0763038835	-0.0480118041	0.0792379504	0.0271166137	0.0221180433	0.0529314052	-0.0007248935000000001	0.024188468799999998	0.0258144932	0.068905564	0.0611432418	0.1152041055	0.055981532699999996	0.1096943365	-0.0002344008	-0.0156739418	0.0897001141	0.12471110839999999	-0.0746219975	-0.0261232546	-0.0087232431	0.00014091399999999999	-0.007864743399999999	-0.0100647954	-0.004859135200000001	-0.0355715668	-0.0400403204	-0.0411967518	-0.0230996847	-0.0326904396	-0.0625726325	-0.029245297400000002	0.0285960133	-0.0093755402	-3.3722e-05	-0.22559669710000002	0.0192689718	0.0219519192	-0.0301926642	0.030607980299999997	-0.0971751572	0.063424551	0.042037466399999994	-0.0322525455	-0.1274160818	0.0711853889	-0.0288440271	-0.051328886100000005	0.0732362456	0.054135190199999995	0.0372554078	0.1903686202	0.0007546257000000001	-0.0882392695	-0.035772487799999995	-0.08335179200000001	0.0613487844	-0.0683101783	-0.0798643475	0.0368063818	-0.0059297484	-0.0539271396	-0.0086182424	0.1372545734	-0.078140822	0.09495697089999999	-0.016583224599999998	0.06341327179999999	0.0639408223	-0.0701257832	-0.0774727056	-0.1158988728	-0.0825225509	0.028908120099999997	0.036264597200000005	0.00491469	-0.00021439000000000007	2.4154177796100006e-05	4.596307210000003e-08	0.0515711	0.013384900000000005	0.00017915554801000013	0.0026595783552100004	0.152162	0.014358999999999985	0.023153274244	0.00020618088099999952	-0.0007379139999999999	-0.0001900379999999999	5.445170713959998e-07	3.611444144399996e-08	0.000222909	0.0	4.9688422281e-08	0.0	-0.000315257	1.583200000000002e-05	9.9386976049e-08	2.5065222400000067e-10	0.0	0.0	0.0
8604.522322396999	-2.2701007517007383	74037804.39662825	5.153357422872257	10419.87644459903	-49.2334769241661	2423.935250042396	108573825.1207097	6350.029277584662	-1.5527143396875545	40322871.82618238	2.4109218206713576	6403.135649422194	10199.95364090884	1.0274370000000002	36.989227	0.02501343	0.0180535	0.0256947648	-0.010927515300000001	0.0737015296	-0.1444148032	0.08696336699999999	0.09003582880000001	0.0322284298	0.057564875	-0.022558170699999998	0.0127499462	0.10777526539999999	-0.0314342869	-0.0421532855	-0.102041768	-0.0120921502	0.0824722462	-0.122111675	0.0070631407	-0.018010028600000002	-0.1018497479	0.0076214461	0.055689586500000006	-0.0100936078	-0.010444661899999999	0.0516972151	0.0313008975	-0.0329589308	-0.1126883011	0.0381943284	0.0269903798	0.0698205556	0.007851975	-0.0449721259	-0.035567883599999996	-0.0326562898	-0.0008132708	0.05593710440000002	-0.1517330322	-0.0339507201	-0.0944910513	0.0142843111	0.016143174099999998	-0.0649436412	0.0294550924	-0.1188725848	0.0061247677	0.0232624325	0.021991393199999997	0.07470612360000001	0.0050896932	-0.0519985663	-0.0714894853	-0.0047049538	-0.0763868955	0.0057649492	0.0446564484	-0.1380457119	0.0462252359	-0.0045158641	0.0021406999	-0.024371713399999998	0.004214287	-0.0274239131	0.0575194538	-0.0678403586	0.0562364331	-0.0089269644	-0.1118997011	-0.0048344126	-0.0133344233	0.0843611682	0.0537637406	0.0688222244	0.0135099343	0.07070469509999999	0.029984631499999997	0.0346167948	0.0031227998999999998	0.0825353475	0.038708392200000004	0.0048638092	0.0261669044	-0.1490230426	-0.0099627938	0.11146746630000001	0.044136972000000003	0.20428440190000002	-0.0157929378	-0.0317588577	0.054833676500000005	-0.0167020519	0.0796403537	0.0190789824	-0.0356464649	-0.0521021532	-0.054711725499999996	-0.004572998	-0.1431558029	-0.0483852079	-0.037324305099999996	0.0366956656	-0.0208540118	-0.0958061857	0.019926387900000002	0.0099425793	0.0501118792	0.0632017594	-0.0514365262	0.024143921699999998	0.026008971800000003	0.0324514346	0.0066355736	0.1658302243	-0.0408855366	0.051436484000000005	-0.0730211057	0.0108617906	0.0322732493	-0.1010626828	-0.013954545700000001	0.0903842862	0.07939588759999999	-0.057655304000000004	-0.0754487645	-0.0224848716	0.0056496604	-0.0047099967	0.0133969372	0.10611064490000001	0.0694889799	-0.0337956646	0.0719401712	0.0627739947	-0.029570211800000006	-0.0192271178	0.0166165923	0.0015663457999999999	-0.033316755	-0.0371598995	0.0009062391	0.0803736467	0.006601549599999999	-0.0300640607	-0.06302124719999999	0.0869906658	0.029481067799999996	0.0044502942	-0.1270177445	0.0003239851	-0.0405100529	-0.015617246699999997	-0.0072528992	0.0548624105	0.0007620737	0.013138556499999999	-0.07394884389999999	-0.0015015479	-0.0082847467	0.0160353892	0.065499641	0.1522252351	-0.0517178665	0.1490068011	0.0318017886	-0.1048171865	-0.0868091639	-0.0020785226	0.0575914228	-0.09810788220000001	-0.0822648663	0.1209342067	0.14078651	-0.0852668777	-0.0158094421	0.039451299700000005	-0.0835449238	0.0322003326	0.0313805081	0.00428161	-0.0006330800000000003	1.83321841921e-05	4.0079028640000036e-07	0.0517541	0.00018299999999999567	3.3488999999998415e-08	0.0026784868668099995	0.15446500000000002	0.002303000000000027	0.02385943622500001	5.303809000000126e-06	-0.000398915	0.0003389989999999999	1.5913317722500002e-07	1.1492032200099993e-07	0.000222909	0.0	4.9688422281e-08	0.0	-0.000414145	-9.8888e-05	1.7151608102499998e-07	9.778836544e-09	0.0	0.0	0.0
8617.795764541412	13.273442144412911	74266403.8393479	176.18426636107682	10470.669019574174	50.792574975144824	2579.8856726057074	109634909.71747041	6351.666340080094	1.637062495432474	40343665.29570646	2.679973613951599	6404.671064021302	10185.227360358727	1.020354	36.734219	0.016974919999999987	0.0114228	0.0267801054	-0.016003303400000002	-0.0028989193	-0.0309630469	0.18372042260000002	-0.0216710486	0.09911939619999999	-0.0914092881	0.0203428397	-0.0369646919	0.13062534380000002	0.057036986799999995	0.0108892329	-0.1169464433	-0.0098030941	0.008893232099999999	0.0814299941	0.059772852	-0.0711845778	-0.0934821576	-0.0534222246	-0.0332644513	0.0409481433	0.0324701683	0.045733006	-0.0656865014	-0.027906511800000002	-0.0722156855	0.060898721399999994	-0.08688687689999999	0.0663571474	0.0880503844	-0.0202522725	-0.07898663730000001	0.0244004694	0.0126979642	0.0830265444	-0.030040157799999998	-0.0848926393	-0.0090707488	0.0401425088	0.1305712126	-0.0111932127	0.10247432279999999	-0.1445322048	0.06812969099999999	-0.0652667823	-0.0360548967	0.055407763799999996	-0.0306499015	-0.10079219619999999	-0.0079614684	-0.0582503571	-0.0180675969	0.0337915311	-0.0705956321	0.028269886	-0.1033167814	0.032150574	0.11965950060000001	0.0667294845	-0.0205125089	-0.07824303610000001	-0.0572827866	0.0088193384	-0.0591375225	0.0294865191	0.08803388150000001	0.1765806675	-0.073856185	-0.011714463999999999	0.0477419589	-0.0422329409	0.0317117597	0.09022831560000001	-0.0386698604	0.026475038399999998	-0.0803789828	-0.0961661573	0.034700634	-0.0175878462	0.0515701201	0.0598241764	-0.006265696899999999	-0.036506499500000004	-0.0445837961	-0.077225874	0.026974944100000002	0.0006071124	-0.06683244440000001	0.098196029	0.0634058465	-0.0799967578	-0.026965112599999997	-0.0019577942	0.0467402795	-0.0324236771	-0.086862976	-0.0451711988	0.0842851652	-0.0444004559	-0.023501304	-0.0486422018	-0.08893187279999999	-0.0640629374	0.0385517118	0.1095644897	0.0014700006	0.045383365599999996	-0.0023409682	-0.1113542174	-0.0215531559	0.09263543210000001	0.0819045876	0.0195949492	0.12084495640000001	0.0815360844	-0.011296446299999999	-0.07821909889999999	-0.051979823099999996	-0.0098754645	0.1420056926	-0.0128573723	-0.0382872058	0.0047181315	-0.0153387778	0.0979051452	0.0413447806	0.0570214202	-0.0394277523	0.152245461	-0.0269901918	0.0313886117	0.0022958071	-0.0143794216	-0.0164604301	-0.1189234728	0.022240525	0.0101535887	0.11153483619999999	0.0530954992	0.0751882444	0.05548515019999999	0.058324491900000004	-0.0320843608	-0.0512593971	0.1291865734	-0.0861077958	-0.0523990933	-0.0110208861	0.0445210761	-0.0097829901	-0.0794169289	0.0015688770000000002	0.09372302210000001	0.037423770499999995	-0.011680043300000002	-0.0137991422	-0.0130375524	0.0488450202	-0.0507564171	0.028199312200000007	-0.0411423871	-0.025439955400000002	0.12440140390000001	0.0034940946000000003	0.0363067117	0.0583775634	0.0032589613	-0.0209024178	-0.012575639599999999	-0.0088416214	-0.0472126335	-0.04495387730000002	-0.0625211286	-0.08454396789999999	0.0354565814	0.0264175701	0.00445173	0.00017012000000000017	1.98178999929e-05	2.8940814400000054e-08	0.0412066	-0.0105475	0.00011124975625000005	0.0016979838835599994	0.150392	-0.004073000000000021	0.022617753664	1.6589329000000173e-05	-0.000421998	-2.3083000000000023e-05	1.7808231200400005e-07	5.328248890000011e-10	0.000222909	0.0	4.9688422281e-08	0.0	-0.0004347480000000001	-2.060300000000006e-05	1.8900582350400005e-07	4.244836090000025e-10	0.0	0.0	0.0
8627.89482665723	10.099062115818015	74440569.13985859	101.99105561915064	10465.708661323462	-4.96035825071158	24.60515397540243	109531057.78370094	6358.4626752882605	6.796335208166057	40430047.59303394	46.19017226175754	6413.507795593048	10252.338531332049	1.017572	36.634075	0.049153735	0.0275123	0.040465967400000004	0.006269339200000001	0.0679102462	0.0700197865	0.09900219539999999	-0.0395588699	-0.0684961654	-0.0544184257	-0.036107011800000005	0.026875521800000003	0.1581061882	-0.0373233175	-0.11571953380000001	-0.028407913599999998	-0.0240998689	-0.0558158328	-0.046733389699999996	0.05379691440000002	-0.0200853123	-0.1307122233	-0.10088569619999999	0.01234397	-0.028881241499999998	-0.0222040233	-0.0240370854	0.015047868300000001	-0.0043804607	-0.0256472262	-0.0451199388	-0.09543736929999999	0.11402118369999999	0.0192858813	-0.0125104066	-0.0482075245	-0.0936432419	-0.0553070018	-0.0285867675	-0.10889242199999999	0.09471115210000004	0.0126644254	-0.026128062799999997	0.0043570681	0.0514953814	0.08884728369999999	-0.0333873349	-0.058249885700000004	-0.0384101021	-0.0375096981	0.0737466202	-0.0518515811	-0.1544986171	-0.0463884402	-0.0551562491	0.0031829096	-0.0102284587	0.0075180743	0.1190621794	-0.0195469705	0.0601266751	0.050360215	-0.12908682330000001	-0.14466751960000002	-0.08805864779999999	-0.1374034742	0.12358686390000001	0.0591150705	-0.0743286116	-0.0745899412	-0.042916733	-0.0782540543	-0.023454735	-0.0988693672	-0.0110644448	-0.0838804709	-0.04894073980000002	-0.0851944652	0.0192608967	0.0625687682	-0.053087824400000004	0.0786658737	0.103717465	0.0103893232	0.1299155359	0.11086961570000001	0.088426504	0.0961943245	0.0387562336	-0.08349506179999999	-0.0042398434	-0.0059172135999999995	-0.0369457255	-0.053401951399999995	0.0698266171	0.0255779201	-0.0052454229	0.0410627502	0.09515290539999999	-0.0233046986	0.036590304	0.0151059053	-0.0749739279	-0.0019306856	0.0421861175	0.025019239199999998	-0.0976377611	0.1017317052	0.077907234	-0.0285233833	0.0565890023	0.0358806686	0.1020725077	-0.0361786753	0.0325741932	-0.0454738167	0.0965774826	-0.0031149598	0.022549819300000003	0.086074685	0.006291916999999999	0.00023329619999999998	-0.029456242200000007	0.0136582127	-0.0498991567	-0.0287956713	0.027313668399999998	-0.0127661625	0.1974229026	0.0396959826	-0.00035733769999999997	0.0207177501	0.032367144900000006	-0.1240855148	0.0876775145	-0.0721954883	-0.0973747958	-0.0215398515	0.11773864199999999	-0.0131105703	0.0729796033	0.0411051656	0.09392266070000001	-0.003111578	0.0827310743	-0.0664738979	-0.0661421939	0.10435045960000001	0.09185350839999999	0.0922585323	0.0187437459	-0.1054920724	0.0467622697	0.0679826034	-0.0850168103	-0.0929239223	-0.0093786411	0.006414522299999999	-0.0208810611	0.0117127351	-0.0637694447	0.030186480499999998	0.0264057017	0.104138182	-0.1206490365	0.0787641119	-0.1541535157	-0.0033237658	-0.0019581969	0.0444350519	0.0220886719	-0.0723391982	-0.0524284622	-0.0201791903	0.029610033199999997	-0.0250304735	0.0494272903	-0.0855194041	0.0386732298	0.021388253399999998	0.0056602	0.0012084699999999995	3.2037864039999994e-05	1.4603997408999991e-06	0.0299004	-0.011306199999999995	0.0001278301584399999	0.0008940339201600002	0.148089	-0.0023029999999999995	0.021930351921000003	5.303808999999999e-06	-1.20227e-05	0.00040997529999999997	1.4454531528999996e-10	1.6807974661009002e-07	0.000222909	0.0	4.9688422281e-08	0.0	-0.000158002	0.00027674599999999997	2.4964632003999998e-08	7.658834851599999e-08	0.0	0.0	0.0
8630.147009488877	2.252182831647588	74479437.40538982	5.072327507168146	10443.819946282052	-21.88871504141025	479.11584616405935	109073375.07035884	6361.420113554922	2.957438266661484	40467665.86114112	8.746441101113684	6414.5137470973095	10296.945152238422	1.039536	37.424809	0.047239124999999986	0.0295758	0.0553691337	-0.0074580176	0.1293659831	-0.0638587283	0.0105600108	0.045320934900000005	-0.0350088398	0.0442696603	-0.061140361799999994	0.0102862609	0.09768299470000001	-0.0467977024	0.11181778880000001	-0.1247145533	0.036769478599999995	0.037015572999999996	0.0367817642	0.025042069900000002	-0.07604505	-0.06481779480000001	-0.0709089879	-0.0376562916	-0.0070083848	-0.0972009531	0.0558047056	0.0437520096	-0.0101908143	-0.055772825899999996	-0.0761513286	0.0131189175	0.09184792789999999	-0.0046441195	0.0416500492	-0.0752621423	0.0116152321	0.0260924729	0.0454125	0.0494102309	-0.0333597029	-0.1552544208	-0.0070308585	0.0870089902	0.0290198872	0.010622515700000001	0.0231393789	0.0268511087	0.0122592349	0.083070212	-0.0066184521	-0.0040461338	0.0391314206	0.070086217	-0.1322006923	0.019415816399999997	0.0101276978	-0.0665254081	0.0101908835	-0.025786182400000003	-0.0877832212	-0.0325247113	0.029811027599999998	-0.0236337859	-0.0402854942	-0.06413161	0.0810575096	0.007902916099999999	-0.0504908528	0.0041677197	-0.0991109257	0.0158926615	-0.10846782869999999	-0.0407389041	-0.0822480758	0.0382914651	0.0036804158	0.1297500666	0.0046200931	0.0722273169	-0.0602478596	0.0138150372	-0.028843196800000002	-0.10044875789999999	0.0075003933	0.1100977903	0.0220557283	-0.07872046320000001	-0.0119225704	0.09321314	0.0893731566	0.1084836688	-0.0970255272	0.0384836822	0.0190180982	-0.0290055236	0.010377065500000001	0.0440986575	-0.0796916734	-0.026821837	0.1433031366	-0.0282937745	-0.0651631923	-0.0059817343	-0.0274477968	0.0881632581	-0.0205969102	0.0807046439	0.049796283499999996	0.0011868463	0.0150676769	-0.006415800699999999	-0.07817796889999999	0.0449980888	0.11043388230000001	0.0995836556	-0.0207463632	0.0008683698	0.0985254405	-0.0551593053	0.0507338837	-0.0041734183000000005	0.0058287061	-0.0043686459999999995	-0.0268746342	0.0400722563	0.1078114984	-0.09593375679999999	0.015494378500000001	0.0208630526	0.0011793864	0.0019680482	-0.058597375099999995	0.0235346946	-0.0782395153	-0.029033495	0.0656836009	0.0205754977	-0.027841946200000002	-0.0107957367	0.0327983706	0.046328464699999995	-0.0320172292	-0.0583240109	0.0745269475	0.0018090224	0.012088006	0.08558897730000001	0.0143512343	0.053769358600000004	0.07054338339999999	0.1652691742	0.051557806799999994	0.1082401853	-0.09531277839999999	-0.014917671499999997	0.0325198573	0.0522409174	-0.1073035287	0.093718861	-0.1262260281	-0.0040399675	-0.002078896	-0.0206837478	-0.1036988262	0.0807418459	0.0050651444	-0.0095153884	-0.0413625668	-0.1076085151	0.024490424500000003	0.0190299107	0.051755834699999996	-0.0408424867	0.012631266499999998	0.07449294	-7.29203e-05	-0.0864709601	0.041846685099999996	0.0163051952	0.00483949	-0.0008207099999999997	2.34206634601e-05	6.735649040999995e-07	0.040969300000000014	0.011068900000000008	0.00012252054721000014	0.0016784835424900005	0.147767	-0.00032199999999998896	0.021835086288999998	1.036839999999929e-07	-0.000520994	-0.0005089713	2.71434748036e-07	2.5905178422368996e-07	0.000222909	0.0	4.9688422281e-08	0.0	-0.000349581	-0.000191579	1.2220687556099998e-07	3.670251324099999e-08	0.0	0.0	0.0
8624.414613506959	-5.732395981918671	74380527.42567238	32.86036369351733	10460.88896589639	17.069019614338686	291.3514305946788	109430197.95681286	6357.402477686739	-4.017635868182879	40416566.26329749	16.141397969309594	6411.089446939528	10330.39998841887	1.041496	37.495369	0.014513449999999997	0.0103071	0.0707691303	-0.0363130292	-0.0039561210999999995	-0.0983540739	0.12306293060000001	0.0362134389	0.1237389767	-0.0034018015999999996	-0.0612806126	-0.0158311713	0.050924345999999995	0.007789255699999998	-0.1035909818	-0.0911819447	-0.0590118938	-0.013014367800000001	0.022489742099999998	-0.0206711253	-0.11821767	-0.09380838890000001	0.0151945049	0.011046526899999999	-0.0764940632	-0.18765129940000005	0.060735439100000004	-0.0637163605	-0.0044023974	-0.0983053674	0.1357844794	-0.0169071733	0.0969687678	0.0197292586	-0.0399546686	-0.0189220899	-0.024173487	0.047377245400000004	0.0329354789	0.0743355897	0.0586869342	0.06134079	0.0725949031	0.089153627	0.039674904500000004	0.068512098	0.022096470899999998	0.020488851699999998	-0.0502832221	-0.065736275	0.1494310505	-0.024627911699999998	0.0640810774	-0.014836871100000001	-0.0200094084	-0.040659254900000004	-0.059184347199999994	0.1370628494	-0.0609811503	-0.0574489952	0.0321960489	-0.0159674096	-0.16803667120000002	-0.1255217196	-0.056043074000000005	0.0542183975	-0.0087485618	-0.0468269071	0.092607551	-0.0001398971	-0.0286954149	-0.024117677599999998	0.0542943609	-0.0376300144	-0.023838227599999998	0.0397604078	0.0442812725	-0.1238822824	0.010010495999999999	-0.1048426065	-0.0011294122999999999	-0.009409252199999999	0.0271475578	-0.015528641000000001	-0.134197879	-0.042660963499999996	0.0515294717	0.0592129595	-0.0438068682	0.0315037083	0.0187788273	-0.038465637999999996	-0.030825173799999998	-0.0163513212	-0.0140033776	-0.0050344364	0.0159071527	-0.0047830397	-0.0089153997	0.0277126682	0.0064223652	0.0222772239	-0.032088636600000005	0.001828246	-0.10123491009999999	-0.09574568630000001	0.012934689899999999	0.0880408157	0.079080148	-0.0304138152	0.0317592107	0.0558750432	0.0141753958	-0.0294488932	-0.0569742985	0.0909116785	0.09308664470000001	0.0634642538	0.012418440800000001	0.0250458717	-0.0777072251	0.0113827	-0.1089714975	-0.062334546799999994	-0.0813227054	-0.1170331	0.0661432679	0.0089970927	0.0088558666	0.0107428071	0.0261313769	0.08712627949999999	0.0330340523	0.0429443282	0.13911226289999998	0.0745547723	-0.127401654	0.021812510499999996	0.1124223832	0.0106483567	-0.0788330904	0.081295888	-0.032343542999999995	0.0690147048	-0.0267488437	0.0072078093000000005	0.008839685699999999	-0.0412627358	-0.052979193	-0.051890536200000004	0.010786876899999999	0.0066031389000000005	-0.08669663400000001	0.0307780992	-0.0774970049	-0.0426205937	-0.10393259710000001	-0.0511626654	-0.1014707691	-0.0123782579	0.026754329	-0.035321602599999995	-0.014861925500000001	0.0270106337	0.0886415468	-0.09511894109999999	0.0589274406	0.0155265869	0.0069677551	0.0422632866	-0.012046803500000001	-0.033346762200000005	-0.0645056467	0.034229253700000004	0.0061817831	0.0040050694	0.053354935	-0.0873983701	0.044973402999999995	0.0111811673	0.00474019	-9.930000000000008e-05	2.24694012361e-05	9.860490000000016e-09	0.0414658	0.0004964999999999968	2.465122499999969e-07	0.0017194125696400006	0.14787899999999998	0.00011199999999997325	0.021868198640999998	1.2543999999994004e-08	-0.000343161	0.00017783300000000002	1.1775947192099998e-07	3.1624575889000016e-08	0.000222909	0.0	4.9688422281e-08	0.0	-0.000447861	-9.828e-05	2.00579475321e-07	9.658958400000002e-09	0.0	0.0	0.0
8619.54077711272	-4.8738363942393335	74296483.20830894	23.75428119781187	10477.553382507938	16.664416611547495	277.7027810032201	109779124.88330354	6356.458302941884	-0.9441747448554452	40404562.15703881	0.8914659488228449	6412.012975957441	10238.63456389485	1.021077	36.760269	0.02592744700000001	0.0121126	0.044171643499999996	-0.0178156207	0.0286252372	0.0544597401	0.1694991284	-0.050250397300000006	-0.0065350895	-0.1048559677	-0.0131667958	-0.0311173628	0.12048549730000001	0.0087408056	0.038336743799999996	-0.1046270859	-0.0194407851	-0.0517209344	-0.041132885099999995	-0.1447647175	0.007801065	0.0003222332	0.0567640915	0.0415127595	-0.0332734227	0.0021204497	0.049808537800000004	-0.0553924166	-0.0126621589	-0.040364074300000004	0.0034538167	-0.14451567029999998	0.0496861887	0.0587116383	0.0031085157	-0.0179191967	-0.010792124699999999	-0.0142609033	0.09178504380000001	-0.0408887862	-0.0199919738	-0.0018584832	-0.051467859000000005	0.0163403121	-0.1420184056	-0.0623660355	0.10056331130000001	0.044127340300000005	0.0343087956	0.060586078	-0.0154530962	-0.0490942751	-0.0386730781	-0.05338147309999999	-0.047190351500000005	0.0058422058999999995	0.0958265682	-0.0003680008	0.021881484	-0.1639338285	-0.028860233500000002	-0.08669901990000001	-0.0401337283	0.0623481767	0.0273520744	0.1266254473	-0.0595536605	-0.0192938536	-0.0721921969	-0.0466972795	-0.011326301399999999	-0.0174206104	0.0038255522	-0.10081392230000001	-0.0962698523	0.08503600289999999	0.1982758327	0.030477351899999998	0.1026620893	-0.156862504	0.0408758497	0.031951735099999996	-0.0805696064	0.0730308484	0.0078332657	-0.0571357144	-0.057201951200000004	0.0120194247	-0.045875359500000004	0.0565994992	0.0732125686	0.0660469238	-0.0148050004	0.0200456176	0.015392681799999999	0.0140982501	0.051378257000000004	0.10000627109999999	-0.079350986	0.12029855869999999	-0.1184396977	-0.0358089502	0.047442504100000005	-0.0117908652	0.0298502362	-0.0419249991	-0.1276230264	0.035048076000000004	0.0868657719	0.0060895251	-0.0152017999	0.0031097152000000004	-0.0598548505	-0.0094506815	0.1156201554	-0.006907834	0.0098482311	-0.0364251425	-0.0778884633	-0.04616291	0.075793003	0.0194806722	0.1064819275	-0.1300687311	-0.07121191	0.017785169	-0.07147893570000001	-0.0077458489	0.079948966	-0.0581067417	0.072339733	-0.0202570562	-0.0128372304	-0.0006185633	-0.018280626499999997	0.17664904039999998	-0.047108917300000004	0.0843386415	0.0112992941	0.0093124488	-0.0325636214	-0.0055470673	-0.0270820455	0.10934089949999999	-0.1056936032	-0.0813767146	-0.0687565332	-0.028291855299999998	0.0028798014	0.0435865439	-0.09115606130000001	0.10312364880000001	-0.1280382779	-0.0672628329	-0.12232306289999999	0.1309773209	0.0511629239	-0.0182446477	-0.089650059	0.0598552116	0.1177097068	0.0920893169	-0.0120833954	-0.028384097	0.1230138791	0.018274143700000002	0.10879019289999999	0.0275318613	0.050154560599999995	-0.023677108199999998	0.0497217372	0.030633870299999998	0.0240525126	-0.0718899002	0.111917443	-0.0636211352	-0.1304987537	-0.0883013753	0.0480498913	0.0060290448	-0.000459187	-0.005199377	2.10852700969e-07	2.7033521188129e-05	0.0472942	0.0058283999999999905	3.397024655999989e-05	0.00223674135364	0.147818	-6.099999999997773e-05	0.021850161124	3.7209999999972842e-09	-0.000413303	-7.014200000000002e-05	1.7081936980899998e-07	4.919900164000005e-09	6.67296e-05	-0.0001561794	4.452839516160001e-09	2.439200498436e-08	-0.000377409	7.045199999999998e-05	1.42437553281e-07	4.963484303999997e-09	0.0	0.0	0.0
8624.276120041353	4.735342928634053	74378138.59471554	22.42347265176454	10419.757732209382	-57.79565029855621	3340.337193433001	108571351.1979372	6355.8372114807935	-0.6210914610901455	40396666.65884395	0.3857546030390917	6407.55489774811	10245.30028156402	1.012988	36.469055	0.035115597000000005	0.0162525	0.0501092575	-0.0062109871	0.1422623197	0.0175018129	0.06507475559999999	0.0251009069	-0.0598952607	-0.0041620274	-0.052139234000000007	0.0030242065999999995	0.11918434359999999	-0.0441806351	-0.0319399698	-0.06513389900000001	-0.11763737140000001	-0.040265378500000004	-0.0003534239	0.04869908480000002	-0.040916860299999996	-0.099900821	-0.0321964576	0.0361822904	0.14853899550000002	0.0332923382	-0.0361661713	-0.009169020200000001	-0.0209373107	-0.0523293707	-0.057780125599999996	-0.0646352135	0.12729215230000002	0.007591656800000002	0.0292390483	-0.0188591379	0.0106107504	-0.0857576791	-0.04630975389999999	-0.0310849292	0.070803002	0.0359417937	0.06267966330000001	0.09681387539999999	-0.10794001210000001	0.0416728989	0.032533699900000004	-0.048442644800000004	0.07325481639999999	-0.0228006873	-0.14512701460000002	0.0812983677	-0.0163805226	0.0399667965	-0.0156992578	0.0273245635	-0.0191092324	0.0124554456	-0.0043598877000000005	-0.18725184539999998	-0.0301618634	-0.0150057675	-0.0738557661	0.0202524743	0.0786624595	0.0184719882	0.0036574901000000003	0.1073823015	-0.0546766324	0.0202643926	0.058596543499999994	-0.0786384163	-0.0052385973999999995	-0.08795860289999999	-0.0434029231	-0.0050667907	0.0148625383	-0.1263847364	-0.026592977900000002	-0.0410687571	0.0723029439	-0.0659298825	-0.0247596719	0.0163720532	0.1082222116	-0.0110481524	-0.0353088962	0.0655344329	-0.0321079108	-0.051215675999999995	-0.0087823187	0.0933845574	-0.0424002403	0.0513604608	0.048993376500000005	0.0121318752	-0.058400895099999996	0.1142852731	0.09046255240000001	-0.0101827047	0.0912408764	0.047726894299999996	-0.050404394500000005	-0.0133156152	-0.006572511999999999	0.0720064073	-0.06890710480000001	0.1164553478	0.0650048711	-0.0096287324	0.0316794067	-0.0329976362	0.06887477	-0.0259844134	0.0075970068	0.036301646	0.0835514767	0.056018804000000005	0.0032402665	-0.0463292752	-0.0906942835	-0.0462980587	0.0384259155	-0.0800588437	0.0564131724	0.0816522405	-0.0374373412	-0.0173496998	-0.0333881479	0.0797650942	-0.0416006379	-0.0404723122	0.0221758242	-0.0359476322	0.011985215700000001	0.1281539936	-0.013597624499999999	0.17327134	0.0479523834	-0.0403465084	0.0072185780000000015	-0.015250254599999999	0.0551663372	0.012077356899999999	-0.0605562549	-0.0674986858	-0.1499252387	-0.0890857578	0.045543920599999996	0.11760167099999999	-0.0811142719	-0.0923868117	-0.026584895600000002	-0.07246568099999999	-0.0044054123	-0.0009243292	0.012805981000000001	-0.0033296064000000003	-0.0772639525	0.0214870881	0.04001143	-0.0241104114	-0.0319326416	0.0923198908	0.0016214101	0.1175625028	0.0375946851	-0.0279258994	-0.0235976741	-0.0127417582	0.0060440547999999995	0.0770522066	-0.005678455600000001	0.0644251251	-0.07805040719999999	0.0416064914	0.0517580442	-0.0891797233	0.051072714000000005	0.0008617733	0.00378974	0.004248927	1.4362129267600002e-05	1.8053380651329005e-05	0.0474412	0.00014700000000000132	2.1609000000000386e-08	0.0022506674574399995	0.155898	0.008080000000000004	0.024304186404	6.528640000000007e-05	-0.000240577	0.00017272599999999997	5.7877292929e-08	2.9834271075999996e-08	0.000222909	0.0001561794	4.9688422281e-08	2.439200498436e-08	-0.0005012969999999999	-0.00012388799999999995	2.5129868220899994e-07	1.5348236543999987e-08	0.0	0.0	0.0
8639.191415426216	14.915295384862475	74635628.31237403	222.46603641769985	10440.798102598028	21.040370388645893	442.6971860914071	109010265.0192146	6360.789443899169	4.952232418375388	40459642.349619105	24.524605925608142	6411.385915599967	10328.668206393593	1.026793	36.966038	0.018869179999999985	0.0110248	0.0742899662	-0.031160318500000006	0.0775005207	-0.1157330341	0.0799456696	0.0563003968	0.0354527039	0.0486475492	-0.09283134550000001	0.023190761	0.045138427300000006	-0.0217062313	0.0882009275	-0.0998630901	-0.0181332568	-0.0661744646	-0.0801638116	-0.0557657184	-0.0067303738	-0.056599123700000004	-0.11907489619999999	0.0514203838	0.1226436889	0.0561316778	-0.08905985640000001	-0.0205008695	-0.0068016116	-0.1147625694	0.022692861800000002	0.028574690899999998	0.09042974	0.0310883857	0.038279818300000004	0.0503144262	0.0089373074	0.029254592000000006	0.1092309524	-0.1089411478	0.0909860123	-0.028693699399999998	0.0428574272	0.0297329311	-0.09036637970000001	-0.068011822	-0.022090204900000004	-0.07741433019999999	0.1857179619	-0.029361596299999997	-0.0456644377	0.056988500899999996	0.024609942599999997	0.0305050769	0.060507867699999995	-0.0772825772	-0.0215495443	0.101895587	0.041348581	0.0534165001	-0.108766486	-0.03554075	-0.013481651499999999	0.0347641112	-0.0729925617	0.0778018178	-0.0894940875	-0.09100154490000001	0.0764822285	-0.0360455284	0.0615570754	0.0670080847	-0.015346555800000003	-0.017546944	-0.0860586581	-0.0420232886	-0.17057278969999998	0.08490618039999999	0.0082765097	0.0133181355	-0.09976159710000004	0.17048937190000002	0.0108828329	0.024835687000000002	0.046466878600000004	0.015054516499999997	0.12313811960000001	-0.17025973519999998	-0.0325586106	0.02254208	-0.0204917945	-0.0433976652	-0.0059669864	-0.0707774495	0.0416440099	0.0102735662	-0.025021846299999997	0.1241144159	0.0608104551	0.07843339190000001	0.0397708703	0.0328135854	0.06926358269999999	-0.001353007	-0.1052868201	0.0346582654	0.0093118449	0.0815812595	0.0590842912	0.0165654891	-0.0768625364	-0.0030075074	-0.0511632447	-0.0160717578	0.1000677327	-0.058353384	0.0853605057	-0.0582409008	-0.049482293	-0.0016488053	-0.0721304567	0.1173070403	0.12891142220000001	-0.05864377990000001	0.0836423792	-0.0104617015	0.09481098630000001	0.0206810778	-0.1324060312	0.0434529679	0.026771932400000004	0.0577871958	-0.0414598123	-0.11799501789999994	0.0060670158	0.0813387158	-0.008729175300000001	0.0500295274	-0.0579310339	0.0283414153	-0.0180882706	0.0076185952	0.0169501929	0.0656825166	-0.02023078	0.0207849197	0.126684824	0.046903266500000006	-0.0657170755	-0.0223295202	-0.18364647309999999	0.0208179221	0.0187827719	-0.0038239666999999996	-0.0748005246	-0.1051108565	-0.0475078637	0.1710375632	0.1252742178	-0.0213824802	-0.014447381499999997	-0.0701622538	0.018079731	-0.05853918440000001	-0.090306007	0.05369463730000002	0.0015403907	0.0428130626	0.0786327807	-0.12325733960000004	0.08450648960000001	0.0408466825	-0.1894929245	0.0899315307	-0.0178793874	0.029126395099999997	0.1009326088	-0.09003316900000001	0.054038495	-0.0043076634999999995	0.00371661	-7.313000000000024e-05	1.38131898921e-05	5.3479969000000356e-09	0.0418902	-0.0055509999999999995	3.0813601e-05	0.0017547888560399995	0.15782000000000002	0.001922000000000007	0.024907152400000004	3.6940840000000266e-06	-0.000415975	-0.000175398	1.73035200625e-07	3.0764458404000005e-08	0.000222909	0.0	4.9688422281e-08	0.0	-0.000450234	5.1062999999999894e-05	2.02710654756e-07	2.60742996899999e-09	0.0	0.0	0.0
8645.238518816948	6.047103390732445	74740149.04723626	36.56745941820785	10494.39218954648	53.59408694845115	2872.3261558381423	110132267.42801414	6358.3286832738	-2.460760625368493	40428343.64454234	6.055342855363939	6413.47233207679	10412.558587218791	1.0622140000000002	38.241245	0.08082079499999999	0.0462461	0.1033696018	-0.056476617199999996	-0.0136741385	0.00656659	0.1535901478	-0.0493325303	0.1020056022	-0.08676009470000001	-0.0528979279	-0.0496987507	0.0730646901	0.0272713182	-0.0447708595	-0.0245303804	-0.0376017565	0.0713047049	0.050760621500000006	0.0793960466	-0.0802341946	-0.0233304827	-0.18089341809999998	0.07547335820000001	0.090140484	0.0959657017	0.012704608400000001	0.0227479215	-0.0077723616	-0.0502905309	0.0788100711	-0.1300676244	0.09384749220000001	0.0592499173	0.0602542017	-0.0590592035	-0.0185455008	-0.055961034699999995	0.08233266040000001	0.0688198392	0.0507874534	-0.07628235309999999	0.0022089804000000003	-0.0692990815	0.0001502849	0.0011624777	-0.022431178700000002	0.0760960183	0.019183669599999998	-0.08525428439999999	0.06494079650000001	0.0250016417	0.0587756783	0.045896756600000005	-0.07591312530000001	-0.054743718	0.0469681852	-0.0129662142	-0.0205495946	-0.0469033508	-0.0051416164	0.0069136831999999995	0.0660116457	-0.048733344299999995	0.1523423239	0.009870129200000001	0.061955983099999994	0.0227326359	0.12155637720000001	0.028188223300000002	0.0813946587	-0.03836086	-0.1592684547	-0.052337437800000004	-0.1143232501	-0.008854413299999999	-0.125427349	-0.0965803002	0.2553330779	0.0020501443	0.0112681906	0.097427488	0.0646842846	-0.0962204542	-0.0779194733	0.031082512000000007	0.1226868291	-0.0887411773	-0.05987543400000001	-0.09545966269999999	0.0064394549	0.023733956400000002	-0.045584958200000004	0.10522921519999999	-0.1624889383	-0.0638201223	0.0028353366999999997	-0.0897391242	-0.0921195604	0.058314755999999995	0.0043796875	-0.0463406595	-0.100503286	-0.0003332527	-0.0377948282	-0.10363143150000001	-0.0826088832	0.1131659248	0.0761555826	0.0470554128	0.0394241776	0.012378441	-0.0179615143	-0.0811715274	0.0389032416	0.07902135769999999	0.0214200325	-0.013149248300000001	0.0018127101000000002	-0.0721579618	-0.0051180527	-0.0640032614	-0.0286332252	0.0257967358	0.0848066894	-0.0835106541	0.1438181896	-0.1188832027	0.0349094003	0.0193345278	-0.0019777769	-0.0036844908	0.1388462983	0.015527656899999999	-0.061384425	0.0108055184	0.1409120043	-0.0032929743	0.0097490401	-0.1434662417	0.08538814759999999	-0.059904283600000004	-0.0799348482	0.1187846273	-0.011731456000000001	0.0601953537	-0.13712323640000001	0.0367148706	-0.1505031126	-0.0406500815	-0.056147088899999996	-0.022660384900000004	-0.0580784225	0.026738944900000002	-0.2327289096	0.0201381474	-0.1596822665	0.129153768	0.0259586514	0.0162482073	-0.12145809800000001	-0.1420188678	0.06277108049999999	-0.0554258184	-0.0024834351	-0.0322636491	-0.0607700926	0.0299630387	0.0448241956	-0.0093164694	-0.1088249785	-0.0670151382	0.108713765	0.0265070056	0.1341108221	0.0273928835	-0.0098811437	-0.0908614741	0.056943921900000014	-0.0094662766	0.00227526	-0.00144135	5.176808067599998e-06	2.0774898225000003e-06	0.07882289999999999	0.036932699999999985	0.0013640243292899995	0.006213049564409998	0.136216	-0.02160400000000001	0.018554798655999998	0.0004667328160000005	-9.31611e-05	0.0003228139	8.67899055321e-09	1.0420881403321001e-07	0.000222909	0.0	4.9688422281e-08	0.0	-0.000544275	-9.404099999999996e-05	2.96235275625e-07	8.84370968099999e-09	0.0	0.0	0.0
8653.353841731418	8.115322914469289	74880532.71020788	65.85846600611029	10509.851784138007	15.459594591528006	238.9990649344019	110456984.52454886	6366.026633174517	7.697949900716593	40526295.09428728	59.258432673942615	6422.0528609893945	10418.873653129913	1.065453	38.357872	0.06319841	0.042406	0.10527395169999999	-0.040735672	0.0873295966	0.0904889105	0.0729101711	-0.0633524601	-0.051758606500000005	-0.025920119	-0.08712465890000001	-0.0344958492	0.10054058460000001	0.029727362200000006	-0.027066376200000002	-0.0155499275	0.062355984800000014	-0.12180292820000001	0.0271957254	-0.009700489599999999	0.078247488	-0.0024722238000000002	0.0098587638	-0.0301704668	-0.0389410713	0.0059378265	-0.033780064500000005	-0.0371864166	-0.0024266166	-0.0101980786	-0.0177086915	-0.0845757189	0.0943213726	0.0691006539	0.06767966660000001	-0.0293901678	0.0029739376	2.8209600000000002e-05	-0.060566596699999996	0.0774360691	0.0119580958	0.0395164019	-0.1729182204	-0.0210473344	0.055610688	-0.1297738981	0.0505569492	0.0516048856	0.012110671399999998	-0.0751615499	0.0084390926	-0.1257241535	0.0792337317	0.2139122857	0.11691840419999999	-0.0394763981	-0.0714007661	-0.0201678555	0.0499408058	0.0332052779	0.0002646876	-0.08511524349999999	0.0027294214000000002	-0.0454152718	-0.0015594245000000002	0.00023306740000000002	-0.0127387873	-0.0005519687	0.015494078500000001	0.0244592177	-0.1028268484	-0.0899529456	-0.10070857820000001	0.106170664	0.0851042512	0.0109976146	-0.025472386099999998	-0.08860120960000001	0.1322940934	-0.082803468	-0.1816951995	0.15854347929999998	-0.023653728500000002	0.012773197	-0.0700858948	0.0555313963	-0.0696059965	-0.0333957394	0.062238568099999995	0.0671079159	0.0283141203	0.060367600599999995	-0.0649168201	0.0470496346	0.0660383571	0.035405384500000005	0.0511135601	-0.0317960845	0.0142890468	0.0285448575	0.0025784348	0.11855069970000001	0.0339374484	-0.0057268237	0.045114609900000005	0.01839902	-0.07173838190000001	0.0975818684	0.08684217849999999	0.07148865559999999	0.0276516515	0.015086973899999996	0.0093979031	0.0387727375	-0.0514431466	0.022773711800000002	-0.0101163245	0.0001338224	-0.0824982034	0.0227766479	0.20929457350000005	0.1286558051	-0.013261213300000001	-0.044218705999999997	-0.0510508878	-0.070693166	0.1197839882	0.1368845284	-0.16860724789999998	0.0523886136	-0.0614965122	-0.1245526486	0.0003223539	0.0297676734	-0.045835967000000005	-0.0200440975	0.057269438799999996	-0.0175215835	0.0089886991	-0.050808864800000006	0.0141861808	0.0086929	-0.0384001561	-0.12336335650000001	-0.003690327800000001	-0.025003981600000003	-0.054877534299999996	-0.0321701499	-0.1023984503	-0.1535903337	0.0597842087	-0.0337699433	0.10192563240000001	0.1078202323	-0.1989127967	-0.0616112651	-0.0932505943	0.0389411447	-0.09565443539999999	-0.070267846	0.0702350756	0.0897751891	-0.0291744225	-0.0538923398	-0.012763685700000001	0.0679187336	-0.0024225848	-0.0188953434	-0.0629970999	0.091152538	0.0846892033	0.0043514243	-0.0185361093	-0.013536746100000002	0.0200451093	-0.07896280230000001	-0.10799715720000001	-0.0916644073	0.059785749699999995	-0.014601103999999997	0.00306022	0.0007849600000000003	9.3649464484e-06	6.161622016000007e-07	0.0417351	-0.03708779999999999	0.0013755049088399992	0.0017418185720099995	0.116667	-0.019549	0.013611188889000002	0.00038216340099999984	-9.31611e-05	0.0	8.67899055321e-09	0.0	0.000222909	0.0	4.9688422281e-08	0.0	-0.000428742	0.00011553300000000002	1.83819702564e-07	1.3347874089000004e-08	0.0	0.0	0.0
8644.220753430267	-9.133088301150565	74722552.43403453	83.41330191661329	10444.956277210273	-64.89550692773446	4211.426819407631	109097111.63283429	6362.970039930735	-3.056593243782117	40487387.729056135	9.342762257934488	6414.0254886012535	10447.592091545936	1.047469	37.710407	0.07839703500000003	0.0421739	0.1093668931	-0.0553512544	0.1450467457	-0.0321342539	-0.0031415101	0.0319329295	-0.0260420954	0.036053563	-0.1376918733	-0.05169603230000002	0.1115842817	-0.043061300999999996	0.0088862649	-0.000893986	0.020151022	0.10359368890000001	0.019747145900000002	0.0889677282	-0.014533326599999999	0.0773491529	0.036763624700000004	0.1320694863	-0.0348136559	-0.0730011981	-0.0825558666	0.0763032729	-0.0078424163	-0.0614456568	-0.0556008738	0.0409176112	0.15634985369999999	0.0710626045	0.10329930609999999	-0.056343063	0.0624105624	0.0281698125	-0.021599512999999997	0.1404330458	-0.0720331863	-0.007422365699999998	-0.0484238696	-0.0079895737	0.0129632567	-0.013378918100000001	0.19280936969999998	0.054622212	-0.0912871176	-0.0109439597	-0.0069460229	0.0531248896	-0.07368602219999999	-0.1001736449	-0.0324014875	0.004150280300000001	0.0595236308	0.0618687468	0.048227505999999996	-0.138360469	0.0128248454	0.0031321890999999997	0.0740523931	0.1352626059	0.039231203900000004	-0.041672919700000005	0.0402440691	0.0313376519	0.0147529081	-0.0855965618	-0.0057506909	0.09909211470000001	-0.0300193599	0.0499548048	0.1189251928	0.0718763763	-0.0655689778	0.0112895976	-0.1205622293	0.0218580673	0.0060339876	-0.06718269980000001	0.015465028	-0.0846964551	-0.1392986591	0.0338234069	-0.1263142626	-0.0745581581	0.022510630400000002	-0.0007584630999999999	-0.0791199123	-0.1046955862	-0.026397392599999996	0.0676480942	-0.0790855821	0.028266478799999998	0.0062551434	0.0048183745	0.07084905450000001	-0.031009765800000002	0.09377405230000001	0.011102001	0.029173662200000002	-0.010824493999999999	-0.0388135831	0.0892414485	0.0049786903000000006	0.1428503147	0.10056889279999999	0.10894705939999999	0.044996542	-0.030893175699999997	-0.0541364194	0.0587877546	-0.021561418199999998	0.077031547	-0.09262177390000001	0.014280896999999999	-0.017707468400000002	-0.017180418200000002	0.0707093295	-0.0820796137	-0.1502286542	-0.1210642711	0.0070370974	0.0382974195	-0.1265211256	-0.0419211764	0.0840812674	-0.034166008500000004	0.0658988213	-0.052114224	-0.0061470641	0.0415693511	-0.0080219614	0.1626721179	0.08490523330000001	-0.015824003899999998	-0.0595821187	0.0386192264	0.0147298044	-0.08829254480000001	-0.0010684912	-0.029321322400000002	0.0939326583	0.0161233191	0.0174675206	0.0355429009	-0.12174543019999999	0.0489941609	0.1140416947	0.0046668324	0.0714354232	0.05757155980000001	0.118087408	0.0202631334	-0.028254886200000006	-0.055474929400000005	0.009773497800000001	0.026071628399999998	0.0598969305	-0.0747664889	0.0542197443	-0.0618219091	-0.09329834460000001	0.018306984199999998	0.1009397073	-0.01671549	-0.005662217099999999	-0.008950519300000001	-0.0096373209	-0.0882240947	0.0017329348	0.1101307904	-0.1344128783	-0.0117244371	-0.0308734348	-0.0924417442	0.0625608044	-0.0196992437	0.00140649	-0.0016537300000000002	1.9782141201e-06	2.7348229129000006e-06	0.0725339	0.0307988	0.00094856608144	0.005261166649209999	0.0975615	-0.019105500000000008	0.00951824628225	0.00036502013025000037	0.000296201	0.0003893621	8.7735032401e-08	1.5160284491641e-07	0.000222909	0.0	4.9688422281e-08	0.0	-0.00057616	-0.00014741800000000007	3.319603456e-07	2.1732066724000025e-08	0.0	0.0	0.0
8643.9957053217	-0.2250481085666252	74718661.75362	0.0506466511694155	10451.637609388634	6.681332178361116	44.64019967760371	109236728.71798696	6357.503761096843	-5.46627883389192	40417854.0723605	29.88020428985481	6408.48963530494	10401.422376287206	1.086969	39.132454	0.10884652000000004	0.066607	0.10653619789999999	-0.0903480966	0.0373783879	-0.08449064279999999	0.060102568700000004	0.04056627	0.0787129807	0.040528212200000004	-0.10251438539999999	-0.0399421997	-0.0165937747	0.0293356338	-0.010129625	-0.11085732599999999	-0.1765401551	-0.10156227970000001	-0.1385728651	0.0012426349000000001	0.001998211	-0.027621060099999997	-0.1493157503	-0.0286429989	0.090904841	-0.06355617429999999	-0.001743406	-0.015442452800000001	-0.0167779318	-0.0886012319	0.0702239496	0.0104796744	0.1485438788	0.0443491864	0.0393606888	0.09676542689999999	-0.0536881115	-0.030508829700000007	0.0589555	-0.0940798952	0.054583976799999996	-0.0232333227	0.0869799087	0.042885175	-0.0501685221	-0.050669624100000005	0.093166906	-0.0208885173	-0.1099983378	-0.0113457109	-0.0375656418	0.0068729538	-0.026163956000000002	-0.0471494338	0.1193321106	0.0019136823000000002	0.0163302501	0.0858270634	0.08203156610000001	0.1867760848	0.0207961327	-0.03516244	-0.04851301	0.0545841748	0.1264510468	-0.0331981805	0.054956331	0.0807008256	-0.0655023138	-0.0311229523	-0.07734688969999999	-0.0045828982	-0.0795639688	-0.050261516900000004	0.1078508044	-0.0635860784	-0.0196041421	-0.0360950067	0.11002652730000001	-0.1083953034	0.1331500199	0.120607428	-0.043132964100000004	0.056386310499999995	0.0682431634	-0.028281916299999998	0.0649910311	-0.0025644657	-0.06641904679999999	0.0319246223	0.021564395099999998	0.010959091200000002	0.0056327299	0.0416528535	-0.1303190838	0.0236019098	-0.026845949900000003	-0.0468216407	-0.0343883623	0.0043911574	0.08937097279999999	0.00031333209999999997	0.129517926	-0.012630996799999999	-0.1033104543	-0.0254768548	0.0201206446	0.1389118972	0.0758312633	0.0100690937	-0.11315121380000001	0.0299716225	0.0399502641	-0.0415594079	0.0525171443	-0.0929715486	0.045413613	0.0225839177	-0.0453683023	-0.0973912736	-0.0311489607	0.0323467802	-0.0485420356	-0.0657118745	0.013960965300000001	0.0912198242	0.0239675942	0.1174505106	-0.0065929890000000005	-0.14551840189999998	0.0477524664	-0.014938956100000001	-0.134314963	-0.12382048720000001	0.0179449822	-0.05377433349999999	-0.0276409737	-0.0936365308	0.0245272147	-0.06641946580000001	0.1516205847	-0.1172945482	0.05768469070000001	0.031478564300000005	-0.09068182080000001	-0.0976831034	-0.0339087506	0.08474689349999999	-0.0748349279	-0.0032344912	0.009945461800000001	-0.1882144366	-0.0626639235	0.021957034900000002	-0.022343795899999998	0.0545129979	0.008464813100000001	0.10573668609999999	-0.023787088199999997	-0.020508448500000002	-0.0411813833	-0.0295358977	0.0968386373	0.0059320112	-0.0094536255	0.0335695952	0.05241245480000002	0.026543546	0.031722175	0.070034485	0.0376251127	0.014198815900000003	0.1047755756	-0.0329686238	-0.0187465193	-0.0347475168	0.0068005183	-0.09319326800000001	0.0652659867	-0.0247478857	-0.006812100000000001	-0.008218590000000001	4.640470641000001e-05	6.754522158810002e-05	0.0231459	-0.049388	0.0024391745439999997	0.0005357326868100001	0.14105299999999998	0.04349149999999999	0.019895948809	0.0018915105722499988	0.000289045	-7.156000000000024e-06	8.354701202499997e-08	5.1208336000000355e-11	8.54184e-05	-0.0001374906	7.29630305856e-09	1.890366508836e-08	-0.0005864819999999999	-1.0321999999999894e-05	3.439611363239999e-07	1.0654368399999777e-10	0.0	0.0	0.0
8661.242587337529	17.246882015828305	75017123.15670928	297.4549392679018	10478.049248025032	26.411638636398486	697.5746554596976	109789516.04403794	6360.318201594632	2.814440497789292	40453647.62553598	7.921075315596437	6412.098092087772	10403.58421488672	1.054441	37.961403	0.09339571000000002	0.0575505	0.1092754651	-0.0963183648	-0.0164677758	0.0280743177	0.1227654067	-0.0463326633	0.1066893424	-0.07061183730000001	-0.0661646138	-0.0938746232	0.11312327330000001	0.0150991907	0.050658837000000005	0.0466473462	-0.0048468028	-0.055759282599999994	-0.0283410617	-0.0085603349	-0.051852740700000004	0.107452509	-0.1855159275	0.0758287269	0.1333513942	-0.051719204500000004	-0.060074584199999996	-0.056265437599999996	-0.0025326859	-0.0492781755	0.1002888299	-0.0701813605	0.11697122789999999	0.0836402062	0.046726832999999995	0.009560262199999999	0.0050220145	-0.0624153747	0.1026848207	0.028214340600000002	-0.0454615129	-0.1434764612	0.1096604115	0.0702279622	-0.010432363100000001	0.0207178927	-0.055891718099999994	-0.0535213323	-0.14629609300000002	-0.10669354140000001	0.010449094	-0.04661116269999999	0.0910946102	-0.1044096745	0.0243573227	0.0142663449	0.09002017550000001	0.0022277268	0.0527712801	-0.067567275	0.0766071959	0.026461297400000004	0.2184340394	0.0378008254	-0.0206850775	0.0925102572	0.072067462	-0.0800751151	-0.0549747266	0.1080356313	0.1008325238	0.0058876606000000005	0.13378212009999998	0.0749180073	0.058077721	-0.09103948320000001	-0.1607398771	0.1298229413	-0.026540259	-0.0109802152	0.0213807672	-0.0048973913	0.0475553664	-0.111303073	0.0150770514	-0.015196188999999999	0.05072315769999999	-0.0188790761	-0.0229338089	-0.0271253462	0.0171144212	0.06303111230000001	0.0166071614	-0.09329872210000001	-0.029344431600000002	-0.0292793629	0.056524912999999996	0.0867891375	0.0519502002	-0.0248948169	-0.1615516011	-0.0029878563	-0.0755744246	0.0013220953	-0.0534228023	-0.10514203119999999	-0.0512095163	0.1130605996	0.0829046695	0.0745544982	0.011833256200000001	-0.0114561455	-0.0628118378	-0.08981313449999999	0.0661048288	0.0797341594	-0.0523925989	0.012051690600000001	0.0091675379	-0.08458382880000001	-0.1438423394	-0.005492898100000001	-0.1057739325	0.101716374	0.11477568070000001	0.0781999175	0.060501214299999995	0.10369725619999999	0.0923611816	-0.150694814	0.0091889974	-0.0483567127	0.0734725574	-0.005691267	-0.015776299	0.0963543687	-0.0140660463	-0.0521004288	-0.1067369176	-0.0156819758	0.0355557903	-0.0340575652	-0.1360098389	0.0439572834	0.051558260999999994	-0.004175082100000001	0.133284235	-0.0398127915	0.1562922549	-0.0786262505	-0.021625268399999998	-0.0006360442	0.019247619	-0.09361993699999999	0.15658093480000002	0.072897145	-0.048612511	0.1078452993	0.04382742480000002	-0.0173400036	-0.0742816171	5.84136e-05	-0.0796023399	0.0673013721	-0.0156511352	0.08573680880000001	-0.083501644	-0.0325413023	0.0527826809	-0.0511979846	-0.0750278808	-0.12149313490000001	-0.0830304838	-0.101508128	0.17580602969999998	-0.0615743991	0.016806589	-0.09391876869999999	0.0678982752	-0.029734344399999998	-0.00226217	0.004549930000000001	5.1174131089e-06	2.0701863004900006e-05	0.07160989999999999	0.048463999999999986	0.0023487592959999994	0.005127977778009999	0.111313	-0.029739999999999975	0.012390583969000002	0.0008844675999999985	0.000411932	0.00012288699999999996	1.6968797262399994e-07	1.510121476899999e-08	0.000118836	3.3417600000000003e-05	1.4121994896e-08	1.1167359897599997e-09	-0.000643013	-5.653100000000007e-05	4.13465718169e-07	3.195753961000008e-09	0.0	0.0	0.0
8664.991336314133	3.7487489766044746	75082074.85839899	14.053118889593096	10485.570779506128	7.521531481095735	56.57343582111421	109947194.57203276	6365.431965000777	5.113763406145153	40518724.101053655	26.150576174029283	6418.880761649187	10536.476314341497	1.05057	37.82206	0.066581385	0.0475449	0.1373656841	-0.0634490474	0.0841870833	0.11241225960000001	0.0406412304	-0.058322965899999996	-0.0748936021	-0.0281933802	-0.1071669382	-0.0305760484	0.0202357536	0.04965735860000002	-0.1070209808	-0.005443030600000001	-0.0180026973	-0.09438330730000001	-0.0038974689	-0.0081683591	-0.0628978976	-0.0210886411	-0.08763747820000001	-0.0469417304	0.0255708473	-0.0733947628	0.024018537599999997	0.0230713307	0.0070820399	0.014581291000000001	-0.0409317851	-0.0762393072	0.1563077947	0.10375671310000001	0.1143693731	0.0353820783	-0.08751749140000001	-0.099371936	-0.0011026935	0.0488327953	-0.0226612721	-0.0046987657	-0.0670458072	-0.1682520026	0.1268044554	-0.10534103980000001	-0.1953436487	0.0422443117	-0.10160513	0.0038366673	-0.0120868388	-0.037951840099999995	0.0298816545	0.0077634314000000005	-0.025135087799999997	-0.0347726805	-0.1459853981	0.1121979842	-0.0819219167	0.023406748300000002	0.0288430225	0.0490286981	-0.055604355999999994	-0.0804308476	0.0098378153	-0.0690482162	-0.0068976801	0.055300713099999996	-0.0757403041	0.06174662230000001	-0.035361209500000004	0.0388823427	-0.0247968114	0.12758774890000002	-0.050026046100000006	0.0232294548	-0.0962737716	0.1097237235	-0.1449849986	0.0551896421	0.189957543	-0.07551583049999999	-0.0007138323	-0.0769822549	-0.0209828583	0.0525560066	-0.0539676639	0.060575251	-0.1412890642	-0.1194536317	0.0895535796	-0.138596356	0.08578630820000001	-0.013053813000000001	0.0277039598	-0.0535969625	-0.0418002727	-0.17018535350000005	-0.0296468839	-0.0264453093	-0.0831106073	-0.1062007077	0.099333676	0.0008054858	0.0564260257	0.0186951673	-0.0715928062	0.1533704829	0.0803083784	0.1039056786	-0.0542812291	0.0692307922	0.067841375	-0.0911280542	-0.0278071164	-0.04617205940000002	-0.074162249	0.012461915700000001	-0.0548922929	-0.0162132649	0.1524663591	0.07760348759999999	-0.0856164552	0.1990960334	-0.0261595328	-0.009866616600000001	0.0261524317	-0.0019738483	-0.037642610099999994	-0.0245026918	-0.11321337470000001	0.1069087373	0.0638031696	0.055713565300000004	0.17540956170000002	-0.043257147999999995	0.0486456967	-0.0802643056	0.06362196610000001	-0.1090105041	0.0730304734	0.051662198	-0.0034695709000000003	-0.11369331810000001	-0.0808590772	-0.0618330246	0.0821652114	0.0192563811	-0.0004135505	-0.0036331891	0.0151191801	0.0619768065	-0.01264637	-0.025188282200000002	0.2086793432	0.000666895	0.0469636478	-0.0697511809	0.025060263399999998	0.1332429848	-0.08660908980000001	-0.1402675017	-0.0315851044	0.0093281921	-0.06801472230000001	-0.1871513341	-0.021063775899999998	0.0128031154	-0.0170821906	-0.0007152295	-0.12306285230000001	-0.0773458407	0.0109021881	-0.109907492	-0.06671657360000001	-0.103774412	-0.041809004	-0.09461804380000001	0.0704547299	-0.0346460904	-0.006813	-0.00455083	4.6416969e-05	2.0710053688899995e-05	0.025251	-0.0463589	0.0021491476092099994	0.000637613001	0.112216	0.000903000000000001	0.012592430656000004	8.154090000000019e-07	0.00029558	-0.00011635199999999995	8.73675364e-08	1.3537787903999993e-08	1.18459e-05	-0.0001069901	1.4032534681e-10	1.144688149801e-08	-0.0005709819999999999	7.203100000000007e-05	3.2602044432399987e-07	5.188464961000011e-09	0.0	0.0	0.0
8647.266669568051	-17.724666746082217	74775220.85462253	314.1638112596729	10444.001319207491	-41.56946029863684	1728.0200295199445	109077163.5556078	6362.0756342018785	-3.3563307988988527	40476006.37530524	11.26495643163701	6413.628535039508	10535.486209877916	1.071026	38.558517	0.06831589499999999	0.0382749	0.12471389599999999	-0.0507886415	0.1281148738	-0.0555819496	-0.0315327902	0.0497690643	-0.020598733799999998	0.059526620499999995	-0.1285988383	-0.0319175753	0.0397347857	-0.022267971	0.0094477049	-0.0682129849	0.08847591980000001	0.0238901253	0.0142582811	0.0202275323	-0.0277562832	-0.0237014586	-0.0910836807	-0.0077673291	0.0026884664	0.0210286746	-0.0385431803	0.0342121376	-0.0139643371	-0.0636292583	-0.0653872724	0.0416565842	0.1709925695	0.044792800199999996	0.108539703	-0.0446818441	0.0138029826	-0.0072381898	0.0675147106	-0.0094646043	-0.136889549	-0.113765196	0.024706574	-0.0456956424	-0.0062743475	0.0330264526	-0.1571762809	-0.0519610758	0.0573328794	-0.08289096509999999	-0.1703717661	0.0119512623	-0.0123544244	-0.045927862400000005	0.0815441317	-0.0049018147	0.0226669925	-0.0970471545	0.1639293911	0.0819779166	-0.05597927900000002	-0.0171961695	0.0438982829	-0.056610935999999994	-0.051220258	-0.0430591563	0.0782067773	0.028863951699999998	-0.0835479145	-0.0081778811	0.0681000561	0.0968525271	0.0540523833	0.1277814951	-0.0179473972	0.0442008251	0.0439865079	0.043792513	-0.065528975	0.0111871448	-0.087860446	0.0961053825	0.0496056829	0.0462674754	0.1826113101	-0.0151282292	0.0199259286	0.1019217134	0.0853548682	0.046276605	-0.060265631500000014	-0.040188851	-0.05299557110000001	0.10236252369999999	0.0024715945000000003	0.0933857409	0.0517629518	-0.0092917422	-0.0890389224	0.025891292000000003	0.08467804570000001	-0.1370448597	-0.06939278389999999	-0.0121764208	-0.040981209399999996	0.09244041380000001	0.0035330385	0.1439686189	0.07827419099999999	0.08139849099999999	-0.0042870444	0.0065688948	-0.0696296675	-0.0042543915	0.10011356689999999	-0.0350240106	-0.15143879470000002	-0.0239013592	0.0443959858	0.003788153	-0.019247214	-0.029787705499999997	0.054259223499999995	0.1171803766	0.1394789448	0.09308364429999999	0.0331232479	0.0760508378	-0.016784091	0.0412306161	-0.0285464731	-0.022025593	0.0209100641	-0.18194173940000002	0.0393597376	-0.029300993100000002	0.033814656299999996	-0.0378333681	-0.0364474179	-0.0828522269	0.0278852716	0.0745357861	0.0479881074	0.044091175499999996	0.029073124	-0.07098812019999999	0.0544710666	0.0893983984	0.0713317683	-0.0368240848	0.0447187997	0.0333996695	-0.014680571000000003	0.058910825099999994	0.0391690821	-0.0328055135	0.0025907839	-0.1743906191	0.2051587	-0.0425447949	-0.0006983514999999999	0.0466863454	-0.01723687	0.0773874662	-0.0652876236	0.11034272710000001	0.016872596200000003	0.0826796334	-0.06379573150000001	0.0742388275	0.0798624993	0.0500606401	0.1112383216	0.0350602343	-0.0239710208	0.0958768888	-0.1318472946	-0.09529089789999999	0.0729324957	-0.0394707823	0.00105783	0.007870829999999999	1.1190043089000002e-06	6.194996488889998e-05	0.059208	0.033957	0.001153077849	0.0035055872640000004	0.11541400000000003	0.003198000000000007	0.013320391396000004	1.022720400000004e-05	1.54598e-05	-0.0002801202	2.3900541604e-10	7.846732644803999e-08	0.000146704	0.0001348581	2.1522063616e-08	1.818670713561e-08	-0.000621805	-5.082300000000008e-05	3.86641458025e-07	2.582977329000008e-09	0.0	0.0	0.0
8624.122810191206	-23.143859376845285	74375494.24526025	535.6382268551894	10471.820793634884	27.81947442739329	773.9231574163891	109659030.73400396	6358.030537654783	-4.045096547095453	40424552.31775077	16.36280607532357	6412.937901428512	10427.798162585583	1.109417	39.940636	0.13087484	0.06515800000000001	0.0799888726	-0.069935225	-0.005419595300000001	-0.0694695437	0.09034768369999999	0.0027323484999999996	0.08433741789999999	0.0001730539	-0.0305513445	-0.0743092205	-0.0607969642	0.043663548200000006	-0.1070895032	-0.08360345849999999	0.056381069400000004	-0.085864508	-0.0229440654	0.0980932238	0.0038082966	0.0042987281	-0.0083982779	-0.1284813891	-0.12755648619999999	-0.09155432779999999	0.0048165951	-0.07466353889999999	-0.0137642245	-0.067803309	0.10520674769999999	0.0129129569	0.10234239789999999	0.039173640499999995	0.0100547382	-0.028793320299999998	-0.0946272836	0.09341334949999999	0.0077929938	0.0095333333	0.0802994748	0.0046179931	0.0192545283	0.0432648216	0.0199981582	-0.010817468700000001	0.1289987256	0.0218875258	0.07768940440000001	-0.013014181100000001	-0.1405337714	0.0757625262	-0.022229736	0.1397072542	-0.07993520009999999	0.0433085078	-0.022752331400000003	0.0208362068	0.061759666	0.014208599099999997	-0.087802756	0.0250942934	-0.0240142296	0.035140130299999996	0.0043027298	0.0314417329	-0.11585584980000001	0.07740157610000001	-0.014105053400000001	-0.09653302130000001	0.070228203	0.0398169438	-0.1105063754	-0.0607090955	-0.0769581967	-0.0273700811	-0.0263342621	0.0280497024	-0.0556941038	0.083081605	-0.0047659181	-0.0779234516	-0.0600236553	-0.0581087007	-0.0351249931	0.010644726100000002	-0.0899899839	0.0300729015	-0.0083149142	-0.0558925245	-0.170014357	-0.0589831774	0.0013764162	-0.0034112521999999997	-0.028519046099999997	0.0421839274	-0.0788211826	0.0166540132	0.037972576699999996	-0.0155355301	0.017570988899999997	-0.0217865245	-0.028832966	-0.0166453539	-0.061816987300000015	-0.08415879189999999	0.0437025438	0.0880585447	0.0714198752	-0.0015645785999999998	-0.0064688443	0.1282656331	-0.0004374768	0.0531063258	0.0296172419	0.0145757986	0.075348805	0.0557686064	0.025503968199999998	-0.057491242699999986	0.058058588499999994	0.000887267	-0.0572717864	-0.1604190737	0.030220016000000002	0.0572401085	0.0669582133	-0.054147990300000004	-0.030001999100000006	0.14708359599999998	-0.053566635300000005	0.0035735515	-0.0695667062	-0.0613300591	-0.0088106477	-0.0109087674	0.0525738656	0.0340475821	-0.011302281	0.0151594637	-0.0923844492	-0.0753485807	0.055582340599999995	-0.0159315043	-0.0526410454	0.0385512851	-0.1129685134	0.0840535536	-0.062176712599999996	0.1488781213	-0.1066758222	0.0566630605	0.0827720124	-0.0071392133	0.1015256242	-0.0371303599	-0.0286348594	-0.0583576171	0.1081722234	0.0367092517	-0.0026232534000000004	-0.022209400299999998	-0.0004502557	0.0710428504	0.0451721392	-0.0001640507	0.08724555380000001	-0.0803652755	-0.038721363700000004	-0.1128178033	0.0227367634	0.0017245637	-0.0033840084999999997	0.0935958269	-0.0908073382	0.1032514514	-0.0820937475	-0.0959371432	0.0753288053	-0.044196297	0.00846528	0.00740745	7.16609654784e-05	5.48703155025e-05	0.0121114	-0.0470966	0.0022180897315600004	0.00014668600996	0.149812	0.034397999999999984	0.022443635344	0.0011832224039999989	-0.000187657	-0.0002031168	3.5215149649000005e-08	4.1256434442240006e-08	0.000309724	0.00016302	9.5928956176e-08	2.65755204e-08	-0.000148486	0.000473319	2.2048092196000002e-08	2.2403087576100005e-07	0.0	0.0	0.0
8607.41641338034	-16.706396810865044	74087617.31332928	279.10369440208166	10477.012932863832	5.192139228947782	26.958309772778453	109767799.995396	6351.082988464778	-6.947549190004794	40336255.126366705	48.26843974753625	6407.75858780565	10238.617016089624	1.078669	38.83366	0.12063373400000002	0.07641499999999997	0.014884651200000001	-0.0507801848	0.03926522	0.0753562686	0.1078498558	-0.060372996	-0.008533225600000001	-0.0613748962	0.0197017552	-0.0625341633	0.09081316240000001	-0.0794628923	-0.0378530911	0.0010073318	0.0063059182	0.0002873358	-0.11143476179999999	-0.1291085256	0.0301743688	0.077257328	0.0459204166	-0.0244571966	-0.07858669139999999	-0.031135656299999998	0.0821961628	0.1465709544	-0.0276060716	0.0002047193	-0.0056183349	-0.0936624996	0.0806911549	0.068219229	0.0092017421	-0.0518072706	-0.10242926570000001	-0.0453964855	0.0126692865	-0.047972846900000005	0.0194643267	-0.028689253900000006	-0.0782782969	0.1420754698	0.1351516052	-0.1332299452	-0.021261312999999997	0.05271364519999999	0.0871227126	-0.043632242599999996	-0.0487050999	0.1477734477	-0.156954292	-0.10485156720000001	0.024332978999999998	0.0747761629	0.0470323279	-0.0083866985	-0.0377952579	0.10078624859999999	0.103353935	-0.0734686272	0.0074033864	0.0900452157	0.0405157028	-0.033327950499999995	-0.0674408974	-0.022049045099999998	0.041313409700000005	-0.059868416699999996	0.0650357535	-0.0319431806	0.0097497641	-0.0049899466	0.0020687185	0.08976886210000001	-0.0160083865	0.042664358	-0.0341645313	-0.0018439501999999999	-0.026983781499999998	-0.038028423900000004	0.019746803400000002	0.0505245345	-0.009971174000000001	0.0022906527	0.0449098312	0.0610856963	-0.0217759271	-0.04287037	0.08740519810000001	-0.056209863799999996	0.0170301307	-0.0859410163	-0.0317496552	0.0157104027	-0.061428404900000004	-0.006929146	0.029994215600000002	-0.063147232	-0.0156464771	0.0446616642	-0.0250314145	-0.0304635279	0.0524229543	-0.0405509681	-0.0819767656	0.0769709665	0.07912977709999999	0.0211526846	0.0806117559	0.0338981917	0.0433586013	-0.009924363	0.1335499772	0.0178537332	0.0209648225	-0.00636724	-0.0081317953	0.0042005162	0.0757625746	0.17709643079999998	-0.053174068	-0.0241675601	0.20537052449999998	0.0012097097	-0.1963752352	-0.0060083987	0.026707523599999998	0.0490376395	0.0991124857	0.024344838100000002	-0.07140189849999999	0.0206293995	-0.0642706228	-0.0480655031	-0.0473326413	-0.09743779949999999	-0.027025801000000002	0.0341171017	-0.0243558909	0.0007833034	0.1384047592	0.0900014027	-0.0755822749	0.063103555	-0.020151504599999998	-0.0497281117	0.0308985991	0.0065773344999999995	-0.0659426082	-0.0404886729	-0.0058560947	0.0359107745	0.0406995146	-0.019844028	0.08460672550000001	-0.0468989608	0.0051984584000000006	0.0196559293	0.0050815457000000005	0.09471446900000001	0.011132096200000002	0.0504073092	-0.0700707288	-0.08582425699999999	-0.07774113740000001	0.000515906	0.0119218211	0.0363058911	0.0387432952	-0.0227619375	-0.005053437	-0.08474083880000001	0.0150646205	-0.0022747773	-0.0118395452	-0.0965565993	0.0776409821	-0.048810760999999994	-0.000997654	-0.009462934	9.95313503716e-07	8.954711988835601e-05	0.08368599999999997	0.07157459999999997	0.005122923365159997	0.007003346595999996	0.141676	-0.008136000000000004	0.020072088976	6.619449600000007e-05	-0.000238361	-5.070399999999997e-05	5.681596632099999e-08	2.570895615999997e-09	0.000155463	-0.000154261	2.4168744369e-08	2.3796456121e-08	-0.000572725	-0.00042423900000000003	3.280139256249999e-07	1.7997872912099995e-07	0.0	0.0	0.0
8591.354414962358	-16.061998417982974	73811370.6834932	257.9877931792877	10403.039407570006	-73.97352529382624	5472.082444396351	108223228.9154545	6344.017966701123	-7.0650217636548405	40246563.96182666	49.914532520916545	6397.487977617621	10194.788010871667	1.090959	39.276134000000006	0.095922246	0.0471952	-0.0058316676	-0.027056851899999998	0.1542305617	-0.000208801	-0.0182547172	0.042682039500000005	-0.0876347806	0.0285940778	-0.0264152806	-0.0622422122	0.0319598469	-0.0282630731	-0.0351711212	-0.0547865882	-0.1033679951	0.0018293148000000001	0.06463701690000001	0.057617393899999994	0.0006097947	0.1380414376	0.0500563306	-0.0866565411	0.026533216000000002	0.0450373623	-0.0772079865	0.1980882803	-0.0399889338	-0.0159349417	-0.0913560953	0.0081592214	0.103363248	0.0081749691	0.023191597400000003	-0.0181145971	-0.0801295994	-0.0270714235	0.11698057949999999	-0.0708890873	0.00380484	0.0041760271	-0.0221677965	0.10076647890000001	0.0005884793	-0.0585817753	0.011209878999999999	0.0434697571	0.0295777433	0.0557661858	0.028433203599999998	-0.1453592827	0.1215508268	0.0784205555	0.1038978841	-0.122212944	-0.0276549362	-0.0868410724	-0.1279282152	0.0368035031	0.044577338	0.1146170875	-0.007195924100000002	-0.027632612400000003	-0.14627462630000002	-0.0954293	0.0282197575	0.0144657681	-0.05670889730000001	0.1777160538	0.0470375915	0.0321264009	0.033051495099999995	0.0255216477	-0.1278951248	-0.1234850319	0.0178821715	-0.0342800998	-0.1171080016	-0.054021667599999997	0.14077137539999998	-0.0886624835	-0.0366486063	-0.020811615	-0.0921580569	-0.0659704696	-0.023165937400000003	0.008115309499999999	0.0059563902	0.0469125461	-0.0509817813	-0.0704475462	-0.0721124436	0.021408417000000003	0.0682549247	0.038055123999999996	0.0312309298	0.030795878500000002	0.0928430287	0.0828671855	0.023771808399999997	0.0339743934	0.1046699976	-0.0449116066	0.0277736677	0.0944728534	-0.0052113939	0.07522482	0.032700304900000005	-0.0220517248	0.0023160736	0.07800086219999999	-0.0226784009	-0.0946871007	0.1074092439	-0.0308143329	0.0682191093	0.08848059949999999	0.0207637522	0.0127758333	-0.0019980076	0.055342880700000006	0.0656747426	-0.0400743499	-0.0567201487	-0.0177197895	0.1201938743	0.052611382400000004	-0.0945686852	-0.042860185099999996	0.0670824698	-0.0633848579	0.1813784932	0.1606857824	0.0368231171	-0.1204862603	-0.0409817747	0.031723546899999996	-0.0395970425	-0.0066778172	0.1195251928	0.1423494491	0.0137110431	-0.047951750099999996	0.017940606	-0.02735373	0.0015882549	0.0032905422999999997	0.1012683114	0.0527172866	0.020549756699999998	0.082208139	0.0153767437	-0.0742956707	0.1651592086	-0.105047095	-0.11338663480000001	-0.0163783468	0.016876723700000002	0.0464233041	0.0685231166	-0.06975935059999999	-0.0279520129	-0.0393076998	0.1816417253	-0.0469143387	0.13469769380000002	0.08323282679999999	-0.0046156112	-0.017329884	0.0816273276	-0.0185849226	-0.1044296499	0.0620421193	0.0199104819	0.0507561392	0.002043385	-0.0971490931	0.0798664439	-0.0533025797	-0.00673845	-0.005740795999999999	4.54067084025e-05	3.2956738713615995e-05	0.0492408	-0.03444519999999997	0.0011864718030399975	0.0024246563846400003	0.163583	0.02190700000000001	0.026759397889000003	0.0004799166490000004	-0.000597468	-0.00035910699999999995	3.56968011024e-07	1.28957837449e-07	-0.000120569	-0.000276032	1.4536883760999998e-08	7.6193665024e-08	-0.0006141709999999999	-4.1446e-05	3.7720601724099996e-07	1.7177709159999997e-09	0.0	0.0	0.0
8586.549316552218	-4.8050984101391805	73728829.16558337	23.088970731122078	10422.638697209206	19.599289639199927	384.1321543612495	108631397.41256282	6349.709010852645	5.6910441515219645	40318804.52250328	32.387983534572356	6401.23767446769	9794.20673440948	1.381284	49.728245	0.13702366	0.06204750000000001	-0.1352143708	-0.1032465775	-0.0900831675	-0.0963779089	-0.11132592150000001	0.056067914100000005	0.0756468378	0.0772643189	0.0450305029	-0.0208758221	0.0031892566	-0.1293909738	0.0785577241	0.0344645969	-0.084103742	-0.0356734047	-0.0677695553	-0.1139545674	0.08225906969999999	0.0974247835	-0.0462677568	-0.060469235499999996	-0.111663925	0.06264093650000001	0.057295799400000014	0.0266091415	-0.0484194474	0.054288553499999996	0.1039167459	0.1142955061	-0.10097280130000001	-0.05538561980000002	0.0483027649	-0.0609216752	0.22905996239999998	0.0781355037	-0.031251345	-0.2035262165	0.1497739333	-0.07048434469999999	-0.1370161398	-0.0083617036	0.0019061964000000001	-0.15118045189999998	-0.0248259106	0.0001928597	0.09406367880000001	-0.0786050843	-0.0902166843	-0.0823648613	-0.166748264	0.0410239269	0.0816433132	-0.0810576284	-0.0239962254	-0.0934327891	0.0014498253	0.0933141428	0.09944169580000001	0.0335168628	0.1529095509	-0.10807449460000004	0.0248693223	-0.0713888654	0.0751725581	-0.036006903199999996	-0.013406790200000001	0.10633678740000001	-0.081072255	-0.0359377024	0.039189438300000004	0.0304310855	0.0225154752	0.048015224100000004	0.0794649231	-0.0364649376	0.0396682189	0.05164597730000002	0.11082764710000001	-0.030514846600000006	-0.0036173599	-0.018945875600000002	0.0202758759	0.038778738	0.0177212255	-0.1380021809	-0.16691190820000001	-0.1287022781	-0.077122638	-0.053303746900000004	0.1254879528	0.1044603592	0.0530131545	-0.007227865	-0.0343622249	0.057877596399999995	0.1360463996	0.039155334300000004	-0.1016077475	0.0120774643	0.0188983279	-0.0504678525	-0.0611699796	-0.0397272319	0.10656920019999999	-0.048344393099999994	-0.12961762300000002	0.0348819806	0.0332949454	-0.1702145607	-0.0679544186	0.1284428555	0.0385216887	-0.1268400203	0.2415847052	-0.1343632397	0.0058904946	0.07219937259999999	0.051864926900000004	0.1171852389	0.0734145146	-0.0027813264000000003	0.0950456277	0.0089632606	-0.0386539333	0.1398876443	0.025392431	0.10079292640000001	0.052553748600000005	-0.0935102871	0.1317632649	-0.0120025674	0.0083102001	-0.1526933167	0.11775978029999999	-0.1275299705	-0.0616425575	-0.1133827466	0.060450338099999994	0.0708869025	-0.043114311100000004	-0.08667951119999999	0.029205895699999998	-0.0536291847	-0.049044182400000004	-0.0488663591	0.049469316500000006	0.0138920339	0.0863491423	0.0136804499	-0.0500685014	-0.10321755490000001	0.0137800046	0.1290090582	0.0815211411	0.0324458287	0.0299144077	-0.0500986375	0.0575026213	-0.1535212714	0.0566559363	0.0213617778	-0.067355844	-0.0261488602	0.05834189	-0.0047221707	0.0263165028	0.059937082999999995	-0.2274490342	0.1125855515	-0.0991263956	0.09394353650000001	-0.028092278	0.0185487455	-0.0008183627	-0.0977144592	0.082002705	-0.057660466500000014	0.00847876	0.01521721	7.18893711376e-05	0.0002315634801841	0.0837297	0.0344889	0.0011894842232100002	0.007010662662090001	0.176501	0.012917999999999985	0.031152603001	0.00016687472399999962	-0.00143356	-0.000836092	2.0550942736e-06	6.990498324639999e-07	0.000222909	0.00034347800000000003	4.9688422281e-08	1.1797713648399999e-07	-0.00030575	0.000308421	9.34830625e-08	9.512351324099999e-08	0.0	0.0	0.0
8599.19504931479	12.645732762572152	73946155.49616	159.91455710239072	10443.894212361878	21.25551515267216	451.79692440547586	109074926.31900594	6349.542048885898	-0.16696196674729435	40316684.23057013	0.027876298340124627	6402.65077678999	9810.800794858824	1.1022610000000002	39.683022	0.08536305999999999	0.040136	-0.136897312	-0.0917892043	-0.1607644784	0.028097200699999998	-0.07612698	-0.0156845195	0.058975002199999994	-0.0436408716	0.066719972	-0.0533701951	-0.0829638307	-0.0031829067	0.0022177747	0.0519489429	-0.08924351109999999	0.0078944998	0.1013765041	0.1987480218	0.041064866400000004	0.1179739184	-0.0920136158	0.0292835088	-0.1478332985	0.061047920199999994	0.0723551562	-0.035969431499999996	-0.0466738063	0.1316056494	0.10870222289999999	-0.0058938846	-0.1166291277	-0.0591984554	0.0356333505	-0.018084172	0.22885956670000002	0.1827852548	0.09972379810000001	-0.18342387100000002	0.11645832140000001	0.10166171759999999	-0.0002535737	0.0772683393	0.11389588689999999	0.0047624328999999995	0.0178970028	-0.0145162521	-0.12083279179999999	0.0867015938	-0.0395870159	0.0640619064	0.065620872	-0.0355298068	0.1076652134	-0.0427754706	-0.0077820029	0.1073763143	-0.1774336025	-0.024522377	-0.0067300463	-0.006723685500000001	0.15864892220000001	-0.0319805334	-0.0389594311	0.0388854731	0.0183548427	0.09595085769999999	0.0047165962	-0.0353236136	0.1880501929	0.079905144	-0.044972478899999994	0.0698390696	0.0964530081	0.0164040864	-0.004794345	0.0762335051	-0.010940751499999998	0.011041841	-0.1063903548	-0.022562777200000002	0.0039056049	0.0660222316	0.0710138283	0.0226507302	0.014782522900000001	-0.030397232200000002	0.011008843700000001	-0.13643474279999998	0.06823859139999999	0.08532651699999999	-0.0469992058	-0.0160542074	-0.0105381978	-0.1057431195	-0.058222200599999996	-0.0651988377	-0.018622709299999998	0.041667346	-0.0909263642	-0.1085749937	-0.0782372657	-0.05098211230000002	0.0130606692	-0.12256633410000001	0.0319418076	-0.06459312019999999	-0.13967351890000002	-0.005686955	-0.029309004	-0.0622683953	-0.190814359	0.0558528502	-0.062279544299999996	-0.16333117960000001	0.2245523728	0.0765964589	0.1317014521	0.1492154588	-0.085788161	-0.0580582635	-0.1286555862	0.0341434212	0.0285284129	0.0664978978	-0.0601699535	0.0042691347	-0.18187119629999998	-0.1085511338	0.0707700621	-0.0664062971	0.0102364142	0.198534214	0.1084263064	0.043928412199999996	0.1125170358	-0.019861058	-0.0760275462	-0.1154393411	-0.0753847285	-0.0078823916	0.0390374644	0.0613528603	-0.029006544900000007	0.1198973021	0.0701902504	0.09584200289999999	0.0459511229	0.039281686	-0.0509579895	-0.0658293419	0.056712153700000004	0.009587093100000001	-0.0009214138	0.0456074145	0.07821651660000001	0.0111647952	0.013946387099999999	-0.007088359200000002	0.0354720957	0.0267611564	0.0091559987	0.0333491052	-0.0683842078	0.0308005406	-0.103924185	-0.0104604737	-0.0028125664	-0.0327268499	-0.1289250853	0.0188548232	0.0692364203	-0.073971349	0.0944132371	0.031570789700000004	-0.0343237294	-0.09825253980000001	0.08404737960000001	-0.06187347150000001	-0.006882699999999999	-0.01536146	4.7371559289999985e-05	0.0002359744533316	0.05742959999999999	-0.026300100000000014	0.0006916952600100008	0.0032981589561599987	0.163446	-0.013054999999999985	0.026714594916000003	0.00017043302499999955	-0.00131658	0.00011698000000000005	1.7333828964e-06	1.3684320400000008e-08	-0.000209502	-0.000432411	4.3891088004e-08	1.86979272921e-07	-0.000369289	-6.353900000000004e-05	1.3637436552100001e-07	4.0372045210000055e-09	0.0	0.0	0.0
8618.06798820744	18.872938892649472	74271095.84936583	356.18782244568115	10462.348882823488	18.454670461609567	340.5748618466047	109460744.14591788	6352.334424271112	2.792375385213745	40352152.6377798	7.797360291947613	6405.040231069613	9834.691514751372	1.01294	36.467319	0.04418073	0.0303562	-0.128001862	-0.0942210857	-0.15134957400000001	0.0993802286	-0.0969808872	-0.052116782199999996	-0.0023591279000000002	-0.08436668369999999	0.028473123599999997	-0.0188454377	-0.0217441565	-0.1449590449	0.14238465949999998	0.0801310617	-0.0093454374	-0.0165302812	-0.0197477542	0.0397940623	0.133551414	0.055925296299999996	-0.11969765380000001	-0.1103549995	-0.1788059379	-0.1277218169	-0.0449688521	-0.0155028196	-0.02384533	0.17950927530000002	0.054234367400000004	-0.0060846891	-0.1773763314	0.014632996499999999	0.1078448709	-0.2076861668	0.3552314336	0.0923262918	0.1265892777	0.0096303447	0.0200979224	-0.0342084928	0.1453543027	0.050065086200000004	0.1629890665	0.0450693878	0.032792291200000004	-0.1061774384	0.0204310667	0.0170045855	0.1237305133	-0.052888772800000004	-0.0253456748	0.052927411900000006	0.0238841744	-0.10064773789999999	0.015205128200000001	0.0584014245	0.09703495109999999	-0.022090430299999998	-0.1732780603	-0.0050621629	-0.1173294392	0.0055655971999999995	0.0494703903	0.032237806699999996	0.0387725214	0.047876355999999995	-0.042473234299999996	0.0792177905	-0.059729028899999995	0.021047455	-0.0702561414	-0.045965419900000005	0.0697086814	0.0755125788	-0.0553824599	0.0070808938	0.0119226576	-0.0378678915	0.0744725862	-0.0421031949	0.0376657342	-0.07259254309999999	-0.0676871315	-0.0513847653	0.0015417885999999999	0.1336485745	0.0838691999	0.0826960313	0.047660952400000005	-0.0273718867	0.0339227021	-0.11917092789999999	0.062168397300000004	0.10790925300000001	-0.0785212275	-0.1200623545	0.061048048	0.0203894991	0.09139396699999999	0.0634214332	-0.0504808328	-0.025748095699999998	0.0584711512	-0.0814193174	-0.011657538500000002	-0.0921996804	-0.17078318899999995	0.1502780211	0.0875576766	-0.19777405350000002	-0.2913491304	0.0254320912	-0.0871497197	-0.0795772279	0.0516049741	-0.0761576335	0.2515776087	0.0972458771	-0.1191948969	0.1310760268	-0.1204088581	-0.0655564296	-0.1287878363	-0.0056655409	0.1002694397	-0.0183616601	-0.0013734371	0.021494624	0.039458762	0.0652958642	-0.0554735362	-0.1235607537	0.0401484893	0.0644786197	0.0148210141	0.08425543029999999	0.0287568533	-0.051025294699999994	0.1382670345	-0.0781882808	0.0050241001	-0.0596329971	-0.011461025900000001	-0.0322640036	0.0106281275	-0.0346645095	-0.0863825139	0.011001751899999999	0.0892654957	0.0048782973	-0.0760370858	0.1481662074	0.0844259015	0.0343947017	-0.1418762305	-0.08093140929999999	-0.0734389376	0.029251375	-0.043281531500000005	0.0640570133	-0.048060478899999995	0.0565194715	0.0886522942	-0.09422571619999999	-0.0870228426	-0.0005220439	-0.0149030728	-0.012799148400000002	0.1723967066	0.021460540499999996	-0.0006609297	0.1380080085	-0.037890065099999995	-0.0158673548	0.0210853296	-0.09876318460000001	0.08599818390000001	-0.0659310088	-0.00688107	1.6299999999989936e-06	4.7349124344900015e-05	2.656899999996718e-12	0.08291699999999999	0.025487400000000004	0.0006496075587599999	0.0068752288889999975	0.147022	-0.016423999999999994	0.02161546848400001	0.0002697477759999998	-0.00133892	-2.2340000000000033e-05	1.7927067664e-06	4.990756000000015e-10	-0.000224038	-1.4535999999999998e-05	5.0193025444e-08	2.1129529599999996e-10	-0.000377767	-8.47799999999997e-06	1.42707906289e-07	7.187648399999947e-11	0.0	0.0	0.0
8626.004114040985	7.936125833544793	74407946.97545199	62.98209324585703	10469.59117858016	7.242295756672321	52.45084782711388	109612339.4466035	6361.785588776074	9.451164504962437	40472315.87755894	89.32451049986183	6417.950046370323	10102.230972232037	1.081654	38.941124	0.04764237000000001	0.0364511	-0.067994315	-0.025869476699999998	-0.0914644744	0.1239630219	-0.0792619742	-0.0556181295	-0.0864743699	-0.0475355911	0.0318469999	-0.014072044799999999	-0.13461792220000002	0.0237099925	0.0290539281	0.041589791699999996	0.066718953	-0.0740846556	-0.08393055099999999	-0.09381082880000001	-0.048955999699999996	0.0080530033	-0.06033087190000001	-0.0667701951	-0.2188368491	-0.0302149381	0.0180177495	0.09374233300000001	-0.000367682	0.1451380907	-0.0135153419	-0.028593301	-0.0916811261	0.0145089407	-0.0062322786	0.0535625831	-0.0021692439000000003	0.1272409424	0.0329864481	-0.18068762370000002	0.034674292200000005	0.029550461200000006	0.0010660603	-0.0377646742	0.0737647506	0.0734004964	0.043648212199999994	-0.0389170561	-0.1130314158	-0.011094411	-0.034727374	-0.061711379800000014	0.1352581242	0.0078858339	-0.032879026299999996	-0.054282320300000006	-0.0563099183	0.044725738099999995	0.1215327801	0.0075016491000000005	0.0133703624	-0.1582501416	-0.0537082315	0.0909466106	0.0953376351	-0.0872681511	0.1367012925	-0.1185741834	0.021627268999999998	0.023679566699999998	-0.040322615299999996	-0.0518642313	-0.0303985934	-0.0872012149	-0.0576881404	0.047134376299999996	0.1578662545	0.0215090991	0.0074814351	0.0385373123	-0.1432810324	-0.1670417706	0.071859052	0.0322017166	0.06618477639999999	-0.0051142237	-0.045190346299999996	0.06850996990000001	0.013523675700000001	0.1271113249	-0.0060389185	0.0714037934	0.0341631349	0.155423694	-0.0174967662	-0.0693714038	0.0972741794	-0.0440319438	-0.0304972871	-0.008069661899999999	0.0047138426	-0.0246471041	0.0871124174	-0.0159881274	0.1298245065	-0.0372412866	-0.0048323227	-0.0708911883	-0.0774562868	0.0158876057	-0.0918547832	0.048433156799999995	-0.0553490558	0.0728381556	-0.0193980105	-0.1860740602	0.0628643022	-0.027028094500000002	0.0674111428	0.053788387	0.0178757223	-0.0110495569	-0.0696155537	0.026272514700000003	-0.0432191563	0.027062327999999997	0.1065016916	0.0752561202	0.0072484086	-0.1293818345	-0.0156120602	0.0664984921	-0.0894664786	-0.0074250912	-0.095628125	0.0831112611	-0.06845499740000001	-0.1286693867	0.0967817441	0.1055534526	0.0766726403	-0.0175216285	-0.0387743839	0.1009812392	0.0572188236	0.0090997812	-0.07708188690000001	-0.1276185034	0.0254635311	0.07508702519999999	0.08712540369999999	0.1500180536	0.0897814025	-0.0144362303	-0.13739320189999998	0.0186645159	0.1149828745	-0.0692236389	-0.077751235	-0.18448102600000002	-0.0590597371	0.0430136791	-0.0715060504	0.0209205231	0.0112584672	0.0580453959	0.0811447655	0.0389042311	-0.0123114417	0.0680525425	-0.0338578869	-0.063882781	0.0833696974	-0.0808908612	-0.0614573639	-0.055494584400000005	-0.0692395875	-0.099246251	0.0878529392	-0.0698228833	-0.00693444	-5.3369999999999626e-05	4.80864581136e-05	2.848356899999961e-09	0.0470981	-0.035818899999999994	0.0012829935972099994	0.00221823102361	0.145128	-0.0018940000000000066	0.021062136384	3.587236000000026e-06	-0.00137834	-3.942000000000008e-05	1.8998211556e-06	1.5539364000000064e-09	-0.000132719	9.1319e-05	1.7614332961e-08	8.339159761e-09	-0.000310984	6.6783e-05	9.6711048256e-08	4.459969089e-09	0.0	0.0	0.0
8615.792083209713	-10.212030831271477	74231873.22109917	104.28557369883923	10437.137757905144	-32.45342067501588	1053.224513509548	108933844.5774892	6361.187472841939	-0.5981159341354214	40464706.064641215	0.3577426706666877	6415.086508967495	10175.378155293454	1.0040190000000002	36.146133	0.029561755000000006	0.015865	-0.054155279900000006	-0.020170271599999998	0.0012333683	0.0911830148	-0.15197292140000002	-0.003538150200000001	-0.11331813269999999	0.0120321008	-0.0070754476	-0.0194972819	-0.0856738602	-0.025994308900000002	-0.13138241380000001	0.09176141060000001	0.032774628199999996	0.0291591828	7.0465e-05	0.0472523142	-0.079202845	0.0217680116	-0.0564358467	-0.0221069662	-0.0316866782	0.09495526039999999	-0.0305975046	-0.0369043701	0.0065024263	0.160236834	-0.0457473049	0.035978997400000004	-0.048205936500000005	-0.0314975533	0.0183316799	-0.0386779784	-0.1149231712	0.0328191181	-0.0442713135	-0.0480450437	0.059331107	0.014132851100000001	-0.0144503069	0.0553653675	0.0947816368	0.14167726460000002	-0.1005460361	0.0286023851	0.08836491519999999	0.0637869436	-0.0339849126	-0.0715935477	0.13012991710000002	-0.0338134057	0.108865583	0.0145635974	-0.0307159921	-0.1241934331	-0.06627431190000001	-0.1760595172	-0.0722502293	0.029991813500000002	0.002922345	-0.0085437501	-0.040255337599999996	-0.0271697073	0.0038087521000000004	0.0535620192	0.10937783400000001	-0.0628016881	-0.1565824518	0.1759924716	-0.0734834263	-0.0766892958	-0.04050322	-0.09505978039999999	-0.014193569199999999	0.0176855978	0.0119151499	0.0823545218	0.0247997925	0.0017661083999999999	-0.0014241254999999998	0.0205967435	-0.022211958900000002	-0.0625951171	-0.025466730099999998	-0.0863794373	0.0118641761	-0.11080028189999999	-0.0402924038	-0.043810372199999996	-0.0885662243	-0.005870363000000001	-0.1091598005	-0.1401088333	0.06846896150000001	0.1054510532	0.11683603	-0.18671775289999998	-0.0158719819	0.0811606877	-0.051491546500000006	-0.008774380200000001	0.11381993900000001	0.038991812	0.058155434299999996	-0.007424849200000002	-0.10321678449999999	0.0132701724	0.058945315400000003	0.1222804909	0.057776364800000014	0.0016495007000000002	-0.05459527559999999	-0.0084507713	0.0416108913	0.0400873145	0.18794797370000002	0.070561391	-0.0442798404	-0.0331729427	0.1406067251	0.0926621033	0.059706482699999994	-0.032114779700000005	-0.0024495509	0.0733899684	-0.0291690204	-0.0318027935	-0.046649746299999996	-4.49496e-05	0.011398998799999999	0.10493127710000001	-0.0372284351	0.015457541399999997	0.045464512699999994	0.0864660847	0.0754390778	0.13426036560000001	0.0354841079	-0.0298991186	-0.0700839208	-0.1245722274	0.1280600658	0.0384616452	-0.0201112702	0.1573362291	0.0230224683	0.1537382912	-0.0960669482	0.0434356366	-0.07356902139999999	-0.026938027599999997	-0.09941308210000001	0.0610924209	0.0210571524	0.026177966	0.039971783	0.081460767	0.0397055064	0.022959426	-0.0069938714	-0.0590141909	0.0384357196	0.1227897477	0.0023332679000000003	0.10176475369999999	0.0668973753	0.0118060526	-0.1490143523	-0.10618604400000001	-0.0047790894	0.1054504021	-0.016840207700000002	-0.0475624847	0.1316810403	-0.09970160410000001	0.089609574	-0.0735393158	-0.00441205	0.00252239	1.94661852025e-05	6.362451312100002e-06	0.06025	0.0131519	0.00017297247361000004	0.0036300625	0.13811800000000002	-0.007009999999999989	0.019076581924000004	4.914009999999984e-05	-0.0013717	6.640000000000031e-06	1.8815608899999997e-06	4.4089600000000415e-11	-7.541069999999999e-05	5.7308300000000015e-05	5.686773674489999e-09	3.2842412488900008e-09	-0.000384585	-7.360100000000003e-05	1.4790562222500002e-07	5.417107201000003e-09	0.0	0.0	0.0
8601.916450473434	-13.875632736278929	73992966.62092549	192.53318383209552	10408.90475634174	-28.233001563403374	797.1023772791376	108345298.22659372	6354.693384477761	-6.494088364177514	40382128.01072542	42.17318368174578	6407.304906980414	10095.794480529208	0.9961350000000002	35.862316	0.019098250000000015	0.00923635	-0.0770324757	-0.0014998589999999999	0.0334148088	-0.0270435001	-0.1542942138	0.0556441127	-0.0691593009	0.0628939011	0.051702426600000004	-0.049526157300000005	-0.0556479075	-0.02476594	0.11456707349999999	-0.0224364011	0.09030569890000001	0.0600452636	0.0441284382	-0.03295926	0.0971314622	0.0724234776	0.028608213900000002	-0.045486204	-0.0295170063	0.0706679832	-0.0134947314	-0.0924427089	-0.0214856186	0.062866552	-0.071337077	0.12527072179999998	-0.055226553	-0.0408454448	0.0102204498	-0.044991715999999994	0.0330192246	0.1056146643	0.0665109645	-0.05073456690000002	-0.0030293738	-0.0007060441	-0.0184993867	-0.0371462682	-0.022000999500000003	0.0253596709	0.0306524681	-0.0130407657	0.0365289871	-0.0551823512	0.0029212731	0.08053281400000001	0.0662410965	-0.130926862	-0.026951847999999997	0.0388883982	0.037475487099999996	-0.056504155800000004	0.0051840676	-0.0619042238	-0.1488610688	0.112904133	0.0163518993	0.1063708761	-0.11997437009999999	-0.0889639166	-0.0670663629	-0.10873858630000001	0.023518469700000003	0.08915562789999999	-0.1207757232	-0.0347898559	-0.0380234772	0.0210647484	0.0288896673	-0.0154705244	-0.0189247472	0.0130795579	0.0081007444	-0.07930211	0.037088726600000003	0.0253036455	-0.0310543172	0.0526452358	-0.0292531778	-0.045963080700000006	0.13562908769999998	0.049914345	-0.0002658448	0.058697567	-0.013840585700000001	0.0162148817	-0.0354246802	0.0486737124	0.0721089723	0.1002141991	0.0580790294	0.0283199453	-0.1327613015	-0.08512996880000001	-0.0981896727	0.0222506346	-0.0188293343	-0.0311751494	0.026160065899999998	0.09453098689999999	0.0941071658	-0.0569600269	-0.085025509	0.0090174839	0.010245819100000001	0.0319172997	-0.1384736191	0.0396389808	0.0374427135	-0.0386676812	-0.0034688695	-0.04506023309999999	0.0118006226	0.045245484100000004	-0.0005703572	-0.0448976708	0.0210442954	-0.0363507154	0.08593857490000001	-0.0223530381	-0.0184837341	-0.0495265399	0.0132840047	-0.0745843276	0.0141450977	0.08021365309999999	-0.05490503730000002	-0.0359751519	0.0012201355	-0.0265893037	0.017795678	0.1398309785	-0.055203975999999995	0.19526726390000002	0.08523754509999999	0.0738220128	-0.0715664754	-0.0650559952	0.08579884789999999	-0.0794766905	0.030269625699999997	-0.0013671576000000001	0.0174385794	-0.1267827202	-0.1104575923	-0.0421262504	-0.0173555517	0.0879224623	0.048633006	-0.012327593500000001	0.0116933769	-0.0188989882	-0.0466670557	-0.00169769	0.0026898895	-0.0325947005	0.0035035959000000003	-0.0009620432000000001	0.093950277	-0.029970257	0.024970744500000003	0.0988243681	-0.0271595063	0.0168965466	0.0812045659	-0.0513188459	0.0225443385	-0.032764899300000004	0.032168401	-0.0581067926	0.054356476699999996	-0.1001291168	0.09126612640000001	-0.0770709682	-0.00688102	-0.00246897	4.73484362404e-05	6.0958128609e-06	0.0645452	0.004295199999999999	1.8448743039999995e-05	0.00416608284304	0.14515899999999998	0.007040999999999964	0.021071135280999995	4.957568099999949e-05	-0.00140849	-3.679000000000009e-05	1.9838440801e-06	1.3535041000000066e-09	-8.96753e-05	-1.4264600000000012e-05	8.041659430090001e-09	2.0347881316000042e-10	-0.000439392	-5.480699999999998e-05	1.93065329664e-07	3.0038072489999967e-09	0.0	0.0	0.0
8587.730753000966	-14.185697472468743	73749119.48603854	201.23401278040615	10385.062909379698	-23.84184696204284	568.4336665614712	107849531.63177392	6346.9380494282605	-7.755335049500901	40283622.60328021	60.145221730017134	6401.556945275974	10026.662415459885	1.023588	36.850651	0.017330954999999978	0.015726900000000002	-0.08676430560000001	-0.0298801715	-0.06198576190000001	-0.0833085081	-0.043795318	0.0804657669	0.0657956378	0.0472739514	0.11467359029999999	-0.04656128	-0.0656106449	-0.029673181	-0.1242324837	0.0283822666	-0.0226765012	0.0102466125	-0.020703624	0.019454746499999998	0.061598001	0.0434988785	-0.0162106017	-0.1205034673	-0.0719076389	-0.0304390902	0.124547419	-0.07734180980000001	-0.028871892200000002	0.0407317579	0.08730139890000001	0.1108927742	-0.0651797133	-0.0182162079	-0.0632733679	-0.0179162044	-0.0311111913	0.0216201615	-0.0510975005	-0.019352212	0.0189015144	0.004913195	-0.0109675548	-0.08998974359999999	-0.0112175969	0.0643280518	-0.1150527664	0.0838245811	0.0366503987	0.09437797789999999	0.14243407859999999	0.0407872592	0.010868167199999999	-0.0558903732	-0.1476061291	-0.0321284587	-0.070326997	0.0963161233	-0.0868012199	0.0593128139	0.07946639559999999	0.023876250800000002	0.07082315389999999	0.032622318399999996	0.0461724029	0.1508130214	-0.0988406967	-0.1143066316	0.0760672334	-0.0698247529	-0.0213731084	0.013070959299999999	0.034148958199999996	-0.0006757698	-0.022596539	-0.062227167800000004	-0.0549002189	-0.1125067674	-0.007276929899999999	0.0021279654	-0.0914869898	0.066961957	0.1178167417	-0.0046480526	0.034894382599999996	-0.012685626200000001	-0.0721292035	0.0025974347	0.069717682	0.0611878717	-0.0658033914	-0.07214125490000001	-0.0799323856	0.0615386916	0.02975544	0.0629959993	-0.098096801	0.060591929	-0.0215827497	-0.0011888283	-0.0427394584	-0.1149410218	0.0862090636	-0.0299894319	-0.0307521637	-0.0672085252	0.12892466130000002	-0.0666364991	-0.0520927872	-0.0357504596	0.054813483499999996	0.0386790407	0.052883124100000005	0.0221098041	-0.0167395556	-0.0144534859	0.0214675602	-0.0567885319	0.0105389725	0.0399954145	0.0104284984	-0.0488203424	0.0671101063	0.09693242390000001	-0.0771228894	-0.11402685369999999	-0.051220861500000006	-0.1355772769	0.0026271826000000002	0.0116710409	0.0076204583	0.1683053486	-0.0017405619	0.0705767999	0.0172378472	-0.018838344099999998	0.0397734435	-0.12483159449999999	-0.004930365	0.045220045300000004	-0.1308981008	-0.10933951380000001	-0.1129029724	0.08352663889999999	-0.1171577189	-0.0096455304	-0.029349468599999998	-0.043226977400000005	0.005619870799999999	-0.014796440400000001	-0.0337748003	-0.0843884684	-0.0049568584	-0.021763727000000004	-0.0628800748	-0.1322987363	-0.0569276973	-0.07100594980000001	0.1746685134	0.015170539399999999	-0.0236074573	0.0021597361	-0.0430352279	-0.0155048628	-0.027407888199999998	0.055377272199999994	-0.0404760891	0.044557341900000005	0.070685366	0.0146484003	0.0351991862	0.011637912700000001	-0.0299769595	-0.0422423159	-0.0512640859	-0.1102297741	-0.19440851059999997	-0.10052866960000001	0.09282074609999999	-0.0804089666	-0.006871899999999999	9.120000000000482e-06	4.722300960999999e-05	8.31744000000088e-11	0.06454349999999999	-1.7000000000072513e-06	2.8900000000246543e-12	0.0041658633922499995	0.16084599999999996	0.015686999999999982	0.025871435715999987	0.0002460819689999993	-0.00140156	6.930000000000045e-06	1.9643704336e-06	4.802490000000061e-11	-0.000114228	-2.4552699999999986e-05	1.3048035983999998e-08	6.028350772899993e-10	-0.000440572	-1.179999999999985e-06	1.94103687184e-07	1.392399999999965e-12	0.0	0.0	0.0
8586.933974252393	-0.7967787485722511	73735435.07817	0.6348563741763624	10428.995125414314	43.93221603461643	1930.0396057122089	108763939.32591552	6348.367313860651	1.4292644323904824	40301767.5516943	2.042796817696488	6403.425991963663	9932.892102995273	1.036061	37.299713	0.013457689999999996	0.00859546	-0.1210722304	0.0032662308	-0.074790719	0.0591075358	0.034625462	-0.0382847531	0.0014118607	-0.06167352070000001	0.1418314574	-0.058447060999999995	0.025539884199999998	-0.0228401203	0.0758929832	-0.021624622000000003	-0.0249093263	0.06313274320000001	-0.015532834799999999	-0.011014611499999999	0.025141887400000004	0.0803943453	0.0201379073	0.0228765371	-0.0360912151	0.011788053799999998	-0.0894293633	-0.1323307987	-0.014957329299999999	0.07390120809999999	-0.0067460837	-0.062393587	-0.12001738640000001	-0.015063219099999999	-0.0352436324	-0.0566400607	-0.01269483	-0.0017835805999999999	0.0663456251	-0.0906283867	-0.0938860522	0.0592582001	-0.0009646567999999999	-0.0009642603999999999	-0.0284926681	0.0337290019	-0.0140675933	0.0996350149	-0.0749525524	0.0659690844	0.0637917403	0.0238379329	-0.0690634631	-0.0587759	-0.0208590969	0.1261325878	0.1661588349	0.0320285389	0.0474782003	0.1224627471	0.027747971	-0.0468129733	-0.08135416990000001	0.04344678019999999	-0.081796492	0.10667515039999999	-0.17302919170000006	0.1274071477	0.0616239666	0.1937539923	-0.0250555446	0.0087444194	0.0059108129	-0.006224643100000001	-0.0334767548	-0.19554425739999998	-0.0113044103	0.0059127337	0.0244094923	0.1660983171	-0.005446785500000001	0.0228625529	-0.060820836100000004	0.0391472113	0.046106709100000004	0.0822014479	0.08196916950000001	-0.057324746100000004	-0.0664386954	0.0701807297	0.11516648539999999	-0.1359879673	-0.024408907799999997	0.1398132608	-0.048544097	0.1490656956	-0.0549040494	-0.0304978258	0.021996751800000002	0.0735488078	-0.0598713608	0.0443483959	0.0323284022	-0.01954966	0.0690615359	-0.06214305	-0.046970949000000005	-0.121419253	-0.0523672808	-0.0166998422	0.057771564299999995	-0.0086172535	-0.0611782714	0.0051527948999999995	0.0713844434	-0.05513193809999999	-0.0354911431	0.057548315	0.0042839218	-0.0371220976	0.0185825908	-0.0411821369	-0.0005165831	0.05593216	-0.0190390963	-0.1058731991	-0.1418628882	-0.0743254039	0.0826337753	-0.0906997829	0.0633576843	-0.0694458595	-0.1383481077	-0.0265028834	0.0147725354	-0.053339500899999996	-0.20791687690000002	0.054149318099999996	-0.1293011681	-0.024521132400000003	-0.0039796458	-0.0553525125	-0.0311127487	-0.18830333059999999	-0.1540512543	0.1264611622	0.011350836100000001	0.006982672	0.051913575999999996	-0.0154553977	-0.0937958642	-0.024051871800000003	0.0540162601	-0.0237404519	-0.0533181478	-0.08196380019999999	0.0212430476	0.0488638421	0.0589473032	0.042865966299999995	-0.1507781766	-0.1367922367	0.1086882909	-0.0352532142	-0.0053928226000000004	0.0040840017	0.061836612400000004	0.1192227099	0.026968843	0.0407575704	-0.0030465494	0.1361317065	-0.089015895	0.0816666503	0.10933509429999999	-0.0731625727	-0.08268224099999999	-0.10090015109999999	0.0942716968	-0.0835449238	-0.00693219	-6.029000000000104e-05	4.805525819610001e-05	3.634884100000125e-09	0.0645012	-4.229999999999512e-05	1.7892899999995872e-09	0.004160404801439999	0.160771	-7.499999999996397e-05	0.025847314441	5.6249999999945984e-09	-0.00151462	-0.0001130599999999999	2.2940737444e-06	1.2782563599999976e-08	-0.00014350700000000002	-2.927900000000003e-05	2.0594259049000004e-08	8.572598410000017e-10	-0.000317309	0.00012326299999999998	1.0068500148099999e-07	1.519376716899999e-08	0.0	0.0	0.0
8592.870594437903	5.936620185510037	73837425.05275561	35.243459227005225	10396.659447355727	-32.33567805858729	1045.5960755086037	108090527.66429108	6349.625654931805	1.2583410711540637	40317745.95776816	1.5834222513531564	6402.966180959028	9953.681473784342	1.032297	37.164211	0.024817209999999992	0.0125764	-0.1139617267	0.0286727005	0.04709344360000002	0.07319497429999999	-0.0535345408	0.0064669465	-0.1278716845	-0.009278917	0.0991270476	-0.0076617635	-0.026303430299999996	-0.026124056800000003	-0.0573782026	0.0969774406	-0.0974312905	-0.0321719017	0.015134174299999999	0.06727273269999999	-0.037803107	-0.0145584972	-0.0004431371	-0.048192242999999996	0.0949455698	0.0367365396	-0.0049132229	-0.0444906864	-0.017815084	0.0926308374	-0.08632827859999999	0.029320178199999998	-0.07659303349999999	-0.018707145	-0.0395981064	0.013625479199999999	-0.0716304257	-0.0308647002	-0.0822425923	0.0002336897	0.0392801874	0.11341816	-0.0974159828	-0.0212984167	-0.0742444463	-0.0189110429	-0.0597908422	-0.023026140299999998	0.0292158532	-0.016709240400000002	0.048359864100000004	0.0516131323	0.0392967765	0.0516552572	0.0028485353000000002	0.0651862311	-0.030596601600000002	0.0033495082000000002	-0.0344765147	-0.0793201177	-0.0128279172	0.0356881029	0.029842808399999997	0.035609233	-0.046512720599999995	0.0258395893	-0.0567435498	-0.0910013639	-0.101604611	0.0155475076	-0.0630927281	-0.0146244584	0.0087409164	0.0271267113	0.1053553976	0.025470465299999998	-0.0970063434	0.08587256900000001	0.0403006344	-0.044429971900000004	0.0489936817	-0.0728609767	0.0491848749	0.034299024	0.06688085070000001	-0.0485833394	-0.12620487730000002	-0.1282204368	0.1315047688	-0.0246741308	-0.012151733500000001	0.041999876500000005	0.0254370165	-0.0646328102	-0.0751346102	-0.0218398603	0.0376731628	0.0043567093	-0.0275524533	0.0554019885	0.028662882799999997	-0.0052400778	-0.031196163	-0.027501562200000003	0.09494676810000001	0.07225504940000001	0.0175782033	-0.0676625491	-0.0639723051	-0.0266076154	0.0462373619	0.0220099337	0.087671106	-0.0419672745	-0.07707273860000001	-0.024428663700000002	0.062096091	0.0665336141	-0.10597165199999999	0.0523034266	0.0344951862	-0.0183367089	0.0258446762	0.0760556967	-0.0260500142	-0.0557522645	-0.0306487104	-0.0544851141	-0.0700338586	0.030004137099999998	-0.056487405199999986	-0.0196845204	-0.0077021608	0.0397088358	-0.026221349900000003	-0.0021091101	0.0377975408	0.0756025468	-0.025906393700000002	0.0935579993	0.0161043174	-0.016213129399999998	-0.0704402501	-0.0448953852	0.0006402682	-0.0549056521	0.0227780437	-0.0095893886	-0.0017121475	-0.0139989617	-0.0600539423	-0.0086742665	0.0781129659	-0.0073646963	0.0938911332	0.1609958349	-0.0601261567	0.0380003362	0.0294175562	-0.0172572229	0.0586099273	0.08505687740000001	-0.07938329570000001	-0.0601139632	-0.0756589845	0.028770770499999997	-0.024809347000000002	-0.0456759045	0.09026726119999999	-0.015955258400000002	0.1031159338	-0.0002935514	-0.0266680844	-0.1059444333	0.0112757994	0.048324201799999994	0.10793727310000001	-0.1012434574	0.09561735810000001	-0.0864709601	-0.00691143	2.0760000000000743e-05	4.77678646449e-05	4.309776000000309e-10	0.0562888	-0.008212399999999995	6.744351375999991e-05	0.0031684290054400004	0.168154	0.0073830000000000015	0.028275767716000003	5.450868900000001e-05	-0.00142587	8.874999999999985e-05	2.0331052569e-06	7.876562499999975e-09	-0.000224038	-8.053099999999998e-05	5.0193025444e-08	6.485241960999997e-09	-0.00030256900000000004	1.4739999999999954e-05	9.154799976100004e-08	2.1726759999999873e-10	0.0	0.0	0.0
8601.431756048478	8.561161610574345	73984628.25395921	73.2934881223719	10402.317438216494	5.657990860767312	32.01286058052644	108208208.08542296	6352.128739133775	2.5030842019696142	40349539.51852924	6.265430522149859	6404.1167090651925	9958.297881863782	1.035777	37.289471	0.042429439999999985	0.022602200000000003	-0.11290283779999999	0.0133057252	0.0260255561	-0.09049639570000001	-0.06945792769999999	0.0670720051	-0.0096195692	0.1082129865	0.0598300828	-0.0128440355	0.0018842985000000001	-0.0653531902	0.1283530276	0.058992545099999995	-0.0288318758	0.0520918559	-0.0126900585	-0.010004273000000001	0.1071430767	0.022028559500000003	-0.0418331681	0.0483272719	0.0624986487	0.0164328344	-0.0292427424	0.048825134400000005	-0.0198773283	0.005448553	-0.0400162708	0.11361733539999999	-0.0724553754	-0.0357721436	-0.0324432729	-0.0209031224	0.0147895777	0.0468079289	0.0581406539	0.053540753600000004	-0.1389450506	0.0650965922	-0.104768858	-0.0317475225	-0.0447611634	0.030638696899999998	-0.0398111891	-0.1408508466	0.0417714117	-0.158456033	-0.0054826332999999994	0.1138939792	0.0741004863	-0.011598703	-0.0845509827	-0.005565766999999999	0.0932761575	0.0245861363	-0.0179123052	0.097806479	0.1297611337	0.0849292524	-0.0534391258	0.045737401500000004	0.1257369803	0.11188956789999999	0.0600469929	0.0213963888	0.1047040806	-0.1160352013	-0.1274149974	-0.13645814480000001	-0.0695288786	0.009527169200000001	-0.0458741363	0.1359703821	0.0105182318	0.0685002391	-0.0062628603	-0.0986675308	0.042090095	-0.058686169	0.0677090972	0.0029290168	0.12600311109999998	-0.0197768796	0.0029764047999999996	-0.036026488599999996	-0.0502479157	-0.08532195449999999	-0.07817086179999999	-0.0322265627	-0.0451457184	-0.0799208423	0.1531599874	0.0366450988	-0.031321689	-0.0329083567	0.0862578041	-0.0818139135	0.04897600059999999	0.1014982522	-0.0014997632000000002	-0.0164686679	-0.0319704186	0.075207969	0.0784089189	-0.08934436289999999	-0.0615833448	-0.0179662257	0.034675910899999995	-0.048693070199999994	-0.0667046671	-0.0074575576	0.0648972216	-0.0229634421	-0.0982239595	-0.0013841181	-0.15758549759999999	0.1554884141	-0.0445628988	-0.064437708	-0.0417629989	0.0198395653	0.12662517380000002	-0.0177969361	0.0405946083	-0.0222256505	0.0012634217	0.07274120790000001	-0.009234221800000001	0.049746272599999995	0.0366685402	0.0068563233	-0.0644123619	-0.0377208567	-0.1217757984	-0.0566695406	0.1326213361	0.0319371171	-0.0520700874	-0.2171856214	0.0219646497	0.0510246979	-0.013358831399999998	-0.0659596499	-0.0579706367	-0.0103960876	-0.1104477725	-0.17215359170000002	-0.043325145999999995	0.11586631060000001	-0.1464576065	-0.0116791076	0.0244267316	0.0887367015	0.0455441875	-0.047779811900000003	-0.06385637450000001	-0.0400797737	0.09733598119999999	-0.0403668252	0.0646522025	0.0171042471	-0.10549915800000001	0.00035215830000000003	-0.051588836799999996	0.0872814282	-0.0778387469	-0.089480484	0.0440501582	0.0619400918	-0.0871585624	0.0534516162	-0.11544601060000001	0.0512617467	0.0845708652	-0.1015584928	0.09685622699999999	-0.0891797233	-0.00462609	0.0022853399999999994	2.1400708688100007e-05	5.2227789155999975e-06	0.07585999999999997	0.01957119999999997	0.00038303186943999877	0.005754739599999995	0.160747	-0.007406999999999997	0.025839598009	5.4863648999999954e-05	-0.00156899	-0.00014311999999999984	2.4617296201e-06	2.0483334399999957e-08	-0.000143111	8.092699999999999e-05	2.0480758321000002e-08	6.549179329000001e-09	-0.000263298	3.9271000000000065e-05	6.932583680399999e-08	1.5422114410000053e-09	0.0	0.0	0.0
8604.253469242236	2.8217131937581144	74033177.76296705	7.962065347828617	10463.511894161222	61.19445594472745	3744.761438371189	109485081.15925336	6358.5075560782725	6.378816944497885	40430618.34070449	40.689305611413324	6412.50090277317	10009.7363292966	1.043696	37.574574	0.03858745499999999	0.0203256	-0.0883118002	-0.009684359	-0.072262048	-0.0208648801	0.0245975742	-0.0145797918	0.0746103256	-0.014180149099999999	0.09205465310000001	-0.0387776088	-0.1446046346	0.0782266954	-0.026463084300000002	0.0429087455	-0.0443317549	0.0068707581999999994	0.08014722839999999	0.0862939286	-0.0254430483	-0.011589032800000001	0.0372937911	0.035283922599999996	0.0239459159	-0.0732275517	-0.0105762187	-0.058583242699999996	-0.0044748457	0.05492166230000002	0.0854178061	0.012768278000000001	-0.07692330110000001	-0.0051734765	-0.055609098499999995	0.0474840272	-0.113110141	-0.05728933570000001	-0.0089891005	0.0881366588	-0.0242836162	0.0770500361	0.0256543777	-0.06012058660000001	-0.0732581708	-0.030839802700000002	0.078814415	-0.0297433015	-0.10606675230000001	-0.0072591921	-0.0123939819	-0.051765291799999995	-0.0678785408	-0.0277240794	-0.152122388	0.0170094855	-0.1619547612	-0.0960548411	-0.1146292632	-0.2029017821	0.001454384	0.0709954591	0.1532316283	-0.09596703109999999	-0.041145800499999996	0.0811316505	0.0046651241	0.1225195481	0.10060287970000001	0.1160118402	-0.0228291521	0.009780433199999999	0.0279349514	-0.0342725066	-0.0423718566	0.045428164699999996	0.091934092	-0.025564710600000002	-0.0803602466	-0.04802679519999999	-0.0069507138	0.0857929457	0.0480685192	-0.0458405987	0.09075583699999999	0.0662836034	0.1277785527	0.0181457647	-0.0250518098	0.030328290600000002	-0.0126711572	0.0918076876	0.0830516899	-0.1059667892	-0.056578097	0.1179635585	-0.11619891060000001	-0.0026205192	0.0044621172999999995	-0.1865675554	0.09038340449999999	0.046365415099999994	0.0284894256	-0.0092497124	0.006959405500000001	-0.09286468369999999	0.056346968899999995	-0.0689015315	-0.055363970400000004	-0.0345535253	-0.012172913200000001	0.0298688721	0.0650198155	-0.0809858299	-0.0380136235	0.0444319637	-0.0228345312	0.078194594	-0.09114537730000001	-0.06382967440000001	-0.0014479066	-0.1063021591	-0.07950619889999999	-0.0527066088	-0.1047926889	0.0678704799	-0.0015211331	-0.0223598477	0.11429344960000001	0.028534282299999998	-0.1526265283	0.0693303783	0.1552872387	0.1236842959	0.053285144400000005	0.011697581799999999	0.1270963313	0.0224585388	-0.0725743416	-0.0416760956	-0.0363082398	0.04834509099999999	-0.0391635788	-0.1375130033	0.039175448	0.0281862242	0.0504147862	-0.0841474749	0.1143859532	0.0505458986	-0.1383238308	0.026277663	-0.1988969461	0.039434575699999995	-0.0716615602	-0.041578016	0.0628377458	-0.0200797234	-0.0898759609	-0.0974331439	-0.0648927877	0.0287359165	0.1155099057	0.0716576017	-0.10043314240000001	0.0339709519	-0.0207110942	-0.0751445711	-0.0403556274	-0.0586040614	0.14130412609999998	-0.0122631497	0.0808822484	0.0633387848	-0.0300029731	-0.030407943700000002	0.1107159878	-0.1018451692	0.0979869198	-0.0916644073	-0.00476208	-0.0001359899999999999	2.26774059264e-05	1.8493280099999967e-08	0.059237	-0.016622999999999968	0.00027632412899999904	0.003509022169	0.168397	0.007649999999999991	0.028357549609	5.852249999999985e-05	-0.00142166	0.00014733	2.0211171556e-06	2.17061289e-08	-9.98077e-05	4.330329999999998e-05	9.961576979290002e-09	1.8751757908899986e-09	-0.00035623400000000003	-9.293600000000006e-05	1.2690266275599999e-07	8.637100096000011e-09	0.0	0.0	0.0
8617.38721838114	13.133749138904022	74259362.47151864	172.49536644366214	10444.335377515534	-19.176516645688025	367.73879066234986	109084141.47802256	6356.778936728738	-1.7286193495347106	40408638.45043814	2.988124855585806	6411.368471612378	9999.503020275468	1.021072	36.760075	0.046795734999999984	0.0258401	-0.1001513295	0.013546437	-0.017101616899999998	0.09428855789999999	0.0014201698999999999	-0.034244497799999996	-0.0330219499	-0.0293854336	0.0676457153	0.010911923	0.0030345192	-0.07952256419999999	0.0396683765	0.1045800267	0.0159199688	-0.0391279208	0.0050641543	-0.1309605085	0.025702244500000002	-0.0461259634	0.08625430199999999	0.078435265	0.0410448822	0.046806669599999996	-0.0266253763	-0.08753274949999999	0.0038844897	0.0688500968	-0.0177232872	-0.0280270793	-0.08976952220000001	-0.0149791688	-0.012099411599999998	-0.0194910366	-0.0516378461	-0.0726047279	-0.11074479	0.0482807528	-0.1379543769	-0.0090536434	-0.029843550099999998	-0.17514840350000002	0.0094877356	-0.0241769407	-0.0575498047	0.012650947099999999	0.0314813616	-0.0696044707	0.055900806500000004	-0.1632422017	0.0262247288	0.0813960839	-0.1405046032	0.0250378696	0.0372339173	0.1474624981	0.11494246550000001	0.023502774100000002	-0.0661707004	0.0017667644	0.1195278985	-0.12198774609999999	0.0243563201	-0.0242788837	-0.0763075862	-0.0627487603	-0.0184312502	-0.06366584269999999	0.0309101327	0.016081094299999998	0.0144562245	-0.004736087700000001	-0.10210183449999999	-0.0901356415	0.1727892577	0.1185056533	0.033276388	0.0364826877	0.0419055006	-0.033250662599999994	-0.04365016	0.1748137059	-0.055882226900000005	-0.0586810479	-0.020871045300000002	0.030224849900000007	0.0016037525	-0.010204879	0.017985748200000002	0.0190904931	-0.112770025	-0.09672229380000001	-0.1895134399	-0.0293212333	-0.0021046810999999998	0.11788697990000001	0.08872240640000001	0.1434460871	-0.056305439400000004	-0.027594467799999998	0.0009239984	0.0027427191	0.0734802425	-0.0124825149	-0.036656256899999996	-0.0789629047	-0.0601085039	0.0176346333	0.0624240566	-0.0370157074	0.0692751262	0.012024241299999999	-0.0566918079	-0.0442904615	-0.1460799681	-0.027970660499999998	-0.11234852460000001	-0.0092385759	0.0834660832	0.015951398500000002	0.0867907166	0.0661237642	-0.06786825490000001	-0.0757410728	0.1447296725	-0.0267363948	0.1602100739	0.0205711719	-0.0604296063	-0.0150238455	-0.0588085764	-0.0400322057	0.0713715747	0.0964475802	0.1219872481	-0.0843651795	0.028518570899999998	0.047024319800000006	-0.0973182771	0.025194866099999998	-0.046212133600000004	-0.013461691299999998	-0.0655751547	0.043956431500000004	-0.053717406399999994	0.08631209949999999	0.0991443224	-0.0681447947	0.0236409508	0.0655916251	0.09818401730000001	-0.09206689789999999	-0.0258170204	0.0342301963	0.10574873859999999	-0.0208318898	0.083924054	0.07065955980000001	0.06090228440000001	0.0085982748	-0.0332562558	0.0273969041	0.1870435431	0.0452792645	0.031317054	-0.0627822909	0.07320594820000001	-0.06981208900000001	0.0920785591	-0.0707693496	-0.0152141757	0.1184081994	0.10923176650000001	0.07894163309999999	-0.1101871693	-0.1021034066	0.0990081737	-0.09391876869999999	-0.00468531	7.677000000000031e-05	2.19521297961e-05	5.893632900000047e-09	0.0774414	0.0182044	0.0003314001793599999	0.0059971704339599995	0.15267999999999998	-0.01571700000000001	0.023311182399999998	0.0002470240890000003	-0.00160307	-0.00018141000000000007	2.5698334249e-06	3.2909588100000044e-08	-0.000140389	-4.0581299999999984e-05	1.9709071321e-08	1.646841909689998e-09	-0.000322274	3.3960000000000034e-05	1.03860531076e-07	1.1532816000000023e-09	0.0	0.0	0.0
8628.275362184319	10.888143803178536	74447135.72567694	118.55167547869516	10431.633627312214	-12.701750203319536	161.33445822752782	108818980.13447098	6360.901772168969	4.122835440231029	40461071.35518233	16.997772067224982	6413.182864373972	10126.312933556965	1.025667	36.925518	0.04214237999999999	0.027022700000000004	-0.061550991900000004	0.043773383	0.0493814556	0.0053202034	-0.10161629300000001	0.015396485	-0.0698442954	0.0771622729	0.0493482307	0.0012429047	-0.11619109429999999	0.0143745089	0.08482929560000001	0.0119445777	-0.0669184177	-0.0168285105	0.0046761916999999995	0.046808830700000005	-0.033984276	-0.0051176675	0.0036178384	0.0361457939	0.0789119842	-0.1032237391	-0.03466629	0.0655534775	0.0037551426	0.0339985761	-0.09042679960000001	0.0932896814	-0.0394025971	-0.08390706220000001	-0.0070533097	0.0884356999	-0.0359781042	-0.033164985099999995	-0.0164400929	0.0351087836	-0.054951078	0.0534834966	0.0942045933	0.0083230224	-0.1274506176	0.028362143500000006	0.0001314798	-0.0278745183	-0.042576732	0.0411825862	-0.049400934400000006	0.058993360599999996	0.0323662188	-0.04373300769999999	0.0283785064	-0.0362095654	-0.11898796269999999	0.0643097327	0.0725921633	0.07607054469999999	-0.017910721299999998	-0.0187184508	-0.037857584	-0.0199201202	-0.1372696689	0.050452904699999995	0.0301894557	-0.0433537538	-0.11080073550000001	-0.0182331869	0.126070924	-0.11571004609999999	0.067428524	0.0695618947	0.08761785710000003	0.08924603269999999	0.0385492137	0.0196818648	-0.0100881812	-0.0631510954	-0.04052267	0.025959493599999998	0.014375618100000001	-0.1027045318	-0.039282634	0.0072673204	-0.06257024480000001	0.047826144800000005	-0.06296958309999999	-0.1651874626	0.0850671009	-0.043474853	-0.0404322985	0.002914153	-0.0659252385	-0.017613520900000002	0.1026547394	-0.0383142804	-0.012075779699999999	0.0080004602	0.0376633957	-0.0024621863	0.0744506168	-0.0016614065	0.0327848274	0.0983229075	0.0602767662	-0.047714062599999996	-0.0807046296	-0.0430575683	-0.0771514219	-0.0170136746	0.0386543467	-0.035256787000000005	-0.023232971800000002	-0.0126055822	-0.0605173947	0.0840858081	-0.064819025	-0.0458509676	-0.0595002808	-0.0754337642	0.0271468502	-0.018545068999999997	-0.0164862494	0.0998533658	-0.010596323999999999	-0.0152639895	-0.09532753039999999	-0.021428684500000003	0.0023178827	0.0946698182	-0.035561254300000004	-0.061442499299999995	0.08506964289999999	0.0338090029	-0.0714791942	0.000861647	-0.0553207908	-0.078351696	-0.17211366820000001	0.0793434246	0.0891186865	0.0601403041	0.0285037933	-0.0988578259	0.0378040862	-0.07138253530000001	-0.0076123303	-0.0517962713	0.09681198140000001	0.056314691500000014	0.0639909526	0.0439985593	0.012404220700000001	0.0817621481	-0.0865949765	0.0493268397	-0.0217207865	-0.0110476465	0.0099430433	-0.06365264030000001	-0.0132286292	0.1280752503	-0.0362736106	0.039469130899999996	0.0460817038	-0.0054524289	0.0599191974	0.08215547320000001	-0.0305342169	-0.0780662436	-0.0188673879	-0.17593099489999994	-0.0041750856	-0.043508080899999996	-0.0042329568	-0.10233313289999996	0.0999188481	-0.0959371432	-0.00694559	-0.00226028	4.82412204481e-05	5.1088656784e-06	0.0573132	-0.020128200000000002	0.0004051444352399999	0.0032848028942399988	0.170496	0.017816000000000026	0.029068886016	0.00031740985600000086	-0.00159706	6.010000000000088e-06	2.5506006436e-06	3.612010000000104e-11	-0.000130445	9.943999999999983e-06	1.7015898025e-08	9.88831359999997e-11	-0.00029947	2.280400000000002e-05	8.968228089999997e-08	5.200224160000008e-10	0.0	0.0	0.0
8635.099175585568	6.823813401249937	74564937.77219856	46.56442933507822	10458.341410221095	26.707782908881196	713.3056679079268	109376905.05274536	6364.052569149178	3.1507969802096336	40501165.10289426	9.927521610498149	6415.289468650555	10172.856583448387	1.055351	37.99416	0.03858711000000002	0.024015900000000003	-0.044716907800000004	0.021458299700000003	-0.0932548057	-0.060912434	-0.0006329670999999999	0.0135303966	0.0920864363	0.0379450679	0.0683572586	0.0053643351	-0.0921525075	0.0422870808	0.0207547706	0.09368634960000001	0.08356378219999999	0.0133123081	0.0691216462	-0.0557343621	-0.0636333692	0.0199852552	-0.0047543991999999995	0.029902266400000002	0.0427033169	-0.048251319400000006	0.0664062667	0.08328954969999999	0.0282498221	-0.0086756215	0.0673165385	0.06072809940000001	-0.10174105060000001	-0.014035343799999999	-0.0869921793	0.0572082063	-0.0551660483	-0.033017321	-0.17615654579999998	0.09523006390000001	0.0166847314	-0.024449780499999997	0.0075160066000000015	0.0470991792	-0.0054476735999999994	-0.0325518964	-0.06121649410000001	0.0008262116000000001	0.0161973184	0.1143911366	-0.031105094399999998	-0.0474129867	0.048357707300000004	-0.0409700815	-0.013615174399999999	0.0629684248	0.0947739468	0.1499134935	0.0802699694	-0.0582285987	-0.0437350803	-0.11559402560000001	-0.0223892652	-0.0218984649	0.012031693799999998	-0.047191968200000003	0.0659667604	-0.0045886004	0.0992953511	0.0117671794	0.1559282538	-0.0808620151	0.0299731881	-0.04773631230000002	0.0415172455	0.0804801695	-0.0211560917	0.029087983900000006	-0.0322922898	-0.07581996440000001	0.0505003626	-0.0980510497	0.1669853129	-0.0418805538	-0.045523989	0.0518752621	0.0125141353	0.0156287569	-0.0446249238	0.0217576956	-0.0504168923	0.126657977	0.0049375146	-0.0200111661	0.0156876748	0.10467139339999999	0.109426175	-0.0074477213	0.0781206795	-0.0357502716	0.0432481426	-0.0354931966	0.0515762253	0.0262388356	-0.0425592197	-0.0669324767	0.08820684150000001	-0.1019997915	-0.0192273058	-0.04478404019999999	0.0053635725	0.0060252361	0.1117386657	0.0402769953	-0.0968497732	0.10232565199999999	-0.0376677718	0.0125755994	0.0167931173	-0.0242856581	0.021743310099999996	0.1012590648	0.092096966	0.0785408679	0.03417641	0.1300072717	0.0440995487	-0.1095261969	0.0956647009	-0.0882260432	0.0050879094	-0.0128785309	-0.0806549142	0.0366438666	0.049012641399999994	0.150772761	-0.0591532512	0.0001466874	0.0862949628	-0.0546647165	0.0012500501	0.0602140579	0.020801133700000002	0.0879430721	0.09427614279999999	0.1052639498	-0.0719050908	-0.08669044320000001	-0.017851529799999998	-0.0211283255	-0.0123937695	-0.005687143100000001	-0.006974016800000001	-0.0484328023	0.061784975599999986	0.08086181690000001	-0.06509763	-0.030610931600000002	-0.09642948039999999	-0.13975422880000002	0.0043727951	-0.14246140300000001	-0.0606663584	0.0282060324	-0.0662470516	0.021670912400000002	-0.0677307806	-0.1437032733	-0.0894147499	0.0660593702	0.12300942179999999	-0.04840801769999999	-0.08632698330000001	0.0111592209	-0.036887977200000005	0.0620900567	-0.0414692053	-0.10253428390000001	0.1007179259	-0.0977144592	-0.00408018	0.00286541	1.6647868832400002e-05	8.210574468099996e-06	0.07468999999999999	0.017376799999999998	0.00030195317823999995	0.0055785960999999995	0.15421600000000002	-0.01627999999999999	0.023782574656	0.00026503839999999964	-0.0015753	2.176000000000001e-05	2.48157009e-06	4.734976000000002e-10	-0.000114941	1.5503999999999993e-05	1.3211433481000005e-08	2.4037401599999975e-10	-0.000295436	4.033999999999982e-06	8.7282430096e-08	1.6273155999999853e-11	0.0	0.0	0.0
8622.210337853101	-12.888837732467435	74342511.11018088	166.12213809387634	10508.304508557658	49.963098336562325	2496.311195388997	110424463.6445732	6350.8858563391395	-13.166712810038915	40333751.16024853	173.36232622204292	6409.018381783805	10244.35894633792	1.0752700000000002	38.7113	0.042243680000000006	0.0240775	-0.034913476299999996	0.0681258796	0.0109491691	0.09328029609999999	-0.0498083733	-0.0791674156	-0.0809804216	-0.0055412462	0.0409418469	0.0501127274	-0.11925523939999999	0.0079844967	6.82173e-05	-0.0190608839	0.0413992901	-0.026175153	0.0025217313000000002	-0.056960213499999995	-0.0663913657	-0.055614507	0.1160496389	0.0314512548	0.014158603200000001	0.013280911000000001	-0.0092438683	0.0780343863	-0.0021714978	0.07447626660000001	-0.048876439800000004	-0.027676664	-0.0351973466	-0.037143349900000004	-0.056022555	0.112983498	-0.1007499146	-0.0838103208	-0.06366823719999999	0.057148203499999994	-0.0029026345	-0.045974965199999995	0.0762327253	0.0385533169	0.0012761206	-0.0641726661	0.0188155574	-0.0549839585	0.0910540906	-0.0835117084	-0.012220756599999999	-0.10382388460000001	-0.1333637482	0.0909510381	0.1035972408	0.1019200252	-0.0815468186	0.0631279413	0.0181682325	0.013548556699999999	-0.0087552572	0.0194731898	-0.030285024100000002	0.1270822543	0.10944629439999999	0.0332268047	0.1544488259	-0.1058312351	-0.058042787900000004	0.15224015800000001	0.0167712327	-0.0073910421	-0.0175082935	0.0292321341	0.0564253874	-0.14526154289999998	0.0068036819	-0.076200398	0.0043456419	-0.0017952604	0.0389410455	-0.057498810899999996	-0.0129139222	-0.073620167	-0.0542813371	-0.0416295577	0.020368037	-0.028115367999999998	0.07920721780000001	0.033618261600000005	-0.0339068478	0.1130413888	0.0077164992	-0.024590400499999998	0.1522844797	-0.2017961193	-0.0518477455	-0.1113989334	-0.1573567801	-0.09173339380000001	0.0083166999	-0.0969427982	0.0060919555	-0.008926498	0.10392396529999999	0.0197056078	-0.0104029592	-0.0374042157	-0.0448077362	-0.06939437009999999	-0.0561115963	0.0427794098	0.1370991062	-0.0351554263	-0.0075812539	0.0590417562	-0.0801269702	-0.02536617	-0.013877556000000001	-0.053311353	-0.0408825099	0.1331656375	0.049825645300000006	-0.044962809400000005	-0.0441241869	0.0347158654	-0.0148897541	0.130936747	-0.0069965518	0.12225172279999999	-0.1063589833	-0.0195161094	-0.0209016419	-0.0252082636	0.0586840629	-0.026890558999999998	0.0253467016	0.0160327818	-0.101628175	0.005264903100000001	0.19702903010000009	-0.1306691413	-0.09181349009999999	0.0762763526	-0.014106152	0.019374118899999997	-0.053034591	-0.1082505803	0.0841712165	-0.030781529900000007	0.148937567	-0.0551419756	0.10342949439999999	-0.1011320583	0.04403962980000002	-0.014914486000000001	-0.0027425490999999995	0.104701584	-0.10246889529999999	-0.07195755	0.0438661309	0.0215742146	0.0048772595	-0.039942816299999996	0.0827085698	-0.0829925572	-0.1260672283	-0.0208344362	-0.0546781995	-0.08889329019999999	-0.0911585121	0.0271133273	0.0831260684	-0.14981182939999999	-0.144397264	0.026479017200000003	0.0325706984	-0.1027068035	0.10140451460000001	-0.099246251	-0.00460117	-0.0005209899999999998	2.11707653689e-05	2.7143058009999984e-07	0.05704740000000001	-0.017642599999999987	0.00031126133475999963	0.0032544058467600004	0.16950499999999996	0.01528899999999994	0.028731945024999987	0.0002337535209999982	-0.0016625999999999998	-8.729999999999979e-05	2.7642387599999997e-06	7.621289999999964e-09	-8.909319999999997e-05	2.584780000000004e-05	7.937598286239995e-09	6.68108764840002e-10	-0.000232762	6.267399999999998e-05	5.417814864400001e-08	3.928030275999997e-09	0.0	0.0	0.0
8600.380197540648	-21.830140312453295	73966539.54224929	476.55502606139845	10434.366841651861	-73.9376669057965	5466.778587472516	108876011.38616385	6352.271903311482	1.3860469723422284	40351358.33360048	1.9211262095390582	6405.796216336522	10188.00135626312	1.090845	39.272011	0.029162590000000006	0.0159832	-0.0443896675	0.039373857000000005	0.017036573899999997	-0.1161864166	-0.0629724508	0.0560670214	0.0066478501	0.1076130642	0.0482849934	0.0088189303	-0.0741453285	-0.061558787300000015	-0.0373012811	-0.009073749	0.0060134099	0.17698454190000001	-0.081382108	-0.0224118689	0.1063517957	-0.0573353766	0.1436695982	0.0632918353	0.0200872553	-0.023009695099999998	-0.03657191	-0.0959926521	-7.94627e-05	-0.022982302000000003	-0.0402377476	0.13741588789999998	-0.0314141279	-0.0413375661	-0.1039085658	0.0775440489	-0.0835473957	-0.030104515699999997	-0.0001094225	0.1251802033	-0.1490920956	-0.0330770534	0.0299299381	-0.0706383475	-0.031713119500000005	-0.1092947433	0.061139172699999994	-0.1011892706	0.004415667	-0.017322743300000002	0.09110746130000001	0.1198962372	0.0205711551	-0.0251703005	0.0196898005	-0.0741814717	0.0550441099	0.0060982658	-0.185092311	0.0135724994	-0.0119749692	0.106033705	0.024104188999999998	0.058553700300000004	0.0573022745	-0.0778319995	0.0243847369	-0.0653537087	0.030446055099999998	0.0241590619	-0.021445961800000003	-0.0182656534	0.048799945899999995	0.0245179986	0.0816843609	-0.0206584768	-0.0693010679	-0.076241727	-0.0869101518	-0.013852347099999999	-0.07168669849999999	-0.025200998	0.015511763000000001	0.050629248099999996	0.038201205099999996	0.09158147529999999	0.1049221223	0.0043282264	0.08088510389999999	0.0023515235	0.10155664439999999	0.0405779284	0.0702394123	0.1344607663	-0.0310143098	0.0355817836	-0.0125416286	0.011200696599999999	-0.040070501	0.0377153739	0.0025943957	0.015965941	-0.042433995099999997	0.0012378332	-0.0350556704	0.0680515319	0.0981177543	-0.0527018192	-0.0226245337	-0.0755008961	-0.0051774415	0.0246488403	0.061212558099999995	-0.0525149485	0.0300116222	0.0789629572	-0.19498233329999998	-0.081751851	-0.1635378318	0.024556109	-0.09197081630000001	0.015306498600000001	-0.06715510940000001	-0.0546562325	-0.0351457723	-0.0115644222	-0.0274708392	-0.0893111243	-0.052270745599999995	0.0168021068	0.09880332619999999	0.0241188806	0.020070970900000002	0.1389833138	-0.048402975	-0.0493608457	0.10017052060000001	0.0798169205	0.01979868	0.1332152906	0.0145888871	-0.024495532	-0.0141209807	0.0279482139	-0.0126029077	0.014050968999999998	0.0408694811	-0.0475710735	0.0075439980000000005	-0.08693883349999999	0.1000053703	-0.12109371349999999	-0.0156370801	0.043152650199999996	0.07241906969999999	-0.1124604388	0.0155594103	-0.017467293999999998	-0.0756950518	-0.049631383700000004	-0.056650654400000014	-0.0334637093	0.0529652152	-0.0008713461	-0.05881890610000001	0.0725625293	-0.0694566573	0.031762263900000004	0.057953383399999996	0.10328307240000001	-0.0594877267	0.0683086859	0.1044819815	0.017292316999999998	0.053072436900000006	0.0737211104	-0.0290123345	-0.10285064349999999	0.1019778474	-0.10052866960000001	-0.00479277	-0.0001916000000000001	2.29706442729e-05	3.671056000000004e-08	0.06973500000000002	0.012687600000000014	0.00016097519376000036	0.0048629702250000024	0.166568	-0.0029369999999999674	0.027744898624	8.625968999999809e-06	-0.00149925	0.00016334999999999982	2.2477505625e-06	2.6683222499999945e-08	-0.000139287	-5.019380000000004e-05	1.9400868369000004e-08	2.519417558440004e-09	-0.000286146	-5.3383999999999955e-05	8.187953331599999e-08	2.849851455999996e-09	0.0	0.0	0.0
8602.689086045459	2.308888504810966	74006259.51116565	5.330966127648217	10462.445589882964	28.07874823110251	788.4161022256422	109462767.72126149	6346.597726925688	-5.674176385793544	40279302.70741832	32.196277657097085	6403.2860649932845	10061.29847191046	1.083703	39.014904	0.02730812	0.0150793	-0.0737320915	0.0407585621	-0.06090423320000001	0.0125470571	0.0569369888	-0.0375038366	0.042977434800000006	-0.0388961571	0.1379510314	-0.027393371200000002	-0.0530942341	0.0371971735	0.08128375610000001	-0.0028549173	-0.0055351304	0.0029633066	0.0360573547	-0.0009927952	0.0108133625	-0.011909138100000001	0.1216151359	-0.0334906914	0.1411887356	0.0987574451	-0.0030998060999999997	-0.08797427099999999	-0.0274243994	0.0246152414	0.0294964063	-0.0548414947	-0.1127980942	-0.0230705827	-0.0840920814	0.1293746861	-0.046283180599999994	-0.0534964254	0.0568503495	0.1128875797	-0.0610323318	0.0096134297	0.0171789156	0.1992753834	-0.0692039364	-0.0356039472	0.0930513158	0.0222472041	-0.0512773309	0.0416180268	0.0234546425	0.0054180487	-0.06491482429999999	0.0446167003	0.0290257345	0.1794246555	-0.0006017843	-0.1471848174	-0.0211714735	-0.024952615299999998	-0.0586469059	0.035631463700000005	0.0123949922	0.0614957751	0.0019892343	-0.0306682309	0.0049268951	-0.0513556829	-0.0759886702	0.0386554723	0.0454402042	0.0542887616	0.0360866528	-0.041395593	-0.0787054574	-0.0213400534	-0.0230480202	-0.0176361802	0.150764528	0.22407272690000002	-0.2061671143	0.06479294570000001	-0.0830565332	-0.012282714299999999	-0.0325885373	-0.0349716635	-0.0319247789	0.0154654779	0.0644830645	-0.1518993054	-0.0402624574	-0.1081092857	0.0104842016	-0.001685133	0.1567331203	0.0681270286	-0.021506407999999998	-0.0270886793	-0.0400887044	0.0488376096	-0.0156271483	0.0244095771	-0.0430072717	-0.030047957200000006	0.0320619526	-0.0854595816	-0.0236984264	-0.12164487060000001	-0.031112507299999998	-0.078161307	-0.0788127832	0.0015811877	0.0055208953	-0.0482847725	0.0425690754	0.1928035916	-0.0485020247	0.1105223125	-0.0565441246	-0.0640795245	-0.048711589400000005	0.0507067212	-0.0388437092	-0.0808336964	-0.0448644242	0.011549305400000001	-0.12376428589999999	0.0230713075	-0.0091472102	-0.0085409439	-0.0684873405	-0.11521282109999999	-0.033619183399999995	-0.0064751388	-0.0944763684	-0.1215378602	0.0114016365	0.1414966189	-0.1207113355	0.0832548652	0.0346177789	0.0108246681	0.0229247612	0.055602582000000005	0.0347695363	0.0437020443	0.053234976399999995	-0.0066041599	0.0063905335	0.0945550656	0.029119997999999998	0.0608637213	0.1862884582	0.062034290599999986	-0.1506464584	-0.0473818442	-0.0390364741	0.08153606940000001	0.18532813969999998	0.09492540220000001	0.030093051200000002	0.0756866957	0.0655164456	0.1041191068	0.0193764311	-0.0594055023	-0.044048796900000006	0.0361894616	-0.0445228228	0.0052318332	-0.049393369699999995	0.10868598039999999	-0.0750236824	0.0855734128	0.0005396668	-0.0684122323	0.0130242971	-0.10296576369999999	0.102437284	-0.1015584928	-0.00693564	-0.00214287	4.81031022096e-05	4.591891836899998e-06	0.0575304	-0.012204600000000024	0.00014895226116000057	0.0033097469241599995	0.17133699999999996	0.004768999999999968	0.029356367568999987	2.2743360999999688e-05	-0.00163606	-0.00013681	2.6766923236e-06	1.87169761e-08	-0.000164175	-2.4887999999999986e-05	2.6953430625e-08	6.194125439999991e-10	-0.000288281	-2.1350000000000062e-06	8.310593496099999e-08	4.5582250000000254e-12	0.0	0.0	0.0
8628.682812353014	25.993726307555328	74454167.07619631	675.6738073520943	10435.743818428797	-26.701771454167105	712.9845987905729	108904749.04387484	6352.703370797793	6.105643872104339	40356840.11734564	37.27888709296525	6406.895081209769	10044.140176826153	1.027856	37.004314	0.041151464999999984	0.0224331	-0.0758632925	0.05000412480000002	0.0005047958	0.0855917626	-0.0099919981	-0.036699444399999996	-0.0528979218	-0.0205563819	0.0511418161	0.0297529461	0.0379371851	-0.0653733291	-0.0099634002	0.1790061366	-0.0392445793	-0.0244274473	-0.0126832504	-0.026229959100000002	-0.0332506651	-0.1286137897	0.1581059641	0.0875550735	0.0328015273	0.0364167619	0.1153764622	0.015478244399999999	0.0047111382	0.0279520177	-0.0512924512	-0.0201588504	-0.08559334369999999	-0.09223991990000001	-0.025200408100000002	-0.0005716828	0.026922798300000002	-0.1356744968	-0.09343544710000001	0.1202441756	-0.0565899128	0.0610059799	0.0222701247	-0.000385136	-0.037403048	-0.0912262496	-0.0547797721	-0.1237798934	-0.0407858478	-0.0219630908	0.047697440599999995	-0.0086586228	-0.0654866301	0.0463682324	0.0509469337	0.0180442057	0.0446865512	0.05788787820000001	-0.061940799500000004	-0.0058064156999999995	0.024937397200000003	-0.0511055659	-0.1512297051	-0.065201514	-0.0782977101	-0.0340118579	-0.0966931801	0.0053411907	-0.0656396595	-0.0906569155	0.12003931039999999	-0.0538973584	0.0304488687	-0.0797133858	-0.042446342000000005	0.0752376374	-0.0224309881	-0.0115379559	0.0685315637	0.0175886144	0.008646283000000001	0.0284891171	-0.0356616191	-0.043092813099999995	-0.0108436449	-0.0591505179	-0.0700431701	-0.0071745505000000015	-0.0263346196	0.2008863789	-0.13383282900000001	-0.0716719207	0.1032793213	0.034334391299999996	0.0776491734	-0.09029209199999999	0.035284465099999995	-0.0433321056	0.0037204962	-0.0317517266	0.001090095	-0.0695337739	-0.06985103620000001	0.009695983299999999	0.0433740712	0.036531681600000004	-0.0515969588	-0.0763726809	-0.0810830859	-0.015952669	0.0729550518	-0.120852153	0.11986875640000001	-0.0240953435	-0.0732298307	0.05662910490000001	-0.089649946	-0.0064454954	-0.15065836130000002	0.0142236957	-0.05899583150000001	0.0745409071	-0.0733949411	0.0337680526	-0.100212005	0.047575757999999996	-0.0123357881	0.0133177511	0.0378890589	0.073047147	0.0039674611	-0.0865620743	0.0099584084	-0.0142407369	0.0551922058	0.0042617040999999994	-0.0940482834	0.0415639767	0.1163431822	-0.0006115156	-0.0578426929	0.0910079784	0.1409033162	0.11373730160000001	-0.0157770522	-0.0231932639	0.0256309418	0.032254734900000005	-0.0438034763	0.006884163299999999	-0.0723319389	-0.0096794035	0.0030711438	0.0124038229	-0.0067769991	0.0656973504	-0.0578877997	0.015865233899999998	0.0391380427	-0.0500138293	-0.1257329525	0.0843981219	-0.08646560880000001	-0.1274949272	0.0662519018	-0.1167656392	0.1032858879	-0.05702178610000001	-0.11418373130000001	0.0255182438	-0.11006240949999999	0.0850195172	0.0072724687	0.05918884610000001	-0.1063214708	0.1267080061	0.0111321896	-0.10305213199999999	0.1027823111	-0.10233313289999996	-0.00193028	0.00500536	3.7259808784e-06	2.5053628729600005e-05	0.06952230000000001	0.011991900000000014	0.00014380566561000033	0.0048333501972900005	0.15417	-0.01716699999999996	0.023768388900000003	0.00029470588899999865	-0.00163698	-9.199999999999573e-07	2.6797035204e-06	8.463999999999215e-13	-3.34109e-05	0.0001307641	1.11628823881e-09	1.709924984881e-08	-0.000280221	8.06e-06	7.8523808841e-08	6.496360000000001e-11	0.0	0.0	0.0
8663.905141049614	35.222328696600016	75063252.29310593	1240.612438811333	10445.769722967052	10.025904538255418	100.51876181021058	109114105.10525516	6371.729756847517	19.02638604972435	40598940.09429612	362.00336611314543	6422.327420847511	10130.367154452972	1.088091	39.172871	0.02376480500000001	0.0124551	-0.0517303284	0.0428756532	-0.0022091121	0.0235727368	-0.1531002185	0.014201641899999999	-0.0682456576	0.0818697627	-0.0056094378	0.0486929523	-0.0919670157	0.0508023687	0.16344677800000001	0.07906455280000001	0.0747078841	-0.0553196376	0.059622651	0.048333096500000006	-0.07350864230000001	0.0112416346	0.0688052285	0.0567901834	0.0183879026	-0.11769122439999999	0.0966567267	-0.006724897099999999	0.0283547969	0.0373825982	-0.08700132449999999	0.0775158696	-0.07768683950000001	-0.08492034119999999	0.0995709557	0.0698380329	0.0679407318	0.027977315	-0.0740279761	0.0286606083	0.0337275444	0.12889010310000001	0.0324591843	-0.0093682893	-0.0646653299	-0.035313457400000005	0.0627492372	0.09582774289999996	-0.0552760433	-0.046901690499999996	-0.0806715871	0.1182090076	-0.0597344698	0.116550289	-0.0027884631	-0.0870692801	0.0292649755	-0.2280809001	0.0236134429	0.11735588529999999	0.2050179261	-0.0316571093	-0.08198837099999999	-0.0462160592	-0.1124888068	-0.0500893601	-0.058470123799999996	0.0673879711	-0.005156674799999999	-0.1307141611	0.0094883816	0.058772601699999996	0.0890738002	0.06794721849999999	-0.0014374098	0.0308221139	0.0422765984	-0.1147161292	0.011363165900000001	0.0017590463	0.10257268369999999	0.0050202632	-0.1590587664	0.0149063877	-0.0692480204	0.0138550245	0.0286154072	-0.0227063528	-0.0116153691	0.1327400883	0.024297531400000003	0.0624058954	-0.06436407870000001	-0.011296798799999999	-0.0709248594	-0.0872430775	0.0566348967	-0.0046101275	-0.1368551331	0.0655413535	-0.0493681659	0.1203284265	-0.04742653769999999	0.023768172599999998	0.0177793356	0.1038325365	0.04613215019999999	-0.0663011525	-0.11179132609999999	0.0515496854	-0.0954499575	-0.0595410287	-0.0012236136	0.0735378454	-0.0780407492	-0.025496522599999998	-0.0004291882	0.0716253334	-0.0770629306	-0.1059005361	0.0678102245	-0.0598337778	-0.0341696649	-0.0644647071	0.031779052	-0.0059482098	-0.0556733983	-0.013878495	-0.08576113070000001	0.1193954912	0.080170623	-0.0881059803	0.1123503457	-0.08137028610000001	-0.1427203134	-0.0720986295	-0.1585758645	-0.1218621356	-0.0135704606	-0.046487218399999995	-0.12495879060000001	0.14757694400000002	0.0688679721	-0.0722364065	0.0691823938	-0.0196085376	0.0515570013	0.055691550199999995	-0.1259503658	0.06757183	0.0500760659	-0.0952721108	-0.0455812203	-0.06565187759999999	0.021415306800000002	-0.0623152913	0.044282742800000004	-0.0028730684999999996	-0.0783964307	0.015845443799999998	0.0177402431	0.0250866488	0.07569878669999999	-0.157638061	0.1182168765	-0.0004577229	0.038872743	-0.0401830776	-0.0473167875	0.0027855506	-0.0154734647	-0.0160357568	0.0795826647	-0.15199984730000002	0.1557162748	-0.0846815861	-0.0495511127	-0.1031097243	0.1030125435	-0.10285064349999999	-0.00382003	-0.00188975	1.45926292009e-05	3.5711550625e-06	0.0643821	-0.0051402000000000106	2.642165604000012e-05	0.00414505480041	0.154023	-0.00014700000000000826	0.023723084529	2.160900000000242e-08	-0.00183252	-0.00019554000000000007	3.3581295504e-06	3.823589160000005e-08	-0.000119513	-8.610209999999999e-05	1.4283357168999996e-08	7.4135716244099975e-09	-0.000230106	5.011499999999999e-05	5.2948771236e-08	2.5115132249999987e-09	0.0	0.0	0.0
8684.838573231644	20.93343218202972	75426421.04309225	438.2085829196376	10498.845692860774	53.07596989372178	2817.058580159261	110225760.88250124	6376.7455279012975	5.015771053780554	40662883.52760921	25.15795926394289	6431.075138189699	10370.495176393642	1.2720280000000002	45.794861	0.184623983	0.118767	-0.0070853528	0.0729165574	-0.1214375915	-0.0240950981	-0.0941352551	-0.0159033091	0.060163796299999996	0.0617845291	-0.0301874952	0.0247420096	-0.1095349791	0.1516294903	-0.0365415943	0.1411479131	0.21130273789999998	-0.0715681872	0.0692167357	-0.0480183219	0.0382197416	0.0914575464	0.0607699267	0.18619687920000005	0.0922583149	0.13399718759999998	0.0027859640999999997	0.09874540039999999	0.048068944599999996	0.0628463847	0.07624496480000001	0.12045417509999999	-0.10483900539999999	0.0165060819	-0.0382814645	0.0788118758	0.0210326065	-0.0117100694	-0.1779556175	0.0353035779	0.0565162635	-0.1060100471	0.0186398496	-0.1288233026	0.078644506	0.1368948522	0.013640443799999999	0.27335651510000003	0.052968083	-0.0730790429	-0.021099333900000003	0.013662761399999999	0.058888601799999996	-0.13858964029999998	0.0633176019	0.0002436886	0.08965694269999999	-0.0864918537	0.1215252899	-0.005878734599999999	-0.0037027561	0.021701485299999997	-0.0470657908	-0.016524253899999997	0.0795931392	-0.0008951244999999998	0.034232022	0.1578957942	-0.128930775	-0.1134337627	0.0171182907	0.0579175759	0.0514224592	-0.0793093715	-0.09845640900000001	0.0069057832	-0.1458839911	-0.0700839638	-0.0555096571	0.0075579762	-0.0181048372	0.07710709240000001	-0.0842792507	0.0089345979	-0.047173619699999995	-0.0344920368	-0.0906387975	0.08699964339999999	-0.0999359683	0.0326116211	0.0726124314	0.0244479558	0.10087783369999999	-0.0239112213	-0.06105605	-0.1015966574	-0.0590013917	0.1105505323	-0.013977286499999998	0.0523307722	0.11392500119999999	-0.0246028964	0.0482727575	0.0376489673	0.0102335681	-0.0672109582	0.1594664701	-0.1008826391	-0.025048927599999996	0.044249385	-0.0464054416	0.0019260536999999999	0.11125556140000001	0.0617494062	-0.22176323579999999	0.022157410099999997	-0.09756647199999999	-0.0693515525	0.14293371470000002	-0.16968785390000002	0.1239570448	-0.1179116458	0.0826333291	-0.007400759499999999	0.227603876	-0.19177230350000002	-0.0191819094	0.046971482	0.0883515303	-0.12582052789999998	0.067147658	-0.0823264455	0.056081790599999994	-0.1544646669	-0.0383625924	0.0117690529	-0.0029644901	0.0422766639	0.0625868398	-0.0846586173	0.001364844	-0.029926196000000002	0.10607602029999999	0.0727235201	-0.0017434073	-0.057190255499999995	0.0657475162	0.037645520099999996	-0.054559572699999996	0.12052839539999999	0.0144524346	-0.0419464748	-0.0238243492	0.0065104994	-0.024407820499999996	-0.1378515342	-0.027981287200000003	-0.038170528599999996	-0.0108981802	0.19189555390000002	0.0065478664	0.0334944579	-0.1528748743	-0.0202863683	-0.0033846692	-0.053328468600000005	0.0801030429	-0.0254199876	0.0236883489	-0.144167417	-0.0479980067	-0.05773501950000001	0.088791663	-0.0285932156	0.033366984700000005	0.031567400600000003	0.1396312626	-0.1031385244	0.103127724	-0.1031097243	0.000109503	0.003929533	1.1990907009000001e-08	1.5441229598088998e-05	0.0872862	0.0229041	0.0005245977968099998	0.007618880710439998	0.0463092	-0.1077138	0.0021445420046400003	0.01160226271044	-0.00269066	-0.0008581400000000001	7.2396512356000014e-06	7.364042596000002e-07	-0.0	0.000119513	0.0	1.4283357168999996e-08	-0.000206228	2.387799999999999e-05	4.252998798400001e-08	5.701588839999996e-10	0.0	0.0	0.0
