global_signal	global_signal_derivative1	global_signal_power2	global_signal_derivative1_power2	csf	csf_derivative1	csf_derivative1_power2	csf_power2	white_matter	white_matter_derivative1	white_matter_derivative1_power2	white_matter_power2	csf_wm	tcompcor	std_dvars	dvars	framewise_displacement	rmsd	t_comp_cor_00	t_comp_cor_01	t_comp_cor_02	t_comp_cor_03	a_comp_cor_00	a_comp_cor_01	a_comp_cor_02	a_comp_cor_03	a_comp_cor_04	a_comp_cor_05	a_comp_cor_06	a_comp_cor_07	a_comp_cor_08	a_comp_cor_09	a_comp_cor_10	a_comp_cor_11	a_comp_cor_12	a_comp_cor_13	a_comp_cor_14	a_comp_cor_15	a_comp_cor_16	a_comp_cor_17	a_comp_cor_18	a_comp_cor_19	a_comp_cor_20	a_comp_cor_21	a_comp_cor_22	a_comp_cor_23	a_comp_cor_24	a_comp_cor_25	a_comp_cor_26	a_comp_cor_27	a_comp_cor_28	a_comp_cor_29	a_comp_cor_30	a_comp_cor_31	a_comp_cor_32	a_comp_cor_33	a_comp_cor_34	a_comp_cor_35	a_comp_cor_36	a_comp_cor_37	a_comp_cor_38	a_comp_cor_39	a_comp_cor_40	a_comp_cor_41	a_comp_cor_42	a_comp_cor_43	a_comp_cor_44	a_comp_cor_45	a_comp_cor_46	a_comp_cor_47	a_comp_cor_48	a_comp_cor_49	a_comp_cor_50	a_comp_cor_51	a_comp_cor_52	a_comp_cor_53	a_comp_cor_54	a_comp_cor_55	a_comp_cor_56	a_comp_cor_57	a_comp_cor_58	a_comp_cor_59	a_comp_cor_60	a_comp_cor_61	a_comp_cor_62	a_comp_cor_63	a_comp_cor_64	a_comp_cor_65	a_comp_cor_66	a_comp_cor_67	a_comp_cor_68	a_comp_cor_69	a_comp_cor_70	a_comp_cor_71	a_comp_cor_72	a_comp_cor_73	a_comp_cor_74	a_comp_cor_75	a_comp_cor_76	a_comp_cor_77	a_comp_cor_78	a_comp_cor_79	a_comp_cor_80	a_comp_cor_81	a_comp_cor_82	a_comp_cor_83	a_comp_cor_84	a_comp_cor_85	a_comp_cor_86	a_comp_cor_87	a_comp_cor_88	a_comp_cor_89	a_comp_cor_90	a_comp_cor_91	a_comp_cor_92	a_comp_cor_93	a_comp_cor_94	a_comp_cor_95	a_comp_cor_96	a_comp_cor_97	a_comp_cor_98	a_comp_cor_99	a_comp_cor_100	a_comp_cor_101	a_comp_cor_102	a_comp_cor_103	a_comp_cor_104	a_comp_cor_105	a_comp_cor_106	a_comp_cor_107	a_comp_cor_108	a_comp_cor_109	a_comp_cor_110	a_comp_cor_111	a_comp_cor_112	a_comp_cor_113	a_comp_cor_114	a_comp_cor_115	a_comp_cor_116	a_comp_cor_117	a_comp_cor_118	a_comp_cor_119	a_comp_cor_120	a_comp_cor_121	a_comp_cor_122	a_comp_cor_123	a_comp_cor_124	a_comp_cor_125	a_comp_cor_126	a_comp_cor_127	a_comp_cor_128	a_comp_cor_129	a_comp_cor_130	a_comp_cor_131	a_comp_cor_132	a_comp_cor_133	a_comp_cor_134	a_comp_cor_135	a_comp_cor_136	a_comp_cor_137	a_comp_cor_138	a_comp_cor_139	a_comp_cor_140	a_comp_cor_141	a_comp_cor_142	a_comp_cor_143	a_comp_cor_144	a_comp_cor_145	a_comp_cor_146	a_comp_cor_147	a_comp_cor_148	a_comp_cor_149	a_comp_cor_150	a_comp_cor_151	a_comp_cor_152	a_comp_cor_153	a_comp_cor_154	a_comp_cor_155	a_comp_cor_156	a_comp_cor_157	a_comp_cor_158	a_comp_cor_159	a_comp_cor_160	a_comp_cor_161	a_comp_cor_162	a_comp_cor_163	a_comp_cor_164	a_comp_cor_165	a_comp_cor_166	a_comp_cor_167	a_comp_cor_168	a_comp_cor_169	a_comp_cor_170	a_comp_cor_171	a_comp_cor_172	a_comp_cor_173	a_comp_cor_174	a_comp_cor_175	a_comp_cor_176	a_comp_cor_177	a_comp_cor_178	a_comp_cor_179	a_comp_cor_180	a_comp_cor_181	a_comp_cor_182	a_comp_cor_183	cosine00	cosine01	cosine02	trans_x	trans_x_derivative1	trans_x_derivative1_power2	trans_x_power2	trans_y	trans_y_derivative1	trans_y_derivative1_power2	trans_y_power2	trans_z	trans_z_derivative1	trans_z_power2	trans_z_derivative1_power2	rot_x	rot_x_derivative1	rot_x_power2	rot_x_derivative1_power2	rot_y	rot_y_derivative1	rot_y_power2	rot_y_derivative1_power2	rot_z	rot_z_derivative1	rot_z_power2	rot_z_derivative1_power2	motion_outlier00	motion_outlier01	motion_outlier02	motion_outlier03	motion_outlier04	motion_outlier05
8598.434938509341	n/a	73933083.39177814	n/a	10625.974690347624	n/a	n/a	112911338.11990827	6501.231984726492	n/a	n/a	42266017.31923076	7095.1575981176475	11299.710718733326	n/a	n/a	n/a	n/a	-0.008019565	-0.030111820299999998	-0.0878655483	0.008843233399999999	-0.8165237462	0.011510981000000002	-0.0358933526	0.11916711960000001	-0.024748702200000004	0.0127019643	-0.0395710918	0.0393139973	-0.0724192105	-0.0310482506	0.0577504285	-0.0453955563	0.046183576500000004	-0.1097652891	0.0016838894	-0.0272600412	0.0583003633	-0.0980767689	0.031677692400000006	-0.0372700893	0.0291944022	-0.0282573258	0.0009998623	-0.058232398399999996	0.0361030716	-0.017184078999999998	0.0239183005	-0.0047777027	0.0525899413	-0.0038178090999999997	0.07093341730000001	-0.0403813839	0.0154267799	-0.025367686	0.0065173296999999995	-0.058392513	0.00226679	0.0059296266000000005	-0.0029262684000000002	-0.0147867024	0.0119177439	-0.0279703149	0.023918430299999998	-0.0075313507	0.0047061401	0.0532376097	-0.0410523759	0.016347324099999998	-0.10062127470000001	0.0248158681	-0.019914503899999998	0.0388542452	-0.044625947699999995	0.0954467996	0.0006048333	-0.040708265800000004	0.0560801117	-0.052847244	0.0750496221	-0.0182907131	0.0647984668	-0.0368308773	0.01137449	-0.021982866	0.027419110099999998	-0.08306178139999999	0.036068974	-0.0123253845	0.0965307312	-0.10512071880000001	0.1240029778	-0.0518403912	-0.0197871697	-0.1518679815	0.044835583600000006	0.1820559901	-0.0001708235	-0.0907191331	0.0177958426	0.009132653499999999	-0.0406002709	-0.1319463524	0.030001088500000002	0.0099025036	0.0571491624	-0.0120342271	-0.1330072468	0.0366206722	0.1116511041	-0.08651764	-0.035015647000000004	-0.107744514	0.054738397300000005	0.0743677569	0.15514144789999998	-0.0684582368	-0.009975032	-0.023419774700000003	-0.0019939057	0.0308419907	0.0856333315	-0.0859003599	-0.061319174500000004	-0.0063989129	0.1161414089	0.0005903127	0.14303060310000001	0.0634817728	-0.0648247785	-0.0263538698	-0.08936450859999999	-0.0432561761	0.0372228961	-0.18307880070000002	-0.5854411482999999	0.0219443268	-0.3088274668	0.2639326843	-0.2630636696	0.0366089022	-0.157823097	0.10432810599999999	-0.0479769314	0.0735746638	-0.0798334147	0.0097414349	-0.0203807635	0.1326374229	-0.0664581684	0.0028071399	-0.0888251219	0.000978996	-0.0654628792	0.0615967133	-0.005763656999999999	0.0045496477	-0.0764597721	0.0071173222	-0.0382433873	0.0134113427	-0.023681580499999997	0.049991910199999996	-0.0718597151	0.0095974934	-0.024316571699999998	0.039030956400000004	-0.023678502400000002	0.0370722786	-0.0489754792	0.0690708682	0.080567563	-0.0517393912	-0.031276463399999996	-0.0104137692	-0.0036026917999999997	0.0141491543	0.013122621499999999	-0.0019328085	-0.0394320919	0.0317403744	0.0287438235	0.0809527046	-0.0860819283	-0.011075356100000001	0.053787583	0.0613143726	0.0007365621000000001	-0.0020415955	-0.059143357599999995	0.0302275891	0.0421965792	0.0568726075	-0.0237125606	-0.0422725825	-0.0052770966	-0.012431490600000001	0.0083029205	0.0545905877	0.0445499655	-0.0556076891	-0.0251558581	-0.0779380773	0.047649168799999995	0.024211302599999998	0.104253408	0.104242011	0.10422301699999999	0.0	n/a	n/a	0.0	0.0	n/a	n/a	0.0	0.0288257	n/a	0.0008309209804899999	n/a	0.0	n/a	0.0	n/a	-0.0	n/a	0.0	n/a	0.0	n/a	0.0	n/a	0.0	0.0	0.0	0.0	0.0	0.0
8566.455913234833	-31.97902527450788	73384166.91339605	1022.6580575076136	10298.361461186043	-327.61322916158133	107330.42792167881	106056248.78524192	6503.4656619128855	2.233677186393834	4.989313773016273	42295065.61568001	7045.155952024563	11138.677296034282	0.942574	36.969101	0.011001300000000002	0.0110013	0.0058168623	-0.055400470800000004	-0.0243626181	-0.009080504599999999	-0.3902154826	-0.0324537315	0.025140437400000003	-0.0082846887	0.0110696005	0.0016632987	-0.0336155064	-0.025597289900000004	0.0326615091	0.022113309100000002	-0.0164519821	-0.0147613347	0.0076372106	0.0024517171	-0.0200722425	-0.0200065299	-0.017412108	0.10864566210000001	0.014261824499999999	0.08742106570000001	-0.017454817	0.0431179076	-0.0592440484	0.0375013225	-0.0372301544	-0.00033406449999999997	0.0067425586	-0.0094789744	-0.0571209825	0.10277557640000001	-0.0539471859	-0.0049224066	-0.0417577783	0.1429804377	-0.0286108834	0.0756056093	-0.0597266211	0.0323511494	-0.0003734611	-0.0106005356	0.0371110353	-0.0296114035	0.00647783	-0.025903904199999998	-0.0062503359999999996	0.0465010129	-0.0263630128	0.045266264199999996	-0.11294102310000001	0.0650731214	-0.0048848383	0.0470925422	-0.0797376093	0.06801228690000001	-0.0095705149	-0.014707061799999999	-0.0881515757	-0.0261793588	0.0849093294	-0.0313181142	0.07444120480000001	-0.0044318207	0.0423629233	-0.0238253616	0.09444883539999999	0.0122889582	-0.0204792105	0.0055108534	-0.0361199194	-0.044654532000000004	-0.026242107599999998	0.0280383998	0.0343607836	0.0080265594	-0.1010567984	0.15694611220000002	0.0594698223	-0.1273153052	0.0060061724	-0.0915077616	-0.04244289440000002	0.0689117059	-0.016009290500000002	0.1319828922	-0.08818891599999999	-0.024107646200000003	-0.1311870066	-0.09782927849999999	0.1579835581	0.0278466929	-0.04707582019999999	0.058540137	-0.1049459006	-0.0572776787	-0.110560005	0.1313918778	-0.0078661748	-0.057967750599999986	-0.0995327646	-0.037300989799999996	-0.011409298899999998	0.0531273442	-0.0871549442	0.0863441108	-0.0055562243999999995	0.1147556784	0.11457841140000001	0.034138839	-0.0564497821	0.017509116	-0.0818297085	-0.055351289500000005	-0.054419746399999996	-0.0625776203	-0.3178183668	0.022970409	-0.1585324689	0.13591068439999998	-0.10052807359999999	-0.033525421	-0.0495584922	0.0091269316	-0.0015022542999999998	0.0318024528	0.025847892	0.0043448796000000005	0.0030583814000000003	-0.0096434878	-0.0078308093	-0.0435754934	0.0059457327	-0.0203355489	0.0410511575	-0.0803208404	-0.0557504199	-0.0529375214	0.0645113356	0.0201652607	-0.0013024494	0.0538069017	0.045812939000000004	-0.057832423	0.08419661699999999	-0.023544343199999998	0.0093907744	-0.0811434952	0.010496883500000002	0.0043658308000000005	-0.0347713317	-0.0543731462	-0.07453586	0.0427840241	0.0006858444	0.0071156791	-0.0711569846	0.0030440040000000003	0.0048122571	-0.0098074836	0.0188249555	-0.0839942939	0.0266064751	-0.09006876859999999	0.0576111637	-0.024472192200000003	-0.0728175023	-0.0556283325	0.058835310099999996	0.019343316399999998	0.0785472931	-0.08525499560000001	-0.08586982160000001	-0.05834876150000001	0.0847988837	0.0407698984	0.0346311501	0.09022165160000001	0.022457503700000003	-0.1122971486	-0.1205372867	-0.0201024946	-0.048042392999999996	0.1509711356	-0.0562422539	-0.1231300607	0.10422301699999999	0.10412046949999999	0.1039496317	0.0	0.0	0.0	0.0	0.0	0.0	0.0	0.0	0.039827	0.011001300000000002	0.0015861899290000002	0.00012102860169000005	0.0	0.0	0.0	0.0	-0.0	0.0	0.0	0.0	0.0	0.0	0.0	0.0	0.0	0.0	0.0	0.0	0.0	0.0
8547.08059884069	-19.37531439414306	73052586.76307893	375.40280787188726	10138.511386544089	-159.85007464195405	25552.04636303828	102789413.13508417	6499.26393389861	-4.201728014275432	17.65451830594696	42240431.68247524	7015.77098438095	11224.023128486788	0.8781969999999999	34.444140999999995	0.011379800000000002	0.0113798	-0.0246268735	-0.0389664887	-0.0234161244	0.019166416000000002	-0.1605404466	0.005514744	0.060390466399999995	-0.0383895027	0.013223711899999999	-0.0058829954	-0.0611715986	-0.1132225257	0.0926551117	0.0248467204	0.021596648399999998	0.0261612968	0.053605775	0.0825161005	0.0846936375	-0.012933155900000002	0.0107393385	0.1076515333	-0.0476850972	-0.0485558677	-0.0232985933	0.0544370643	0.0250995398	0.0886139556	-0.041428699	-0.035935015699999996	-0.0903529638	0.0936915027	0.0459923241	-0.0709147594	-0.0302555758	0.038484324199999996	-0.0010989854	-0.1158822074	0.1136188696	0.0323659175	0.1188805017	0.09019464029999999	0.09003463449999999	-0.0225783983	-0.015772353200000002	-0.0334501635	0.0173174608	0.0046791793	0.004819017	0.08019531769999999	0.0007176789999999999	0.0133026254	-0.0923336766	0.0236580035	0.0173277663	0.0210127359	-0.061812088700000004	0.0222179237	0.1611711396	0.0390554936	0.0182342839	0.0466146883	-0.0636449996	-0.0885106951	0.0441459275	-0.0467799404	0.0997365658	-0.1096911677	0.0078206252	0.0079460804	-0.0644518166	-0.030279795800000002	-0.0193990109	-0.09731840119999999	-0.037678201	-0.0048373971	0.05248629	0.032188576499999996	-0.0333544951	0.13016635699999998	0.1070485199	-0.1454450615	0.1271638561	-0.090283364	0.2013435229	0.005607719200000001	0.045778639100000004	-0.0400624819	-0.06352061120000001	-0.11395631099999999	0.132508142	0.03302729	0.0337034501	-0.0102706973	-0.0212624489	0.0243977102	0.0766927509	0.10925106289999999	-0.0286682108	-0.1019734901	0.0359650366	-0.14546570279999999	-0.1734974107	0.0320563455	0.0283253091	0.15069651679999999	-0.0766801173	-0.0163193216	-0.0312094921	0.0484562429	-0.005883677800000001	-0.049178356299999997	-0.0018190273	-0.0745637121	0.0974219184	0.055949724400000005	0.047754259400000006	-0.0353805458	-0.14008300099999998	-0.0192235997	-0.06510761309999999	0.0933301406	-0.0405912161	-0.050514197000000004	-0.014952711399999999	0.00046908599999999996	0.0335516012	0.0536407091	0.05864887780000001	0.0493875982	0.0056345015	-0.021885974199999998	0.1235788357	-0.0532345589	0.1026670086	0.063511277	0.025710445499999998	-0.0047334913	-0.0468669359	0.079733451	0.0525709713	0.0174646032	0.1155997083	-0.014311746799999999	-0.01242644	-0.008370701500000001	0.051172050499999996	-0.0321530833	0.0476883656	-0.0591394712	0.0339516728	-0.0369696591	0.12344248710000001	-0.0030660565000000003	-0.1285611794	0.0958305303	-0.0269487799	-0.0017376902	-0.036758307000000004	-0.120441781	-0.0028937666999999997	0.021047536699999998	0.173767024	-0.0928034361	-0.0865085152	0.0127470428	0.1290280619	-0.018323431299999998	-0.0489869959	0.0397292218	-0.08116126929999999	-0.0127156415	0.012615399	-0.013655160500000001	-0.05799761	-0.090411774	-0.0170069602	-0.0292110311	0.0395892254	-0.10105370529999999	-0.069663294	0.0399140936	0.005423676	0.1672495461	0.15556602390000002	0.0308131037	-0.050685016299999996	0.18553707079999998	0.1041622441	0.1038775282	0.10340357800000001	0.0	0.0	0.0	0.0	0.0	0.0	0.0	0.0	0.0284472	-0.011379800000000002	0.0008092431878399999	0.00012949984804000005	0.0	0.0	0.0	0.0	-0.0	0.0	0.0	0.0	0.0	0.0	0.0	0.0	0.0	0.0	0.0	0.0	0.0	0.0
8530.170752762246	-16.90984607844439	72763813.07128042	285.94289439668114	10064.171314865025	-74.34007167906384	5526.44625724835	101287544.254952	6494.840077631414	-4.423856267196244	19.570504272811476	42182947.63400723	6998.84210959173	11185.793130955988	0.817185	32.051174	0.005014800000000001	0.00501481	-0.0254289971	-0.0383518819	-0.028786833199999997	0.016182681	-0.05806397570000001	0.0064509835	0.0460708512	-0.024482925200000002	0.044575748	0.0052598118999999995	-0.0180682941	-0.1284101956	0.041247665499999996	0.0187384855	0.012868093	0.0696774033	0.0713931617	0.10946967949999999	0.020825074	0.0131054835	-0.0112749341	0.017968858	0.020086087	-0.0270193946	-0.1023975993	0.050406348399999995	-0.10357361429999999	0.0952281343	0.044586103099999996	0.18309315629999998	-0.0120352316	0.036050706	-0.053936898399999995	0.070159027	-0.0272939954	-0.07550104049999999	-0.0641411543	-0.1568168888	-0.0717324965	-0.0443163651	0.1152330272	-0.0019993256	-0.0753780355	-0.0390645371	-0.0003915411	-0.0423009115	0.014065376899999999	-0.0270712634	0.0162323009	0.0460089187	-0.0182007787	0.026225009100000002	-0.0452228386	0.0325163372	0.08562598099999999	0.0740621821	-0.0802751052	0.0097005505	0.043167106100000005	-0.0998958875	-0.011617150500000001	0.0721897259	-0.026986019500000003	0.065633651	-0.041389402	-0.0251509514	0.004118142	-0.108251654	-0.027087456800000003	-0.04740013269999999	-0.1262782967	-0.1259968233	-0.039642479	-0.080314208	-0.0102912142	-0.0936192515	-0.036951875099999996	0.0473627555	-0.0406413772	-0.0015139331	-0.0337933376	0.0409863531	0.1656222316	0.1172383832	-0.013009294099999999	-0.0037366335	0.074354929	-0.0364068299	0.0476867605	0.1258605949	-0.0346278022	-0.08748528539999999	-0.08474318869999999	0.0022958212	-0.2018081809	0.0821335198	0.0607015542	-0.0053139817	-0.0233911357	0.057235822699999994	-0.0728116924	-0.060530014800000004	0.0190408966	-0.0628315765	-0.045727285	-0.030220545	0.0083928289	0.0464874741	0.0104658401	-0.00018041080000000002	-0.0919139353	0.019519178	0.0016958997	0.022073569700000004	-0.014421162900000001	-0.0505181263	0.061733090899999996	-0.0004527793	-0.0776305026	-0.0354135078	0.0008451768	0.0232264537	-0.0018655363	-0.023384924700000004	0.012713687900000001	-0.0135885621	0.0137635558	0.0141954325	0.08076763740000001	0.0252189582	-0.0778643923	-0.0384106343	0.04926713889999999	-0.0450116201	0.0139417506	0.0660067961	0.1144742923	-0.0324814326	0.0678296048	0.010393483	-0.080525692	-0.0171933322	0.1240850878	-0.0904838399	0.025849043500000002	-0.0375805552	0.04360854769999999	-0.0026497952	0.12524696529999998	0.0693835099	-0.0379984468	0.0104737409	0.1109127483	-0.051545491500000006	0.0912004066	-0.0287676075	0.09047590720000001	-0.06078543860000001	0.1151630698	0.0090130369	0.0786973342	-0.0917370884	-0.036587606099999996	0.0417088835	0.0162338775	-0.073744707	0.0876449191	-0.0118659303	0.0174918263	-0.09844979460000004	0.1809224114	-0.1384751361	0.0030737419	-0.0001109535	0.1320636802	-0.072975944	-0.0037319954	0.005738177099999999	-0.0530542873	-0.0726553752	0.0038720328000000004	0.0387763545	0.0055894803000000005	0.0533450008	0.0159333033	-0.0246287931	-0.011717201100000001	-0.0094100609	0.1040711067	0.1035134703	0.1025862884	0.0	0.0	0.0	0.0	0.0	0.0	0.0	0.0	0.033462	0.005014800000000001	0.001119705444	2.514821904e-05	0.0	0.0	0.0	0.0	-0.0	0.0	0.0	0.0	0.0	0.0	0.0	0.0	0.0	0.0	0.0	0.0	0.0	0.0
8524.473428678031	-5.697324084214416	72666647.2362378	32.45950172056963	10022.185147503797	-41.98616736122858	1762.8382496850961	100444195.1308457	6494.610721220769	-0.22935641064486845	0.05260436310389752	42179968.42019576	6990.327323988401	11119.736201310512	0.8334939999999998	32.690826	0.0035578000000000007	0.00355787	-0.0108190375	-0.0430980442	-0.0279146283	-0.0147505546	0.0038248334000000003	-0.024054162900000002	0.046370055300000004	-0.0207512535	0.041602835899999996	-0.0233973444	-0.0150225531	-0.08407859990000001	0.0228776616	-0.07348689139999999	0.08447432619999999	0.0493699288	0.0283853328	-0.043247481500000004	-0.0065558724	0.0148930344	-0.023723585499999998	0.029090031699999998	-0.0619090666	-0.0399207879	-0.061728249299999996	-0.0027526695000000003	-0.0195316534	0.09058841849999999	0.023540380899999998	-0.0708025763	0.0597309938	0.07815164570000001	-0.0048236865	-0.0489517447	-0.06288890280000001	0.07965116530000001	0.071558768	0.0345508943	-0.1177678652	-0.0146335957	0.0737076442	-0.0778094098	-0.1119889121	-0.0364276896	0.0150208898	-0.0423666525	0.0102537466	-0.0030969674	-0.026308131499999998	0.0016214227	-0.0164287271	0.0377549317	-8.702180000000001e-05	0.0766972018	-0.011508386499999999	0.08740819150000001	-0.0488765105	-0.0026248132	0.0968880208	-0.0856976444	-0.0697424354	0.0801914322	-0.05915474320000001	0.011604771100000001	0.0856197027	-0.048488784900000005	-0.0137461005	0.032403027	-0.118883284	-0.0011484426	-0.07653740980000001	-0.0930101546	-0.048786547199999995	-0.09971942	0.1242695617	-0.030502375800000002	0.0029584548	-0.0185084501	-0.0493332307	-0.0350921428	0.0173873198	0.1380246519	-0.0873324208	0.0894927583	0.025669264700000003	0.0046467233	0.0016053598	-0.056403015	-0.0528842204	-0.12045536289999999	-0.0626272597	0.0066717275	-0.018264131	0.039381488	-0.0096688965	-0.0532848855	-0.0108991822	-0.1175408718	0.06719517929999999	0.0338553629	-0.0125546205	0.0742959448	-0.0792316304	0.0528359044	-0.1263936709	-0.0295807639	-0.0893732694	0.1266211857	-0.0045381059000000005	0.0748556746	-0.09523322710000001	-0.031370459100000005	-0.0783184037	-0.0856310295	0.0833242591	-0.0277770571	-0.1148842223	0.027916062400000004	-0.0198996116	-0.021748668199999998	0.019957618	0.0177688054	0.0196662146	-0.005024970300000001	-0.0077785885	-0.014561098	0.010036326	0.0097362419	0.041723609	-0.035243285299999996	-0.0788751164	-0.0322503919	0.0584857821	0.0169606377	-0.029163684199999998	0.0816849323	0.0604977976	-0.033911881899999996	-0.058776108499999986	0.0142710487	-0.1788252782	0.0038255434000000004	0.1103621935	-0.09439434449999999	0.1065957423	-0.06222160700000001	0.008003369	0.0036279260999999997	-0.0565748388	0.0248940148	0.03041013	-0.017222977	0.14084165070000002	-0.0464499488	-0.0128569452	-0.039854803	0.0154009393	0.0333550267	0.0367447749	0.0713096335	-0.0268059851	0.0007270309	0.1584028924	0.0296810858	-0.0068494989	-0.052691540499999995	-0.0657112813	-0.021232636200000002	-0.0266831854	-0.09379093150000001	-0.0923202407	-0.0180295137	-0.0486298508	0.11828128369999999	0.1076995283	0.055166729500000004	0.045036307000000005	0.092749168	-0.0345429421	0.05784802660000001	0.11985993029999999	-0.1049174214	0.018709647	0.0512083766	0.0753845083	-0.0262493435	-0.0643274924	0.005467205699999999	0.1039496317	0.10302872029999999	0.1014999067	0.0	0.0	0.0	0.0	0.0	0.0	0.0	0.0	0.037019800000000005	0.0035578000000000072	0.0013704655920400005	1.2657940840000047e-05	0.0	0.0	0.0	0.0	-0.0	0.0	0.0	0.0	0.0	0.0	0.0	0.0	0.0	0.0	0.0	0.0	0.0	0.0
8528.910555049608	4.437126371576596	72742315.25603661	19.688090437340488	10014.000869444577	-8.18427805921965	66.98240735062417	100280213.41323674	6485.547521126671	-9.063200094097738	82.14159594565324	42062326.64879231	6979.371763774868	11195.445527001062	0.911869	35.76482	0.0035578000000000007	0.00355787	-0.02317546	-0.005644799	-0.09631286929999999	-0.026206898500000003	0.04429556230000002	0.0073838374	0.011374013200000001	0.0495710317	-0.0029730343	-0.0204178441	-0.1127127258	-0.0635764402	0.017185879299999998	0.0398819406	0.0481052957	-0.008168364000000001	-0.07706253519999999	0.0056164714	0.0042269253	0.0764140507	-0.0214595677	-0.0199425082	-0.1093679825	-0.0192919258	-0.1124540245	0.021082801	-0.0380459498	0.027073797799999997	-0.0477942176	-0.0235679744	-0.023307187599999998	0.045944931900000006	0.0345256601	-0.1946479643	-0.1347922209	0.043763761799999995	0.1418560244	0.1662997756	0.0477547525	-0.0735020054	-0.0173272686	0.0343143188	0.0784554282	-0.0502134308	-0.050455544299999995	-0.0851798457	-0.0147949366	0.0888877343	-0.0014937785	-0.0233190673	0.020759053899999998	0.0427381176	0.0693535216	0.0570105342	0.007355973000000002	0.07877009160000001	0.0058909653	-0.1057434723	-0.0243387023	-0.1454626335	-0.0042355864000000005	0.0426190279	0.0282305118	0.015518211399999999	0.0051958064	-0.0253955175	-0.0544903548	0.0047231051000000005	0.0154380954	0.0165849105	-0.0395980361	-0.0794478398	0.1175093432	-0.0663925705	-0.0418523952	-0.0145119199	-0.038327278	0.0173614338	0.11084645300000001	-0.005380085600000001	-0.0743276541	0.07558252780000001	-0.061691425999999994	-0.0934657705	0.0020506701999999997	0.025515425499999998	0.0293519473	0.00043330370000000003	-0.0668704314	-0.0345053803	0.0907281009	0.049172578700000004	-0.010695716999999999	0.0261124275	-0.03669535	0.0134695522	0.1749137325	-0.0299406781	-0.063351508	0.0025079956	-0.0146226069	-0.0118768991	0.1339487053	0.0191355808	0.0936352243	0.0101223498	-0.032724447000000004	0.1082683136	0.0377074051	-0.005303125400000001	0.0219234361	0.0180321849	-0.021601271000000002	0.0411699257	-0.0036448328999999996	-0.0629008444	0.06583714759999999	0.0077165877	0.0527580342	-0.056257111900000004	0.059450666799999996	0.103623075	0.023570561099999998	0.0170399722	-0.041283236800000005	-0.0022969672	-0.0142661445	0.0367352032	0.0434832595	-0.0453631861	-0.0489454181	-0.0805433689	0.031444010099999996	0.1129133128	-0.06781603809999999	-0.0606085695	-0.022505500299999998	-0.0609741196	0.0050719176	-0.0571270524	-0.029576805600000002	-0.0721152879	-0.0060767747	-0.0406236319	0.022128811	0.027499946400000003	-0.06477233360000001	0.1298499392	0.056172010099999996	0.09758530369999999	0.0339552123	0.01522657	0.0495030285	0.0029579846	0.0627654649	0.075907518	-0.0761291776	0.058854457199999995	0.0199452947	0.034537833	-0.015411071	0.046905209100000005	0.0445376052	-0.0128155978	-0.025938822799999997	-0.091943755	0.0101263978	-0.0921688958	0.041123565099999995	-0.0199672623	-0.0923514026	0.0154573829	-0.0151472405	0.0022113133	0.013211896899999999	0.057972889000000014	-0.0319707571	0.027983158900000003	-0.14883072630000002	-0.0708686729	-0.08715308710000001	0.011660273899999999	-0.033291297000000004	-0.0350230103	0.0709712034	-0.0112781483	0.047908567	-0.0404450439	0.1037978542	0.1024238435	0.1001472826	0.0	0.0	0.0	0.0	0.0	0.0	0.0	0.0	0.033462	-0.0035578000000000072	0.001119705444	1.2657940840000047e-05	0.0	0.0	0.0	0.0	-0.0	0.0	0.0	0.0	0.0	0.0	0.0	0.0	0.0	0.0	0.0	0.0	0.0	0.0
8530.783777707378	1.8732226577703839	72774271.86199537	3.5089631255843416	9994.47017494392	-19.530694500655954	381.44802767795267	99889434.07784358	6488.92923237453	3.38171124785913	11.435970963896954	42106202.58276472	6976.895699809706	11147.196048096512	0.8969229999999999	35.178608000000004	0.0039398	0.00393979	-0.0011903649	0.000691014	-0.11861042699999999	-0.056542986399999995	0.050512534500000005	-0.0222967611	-0.0100268152	0.0186726214	0.005358958499999999	-0.0543098154	-0.046161792400000005	0.010135104300000001	-0.022094511	0.0246750658	0.1295652359	-0.0654865432	-0.0155209771	-0.0310942695	0.1279917577	-0.0203724212	-0.0739368244	-0.0209161952	-0.1388713953	-0.0382914308	0.047993425	-0.055375147	-0.014542941100000003	-0.1103436983	-0.0013820999	0.0223276356	-0.0087591736	-0.0731768805	-0.0698761752	-0.1110479738	-0.1280852465	0.0616115021	0.0870756974	0.05339574230000002	-0.11543109019999999	-0.0790726472	0.0277520928	-0.0372888641	0.0209528779	-0.0302434956	-0.0115853946	-0.0670612693	-0.017196567	0.0794843523	-0.0583781547	-0.0330979923	-0.0579862584	-0.01094211	0.0457881933	-0.0052158565	-0.1023941983	0.1372094623	0.0364238593	0.0061139238	-0.06959215070000001	-0.0952626353	-0.0270908316	0.1019933965	0.07699460849999999	-0.0593232157	-0.0593460683	-0.0028689747999999997	-0.028239826099999997	0.059429236600000004	-0.0366583585	-0.1128818518	-0.0367832045	-0.0253708336	0.11966951070000001	0.0494422315	-0.0073248898	-0.0128922468	-0.0375049709	-0.0252887875	0.0817655933	0.0072238452000000005	0.0498054239	0.0467852747	-0.0955267918	-0.0874250017	-0.0605359226	-0.0987316116	-0.023842612599999997	0.037587038999999996	-0.0040286939	-0.099323353	0.060928638099999995	0.06417122980000001	-0.026489782799999997	-0.0792960887	0.0286860716	-0.012228669099999999	-0.0289830934	0.163779294	0.0284165535	-0.1088675543	-0.018351495500000002	-0.0472354565	0.0049220139	0.09208201640000001	-0.0122363288	-0.18740250960000002	-0.1083732773	0.060666455599999995	-0.0378917099	0.043727865899999996	-0.011588360800000001	0.038232177799999996	0.010985043799999998	0.014418501799999999	-0.12962087390000002	0.0213106226	-0.0161494161	0.0295219334	0.055665904800000006	-0.0059001975	0.05914693400000001	0.0736743271	0.0122433093	0.07203885900000001	-0.0611450133	0.0586300418	0.0385273094	-0.0532697038	-0.1001033195	-0.0684043847	-0.1184748657	-0.0686517083	0.049649429	0.057686299	-0.0521758191	-0.0165101898	0.0349019119	-0.0452063866	0.0501452442	-0.0190776919	-0.0464728463	0.0303644497	-0.026474982799999998	-0.0332064839	0.053545704699999995	0.061342908499999994	-0.1406565037	0.0650059227	0.09843238779999999	0.07526794769999999	0.0385625666	-0.0354284387	-0.0689102905	-0.066591245	-0.0019433789999999999	-0.0048690749	-0.0803936554	0.0628075594	-0.0230780216	-0.058804992300000004	-0.0061147037	-0.0014837026000000001	0.0320379914	-0.0951149095	-0.0069711993000000005	0.1575644109	-0.014979271399999999	0.014262761200000001	0.1026906875	0.0851180226	-0.0316457987	-0.007036911700000001	0.021614256000000002	0.0696797199	0.05436207269999999	0.052470112199999995	0.1028865601	0.12772116449999998	-0.054686106	0.0445429697	0.0653275951	-0.08500303349999999	0.1274930597	-0.0412975834	0.0441493857	0.0982760768	-0.0154682651	-0.0562932369	0.10361581859999999	0.101699545	0.098531964	0.0	0.0	0.0	0.0	0.0	0.0	0.0	0.0	0.037401800000000006	0.003939800000000007	0.0013988946432400007	1.5522024040000054e-05	0.0	0.0	0.0	0.0	-0.0	0.0	0.0	0.0	0.0	0.0	0.0	0.0	0.0	0.0	0.0	0.0	0.0	0.0
8563.438211091261	32.65443338388286	73332473.99517791	1066.3120196224434	9995.764705403926	1.2945304600052625	1.6758091118814362	99915312.04579884	6506.974467538436	18.045235163906	325.6305121206696	42340716.72119711	6984.972770892109	11049.62844178891	1.006805	39.488342	0.0039398	0.00393979	0.034363285099999995	-0.013825015	-0.0157798663	-0.1189754781	0.0423492404	-0.15852694109999999	-0.0237940199	0.012721181000000002	0.0548234097	0.0151200684	-0.0045596428	0.008872511999999999	-0.0418269014	-0.00015535309999999998	0.0408947857	-0.0187179366	-0.2228899013	0.0429231757	-0.0266215956	-0.0224928044	-0.0151904532	0.010760747	0.0683188577	-0.0393713292	0.0428238836	0.1386990844	0.0220034581	0.0358478112	-0.0387753883	0.11550784800000001	0.1061354353	-0.09750145699999999	-0.0167749154	-0.1341598948	0.008135909200000001	0.0009307425999999999	0.0809402164	-0.0275282827	0.0436157041	0.0288945577	0.0222220388	-0.101665848	0.0136201133	-0.0255769342	0.1236954032	0.0037238597999999998	-0.008245908100000001	0.0445443596	-0.0839231167	-0.0238504425	-0.027593515699999998	0.0017665479000000001	-0.016034619099999998	0.06897450940000001	-0.0897051844	0.0932100725	0.08414769050000001	-0.0518050772	0.07726798650000001	-0.0395231267	0.0103465472	-0.1277595133	-0.0013945003	0.0756429503	-0.0055584493000000006	0.0149857028	-0.0662925119	-0.0086865636	-0.0732287066	-0.0195111954	0.0496568588	0.0621647882	0.0759057955	-0.0247747231	-0.040118317599999995	0.015572693799999999	-0.1151107873	-0.2095117273	-0.0333665842	-0.11956817980000001	0.0039539711	0.0504650358	-0.010154680400000001	0.0113011694	-0.040960745699999995	0.0291128004	-0.065756382	0.0236527116	0.06761958059999999	-0.0445598403	-0.1122613771	-0.022089189199999998	-0.0739543062	-0.025432164900000002	0.015482923300000001	0.010757128700000002	-0.000532696	-0.161836761	-0.1203590221	-0.1115952298	-0.0402962073	-0.0271885061	-0.020441245900000002	0.0354275123	-0.027088293399999998	0.1495572525	-0.0880901756	0.039778522000000004	0.0019917682	0.034197068500000004	-0.09269466400000001	-0.0307940211	0.1474563388	0.0326084778	0.0442129824	-0.0047083006	0.0638496158	0.1442018725	0.0276842133	0.0735809426	-0.0019962765	0.0097908555	0.0011841452	0.0101843957	-0.0349595546	0.015697766000000002	0.0722391133	-0.0710059325	-0.053609907000000005	-0.09320307580000001	-0.071046668	-0.0478318058	0.0019253907000000002	0.08699827710000001	-0.05895132860000001	0.0297755097	-0.0597357959	0.0262657465	0.075991318	0.058513909	0.0332875805	-0.021868420099999997	0.07684168400000001	-0.0038247266	0.059502666600000004	-0.1076908188	-0.010513408200000001	0.01611373	-0.1094975888	0.0458142071	-0.0447672808	0.0694619466	-0.1209469685	-0.0533919909	-0.0313971077	0.1166856162	-0.002199185	0.06106800990000001	0.129271481	-0.007847646	0.0118656705	-0.013863328000000001	0.0637268425	0.010956778600000001	0.1220817949	-0.1382195102	-0.1428667133	-0.08666983980000001	-0.0618917999	-0.0101522441	0.0076575149	0.0008688211999999999	0.07529472820000001	-0.11930220849999999	-0.0394489679	0.070631594	0.0663655648	0.0730055097	0.07437339009999999	-0.1048326607	0.0239757022	0.0021793277	0.07488943370000001	0.0288118322	0.1092642883	0.0110919682	-0.0029763808	0.028534381299999998	0.10340357800000001	0.1008566694	0.0966581881	0.0	0.0	0.0	0.0	0.0	0.0	0.0	0.0	0.033462	-0.003939800000000007	0.001119705444	1.5522024040000054e-05	0.0	0.0	0.0	0.0	-0.0	0.0	0.0	0.0	0.0	0.0	0.0	0.0	0.0	0.0	0.0	0.0	0.0	0.0
8592.735368252983	29.297157161721767	73835101.10882573	858.3234177586252	9989.029662748322	-6.735042655604048	45.36079957280602	99780713.60326584	6524.391595457876	17.417127919439736	303.3563449621272	42567685.69088137	6998.314387710271	11349.033780893391	0.893893	35.059776	0.011822099999999995	0.0118221	0.0136491952	0.06079479860000001	0.008752443	-0.08667421980000001	0.0600046303	-0.0819776529	-0.0405010573	-0.0241886825	0.0044075323	0.0623548482	-0.0058758226	0.0642793405	-0.016620574699999998	0.0834008252	0.0401014669	-0.0254749737	-0.1007272841	0.0020543947	0.0005679791000000001	-0.019555853300000002	-0.0388889408	0.057714052099999996	0.0863667493	-0.0113556177	0.11450332220000001	0.11961563929999999	0.02566864	0.0111893378	-0.0216947952	-0.0274439865	0.0891389049	0.0551460647	-0.0813985643	-0.1451286168	0.0646784121	-0.1471382167	-0.014177061299999997	-0.0058050059	-0.016579573700000003	-0.0646901829	0.016258280400000002	0.022083450499999997	0.099693956	0.0124716654	0.0740024612	0.10668054810000001	0.026349157999999998	0.06450190160000001	-0.058171131699999996	-0.0156329854	0.0097138908	-0.0099598797	-0.0088242047	0.0172290384	-0.0865177042	-0.0215030142	0.029427926899999998	-0.0233542649	0.1827346703	-0.120689354	-0.0077994191000000015	-0.1014590745	-0.024756081800000003	0.0867754419	0.0063251712	-0.0328795688	0.0481184391	0.0568545906	-0.0702650009	0.0527869373	0.0059579551000000005	0.15035490140000002	-0.0929909293	-0.026169416299999998	-0.055136916200000004	-0.0603337641	0.11521607619999999	-0.0259515046	-0.0736748922	-0.0447496125	-0.039786453799999996	0.018693704499999998	0.0175815157	-0.0674073849	-0.010854545	0.1473133515	-0.0134269534	-0.0827151534	0.1847380797	-0.0659697824	-0.0007580742	-0.0191891726	0.0060952021	-0.053876178200000006	-0.0395999947	-0.026327052200000003	0.0126336656	-0.1228838258	0.1512717648	0.0877014125	0.10831989449999999	0.013059202399999999	0.0207594173	-0.0147290956	0.0009310558	0.0240669804	-0.01077801	0.032547694	0.0049353919	0.0703719166	0.0714091979	0.0980539648	-0.0264156441	0.0391461787	0.0554656113	-0.086774904	0.0234697443	0.1075691983	0.10045501550000001	0.0532399596	-0.0519727538	-0.015671966699999998	-0.0515751089	-0.048782128099999995	-0.037402144	-0.0021602472	0.044489517400000005	-0.045517898099999995	-0.0697470966	-0.07665346740000001	0.028686326	-0.0125229522	0.0569138914	0.1204393375	0.0137576354	0.0015045223000000002	0.0058440439	0.0484759646	0.0612292651	0.0730760714	0.0135251847	-0.06573410589999999	0.0474462604	-0.0411224256	-0.0002193728	-0.1642964138	0.0237733417	-0.0186039035	-0.1537485311	-0.10159610150000001	0.0050059048	0.0869139542	0.125616271	0.025082366800000002	-0.0329858312	0.016043576299999997	0.0720816692	-0.0073640886	0.047181152000000004	0.052217266	-0.0577373947	-0.1245141903	-0.0761463257	-0.0999202831	-0.0312623516	-0.0729724744	-0.1063732564	-0.1815408551	-0.0102364441	0.0590680938	-0.11709796689999999	-0.0066885873	0.0286811125	-0.0261671181	-0.0644739779	-0.03483407	0.0415518557	0.031521364100000004	0.0139587603	0.07500139730000001	0.0422940888	-0.0437098035	-0.0750821934	0.0167552719	0.09652626689999999	-0.0528674608	-0.052002128099999996	0.0106515665	0.1031611942	0.09989619949999999	0.0945308701	0.0	0.0	0.0	0.0	0.0	0.0	0.0	0.0	0.0216399	-0.0118221	0.00046828527200999995	0.00013976204840999995	0.0	0.0	0.0	0.0	-0.0	0.0	0.0	0.0	0.0	0.0	0.0	0.0	0.0	0.0	0.0	0.0	0.0	0.0
8588.734382469143	-4.000985783839496	73766358.29260762	16.00788724248575	10015.575336229507	26.54567348118508	704.6727805696927	100311749.31568879	6523.838124966051	-0.5534704918254647	0.30632958532152177	42560463.88076056	7004.699517360365	11579.252410313877	0.979445	38.415257	0.005826700000000002	0.0058267	-0.020855479099999998	0.12496409480000001	-0.0627295516	-0.027518941600000003	0.046418408499999994	0.046240424800000006	-0.0656762323	0.026160685899999998	-0.018283158100000002	0.15951538369999999	-0.0311002764	0.09220776380000001	0.022149148599999998	0.0676470672	-0.0545103703	0.0592679005	-0.05668946530000001	0.0689196653	0.08184037940000001	0.1257442587	0.0389869631	-0.0334621321	0.0067137964	-0.071261908	0.0836301317	-0.0678441749	0.024572425699999997	0.012799797199999999	-0.1273167846	0.0887904448	-0.0172074119	-0.1812656312	-0.0404417911	-0.06953491740000001	-0.021230832400000003	-0.088644457	-0.0926486272	0.0039163802	0.0240908427	0.1070255765	0.1303103843	-0.06932486809999999	0.0383713439	0.033068673300000004	-0.025844408399999998	0.1139882497	0.0401992449	0.16061270000000002	0.019286046299999998	0.0201083632	0.043453851200000004	0.0624462	-0.0096891059	0.0099269443	-0.0325548472	-0.0692968625	-0.0877093743	0.137137127	-0.10168568880000001	-0.0313696328	-0.0782563622	-0.0086846092	-0.0477046142	-0.0631608354	-0.0411775976	-0.0686507289	-0.14763555039999998	0.0774617416	-0.0166391792	0.0335215902	0.1274678087	0.0940886177	-0.0640804722	-0.0762207579	0.20657991539999998	0.0659841568	-0.09718598769999999	-0.0159020244	0.0061177259999999995	-0.035220152000000005	-0.0046379651000000004	0.0233655336	-0.0886094981	0.0123648298	0.07269250769999999	-0.011388450500000001	-0.022974817	0.0519779051	-0.07688691610000001	0.0771538696	-0.16543110000000005	-0.0852409177	0.037070246	0.061078869	0.0025112326999999998	-0.0476584354	0.0727577612	-0.029992402999999997	0.056347248899999994	-0.0032043009999999997	-0.0431481085	0.0410591973	0.0867555532	0.11615756279999999	-0.0532726113	0.0110691429	0.1176303837	0.0674179211	0.0147834507	-0.07329552889999999	0.020174838400000002	-0.032806863	-0.0678488748	-0.0345321189	-0.07222603309999999	0.0419693166	0.0050690124	0.021458243399999997	0.1558001008	-0.020426706	-0.0745048715	0.036820595	-0.11668315580000001	-0.0845012994	-0.0178370986	-0.0029805761	-0.0401351723	-0.035040400299999996	-0.0310381354	-0.0659006399	0.0987988989	0.011378028600000001	-0.0989113316	-0.0596184286	0.0443131527	-0.0361029336	0.0711538761	-0.098850886	0.0452370204	0.019738222	-0.0698016186	0.0056830524	-0.0846086347	-0.000926062	0.0821084921	-0.015672581	-0.022863815899999997	0.0416803622	-0.1998165536	-0.07206091120000001	0.0006193301999999999	0.0026074042000000003	-0.0480899322	-0.012840621100000001	0.0095181069	-0.0813924138	-0.0312792818	0.0716891792	0.0346792342	-0.0746634919	-0.0794312972	0.10040296119999999	-0.0521497192	0.19460657539999998	-0.0582110736	-0.0456732336	0.022694413700000002	-0.0296144708	-0.027628954100000002	-0.19119200039999998	0.0208775091	0.0527012926	-0.0031845726000000003	0.0403713042	0.0094717611	0.0671043985	-0.0325535828	0.0584988054	0.004036289	-0.055173022099999997	0.0069733969	-0.053640626799999994	0.0148838905	-0.0021330251000000002	-0.0929417257	-0.0437396711	-0.0155726752	0.0508703729	0.10288873779999999	0.0988192551	0.0921555899	0.0	0.0	0.0	0.0	0.0	0.0	0.0	0.0	0.0158132	-0.005826700000000001	0.00025005729424	3.3950432890000015e-05	0.0	0.0	0.0	0.0	-0.0	0.0	0.0	0.0	0.0	0.0	0.0	0.0	0.0	0.0	0.0	0.0	0.0	0.0
8568.079714390178	-20.654668078965187	73411989.99214448	426.61531345222346	9992.946932810495	-22.62840341901211	512.0446412935587	99858988.40196668	6517.648548606108	-6.1895763599422935	38.31085551555649	42479742.60314731	7005.581813445118	11717.940501412288	1.0625129999999998	41.673302	0.08570169999999999	0.055261800000000014	-0.036924890499999995	0.1505785886	-0.20211967460000002	0.0342519169	0.0637826816	0.2038780021	-0.077178943	0.0851670619	0.0986103374	0.0514492679	-0.0397932306	0.0065008233	0.0065624585999999995	0.1411202768	-0.0975131984	-0.2464307496	-0.0742914641	0.2527855871	-0.0761811475	-0.0362913502	-0.0232592288	-0.066564959	0.049759180599999994	0.19187153829999998	-0.0602103938	0.025745246099999997	-0.043411452	-0.0847943964	-0.0902878958	-0.2144112166	-0.056943748899999994	0.0767482786	0.0566535575	0.0188481971	0.034178240299999996	0.0536198499	-0.0298778733	-0.08732118960000003	-0.0449821658	-0.07309581150000001	0.06410245490000001	-0.0466611846	0.0675356296	0.0525824825	-0.1475282554	0.0525853708	0.07666038650000001	0.2137585493	0.0526001791	-0.0048940133000000005	-0.0520135405	0.0007870618	-0.0601884794	0.0063222573	-0.0476951651	0.030896020099999998	-0.0841949698	0.0642872761	0.0236229685	0.0997780543	0.011558905800000002	-0.0775657698	0.033425483900000004	-0.0615267213	-0.0064697466	0.0056020233	0.1077131488	0.0893696068	-0.057648636100000004	-0.09218115980000001	0.1073116639	0.0676075683	0.0027902877	-0.0054559045999999995	-0.057373229500000004	-0.028867997200000002	-0.0123971927	-0.0427682076	0.10297391130000001	-0.0335886106	-0.0234030081	-0.07179294509999999	0.1375680624	-0.1046587365	0.18241055280000001	-0.0308744871	-0.0289219465	-0.0550467343	-0.0294373937	-0.0277117525	0.0936575135	0.0002110595	-0.078601615	0.0068792885	-0.058226494000000004	0.1324823033	-0.0499298517	0.0468024582	-0.046124661399999996	0.0426523262	-0.0305627867	0.0314814881	0.0442073755	0.0390625717	-0.0007051475	0.0102243766	0.0705939794	0.009577749699999999	0.046579628899999996	-0.1163327703	-0.035853571699999996	-0.0329826994	-0.163050894	-0.0657463794	0.0671767662	-0.06403867860000001	-0.0261564335	-0.10363891119999999	0.1750157696	-0.0989869339	0.0039087189	0.06667427570000001	-0.1586116739	0.0121485098	0.045287979000000006	0.0317112933	0.023986101699999998	-0.0843960943	-0.0057665112	-0.0291322873	0.0584237804	-0.10147403890000001	-0.004461794099999999	-0.0360366739	0.1152147049	0.1098561824	-0.1025404565	0.0081169504	0.1247876194	0.0491524396	0.0056115322999999995	0.0697805023	-0.013542418	-0.0002642819	-0.18965757760000002	-0.066882891	0.0015217643	0.09566699279999999	0.047540675	-0.0041920833	0.0444465935	-0.0130446134	0.04523216769999999	0.11835026970000001	-0.06636589150000001	0.050029586900000006	-0.10377385230000001	-0.026916754900000003	-0.1093389899	-0.19379692969999998	-0.0344118848	-0.0057027227	0.027535817799999997	-0.0895941736	-0.0301439114	-0.0052489471999999995	0.0759174409	-0.0045218098	-0.017152287	-0.0549254785	0.0524053716	-0.0417924861	0.0533552079	0.028682720499999998	0.0219891275	0.0639634916	-0.0086648716	-0.0161362487	0.029570345699999997	-0.17006026010000005	-0.12521689560000002	-0.0201830034	-0.0812138127	0.0263268208	0.0284536456	-0.0506103283	0.0528479041	0.1457541229	0.1025862884	0.0976270918	0.0895385782	0.0	0.0	0.0	0.0	-0.0331779	-0.0331779	0.0011007730484099995	0.0011007730484099995	0.0282778	0.012464600000000004	0.0007996339728400001	0.00015536625316000006	-0.0008011839999999999	-0.0008011839999999999	6.418958018559999e-07	6.418958018559999e-07	-0.0	0.0	0.0	0.0	0.0	0.0	0.0	0.0	0.0	0.0	0.0	0.0	0.0	0.0
8549.023512012362	-19.05620237781659	73085803.00894018	363.1388490643026	9989.912586984115	-3.034345826379649	9.207254594067596	99798353.49558368	6503.942267625013	-13.706280981095006	187.86213833272663	42301265.0205992	6992.600694839475	11297.025128496518	1.184845	46.47131	0.0689665904	0.0501375	0.0135509207	0.04216185	-0.1433307883	-0.0373428366	0.0640680254	0.0195542929	-0.0638577432	0.0991851704	0.1300503815	-0.07812978849999999	0.12231087970000001	0.0650892211	-0.1460456393	0.100388789	-0.0876806317	-0.1023513876	-0.064937516	0.046641400599999994	0.1601888478	0.0510464096	0.0088248025	-0.09898294839999999	-0.18817534100000002	-0.047215706399999995	0.0103895253	-0.1580982414	0.0037120469	-0.0431812484	0.1230622087	0.1465385295	-0.047017354000000004	0.1582654749	-0.0094961976	0.18927090510000005	-0.0757224875	0.10119532560000001	0.1865831168	-0.0944638261	0.1226239481	0.0451762713	0.0859518583	-0.0190986883	0.10297252	0.0036534790000000003	-0.0103215263	0.016797335400000002	0.0148599834	0.056455318	-0.0234822694	-0.058510060999999995	-0.0868769527	-0.0255091961	0.0057950138	0.0231864951	-0.1397724858	-0.0394776414	0.0749374574	-0.0636956518	-0.0119434778	-0.0005131059	-0.0836251881	-0.0048888756	0.1602021591	0.07382534889999999	0.0263786618	0.10208648199999999	0.0366315738	0.10615790189999999	-0.0658514509	0.0043476242	0.046362644800000005	0.0416736118	0.0290704423	0.09529857109999999	0.06598925509999999	-0.0653182659	0.052563550599999995	-0.05746492860000001	-0.0496689628	-0.0621411384	-0.0809968789	0.0469553484	-0.0150644042	0.0192201369	-0.0352892136	-0.06523724759999999	0.0239969619	0.0761950171	-0.0314070861	-0.103415257	-0.0061702337	0.0842052535	-0.0475905879	-0.0039042633000000004	-0.077783975	0.0552475342	-0.1111134364	0.1624410119	0.0458935428	-0.0746011453	0.041551764	-0.0509866298	0.0195172843	-0.147299025	0.0760889582	-0.0977903814	0.0059807299	-0.1223072572	0.072591799	0.0901168532	-0.0160696809	-0.0381973564	0.0656555477	-0.11114410710000001	-0.0421203383	0.104419587	0.12349008460000001	0.0004244893	0.0714080579	-0.0101316187	0.0599633613	-0.05678224990000001	-0.0771300737	0.1333217472	0.027160873500000002	0.055812130300000005	0.0393163118	-0.1261618158	-0.1691394064	-0.120968095	0.010550915	-0.0522232112	-0.0639508184	0.1010582265	-0.1108536625	0.021865295299999997	-0.015519051599999997	0.13056298660000001	-0.044730753	-0.1671480016	-0.0712836888	0.0847260375	-0.13725125929999998	-0.0521462516	-0.014514760500000001	-0.0776674182	-0.0156446131	-0.12026885130000001	0.0885962729	0.0732454944	-0.11386601789999999	-0.0267186877	-0.059470912699999996	0.092627429	0.0305567104	-0.07415611150000001	0.048229750599999996	0.055166817199999996	-0.1630792896	-0.0319810958	-0.0567788401	0.0005153526	-0.0561586381	-0.0433925829	-0.0784077799	-0.0708058639	-0.023064008700000003	0.1227673342	0.0395272848	0.041472731400000004	-0.0104429156	-0.07932020969999999	-0.0443844491	0.0507125985	0.0739049875	-0.0285692381	-0.0445252002	-0.16280931	0.0803961728	-0.0770915266	0.057303300999999994	0.0579883287	0.0532434092	-0.11015045279999999	0.1316058987	0.060291138099999995	-0.0870247382	-0.1111956889	0.102253934	0.09632109970000001	0.08668669949999999	0.0	0.0	0.0	0.0	-1.20146e-05	0.0331658854	0.001099975954365933	1.4435061316e-10	0.0280001	-0.00027770000000000567	0.0007840056000099999	7.711729000000317e-08	-9.07239e-05	0.0007104600999999999	8.23082603121e-09	5.047535536920099e-07	-0.0	0.0	0.0	0.0	0.0	0.0	0.0	0.0	0.0	0.0	0.0	0.0	0.0	0.0
8581.705164068248	32.68165205588593	73645663.52299562	1068.0903811019932	10001.202361372238	11.289774388122167	127.45900573469929	100024048.67311762	6513.620950147216	9.678682522202507	93.67689536558831	42427257.88219672	6996.598403940658	11194.329032430434	1.129108	44.28524	0.0076584096	0.00550811	0.0398877408	0.011133166699999999	0.0103440321	-0.103551978	0.0422880044	-0.1002585418	-0.0405346313	-0.0030826342	0.0463998176	0.0210926811	0.050579136100000005	0.0017378014000000001	-0.1016292033	-0.006249421800000001	-0.0317380006	0.0245001186	-0.0924604926	0.09040811019999999	0.06145046110000001	-0.0343599405	-0.10120624380000001	0.0414331613	0.0368903099	0.1430348938	0.0369655168	0.0961209398	0.017659803	0.060008669	0.0082276506	0.0133970886	-0.08623159779999999	0.0253390334	0.0388076887	0.057805985199999986	-0.0345385988	0.0034352892	-0.0224229181	0.0950452742	0.1017227929	-0.019454499	-0.0393258131	-0.0771672548	-0.17928154899999998	-0.009927161	0.1094381781	0.050794855599999994	-0.0033997793	-0.0022421527	-0.0629352893	0.0250084296	-0.043919392800000005	-0.013025663600000001	-0.0022583285	0.0474290007	-0.028651267299999998	0.0033213945000000003	0.0727554519	-0.0156952367	-0.0614945622	-0.048133717699999995	0.06901298360000001	0.013724360500000001	0.1357408106	-0.057700212699999996	-0.06416652490000001	0.1017699643	-0.013831320800000001	-0.0763918968	-0.048174798399999996	-0.061217773899999994	0.09607079880000001	0.0836805442	0.0650037005	0.031190727	-0.0463191226	-0.058312232	-0.1329666556	-0.0817541051	0.0022201551	-0.0381805253	-0.05934708690000001	0.0162485824	-0.0373079011	0.136866404	-0.0327909126	0.0165783703	-0.0302635381	-0.009190089	0.1321277675	0.0291735786	-0.09057135039999999	-0.0042441919	0.024843709900000004	0.0433157297	0.0196645549	0.0926610116	0.086611064	-0.0080814897	-0.1617429607	0.0293691875	0.0593490596	-0.1040123618	0.0225169108	0.0323686933	0.0029361826	-0.029150443199999997	0.045925304199999996	-0.12017024009999999	-0.025541832200000003	0.0584537087	-0.0626011762	0.0234673266	-0.057929580599999995	-0.0205228544	-0.0471883903	0.1964269146	0.023696905600000002	0.10055466699999999	0.0174949034	0.060279755899999996	-0.009807733	-0.083269133	-0.020939724399999998	0.0113532323	0.0055727568	0.0014764919	0.0561011769	-0.0870752618	-0.0050878035	-0.0818085688	-0.056970074	-0.0230955	0.0084144612	0.023163311000000002	0.016411325	-0.0807439168	0.08945807830000001	0.0821903937	0.13532664	-0.1273148198	-0.0353164925	0.0960969973	-0.0136112618	0.090166235	-0.0344146124	0.018578446499999998	-0.0021925092	0.039794605499999997	0.024601352400000002	0.07051605030000001	-0.0768724482	0.0108967807	-0.23930777399999997	0.0253359375	-0.0370649364	0.16351094130000002	-0.008339580899999999	-0.030775747000000006	0.0689727539	0.042505490199999996	0.042662866699999996	-0.010526661599999999	0.0445628403	0.11290938439999999	-0.06909264309999999	-0.031122315	-0.1029497263	0.022090544900000002	0.0727906959	-0.00155667	0.0707832345	-0.12186526589999999	0.16436418220000001	-0.11901396439999999	-0.037674363599999997	-0.0026418220000000003	0.0058644872999999995	-0.0404005662	0.0256602548	-0.0314186408	-0.13892715490000002	-0.032255063199999996	0.041042303599999996	-0.0086937941	-0.0381162938	0.08853165369999999	-0.0073830356000000015	-0.019268996599999998	0.1018917716	0.09490280150000001	0.0836074347	0.0	0.0	0.0	0.0	0.0	1.20146e-05	1.4435061316e-10	0.0	0.0311103	0.003110200000000004	0.00096785076609	9.673344040000024e-06	0.0	9.07239e-05	0.0	8.23082603121e-09	-0.0	0.0	0.0	0.0	0.0	0.0	0.0	0.0	0.0	0.0	0.0	0.0	0.0	0.0
8574.44262028152	-7.262543786728202	73521066.24850021	52.7445422541444	9992.11652238843	-9.085838983806752	82.55247003966251	99842392.59698787	6510.583389636215	-3.0375605110011747	9.226773857993717	42387696.07340698	6994.650982017461	11414.088576786653	0.921	36.122948	0.0139569	0.0139569	-0.0015222289000000001	0.0419734307	0.04305800519999999	-0.0426756904	0.058032168499999995	-0.0312896396	-0.0192717788	-0.012017326000000002	0.0460282597	0.10719229890000001	-0.0035967868	-0.029721181200000002	-0.0973304027	-0.0149140706	0.045278248099999995	0.1016135812	0.0266937348	0.0024313285	-0.013257161100000001	0.0396695115	-0.0255441622	0.2203625463	0.0374981708	0.1135600285	-0.003555913	-0.053917055199999994	-0.0602034302	-0.0142410571	-0.11824008300000001	-0.08410069619999999	-0.0035770603	-0.0159801481	0.0030166193	0.1273019988	0.0833114087	0.0125742626	0.048138811399999995	0.0721631714	0.0711902979	0.10200930230000001	0.10464883529999999	-0.1200383609	0.0096656961	-0.0258910133	0.061598577599999996	0.0664069829	-0.026575869900000004	-0.0038753061	-0.0266276075	-0.0011220496000000002	-0.0058400912	0.054846967999999996	0.005350983399999999	0.057294415599999995	-0.0596260114	-0.0852476217	0.0677690325	0.0610746772	-0.0518350292	-0.0082601482	-0.0740649843	-0.06979995559999999	0.15320760890000001	-0.022280220299999997	-0.0844978703	0.055679636399999996	0.0977280576	0.09052688460000001	0.0292805975	0.0176915426	0.0326063366	0.021194308999999998	-0.0061744903	0.0028352990000000003	-0.0856025753	0.1368379933	-0.029114992200000002	0.0023900320000000003	-0.0907287472	-0.009296719699999999	-0.1392698111	-0.0088663685	-0.0379129881	0.0490001629	0.0770967088	-0.004069303	-0.1008996008	-0.1618704017	-0.1735139329	0.0329860278	-0.0323726109	-0.0955019151	-0.0410521113	0.0142005206	0.10403590189999999	0.1265930058	-0.0476449529	-0.0515203912	-0.066911292	0.0781148393	-0.0111037853	-0.0012430038	-0.09518194099999999	0.0302570916	-0.1219459734	0.1176039224	-0.046044984000000004	-0.0300003207	-0.0164869232	-0.04326401269999999	0.1059676843	0.055467824299999996	0.11296594060000001	-0.058569087	-0.15339531480000002	-0.032407200899999995	-0.0548632823	0.0885813433	0.0313298873	0.0110709145	-0.0369096127	-0.060239377000000004	-0.0105656679	-0.0319643008	0.023886614599999998	-0.014183571200000003	-0.0086087315	-0.0534681082	0.0097113688	-0.1068322011	-0.0125612925	0.0325295073	0.0211359285	-0.0157037019	0.0198928466	-0.0324920121	-0.0067645728	-0.0152319155	0.0190735865	-0.0770284441	0.1160320711	0.1619353824	-0.06153017490000001	-0.004564116	-0.0841535384	-0.0877771976	0.0394545024	0.0604801219	0.0225835464	-0.082913328	-0.1446044335	-0.0775364429	-0.0731865649	-0.0413434934	-0.10962607	0.0785724386	-0.025939068500000002	-0.0790524985	-0.0438313412	0.1081690935	0.027457292799999998	-0.0288539893	0.1483466434	-0.0013796345000000002	-0.006189869000000001	-0.032093108599999996	0.073688099	-0.0987794773	-0.09988345529999999	-0.0714522247	0.17153158129999999	0.085042818	-0.099521546	0.06889008440000001	-0.1485389108	0.0498903089	-0.0587401504	0.0386808104	0.0339245667	0.0323117813	0.0592796626	-0.014364006	-0.1152125549	-0.0109446837	0.009553884300000001	0.0030549978999999997	0.1816011524	-0.1255898464	0.1014999067	0.0933738509	0.0803088607	0.0	0.0	0.0	0.0	0.0	0.0	0.0	0.0	0.017153400000000003	-0.013956899999999998	0.00029423913156000016	0.00019479505760999996	0.0	0.0	0.0	0.0	-0.0	0.0	0.0	0.0	0.0	0.0	0.0	0.0	0.0	0.0	0.0	0.0	0.0	0.0
8554.924637153877	-19.517983127641852	73186735.54738241	380.95166537091217	9995.64361855222	3.527096163788883	12.440407348614256	99912891.34910372	6501.441685708522	-9.141703927693015	83.57075070159792	42268743.99266847	6992.9063519571655	11539.271197780783	1.038034	40.713177	0.008919200000000002	0.00891914	-0.0499074501	0.060018477599999995	-0.0412999993	0.0199403422	0.056541338499999996	0.0735844116	-0.0589037963	0.048037406100000006	0.0318204721	0.1344089744	-0.0087571133	0.0758164288	0.0098817732	0.1182038765	0.0317000186	0.0948202651	0.0068163009	0.0739780366	-0.08340175080000001	-0.060340920199999995	0.057375524800000015	0.059283658600000004	0.0717220076	-0.0772337134	0.076028428	-0.0610453419	0.08948984509999999	-0.060914536799999995	-0.0588209349	0.0572180033	0.0107032384	0.0893231785	-0.0699284406	-0.0282290141	-0.06856830309999999	-0.0036784115	-0.0089667756	-0.0311218073	-0.0279335273	0.0764609541	0.0377355791	0.013442648400000002	0.0657718524	-0.0338231429	-0.0673797063	0.0126807993	-0.014815539499999999	0.09298668119999999	0.0223315389	0.0033358652	0.044060899	0.0399960531	-0.0224103218	-0.0113240756	-0.1226331157	-0.149303091	-0.0920301509	0.0259413734	-0.131673187	-0.0323865474	0.0217724668	0.09074889130000001	0.0755084776	0.0399049331	-0.1329780065	-0.10498864449999999	0.0708492077	-0.025361663599999997	-0.0560402147	0.0213149873	-0.157691639	0.0401214467	0.0170534458	-0.1240601682	-0.0352567658	-0.10522646199999999	0.0727749489	0.0287834746	-0.0463210554	0.047410229400000004	0.046927557800000005	-0.0854340838	0.029097187599999998	0.0012517736	0.006383074200000001	-0.1281034503	0.0720443583	0.0406293628	0.0056040774	-0.0370474987	0.0124038129	0.0501100402	-0.0030420956	0.0859454238	0.1086222375	-0.0030705365	0.1098572376	-0.1023136963	-0.034995382900000004	-0.033712160899999996	0.1318261825	0.15451492460000002	0.0751418563	0.0781928556	-0.056555284299999994	0.10855750300000001	0.0640244262	-0.1722149259	-0.0818222354	-0.1258114447	0.013262081399999999	-0.171484718	0.0453637278	0.153116871	0.0352508987	0.0535742383	-0.06027045070000001	0.0016748316	0.0957523815	-0.0783019772	-0.015992586200000002	0.043846017699999996	-0.0338004225	-0.0235378542	0.0068715954000000004	-0.0290330695	-0.0526594802	0.0098943293	0.0141452801	-0.0910154027	0.166506317	-0.0589214775	0.0181964092	-0.1527794158	0.0048422842	-0.0275321227	0.0088015848	0.0134011563	0.1239352481	-0.0474552591	-0.043792028	0.0866089019	-0.0286711681	-0.1267202929	0.0389275838	-0.0056217898	-0.06582053780000001	-0.008257222	0.0706230899	-0.12108253460000001	-0.0194720747	0.0870328725	0.07568669559999999	-0.0386794226	0.0902461482	0.17248495149999998	0.1584122475	0.037364635099999995	0.0866174541	-0.0725242351	0.0752459772	0.0702571474	0.0166491058	0.026223185099999997	-0.07243813959999999	0.0018366269	0.0266538412	0.0021062879	-0.18732610170000005	0.0446280349	-0.1304531584	0.10205704550000001	0.047304925899999996	-0.0172454984	-0.0327574438	0.0428338008	-0.117271944	-0.1393399366	-0.044666318200000006	0.1213602676	-0.0324240321	0.1241750858	0.09588714699999999	-0.0246820494	-0.1266560762	-0.0753494888	0.0616249806	-0.0194163909	0.10107845359999999	0.09173603050000001	0.0767996302	0.0	0.0	0.0	0.0	0.0	0.0	0.0	0.0	0.0260726	0.008919199999999999	0.00067978047076	7.955212863999998e-05	0.0	0.0	0.0	0.0	-0.0	0.0	0.0	0.0	0.0	0.0	0.0	0.0	0.0	0.0	0.0	0.0	0.0	0.0
8525.60396198315	-29.320675170727554	72685922.91658278	859.7019924673192	9974.762420785404	-20.881197766815607	436.02442017686485	99495885.35111271	6490.318381982306	-11.123303726215454	123.7278857856386	42124232.699497424	6981.092976381472	11317.459024786229	0.992938	38.944447	0.004137099999999998	0.00413711	-0.0215844949	-0.0027858319	-0.055458720499999996	0.016275852900000002	0.0740701885	0.0496494145	-0.0875787897	0.0655548943	0.0714050765	-0.0597753256	0.0774641088	0.1337598889	-0.0798455912	0.0981019767	0.059131841500000004	0.0247340573	0.014691408999999999	0.011151770900000002	0.044178369599999996	-0.026578253700000002	-0.073011333	0.037199016	0.0070201336	-0.0471869382	0.0683735145	0.0593897475	-0.0066746633	0.0779571667	-0.0031876259000000002	-0.043445284800000004	-0.014828208899999999	0.0395765585	0.0277508717	0.0323135848	0.0050134841	0.0244472803	-0.1134529859	0.0088580174	-0.0296237652	0.0506354972	0.0257822475	-0.0055656165	-0.10736958140000001	-0.0487638678	-0.022744663999999998	-0.0241115554	-0.0553621871	0.0582459718	0.0023572073999999998	-0.054248205599999995	-0.0799902333	-0.0103462244	0.0286920323	-0.0294397796	-0.1526174438	-0.0856649443	0.0378762707	0.1122655173	0.0682212549	0.0027019995000000002	-0.05855933660000001	0.0018288868	-0.021968685	0.1126522403	-0.0329318205	0.058468212	0.0182564408	0.1402366214	0.0749066454	-0.1055492407	-0.0342690417	-0.0156043123	-0.0033166251	0.0482990245	-0.0608815318	-0.0715430017	0.08908626019999999	0.1223179358	-0.0682192128	0.030167231200000002	0.0475222407	-0.013682758500000001	-0.0093976974	0.1784466629	-0.0255845692	-0.0746062293	0.0021811088	-0.09636810359999999	0.1360967608	0.0564535135	0.0023570660999999997	-0.051955794400000005	0.09919052019999999	0.008572200600000001	-0.0351180679	-0.096402049	0.07318963	0.021733440899999998	-0.0327300657	-0.07084039980000001	0.01957695	-0.06345019190000001	-0.0462211731	0.032370492	-0.0879453491	0.0390391753	0.008011818	-0.0212668538	0.0396152152	-0.0443189902	-0.0076196727	-0.0038179595000000003	0.0118820319	0.0043368203000000004	-0.0017314421	0.0490212287	-0.12564580220000002	0.010948707299999999	0.050260007300000006	-0.0372721751	0.042075490599999994	-0.0084374228	0.0042415402	0.1277407932	-0.0182547715	0.0519114552	-0.0494413249	-0.09880003890000001	-0.0926994993	-0.1030015059	0.057941749800000004	0.0188763429	0.0408666719	-0.1042019362	0.046633644	0.1019833144	0.0870154966	0.09396113	-0.035163362000000004	0.060688981100000004	0.028255894900000002	-0.0397803655	-0.0850016925	-0.0325134546	-0.041160637400000005	-0.0562093466	-0.0646907115	-0.059943530099999996	-0.0123341673	-0.052073454000000005	-0.0447634147	0.017866403200000002	0.068417955	-0.1310724688	0.0777354872	-0.014449906299999999	-0.0387584773	-0.08713703699999999	0.0076443164	0.0825694637	0.0161824086	-0.1238385561	0.051423009699999994	0.1004820567	0.05939164230000001	0.1920339664	-0.0160745758	0.0106826749	-0.0476866346	-0.0006134279	0.0041024418	-0.0494101169	0.1298995916	-0.0094553734	0.0194369785	-0.0161197667	-0.093343193	-0.0154555052	-0.0582041598	0.0748632921	0.0216296466	-0.013425553	0.1677889352	-0.018374016	-0.1036365034	0.0969145425	-0.0255768104	-0.0271046692	0.100627535	0.0899912501	0.0730889481	0.0	0.0	0.0	0.0	0.0	0.0	0.0	0.0	0.0302097	0.004137099999999998	0.0009126259740900001	1.7115596409999978e-05	0.0	0.0	0.0	0.0	-0.0	0.0	0.0	0.0	0.0	0.0	0.0	0.0	0.0	0.0	0.0	0.0	0.0	0.0
8545.99285067468	20.388888691530155	73033993.80378275	415.7067820756063	9978.108398240913	3.3459774555085464	11.195565132771444	99562647.20704584	6500.2898237879235	9.97144180561736	99.42965168281359	42253767.79324083	6984.677861918968	11277.706808446726	0.993875	38.98122	0.0129445239	0.0081031	-0.0395673192	-0.0414830781	0.0378883896	-0.0418291633	0.059488927699999986	-0.0530487468	-0.0573333304	0.0125914099	0.0203196507	0.030367348500000002	0.0456779391	0.0704759687	-0.023132335099999998	0.10302463070000001	-0.033438690699999996	0.10409957800000001	-0.09006970550000001	-0.0271676592	-0.06950707019999999	-0.035845012200000005	0.071264469	0.0539954007	0.1346884829	0.0079624853	0.024021451099999997	-0.0409484097	-0.009724297199999999	-0.0032670806	0.027560479900000004	-0.0545696963	-0.0468488542	-0.0683757755	-0.0914317364	-0.005988948199999999	0.17538844010000001	-0.0232435503	0.013417166999999999	0.0010758141999999999	-0.07105674969999999	0.033203364	-0.0228427354	0.1020245231	0.0527250374	-0.0698842121	0.011756133200000001	0.0302187757	-0.0360517946	0.023481846400000003	-0.0067089153	-0.0191777698	-0.0672099612	0.0314209296	0.0023477855	0.0193210311	-0.0696835353	-0.1533229482	0.0331272872	-0.04356064900000002	-0.1144648416	-0.0194039055	0.0106142335	-0.0041814651	-0.1320329951	-0.09608556900000001	0.079336825	-0.0557630287	0.0722716758	0.0241158132	0.0333464198	0.10976250650000001	-0.0838763434	-0.025318917200000002	0.07084508219999999	-0.0391994377	-0.0968120263	-0.0467939169	0.0737117912	0.1301694791	0.0538298817	-0.004356912199999999	0.1437284768	-0.08271855089999999	-0.1469810131	-0.15984948	0.0040768641	0.0530920434	0.08869805720000001	-0.014022439099999999	-0.0035466013	0.0093625379	0.0441515614	-0.1504521116	-0.1664251118	0.0036151853999999996	0.0776461102	-0.0090187212	-0.030607709700000006	0.0138340247	0.055160361	0.038744257000000004	-0.08679660289999999	-0.074481354	-0.0199946152	-0.0861927506	-0.1165069792	-0.0676820259	0.0064150887	-0.0665702343	-0.0829927679	0.0136886193	-0.0220291467	-0.033547329	-0.0574372913	-0.0732623634	0.0424333181	-0.0203892087	0.1093873534	0.0763534367	0.0448639451	-0.0296525548	-0.0060588563	-0.018069987	0.031165726	0.0241917697	0.0017947397	-0.0203870795	-0.0201931186	-0.040751943900000004	0.02547933	-0.1102212431	0.1584868068	0.0166988548	0.0221250709	-0.0782966283	-0.09187431289999999	-0.0742076351	-0.0094352776	-0.003120318	-0.0756774697	0.0821990566	0.0335905593	-0.0089489199	0.007319108	-0.061219545	-0.058521996	0.1281522094	0.0712507082	-0.033875802	-0.06609523440000001	-0.08204164809999999	0.1550664004	0.0919871127	0.0587046046	-0.023926624900000002	-0.0494909394	0.1602175069	0.0263537311	-0.050860648700000004	0.07289326559999999	-0.0041721022	-0.2016762552	0.0820872884	-0.046881461	-0.1141644614	1.4013800000000001e-05	0.12818083630000002	0.1109588035	0.0458959855	0.07737838679999999	0.0276658314	0.0619539014	0.09210299400000001	-0.0804176716	-0.09166957199999999	0.0770012464	-0.0507857296	0.0907880249	-0.10953422880000001	-0.0116669468	-0.0285335156	0.0557721773	-0.0317617825	-0.0837130209	0.029978940699999998	-0.0160935347	0.0691611687	0.0137288787	-0.0005934328	0.1001472826	0.08814154390000001	0.06918654769999999	-1.00416e-05	-1.00416e-05	1.0083373055999998e-10	1.0083373055999998e-10	2.12923e-05	2.12923e-05	4.5336203929000003e-10	4.5336203929000003e-10	0.0270817	-0.003127999999999999	0.0007334184748899999	9.784383999999992e-06	0.00013298400000000005	0.00013298400000000005	1.7684744256000015e-08	1.7684744256000015e-08	6.27198e-05	6.27198e-05	3.93377331204e-09	3.93377331204e-09	0.0	0.0	0.0	0.0	0.0	0.0	0.0	0.0	0.0	0.0
8559.358933412863	13.36608273818274	73262625.35099459	178.6521677639466	9983.753903757686	5.645505516773483	31.871732539919826	99675342.01079684	6503.119774355057	2.829950567133892	8.008620212421437	42290566.799607776	6991.3161132505675	11387.74912362516	0.881085	34.557434	0.0373976389	0.0202983	-0.028999078900000006	-0.0138366668	0.0777190766	-0.011445329099999998	0.0596305924	-0.0183959905	-0.023637069	0.0115693094	-0.0359132141	0.04708403480000002	-0.028472841800000002	0.055526907699999996	0.0066272706	0.09593906390000001	0.0441526188	0.1277772574	0.059811463899999986	-0.0293281593	-0.024852469300000003	0.0398499681	0.0376907181	0.0535095418	-0.0546040548	0.0453822618	-0.0384000329	0.0691162846	-0.058371395599999994	-0.0040070194	0.10535640539999999	0.0229212353	-0.0779713662	0.1022420681	-0.0099741663	0.12399434279999999	0.0830762344	0.0300575122	0.0216161837	0.058421689299999996	-0.0902940881	0.028789643599999998	0.0601414919	-0.014586413400000001	0.0205454346	-0.0282370714	0.014743743	0.00825066	-0.035198028199999995	-0.0065829051000000005	-0.006072949	-0.0447061214	0.028569538399999997	0.0759817424	0.039990276	0.1054039905	0.0346568649	-0.1222907208	0.0277589576	-0.0144209793	-0.0836435109	0.0827007694	-0.016076433600000002	0.0390568978	-0.0841361726	-0.0780869602	-0.030239144500000002	-0.0706988718	0.0915675375	-0.0550227772	0.0615532582	-0.0046283161	-0.0322378539	0.026820777400000002	0.036291133999999996	0.1576668705	-0.012803017199999999	0.0482093929	-0.0040438526	0.0758834676	0.08510083199999999	0.0325143682	0.0015122945000000001	0.1905420793	-0.0956915761	-0.0498251864	-0.0418203026	0.1185348506	0.0558406278	-0.083129222	0.0007899639	-0.06775404639999999	-0.12474335	0.0643874227	0.0461109379	-0.013432068500000002	-0.041301142	0.0365456559	-0.04797587	-0.012921746100000001	-0.0219242796	0.031174025600000002	0.0768339796	0.0417193709	0.0485030895	0.0081717632	0.0549415896	-0.0454012829	-0.0222191273	-0.132130833	-0.0071570387	0.0600838199	0.0088012203	-0.0667511385	-0.0598349482	0.1646814134	-0.032931072900000004	-0.09279893460000001	-0.104799481	0.0435041562	0.0363979518	-0.0014501319	0.0029320881	-0.0176961045	0.0429867733	-0.0055420179000000005	0.0045756476	-0.06598625080000001	-0.0604552783	0.0082334369	0.0757595501	-0.12078301529999999	0.0426823354	0.0888483506	0.0429650905	-0.0778950757	0.041081504	-0.0320559331	0.0202616555	-0.0951125974	-0.0579448584	-0.029486239900000006	0.1006208497	-0.0225948891	-0.0297774509	-0.0133113551	-0.1202985205	0.1097176112	0.0104376572	-0.017525316200000002	0.0063647287	0.0346145456	0.08620739529999999	0.0129676599	-0.0780466262	0.054850370499999995	0.10423403269999999	-0.0858575683	-0.0570297616	-0.0491962866	0.08405501970000001	0.14669649140000002	-0.0441876971	0.0793119249	0.0351639619	-0.0692379885	-0.0577475612	-0.1048376833	-0.0163633018	0.058930875999999986	0.0174242558	0.0986890443	-0.011664353200000002	0.055125285700000005	-0.0377581758	-0.0027495013000000002	-0.079639125	-0.0110243889	0.0301402887	-0.008706810799999999	-0.0641596828	0.047651236900000005	0.0708924579	0.0663516722	0.0879684688	-0.0929593898	0.0046740372999999995	0.0129827831	-0.0712350287	-0.1152774946	0.09963783609999999	0.0861890685	0.0651026654	-3.59382e-05	-2.58966e-05	6.706338915600001e-10	1.2915542192399998e-09	-0.00993039	-0.0099516823	9.90359806001333e-05	9.86126455521e-05	0.0237135	-0.0033682000000000017	0.0005623300822499999	1.1344771240000012e-05	0.000434284	0.00030129999999999995	1.88602592656e-07	9.078168999999996e-08	0.000242457	0.00017973720000000006	5.878539684900001e-08	3.2305461063840015e-08	0.0	0.0	0.0	0.0	0.0	0.0	0.0	0.0	0.0	0.0
8551.00040250865	-8.358530904213692	73119607.88370308	69.8650388766954	9980.387601081316	-3.3663026763697417	11.331993708934085	99608136.66781768	6508.614797030536	5.49502267547814	30.195274204018933	42362066.57612484	6998.159433710865	11383.995272146245	0.854361	33.509251	0.0271770731636	0.0150575	-0.0234082787	0.0018018064000000001	0.0345949688	0.026629958500000002	0.0701402945	0.0175366373	-0.0323163136	0.0387245092	-0.013921303400000001	0.0796605284	-0.0726682981	0.0297457503	0.0411336405	0.0241620925	0.0571738063	0.115712	0.0645710451	0.0249428604	-0.0480648773	0.0391299485	0.0279227863	-0.0605840921	-0.0697444451	-0.0664636924	0.0518887278	-0.071052255	-0.0447637512	-0.12452102179999999	-0.0415915218	-0.1260426858	-0.0078225721	0.024406017999999998	-0.0246603681	0.0065148137	0.0965888811	-0.0140946557	-0.021126396000000002	0.012503765	-0.043917645	0.0212846333	-0.09013262080000001	0.036454472200000004	0.0022259471	-0.0025191095	-0.0244261524	0.0063959507	0.0479878804	0.0431729017	0.03723006	-0.0410303532	-0.0364555733	0.0672989404	0.0719039016	0.0473766514	0.001934876	-0.11439921060000001	0.025657747999999998	-0.0106002023	-0.0797331976	0.09918784800000001	0.069642468	0.07097332599999999	0.0049544015	0.0534423154	0.0270856659	0.046831969	-0.0535238297	-0.08061257849999999	0.0208110973	0.0029855228000000003	-0.008155845200000001	0.0101605606	-0.025719376699999998	0.0203452458	-0.0381807956	0.0507433642	0.007821350999999999	0.0446658398	-0.060076106799999994	0.17627332399999998	0.036980771600000004	0.09658558119999999	-0.04820269519999999	-0.0109455072	0.0539501122	-0.021778226600000002	-0.0159482196	-0.023346356800000002	0.0410151407	0.14760544849999999	-0.026905240499999997	-0.0540511535	0.0694611421	0.0231145123	0.0229235308	-0.0371076669	0.0099407083	0.0392313791	-0.0014558179999999998	0.0165998173	-0.0805228462	0.0659784167	0.050303760499999996	-0.0900276683	0.06732467240000001	-0.12222687480000001	-0.0063244539	0.0111346783	0.0220329629	-0.022511384199999998	-0.06473572150000001	-0.08722083650000001	0.0313250743	-0.0756560019	0.0492791213	-0.0078302986	0.0304691115	-0.005887358499999999	0.0564000828	-0.020198892	0.0348625273	-0.002060045	-0.0141746971	-0.0193538792	-0.0014242189000000002	-0.0370670223	-0.069685863	-7.227689999999999e-05	0.1112467255	-0.08547453210000001	0.0720073553	0.0696153118	-0.0096652218	-0.0731468939	0.0015256012	-0.0830007809	-0.0424423083	0.0241582881	-0.0308811618	-0.010665383200000001	0.0111197196	-0.0729726346	-0.0786846413	0.0154488707	0.0204026773	0.0464892307	0.013748206399999999	-0.09917730039999999	0.0435699791	0.0074727206000000015	0.0692653625	-0.0348978794	-0.0004069365	-0.0060864633	-0.1121622874	-0.021288414900000004	-0.08514068710000001	0.006184974100000001	0.010857861100000001	0.2176272907	0.1095193138	0.0161536413	-0.09543388929999999	0.0615746475	0.0678703418	0.049781877300000006	0.0739151192	0.030768025299999998	-0.0224910418	-0.0399770116	0.0209888505	0.0341377857	-0.0688884684	0.0581883976	0.0167498981	-0.0440951334	0.0377857943	0.0041459095	-0.0195675002	-0.0615088118	-0.019518804	0.015924238700000003	-0.012789443999999999	-0.0690716725	-0.0681848249	-0.1263290982	-0.0180008881	0.0140298644	0.0990993443	0.0841361006	0.0608480136	1.4963600000000002e-08	3.59531636e-05	1.292629972848365e-09	2.2390932496000007e-16	-0.00575547	0.00417492	1.7429957006400005e-05	3.312543492090001e-05	0.0183915	-0.0053219999999999995	0.00033824727225	2.8323684000000008e-05	0.000323857	-0.00011042700000000002	1.04883356449e-07	1.2194122329000003e-08	-0.0	-0.000242457	0.0	5.878539684900001e-08	0.0	0.0	0.0	0.0	0.0	0.0	0.0	0.0	0.0	0.0
8535.804028246259	-15.196374262390234	72859950.40862507	230.92979072263643	9990.662236898264	10.27463581694792	105.56814117090909	99813331.93178505	6511.6139862112095	2.9991891806739663	8.995135741471774	42401116.70542144	7004.7937388219225	11392.39628635136	1.003139	39.344547	0.0181490949636	0.013106799999999998	-0.0295558134	0.0080470062	-0.0946065155	0.07002708490000001	0.0508218502	0.1300044648	-0.0205551379	0.0921197175	0.0533729351	-0.003415578	-0.0638301026	0.0290934935	-0.0733804533	0.0363906258	0.008006451099999999	-0.0738407891	-0.0030988676	-0.030506424	-0.1340321374	0.0798035656	-0.0708134679	-0.032305166	0.0468338037	0.0269695512	-0.0350591016	-0.08595542269999999	0.0051014975	-0.07008921139999999	0.10194512119999999	0.0407474799	0.0150809636	0.065097187	-0.0032087136	-0.0666459104	-0.1128049454	-0.0543346183	0.0336448048	-0.062411625899999996	-0.0163763872	0.1411763861	-0.13926540369999998	-0.0877767673	-0.009242688399999999	0.0422184813	-0.0981287425	0.0266247033	0.0785200733	0.0573355299	0.0545407525	-0.0454615134	-0.0704704245	0.0325938499	-0.0323121264	-0.0326491692	0.1005541506	-0.0060232254	0.059806631900000004	0.0416501267	-0.06635116469999999	0.0085148841	-0.03412673	0.0336419819	0.042195461	-0.1125651142	0.0670554141	-0.072502117	-0.0837692831	-0.11167056199999999	-0.13140635609999998	-0.0305349321	-0.09718948869999999	0.042530966399999995	-0.080820975	0.0980482713	-0.09037348619999999	0.0996185334	-0.16879663890000002	0.0002265192	0.0007932794000000001	-0.047679326200000004	-0.0672229868	0.0125446791	0.053592711200000004	0.07486723	-0.0048248718	0.017654613	-0.0465590658	0.018407251200000002	-0.0152631973	0.1045557901	0.1091391201	0.0044224682	-0.0361992792	0.0151881606	-0.0845375602	0.0140503877	-0.011867994199999999	-0.0742137841	0.0704854518	-0.0204999821	-0.0274724381	0.035512319199999996	-0.0242439412	0.0593422965	-0.0130554617	-0.0649496457	0.0733407041	-0.0524877221	-0.023387802200000002	0.0862661658	0.1862982648	0.08033399769999999	-0.11386766970000001	0.042583488200000005	0.08582357970000001	-0.0350050585	-0.0905363458	-0.097096984	0.0865406863	-0.0590601276	0.039061446	-0.0053847381000000005	-0.07436836349999999	0.0181485622	0.0408548687	-0.0094130046	-0.0369199936	-0.0734115067	0.0487672795	0.0055583461	0.0166170963	0.055773957400000004	0.0019775741	0.0346962079	0.0480629096	-0.06351500639999999	0.0361512848	-0.1703933957	0.0474191974	0.0265184789	-0.038937921699999996	0.022808911600000002	0.028517701	0.0121216236	0.0652002981	-0.0358833669	-0.016697794	-0.0633353197	0.0763775801	0.0494461243	-0.0017378051999999999	-0.0525067691	-0.06669824889999999	0.0839249168	0.0150066349	0.037130834700000004	-0.0175380433	-0.14299482060000002	-0.0280471771	-0.1053560255	0.1169189189	0.0595277246	-0.036930956	0.0701100778	0.1468325389	-0.0292774937	-0.056108185	-0.0757990729	0.0539893641	0.08310547089999999	-0.0290720485	0.0155357203	-0.0680675585	-0.018265310400000002	0.035787174	-0.0675283808	-0.038615542	0.014769201200000004	-0.0398111994	0.0827828035	-0.0186786112	-0.0723128153	-0.0561830159	-0.0142026835	-0.1644634775	-0.07678269230000001	-0.0281269035	0.0086015871	0.098531964	0.0819850338	0.0564337526	0.0	-1.4963600000000002e-08	2.2390932496000007e-16	0.0	-0.017881599999999997	-0.012126129999999995	0.00014704302877689994	0.00031975161855999983	0.0188931	0.0005016000000000014	0.00035694922761000003	2.516025600000013e-07	0.000434284	0.00011042700000000002	1.88602592656e-07	1.2194122329000003e-08	-0.0	0.0	0.0	0.0	0.0	0.0	0.0	0.0	0.0	0.0	0.0	0.0	0.0	0.0
8522.669014867084	-13.135013379174778	72635887.13697547	172.52857647110042	9983.673682701672	-6.988554196592304	48.839889758707905	99673740.20266996	6501.841848885647	-9.772137325562653	95.4946679096548	42273947.42792073	6995.431457093509	11095.305019552292	1.08086	42.392876	0.02997183806	0.018717	0.0134418955	-0.0774648793	-0.017561539299999998	0.0205428934	0.050197652599999996	0.0055881805000000005	-0.0351612735	0.053613512	0.0793150629	-0.1468142725	0.12215233019999999	0.024061312799999998	-0.0337083064	-0.1133374195	-0.053576933	0.013267813500000001	-0.0411567122	-0.0492104113	-0.043244180599999994	-0.017631504699999998	-0.042656383	-0.0444880234	-0.0014249093	-0.0336730388	0.0245074056	0.0929249529	0.0296105052	-0.007933419	0.049531824599999996	0.0803031806	-0.0369393762	-0.027313027900000002	0.0197897236	0.1124658976	0.0991119634	0.157587623	-0.018765788999999998	-0.0041171596	-0.0370229247	-0.040514605499999995	-0.1514857771	0.1665994101	-0.0227211009	0.0052087187	0.0277388961	0.0172115041	0.030337811200000002	-0.0260948462	0.0549374359	-0.12467170050000001	-0.12062221029999999	-0.0353914741	0.043719460099999996	0.0378452734	0.031494925	0.0430228942	0.1079773954	-0.0852326185	-0.0079420758	-0.050753340300000005	0.0057887026	0.0345715339	-0.09489082689999999	0.0289038741	0.0108165794	-0.005723110500000001	-0.0990200541	-0.033581573999999996	-0.0893143441	0.0631716417	0.0402257956	-0.0626612452	-0.0100939592	0.028315424900000007	0.028069221800000002	0.062566976	0.0031431403999999997	-0.0681895562	0.0766971018	-0.0043316524	0.0443106576	-0.0053359862	-0.11781377539999999	0.0217905511	-0.0671058953	-0.035629657599999996	0.0458113463	0.0706961751	-0.0330824474	0.0123071021	0.1263093667	-0.0442517501	-0.0012932743	-0.0837366806	0.0145493451	0.025512112400000002	-0.0971830784	-0.0465492517	0.0449150505	0.047459034000000004	-0.1488211556	-0.0623443299	-0.0444058637	-0.0266540554	0.054576966100000006	0.06651002339999999	0.005464193000000001	0.0009298202	0.11249961900000001	-0.143447764	-0.1381992873	0.0397829886	-0.0064688859	-0.0004892139	-0.025808244700000003	0.0416794059	-0.056395312300000014	-0.0188883003	-0.0098981989	0.0119705134	0.0734184628	-0.11737001679999999	-0.0178660229	0.1254952076	0.0442915109	-0.000997957	-0.0327240208	-0.0682883881	0.0488977903	-0.0395104946	-0.0381337415	0.0473672537	-0.0011111962	0.09753457869999999	-0.0911613965	-0.0701688025	0.0099370527	0.033367174	-0.0381490931	-0.007492709599999999	-0.027142023900000003	-0.0706567679	0.05868494110000001	0.0010319361999999999	0.0667021605	0.051703978899999996	-0.0261391234	0.013607996399999999	-0.0620341127	0.1842161853	0.052993275	-0.0017209251000000001	-0.0665408359	0.0893968408	-0.0373752044	-0.11184685130000001	0.0432381998	0.1135911757	0.0048262435	-0.027441592799999998	-0.0649318416	-0.013506829299999999	0.0158719822	-0.0345939582	0.093870385	0.1082480051	0.07115364910000001	0.0224486152	0.0121438246	-0.044878508	-0.0068322185999999995	0.0072805913	-0.0309628125	-0.050568668	-0.015386912800000001	-0.026514234900000003	0.0935814958	-0.07915558	0.0198176031	-0.0232961679	-0.0980705147	0.00446903	0.019040321000000002	0.09547985449999999	-0.07848025480000001	0.0439613338	0.14334050369999998	-0.032103292	0.09793586060000001	0.079738376	0.0518714612	-8.36306e-06	-8.36306e-06	6.994077256359999e-11	6.994077256359999e-11	-0.00183863	0.016042969999999997	0.0002573768864208999	3.3805602769e-06	0.0202599	0.0013668000000000011	0.00041046354801	1.868142240000004e-06	0.000238508	-0.000195776	5.6886066064e-08	3.8328242176000015e-08	5.529810000000001e-05	5.529810000000001e-05	3.057879863610001e-09	3.057879863610001e-09	0.0	0.0	0.0	0.0	0.0	0.0	0.0	0.0	0.0	0.0
8531.674953940672	9.005939073587797	72789477.51969856	81.10693859717544	9975.01443661606	-8.659246085611812	74.98254277118347	99500913.01069884	6510.551319005038	8.709470119390971	75.85486976056418	42387278.47739824	7000.666309330762	11031.67442506447	0.969195	38.013206	0.02979224594	0.0160577	0.0213617202	-0.1089943452	0.08987700859999999	0.0049201051	0.0454857464	-0.047048904100000004	0.013091437099999999	-0.0246721358	-0.0188540495	-0.0913575722	0.0535796368	-0.0853460458	0.0316768592	-0.06994944	-0.0683002211	0.0096748199	-0.011931466299999999	0.0300209576	-0.1207534875	0.091622718	-0.0211820408	0.0727953052	0.050627838700000004	-0.0438960197	0.0304885494	-0.09588382919999999	0.0410658312	-0.0257015085	0.0717256445	-0.0504530746	-0.08084450259999999	0.0920835574	-0.0740276648	0.045610287	-0.11824498369999999	-0.0129326944	-0.1059029838	0.004663757100000001	-0.0628527946	-0.0718295907	0.0037394640999999997	-0.0417627181	0.0081647132	0.0137157682	0.0806351821	0.007190709100000001	0.0514158346	-0.0680240045	-0.0250808332	-0.013695488799999999	-0.0833395534	0.0078376382	-0.0193204602	0.0779933439	0.07838946150000001	-0.06147178070000001	-0.0620824097	-0.0047557202	0.0172141005	-0.023504264	0.0479728063	0.0573483983	-0.08040457549999999	0.0333379811	-0.0980815107	0.014673943500000003	0.01244991	-0.0284594233	0.0529629328	0.1477685774	0.0073778588	-0.0923348354	-0.1191320673	0.1333567958	0.1235951889	-0.0414040907	0.0994574146	-0.030683879	-0.0770214853	0.0321591521	0.061900816399999996	-0.0284075446	0.0730196304	0.029738362799999998	0.051431375999999994	0.0140854358	0.0260120743	0.0477083313	-0.1022977731	-0.0658159738	-0.0747071075	-0.031953534	0.0010976122999999999	-0.034014689300000005	0.0015055777	0.0377961083	0.014548434099999999	-0.0279449927	0.0258723521	-0.0966827617	0.073553285	0.007433906	0.0907856157	-0.1018884484	0.02317567	-0.1291061368	0.1428702074	0.09418369089999999	-0.0967985557	-0.0734388858	-0.0710590443	0.0039597541	-0.012170783400000001	0.0247335594	0.054305413600000005	0.09142590800000001	0.1135238732	0.0206067089	-0.0380733684	0.0513454388	0.055940073300000004	-0.10629396880000001	0.0098705484	0.015117951200000004	0.0427902967	-0.087670367	0.0358219162	-0.0331690508	0.1544730425	0.012995084399999999	0.012421504199999999	-0.0051271992	-0.024881924	-0.0377047012	0.019741234099999998	-0.039675817099999997	0.0943311392	0.0486938061	-0.056307957199999994	-0.028564235499999997	0.0320267464	-0.0039506715999999996	-0.0208887239	-0.0187217395	0.0071576836999999996	0.0706456647	0.0132967652	-0.025160896000000002	-0.025064809700000003	-0.022865632400000002	-0.0190143851	0.08771685480000001	0.0919591198	0.062235374	-0.0579116555	-0.18727075010000002	0.1508879866	-0.0219384354	-0.0279234952	0.0214995816	0.047105504699999995	0.0557234616	0.07458261620000001	-0.0809489833	-0.10412853300000001	-0.0200502859	-4.11372e-05	0.0393236547	-0.027179547400000004	-0.1324266381	-0.0686018368	-0.0671726776	0.0174626806	-0.018231256799999998	0.10486196490000001	-0.0622317687	-0.1382646279	0.020037389699999998	0.08976826130000001	-0.0504781135	0.08652212949999999	0.054342053700000004	0.0140915339	-0.1010442173	-0.0014339451	-0.09453034099999999	-0.053672715	0.0477379868	0.09731120800000001	0.07739874690000001	0.047173106799999996	-3.3474e-05	-2.511094e-05	6.305593076836e-10	1.1205086759999998e-09	0.00710856	0.00894719	8.005220889610003e-05	5.05316252736e-05	0.023706900000000003	0.003447000000000002	0.0005620171076100002	1.1881809000000015e-05	0.000434284	0.000195776	1.88602592656e-07	3.8328242176000015e-08	0.000206981	0.00015168289999999994	4.2841134361e-08	2.300770215240999e-08	0.0	0.0	0.0	0.0	0.0	0.0	0.0	0.0	0.0	0.0
8528.453211107399	-3.2217428332733107	72734514.1740481	10.379626883747939	9976.059702009112	1.0452653930515226	1.092579741911154	99521767.17805012	6513.669319224724	3.1180002196861096	9.721925369962626	42427888.00020948	7005.567036594101	11074.793679653714	0.836959	32.826725	0.0115252417	0.0076701999999999985	0.0153696372	-0.0971493117	0.0759915921	0.039760417	0.0396610284	-0.025319227200000002	0.053603853	-0.034347453	-0.0242101086	-0.0741412069	0.0169063738	-0.07046357860000001	0.022890946699999998	-0.061134562300000014	-0.0098129972	0.0814569745	0.0725523532	0.0659913581	0.0210252793	0.09414301650000001	0.09586092560000001	0.11018813220000001	0.002307389	0.0405615062	-0.0561376871	-0.044860348099999996	-0.0263985169	0.08828653210000001	0.0717906769	-0.0355867462	-0.058080723099999995	-0.0446407984	-0.0711596765	-0.0189251757	0.0649149075	-0.0642245958	0.0036635151	-0.060313683099999994	0.056035677199999995	0.0333349388	-0.0421384728	0.045239489699999996	-0.0046983028999999996	0.021787708500000003	0.045409964000000004	0.026420628199999997	0.0715652236	-0.0805077579	-0.025800735699999997	0.0270571654	-0.0861137241	0.0024623778	-0.0871126453	-0.0227619619	0.1473512113	-0.09512584460000001	-0.1312462429	-0.0362582085	0.0544904562	0.0692024668	0.050268546799999994	0.06672808820000001	-0.1280162598	-0.0864122854	-0.0498837106	0.0545786563	-0.0726491438	-0.0164797366	0.138885639	0.0290807469	-0.0325089448	-0.06557172809999999	0.0230597443	0.0716508844	0.0401015486	0.0973940232	0.0320808509	0.022786397799999997	0.1286450914	-0.0487938845	-0.0945200676	0.0198894186	0.0854664007	0.0389328166	-0.1329730079	-0.0425538417	-0.0458478266	-0.0608916275	-0.0428759471	-0.0491631594	0.020485319199999998	-0.0201515822	0.08281958910000001	0.054105682999999995	0.07598233230000001	-0.1600504703	0.0537682825	-0.0118396556	-0.0074226663	0.0085424153	0.0103604621	0.07759218450000001	0.047482693	0.0142758554	-0.031016865499999997	0.0066160823	-0.044488161	-0.10052956269999999	-0.09930834699999999	0.0725271333	-0.0343027269	-0.0238006425	0.046531663099999995	0.09547509970000001	-0.0790722792	0.0574641884	0.11303883710000001	-0.0074372829000000015	-0.0465454551	0.0400826639	0.0513662436	-0.0967134057	0.0012064344999999999	-0.0251844948	0.0508871983	-0.0885140382	0.0598186678	-0.044863581799999996	0.1559652488	0.08828028269999999	0.0717941257	-0.029334365299999998	0.0049740601	-0.0182278666	0.109771525	0.0193082314	0.1194142337	-0.0191356471	-0.1078111506	0.0746708215	0.0308090678	-0.0655532839	-0.0471402199	0.10297902490000001	-0.0128487384	0.1342534939	0.0186439235	0.0349719717	0.0318023381	-0.028493657000000002	-0.037079073	-0.068819964	-0.0389849502	0.0081007326	0.1010892353	-0.10573111980000001	0.0804675042	0.0498701608	0.0577572582	-0.010535871799999999	0.0904352375	-0.0254590056	0.1004805693	0.0232274169	0.0087930209	0.0453838836	-0.0410231947	0.005043936	0.0978149558	0.0334222618	-0.0237381188	0.201097092	-0.0438444471	0.0876939578	0.013672309799999999	0.0347838122	-0.0170063565	0.034069234	0.0423088407	0.044116857	-0.0998582732	0.0080671497	0.012037784199999998	-0.008323218299999999	0.0976309065	0.0158940301	0.0041569833	-0.0117148509	0.0966581881	0.0749688743	0.0423510136	-4.07037e-05	-7.229700000000003e-06	5.2268562090000044e-11	1.65679119369e-09	0.000153148	-0.006955411999999999	4.8377756089744e-05	2.3454309903999998e-08	0.0215835	-0.002123400000000001	0.0004658474722500001	4.508827560000004e-06	0.000434284	0.0	1.88602592656e-07	0.0	0.000255765	4.8783999999999986e-05	6.541573522499998e-08	2.379878655999999e-09	0.0	0.0	0.0	0.0	0.0	0.0	0.0	0.0	0.0	0.0
8525.130100965722	-3.323110141676807	72677843.23839182	11.043061013715247	9982.188942103754	6.129240094642228	37.56758413776986	99644096.07585846	6504.7478224727465	-8.921496751977429	79.59310429554381	42311744.23396394	7000.619918489813	11127.832002580908	0.8884780000000001	34.847393	0.0171334095	0.0104484	-0.0042917111	-0.0770447556	0.0072009425	0.0688500813	0.046240579299999994	0.06298553429999999	0.062239243099999994	-0.0413033773	-0.0241494936	-0.0212809601	-0.0132245071	-0.12296393509999999	0.0678697742	-0.024170289700000003	-0.08030533570000001	0.0144131962	0.0357938751	0.0493123958	-0.0214297444	0.0877657146	0.0321153458	-0.0323034617	-0.0160400454	-0.017454408	-0.038072554700000004	0.005900484300000001	0.010926359299999999	0.0353286747	0.055018934299999996	-0.0741525916	-0.058411644699999994	-0.0320847817	-0.0536358965	0.0452728859	-0.0663437464	-0.1324284094	-0.06723416809999999	0.0407503809	0.0205238435	-0.0667579144	-0.0009975709	0.1103589742	-0.0149857568	0.0363760563	-0.035651015099999996	-0.0472627607	0.0508082556	-0.0490354078	0.0332687723	0.0598307849	-0.055220227000000004	-0.0033230183	-0.0670676748	-0.0554997389	0.106643134	-0.06852725030000001	-0.0970904319	0.072959397	-0.0386078898	0.0178976908	0.1548048163	-0.0513412525	-0.06578250620000001	-0.0619115182	-0.0873516383	0.0345909229	-0.0475234487	0.035896187	0.024809723199999998	-0.0413095704	-0.0046577673	-0.099504704	0.13626705779999998	0.0611802709	0.043714188	0.050532037099999996	0.0246910586	0.09174568050000001	-0.05621315599999999	0.0746177339	-0.061379788	0.0133556502	0.0564542278	0.014693318200000001	0.021253644900000004	0.0410802235	-0.022101836099999998	0.0410184913	0.030456896400000006	0.045414637300000005	0.0894886865	0.0802480871	0.0107714328	0.0462232262	0.070959637	-0.0996750475	-0.0484229342	0.0550620515	0.037085588100000004	-0.0405770145	-0.0088612381	-0.0545661371	0.033660324900000003	-0.0061261561	-0.0569438859	0.061696792	-0.0438792551	0.1254183247	-0.011950682800000001	0.0627523307	-0.1288843103	0.1316147361	0.0090576727	0.0135261599	-0.10808446279999999	-0.013715047099999999	-0.13400901939999998	-0.0711906629	-0.0127401742	-0.0121338122	0.07261120509999999	-0.0188477805	0.0177115388	-0.0483125473	0.06790817910000001	-0.0542878354	0.0364454423	0.012173096599999999	0.11315691	0.09380728140000001	0.0694506517	-0.0674924336	-0.0633653543	0.0088439847	0.10695112609999999	-0.0550651749	0.033054051099999995	0.0062142137	0.0017157320000000002	0.1251918307	0.0101870621	0.056414737	-0.0401593356	-0.0197581437	-0.009775191800000001	0.18694256620000002	-0.0126428131	0.0713798503	0.08996481810000001	0.061627851799999994	-0.0568796958	-0.045913792800000006	0.0527383055	-0.057682970199999996	-0.044720805	-0.0433805017	-0.0803313548	-0.0175180874	-0.0436678275	0.0191878154	0.023460744500000002	0.0043364607	-0.0310072248	0.0610465614	-0.052206332599999995	0.0570612664	0.051581163099999994	-0.047480225099999995	0.030345532400000007	0.0264497584	0.0082762599	0.021017252200000003	0.0879197659	0.0435094318	-0.0051948312	0.112761881	0.0292643946	0.015896618799999998	-0.029411513599999998	0.0726843863	0.0756276389	-0.0187904216	-0.0360007677	0.13182328699999998	0.10119364460000001	0.1322467605	0.0263616585	0.013346731	0.0959769915	0.0724515914	0.0374178302	-2.13222e-05	1.9381500000000007e-05	3.756425422500002e-10	4.546362128399999e-10	-0.00787868	-0.008031828000000001	6.451026102158402e-05	6.207359854240001e-05	0.0180321	-0.003551400000000003	0.00032515663041000003	1.2612441960000022e-05	0.000434284	0.0	1.88602592656e-07	0.0	0.000145149	-0.000110616	2.1068232201e-08	1.2235899455999996e-08	0.0	0.0	0.0	0.0	0.0	0.0	0.0	0.0	0.0	0.0
8509.3185527688	-15.811548196921649	72408502.23249531	250.00505638357623	9975.22721378077	-6.9617283229836175	48.465661243032294	99505157.96655248	6494.882635563732	-9.865186909014485	97.32191274979073	42183500.44974729	6994.292763036368	11128.348234473771	0.8826009999999999	34.616867	0.008632674799999997	0.00601926	-0.0018913196	-0.07967743	-0.0508885041	0.09434051800000001	0.0488427804	0.11490543119999999	0.0726831818	-0.022486017200000003	0.0179957663	-0.1004189487	-0.0061623858	-0.1129869078	0.059777782599999996	0.019495713600000002	0.0792077027	-0.10571630369999999	0.0660422575	0.0725535346	-0.0935883251	-0.027055635800000002	0.11619351300000001	0.0343026941	-0.009600060799999999	-0.0693264667	-0.0503240751	0.0139938516	0.0332987644	0.0537227121	-0.0876814968	-0.0346312687	0.09896555929999999	-0.010332414100000001	-0.14353637689999998	0.0871093807	0.0448976195	0.0136780438	-0.0166945073	-0.0951300193	-0.0429036228	-0.0924521541	-0.1907947023	0.0213026477	0.0335671977	0.0303148426	-0.07910700150000001	-0.0760092448	0.0858814081	-0.036578724300000004	0.042677502199999995	0.022234616800000002	-0.0739685574	-0.045568377599999994	-0.05999584650000001	0.0217551789	0.0808978043	0.0769885509	-0.0644553459	0.0441518336	0.0172542312	0.1621154998	0.0097524164	-0.067007181	-0.044021015700000006	0.0569452291	0.0604993398	-0.0081607996	0.0947628496	0.0542400925	0.0371533474	-0.0327792145	-0.002718523	0.0133134517	-0.0699735371	0.0690826051	-0.0645128452	-0.0319064799	-0.01644318	-0.0048713424	-0.061744922800000004	-0.0904604073	0.0301641423	0.0354945686	-0.0291795038	-0.1152892849	-0.1751777543	0.1182756338	-0.0020880895999999998	-0.006206503	0.0486186971	0.0083652111	0.066378648	0.1691609685	-0.1015134805	0.0554299086	0.1066462812	0.0020547128	0.0337076916	0.0075898013	-0.0498423385	0.0133234	-0.0634603529	-0.0231401821	-0.0558477596	0.0538141008	0.0348566235	-0.0565668343	0.10149375210000001	-0.051562771900000005	0.17394619530000002	-0.0934068965	-0.0112476214	-0.0012408297	0.08060763950000001	0.1242832845	0.077070766	0.0075472343	0.08722552380000001	-0.11115873119999999	-0.0049248862	-0.046627166	0.11000978289999999	-0.0299538855	0.021605863399999998	0.0159296552	0.06334339559999999	0.0138121996	0.0798771571	-0.0187966119	0.0948147276	0.066273259	-0.025589718799999998	-0.0174816418	-0.029720859300000006	-0.0497055636	0.1281865002	0.0892904739	-0.0765089902	-0.0592946901	-0.0500185483	0.0786686919	0.0901006148	0.023746383700000002	0.0472923078	-0.0315116257	-0.082309405	-0.0273546065	-0.0095825165	-0.0601276271	-0.04208948690000002	-0.0159737213	-0.0340965334	-0.0611955774	-0.0325458976	-0.060789850199999995	-0.0002684091	0.0295437844	-0.0132754575	-0.032048147799999996	-0.0592639442	0.0450152863	-0.0274261338	-0.0111923857	-0.1228274892	-0.1128838446	0.0614855951	-0.016316906699999998	0.0286502361	0.08605787880000001	-0.0187591086	0.2265118977	-0.082988651	-0.0604663841	0.0246846268	-0.09961986380000001	0.1707932293	0.06865851440000001	0.021995846200000002	-0.0178833917	0.13874769650000002	0.0205477167	-0.0661034804	-0.0582834181	-0.0280192352	-0.1338216134	0.0004944171	-0.141055848	0.0463054348	0.019211153	0.0952678165	0.0698498331	0.032386496800000004	-1.78174e-05	3.5047999999999978e-06	1.2283623039999982e-11	3.1745974276000003e-10	-0.011112	-0.00323332	1.0454358222399997e-05	0.00012347654400000002	0.0129718	-0.0050603	0.00016826759523999994	2.5606636090000007e-05	0.000434284	0.0	1.88602592656e-07	0.0	0.000138438	-6.710999999999984e-06	1.9165079844e-08	4.503752099999978e-11	0.0	0.0	0.0	0.0	0.0	0.0	0.0	0.0	0.0	0.0
8506.735384802334	-2.5831679664661347	72364546.90704812	6.672756742976787	9970.288395714351	-4.938818066419118	24.39192389318786	99406650.69371626	6494.872952596495	-0.00968296723658568	9.375985450479176e-05	42183374.67036952	6987.309792087621	10842.023028864218	1.000175	39.22831	0.033123991160000005	0.0186539	0.0360799658	-0.1483129537	0.0516271346	0.0193914297	0.0400467952	-0.059004017699999994	0.0389078885	0.00784387	0.016052976899999998	-0.1047225285	0.0957805804	-0.0544660837	0.0079021205	-0.0667088953	-0.0837543112	0.0449096998	-0.0351038965	0.0353184395	-0.09806383	0.0038877104999999997	-0.0050450535	-0.1244364365	-0.0049431453	-0.0410102819	0.0047467366999999995	-0.034275719100000004	0.0456098904	0.0536670304	0.0037123311999999998	-0.13594426699999998	-0.0169006641	0.0129511699	0.0060936035	0.0512093125	0.20654185320000001	0.015034811399999999	-0.1570691762	-0.013626446100000002	-0.0231503429	-0.049881493799999996	-0.075989362	0.0806520008	-0.0518728846	0.0054760323	0.0466553492	-0.0706458737	0.0505273954	-0.11129990349999999	0.0068216302000000005	-0.0550188421	-0.0510992336	-0.021059014700000003	-0.0086716039	0.0108804428	0.0860969998	-0.0010664365	-0.0396319765	0.0066805151	-0.0290632842	0.0636577311	0.0447680024	0.0428510191	-0.0089503375	-0.039553870299999995	0.0742920875	-0.06798958	0.0288767423	-0.033679845699999995	0.0157070935	0.09531156199999999	0.0585233872	0.0181403844	0.0195586955	-0.0656819872	0.062102306600000004	-0.054236383	-0.0056739401	-0.0667445869	-0.10776963769999999	-0.0927637434	0.0693403687	0.0475424072	0.0645517076	0.0497869251	0.0200803806	0.01498024	0.0351626017	0.0914360353	0.0534385835	-0.0709034284	0.0469715539	0.0049446126	-0.0590333862	-0.0487277893	0.0733659539	-0.0419103031	-0.035863710800000004	0.0683729143	0.0166606982	0.09560636439999999	0.0733009942	0.0888780944	-0.09856112380000001	-0.0124699731	0.0460974374	-0.0502962542	-0.162727572	0.0116741417	-0.0246884666	-0.0699040692	0.08980088230000001	-0.0509184015	0.046588167300000004	-0.089749833	0.1078888615	-0.052847726799999994	0.0644081073	0.0010394179	-0.0717203899	0.045969664699999996	0.1146899551	-0.08914368880000001	0.0509368755	0.0392494523	0.024376621	-0.0674781223	0.007000151600000001	0.0182283917	0.0818262383	0.0136854904	0.011562461999999999	-0.0094367429	-0.066556214	-0.0011487752	0.0482939225	0.030956884900000002	-0.0734259653	0.008269423199999999	-0.06928010849999999	0.0152050528	-0.1125459699	-0.0042095858	0.028252356	-0.0394077974	0.0068617758	0.07049142809999999	0.0025347123000000003	-0.0418715647	-0.0541003788	-0.0602987891	0.0021877156	0.1306195668	-0.0659952585	-0.009864422	-0.1102480885	-0.0542991894	-0.0313974202	-0.0046868453	0.0168181788	-0.0573551175	-0.0013264206	0.042845229299999996	-0.09550731359999999	-0.027330821800000002	-0.017378989299999998	0.0479520568	-0.0793743839	0.0636815666	-0.0294754194	0.021112907	0.0415994572	-0.0656112389	-0.018540116000000002	-0.0005265077	0.0483156823	0.0271029474	0.0099084278	-0.060454312	0.067175151	0.09069064240000001	-0.0073565566	0.08972335890000001	-0.0328655326	-0.010869853	0.0095493064	-0.062374692999999995	-0.0038856007	0.0953262272	0.0945308701	0.0671666331	0.0272702111	-7.466239999999998e-06	1.035116e-05	1.0714651334559999e-10	5.57447397376e-11	0.00267139	0.01378339	0.0001899818398921	7.1363245321e-06	0.0237151	0.010743299999999999	0.0005624059680099999	0.00011541849489000002	0.000434284	0.0	1.88602592656e-07	0.0	0.000241023	0.00010258499999999998	5.8092086529e-08	1.0523682224999996e-08	-6.9154e-05	-6.9154e-05	4.7822757159999995e-09	4.7822757159999995e-09	0.0	0.0	0.0	0.0	0.0	0.0
8519.034673571858	12.299288769523628	72573951.76951957	151.27250423613003	9977.187238190754	6.898842476402932	47.59402751422137	99544265.18591644	6496.230080995376	1.3571283988803768	1.841797491047616	42201005.26522919	6986.043924334991	10982.362219194909	0.852833	33.449337	0.015278871359999996	0.00829933	0.020981032599999998	-0.1210934762	0.0703087929	0.022017302000000002	0.045017814100000005	-0.044618841799999996	0.0356847144	-0.0019710618	-0.0260887627	-0.0935007826	0.0005280713	-0.06707270139999999	0.0023316175	-0.0638073148	-0.0151880718	0.0497549067	-0.063735664	0.0129192308	-0.06430461259999999	0.0417184662	-0.028191252799999997	-0.0581647829	0.022740177799999997	0.0460004977	-0.0384632704	-0.015797795700000002	0.0101582223	-0.012712143	-0.036116117	-0.0615333145	0.0783686005	-0.067892898	-0.0340033041	-0.0415407587	0.0046481961	0.0393784788	-0.0667763383	0.0769052783	0.0523485704	-0.0789874034	0.08663224189999999	-0.103976956	-0.0089094621	-0.0138836797	0.0306427959	-0.0551439494	0.0373287729	-0.08876377419999999	-0.0083015508	-0.026035741499999997	-0.0560004625	-0.010265904499999999	0.0540811985	0.06192845740000001	0.1207652699	-0.027779887000000003	-0.0350307418	0.009590062	-0.016440598799999998	-0.0119528732	-0.055289655	0.0781983182	0.017471358500000003	0.0050241317	-0.0423263808	0.015554522099999999	-0.0376397457	0.11004267820000001	0.0103492341	-0.0016063098	-0.0127232673	-0.0842138238	-0.007534605400000002	0.0422589342	-0.016102269199999998	0.0019896428	-0.0567053929	0.0884350526	0.14244767630000002	-0.0027238878	-0.115567564	-0.0168356602	-0.0638856504	0.040514797799999995	0.022254472999999997	0.1678546886	0.0183111608	-0.069724074	0.025524028799999997	0.1409369284	-0.0095973741	-0.051438284800000005	-0.0146972648	-0.011524603100000001	0.11792696539999999	-0.0320159599	-0.0873063649	0.1424412776	0.031141321	0.0411776179	-0.0290052748	0.075469649	-0.0836307669	-0.1949199236	0.0416165211	-0.035990651	0.0778882895	0.07433974759999999	0.0709867417	-0.0408067805	0.077738226	0.0699781538	-0.005989930300000001	0.1224815531	0.0484142778	-0.0690675057	0.0124048276	0.0112873269	-0.019358496200000002	0.020721755300000002	0.0936622001	-0.04437031650000002	0.0657048162	0.0075836283	-0.0095833553	-0.04941838269999999	0.015738766499999998	0.0191613201	0.1386982668	-0.0043460041	-0.0227019	0.0342618117	-0.023057639700000004	0.052647232999999995	0.046548592300000004	-0.0186154112	0.0475821584	-0.039241314	-0.043965981200000004	-0.0693375379	-0.0648778441	-0.0280976866	-0.046643911399999995	0.043141368099999994	-0.011640888600000001	-0.0088090451	-0.08816069900000001	0.0330200893	-0.0221636669	0.090109829	0.1142570466	-0.035750901099999996	0.0186482547	-0.0412787845	0.0522909878	-0.0501594358	-0.10296747070000001	-0.0360867176	-0.0316086998	0.0724873083	-0.0602070228	-0.09438294470000001	-0.11957063720000001	0.08174264190000001	-0.0115712147	0.0251628066	0.10249761519999999	-0.0194191894	0.0957889391	-0.06523156179999999	0.1125294357	0.0211786227	-0.0747856828	0.0318121706	-0.018828366699999998	-0.0022886174	-0.0231486841	-0.027226211299999997	0.1198723078	0.10529440289999999	0.0758485937	-0.0059849562	-0.1444238386	-0.1111806579	-0.006289275	-0.0345354078	-0.1282251304	0.0177753881	0.0937663669	0.06440511980000001	0.022082393399999997	-1.04626e-05	-2.996360000000001e-06	8.978173249600008e-12	1.0946599876000002e-10	-0.0023876	-0.005058989999999999	2.5593379820099994e-05	5.700633759999998e-06	0.020137400000000003	-0.003577699999999996	0.00040551487876000014	1.2799937289999973e-05	0.000545644	0.00011135999999999995	2.97727374736e-07	1.2401049599999992e-08	0.000234181	-6.842000000000013e-06	5.484074076099999e-08	4.6812964000000184e-11	-5.4572299999999986e-05	1.4581700000000006e-05	2.978135927289999e-09	2.126259748900001e-10	0.0	0.0	0.0	0.0	0.0	0.0
8520.211596495747	1.1769229238889238	72594005.64906059	1.3851475687752537	9984.395527744517	7.20828955376237	51.95943829087971	99688154.0544447	6496.803647047457	0.5735660520813326	0.3289780161001659	42208457.62828914	6988.688898559916	11089.537116592544	0.8122399999999999	31.857208	0.01029840509	0.00660443	0.0114627543	-0.0962474106	0.0507183448	0.0300391344	0.0375014952	-0.0363892389	0.0407069505	0.0051146741	-0.0566466419	-0.0713965962	-0.022357969100000003	-0.0704536979	0.028764497400000002	-0.0442673649	0.021698157000000003	0.0835348046	-0.0357932871	-0.0254252514	-0.0600356082	0.049461787	0.0802721471	-0.0008787767	-0.0294780143	0.057004214000000004	-0.024948665099999996	0.0649619654	0.0779377467	-0.0686690777	-0.026713953	0.0189906569	-0.018888659	0.0275816326	0.1354016506	0.022435050499999998	0.1451576654	0.0246176877	0.0211398036	-0.054262888700000005	-0.0318908775	-0.0620708253	-0.0462716286	-0.0369193901	-0.036392798399999995	-0.0067177729	-0.0084451274	-0.0662760614	0.0146270799	-0.0704617562	0.0253234315	-0.032246986400000004	-0.0693374688	0.024632711499999998	0.10772912859999999	0.0817975355	0.1212026132	-0.07829128070000001	0.08784659019999999	-0.08966932650000001	0.0524154509	0.1142187018	0.0290852249	0.09380119529999999	-0.0548164329	-0.0417711994	0.037365566	-0.0195320899	0.016384560700000002	-0.0215696597	0.019674149	-0.057613055199999985	0.08760828679999999	0.0381651641	-0.0374860894	-0.0413610784	0.04406990190000002	-0.08282970519999999	-0.0292829156	0.1501652239	-0.0078374255	-0.0479402605	-0.08606333279999999	-0.0399383379	-0.0498147693	-0.002293964	0.1656633212	-0.068730378	-0.11330132960000001	0.01716272	0.0386990213	0.0904362678	0.061318153	0.019204766499999998	-0.1016567402	-0.1155751909	-0.0776659197	0.0531885883	0.0756181801	0.06868134990000001	-0.0390499425	-0.0196883099	0.0285073444	-0.046848475300000005	0.0267698206	-0.035770393	-0.19098152300000001	-0.0247838992	0.0024525557999999998	-0.030671329	-0.0738828185	0.0242248766	0.1054628753	0.0206952987	0.0445902036	-0.0629713084	0.1437677289	0.11019531140000001	0.0331259001	-0.0050470094	-0.0086427941	0.0073436317000000004	0.0830431764	-0.0225679847	0.08630090509999999	0.0126387297	-0.0324937571	-0.0407615136	-0.0180605941	0.013955859099999999	0.1629477565	-0.0307311236	0.00032986589999999997	0.1036187576	0.0921760863	0.0182483632	-0.013664793	-0.0021258548	-0.0571310295	0.056269767699999994	-0.057240957	0.0260618474	-0.0794980358	-0.0516156551	0.0512208471	0.0865405175	-0.0290751895	0.027535310099999998	-0.006135926999999999	-0.0522709147	-0.04855305769999999	-0.0033233502	0.0047511847	-0.0279293061	-0.0417786708	-0.0018973651	0.0792495254	0.05799220610000001	-0.0830745648	-0.0091951814	-0.12869580419999999	-0.0709783159	-0.0298487373	0.0065174477	-0.0582494219	-0.011089066699999999	-0.1490266011	0.0303812954	-0.0187445106	-0.0708889358	-0.008032332	-0.0526383105	0.1245073523	-0.0864818028	-0.047242596	-0.0126170559	0.1109614597	-0.10442923189999999	-0.0058697896	-0.0639582589	-0.1412863867	-0.0292599124	0.0442726781	0.013699369599999999	0.0026501321000000004	0.0972281017	-0.0593763361	0.0409789906	-0.0106166907	0.1791033014	0.0929745299	0.061568513	0.0168366517	-8.92251e-06	1.5400899999999998e-06	2.3718772081e-12	7.961118470010002e-11	-0.00542557	-0.0030379700000000005	9.229261720900004e-06	2.9436809824900007e-05	0.0194363	-0.0007011000000000031	0.00037776975768999996	4.915412100000044e-07	0.000434284	-0.00011135999999999995	1.88602592656e-07	1.2401049599999992e-08	0.000247052	1.287100000000002e-05	6.103469070399999e-08	1.656626410000005e-10	-6.14972e-05	-6.924900000000005e-06	3.78190560784e-09	4.7954240010000075e-11	0.0	0.0	0.0	0.0	0.0	0.0
8520.960347918293	0.7487514225467748	72606765.25079584	0.560628692765819	9971.13206302756	-13.26346471695615	175.91949629794067	99423474.61833626	6498.671662217226	1.8680151697690237	3.4894806744871936	42232733.37330521	6985.634122536819	11038.149993801035	0.8535749999999999	33.478424	0.00532724169	0.00333304	0.011748243600000001	-0.0998542439	0.0214439396	0.017974435	0.0585286049	-0.087473455	0.0096667497	0.008148623399999999	-0.0051233113	-0.0675804627	0.0571665196	-0.027096037599999998	-0.0156479156	-0.016154224	0.1208992024	0.0137094398	-0.0600754426	-0.0170560975	0.021854097000000003	-0.0163234381	0.0103115798	0.0384545376	0.0594495918	-0.015327192	-0.0421614737	0.1493054753	0.0635928498	-0.05375504	0.135110512	-0.0182945475	0.062093089000000004	-0.08497179630000001	-0.008612808100000001	-0.1612213787	0.0019586443	0.013540976699999999	-0.10614256	0.0969768681	-0.0166965404	-0.0401180437	-0.023919235	0.0660842584	-0.12430157509999999	-0.021619344500000002	0.0542364122	0.0046293843	0.0697176076	-0.0688022878	0.0118023126	-0.12354990769999999	-0.0459694036	-0.017711661899999998	0.0574522221	0.0425772679	0.0595566271	0.0364808488	0.10540578390000001	-0.0392895856	0.0731404843	0.0007527606	-0.0698689705	-0.0384495376	-0.057050953	-0.1046786831	-0.0836875017	0.0190491848	-0.0545545955	-0.0990978949	-0.1013170058	-0.0246269361	0.0941023924	0.0777339514	-0.0682559891	0.052434188099999994	-0.0619685272	-0.0070311464	-0.0691542717	-0.0421053593	0.0521442549	0.1172397358	-0.027029899500000003	0.0412252414	0.0632308605	-0.0493410353	-0.1060029126	-0.0529681773	0.0277862007	0.18152603050000002	-0.0326505681	-0.0659504275	0.1741090749	0.0414066626	0.0946458507	0.0015273367999999999	0.0461550604	-0.1451817116	-0.0696284289	-0.0588475544	-0.0775071736	0.0133044734	-0.0303703117	0.07950170599999999	-0.0513540133	0.0390541843	0.04493095019999999	0.21492320059999998	-0.0157029703	0.0062959873999999996	-0.0574054749	0.0482169069	-0.0799825127	-0.05004902309999999	0.0395284075	0.0663773233	0.0883137725	0.0188816143	-0.0449722905	0.044059189299999996	-0.0202598351	0.022677345499999998	0.0783845508	-0.10004768050000001	0.0278725442	0.0705205071	-0.0041973504	-9.8356e-06	0.0161452012	-0.0037662498	0.024689737799999997	-0.0588052621	-0.06117983480000001	0.110422535	0.08415296380000001	0.11553758730000001	-0.0285759322	0.026930990499999998	0.0105152522	-0.0839500587	0.051623349000000006	0.0948939828	0.0386747164	-0.0258240776	0.059859008	0.1377535693	0.0937693176	0.012120420900000001	0.045469673099999997	-0.013367469299999999	-0.040068907200000003	0.1143630958	0.047179630300000004	0.0219847311	-0.0823602764	0.0412671437	-0.010039904799999999	-0.0047702958	-0.038480589700000005	0.1397082433	-0.009800078299999999	-0.1852810893	0.2221247896	-0.02725887	-0.09405959650000001	-0.044238498499999994	0.029498819199999998	-0.023629007799999997	0.0165144816	0.08507748109999999	-0.1584568656	0.10355174589999999	-0.1158222965	0.0655153934	0.0034909185999999997	0.0316839068	-0.09980523880000004	-0.0872918445	-0.0993942713	-0.0206785066	-0.0444381192	0.0950597747	-0.10705898400000001	0.044578102599999996	0.011195676399999998	0.0808060289	0.045567094	0.0490918956	-0.18218141899999998	-0.0241287196	0.0921555899	0.05866012	0.011546746200000001	-1.28442e-05	-3.921690000000002e-06	1.537965245610001e-11	1.6497347364000004e-10	-0.00298881	0.00243676	5.937799297600001e-06	8.9329852161e-06	0.0216523	0.0022159999999999992	0.00046882209529	4.910655999999997e-06	0.000434284	0.0	1.88602592656e-07	0.0	0.000255643	8.591000000000011e-06	6.5353343449e-08	7.380528100000024e-11	-5.6677e-05	4.820199999999998e-06	3.212282329e-09	2.3234328039999983e-11	0.0	0.0	0.0	0.0	0.0	0.0
8541.750912968213	20.790565049919678	72961508.65919329	432.24759509494163	9976.464219688332	5.332156660771943	28.431894655014602	99529838.32672152	6506.262388038877	7.590725821651176	57.61911849948193	42331450.26200935	6994.2564408650915	11169.335919576311	0.992181	38.91478	0.0143554613	0.00784314	-0.0039487624	-0.06055837450000001	0.0036385284000000004	-0.0095036307	0.0421388871	-0.017380205	0.030146635800000002	-0.0415107959	-0.0156775959	0.0035812660999999997	-0.0677475525	-0.11929461529999999	0.0465750445	-0.0616300242	-0.0272015931	0.0499898159	-0.1341785181	-0.11895604929999999	-0.0465386375	0.0215833556	0.0554919024	0.10213994529999999	0.0669178988	-0.10968729640000001	0.09999711929999999	0.10198896689999999	0.0146218175	-0.0524229265	-0.0835392989	-0.0344858809	0.025068581800000003	0.0138811827	0.0882054902	0.05640174780000001	0.012571688700000002	-0.067267683	-0.009976425799999999	-0.0054531384999999995	-0.0045552095	0.0120425623	-0.0836248731	0.09575902970000001	0.030266074	0.011562015	0.024418971499999997	0.042027028099999995	0.0574002611	-0.1123989453	0.019179283999999998	-0.0424125764	0.027657852799999997	0.040218941	-0.0133258275	0.062246829000000004	-0.004032774	-0.0281092792	-0.1298254299	-0.0445765112	0.064634138	0.013428809199999999	0.0565720988	-0.1830563063	0.0236037579	0.17047812129999998	0.0262617994	0.0489521977	0.056864254100000004	-0.1907866156	0.023809871099999998	0.0184537501	0.015596716100000001	-0.20831362420000002	-0.10664363869999999	-0.0874746131	-0.1408640528	0.0875340058	0.11004909880000001	0.0074008415000000015	-0.0192952298	-0.2154315239	-0.0477280671	0.014358978100000001	-0.1024974738	-0.0021598557000000003	-0.007425320999999999	-0.0630569043	-0.1507842954	0.0861251795	-0.11151024650000001	0.053881736900000005	-0.014837010500000001	0.07633378889999999	-0.0277189055	0.0674974145	0.0602753949	0.17654218579999995	0.047241064299999996	0.0028142387	0.14412099820000002	-0.0678111406	-0.053263842	0.05864353980000001	-0.060281255599999986	-0.1755369237	0.110771546	0.0398052573	0.09672177529999999	-0.0736492609	-0.050150573399999995	-0.0815285573	-0.10906928939999999	0.0078001214	-0.0503038249	0.0190117911	-0.0280298691	-0.0029733278000000003	-0.0489062783	0.0035049928999999996	0.0043400392	-0.006079020500000001	0.0252659586	-0.0849027707	1.58798e-05	-0.06514605849999999	0.0276413097	-0.0966433466	0.0084164801	0.0769849799	0.1304559731	0.0122519121	0.011213240900000001	-0.09812658630000001	-0.1396555944	0.022208528999999998	-0.025525197000000003	-0.0190513052	-0.0752551696	0.0641290105	-0.11363624800000001	0.0005998758	0.1471931929	0.0746833267	0.3083627035	0.06350582860000001	0.0951818869	-0.2366139873	0.0362541895	0.0856875494	0.039098138	-0.0444410286	-0.0609206044	0.0233415629	0.0073708388	-0.0367809964	0.0821301895	0.0223321985	0.156874279	0.0448303036	-0.1490155044	0.1015375191	-0.0216846672	0.0008542638	-0.0011076662	0.0528628203	0.039924410699999996	0.0082827332	-0.029014755899999998	0.007300108100000002	0.1357495204	0.12227062539999999	-0.0386875894	-0.0466611183	-0.2179952241	0.1336591957	-0.0949008206	-0.0617604435	0.0337572959	-0.0485413621	-0.0463422724	-0.11812214609999999	0.08575182710000001	-0.0031140482	-0.1374768974	-0.0321558738	-0.08605711869999999	0.0590327902	0.0946880539	0.0599445704	0.0913097856	0.055683332	0.0062265527000000005	-5.14055e-05	-3.85613e-05	1.48697385769e-09	2.6425254302499997e-09	-0.00913961	-0.0061508000000000005	3.7832340640000005e-05	8.353247095209999e-05	0.0183585	-0.0032937999999999995	0.00033703452225	1.0849118439999997e-05	0.000434284	0.0	1.88602592656e-07	0.0	0.000296412	4.076900000000001e-05	8.7860073744e-08	1.6621113610000012e-09	2.64698e-23	5.6677e-05	7.0065031204e-46	3.212282329e-09	0.0	0.0	0.0	0.0	0.0	0.0
8567.958579835018	26.207666866805088	73409914.2257685	686.8418026014331	9984.935879709636	8.471660021303249	71.76902351654779	99698944.52191284	6515.670667837033	9.40827979815549	88.51572876038071	42453964.25171188	7007.354079085431	11435.962699536874	1.025017	40.202621	0.032870198219999994	0.017069499999999998	-0.01856312	-0.0090731618	0.0231297962	0.0402739196	0.0357240202	0.049095673	0.056687038700000004	-0.0413824494	-0.06424370110000001	-0.0398088206	-0.04127575	-0.0277666317	0.0907954703	-0.0363877173	-0.074868081	-0.0904199624	0.004599631	-0.0490512496	0.0300017417	0.1030981838	0.0690866504	-0.016953365800000002	0.1029656851	-0.0296131198	0.0427917625	0.031399461600000005	0.015971889	0.0870274252	-0.0179264455	0.10352036349999999	0.0730193811	-0.059695649800000014	0.0717303393	0.047351888700000004	-0.0778950533	-0.082423736	-0.0408269438	0.1231070999	0.0243793541	-0.1530654243	0.007196242800000001	-0.0173229507	-0.013708796799999999	0.057955234400000014	-0.0921910612	0.008349978499999999	0.0041942865999999995	-0.0148459647	0.0542862737	0.1360314807	0.0476535961	-0.0788453541	0.0020222608	-0.09518201	0.0861734492	-0.1037592051	0.0107696167	0.0474739291	-0.0178274183	0.0319296125	-0.038902985699999997	0.0676285669	-0.0324060097	0.045060259500000005	0.1228653839	-0.0024618776999999997	-0.1369260135	0.0470922321	0.1144243483	0.0516061326	0.033639427400000005	0.0504778815	-0.0047580421	-0.0258716699	0.0004652718	-0.0751075277	0.0389540879	-0.1254916978	0.0018731078	-0.030214449700000007	0.143243142	0.17338733690000002	0.06550001379999999	0.0868968821	-0.10111704140000001	-0.0828296573	-0.0411845595	-0.0132217402	0.0458700051	0.0783820905	0.0295263808	-0.0083132932	0.1456976238	-0.1184380509	-0.0680772208	0.1405055107	-0.09131170599999999	0.11998622449999999	-0.0575712196	-0.045303269900000005	0.038105977	0.0244307837	0.060416448399999996	-0.08007341	-0.05911549360000001	0.0067590315	0.0824548906	-0.0215970482	-0.1147247092	0.1309065977	0.1219400636	0.0212865553	0.0571667285	-0.010439681999999999	-0.09957410609999999	-0.044220038899999994	0.0147923402	-0.08062472009999999	0.045218143499999995	-0.022848364500000003	0.0085127625	0.0100973257	0.030805801400000006	-0.0761003483	0.040933854900000004	0.0484516654	0.0321605534	0.0102240138	-0.0256083932	0.12949547460000002	0.088735466	0.07854952700000001	-0.1065480297	0.038287182999999995	0.0456992693	0.0048775654	0.08696668199999999	0.0119255302	-0.0832459601	0.0082651564	-0.0924267316	-0.2157583861	-0.11869685460000001	0.058528443099999994	-0.0189381597	-0.0395746108	-0.0534301946	-0.0071062806000000015	0.0154446084	-0.0454238257	-0.0708424238	0.045857679400000004	-0.0972670598	-0.052117251399999995	-0.054721225899999996	-0.0325575978	0.047569346299999996	0.0388777364	0.08654183509999999	0.036293554900000004	0.0642812279	-0.060747759400000004	0.0274208533	-0.047177682199999994	-0.0175125171	-0.019485103700000003	-0.0174484788	0.1717859764	0.038078035	0.008363898199999999	0.0785760806	-0.0857619878	0.042179432999999995	0.0120560542	-0.1487860088	-0.14428460699999998	-0.0571923301	0.046261808499999994	-0.153696071	-0.09761616460000001	0.179166952	-0.1134578158	-0.010498297	0.0910582287	-0.0442456083	-0.0307830589	0.08555123070000001	-0.023100346400000003	0.0904373636	0.052641619699999996	0.0008900264	8.737719999999999e-06	6.014321999999999e-05	3.6172069119684e-09	7.634775079839998e-11	-0.0123217	-0.003182090000000002	1.0125696768100013e-05	0.00015182429089000002	0.00763531	-0.01072319	5.82979587961e-05	0.0001149868037761	0.000339063	-9.5221e-05	1.1496371796900003e-07	9.067038840999998e-09	7.013890000000001e-05	-0.0002262731	4.9194652932100014e-09	5.119951578361001e-08	-5.66014e-05	-5.66014e-05	3.2037184819600004e-09	3.2037184819600004e-09	0.0	0.0	0.0	0.0	0.0	0.0
8570.510002978166	2.5514231431479857	73453641.7111488	6.509760055391147	9987.160427298302	2.22454758866661	4.948611974242429	99743373.4005932	6518.243526087604	2.572858250570789	6.619599577530181	42487498.66538296	7010.717743888412	11471.742730062731	0.8705279999999999	34.143356	0.01790185972	0.008757789999999998	0.00708293	0.0077771531000000015	0.0328980072	0.04596448190000001	0.0274256463	0.0356702713	0.0788536382	-0.0368500849	-0.022165418399999998	0.028929901299999998	0.0266267416	-0.08758282949999999	0.049548244500000005	0.0111065637	-0.12198514880000001	-0.0794088177	0.0334228305	-0.011524217	0.045887324800000004	0.0256605929	0.0495357176	0.0662155707	0.016493622700000002	-0.0196926876	-0.015411783100000001	-0.1410803654	0.0114315483	-0.0716736014	-0.0444057805	0.0558414727	-0.0586225203	-0.1443927864	0.0815605925	-0.0826383516	0.050721715199999996	-0.0062647987	0.12972669539999998	-0.0611345814	0.019356625500000002	-0.06963238320000001	-0.0835359708	0.045080580700000004	0.05745825120000001	0.060964625700000004	-0.0477784752	0.0372891979	0.04362795690000002	-0.048320631399999994	0.01036058	0.0750077995	0.04995227730000002	-0.1052767729	-0.018393366100000003	-0.1617515758	0.060746990599999995	-0.0350579038	-0.0205576417	-0.06493625830000001	0.0351099505	0.0317494669	0.0488312967	-0.09583075220000001	0.0126732268	-0.0182893892	-0.020520439799999998	-0.0767321589	-0.09299044470000001	-0.0139411381	0.0672259524	0.1014970931	0.07265223929999999	0.0817743537	0.065489603	-0.0092203106	0.052881410499999996	-0.0014870259	0.036395703599999996	0.013399028700000001	-0.0037624007	0.1087316743	0.0182324147	-0.0397309667	-0.0002996346	0.0934171241	-0.037900089	-0.0722237278	0.2212149148	0.0588533107	-0.015702351899999998	-0.0426459194	-0.0879360451	0.0274636452	0.0663389663	-0.07745253740000001	-0.0364315635	-0.0244887817	-0.0352849186	-0.12955848	0.028178008799999998	0.0579821872	0.006219441899999999	0.0591080605	-0.07329213700000001	-0.0708319118	0.10599466769999999	0.1102905102	0.0024193927	-0.0221855146	0.0484972486	-0.1175467095	-0.05488943190000002	0.0313470539	6.1697e-05	0.039264901	-0.009412406	-0.0018105681	-0.008613228	-0.06852417549999999	-0.0101699172	3.900899999999999e-06	0.019144818100000002	-0.0632192346	0.0064556195999999995	-0.080334585	0.0419989976	0.0123807001	0.0650624033	0.0331262163	-0.0485535951	0.19100810070000002	0.1154848532	0.0249683275	0.008449959699999999	0.0639143745	0.0119040266	-0.081117045	-0.0398172269	-0.0110547849	0.030447996800000002	0.0026026451000000003	0.08507058210000001	-0.0639029583	-0.1256541373	0.0173466255	0.045459616900000006	0.046189991799999996	0.11661221349999999	-0.057490748200000004	-0.0351043031	0.0496293492	-0.0123661791	0.0812730161	0.0087309708	0.0165567411	0.035207442799999995	-0.020791141000000003	0.06299983599999999	0.0860319997	0.0584593209	-0.0489485395	-0.0145995497	-0.09176779789999999	-0.0092875037	0.054929730700000005	0.0323405232	0.0195379599	-0.09292081769999999	0.08541761880000001	-0.1509149609	-0.1138380972	-0.1031770146	-0.08257093	-0.10763026349999999	-0.0208232351	-0.0803250735	0.049853046799999995	-0.030449277599999998	-0.0362207074	0.1351512648	-0.0137728211	-0.037717353599999996	0.031374986699999996	-0.0085249604	0.0562179384	0.026038392999999996	0.035353418500000004	0.0673244516	-0.0014004996	0.0895385782	0.0495385296	-0.0044488346	-2.2667e-05	-3.140472e-05	9.862564382783997e-10	5.137928889999998e-10	-0.0079467	0.004375000000000002	1.914062500000002e-05	6.315004089e-05	0.00581472	-0.0018205900000000004	3.3810968678399995e-05	3.314547948100002e-06	0.000207815	-0.000131248	4.3187074225e-08	1.7226037504000002e-08	2.4491e-05	-4.5647900000000014e-05	5.99809081e-10	2.0837307744100006e-09	-8.27181e-25	5.66014e-05	6.84228406761e-49	3.2037184819600004e-09	0.0	0.0	0.0	0.0	0.0	0.0
8553.099480797651	-17.410522180514818	73155510.72842105	303.12628259819843	9981.302819835422	-5.857607462879969	34.31156518918711	99626405.98125456	6510.705237346228	-7.538288741375254	56.82579714834491	42389282.68760761	7008.351786187224	11428.486193913526	0.926526	36.339691	0.0144141469	0.00774335	0.013862457199999999	0.0114610423	-0.010389828	0.0654678107	0.0388997	0.10267645289999999	0.059021560199999996	0.016064242700000002	-0.039120900099999995	-0.0055169272	-0.0033334513	-0.0540263229	0.0016897251999999998	-0.0640919818	0.0366972202	-0.11095998509999999	0.0655029664	0.0196059818	-0.1143880145	-0.0323971391	0.0579874231	-0.0558459184	-0.0470891749	0.021018221099999998	0.0766659365	0.07233052150000001	-0.0076916821	0.0494519535	0.0032637521999999996	0.069546124	-0.0140077447	-0.22401468309999997	0.0776656357	0.0468815065	0.0776755694	0.09206981970000001	-0.052648922699999996	-0.0616583833	0.086124152	0.0825202261	0.0308334077	-0.13963697220000001	-0.0096044835	0.059944270599999995	-0.06177016530000001	0.0014886818	0.0723133703	-0.0483628614	0.046819519500000004	0.0142074607	-0.016230424	-0.0582851612	-0.027171621	-0.0726667452	0.06448882709999999	0.11572255769999999	-0.0009511297	-0.0927881226	-0.0160811806	0.007142625	-0.0204119213	-0.0447253025	-0.04576988110000002	0.1444461109	-0.0290023264	-0.0147854859	0.00018424919999999998	-0.0013201016	-0.012958251200000001	0.0770506162	-3.40297e-05	0.009664245	-0.039343508199999995	0.0623308462	0.0857858344	-0.0036882029999999997	-0.0499736026	0.0977562219	0.0636162379	-0.0373715072	0.0636922779	-0.036923082999999995	0.1673425109	0.05165718	0.0550634321	0.0695857587	0.0664757496	0.0391242682	-0.0174734961	0.09574463429999999	0.0027015018	0.0840918647	-0.0496621121	0.1395523648	0.0343044012	-0.0583710282	-0.0937122758	0.0244653796	-0.0594673076	0.0696490463	-0.0610304146	-0.0458680297	0.1256712904	0.10288897960000001	-0.033466374900000005	-0.022674384199999998	-0.020835969399999998	0.0087344454	0.0755857864	-0.0675443932	0.035484808199999995	-0.060171186200000004	-0.034081055	-0.16232848119999999	-0.043855956200000004	0.10413300550000001	-0.15659411550000002	-0.1099943251	0.012984037	-0.0169622622	0.043685592	-0.0577661682	-0.010131932	-0.0263746494	0.045631528899999996	0.0234744465	0.0358123051	0.0145568692	0.056582795899999996	0.1174387915	-0.0569336834	-0.0298800578	0.0163577582	0.027729056800000002	-0.0074616347999999985	0.0668541084	-0.1003074658	-0.0298202812	0.0758658866	-0.06242170480000001	0.0625727034	-0.04613615	0.0512131235	-0.0579291813	0.0485650642	0.024548297400000002	-0.0046360232000000005	0.0274735293	-0.009190936	-0.024662382400000002	0.09411696929999999	-0.06398520049999999	0.1479489236	0.0284045255	0.0132123406	-0.09443732269999999	-0.0263888036	-0.0587186059	-0.0829401374	-0.0794958372	0.045677905	-0.002503267	-0.0636289055	0.1329792016	0.08520045109999999	-0.0367984549	0.0103915167	0.0992275685	-0.015702354499999998	0.013015651999999999	0.1304592769	0.0362363374	0.0946464976	-0.1645954217	-0.034416134	0.11459064640000001	-0.0020011981	0.1728397717	0.0019162647	-0.016439931	-0.0410656212	-0.14289737800000002	0.0820358484	-0.015311997800000001	-0.056895053499999994	0.0109794678	0.0575522442	-0.0549996975	0.0886136913	0.0463776798	-0.0097760258	-1.7713099999999998e-05	4.9539e-06	2.454112521e-11	3.1375391160999986e-10	-0.00210385	0.005842849999999999	3.4138896122499994e-05	4.4261848225e-06	0.00282762	-0.0029871	7.995434864399999e-06	8.92276641e-06	0.000125485	-8.233e-05	1.5746485225e-08	6.778228900000001e-09	-4.76386e-06	-2.9254859999999997e-05	2.2694362099600002e-11	8.558468336196e-10	0.0	8.27181e-25	0.0	6.84228406761e-49	0.0	0.0	0.0	0.0	0.0	0.0
8531.766993898102	-21.33248689954962	72791048.03816906	455.07499731945626	9986.5424796566	5.2396598211780665	27.454035041667762	99731030.6979858	6498.717621741171	-11.987615605057723	143.7029278946235	42233330.72712922	6991.941148795697	11168.126501864172	1.017757	39.917877	0.0226834565	0.013586700000000002	0.0518836825	-0.051694310599999994	0.0209984572	0.0109749057	0.0292618144	-0.0210433589	0.0241501593	0.0380653538	-0.020435405900000002	-0.0556046247	0.0926956219	0.0213142787	-0.049527945	-0.1269931078	0.0118907874	-0.015241773899999997	0.0058814579	-0.1583597037	-0.0984899399	-0.0390489631	-0.070423107	-0.0899512196	-0.1256897776	-0.0167531289	-0.0045730299	-0.076607925	0.061952210099999995	-0.09209063619999999	0.06770990360000001	-0.0674940389	0.0895043557	-0.0726768755	0.32502831050000003	-0.0879930664	-0.0181984825	0.1310554735	-0.0901144484	-0.0503751942	0.023848889100000003	0.0576970883	-0.07762966610000001	0.0096688547	0.05778257940000001	0.0210924217	0.032530097200000004	-0.0012875586999999999	0.0446876363	-0.0626043771	0.007137984300000001	-0.09627056310000001	0.0109118756	-0.0722582073	0.1232661828	-0.0079511362	0.0403692208	0.0469017612	0.1084827792	-0.0645567088	-0.0247162237	0.0170157542	0.047243264400000005	-0.1544967489	0.12024832210000001	-0.0101587679	-0.0380605674	0.0847298119	-0.0432669229	0.10028662320000001	0.041846069	0.06631557	-0.0722992987	0.1137713806	-0.022305667	-0.0229480117	0.0066426359	0.2344651307	0.041183485299999996	0.1280270328	0.09185120769999999	-0.0507059165	0.023743286699999998	-0.0276206618	-0.0532258884	-0.057716092999999996	0.037956667400000005	-0.0042844665	-0.056213100300000006	0.1233920881	0.1182932399	-0.010089122399999999	0.10442863460000001	-0.1039948326	-0.06718733360000001	-0.1041306559	0.064199265	-0.0819930777	0.0108243749	-0.06625630639999999	-0.0601537047	-0.082891374	0.0689941974	0.08792667859999999	0.101107719	0.0229160599	0.22628006309999998	0.0370984264	0.050682655099999994	0.0279287313	0.030743004900000002	0.027995448500000002	0.207804431	0.0252027346	-0.0831831462	-0.0742341328	0.0182344097	0.0310412235	-0.0392660393	-0.0160760416	-0.0179033795	0.0320461643	0.07762211570000001	-0.1064006516	0.0098815906	0.0517546109	-0.0103414187	0.029050792599999996	-0.02589238	0.0617374091	-0.0095176307	0.0284204609	-0.0482980962	0.0691235341	-0.0485313474	0.146324843	-0.06852584269999999	-0.0901461312	-0.1595491312	0.0557229981	-0.0024640505	-0.0470712379	0.14322742089999999	0.10005722859999999	-0.09143243710000001	0.0203499036	0.06884280179999999	-0.0500035238	-0.018119632099999998	-0.0083992341	0.0468968237	-0.0838149934	0.08498613880000001	-0.1157925622	0.07412217780000001	0.0247401395	-0.006628747	-0.0580126339	-0.15440814349999998	0.05359215690000002	0.0140434876	-0.0428389153	-0.0381949932	0.0831195771	-0.1264338924	-0.0135121432	0.0737571789	0.1467250865	-0.18425686230000002	-0.1299678863	0.0950283249	-0.0752747575	-0.0540560829	0.1065146065	-0.0340077013	-0.096255108	-0.12086362310000001	0.0786537025	0.059013265	0.011045789299999999	-0.0356079889	0.0366270604	-0.0066945253	0.1937288888	-0.0785364689	-0.0158452493	-0.0861517028	0.0349454612	0.0017489252	0.0883207818	0.0876629727	0.0431627558	-0.015077573799999999	-2.25696e-05	-4.856500000000003e-06	2.3585592250000032e-11	5.093868441600001e-10	0.00505325	0.0071571	5.122408040999999e-05	2.55353355625e-05	0.00034892800000000003	-0.0024786920000000002	1.2175074918400002e-07	6.143914030863998e-06	-0.000102832	-0.000228317	1.0574420224e-08	5.212865248900001e-08	2.77753e-05	3.253916e-05	7.714672900900002e-10	1.0587969335056e-09	0.0	0.0	0.0	0.0	0.0	0.0	0.0	0.0	0.0	0.0
8532.522546587596	0.7555526894939248	72803941.00802566	0.5708598666015032	9982.498080712434	-4.04439894416646	16.357162819574775	99650267.93142742	6489.6033817529615	-9.114239988209194	83.0693705626715	42114952.05245947	6980.66510520545	11093.810779205007	0.8777319999999998	34.425896	0.0105296374	0.00651628	0.0511149179	-0.07327108339999999	0.0416583889	-0.019906421	0.0384014792	-0.055597711900000006	-0.029445865800000002	-0.0030487460999999998	-0.0848480217	-0.0045236607	0.0614578425	0.034493695	0.0018433689999999999	0.0330220511	-0.0481228897	0.0158384091	0.09406647859999999	-0.0412290424	-0.0035297605	-0.0159638968	0.0060702637	-0.0134478442	0.0515593342	0.0234198725	-0.0568166438	-0.0880829566	0.2237759789	-0.0142318105	0.1092167274	0.0311635028	0.0589532431	-0.038712005699999996	0.0296767681	-0.054948578899999996	-0.059653281399999994	0.0480235171	-0.0207329453	-0.0120821422	0.036900812000000005	-0.0685962664	0.0547420523	0.020212125900000003	-0.0652009135	0.011112471200000001	0.0383173592	-0.0493773361	-0.0669798897	-0.0593612604	0.0174331248	-0.0836167442	0.057625060599999986	-0.11180988859999999	0.001416903	-0.0864547909	-0.042177054699999994	-0.0854448558	-0.052993033200000005	-0.0084786539	-0.0048697917	0.034131583300000004	0.0189396703	-0.061475094	0.023625599100000002	-0.0767305343	-0.07929108509999999	0.0915594659	-0.037748178199999996	0.1341844134	0.0899111217	-0.042546204500000004	-0.058312105	0.0816734487	-0.012255428300000001	0.0229868676	0.002121716	-0.030470776499999998	0.0781262135	0.0871781594	-0.0057936646	-0.046032215700000004	0.089477482	-0.10917203980000001	-0.0401377941	-0.0399501727	0.010780110800000001	0.0656485662	0.0463803831	-0.015220751000000001	0.0338948394	0.064278813	-0.0243813882	0.058071432699999995	0.0853155019	0.0362537739	-0.17191921	0.1368378264	-0.056499243399999996	0.1014719364	0.0392795481	-0.0417792533	0.1259966354	-0.0483809163	0.062135528899999994	0.0455165179	0.09394522429999999	0.1317969139	-0.0475964458	-0.0658811191	0.0747932784	-0.01581475	-0.1415493665	0.0213048156	-0.030147213	0.0389594392	0.0266721711	0.018050171299999997	0.0840495845	0.0171137047	-0.0102113011	0.0605445626	0.0355179958	-0.0418052308	0.0739456445	0.0838422675	-0.0012496862	0.0062731651	-0.0267838798	0.1121836323	-0.062194328499999986	0.0539607884	0.1170144206	-0.0070463892	-0.0209971367	0.0096088702	-0.0005105331	0.021139082000000003	0.0012125047	0.038321553700000004	0.0016990496	0.0007705614	0.1325218034	0.10093245529999999	-0.1584632143	0.0484871853	0.0511344021	0.0187846924	-0.0195691101	-0.0327443692	-0.0156892175	-0.0921208553	0.10037939289999999	-0.0248344043	0.024247323900000003	-0.0478741767	0.1134943918	-0.030010639300000006	-0.0419517072	-0.0188993171	-0.0335923287	-0.0493889343	-0.151437415	-0.0832341068	-0.0053646588	-0.0254516892	0.055493917999999996	-0.0969115806	0.030888557200000007	0.0445880711	0.0207425408	-0.0035225888	-0.0152486219	-0.16072581060000002	0.20071774850000001	-0.0180989255	-0.0324492859	-0.0024865391	0.0144630802	-0.0523941038	0.0181954917	-0.003975633	0.0198628829	0.1870472295	0.18742114140000002	-0.0070124776	0.014147078899999999	-0.0029147209000000003	0.0507851502	0.0901428091	0.08668669949999999	0.039897505800000004	-0.020339572099999998	-3.4735e-05	-1.2165399999999995e-05	1.479969571599999e-10	1.206520225e-09	0.00505911	5.86000000000076e-06	3.4339600000008914e-11	2.55945939921e-05	0.00350949	0.003160562	1.23165200601e-05	9.989152155844e-06	-5.872270000000001e-05	4.41093e-05	3.4483554952900006e-09	1.94563034649e-09	0.00013068700000000002	0.0001029117	1.7079091969000003e-08	1.0590817996890005e-08	0.0	0.0	0.0	0.0	0.0	0.0	0.0	0.0	0.0	0.0
8539.090590253474	6.5680436658785775	72916068.10855542	43.13919759688768	9983.258252972475	0.7601722600411449	0.5778618649360621	99665445.34554304	6485.643967488878	-3.9594142640835344	15.676961314628155	42063577.67302487	6975.294341886709	11198.65759504386	0.867669	34.031242	0.0061638604	0.00404615	0.0386491564	-0.0581217715	0.0587809845	-0.0145133869	0.02124868	-0.0405872091	-0.08658384470000001	-0.1119047795	-0.0809346724	-0.0519138204	0.009933295699999999	-0.0202741375	0.0966729689	0.0571621183	0.024486315699999997	0.0431827656	0.0775112258	-0.0738391306	-0.0335314002	-0.11117411449999999	0.036580431000000004	-0.1274640634	0.0141840905	0.1318909976	-0.1303079748	0.0142160816	0.0080378123	-0.0313369317	0.032453403900000004	0.0386755697	-0.0302896024	0.08696568539999999	0.0504426625	-0.0818787262	-0.10612335789999999	-0.0058607343999999995	0.014972993300000001	-0.0006417969	0.0730925997	0.1290502831	0.0927353359	0.10051356789999999	0.0707559576	-0.0104918542	0.016865808899999998	-0.1229259244	-0.12450629099999999	-0.034603556699999996	-0.0459117705	-0.0678900964	0.0987910942	-0.1473212241	-0.050536508099999995	0.014361403600000001	0.027999218500000003	0.0055495624	0.028898175099999996	-0.025313182099999998	0.07801743309999999	0.0793201537	-0.0007895001	-0.08755467539999999	-0.0168837478	0.0659760399	-0.0051579193	-0.0590195388	0.0016541213	0.0553373384	0.0826069682	0.053927407999999996	0.0754649688	-0.06192418490000001	0.0664589849	0.021851659199999998	-0.0651460735	0.0340434242	0.1139640282	0.0426669599	0.10981640349999999	-0.0768724836	-0.0010917611	0.0236196535	0.0239580531	-0.0008822977	-0.0372419154	-0.0086797775	0.06379022599999999	-0.0726242698	-0.051047669500000004	0.1462764123	0.0474811224	-0.0071001611	0.0263056471	-0.052443435	-0.0763554151	-0.022934381	0.1093996138	-0.0659426592	-0.0239655067	-0.0338267513	-0.0533303188	0.1517312401	0.015250561000000001	0.011043079099999999	-0.1009468959	-0.1067547055	0.0975490435	0.0693673988	-0.09178108880000001	-0.0363729284	0.0227753627	-0.002603776	0.07511200679999999	-0.1374221835	-0.1514294159	-0.09563456990000001	-0.06449061980000001	0.031075892200000007	0.013888248	0.042504487699999996	-0.0114758798	0.0549802801	0.1392637398	0.12029260650000001	0.0438960945	-0.013828528799999998	0.06922761919999999	0.1532623364	-0.0391950779	0.0254778029	0.0007546995	-0.0091184585	0.0077633235	0.0047601966	0.0646245336	0.021967915299999998	-0.1072382168	0.0084143819	0.0041113494	0.0035122813	0.070768746	-0.08411447279999999	-0.0334276816	0.008360573199999999	-0.08880001960000003	-0.0192791156	0.0823794458	0.0609024362	0.0062659003	0.014430243	0.050300391500000007	0.0541076391	0.0237952125	-0.0706242994	0.136799594	-0.08616513630000001	0.048733505	-0.025949758	-0.0168209527	0.0640031202	-0.0011482621	0.001770643	0.04618116	0.0111621162	0.030399887599999998	0.0061817354	0.037496808	0.014491978	0.0213701588	-0.056048183499999994	-0.0315842967	-0.0139825573	0.053854381900000005	0.1159245549	0.0331323177	0.08226223440000001	-0.1041885225	0.114617764	-0.1120450568	-0.0981984406	0.0518263636	0.0523638394	-0.043681230999999994	0.0204883054	-0.053780924400000006	0.0589012363	0.0516241817	-0.0808434239	0.08568515619999999	0.0365857372	-0.025548217999999998	-3.05546e-05	4.180399999999998e-06	1.7475744159999985e-11	9.3358358116e-10	0.0050568	-2.310000000000159e-06	5.336100000000735e-12	2.5571226239999997e-05	0.00108126	-0.00242823	1.1691231875999997e-06	5.8963009329e-06	-7.12659e-05	-1.2543199999999992e-05	5.07882850281e-09	1.573318662399998e-10	6.86474e-05	-6.203960000000002e-05	4.71246552676e-09	3.848911968160003e-09	0.0	0.0	0.0	0.0	0.0	0.0	0.0	0.0	0.0	0.0
8546.08706262853	6.996472375056328	73035604.08202675	48.950625694926345	9964.159234976225	-19.099017996250037	364.7724884210828	99284469.259962	6480.118933900468	-5.525033588410223	30.52599615306116	41991941.39749534	6967.272934253434	11266.298416644122	0.852349	33.430347	0.0117204347	0.00697672	0.0342255858	-0.04267221190000002	0.06171373030000001	-0.0156343373	0.043942681799999994	-0.0375531804	-0.0507064329	-0.1590311294	-0.0630768751	-0.0806434537	-0.0357884246	0.0340210472	-0.0191465754	0.0371146198	0.06606597110000001	0.066658695	0.0763696446	-0.0548767046	-0.0696481733	-0.09379147130000001	0.10628607109999999	-0.0960204277	-0.0595115941	0.0405947835	-0.057036993700000004	0.0441273085	-0.0083646473	-0.0091754134	0.1554945839	0.1488617276	0.0548406125	-0.10901925109999999	0.0621528133	0.11792928400000001	-0.05687224110000001	-0.0638546062	-0.0282213829	-0.0445146704	0.0055949824	-0.0886508325	0.0092866314	0.0086876848	0.037688593	-0.035689710699999995	0.0337497778	-0.13867247789999998	-0.11981931330000001	-0.08371505	-0.0332065754	0.0388363502	0.13711341130000002	-0.042652024000000004	-0.030845357099999998	0.034041226699999996	0.051847301299999995	-0.0291228689	0.0574378361	-0.00033011550000000003	-0.0741003808	0.2180497914	-0.0014272822	0.0009303533	0.0046501605	0.0374108219	-0.0223155019	0.0571253847	-0.0325532953	0.0749943552	-0.0854573528	-0.10271242970000001	0.0209870581	-0.0318472141	-0.0112614306	0.0709537298	0.0946219167	0.061888524199999996	0.0702070427	-0.1123933656	-0.1399784168	0.0074311367	-0.034682333100000004	-0.04945311610000002	0.0860570485	0.014267537	-0.0740065835	-0.009948277	0.0624159334	-0.0860941055	0.0294644841	0.0473926515	-0.0073991894	0.1737604121	-0.027402619700000002	0.0532007487	-0.023856552000000003	0.041974142699999994	-0.0605665637	0.0782985404	0.061101021299999995	-0.11832702980000001	-0.0701743014	-0.0399015508	0.04788777599999999	0.10992862240000001	-0.0200827337	0.0071769854000000004	-0.15371758060000001	0.11963930560000001	0.0162558451	0.0288431531	0.1028713418	-0.0640225235	0.0241397111	0.15225886130000002	-0.046684912800000006	0.0104120793	0.0151887787	0.056531291399999996	0.0037008458	0.0317205556	-0.0160178329	0.0752673485	0.1990357177	0.0463680888	0.0764774936	-0.0090825513	0.0635467287	0.12256215720000001	-0.0008386458999999999	0.0019860082	-0.025992689399999998	0.0933761325	-0.054467373	-0.10258868189999999	0.0151517997	0.0964146963	-0.1467287099	0.0219062444	0.0424100862	0.0172707195	-0.025097258100000002	0.0014407280999999999	-0.1021249943	0.0734791894	-0.0067915848	0.0109280308	0.10189480880000001	-0.0221985341	0.0314795259	0.058199087300000014	-0.2012813372	-0.1694459409	-0.000942758	0.0526758845	-0.0125079752	-0.10363323470000001	0.057424405199999994	-0.0577816158	-0.0493619245	-0.061907246799999996	-0.057353716299999996	-0.0533895774	-0.0667243385	0.0761222455	0.0708402663	-0.0168963631	0.06268076759999999	0.007724526	-0.0307488596	0.2230303239	0.011680808	-0.0247562981	0.0696079941	-0.010471623900000001	-0.0537602664	0.1124419474	-0.017707021599999997	0.0630843272	-0.0521941826	0.005251269100000001	0.1095097144	-0.0499585267	0.06724201490000001	0.0090743504	0.12042886369999999	-0.0138271776	-0.0156994323	0.0184773767	0.0846586349	0.0332313112	-0.0306898489	-2.49019e-05	5.652700000000002e-06	3.195301729000001e-11	6.2010462361e-10	-0.000909258	-0.005966058000000001	3.5593848059363995e-05	8.26750110564e-07	0.000613226	-0.0004680339999999999	3.7604612707600005e-07	2.190558251559999e-07	-1.12299e-05	6.0036000000000006e-05	1.2611065401000001e-10	3.604321296e-09	2.30696e-05	-4.55778e-05	5.3220644416e-10	2.07733585284e-09	0.0	0.0	0.0	0.0	0.0	0.0	0.0	0.0	0.0	0.0
8570.526996646167	24.439934017636915	73453933.00024077	597.3103747864461	9969.045042476742	4.8858075005173305	23.871114932111407	99381859.05893011	6490.521201050125	10.402267149656836	108.20716185282976	42126865.46128115	6973.481214527287	11441.875168229695	0.8516940000000001	33.404648	0.0101249664	0.00626794	0.0216497714	0.0026050285	0.0516954403	-0.0161413291	0.028416372000000002	-0.0300705358	0.0403113642	-0.19576223739999998	-0.0637210651	0.00802883	-0.019734531200000002	0.12152133119999999	-0.0665292474	0.0275992806	0.014831445	-0.0167684744	-0.0605688395	-0.0792305163	-0.0541230267	-0.0335280233	0.0692970787	-0.11414009300000001	-0.006587595999999999	0.016586103	0.0197629531	-0.0570440093	-0.07881622519999999	0.1106870869	-0.0736757013	0.1182185895	0.0097806326	0.0350787748	0.051314906699999996	-0.0563693611	-0.0742173917	-0.12470807390000001	-0.0161677383	0.0450885647	0.0125581357	0.133736371	-0.1024441221	-0.0162308104	-0.0918476759	-0.0240905766	0.009804042800000001	-0.0981288004	-0.1268615847	-0.034610548	-0.0190859901	0.09882486539999999	0.1573266608	-0.021087379700000002	0.0486068234	0.043305179900000004	0.005600507199999999	0.031802984900000004	-0.0209389069	-0.0417228337	-0.0270555399	0.1556048329	-0.084674032	0.031201822799999997	-0.0134708373	-0.0216019006	0.0325566696	0.031742920200000004	0.0536576483	0.11109265509999999	0.0218364129	0.0760653337	0.0606516585	-0.0465302495	-0.0548647067	-0.11577124220000001	0.0015740942000000001	-0.0873026892	0.020762172199999998	-0.0651161865	0.1419497667	0.08605034560000001	-0.1141480362	-0.0679384787	0.049511929	0.013265353300000001	-0.08308475559999999	0.0496541829	-0.09259772220000001	-0.17853483399999998	-0.0702450736	0.0113894329	0.0667625407	-0.0185006724	-0.0273542536	-0.1342414034	0.061254732199999995	-0.0531884439	-0.0565504988	0.0500166309	-0.0151131841	0.0762209885	-0.081025456	-0.0419676428	-0.0146171506	0.11880556449999999	0.026487458	0.0109755686	0.09116168699999999	0.082987888	0.0366214077	-0.0029385111	-0.09442828560000001	-0.0462031535	0.0050641905	-0.038254780099999997	0.016083368	-0.0156292782	-0.0622303649	0.0474379613	0.029674923199999998	0.0274839923	-0.0279539103	0.1076756935	0.2015801596	-0.0463929037	0.0444088657	0.061519906	0.0308078738	0.0727251533	-0.040672974	-0.0071943597999999985	-0.0413732081	0.045174709	-0.0629538081	-0.0715944718	-0.0295971023	0.1279359863	-0.1213604471	-0.0943384282	-0.1008215568	-0.0602956064	-0.053738807	-0.022648206400000002	-0.0337325301	0.10473771300000001	-0.1316707627	0.0131620451	-0.049556334	0.1651610115	-0.07675900570000001	0.0166863833	-0.0467203134	-0.052105665499999995	0.0753454121	0.0842626354	-0.0041325065999999995	0.0906964493	0.0424822739	0.0614676776	0.023008882999999997	-0.0180352182	-0.08034914650000001	-0.2283264175	-0.0103305605	-0.0275140113	-0.06193033570000001	0.052068837699999995	0.0082245563	0.0231591873	-0.022181545299999997	-0.0639010716	0.0453114876	0.1331223152	-0.0165296236	0.0027225472999999997	0.0338290836	0.0091733938	0.0750271495	-0.0225736538	-0.028014467799999998	-0.0460597933	-0.108399938	-0.0267323299	0.0462103367	0.032130984700000004	-0.012356488799999999	-0.030406430099999996	-0.0024798969	-0.0738088675	0.0836074347	0.0298381391	-0.0357509779	-2.16134e-05	3.2884999999999974e-06	1.0814232249999985e-11	4.671390595599999e-10	-0.00119346	-0.00028420199999999984	8.077077680399994e-08	1.4243467715999996e-06	0.00459298	0.003979754	2.10954652804e-05	1.5838441900516006e-05	8.334169999999998e-05	9.45716e-05	6.945838958889997e-09	8.943787526559998e-09	4.867620000000001e-07	-2.2582838e-05	2.369372446440001e-13	5.09984572134244e-10	0.0	0.0	0.0	0.0	0.0	0.0	0.0	0.0	0.0	0.0
8601.673367375657	31.146370729489718	73988784.71901968	970.0964096188138	9973.757001584609	4.711959107866278	22.202558634203967	99475828.726658	6500.8926952636875	10.371494213562984	107.56789222197042	42261605.83533277	6984.818123505202	11685.79003917566	0.8768709999999998	34.392143	0.013492455	0.00919491	0.0138313402	0.0664152943	0.0603994593	-0.0003455668	0.0297338808	-0.0273332648	0.0727587237	-0.1689798263	-0.0664175907	0.045984702999999995	-0.0484191472	0.1257777195	0.0207418646	0.0086782478	-0.04714696610000002	-0.0509109317	-0.0082259537	-0.13141011060000002	-0.011853216599999999	-0.11526426640000001	0.0608123546	-0.0347548646	0.0014352342000000001	-0.0561854466	-0.0481034303	0.0072057275	-0.041440025	-0.058816567699999996	-0.0084737522	0.028991942200000002	0.1317765716	0.0858821367	-0.048836966600000004	-0.10979832070000001	0.0070322247	-0.11701732289999996	-0.0176962047	-0.053444775800000004	-0.012584406599999999	-0.047209105999999994	-0.0512420654	-0.14928790449999998	-0.10324081199999999	0.017070056200000003	-0.0264636558	-0.0628786632	-0.08500699689999999	-0.005162031599999999	-0.010242738199999999	0.15379896939999999	0.17228328829999998	0.037256154300000004	0.0327630208	-0.0349591833	-0.022200297799999998	-0.0229178864	0.0846319476	-0.07548881980000001	-0.0624923621	0.037425931600000004	0.0675251627	-0.010821763799999998	0.1078260767	0.0040716076	0.033363559300000005	-0.0263905888	0.0686149792	0.104683865	0.0676308829	-0.0093462111	0.1215342384	-0.0157547815	0.028259451499999998	0.048753278	0.0959331393	0.0476170287	-0.083983389	0.0217232744	-0.011440164899999999	-0.008630888199999999	0.0379078037	0.1012784677	0.08773503960000001	0.0998821942	0.0364392036	0.0378730991	-0.13177411460000002	-0.0062042969	-0.06353006	0.013705806000000001	0.1093017389	-0.1030262557	0.026389381200000003	0.0163829778	0.0401067998	0.0829068087	0.018307575700000002	-0.0403183928	-0.13809285429999998	0.0478401718	-0.0581491002	-0.0782624285	0.0604723734	-0.0679354022	0.13784648089999998	0.0096921644	-0.0275777083	-0.045787970899999995	-0.12995838699999998	-0.1037832774	-0.058216479	0.06706060000000001	0.0216343062	-0.0305672544	0.0613116002	-0.005914329100000001	0.0437219559	0.0194554883	0.057548709	0.022123346699999998	-0.030125951800000002	0.10658708480000001	0.15721064369999999	-0.1402053191	0.0456727434	0.0318281323	0.0031735404	0.038255241	-0.1105115659	0.0184422225	0.0047218423	0.0135219488	-0.025161483999999998	0.0202618078	-0.049024269599999996	-0.0178379821	-0.15154268710000002	-0.0464259153	-0.0158483882	-0.08702443019999999	-0.0776090889	-0.0013212339	-0.0001411034	0.0417389774	-0.178682705	0.0481284261	-0.0343304059	0.0372687649	-0.0117099382	-0.0728171648	-0.0717942622	-0.0904290653	-0.017315048899999998	-0.1351118383	-0.0809060003	-0.0860727833	-0.0614570297	0.0562464201	-0.0184698103	0.0374035551	0.1301410147	-0.0142790201	-0.0036602052	0.015292618700000003	0.022667054500000002	0.0145323525	-0.0143914174	0.0514320766	0.0066316841	-0.0552180797	0.10953220039999999	-0.0335595979	-0.10336733529999999	-0.19041348079999998	0.0029225377	-0.0940249647	-0.019292528700000002	0.0306307955	-0.0607840817	-0.0264906631	-0.1212371307	0.0742116204	0.0176008972	-0.0963249367	-0.015133466200000001	-0.0170133683	-0.059397659400000004	0.009595996899999999	0.082531862	0.0264101769	-0.0407183291	-2.16134e-05	0.0	0.0	4.671390595599999e-10	-0.00637677	-0.00518331	2.68667025561e-05	4.06631956329e-05	0.00515976	0.0005667800000000003	2.66231232576e-05	3.2123956840000025e-07	0.000238189	0.00015484730000000002	5.6733999721000003e-08	2.397768631729001e-08	4.867620000000001e-07	0.0	2.369372446440001e-13	0.0	0.0	0.0	0.0	0.0	0.0	0.0	0.0	0.0	0.0	0.0
8620.965858120726	19.29249074506879	74321052.32688323	372.20019914856493	9987.7540068792	13.997005294591872	195.9161572168329	99755230.10193153	6517.437394694066	16.544699430378387	273.72707924156293	42476990.19375657	7004.3723366243175	11956.80879637959	0.964026	37.810467	0.04314045	0.0387973	-0.0010950773	0.1395819232	-0.0057930790000000005	0.054471124800000006	0.0152321066	0.0739936145	0.12823305710000002	-0.0928812453	-0.09384713039999999	0.0337257606	-0.0734494465	0.0707178401	0.0869260998	0.0009796277	-0.0712881868	-0.1643416205	0.0296347873	-0.1426894182	0.10872890029999999	-0.010745832700000001	-0.0321916235	0.0077234053000000006	-0.0187416877	0.0407416392	0.1112085839	0.016828101	0.0089341187	-0.0412727225	-0.024128464199999998	0.04808752	-0.0319807623	0.0649878645	0.0435913608	-0.0359633465	0.051252990899999996	0.040704669	-0.0010695595	-0.1576250443	-0.0197194737	0.0846432523	0.0173021961	0.031015436099999998	0.010313910400000001	0.0717255634	-0.1083586297	0.0027521155	-0.025435244500000002	-0.0061632886	0.0124817012	0.1478146018	0.1541217378	-0.0338593422	0.006315357099999999	-0.17308933079999994	-0.013597386000000001	-0.0119568525	0.1014662565	-0.0208891901	0.0296647337	-0.0284861423	0.0746722485	-0.039454682799999995	0.011181922	0.10558923740000001	-0.1290764509	-0.0702284837	0.027788982200000003	0.0416226744	0.0402527757	0.026458907599999998	-0.0774117981	0.0284976139	0.012574836	-0.0120592526	-0.0432882572	0.0723004394	0.005948860899999999	-0.0554130255	0.012828764099999999	-0.041840302999999995	-0.1209880525	-0.0567866883	-0.0040342747	-0.0062208594	0.0019737459	0.0357094876	-0.046962055700000005	-0.0214529534	0.0212189221	-0.17437150629999998	0.0008260144	0.0601517009	0.0504180991	0.07241114400000001	-0.0990662684	-0.0132981375	-0.0956772102	-0.0496173772	-0.070562894	0.0629196336	-0.1015351899	-0.0346568944	0.03113712	-0.0969724592	-0.0455979019	-0.053870542699999996	0.0487261619	-0.0424989507	0.1026747849	0.0010934025	-0.017059343799999998	-0.10682516939999999	-0.1321798385	0.0789847305	0.09461892150000001	0.1552847702	-0.052325566799999994	-0.0751152618	0.0771901564	-0.0189546729	-0.0074939896999999984	0.0796387512	0.0700772113	-0.1616176789	0.0258900835	0.047717509000000005	0.0327282568	0.026032079399999998	-0.1418335483	0.1719548273	-0.012770406000000002	0.0220685648	0.0426786129	0.046689221600000004	-0.0174871664	-0.1065851254	-0.042479469400000004	0.052539326500000004	0.05589255059999999	0.0104618982	0.1090187593	-0.0406708165	-0.0619329458	-0.162103696	0.022900181600000003	0.0114345943	-0.0184424085	0.0322303452	0.0355844331	0.0024718568	-0.09410174939999999	0.015424471399999999	-0.054648779	0.049449899400000004	0.0640543951	-0.01401785	0.08975534289999999	-0.0050992136	-0.06294692589999999	-0.057075645099999996	-0.014444509099999999	-0.0810147277	0.0431528333	-0.0082512528	-0.0285285908	0.0012134417	-0.0634139599	0.0259653623	-0.0123383411	-0.0210071371	-0.015643907	0.0236143777	-0.019017438799999998	-0.0356596477	-0.0303135652	-0.1381134788	0.1401197102	-0.1100537734	0.021208639300000002	0.0397971158	-0.0830556771	-0.0427779958	-0.0700304305	-0.17085112149999998	-0.0533283878	0.054710694299999994	-0.1340255656	0.090391599	0.0814322305	0.0229514217	-0.0455788729	-2.16134e-05	0.0	0.0	4.671390595599999e-10	-0.0446435	-0.03826673	0.0014643426248929	0.00199304209225	0.00533273	0.00017296999999999972	2.84380092529e-05	2.9918620899999905e-08	0.000144174	-9.4015e-05	2.0786142276e-08	8.838820225e-09	4.867620000000001e-07	0.0	2.369372446440001e-13	0.0	0.0	0.0	0.0	0.0	0.0	0.0	0.0	0.0	0.0	0.0
8611.316575387531	-9.649282733194923	74154773.16154404	93.10865726513369	9980.903211794468	-6.850795084732454	46.933393292994346	99618428.92320912	6526.157419351901	8.720024657834983	76.03883003325012	42590730.66216186	7011.029364878294	11824.024640178965	0.999777	39.212677	0.0600505708	0.0434265	0.0322261305	0.1036134968	0.0342864805	0.0318682396	0.0156164226	-0.006197256999999999	0.11061227050000001	-0.0678463369	-0.04445963	0.0081687431	0.0151746437	0.0472343262	0.059954664299999995	-0.11460004619999999	-0.08240885839999999	-0.1536991705	0.102253396	-0.0461845244	0.08881360449999999	-0.021239208	-0.0041843384	-0.09042263769999999	-0.13324778140000001	-0.061814420700000004	0.0537616854	0.1330014027	0.0100775762	0.002822105	-0.04694338	0.07039926769999999	-0.0213872273	-0.1244217442	-0.09836047560000001	0.033169521	0.0705199529	0.0232964218	-0.0446118057	-0.0064716479	-0.012717104299999999	-0.0359900916	0.0289830815	-0.0285519152	0.1715812263	0.0601143499	0.0070909004	0.09250812539999999	0.00996148	-0.06443191599999999	0.0382711914	0.0594020212	0.0624393363	-0.0815042307	0.021512078100000002	-0.1673354441	0.027831047299999998	0.0536620654	0.1061787772	-0.0025641460000000002	0.08063466379999999	-0.035344365499999995	-0.023307166600000002	-0.0171917137	-0.0798042674	-0.0360766481	0.0729030665	0.039933775899999996	0.0018650791	-0.0853943079	0.043496554400000005	-0.0212655863	-0.0558317959	0.1174868616	0.0072444125	-0.0297140833	-0.0231260754	0.0314859295	0.043349945	-0.0310238327	-0.0431885956	-0.0170286629	-0.1082309627	-0.0527290799	-0.0059387214	-0.1071802441	-0.081205422	-0.019610776599999998	0.0293197496	0.042838293300000004	0.0431333629	-0.034940691	-0.0830628797	0.0053940903	0.0776999932	0.1137663702	0.025873823100000002	0.006538448100000001	-0.09116104050000001	0.0837616096	0.021231115099999996	0.0706811588	0.0884120375	0.1200063817	-0.018999153	0.0109845168	-0.112876868	-0.1025441524	0.10723821800000001	-0.0394629376	-0.0316326401	0.0561275886	0.051910848200000005	0.006108764	0.0608364886	0.20086480850000002	0.0291045286	-0.0082504741	-0.0167444144	-0.022817973199999998	0.0049512401000000004	0.0389492177	0.0077204956	-0.0892911882	0.006763257	-0.08844847210000001	0.008400811	0.0586240237	-0.0074047175	-0.0102830344	-0.132298434	0.2080317047	-0.0433118234	0.0413644124	0.037778721800000005	0.0730111368	0.0019339955	-0.0098992903	-0.0030943603999999997	0.053123385099999997	-0.0118375924	0.0474788478	0.0682642675	-0.0648841249	0.0280786136	-0.0673241391	0.0176501256	-0.0159556065	0.1051473899	-0.0707068505	-0.0343874225	-0.0313122694	-0.0314542111	0.046900179900000005	-0.12319514640000001	0.09898971029999999	0.0680461354	0.0224096803	0.0089982736	0.0248162235	0.007775885	-0.0404447724	0.008162961	0.0639809842	-0.0707748699	-0.015352572	-0.0781948886	-0.0204054554	0.0788908434	-0.0436134272	0.0378710756	-0.0029399749	0.0005170941	0.0673118739	0.053458936900000004	0.1551966341	-0.0775619746	-0.0943601036	0.1064351618	0.0084496416	0.0020502053	0.1730806339	0.0435807684	-0.0985238905	0.0762680469	-0.0634503481	-0.013868955300000001	-0.0424219999	-0.049432310199999996	0.023759275099999998	0.0803088607	0.0194659062	-0.0503198596	-2.58768e-05	-4.263399999999997e-06	1.8176579559999977e-11	6.696087782399999e-10	-0.00222101	0.04242249	0.0017996676578001	4.932885420099999e-06	-0.00243797	-0.007770699999999999	5.9436977208999985e-06	6.038377849e-05	5.82379e-06	-0.00013835021	3.3916529964100004e-11	1.9140780607044097e-08	5.91989e-05	5.871213800000001e-05	3.50450976121e-09	3.4471151485310444e-09	0.0	0.0	0.0	0.0	0.0	0.0	0.0	0.0	0.0	0.0
8618.875487301146	7.558911913614793	74285014.66560057	57.137149317787646	9983.256998205741	2.353786411271358	5.540310469885697	99665420.29222389	6523.90441308217	-2.2530062697305766	5.076037251445288	42561328.791033015	7006.139064499619	11826.24146938946	0.8944030000000001	35.079769	0.0069180890000000005	0.00457982	0.0256882134	0.1056347383	0.0450804749	0.0077036456000000005	0.017487663799999997	-0.0163946214	0.084713433	0.0005953196	-0.0446025383	0.0091832951	0.004734279	-0.052852728099999996	-0.0249855755	-0.10663181740000001	-0.0341175598	-0.0950724476	0.0663672484	-0.0534219751	0.0922514631	0.043992709500000005	-0.1095439499	0.027479115800000002	-0.0271687379	-0.0506216242	0.0349737292	-0.0235986326	0.0191307727	-0.0091777109	-0.1028657333	0.0094154999	-0.0231329535	0.09972791439999999	0.049007176900000005	0.06904857860000001	-0.053071942999999996	0.143338783	-0.0324889249	0.0688926495	0.0685774175	-0.13585634060000001	-0.0506574308	0.0723733586	0.0267137142	0.0813719296	0.0049641975	0.0895049803	0.0195265214	-0.046508183099999996	0.0132887837	0.0053783673999999995	0.075196076	-0.0378914398	0.0668509546	-0.1286478942	0.0726900464	0.0740298326	0.027122050099999996	-0.0204650335	0.018268517800000002	-0.0586576007	0.0909597064	-0.061733369	0.0793131465	0.0148568376	-0.0068680668	0.0086525998	-0.0419289958	-0.1170945315	0.0536416532	-0.0263569065	-0.0477954768	-0.0393316394	0.0277262788	0.0855594097	-0.0007276046000000001	-0.0032228026	0.0169184335	-0.0721223508	-0.02908025	-0.026903474900000002	-0.0469204559	-0.1162915942	-0.0027649140000000003	0.0369849633	0.050097980599999994	0.029875557799999997	0.0542280583	0.0154153969	-0.11885922039999999	0.0111097903	0.0156665753	-0.0597812065	0.039584226	-0.1485064816	0.060440988	-0.1717785275	-0.0246245932	-0.0022461216	-0.0020440707	-0.046349256299999995	-0.0020123554999999997	-0.1200928073	-0.02176994	-0.0037979114000000003	-0.0297788629	-0.040658481	-0.0635674628	0.0529141376	-0.040886059599999997	0.0230306012	-0.0181690808	0.041878040400000004	0.0897054397	-0.0036946431	-0.0408975888	-0.042127155599999994	-0.0072259427	-0.0135358579	0.032377583599999996	0.0518849376	0.0068372956	-0.0654222938	-0.0354083865	-0.0768030345	-0.0246198452	0.0123476965	-0.0331295667	0.0467569089	-0.0877897778	0.17807042469999998	-0.0976733748	0.0112640721	-0.022994683999999998	0.09957952099999999	-0.0310458913	-0.0224136137	-0.0239899997	0.0679410794	0.0710502232	0.0065818731999999994	0.049099240700000005	-0.003732695	0.07660418	0.0451302515	0.0140997549	0.0124001171	-0.0452523458	-0.0315600078	0.10320441359999999	0.0216894142	-0.0733915029	0.0649606441	-0.0789292279	0.012533186399999998	-0.05079228400000002	-0.0618994841	0.0425431005	-0.0652694392	-0.0122589906	0.001249213	-0.0111999389	-0.08333083320000001	0.041601997	0.0210382214	-0.0014165629999999998	0.0756628997	0.0139665559	-0.0044485712	0.0072462905000000005	-0.0647561142	0.0210542875	0.1070050048	-0.0470266616	-0.0488747784	0.044448373099999994	-0.029608526800000007	-0.0074409718000000005	0.0660444063	0.0254356248	0.0727694992	0.039526354	0.0626198676	0.0248672663	0.0561244179	0.0700969624	-0.0042582670000000005	-0.0038417690999999997	-0.09512017589999999	0.0791620801	0.0159576943	-0.054928853300000004	-2.69203e-05	-1.0435000000000009e-06	1.0888922500000023e-12	7.2470255209e-10	-0.00346691	-0.0012459000000000005	1.5522668100000009e-06	1.20194649481e-05	0.00187263	0.0043106	3.5067431169e-06	1.8581272359999995e-05	2.17924e-05	1.5968610000000002e-05	4.749086977599999e-10	2.549965053321e-10	7.04412e-05	1.12423e-05	4.96196265744e-09	1.2638930928999998e-10	0.0	0.0	0.0	0.0	0.0	0.0	0.0	0.0	0.0	0.0
8608.57788009966	-10.297607201486244	74107613.11774115	106.04071407610137	9970.742727041605	-12.514271164134698	156.6069827694932	99415710.52885306	6512.384498839021	-11.519914243149287	132.70842416951382	42411151.86071877	6995.493624039294	11826.073404077766	0.89635	35.156124	0.007750835799999999	0.00462671	0.021621713100000002	0.1083972557	0.0292558035	0.0130957212	0.0455115363	0.0194816113	0.0087191146	0.0696543159	-0.0700190255	0.0841011848	0.0314115513	0.0584207779	-0.01800714	-0.0964892703	0.0338526427	-0.07245844259999999	0.0752252307	-0.0475670599	-0.0121272762	-0.0256949593	-0.0545385	-0.0315721116	-0.0322736452	0.023523610299999997	0.0830178983	-0.0464597213	-0.07019182759999999	-0.0335479749	0.0960785423	0.0765587983	0.0733326302	0.0096767302	0.1040178925	0.021303488500000002	0.0644957826	0.0723100468	-0.0095691117	0.1020567847	0.0688208179	-0.059082024299999994	-0.0068752427	-0.055130210199999995	0.025348581800000002	0.0492488045	-0.0124420625	0.0744588374	0.0029564990999999996	-0.0009685855000000001	0.036565491299999996	-0.0430190042	0.08827435630000001	-0.072554125	0.0864277108	-0.0699886791	0.0034142897	0.0403655954	0.09327240349999999	0.0286287457	0.0729137589	0.021946202400000003	0.0044475491999999995	-0.029260121099999998	-0.0473564955	0.0333321752	-0.06968265929999999	0.0625030199	-0.031061669500000007	-0.0793579734	-0.038482346699999996	-0.0323065774	-0.0492957095	0.0190165076	0.0323467074	0.0062388474	-0.039489464700000004	0.057007134699999996	-0.016460018700000002	-0.0130249506	0.0498238604	-0.0850395491	0.0939833181	0.0817689109	-0.08463471630000001	-0.054738076399999995	0.09766744880000001	-0.1052578911	0.0364763204	-0.025201188599999997	-0.013764759599999999	0.0094073261	-0.0103234236	0.0249691229	-0.08373162769999999	0.08021275259999999	-0.0371215652	-0.0948923507	0.07535874669999999	0.0864974385	-0.0845789271	-0.0996112084	0.12233211279999999	-0.0800740094	-0.0962559815	-0.06007441650000001	-0.005425949300000001	0.0542163695	0.089545419	-0.0231883667	0.0378204898	0.0827951067	-0.050873722999999996	-0.0708639803	0.1584101362	-0.0934154106	-0.0794889998	-0.024625145299999998	0.003947859099999999	-0.0098091229	0.0815935877	0.013581617399999999	-0.0024073792	-0.0728613958	-0.0363075208	-0.0201250003	-0.0296258165	0.0450862676	-0.082320691	0.07252497299999999	-0.1059598607	0.0720853447	-0.0452674629	0.0915806056	0.024067314700000002	0.0483967985	-0.0009995214	0.0277100989	0.0241677214	0.0930682592	0.03543368	0.043922038600000005	0.09453860289999999	0.0385739242	0.034893508399999995	-0.0324244336	0.1190968508	0.0263477652	-0.0539458354	0.003103259	0.051262014800000005	0.0255853233	0.0467323628	0.0067028812	-0.0388169971	0.0608760153	-0.0201802967	0.024427041899999998	-0.035427714900000004	0.0177151623	-0.0067127772	0.087486168	-0.009459171	0.1387833232	0.0641281608	0.0290173455	-0.0779156059	0.0255196854	-0.053953996100000005	0.027830277900000002	0.0250190138	0.062315345099999996	-0.014124353700000003	0.0179813373	0.0175511404	0.1364845522	-0.0584509331	-0.0101530956	-0.10136776289999999	0.0688150305	-0.0145603047	-0.0949913949	-0.029498027200000002	0.1051374149	-0.0275528388	0.0642630005	-0.044299931900000006	0.0784562939	0.119706171	-0.0154725644	0.0779922229	0.012430876399999999	-0.0593937641	-2.16134e-05	5.306899999999998e-06	2.816318760999998e-11	4.671390595599999e-10	-0.00546374	-0.00199683	3.987330048899998e-06	2.98524547876e-05	-0.000269797	-0.002142427	7.2790421209e-08	4.589993450328999e-06	1.96214e-05	-2.170999999999997e-06	3.8499933796000006e-10	4.7132409999999854e-12	4.867620000000001e-07	-6.9954438e-05	2.369372446440001e-13	4.893623395895844e-09	0.0	0.0	0.0	0.0	0.0	0.0	0.0	0.0	0.0	0.0
8589.230140153686	-19.347739945973448	73774874.40052451	374.3350410170165	9986.168020279058	15.425293237452935	237.93967146141117	99723551.72924416	6507.722084558671	-4.662414280350276	21.738106921614186	42350446.729852654	6995.879388346722	11767.903589917105	0.869282	34.094505	0.0259003613	0.0142706	0.0055431413	0.08987162119999999	-0.0185774033	0.0286245477	0.023910411099999997	0.0657932038	-0.0206912373	0.0826364848	-0.0330200513	0.0890076691	-0.0029531911	0.1104254104	0.0476634753	-0.0032705387	-0.0157189298	-0.0402160573	0.0932013065	-0.11441641599999999	-0.0259541291	-0.056076575	0.0401693263	0.0375152786	0.0337301785	-0.148241392	-0.0198089733	-0.17288150010000006	-0.0029005894	-0.0321169058	0.0336470977	-0.0085682738	0.0512944878	-0.027489961099999998	0.0197151175	0.0357677805	-0.13568241109999998	0.1139224708	-0.020301458	-0.023619093900000002	-0.045253424900000006	0.0104305161	0.015121089499999999	-0.0739553021	-0.06111798490000001	0.06085352030000001	-0.0803823566	0.022219843700000002	-0.04223420889999999	0.037596562	0.0507721342	-0.0806634445	0.08799011529999999	-0.0788223426	0.0648579308	-0.1646585776	-0.0630291074	0.025186523	0.0122304692	0.0322342811	-0.003106416	-0.0533799658	0.0038307021	-0.0558428363	0.0059795188	0.0536046784	0.0337222774	0.0625506552	-0.0288635546	0.0340112397	0.1170991034	-0.0956909734	0.0582560777	0.0465750445	-0.09388237529999999	-0.0313405212	0.0066485531	-0.09410893349999999	-0.032859543	-0.041343303399999996	-0.044649313899999994	-0.056206692	0.0356855341	0.0392298534	0.0149450475	-0.026069903	-0.0115773763	0.0403153359	0.1073031233	-0.056683355199999994	0.0513610332	-0.1308865594	0.0083362388	-0.0736932471	0.0296224296	0.0535258045	0.1032330823	-0.024390210899999997	-0.0744775968	0.0800811617	0.028997773799999998	0.0523091637	-0.099658435	-0.0529194697	-0.1282940615	0.0617853866	-0.0682731365	0.028427954	-0.0306956451	-0.0450384145	0.0475656809	-0.10194335730000001	-0.0833559725	0.2073240319	-0.048574829400000005	-0.060352375300000004	0.0393349981	0.0297105652	0.0890108357	-0.0590960937	0.09501529789999999	-0.0181556141	-0.0007745133999999999	0.0100113234	-0.0317366481	0.0146807783	-0.036468502400000005	0.0362684389	-0.0871464796	0.0697851926	-0.1662723399	0.10154059689999999	0.0467009151	0.0125265473	-0.0031243379	0.030782152400000002	-0.056656555	0.013613171200000001	-0.00143577	0.0865296412	0.0674027073	0.0243228152	0.024944168399999998	0.0491124743	0.0042271919	-0.021752654500000003	0.0279653782	-0.0496884978	-0.0466589003	-0.053318331600000005	-0.0568556888	-0.10629495970000001	-0.1238956034	0.1229817546	0.023984394300000003	-0.036200592000000004	-0.0013115467999999999	-0.0356487707	-0.1284649277	0.0503097024	0.09359783529999999	0.0014443794000000001	-0.0406841118	-0.058902073799999996	0.0534489887	-0.0671377906	0.026793680299999997	0.0740054586	0.08602607039999999	0.0958533938	0.0396332861	0.0486186634	0.06321894809999999	0.021528786	0.0255492647	0.015808436999999998	0.057862583499999995	-0.0253481656	0.0037118844	0.1272855372	0.1594765581	0.0178427931	-0.08634745279999999	-0.155140155	-0.0774686619	0.050285076399999996	0.029328909	-0.1089581049	-0.0146775162	-0.0053507515000000005	0.0767996302	0.0088895647	-0.0637028804	-3.57258e-05	-1.4112399999999994e-05	1.9915983375999983e-10	1.2763327856399993e-09	-0.00923788	-0.003774140000000001	1.4244132739600007e-05	8.533842689440001e-05	0.00421523	0.004485027000000001	1.7768163952900006e-05	2.0115467190729008e-05	-0.000181936	-0.0002015574	3.3100708096e-08	4.062538549475999e-08	0.000151471	0.000150984238	2.2943463841e-08	2.279624012444065e-08	0.0	0.0	0.0	0.0	0.0	0.0	0.0	0.0	0.0	0.0
8579.709641271287	-9.520498882398897	73611417.52852347	90.63989896975865	9971.944448554816	-14.22357172424199	202.30999259465636	99439676.0850632	6502.364851092628	-5.357233466042999	28.699950409691077	42280748.65672485	6987.483679566857	11548.619191691074	0.921087	36.126339	0.024986647400000003	0.014031900000000005	0.0338714393	0.0315516982	0.024765209500000003	-0.0070788345	0.028642917799999997	-0.0090870068	-0.0783168522	0.060885593700000004	-0.0037821985	-0.0270964637	0.1203495323	0.1137428182	0.0432809376	0.0236651798	-0.061768329299999994	0.059767576600000004	0.0804064354	-0.09469818630000001	0.030395285600000002	-0.1455573385	-0.0437457321	-0.1288202173	0.0262475554	-0.05151805809999999	-0.0010378248	-0.0464046607	0.0421838999	0.0542129495	0.0234295168	-0.0121267708	-0.012073358700000002	0.0533427502	-0.0203780208	0.12037225300000001	0.0463955505	-0.0650940736	0.0424165408	0.08695402320000001	-0.0160414264	0.0862745554	0.0456865379	0.0735881772	0.0379528679	0.010637868799999999	0.004251100900000001	-0.0041438682	-0.0835732644	0.0392583591	0.0050120045	-0.069908213	0.11997520689999999	-0.1348052717	0.0350067784	-0.12762459980000002	-0.0056842753000000005	-0.0649518234	-0.0354818342	-0.0697003233	-0.0014822015	-0.0543902971	-0.0282605032	0.0243280199	0.0015074091	-0.0967508225	0.1137065209	0.1553848534	0.0485647643	-0.018237910700000002	-0.0626775061	-0.0065370822	-0.0600651787	-0.037358905899999996	0.17983012829999998	0.021205799700000003	0.0160906216	-0.0793756988	-0.1097950173	-0.009946417800000001	-0.0667225318	-0.0340484752	-0.0098328169	0.0495095612	0.005514926999999999	-0.0278502233	0.12222013050000001	0.0252166167	-0.012226871200000001	0.013775429399999999	0.023069309700000002	-0.062266914699999995	-0.07109761049999999	-0.15892595869999998	-0.0273687286	0.1315082886	-0.0012488992	-0.0159590862	-0.0270589018	-0.0878243174	0.1412360516	-0.07805625690000001	-0.0797833751	0.1729601129	0.025133985499999997	0.0450174312	-0.09694018300000001	0.0070559554	-0.053817541399999995	-0.026729903500000003	-0.12285838550000001	-0.10451271359999999	0.0124618824	-0.06008123200000001	0.09548502789999999	0.0797839811	0.0176727319	-0.052256171399999995	0.0201507365	0.015334358000000001	0.0539237586	0.019684115	-0.013428309	-0.014178812399999999	0.0247263364	0.0911054849	-0.0205258111	0.0216690726	-0.0389546914	0.0873327075	-0.154376561	0.0627078138	0.101099985	-0.0042471266	-0.0383583894	0.0389728944	-0.08092571900000001	0.1313586242	-0.0040024566999999995	0.0949352631	-0.0568569604	-0.0723396251	-0.0784745237	0.11470122220000001	-0.0031946215	-0.028156880699999998	-0.0210531238	0.1053318152	0.0993891718	-0.0185111078	0.046526329400000004	-0.024081737599999996	0.062356925999999986	0.1385289632	-0.013789631200000001	-0.0143743643	-0.0249031828	0.0790990843	-0.07072315559999999	-0.0517367651	0.1834429429	-0.0175690184	0.018078343400000002	0.12438759869999999	0.056260206900000005	0.05285811730000002	0.036729886499999996	-0.1038703239	0.09229440960000004	-0.1554404891	0.0453581273	0.054556806	0.046607189699999996	0.13472305380000002	-0.0395874802	0.005340745500000001	0.0661548348	-0.037952756000000004	-0.0134034246	0.010391064	0.0402705472	-0.0373486924	0.09391443220000001	-0.0125864628	-0.009468118900000001	0.0291330375	-0.0403542558	-0.0785399025	-0.0020278118	0.0004073442	0.0755846496	0.0053378881	-0.0678448988	-2.85654e-05	7.160399999999997e-06	5.127132815999996e-11	8.159820771599998e-10	-0.0008150119999999999	0.008422868	7.0944705345424e-05	6.642445601439999e-07	0.00733531	0.00312008	5.3806772796100014e-05	9.7348992064e-06	9.55438e-06	0.00019149038	9.128617718440001e-11	3.666856563254439e-08	7.42306e-05	-7.72404e-05	5.51018197636e-09	5.96607939216e-09	0.0	0.0	0.0	0.0	0.0	0.0	0.0	0.0	0.0	0.0
8615.243859534767	35.53421826347949	74222426.7592515	1262.6806675965993	9974.94242437904	2.9979758242243406	8.987859042633612	99499476.3696768	6509.4756899336935	7.110838841065742	50.5640290236092	42373273.757837735	6991.5318641259155	11607.805090908347	0.9015590000000002	35.360455	0.006086303900000002	0.00390942	0.029535195499999996	0.0467481559	0.057628356900000004	-0.0483101771	0.0187361781	-0.023507420499999997	-0.067041748	-0.054139065099999995	-0.06378619070000001	-0.026226288700000003	0.045719467199999995	0.0012837814	0.046587438499999995	0.0521135844	-0.0513776105	0.0266158672	0.0789385958	-0.0562354071	0.09103493380000001	-0.1488200317	0.0258913138	-0.062238607599999995	0.0709110718	0.07917622860000001	-0.0340534608	-0.0183438132	-0.0730483616	-0.052614789599999996	0.0674254613	-0.1669700908	-0.0716938466	-0.0872926518	-0.0179691162	0.012477877	0.0292824385	0.0436916724	-0.0955812227	-0.0290829292	-0.0106092978	0.076577356	-0.0163738796	0.0647935962	-0.0216167797	0.016855900400000002	0.0342052411	0.0099604484	-0.0798084627	-0.0102977963	-0.0527663894	0.0374974017	0.1170215584	-0.07848721110000001	-0.0476545936	-0.09092225949999999	-0.024474882599999997	0.034528493199999996	0.041894908700000004	-0.07592027230000001	-0.019303170300000002	-0.043915768099999995	0.0638634843	0.0569215937	0.0183672142	-0.0253332935	0.043783828399999995	0.10120098949999999	0.0062271346	-0.1189835927	-0.0733095734	-0.024792384700000003	0.0634988561	-0.0633344927	0.020514019799999998	0.0250233344	-0.040347472599999996	0.050448905499999995	-0.0157247693	0.047181046799999994	-0.023454504900000003	-0.0538014145	0.0395813989	0.0644822597	-0.0293313173	0.070808972	-0.0095671527	-0.11713434800000001	0.0981901314	-0.0985510138	-0.0126035966	0.0164128669	0.0849723791	-0.059669349	-0.0565125753	0.0501655628	0.0137720191	0.0030700002000000003	0.09589483630000001	-0.08327187	-0.0740361193	0.138335348	0.0793791504	0.0071705793	0.0864630711	0.0469857327	0.0328188569	-0.144456382	-0.0487272339	0.0971004451	0.08395556	-0.008146911	0.057727882	0.029863623500000002	-0.004687563400000001	-0.0641101917	-0.07486237009999999	0.0477091415	-0.0454979909	0.0393790997	0.0409636113	0.0446408576	-0.0519839728	0.011517603000000001	0.0479009087	0.0192463496	0.0129695998	-0.0142096945	0.052924174000000004	0.08212976450000001	-0.08944859570000001	0.0973222415	-0.007908533399999999	-0.0316442285	0.0332737904	-0.0259820211	-0.0215803733	-0.002432636	0.028452289	0.06467000120000001	0.06689578269999999	-0.0046218247	-0.0598310268	-0.0187736329	0.0709309157	0.0274397552	-0.0108923859	0.0338353015	0.1313072206	0.009019466700000001	0.1137833815	0.0195493076	-0.000959616	0.0349118157	0.04675456150000002	0.0323656213	-0.00848479	-0.0266621823	-0.0770001465	-0.0827479297	0.070393868	0.0721205985	0.055308518200000004	0.1817218871	0.015915478700000003	-0.0176467732	0.0366927762	0.0625704041	0.0752910222	0.0446517222	-0.0125409693	-0.0649872909	0.0318257719	-0.1352107243	-0.058171491299999996	0.0283176589	-0.0092664815	0.0997280894	-0.022048958599999998	0.0057906764	-0.13039626599999998	0.1072352957	-0.15482865210000002	-0.0185205321	-0.0124546294	-0.0668629315	-0.0331865539	-0.0022883054	0.12792346570000002	-0.0412860263	0.0743476354	0.0017799878	-0.0718089546	-2.7590500000000006e-05	9.748999999999964e-07	9.504300099999928e-13	7.612356902500001e-10	-0.0013044	-0.0004893880000000001	2.395006145440001e-07	1.70145936e-06	0.00407995	-0.0032553600000000005	1.66459920025e-05	1.0597368729600003e-05	4.994850000000001e-05	4.039412e-05	2.4948526522500003e-09	1.6316849305744e-09	6.78131e-05	-6.417499999999997e-06	4.59861653161e-09	4.118430624999997e-11	0.0	0.0	0.0	0.0	0.0	0.0	0.0	0.0	0.0	0.0
8630.595203608284	15.351344073516884	74487173.56854631	235.663764863502	9973.05299318495	-1.8894311940894115	3.5699502371981384	99461786.00487529	6511.939673258248	2.463983324554647	6.0712138236833715	42405358.30815474	6995.8809184743295	11777.867869608472	0.905069	35.498093	0.0009076520999999998	0.0005144430000000001	0.0281226564	0.0930321	0.08296772349999999	-0.0304473755	0.0226885309	0.0097147417	-0.0367851358	-0.12529595570000002	-0.081514077	0.0510476718	0.0260588698	0.0175088144	-0.0200972193	-0.011570819	0.0058804059	0.024736940899999997	0.060764972300000004	-0.0161620951	0.0196391871	-0.0732864833	0.0949296229	-0.056167467400000004	0.0274760616	0.046022187400000004	-0.0588156191	-0.0823718674	-0.08365235879999999	-0.028346782	-0.0086121041	0.09055025929999999	0.029091516499999998	0.041377364300000004	-0.026190169500000002	0.1054603123	0.0038454709000000004	-0.0733348748	0.160810863	0.1107490411	0.1205679558	-0.0430156895	-0.0680440244	0.0636833604	-0.1346036313	0.030897100099999998	0.0166050473	0.011869422	-0.0706254645	-0.027432855899999997	-0.0162216096	0.0818817429	0.1652945408	-0.009397538	-0.0344528552	-0.0149826522	0.027981101499999998	0.0467425246	0.018057881	0.017199875400000002	-0.1001682594	0.0792412659	0.0183553497	-0.025387965499999998	-0.043671223200000005	-0.0080163015	0.1329732697	0.0669951546	-0.0086202468	-0.024955236800000002	-0.0914335959	-0.005798049499999999	-0.0166862636	0.0557606469	0.0246978175	-0.0086224127	-0.0058148048	-0.06538160059999999	-0.056504671900000004	-0.0592154897	-0.011125926699999998	0.1945942252	-0.0032420912	-0.008646570400000001	0.058079665999999995	-0.1332469066	-0.0859118775	0.0444465959	-0.14020438640000002	0.0134060702	-0.0379562433	-0.009167634499999999	0.047592881399999995	-0.0573758904	-0.0790161647	0.09619637699999999	-0.1170034433	-0.00047318589999999997	0.0222655816	0.0226759727	0.0585461924	0.07393779240000001	0.0557834774	-0.0034219910999999997	-0.019376687099999998	0.0634593381	0.0672539464	0.0083094861	0.10884401640000001	-0.10157597300000001	0.061900896399999995	-0.0340070048	-0.0757074087	-0.11286438480000001	-0.083595997	-0.048891703200000004	-0.014293983	-0.0243325422	0.1293454348	0.0268612049	0.037791386600000004	0.027938791400000003	-0.0908948553	0.0307401422	0.0631441509	-0.059704660300000004	0.06491927019999999	-0.005258341800000001	0.0178659478	0.058429580700000004	-0.0770677119	0.0488103541	-0.05478910309999999	0.047658027199999994	-0.1049544349	-0.0668183554	-0.0411805322	0.05636480610000001	-0.047612428899999996	-0.0341939129	-0.0061462206	0.0121547935	-0.0711719594	0.0177094767	-0.0198043379	0.051302185	-0.0684052602	0.062126782900000004	0.0242378698	-0.0574728734	-0.002783726	0.0242322666	-0.013736941899999999	-0.1142601152	0.06974265389999999	0.0915161237	-0.11730709560000001	0.1160183442	0.040683003100000004	0.0383200157	0.0713420028	0.033250918500000004	0.051870693600000004	0.06125394820000001	-0.0719468942	-0.062480288499999995	-0.0003012391	-0.1790927352	-0.0129054069	0.0186899305	0.033419683799999995	0.0951189661	-0.0226026481	0.0357624333	0.0828230234	0.0412677335	0.1220711811	-0.0294893347	-0.0046576340999999995	-0.1621148217	0.0695718349	-0.1058595612	-0.2038823916	0.0230584402	-0.0162155254	0.039267254	-0.1090485015	-0.0032771048999999997	-0.1180732358	-0.09317099179999999	0.0730889481	-0.0017799878	-0.0755846496	-2.66584e-05	9.321000000000008e-07	8.688104100000013e-13	7.106702905600001e-10	-0.0013611	-5.6699999999999806e-05	3.214889999999978e-09	1.85259321e-06	0.003844	-0.00023595	1.4776335999999996e-05	5.5672402499999975e-08	5.76883e-05	7.739799999999997e-06	3.32793995689e-09	5.990450403999993e-11	7.23547e-05	4.541599999999997e-06	5.23520261209e-09	2.0626130559999972e-11	0.0	0.0	0.0	0.0	0.0	0.0	0.0	0.0	0.0	0.0
8624.999653965397	-5.595549642886908	74390619.0309032	31.31017580601181	9974.028584199536	0.9755910145850066	0.9517778277390028	99481246.1984294	6507.239807132663	-4.699866125585687	22.08874159842781	42344169.90753193	6998.719640307934	11976.999202976956	1.021633	40.069912	0.0122071069	0.00634735	0.0014409904999999998	0.1417301483	-0.0043432171	0.0551594908	0.020087838400000002	0.11584633230000001	0.0721790075	-0.0539350776	-0.0116229083	0.0672715166	-0.0558981874	0.032394335	0.0298061579	-0.0286400072	-0.07367995620000001	-0.15857147359999998	0.0784766118	0.048889574000000005	0.0234523287	0.0037805890000000004	-0.044821332900000004	-0.0041539956	0.075411482	-0.0187792203	-0.1018976383	-0.0527584417	-0.1368308867	-0.0349879436	0.0041018879	0.015947755600000002	-0.0457108416	-0.042678909	-0.1457115584	-0.0993486067	0.1092618716	0.2075731926	0.0881899349	-0.0199995101	0.08156711650000001	-0.020069639	0.0654614216	0.06466010309999999	-0.0786092293	0.0320391991	-0.06940805480000001	-0.0188734825	-0.021701626	0.0033291248	0.0409517213	0.1018008358	0.0680531395	-0.0182326174	0.000394191	-0.0977744601	0.0382198816	0.070621349	0.1223745929	0.0270078027	0.07232500089999999	-0.0567423638	-0.0737599138	-0.044613144400000006	0.06363554839999999	0.0168812216	0.1083266535	-0.071643923	0.1256445782	-0.006815029300000001	-0.0852143315	0.025716326	-0.08714372279999999	-0.0110775807	0.0298338616	-0.0013325663	0.0673853823	0.056746880300000004	-0.1537331931	0.038889371400000004	-0.0324250448	-0.00532436	-0.0731791622	-0.0314254944	-0.1361375759	-0.0056644928	-0.020783433400000002	-0.0783867012	-0.0471962777	-0.09626008949999999	-0.0285770882	0.0199655976	-0.0016178632999999999	0.0546142071	0.0956629148	-0.1024097287	-0.0192588786	0.0496911333	0.0350462316	-0.0693122056	0.1770563554	-0.0176041945	0.0946119599	0.0628076499	-0.1165292124	0.038799271600000004	0.057678938799999996	-0.005863380200000001	0.044758571500000004	0.0326802726	-0.0408443381	-0.11691570710000004	0.00018653270000000002	-0.0033588105	0.0390103983	-0.0360139194	-0.061284651399999994	-0.0050145355	-0.0487261688	-0.07024419429999999	0.045122585300000004	-0.0438898297	-0.0189229418	0.0541239198	0.0284175716	-0.10333398349999999	0.0611397679	0.0790989774	-0.0095704972	-0.0226701114	-0.10978540939999999	0.1160783936	-0.0312873142	0.059574296799999996	0.0306786703	0.0647240809	-0.032164532200000005	-0.0245320943	-0.0555499451	-0.054777904800000006	-0.0430458737	-0.043585733700000004	-0.023395712000000003	0.0531263999	0.11169791960000001	-0.0732158582	-0.0627332366	-0.036978165800000004	-0.0173105211	-0.005815858399999999	-0.0684405563	0.059720662699999996	0.0016996007000000001	-0.147717085	-0.10768248550000001	-0.0112646558	0.0664127464	0.0285125346	-0.010919371200000002	-0.1630799275	0.0884121525	0.0543744413	-0.0337356032	0.0010770595	0.10404359269999999	0.025964321000000002	0.0349274484	-0.0096776716	0.0057391875	-0.0698940729	-0.0482917583	-0.0594267431	-0.2080067461	-0.052706933899999996	-0.0891500834	0.11256130689999999	0.0304446005	-0.0066545767	-0.0255358816	-0.0792811789	0.0461737434	-0.0235447735	0.0164428332	-0.023554625	0.0240832013	0.0072049539	-0.0731076845	0.0315619139	0.16187212269999998	0.0035767674	0.0718089546	-0.0053378881	-0.0791620801	-2.16134e-05	5.045e-06	2.5452025e-11	4.671390595599999e-10	-0.00522781	-0.0038667100000000006	1.4951446224100006e-05	2.73299973961e-05	0.00517837	0.00133437	2.68155158569e-05	1.7805432969000003e-06	0.00012584	6.81517e-05	1.58357056e-08	4.6446542128899995e-09	4.867620000000001e-07	-7.1867938e-05	2.369372446440001e-13	5.165000512371844e-09	0.0	0.0	0.0	0.0	0.0	0.0	0.0	0.0	0.0	0.0
8597.957117425662	-27.04253653973501	73924866.5930906	731.2987825029032	9976.956015598544	2.927431399008128	8.569854595898686	99539651.33718796	6502.137616680902	-5.10219045176018	26.03234740603275	42277793.5862568	6992.509292462758	11809.679482601612	1.051235	41.230949	0.015670525	0.010540700000000002	0.0171040504	0.07282192030000001	0.044718583799999996	0.060486447900000004	0.0105241207	0.0297766363	0.0625166515	0.0010249543	0.010747756200000002	-0.0011775550999999999	0.1071902138	-0.007188385500000002	-0.0331871226	-0.1401946749	-0.0823123622	-0.0927462581	0.0532741759	0.0674139978	0.037660774300000005	-0.1303221315	-0.09516611230000001	0.0010125045	-0.014771158400000001	-0.0988752166	0.0322785858	0.11588373210000001	-0.0076465318	0.06926149179999999	0.0327604238	-0.120933073	-0.044673730300000006	0.0549409534	0.0773580904	0.0016159641	-0.0739412051	-0.0043742786	0.053967549299999994	-0.0388903976	0.0388268684	0.08186014330000001	-0.0636129778	0.0378720408	-0.068498608	0.0016511683999999999	0.0224752483	-0.0054936322	0.0037634712	-0.0693096963	0.0316821213	0.0725546002	0.047545047699999995	0.009960167800000001	-0.014194935	-0.0808839883	-0.0358080002	0.0954552416	-0.0319095484	0.035625813799999996	0.0776506835	-0.0884956766	0.0006346553	0.10257779880000001	-0.050190735599999994	0.0419993924	0.1320756011	-0.066491201	-0.0243869509	-0.019554285600000002	-0.0629887027	0.044515443200000004	-0.055539955	0.0096037782	-0.0386031352	0.0568753843	0.0747857269	-0.0698635442	0.117402293	0.0136051134	-0.024274884500000003	-0.10772057	-0.0446119163	-0.0897218097	0.10924122609999999	-0.0381169404	-0.0001075836	0.071480535	0.0156291041	0.0998795648	-0.0642510734	0.06856353679999999	-0.12313071369999999	0.0320216927	-0.1778596584	0.11299515800000001	0.0083900495	0.019306581399999998	0.11803139289999999	0.0007042574	-0.0415403586	0.028493273599999997	-0.0981622696	-0.0643178183	0.0717162827	0.1247224739	0.0763444501	0.015082658600000003	0.021651050800000002	-0.1772066673	-0.11477488470000001	-0.022385215899999998	-2.23847e-05	0.0262430989	0.1361273287	-0.1106627226	-0.0254130197	-0.1046208761	0.053330149	-0.0079877124	-0.0391728997	0.0037844523	0.033515634	-0.06293692740000001	0.0211976831	-0.0521528654	0.0228138381	0.0288871102	-0.0325009267	0.0018015205	-0.0875433798	0.094586856	-0.0822792774	-0.0783092302	0.0399846002	-0.0104556024	0.0282263894	0.0519000658	0.07541131549999999	0.0078400064	-0.0847283066	0.0133794276	-0.1342055668	-0.055739864199999996	0.0806584174	-0.07267552440000001	-0.012564263300000001	-0.0309710542	0.0625763126	-0.0983283114	0.029063314	-0.09730216929999999	0.0021045969	-0.0042032232	0.06835157879999999	0.0412705599	0.0422474171	0.0069541182	0.18526869210000002	-0.0356060177	-0.1072235875	-0.0080199574	-0.0010025671	0.09108434509999999	-0.018768013	0.0079749955	-0.023798239199999998	-0.041945820999999994	0.0512929349	-0.0473559162	0.0003028125	0.0424492396	0.1104744191	0.0830030068	0.0729581513	-0.159782209	0.1219250269	0.1264297966	0.0170221371	0.110716593	0.1279224558	-0.0492567851	-0.0859107668	0.1660747161	0.10079891140000001	0.1216161292	-0.1448574759	-0.1132417984	0.0653179893	-0.07455296639999999	0.070508028	-0.0088895647	-0.082531862	-2.16134e-05	0.0	0.0	4.671390595599999e-10	0.00454807	0.00977588	9.556782977440003e-05	2.0684940724900007e-05	0.00735437	0.002176	5.40867580969e-05	4.734976e-06	5.14671e-05	-7.43729e-05	2.64886238241e-09	5.531328254409999e-09	4.867620000000001e-07	0.0	2.369372446440001e-13	0.0	0.0	0.0	0.0	0.0	0.0	0.0	0.0	0.0	0.0	0.0
8585.628768845434	-12.328348580227614	73713021.35642636	151.98817871560018	9991.580711687466	14.624696088922065	213.88173569333236	99831685.118165	6498.777394731403	-3.3602219494996466	11.291091549899207	42234107.62627187	6989.86040178317	11684.391972709349	0.910346	35.705063	0.010638966800000002	0.008026899999999998	0.0105752066	0.0390316871	0.046570943499999996	0.0305404328	-0.0011974964	0.0057660763	0.0714962646	0.0526280432	-0.0449748568	-0.0118529278	0.0041074515	-0.0723829585	-0.018656659	-0.0902521017	0.011526011899999999	0.0332588231	0.0651223468	-0.012171753799999999	0.054234297699999996	0.0078432114	-0.0907399486	0.0245020331	-0.0171181544	0.0134723362	0.0530959101	-0.0752969681	-0.054014449699999995	-0.0392006253	-0.0695759579	-0.0420783077	-0.12763980490000001	0.0656578795	-0.0331162949	0.0485932164	0.0556594734	-0.0173947861	0.11504290130000001	0.0752279991	-0.0901260637	0.1086004906	-0.006703935	-0.0985989798	0.0383017161	0.0107643732	-0.0025871857	-0.0269174813	-0.0193754535	-0.0730559601	-0.020978398500000002	0.0183215176	0.0567844801	0.0384686725	0.10447943529999999	0.0157952084	0.0181849539	0.11835223519999999	0.009366665699999999	-0.006987834399999999	-0.0214533359	-0.0886596318	0.04623488	0.021929101200000002	-0.051441340999999995	-0.0545045321	-0.042189201100000004	0.0732050541	0.024826213	-0.1381418487	-0.0002142299	0.0050763408	0.0155748229	-0.0193649394	0.009960003299999999	-0.0964626967	0.0534464235	0.048647612300000004	-0.0229524787	0.0110248472	0.054010503200000004	0.0570755929	0.021462572200000002	-0.0246442942	-0.0282083818	0.0263269309	-0.013906796	0.0543408966	-0.015637968999999998	0.10946540119999999	0.0930310435	-0.0385070757	-0.10821249289999996	0.0950607651	0.055662126	0.0313450459	0.1147340476	-0.0100274411	0.024548448100000002	-0.0325875952	-0.0701272084	0.043184701900000004	-0.08461430560000001	0.0130970775	0.0683181402	-0.0410675714	-0.0691346217	-0.007040741600000002	-0.0337753081	-0.0917331483	0.06596315900000001	0.0574496608	0.0032606962	-0.0886574697	0.0138753982	-0.0921499884	0.1130981132	-0.1668424878	0.0688571557	-0.0077892474	-0.0262170564	0.0053852466	0.0277328996	-0.028038251	0.0425433326	-0.0389172926	-0.07261156070000001	-0.0062440928	-0.043119520700000004	0.0639942825	0.0157501692	0.037981029	-0.1446803626	0.013185608500000001	0.0518581692	-0.0419360913	-0.0629398737	-0.0686086383	0.09608038810000001	0.018931826699999998	0.0203458929	-0.0339800819	0.0012600734	0.0590024995	0.0626500282	0.0526696107	0.0323770284	0.05721160700000001	0.11499244480000001	0.1005165501	0.0057832567	0.0104646585	0.0824707253	-0.035882971	-0.0079546199	0.0012395207	0.016325014	0.044856357199999995	0.0136492175	0.076231763	0.013702794499999999	0.0348901074	0.0115245372	0.0645560505	-0.0092232889	0.1147003057	-0.06763127099999999	0.0380837981	-0.0582791787	0.0170047604	-0.010724956200000002	0.015652519	-0.0533656784	-0.012996871100000001	0.0261582156	-0.0943615997	0.0320451726	0.0451624308	0.0467763705	-0.0182578988	0.0383253079	-0.0302221862	0.0259774329	0.008299511400000001	-0.0791586235	-0.0008435702	0.0210572337	-0.1611342166	-0.09978220880000001	-0.0530634716	0.06918654769999999	-0.012430876399999999	-0.08568515619999999	-2.78833e-05	-6.2698999999999965e-06	3.9311646009999946e-11	7.774784188899999e-10	-0.00294922	-0.00749729	5.620935734410001e-05	8.697898608399996e-06	0.00735327	-1.0999999999995388e-06	5.40705796929e-05	1.2099999999989855e-12	4.38419e-05	-7.625200000000003e-06	1.92211219561e-09	5.814367504000005e-11	5.55477e-05	5.5060938e-05	3.0855469752900002e-09	3.0317068934398447e-09	0.0	0.0	0.0	0.0	0.0	0.0	0.0	0.0	0.0	0.0
8571.514978803734	-14.113790041699758	73470869.03185678	199.19906934118325	9972.703966567966	-18.876745119499898	356.3315063065633	99454824.40480044	6493.91508599207	-4.862308739332548	23.64204627658967	42170933.14407539	6983.785076900048	11577.368656259661	0.838899	32.902813	0.005244721799999999	0.00352789	0.009981278199999999	0.0218282104	0.0267602519	0.013803218400000001	0.024622328199999998	-0.000639503	0.015352412	0.0836827816	-0.039189569900000006	-0.0029921073	-0.020254501299999998	0.0590111189	0.0018584038	-0.0564293997	0.05905354190000001	0.0798719666	0.0112709898	-0.0829029341	0.02091535	-0.030398373399999998	-0.1214913584	-0.0811437766	-0.038213809	-0.0336590654	-0.0052121942	-0.1232563161	-0.022428981400000002	0.049967023799999996	0.0168481503	-0.0790797697	0.0418372648	-0.0127362133	-0.153309379	0.0963218161	-0.0078416727	-0.1666203441	0.1041197143	0.0349078541	-0.0062589942	-0.0160694184	0.1129163559	-0.0524684312	0.0178822078	0.0008533604	-0.009654998199999999	-0.0335569136	-0.0347696673	-0.0424657922	-0.0121007412	-0.0426003423	0.0817396272	0.010995799799999999	0.1451679349	-0.0456642279	0.0042859097999999995	0.0659121629	-0.0191500118	-0.0335582516	-0.0130929584	-0.08488877789999999	-0.0139956859	-0.021884232400000002	-0.0390167688	-0.0326725437	-0.15452636390000002	-0.054799421200000004	0.07628149099999999	0.032443615	0.031567185299999995	-0.0037751657000000003	0.0647145174	-0.0445515453	-0.0212164613	0.0508870555	-0.0043795009000000005	-0.0612649029	0.0348778367	0.0885087306	-0.025244055499999998	0.0557035209	0.0244282938	-0.0420593036	-0.08601317050000001	-0.0183504108	0.0523131693	0.0728435994	-0.1384261375	0.044971734400000005	0.043190353	-0.021268282700000002	0.0091118306	0.1033249222	0.0800426243	-0.0568411187	0.0602031029	0.13626785630000002	-0.0070585781999999994	-0.144763635	0.0406884613	0.025458264799999998	0.060908411399999994	-0.0664388351	-0.0252867495	0.0700869227	0.0113527917	-0.013664144599999999	0.0937187815	-0.06698384190000001	-0.09494969439999999	0.1018286171	-0.0191251746	-0.042631927699999995	-0.1053287294	-0.12305266640000001	-0.060569090199999995	-0.0025057069	-0.005210972	0.0046229407	0.022198913799999997	-0.0023857208	0.0283615108	-0.00034077870000000004	0.0514753612	-0.0077967559	-0.0871971566	-0.0240118648	-0.0869131709	0.0907913691	-0.0277887929	0.0207216757	-0.0539812409	0.0040039674	0.0095201877	-0.0056022155	-0.07998709059999999	0.011921783799999999	0.060897779299999996	-0.0058396041000000004	0.0593786272	-0.0478572659	0.056384465999999994	0.09781063150000001	-0.0038080090000000002	0.0549958309	-0.0353235432	0.09973805029999999	-0.068330195	0.0801528847	-0.1110906814	-0.0087378911	0.0252540864	0.0014947895999999998	0.0694636135	-0.0779352537	0.0083431023	0.0141850902	0.027313931899999998	0.0140649488	-0.10635335259999999	0.052288316900000006	0.0333610321	0.0433277993	0.062230350199999986	-0.021435081	-0.12496243539999999	-0.0725486644	-0.0422239733	-0.0867932767	0.0280556495	0.0725648082	-0.1759563193	-0.0342035301	0.0748236523	-0.09419804429999999	0.0360042023	-0.0982450775	0.051853215999999994	-0.0479857193	0.0351110554	0.023341663199999998	0.10213048109999999	-0.019006507199999998	-0.08059299519999999	0.036872772000000005	-0.0634431613	-0.0590225636	0.0535068167	-0.0980401097	0.0678448988	-0.0159576943	-0.0886136913	-2.16134e-05	6.2698999999999965e-06	3.9311646009999946e-11	4.671390595599999e-10	-0.00254552	0.00040369999999999984	1.6297368999999992e-07	6.479672070399998e-06	0.00736191	8.639999999999863e-06	5.41977188481e-05	7.464959999999762e-11	8.53032e-05	4.14613e-05	7.2766359302399995e-09	1.7190393976899996e-09	4.867620000000001e-07	-5.5060938e-05	2.369372446440001e-13	3.0317068934398447e-09	0.0	0.0	0.0	0.0	0.0	0.0	0.0	0.0	0.0	0.0
8569.536831535186	-1.978147268548128	73436961.50703812	3.9130666160644174	9985.400041069945	12.696074501978726	161.1903077597944	99708213.98019964	6489.663128236184	-4.2519577558859964	18.079144757839078	42115727.51798826	6977.495039625588	11516.117712938976	0.85936	33.70533	0.0220084966	0.0105633	0.0034610602000000002	0.0112238409	-0.016425381	-0.00360025	0.0285159613	-0.0240210497	-0.0056928269	0.0900982892	-0.019157253	0.0327410791	-0.0232195662	0.116145501	-0.0059556910999999995	0.0043279048999999995	0.0709567161	0.0217320513	0.033419617900000004	-0.0518856274	0.123690644	0.0497664754	-0.0323718319	0.1126343225	-0.0039011879	0.0012542783	0.023924152	0.0197209835	0.0025484436	-9.806530000000001e-05	-0.0299543631	0.0640696169	0.014276748799999999	-0.0353965057	-0.07706504730000001	0.1388151314	0.000424245	0.0023985442	0.0039621548	-0.0162598036	-0.014068758899999999	-0.0423400029	-0.0320100755	0.0015700309	-0.0496987675	-0.0022052913	-0.0399177837	-0.06898575629999999	-0.056132848	0.0117970314	0.005726043399999999	-0.0083455067	0.05481086	-0.018509034299999998	0.1044514518	-0.047329602699999994	-0.0940116092	0.0523852573	0.0510278708	0.0325097537	-0.010515934	-0.0860784107	-0.1132368552	-0.0193962624	-0.1340810871	-0.0386074931	0.0105371624	-0.0028495698	-0.0377662889	-0.0220884574	0.021736353599999998	-0.046529309000000005	0.048949686500000006	-0.0353975317	-0.030573726699999998	0.0751274137	0.1175376288	0.1132887316	0.1072087352	0.0465574786	0.0271889887	-0.0195722433	0.0052496776	-0.006894317099999999	-0.063058253	0.0904415063	0.0425566641	-0.012329743700000001	-0.0002796666	0.065699361	0.0227523538	0.0510158545	-0.04335448980000002	-0.1006847505	-0.0161827953	-0.0781851938	0.0108981866	-0.022140872599999997	0.1436892441	0.030131211600000006	0.0530729536	-0.0061756153	-0.0013694002999999999	0.052200683399999996	0.10027540789999999	-0.0481756413	0.0191301321	0.022706554599999998	-0.12216286960000006	0.0055971803	0.1366604539	0.031965474300000005	0.0171027146	0.085823546	-0.036624077799999995	0.0040588219	0.0960621904	-0.10998151	-0.0593836982	0.0070610458	0.0481282375	-0.0066850088	0.0235950574	0.048490938	0.054544110300000004	0.0352054033	-0.0933071072	0.067365913	-0.0682514862	0.0325721261	-0.11122506019999999	-0.023955144900000003	-0.0420226183	0.0289564271	-0.0115133888	-0.045429433899999996	-0.0737980977	0.0087696509	0.11465873230000001	-0.0326825897	-0.054992056	0.0496223397	0.0078301288	-0.0015759229	0.0585068547	-0.0151054751	0.013196419	0.0191994271	0.0816749387	-0.0507784985	-0.0458573161	0.054496788600000005	0.0742499954	-0.049481316399999996	0.0477669911	-0.0603790778	0.0163499797	-0.1642555171	-0.016238873100000002	0.0636749031	-0.0211359896	-0.031369071299999995	-0.11330591720000001	0.0616428989	-0.0047952752	0.07518486519999999	0.005235534	0.0984036136	-0.061415255499999995	-0.1054553878	-0.044181603	-0.0685090687	0.0192215653	0.0685106194	-0.029687488799999998	0.0026315808	-0.1393599477	0.0477926214	-0.1128543065	0.09179607699999999	-0.037203289300000005	-0.0528346938	-0.0253444627	-0.0814625638	-0.09549755160000001	-0.052204923	0.0794690416	-0.010518968	-0.006696807700000001	-0.0608548324	0.06648347240000001	-0.0194659062	-0.0913097856	-0.00361374	-0.0035921266	1.290337351042756e-05	1.3059116787599997e-05	-0.00551806	-0.00297254	8.8359940516e-06	3.04489861636e-05	0.0098787	0.0025167900000000005	9.758871369000003e-05	6.334231904100002e-06	0.000220312	0.00013500880000000002	4.853737734400001e-08	1.822737607744001e-08	4.867620000000001e-07	0.0	2.369372446440001e-13	0.0	-0.00012353200000000004	-0.00012353200000000004	1.526015502400001e-08	1.526015502400001e-08	0.0	0.0	0.0	0.0	0.0	0.0
8578.55095250125	9.014120966063272	73591536.4446601	81.25437679082151	9988.404163114154	3.004122044208998	9.02474925650245	99768217.72571616	6502.707693431099	13.044565194914869	170.1606811243843	42285207.34620801	6987.340627477077	11484.345135603118	0.849693	33.326190999999994	0.0298179966	0.0146116	0.0049778424	-0.0070511082	0.0334019297	-0.0385134038	0.0021896359	-0.053881202	-0.0282611735	0.036503728900000004	-0.046115244400000005	0.0490347325	0.006246023000000001	0.1417217261	0.0453637967	0.047225042599999996	-0.022987330299999997	0.055940967599999995	0.0330677245	-0.032070026	0.12431266490000001	-0.0407693535	-0.0034557541999999998	0.0202005141	0.0921883621	-0.037751886400000004	-0.10817475380000001	-0.0560712915	0.10359013560000001	0.1089007768	-0.0582840963	-0.0853926856	0.027073440600000002	-0.013548725	-0.0409716655	0.08876275869999999	-0.0601924809	0.051976216799999995	0.0480312001	0.0364578897	0.018315685	0.0518252601	-0.0473086785	-0.0555234996	0.0158311149	-0.0155011529	0.0426854366	-0.0016289952	-0.0738439567	0.0594122678	-0.0440385557	-0.0384492772	0.1278460059	0.0252845425	0.0497700332	-0.0356790579	-0.0861972406	-0.051161816500000006	-0.1543246627	0.08255166950000001	-0.0014912315	-0.043829312800000006	-0.0541032371	0.0066975173	-0.0706126975	-0.053435746799999996	0.016846565	-0.0727580347	-0.0115661081	-0.0194966296	-0.0892980333	-0.0045936068	-0.0124684789	-0.0144419282	-0.0613250468	0.0787378871	0.0462870545	0.0354922646	0.0833332261	0.045130787400000004	0.0411910311	0.0151263756	0.1910592221	-0.034852875400000004	-0.054935709900000004	0.06495069839999999	-0.0576814566	-0.0697602713	-0.1621401202	-0.0278455153	-0.0397723252	-0.0413389469	0.051642096799999995	0.0403813794	0.1111155745	0.1078918451	-0.028938533399999997	-0.10309740519999999	0.0129613875	-0.0674133629	0.0085605511	-0.002332968	-0.0065955305	-0.0345497564	-0.058317043799999996	-0.034093418199999996	0.0917231908	-0.0297991225	0.0018624521	-0.046510107300000006	0.0780236496	0.0367414317	0.0608890752	-0.015318138700000001	0.0661490384	0.0343923857	0.047616892699999996	0.011423266000000001	-0.062974526	0.062744091	0.0328062008	0.0327753449	-0.0403975856	0.0542293543	0.0185713873	0.0107749622	-0.0989667188	-0.0232699729	-0.0750943109	0.0588054316	-0.0937842402	-0.0323510222	0.0947115051	-0.030352518199999998	-0.0719455454	-0.08823400599999999	0.0293591803	0.0687828683	0.1136483943	-0.0310638226	0.0150089647	0.0007579524	0.0048048347	0.0440718955	0.0217214588	0.010016307700000001	-0.0045940465	0.031785403399999995	-0.0122552947	-0.0694689299	-0.0245241059	-0.0513317191	0.1481494098	-0.0617430175	0.045095120999999995	-0.08571974	-0.0646821977	-0.0641566813	0.18291625670000008	-0.0085950078	-0.0381109955	0.0162167789	0.0387802782	0.0817131552	0.11429532140000001	0.04594443559999999	0.11028845050000001	0.025152882999999997	-0.041483897	0.0626985167	0.0562754131	-0.029261113999999998	-0.1272710975	-0.0457824201	0.0017977896	0.0404522962	-0.030238591000000002	-0.049839185099999996	0.0366697833	-0.0169403721	-0.030963652	0.0279683058	-0.1130115406	-0.11373820330000001	0.0051230269	0.0190350291	-0.05685123860000001	0.054375220099999996	-0.09439591550000001	0.0572764495	0.0651026654	-0.0229514217	-0.0937663669	-2.16134e-05	0.0035921266	1.290337351042756e-05	4.671390595599999e-10	-0.00314235	0.00237571	5.6439980041e-06	9.8743635225e-06	0.00195801	-0.007920690000000001	3.8338031601e-06	6.273733007610003e-05	2.52546e-05	-0.00019505740000000005	6.3779482116e-10	3.804738929476001e-08	4.867620000000001e-07	0.0	2.369372446440001e-13	0.0	0.0	0.00012353200000000004	0.0	1.526015502400001e-08	0.0	0.0	0.0	0.0	0.0	0.0
8593.063617146205	14.512664644955294	73840742.32832181	210.6174350969354	9979.11255640104	-9.291606713113653	86.33395531117867	99582687.41332091	6507.837580064062	5.129886632963462	26.315736867057204	42351949.96849407	6991.209097761634	11632.11391506285	0.854859	33.528786	0.0107260198	0.00626309	-0.0071793058999999985	0.031078657200000002	0.0122531828	-0.0294459454	0.0135147124	-0.0069661505000000006	-0.0902799025	0.0112297145	-0.0495583095	0.0211383156	-0.051237173600000005	0.031971445099999996	0.0976391181	0.08531284880000001	-0.026602587799999997	-0.017077036	0.0689877258	-0.049107615300000004	0.1167624504	-0.0175774432	0.036111839900000005	-0.0751695409	-0.0687776996	-0.0037802692	-0.0817585738	0.0925693221	0.011263676799999999	0.0057761535	-0.0061012626	0.0269052741	-0.1625524177	-0.0689914656	-0.0212320593	-0.079425232	-0.0081896993	0.0308229079	0.0868306293	-0.0044079101	-0.0412650217	-0.002261612	-0.0216494581	-0.0597627305	0.0547862387	0.0088947317	-0.019867746999999998	0.0021111117	-0.0769935626	0.0492015067	-0.0469597171	0.0145006235	0.0488534008	-0.048267856	-0.0381574096	-0.0696920853	-0.0478307482	0.0174992778	-0.0699910067	0.0628842369	0.014025234099999999	-0.09908457400000001	-0.0094855966	0.1191913856	-0.0357337634	-0.0189973589	0.0396831272	-0.0378534765	-0.0694644336	-0.047719626900000006	-0.040240582999999996	0.028858770099999997	0.0936016714	0.0507584894	0.0141443102	-0.1213488474	0.0077463567	0.0157911326	0.033725172799999995	0.1264817205	0.0394957823	0.018498316100000002	0.0300865905	-0.043152988600000004	-0.022386487799999997	-0.0076667520999999985	0.06469560889999999	-0.0389384553	0.0607240167	-0.0695534282	0.0558549547	-0.0120362356	0.0019915435	0.0086874334	-0.1401184137	0.1013332715	0.0156029298	-0.0193443274	0.018977461799999998	-0.05197077	-0.030309370899999997	-0.045824797599999995	0.1315009833	0.0345835299	-0.1707240923	-0.11277683279999999	-0.008892342900000001	-0.0857673769	-0.0077944985	0.1222912399	0.0202613349	0.0013543618	0.0661379679	-0.0669133703	0.0269236242	0.08598740880000001	0.0058432719	0.09032557810000001	-0.035180943	0.0218672221	0.0570067939	0.0134053733	-0.0555003337	0.06468113190000001	0.0240702552	0.0319675013	-0.0635005148	0.011761821499999998	0.0145545716	0.033571431	-0.08100707089999999	0.0445267501	0.044852263200000006	-0.0470834621	0.0349408277	-0.0564668082	0.035763188	0.0096134146	0.093737825	-0.028760993500000002	0.0534611037	0.022781748199999997	-0.1276820973	-0.0785439929	0.0399951048	-0.0007991716	0.0679732724	0.0514506997	0.0930337111	-0.0098430135	-0.0124931949	-0.08919234109999999	0.056997973	-0.0396387468	0.06795131160000001	0.0185812404	0.023981323500000002	0.0542019798	-0.014848736100000001	0.0963854525	0.0468835435	0.0058999659	-0.0396241756	0.10060599	-0.0033326115000000003	0.0062926754	0.053878354100000005	0.0656285922	0.0261676599	-0.0402763381	0.016078498	-0.0373043133	0.0665601964	-0.19223602039999999	-0.0028188139	0.0515526442	-0.013922896399999999	0.048854320300000004	-0.0241893037	-0.058745740899999996	0.0528746608	0.1054726156	0.0928880984	0.0438935394	-0.054353525	-0.0831972819	0.0591746484	0.2163843409	-0.0809891118	0.0574601638	0.0637028804	-0.0264101769	-0.0959769915	-2.16134e-05	0.0	0.0	4.671390595599999e-10	8.408979999999999e-05	0.0032264397999999996	1.040991378302404e-05	7.0710944640399975e-09	0.00494298	0.00298497	2.4433051280399995e-05	8.910045900899997e-06	-6.50376e-05	-9.02922e-05	4.22988941376e-09	8.152681380839999e-09	4.867620000000001e-07	0.0	2.369372446440001e-13	0.0	0.0	0.0	0.0	0.0	0.0	0.0	0.0	0.0	0.0	0.0
8594.510867825305	1.4472506791007618	73865617.05716729	2.0945345281576158	10004.998061055308	25.885504654268516	670.059351206157	100099986.20172048	6522.353396041716	14.515815977653801	210.70891349710942	42541093.82285691	7004.927335076549	11541.082527019982	0.917124	35.970917	0.0127462052	0.007961579999999998	0.022517185	0.0135744099	0.07506907110000001	-0.0385924593	-0.0266365384	-0.0504088314	-0.12017223869999999	-0.0798374291	-0.011619286000000001	0.0462120394	0.0101670726	-0.059468755899999996	0.029089373300000002	0.0089876876	-0.0059792878	0.1169627797	0.0554939715	0.0481831183	0.0537711878	-0.0876050339	0.057607600999999994	-0.0856663753	0.0095424645	-0.021679337400000002	-0.0698867516	0.0930243183	0.0152668035	-0.057193525999999995	0.0307654531	-0.043459969	-0.025251902599999997	-0.1755528667	0.0308760868	-0.0668470642	0.048230767199999997	-0.0514108621	0.13696229	-0.0007080098	0.0046360395	-0.0038557017	-0.0721724982	-0.0561604556	0.11057720859999999	0.000234345	0.05957224570000001	0.06823209570000001	-0.0307856673	0.0200188895	-0.0420072295	0.0093977279	-0.0028793212	-0.0074954912	-0.0960120603	0.0438423849	0.0351696077	0.0271176861	0.0516772717	-0.006658848199999999	0.0264889243	0.0188629778	0.0291093625	0.08168275030000001	-0.0877992897	-0.0413273331	0.0489939187	-0.0579048463	-0.018318220700000002	0.0574008154	-0.0454088014	-0.0489269604	-0.0696872598	0.0811579275	-0.031194712599999997	-0.0956804283	-0.1377554299	0.0229138935	-0.0112490976	0.0145736792	-0.0824675466	0.0371781727	0.0287010163	-0.0010459596000000002	-0.010902288000000001	-0.12141976380000001	-0.0583033668	0.0690149196	0.0201977967	-0.0988057287	0.0132832888	-0.0301589838	-0.004006515	0.056882597	0.041324761099999996	-0.0050699808	0.0360156119	-0.0255504638	0.0099633412	-0.0691446336	0.0135828872	0.07034390230000001	0.035402945400000004	-0.10459756320000001	0.1894020167	0.0208581283	0.1019749184	-0.10926507810000001	-0.10752848470000001	0.005767260799999999	0.0159114056	0.035742678	-0.0012676609	0.1385395911	-0.0421536345	0.0177591024	-0.0505066479	-0.0626175628	-0.045620037	0.0663865715	0.0042767428	0.043305336900000005	-0.1112942831	0.0001423806	-0.0142151754	0.0373985153	0.025162920499999998	-0.0237153011	0.0688032932	0.0080687224	0.013020469199999999	0.0030258267	-0.0355291132	0.0340802052	0.0774888753	-0.0136446925	0.0200577144	-0.047011087	0.014847414	-0.023753949500000003	0.10144151550000001	0.1132418106	-0.0809179128	-0.09899661050000001	-0.0367335943	-0.051697338899999994	0.023776109900000002	-0.0010561809	0.1101333893	-0.0709686824	-0.0055327173	-0.0150220024	0.011807229399999999	-0.050222629000000005	0.0548343996	0.0153612022	-0.0068807438	0.07025239009999999	-4.92579e-05	-0.0731608272	0.0347506176	0.1132074607	-0.0279754254	0.0327828294	-0.11217236470000001	-0.0963888573	0.0213672248	-0.10000320830000001	0.0332202887	-0.0124121534	0.0696758289	0.05898910440000001	-0.0970838434	0.0734564657	0.0025599195	-0.031462709500000005	-0.047220331399999996	-0.0583261535	0.1305398942	0.0205190514	-0.12242850029999999	0.11386327880000001	-0.0502283588	0.0432594591	0.038571782	-0.10344626859999999	0.17554201239999995	-0.0181937623	-0.007011818	-0.0961909598	0.062284525300000004	-0.0298381391	-0.09793586060000001	-2.16134e-05	0.0	0.0	4.671390595599999e-10	0.00453831	0.0044542202	1.984007759008804e-05	2.05962576561e-05	0.0073477	0.0024047200000000012	5.398869529000001e-05	5.782678278400004e-06	5.27077e-05	0.00011774530000000001	2.7781016392900003e-09	1.386395567209e-08	4.867620000000001e-07	0.0	2.369372446440001e-13	0.0	0.0	0.0	0.0	0.0	0.0	0.0	0.0	0.0	0.0	0.0
8608.212446939522	13.701579114216655	74101321.53164451	187.73327022313808	9993.179495282337	-11.818565772971851	139.67849693006173	99863636.42493132	6518.765923445837	-3.5874725958792624	12.869959626184693	42494309.164678656	7004.830250291853	11778.541150919573	0.941791	36.938377	0.0260877916	0.012478800000000005	-0.0328356556	0.0490446516	0.044557709	-0.024888522000000003	-0.0092077586	0.0164369421	-0.017221838	-0.10747653039999999	0.036016670099999995	0.0763000989	-0.059816698499999994	-0.0151456478	-0.0645239567	-0.046547497699999996	-0.0021744291	0.0559561759	-0.0887293577	-0.0364163504	-0.0021044844	-0.012039286699999999	0.0864355176	-0.0962360353	0.023794613	-0.0314969601	-0.1017709676	0.0209449921	-0.0016374404000000001	0.0044952142	-0.08928158230000001	0.073033273	0.0343017032	-0.032543000600000004	0.0009707794	0.0975716767	-0.103966509	-0.0397389253	0.08522482699999999	-0.0775286255	0.0163342206	0.0157569769	-0.037841689399999996	0.10891326970000001	-0.027454211099999997	-0.0053186502	-0.024324199900000003	0.0822371879	-0.0250630092	0.0070891144999999985	0.018770381399999998	0.058553264199999996	0.0515701455	0.10382631449999999	-0.1068492421	-0.0015744452	-0.011107034299999999	0.058332732699999994	-0.0283156118	-0.0281662806	-0.0744862955	0.0995328491	-0.0410269174	-0.0381111497	-0.00095679	0.1035574861	0.0166678985	0.0368899766	-0.024138892400000004	-0.0067008211	-0.1153922309	-0.19334967260000002	0.004526618400000001	-0.0330688623	-0.024922719	-0.0254714279	-0.10273559550000001	0.019025598300000002	-0.023751909100000003	0.051390499400000005	-0.012448298799999999	0.1137308235	0.0912330916	0.0788578485	0.0345035469	0.0892961108	0.0997932772	0.07521330429999999	0.0509307212	0.0325266212	-0.028571763700000002	0.1321786855	-0.0256612612	0.17145695649999998	-0.0664290805	-0.0690028169	0.0113169829	0.024838714100000003	-0.0294699734	-0.08902902210000001	0.0060334923	0.0165911633	0.046174760700000005	0.0082495926	-0.18387874420000005	-0.0036049062	0.1485088622	0.0003246995	-0.0939397856	0.08632283269999999	-0.1112681478	0.0675826638	0.0718864557	-0.0119277841	0.0187177725	-0.0168470629	0.091759069	0.08031967200000001	0.0504360317	0.0252713052	0.0334316808	-0.028652362	-0.1267827244	0.021282105899999997	-0.005876055799999999	-0.0633188732	0.07910944019999999	-0.032827348799999996	-0.0029991673999999998	-0.0045754463	0.027814681600000002	-0.0102910498	-0.0551201704	-0.0335237455	-0.07185329530000001	-0.11723730210000001	-0.0648215514	0.12113690619999999	-0.0165473026	0.010117199	0.0754346182	0.04462972690000002	-0.0122346601	-0.0626291435	-0.0056936339	0.08654252929999999	0.042025704299999994	-0.0407413139	-0.005348175699999999	-0.0565431883	0.1000951262	0.1102015555	0.0708077377	-0.0477287709	0.09150082550000001	-0.0504237187	-0.0757956878	0.11529031640000001	-0.0672157506	0.0228759841	-0.06738541320000001	0.060863791699999996	-0.0711889989	-0.0451144574	-0.0726294104	0.1149167275	0.0708657346	-0.0658479648	-0.08076428	0.0353902362	-0.0554057182	0.0974128978	-0.0739274043	-0.155233077	-0.18031912519999999	-0.0678256483	-0.051088102999999996	0.0045664968	0.0021826949	0.042036233099999994	0.09752751720000001	0.1192748789	0.0271834414	-0.015250268	0.020036285900000003	0.07280954440000001	-0.0176194413	0.08539258109999999	-0.0178537722	0.11446968269999999	0.0608480136	-0.0332313112	-0.09963783609999999	-0.008253959999999998	-0.008232346599999997	6.777153054253152e-05	6.812785568159996e-05	-0.00190661	-0.00644492	4.15369938064e-05	3.6351616921e-06	0.00309289	-0.00425481	9.5659685521e-06	1.81034081361e-05	0.000100293	4.7585299999999986e-05	1.0058685848999999e-08	2.2643607760899995e-09	4.867620000000001e-07	0.0	2.369372446440001e-13	0.0	-9.552900000000004e-05	-9.552900000000004e-05	9.125789841000009e-09	9.125789841000009e-09	0.0	0.0	0.0	0.0	0.0	0.0
8601.899540140072	-6.312906799450502	73992675.69866198	39.852792258548384	9984.787700514771	-8.391794767565443	70.42221942093875	99695985.42435104	6511.470946455081	-7.294976990756368	53.21668929566483	42399253.88652863	6999.0644017401355	11927.90804404485	0.9374650000000002	36.768707	0.0747934519	0.0317553	-0.0598156091	0.0596038157	0.0399399566	-0.00035640410000000003	0.000899743	0.0156443797	0.0311166168	-0.0768490926	0.0867092716	0.0804617435	0.0179391388	0.0775005042	-0.08817988410000001	-0.0256766602	0.075274486	-0.009439796	0.0326523993	0.04672969230000002	0.0388519501	0.0955963471	0.0389029736	0.0011084168	0.0962832585	0.0102099648	0.0440916272	0.06642152009999999	-0.09404509470000001	0.036815913	-0.0459809634	0.0383809498	-0.1096629703	0.011480787	-0.0407106198	-0.06058148190000001	0.0146926071	0.0317333766	0.0064846808999999995	0.0638920703	-0.1171863849	0.0672133088	0.14533643	-0.0349343679	-0.00042803839999999997	-0.0464617571	-0.0079174761	0.0751608099	-0.035967778799999996	-0.026113914300000002	0.0107015826	0.07142988809999999	-0.022571455499999997	0.0800329869	-0.0637618406	-0.0327246881	0.0043539127	-0.0149387989	0.0315908779	0.015632945	0.014847716799999999	0.0167901819	-0.2488305053	0.0594873624	-0.0365935379	-0.0001911053	0.0589833134	0.058987867	-0.054919533300000004	0.0637387895	-0.0543042908	-0.1617717974	0.0266180112	-0.0128881895	0.0218551724	-0.1481926278	-0.030199607599999997	-0.011624493999999999	0.0705419869	-0.14351985720000002	0.1095517395	-0.078016625	0.0148098275	-0.029186417000000006	0.023785246	-0.0311720632	-0.0953036255	0.012256468999999999	-0.06055114740000001	-0.0397034106	0.055458528	0.0270654096	-0.0175440339	-0.0287515599	-0.09966528820000001	-0.0715720137	0.1036673526	-0.1607890109	-0.15567950949999998	0.0661403811	0.08225765480000001	-0.0479430708	0.0733037456	0.11692695789999999	-0.049352237199999996	0.0092981951	0.0262140432	0.0450038795	-0.030578335499999998	0.0233250884	-0.08686913240000001	0.0011495162	-0.0025858502	0.0767408032	0.023782570099999997	-0.028801466499999998	0.0715041212	0.07671938910000001	0.0888615756	0.028373596400000006	-0.0022581198999999997	-0.051260811600000004	-0.0799681482	-0.0371894674	0.027291814700000003	-0.044633773700000004	0.0789976201	0.0518336724	-0.015810660600000002	-0.1242715083	-0.055259459000000004	-0.028791020499999997	-0.0182529028	0.0656907095	0.0087916122	-0.0652924505	-0.0723477755	0.20652338260000005	0.0911730315	-0.0405564781	-0.0870135139	0.021963544300000002	-0.0984653011	-0.090332392	-0.0374043228	0.0264002448	0.009649898	-0.09276696570000001	-0.063594552	0.10209006080000001	0.072691401	0.01963563	-0.0149654552	-0.016394623799999997	-0.0660606716	-0.0359640293	0.0091629946	0.10392057710000001	-0.0019071685	0.0827049924	0.0648381893	0.0133154001	-0.1251171824	-0.0362190114	-0.1055627581	-0.0410763055	0.09623665	0.0629649845	-0.0433703908	0.0512998514	0.0546586136	-0.018810033700000003	0.0529127456	0.1325106938	0.0484924463	0.16489247710000002	-0.0141432536	0.0206579052	-0.053408926399999994	-0.0299582241	0.14586196640000001	0.1293444491	0.0626755708	-0.0362895105	0.0271268098	0.0526812357	0.0760114815	-0.0296687621	-0.045193948899999996	0.044857315999999994	0.0593937641	-0.0365857372	-0.10107845359999999	-0.017901499999999997	-0.00964754	9.30750280516e-05	0.00032046370224999985	-0.015843699999999995	-0.013937089999999996	0.00019424247766809989	0.00025102282968999986	0.0117979	0.00870501	0.00013919044441	7.577719910009999e-05	0.00047491	0.000374617	2.255395081e-07	1.4033789668900001e-07	0.000180433	0.000179946238	3.2556067489e-08	3.2380648570352644e-08	-0.000391042	-0.000295513	1.5291384576399998e-07	8.732793316899997e-08	0.0	0.0	0.0	0.0	0.0	0.0
8607.168721081367	5.269180941295417	74083353.39316146	27.764267792110854	9998.480102947153	13.69240243238164	187.4818843702907	99969604.36903009	6504.360828404013	-7.1101180510677295	50.553778700119175	42306709.78607654	6993.332487847852	11959.027933581809	0.983714	38.582684	0.03030321	0.0162752	-0.0829674126	0.0343189961	0.11523878369999999	-0.025315405899999997	-0.0316013348	-0.062014072	0.0888701235	-0.096681821	0.1085840377	0.162110447	0.06629590269999999	0.0360185059	-0.0086880889	-0.0618245379	-0.0768948367	0.0246041202	-0.0292981998	-0.06744126360000001	0.0186337905	0.0643622552	-0.1151000783	0.0413052421	0.03271709	-0.12500276429999999	-0.10585668849999999	-0.0237949842	-0.0443505435	-0.0395324534	-0.039104005	-0.0343545322	0.1368168715	-0.0492836151	-0.03577172	-0.0807884378	-0.101998095	0.0399854785	-0.0767683578	-0.0058865628	-0.1559892554	0.0449294998	0.043686961399999995	-0.0270214905	0.082709283	-0.08444676039999999	0.0215222787	0.10978167900000001	-0.0052164097	-0.0923564265	0.0998526141	0.07533658480000001	-0.0014466266	0.1826024693	-0.0339035132	-0.05221431940000002	-0.0636832435	-0.018658220700000002	-0.0628195486	-0.05686303	-0.0727828485	-0.04454063900000002	0.026766542400000003	0.0348909639	0.1427202228	-0.0672783346	0.06021541900000001	0.031170824500000006	-0.00907153	0.0680920628	-0.1168727577	0.1623858051	0.0625546616	-0.081259617	-0.0363476523	0.042426478499999996	-0.1061783065	-0.0320399876	-0.14550864689999998	0.0728939143	-0.0439060856	-0.0005035323	0.1305627945	-0.1421194801	0.0785192671	-0.056223595099999996	-0.0703448525	-0.1293955096	-0.1898279723	-0.0364841348	0.1022368632	0.1425670463	-0.0543741348	-0.033551677200000005	-0.0481219946	0.0043604918	-0.0343693366	-0.038509757	-0.0358211552	0.0310687975	-0.13181027509999999	0.0286650785	-0.0165144158	0.19298298390000002	-0.0123558676	-0.09461295199999999	0.0282883222	0.04201922190000002	-0.15219478720000001	0.0316763655	0.0339372821	0.061092832699999995	-0.0299198244	0.10195850050000001	-0.008269043	0.0688605371	-0.042988825700000004	-0.0779108226	-0.0265377135	0.0830333127	-0.0613037637	-0.0666179393	-0.0743187865	-0.08785750810000001	0.0095331448	-0.1430397015	0.0678365003	0.007655055	-0.1084799499	-0.0642436116	0.0048137719	-0.0084653482	0.0558741526	-0.1269649208	-0.0531315563	0.0189222651	-0.0817728695	-0.0501402473	0.002429942	-0.0423976204	-0.0202271563	-0.1102337084	-0.14977140279999998	0.0357273498	-0.0217717359	0.1070946972	-0.0131105504	-0.0080852305	0.0056465522	-0.00035747769999999995	-0.0604319676	-0.019250908400000002	0.053259345199999995	-0.11007195189999999	0.0564979825	-0.0982697192	-0.0448488397	0.1200282567	0.0620221577	-0.20203244609999998	-0.0560865651	-0.0859041271	0.1834346606	0.0588878354	-0.12231116730000001	-0.0713045049	0.1360745865	0.10476749380000001	-0.10880706150000001	0.0669732395	-0.0890341242	-0.0811303698	0.09657611	0.0219131648	0.0017300711	0.1763729127	-0.0708711526	-0.0024866494	0.0430023142	0.1144261853	-0.0152973536	-0.0258975416	0.0269565387	0.1191319217	0.009426801	-0.13405484210000002	0.08360477549999999	0.0384084902	-0.0527972277	0.0106357805	0.057922200800000004	-0.039897505800000004	-0.102253934	-0.021743900000000004	-0.0038424000000000062	1.4764037760000048e-05	0.0004727971872100002	-0.00385406	0.011989639999999996	0.0001437514673295999	1.4853778483599997e-05	0.00758903	-0.00420887	5.75933763409e-05	1.77145866769e-05	0.000481137	6.22699999999998e-06	2.31492812769e-07	3.8775528999999746e-11	0.00016115	-1.9283000000000005e-05	2.5969322499999998e-08	3.718340890000005e-10	-0.000570778	-0.00017973599999999997	3.25787525284e-07	3.2305029696e-08	0.0	0.0	0.0	0.0	0.0	0.0
8612.00762532312	4.838904241752972	74166675.33862357	23.414994260854893	9990.90995459794	-7.570148349212104	57.307146029078744	99818281.72088422	6495.709273843363	-8.651554560649856	74.84939631590133	42194238.97029467	6990.344279625817	12227.905936397126	0.982861	38.549225	0.05728697	0.0361626	-0.13105826199999998	0.075718345	0.053340279299999994	0.0089646624	-0.013809054	0.0014679743	0.09632449470000001	-0.0160076678	0.0674259955	0.0637347206	0.006760848199999999	0.01860626	0.0068826729	-0.0622201835	-0.0038505240999999997	-0.0617887771	0.059460765599999986	0.0582733807	0.1590243188	0.1119979585	-0.1429635786	0.0652150449	0.0332698504	0.037826139700000004	-0.0373009771	-0.0370219093	0.0649853102	0.024677230699999997	0.0437411238	-0.1277371057	-0.0589808441	-0.0352427056	0.0178250901	0.0491229524	-0.0007847039999999999	-0.0194352733	-0.032897252599999996	0.0360804239	0.049408006799999994	0.0344520339	-0.0426901481	-0.0089630297	0.0068654868999999995	-0.0997698714	-0.043307812800000005	0.0669124454	-0.0210426152	-0.090709285	0.1027457814	0.0959372651	-0.045649343700000004	0.09661674769999999	0.0515520136	-0.1040283501	-0.12800152480000002	0.1259430079	-0.0699254854	-0.0578609645	0.0187985414	0.0702383837	0.031143861000000002	-0.0355333409	-0.04753317	-0.11267759529999999	-0.0617636184	-0.0767134246	-0.0076691486	0.0461936829	0.0859625256	0.0198087584	-0.0764915307	-0.0757583978	-0.10039416050000001	-0.0976300947	-0.0606123268	0.021251714100000003	-0.11629349480000001	-0.0483782248	-0.056110619900000006	-0.0813381491	-0.010535296299999998	-0.0092343913	-0.009883870500000001	-0.0275746015	-0.061130329299999994	-0.08397448689999999	0.1420256602	-0.0056593262	-0.0130436319	0.0903222878	-0.056704896799999994	0.0874254734	0.060414019900000004	-0.034652266099999995	-0.0764591202	0.0321953904	-0.0545905014	-0.1677336938	-0.006864574599999999	-0.1574478924	0.0076317436	0.0144811578	0.09381789210000001	-0.0768525276	-0.2101365654	-0.0526698283	0.0840093909	0.0399322524	0.05875730990000001	0.07642452940000001	0.046869464000000007	0.0985622518	0.003408601	-0.041906225400000004	-0.0096141133	0.021507244300000002	0.1447584209	0.012056966399999999	-0.0702336739	-0.11109155009999999	-0.0065458832	-0.06616563889999999	0.022317836299999998	-0.0701738503	-0.0386860712	0.0948740068	-0.09174651310000001	-0.0537380642	-0.024410222599999996	0.1031885032	-0.04211031480000002	-0.1565106276	0.0768880663	-0.0710829082	-0.0514079641	-0.0236044261	-4.53981e-05	-0.08133816740000001	-0.0192701107	0.1774615937	0.04482548769999999	0.0736799613	-0.0970194869	0.030338831200000006	0.07251538589999999	-0.0480491855	-0.0236216746	0.0399445664	-0.060019927	0.04618518730000001	-0.0545431378	0.0619718243	-0.11819996390000001	-0.0018921298	0.1520550435	0.0343725246	0.0889051849	-0.098311556	0.012947583300000001	-0.0177796453	0.08372933190000001	0.0589698651	-0.04725830650000002	-0.011374626	0.0410102906	-0.0386048835	-0.0270519385	0.08765618210000001	-0.0190118924	-0.0477123889	-0.09583050580000001	-0.0505942088	-0.0370168841	-0.0562484928	0.1105874673	-0.0699520899	-0.0163220799	-0.037681670800000004	-0.0230919481	-0.0469441188	0.1987407941	-0.0409149797	-0.0621224323	-0.014397425	0.0344799724	-0.0534165736	0.10035619890000001	-0.0082793647	0.0564337526	-0.0431627558	-0.1031611942	-0.0321836	-0.010439699999999994	0.00010898733608999991	0.00103578410896	-0.035898800000000015	-0.03204474000000001	0.0010268653616676009	0.0012887238414400009	0.00762481	3.578000000000001e-05	5.813772753610001e-05	1.280208400000001e-09	0.0004967	1.5563000000000013e-05	2.4671089e-07	2.422069690000004e-10	0.000174379	1.322900000000002e-05	3.0408035641e-08	1.750064410000005e-10	-0.000837321	-0.00026654300000000005	7.011064570410001e-07	7.104517084900003e-08	0.0	0.0	0.0	0.0	0.0	0.0
8604.631397877793	-7.376227445327458	74039681.49334434	54.40873132520205	9983.956126665133	-6.953827932808053	48.355722919101524	99679379.93917423	6490.165495834829	-5.543778008533992	30.7334746079051	42122248.16332495	6978.294178483592	12008.549655367364	0.990158	38.83541500000001	0.07159773	0.040061800000000015	-0.0922298772	0.0348912511	0.1258576507	-0.0391824567	-0.0117983002	-0.0939199564	0.0747324753	0.0238872587	0.09073171699999999	0.0648061551	0.0366580623	-0.0137809873	0.0098633789	-0.1056271479	0.0638176318	0.0213330027	0.0500670312	0.1249548882	0.038141204500000005	-0.0572947275	-0.09729821429999999	-0.0173610918	0.0358220025	0.052393291200000004	-0.0801800159	-0.0357830137	0.08785062199999999	0.0082073147	0.0512604459	-0.0937578662	0.0669675364	0.0376221002	0.0325342671	-0.0099336253	0.035797295699999995	-0.1100022701	0.0319539186	0.10333950380000001	-0.07150215809999999	0.1388547763	-0.0285230889	-0.0027714807	0.0429832109	-0.11523074109999999	0.07026031440000001	0.037107286	-0.0484593649	-0.0804539671	0.0755619713	0.0194321456	-0.07203047900000001	0.1496888901	0.0706208267	0.0195115147	-0.0941782244	0.06850865219999999	0.0529300953	-0.016885441799999998	0.0478681688	0.1354556733	0.012507694599999999	0.0086009011	0.0444192726	0.0674931403	-0.09016101130000001	-0.062238480599999986	0.129337817	0.0019751682	0.0893244566	0.013920896200000001	-0.1346218178	0.137412745	0.0604612155	0.1182391179	-0.0030917633	0.0365545023	-0.1353959932	0.032701615	-0.0518558439	-0.0297698896	-0.0644103084	-0.06870573690000001	0.1265694953	-0.048371225	0.0426764019	-0.1319971553	0.0065852592000000005	0.0198214303	-0.008234605400000001	-0.0711693154	-0.0401717642	-0.0750129019	-0.01865916	-0.0113924618	-0.0649682536	-0.0286067064	-0.0066122099	0.0747982255	0.1355077945	0.0136261178	0.1041762218	-0.0507549785	-0.0092309545	-0.122955173	-0.0178814554	-0.015877805	0.023454141499999998	0.0232627976	-0.04087135	0.0079613134	0.0366506172	-0.1044553459	-0.05845003820000001	0.042826560300000004	0.0049877487	-0.0197906317	0.0573624617	0.0998746759	-0.09578195210000001	-0.0466343429	0.0185029481	-0.0893231892	0.023496328599999998	-0.025319843199999997	-0.0528225842	0.028448985899999998	-0.1169809525	-0.0740309836	0.026146872	-0.0181649958	-0.12336218759999999	-0.09958165349999999	0.1122019593	-0.11539318900000001	0.0182349992	0.013930765500000001	-0.0916020432	0.0597266721	-0.0022133539000000002	-0.0060018206999999995	0.12645462	-0.0023291445	-0.0494462552	-0.1109870566	-0.0674655858	-0.0321404038	-0.0550559438	-0.14460189539999999	0.019223405500000002	-0.0837154911	-0.0020587729000000003	-0.055425277300000006	-0.0718982912	0.06201340480000001	0.010324267600000001	-0.0208678833	0.0246283064	-0.1867909665	0.0812156783	-0.084318491	0.0844584807	0.0473805419	-0.0648772992	-0.0312469978	-0.0625615308	-0.0644833523	-0.003821712	-0.0567028605	0.0017494435999999998	-0.0462637697	0.0326816234	0.0675136841	0.0208723851	0.066343402	0.0226508495	0.0004041395	-0.0954368308	-0.1351294181	-0.0246701844	-0.0233644358	0.0788038348	-0.0220243104	-0.12191817070000001	0.059882167199999996	0.1402332826	0.0753944943	-0.052637374199999996	0.028799089500000007	0.054928853300000004	-0.0463776798	-0.1037978542	-0.0229886	0.009195000000000002	8.454802500000003e-05	0.0005284757299599999	-0.00198109	0.03391771000000001	0.0011504110516441007	3.9247175881e-06	0.00772738	0.00010256999999999974	5.97124016644e-05	1.0520604899999947e-08	0.0007065680000000001	0.0002098680000000001	4.99238338624e-07	4.404457742400004e-08	0.000234406	6.0026999999999986e-05	5.4946172836e-08	3.6032407289999984e-09	-0.000539567	0.000297754	2.9113254748899997e-07	8.865744451600002e-08	0.0	0.0	0.0	0.0	0.0	0.0
8618.514070162177	13.882672284384169	74278784.7775834	192.7285897556084	9976.692860102525	-7.263266562607896	52.75504115949792	99534400.42482068	6497.908702153046	7.743206318216835	59.95724408647311	42222817.50151628	6980.899569459314	12183.257388785189	0.980816	38.469002	0.07643027499999999	0.0429849	-0.1489351932	0.06592533889999999	0.1104482074	-0.0490096328	0.0023875056	-0.0960507575	0.068008899	0.0394015005	0.0730110697	0.059262579100000004	-0.023536067799999998	-0.0498402497	0.0384532433	-0.07993730889999999	0.1062244129	0.0362439247	-0.0869050693	0.0246606106	0.0558638242	-0.03030561	-0.0322784726	-0.0355402858	-0.17845596030000002	0.1385308171	-0.0245955466	0.0080881954	0.0424893375	0.1009872149	0.020329696499999998	-0.13965552679999998	0.055571194500000004	0.1163744582	0.0316750467	-0.1066779924	0.011674311000000001	-0.06783500320000001	-0.015180208799999999	-0.047918519699999995	0.0204481372	0.0337687773	0.0117159059	0.0575592155	-0.0008165932000000001	-0.1685644861	0.0068308245999999994	0.11652222970000001	-0.0650426474	-0.0598556687	0.0820726577	0.025164805	-0.0165486293	0.1127316766	0.11946555910000001	0.1236589761	-0.1458288858	0.0769528132	0.0062265688	-0.044125355199999994	0.028871052	0.0541647705	-0.009369596899999999	-0.0093100513	0.0335123924	0.19951970089999999	0.0879471801	0.0377015221	-0.013428728700000002	-0.0763876064	0.0374651474	0.0007793965	-0.0815336252	-0.0728538505	-0.045667223	0.0053964059	0.0338833193	0.0158508261	-0.0080417354	0.0104146546	0.0608024297	0.011164106200000001	-0.0104672445	0.0717700075	0.059616280999999986	-0.08348419900000001	0.15016669130000002	-0.09105564210000001	0.1063687441	0.0523470169	-0.1141243694	-0.0325841385	-0.1140770782	-0.0440810416	0.0552508376	-2.51387e-05	0.0089983116	-0.0243038288	0.043913605	0.1501855968	-0.0133922137	0.1778831168	-0.041476234	0.0499315842	0.0370755753	-0.0034971016999999997	-0.0284174094	0.0869709462	0.044702718200000005	0.040010896000000004	-0.0240683009	0.0556385092	-0.10514260480000001	0.20430336329999998	-0.025985427400000004	0.0705381501	0.079552832	0.0878624132	-0.1323013478	0.114454059	-0.0480410962	-0.1122513208	-0.030233402000000006	-0.0643230642	0.019411214399999998	-0.057183435	-0.1107603866	0.0546521256	-0.1240424356	-0.011624340300000001	0.0824777142	-0.06781441769999999	-0.1410890572	-0.1433472992	0.0056183480000000004	-0.0645835713	-0.0630216137	0.00023322099999999998	-0.09441745	0.103822946	-0.1176553835	-0.0587727988	0.0773188038	-0.0871292798	0.0086704869	-0.0173388047	0.0327287335	-0.1609056733	-0.0734801378	-0.023175913399999998	0.0792068108	0.0318796336	0.0466817684	0.0763897837	0.0565738117	0.1065342232	0.0217650875	-0.040955192	0.0031827216999999997	-0.011938541200000001	-0.003956235	-0.016340011499999998	0.0063205675	0.0793039165	0.0411793364	0.0388912675	-0.1572824024	-0.0235836396	0.1269790066	0.11041176109999999	-0.1236024948	-0.06640513	0.0717356994	0.038596171	-0.049140124900000005	0.023095738199999997	-0.0900998334	-0.043508152599999995	-0.019005626100000002	-0.0154591794	0.0044454967	-0.018620562900000002	-0.07128084559999999	-0.0923823399	0.0898287428	0.0595099049	-0.0206116624	0.0849281132	-0.1334546962	0.0377348845	0.053407941699999996	-0.0495385296	-0.1041622441	-0.0244653	-0.001476700000000001	2.1806428900000033e-06	0.0005985509040899999	-0.033136	-0.03115491	0.0009706284171081	0.0010979944960000001	-0.000938235	-0.008665615	8.802849152250002e-07	7.5092883328225e-05	0.0012858600000000006	0.0005792920000000006	1.6534359396000015e-06	3.3557922126400066e-07	0.000150461	-8.394499999999997e-05	2.2638512521000002e-08	7.046763024999997e-09	-0.000578991	-3.942399999999993e-05	3.35230578081e-07	1.5542517759999942e-09	0.0	0.0	0.0	0.0	0.0	0.0
8625.359932209603	6.845862047426635	74396833.96016686	46.8658271723964	9981.655119326935	4.962259224410445	24.624016610246553	99633438.9211856	6493.9679479749975	-3.940754178048337	15.529543491805425	42171619.7093266	6976.638599489405	12298.730703269926	1.235058	48.440765	0.083559915	0.0612533	-0.14860212960000002	0.1136007267	-0.014033134899999999	-0.0692547394	0.0073479546	0.0023377551	0.0446371158	0.0871825362	0.0696562255	0.0246744137	-0.1072164712	-0.0305306668	-0.022537334300000003	-0.11086637869999999	0.1601798786	0.0007250963	-0.0649808185	0.026292415	0.049442276900000005	0.0384876049	-0.1612744117	0.014979346599999999	0.0523822001	0.1729631778	0.0231670487	-0.09265150330000001	-0.08597962390000001	-0.0140996203	-0.0463813515	0.08007021190000001	0.0683936304	-0.0224463159	0.1781484677	0.0110168077	-0.0485087474	-0.1373518177	-0.0961746284	-0.0425757626	0.0641997931	-0.09860285490000001	0.029861383300000002	0.1359224695	-0.1362241623	-0.1487000335	-0.09906418300000001	0.0325738404	-0.08764441939999999	0.06783893889999999	0.0003301165	0.1010201297	-0.1464900584	0.0476838169	0.11253677460000001	0.0100777846	-0.1576115731	0.1257519349	0.0919480865	0.0389643789	-0.0619128022	0.0081933503	0.1889536777	0.1637830696	-0.07885646589999999	0.0128366659	-0.023359501600000002	0.0370410261	-0.1483284317	-0.0335842315	-0.0396692561	-0.07374413769999999	0.029332891899999998	0.0108990712	-0.044071426500000004	0.0700771918	0.0328362524	-0.10612597480000001	0.0655236695	0.0005859055	0.0108129399	0.0192012252	0.007871146899999999	-0.10082095199999999	-0.032672829300000004	0.1896352353	0.0627857974	0.20678730620000002	0.0046411042	0.0625014448	0.15506398529999998	-0.038704928900000005	0.0090105737	0.0785191474	0.07282468219999999	-0.0410290979	0.1068720298	0.05190817	0.06081046480000001	-0.037282716800000004	-0.021130382599999997	-0.0252212275	0.07985463549999999	0.0314932196	-0.0806715152	0.0796812971	-0.039068215499999996	0.0250611521	0.1496908243	0.1180553084	-0.07702222809999999	-0.0601706977	-0.0274949092	-0.0824489447	-0.0489364183	0.051711586	-0.08554144400000001	0.011644729	0.054476258	0.0525875397	0.0395402338	-0.1634711687	-0.0018625648000000002	0.058561077999999996	0.0414871109	-0.013156783500000001	-0.1319001816	0.1276631356	-0.0333982636	-0.11767909369999999	0.050746343099999994	-0.0176557294	-0.13542731	-0.08476130970000001	0.042667070099999996	-0.1196950893	-0.031056570099999996	-0.1858515805	0.0412462255	0.14409175470000002	0.0738037144	0.095709713	-0.137487694	-0.0811101792	-0.0061821054	0.1726718775	0.0549754132	0.0641850354	-0.057037347099999997	-0.021832477200000002	0.0189537669	0.09886774300000001	0.0282753025	-0.0046943703	0.0489869807	-0.0081727267	-0.09804505349999999	-0.0337866121	-0.0687935428	-0.038930250699999995	-0.0367389054	-0.0307025491	-0.0426728339	-0.1744173684	0.0717100091	0.0960010191	-0.1226984741	0.038904474700000004	-0.057323037	-0.0846747765	-0.0482321146	0.042941848	-0.0238304033	-0.08401981130000001	0.19829152670000005	-0.0102491101	-0.0361939092	-0.027012448799999998	-0.0091598437	0.013322986200000001	0.0389241371	0.0535245367	0.0232488287	-0.0022257751	-0.0872782966	-0.028143054100000002	-0.0570126995	-0.13891402449999998	0.1602487026	0.0515147292	0.0518714612	-0.052641619699999996	-0.104253408	-0.0200558	0.0044095	1.9443690250000007e-05	0.00040223511364	-0.043132800000000006	-0.009996800000000007	9.993601024000016e-05	0.0018604384358400004	0.00740383	0.008342065000000001	5.48166986689e-05	6.959004846422501e-05	0.000121083	-0.0011647770000000007	1.4661092888999998e-08	1.3567054597290015e-06	0.000130095	-2.036600000000001e-05	1.6924709025e-08	4.147739560000006e-10	-0.000547903	3.108799999999997e-05	3.0019769740900003e-07	9.664637439999982e-10	0.0	0.0	0.0	0.0	0.0	0.0
8611.202366455398	-14.15756575420528	74152806.19604705	200.4366680846461	9985.338138162211	3.683018835276016	13.564627740997901	99706977.73343678	6504.737758278394	10.769810303396296	115.98881397114107	42311613.303972624	6985.991324358725	11711.95568062762	1.371023	53.773483	0.07377011999999998	0.05219540000000001	0.012860861999999999	0.043905237	0.0737053279	-0.0862094235	-0.022475556600000002	-0.1152876025	0.0097347294	0.08117303990000001	-0.0151049169	-0.0304782775	0.038379101400000004	0.008151715600000001	-0.0884256291	-0.0722805495	0.09698610710000001	-0.0788993943	0.0032202326	0.09603410470000001	-0.0004825603	-0.0414119858	0.013033894399999999	-0.0372873252	0.0388161701	0.0606511983	-0.006124033	-0.016512513	0.0180120169	0.1366900882	-0.026591501899999998	-0.013813589	0.10993042480000001	0.0083442592	-0.0800867026	-0.10034549220000001	-0.0460661391	0.0554218413	0.0590081178	-0.0619367236	-0.1271407158	-0.0161286379	0.08690981369999999	0.0436541036	-0.0688441751	-0.0699784957	0.1357816499	0.0374815085	-0.0231786015	-0.026361249700000002	-0.086850104	0.0358848567	-0.1443955526	0.09288772220000001	0.0908028627	0.0817018038	-0.0826754928	0.0271895745	0.08621962789999997	0.06518588480000001	0.026700985	0.0243552605	0.1260741568	0.050612507599999995	0.0756133087	-0.0771209247	0.0800239172	0.1015397458	0.059549430199999996	-0.024653827599999997	0.0047195192	0.0629800248	0.0192362291	0.021262177	-0.0725817925	0.09942883820000001	0.10211060179999999	0.0029887168	0.0849216536	-0.0748791721	0.146874862	-0.0689951137	0.05145995230000002	-0.08118625139999999	0.0874360022	0.0069097926	-0.043802069900000004	0.0319476646	-0.0293284829	-0.1350671572	-0.1336410151	-0.0368366625	0.0247462822	-0.0183350344	0.0085247638	-0.0056246785	-0.0124148807	-0.128055926	-0.0962562099	-0.0336565543	-0.0304047967	-0.0305669869	0.08592620109999999	0.0156903618	0.002167438	0.1302604308	0.0133671499	0.019780978600000002	-0.0083965438	-0.0020536129	-0.009125217199999999	-0.0384492691	-0.0864488142	-0.048055757000000004	-0.0500691453	-0.046930178899999994	0.0591606379	-0.052832363099999995	-0.0353493613	0.1148830654	-0.0584211921	0.05485860769999999	0.0095460035	-0.0625237864	-0.0049507896	0.0158263332	-0.1001224648	0.0285161506	0.0022781324	-0.1504880949	5.28999e-05	-0.0704077456	-0.1038839114	0.0023526529	0.047597529699999995	-0.029035224100000007	0.019942853400000002	-0.10487049679999999	-0.044143673	0.0559753618	-0.0891294434	0.0069577301	-0.0265247487	0.0609087249	0.010093098	0.12386838050000001	-0.135101782	-0.0167259734	-0.0104564735	0.074594882	0.0463371766	-0.10462904349999999	0.1196942057	-0.0668744201	-0.0077113168000000005	0.17506375989999998	-0.049332866600000004	-0.0899698659	0.0565539351	-0.0207609691	0.0153140338	-0.0260543087	-0.0624830742	-0.0968772309	0.1412610929	-0.0672977664	0.1068897333	-0.0048797408	-0.018820899199999998	0.0946494167	0.0471920845	-0.0533720434	-0.0684322341	0.0303242634	0.0374953873	0.0157910666	0.0930364277	0.15149290699999998	-0.0005591995	0.0869929965	0.0306131889	0.0683989325	-0.042675387300000006	0.0008971895	0.059331589500000004	0.013134513	-0.0051230165999999995	-0.0001436551	-0.042061580300000005	0.0748998545	0.0503198596	-0.055683332	-0.1040711067	-0.00788895	0.012166849999999998	0.00014803223892249996	6.22355321025e-05	0.00642958	0.04956238	0.0024564295112644	4.13394989764e-05	0.00740169	-2.1400000000003014e-06	5.47850148561e-05	4.57960000000129e-12	0.000121083	0.0	1.4661092888999998e-08	0.0	0.000116499	-1.3595999999999995e-05	1.3572017001e-08	1.848512159999999e-10	-0.00032072400000000004	0.00022717899999999996	1.0286388417600003e-07	5.1610298040999974e-08	0.0	0.0	0.0	0.0	0.0	0.0
8637.249877794426	26.04751133902755	74602085.45145983	678.4728469567689	9978.79580619694	-6.542331965270933	42.80210754380582	99576365.74177364	6521.861013619163	17.123255340768992	293.2058734651738	42534671.08096557	6999.3442226724255	11784.961903214617	0.913057	35.81139	0.01020216	0.00486379	0.018815665	0.0667461641	0.1226421259	-0.07580647530000001	0.0009735728	-0.1013443357	0.0425908296	0.0449958624	-0.061135545599999994	0.0182804638	0.0392767788	-0.0414635889	-0.0965572147	-0.0265181179	0.0387673097	0.0419090046	-0.11332695	-0.0046313466	0.0171041384	-0.0316049673	-0.11412119130000001	0.056321224800000014	-0.005741365	0.1016107882	0.0055734411	-0.0129455089	-0.053267604100000004	0.07693503269999999	-0.0283915021	0.113641251	0.04176188	0.0039238733	-0.08788906490000001	-0.10389298029999999	-0.0038706326	-0.07617531179999999	0.033398586	-0.1705003631	0.0419897371	-0.0592346184	-0.09728564890000001	0.0778250783	0.14342890619999998	0.023385144700000002	0.1208657908	0.0560088176	0.0119387182	0.0190206876	-0.0798917063	0.054733000700000006	-0.0334494385	0.1002259738	0.1326992796	0.0858423564	0.0513762137	-0.037746820099999995	0.0076357456	-0.0331702443	0.0554237008	-0.053620452	0.034432901099999996	0.0667450332	-0.0522487129	-0.0080727996	-0.0052933218	-0.02718546	0.0876859933	-0.0274124642	0.0758173256	0.0114165483	0.0307002333	0.027330086200000003	-0.18479106539999998	0.0328106154	-0.10455412160000001	-0.1347559202	-0.0373048215	-0.1081991059	0.0668441592	-0.0003035338	0.0036781294	0.0461995929	-0.0272307416	0.0339699667	-0.0784954216	-0.0121911666	-0.0676010991	0.0076077022	0.0154848129	-0.0012235863000000001	0.0134878998	-0.0296193856	0.0572445529	0.0583775222	0.0084389863	0.0129888614	-0.013101124799999999	0.0279474209	0.16901961850000002	-0.10070977060000001	-0.12212163990000001	-0.1291570484	0.0730486091	0.1422279355	-0.024536506899999998	-0.055182090499999996	-0.0235396958	0.0509118957	0.0337924987	-0.08966039640000001	0.051360679299999996	-0.0467139631	0.1574512937	-0.002019333	0.0056540971999999995	-0.033678827	-0.11016750410000001	0.0812006862	0.0051636235	0.0966622548	-0.0017169266000000001	-0.0286527919	-0.0112114836	-0.0779012541	-0.1154482024	-0.0196050655	-0.016951826	-0.060294100999999996	0.0965262452	-0.0609079337	-0.060627220499999995	0.0650014664	0.056153677699999995	0.0037555490000000004	-0.0051520778	-0.031389488199999996	0.0735567251	0.024081016400000002	-0.0360621212	-0.029125711600000007	-0.0076200257	0.0157010957	0.025000049	0.081898598	-0.0869015142	-0.0104916822	-0.09764225859999999	-0.0193537206	-0.1076124683	-0.0372205595	0.014346409099999999	0.0828176835	0.0412220626	0.0434304874	0.028555545499999998	-0.0265207636	0.0373762152	0.018819138200000002	-0.08050948200000001	0.058194697999999996	0.079373931	-0.12808582599999999	-0.0108693067	-0.0774809978	0.1051466023	-0.004599870900000001	0.0401901503	0.0057312957	0.1685931363	0.0770153291	0.0058679614	0.0238556329	-0.045992197400000004	-0.0489687647	-0.0014030484	-0.0338868606	0.0239470023	-0.0147895061	-0.0327613371	-0.0819619772	-0.0299334204	-0.0874096957	0.1170211707	0.0373171726	0.055667151799999995	-0.1495158349	0.1540403066	-0.0245202827	0.0487535893	-0.05866012	-0.10361581859999999	-0.00585365	0.0020353000000000003	4.142446090000001e-06	3.42652183225e-05	0.00405157	-0.00237801	5.654931560099998e-06	1.64152194649e-05	0.00743514	3.344999999999997e-05	5.52813068196e-05	1.1189024999999982e-09	0.000187602	6.651900000000002e-05	3.5194510404e-08	4.4247773610000026e-09	0.000133924	1.7425000000000007e-05	1.7935637776e-08	3.0363062500000016e-10	-0.00028956	3.116400000000003e-05	8.38449936e-08	9.711948960000018e-10	0.0	0.0	0.0	0.0	0.0	0.0
8640.73811871846	3.4882409240344714	74662355.23627423	12.167824744108865	9997.745300421137	18.949494224196318	359.0833313528495	99954911.09209292	6524.641849248394	2.780835629230751	7.7330467967991865	42570951.2609635	7007.254540067999	11943.180592643892	0.908635	35.63797	0.0356478	0.0178395	0.0130717825	0.1219783256	0.0929984026	-0.0311404146	-0.007846261700000001	-0.0286365337	-0.0005091939	0.1026621194	-0.1151484807	0.09339144529999999	-0.021010041400000002	0.0327505889	-0.038027951000000004	-0.05708662110000001	0.0147762475	0.1099505966	-0.035086714500000005	0.0151799301	0.0573128755	-0.0136244411	-0.0323644163	0.1074637079	-0.0398522132	0.0535120891	0.057638972999999996	-0.0678005753	0.0177601702	0.025742666600000002	-0.0689527444	-0.0607183929	-0.0500716796	-0.06746412480000001	0.1020794233	-0.0008069652	-0.042346800899999995	0.024897708199999997	-0.0365984592	-0.0019768684	0.1168180719	0.042461197199999995	0.0361557074	0.045170692400000004	0.0124009047	0.0495647241	0.0499884568	0.1039835191	0.021595262200000003	0.0470016596	-0.0321766479	0.0101000175	-0.0168708784	0.08582965960000001	0.10090015289999996	0.051809228	0.0844784168	-0.068341745	-0.0190248476	0.0445264222	-0.049626064000000004	0.0201516172	0.0229108843	0.0605101091	0.0425506599	0.0895934374	-0.0429602623	-0.12072450050000001	-0.024899904	0.0241706717	0.0474876038	-0.0543943916	0.0144223486	-0.0180730455	-0.0421152634	0.0435194047	-0.0561771696	-0.15513225	0.09522581779999999	0.005010887	-0.09588885300000001	-0.0186528365	-0.0540448429	0.0033463143	-0.08906858050000001	0.06395794839999999	-0.0051263432	0.0405615307	-0.039427767999999995	0.07457596450000001	-0.056074205599999996	-0.0046588474	-0.0913075676	0.1031232296	-0.0092576373	0.005904200500000001	-0.0711883577	0.0251170427	0.0033164353000000005	0.0064694390000000004	0.06308696429999999	-0.0056287391	-0.1312716289	0.0186044252	-0.0231271833	0.004978742	0.18223074760000002	0.0467926771	0.0020929628	0.0501161241	-0.045848498200000004	0.2155320555	0.0164573803	-0.0854408606	0.06653637700000001	0.0304147279	-0.0326125839	-0.0705764227	-0.025325806	0.024810532799999997	0.0412399799	0.0635973133	-0.0433418068	-0.0119918493	-0.0732919195	-0.0749039146	-0.11051383050000001	-0.0401682483	-0.06308260269999999	-0.017886561999999998	0.07869978080000001	-0.04301427099999999	-0.0069096527	0.0706068936	-0.0181244398	-0.0645804303	0.0119904499	-0.0551914872	0.028131427599999998	0.0074905756	-0.003648463	-0.0907756129	-0.0323369232	-0.0652261349	-0.028182318300000002	0.057895343099999996	0.0008734758	0.0449306261	-0.0975975118	-0.11275035039999999	-0.0214263168	-0.011518234799999999	-0.0711524134	0.0909947535	0.0370283179	-0.1067495929	0.060355395	-0.012302759699999999	0.056672939699999994	0.0297285609	-0.18568219260000002	0.050816847000000005	-0.051010787800000006	-0.145371004	-0.022430996499999998	0.045442402300000004	-0.0037607351	-0.1683677469	-0.0092560309	-0.0361449145	0.045587150800000004	0.0054488378	-0.0254365659	0.0009027852000000001	-0.0453554654	0.0207318903	-0.0798413384	0.0993048993	0.1437742219	-0.0035038145000000002	-0.0461147913	-0.0445163421	0.0232697746	0.0594220686	0.007313689599999998	0.1226893649	-0.022762484399999998	0.08779322490000001	-0.0377602284	-0.0599717808	0.047173106799999996	-0.061568513	-0.10288873779999999	-0.007255389999999999	-0.0014017399999999985	1.964875027599996e-06	5.264068405209998e-05	-0.00709521	-0.01114678	0.00012425070436840002	5.03420049441e-05	0.00754577	0.00011063000000000044	5.69386448929e-05	1.22389969000001e-08	0.000404033	0.00021643100000000006	1.6324266508900006e-07	4.684237776100001e-08	0.000223483	8.955899999999999e-05	4.994465128899999e-08	8.020814480999997e-09	-0.000135777	0.000153783	1.8435393729000007e-08	2.3649211089e-08	0.0	0.0	0.0	0.0	0.0	0.0
8623.664811695553	-17.073307022907102	74367594.7844761	291.49781269844897	9988.059971707416	-9.685328713720082	93.8055922928107	99761341.99842396	6523.843603013425	-0.7982462349682464	0.6371970516409808	42560535.35657919	7012.978400491871	12068.078025294117	1.1063690000000002	43.393379	0.0284558	0.0166058	-0.0206055748	0.1557417157	-0.040164248199999995	0.045887229	0.00042278769999999996	0.1471833476	-0.0614912379	0.1109072225	-0.042995168	0.0852604895	-0.077307698	0.0185178729	0.0079834834	-0.040836965	-0.1017445913	-0.0574431943	0.1193099439	0.1208834893	-0.0754147825	0.054785413899999996	0.0364177602	-0.0210332374	0.0844332161	0.0699520045	0.12999393369999998	-0.0750289004	-0.1317447658	0.10933639210000001	-0.0354952298	-0.0635698825	0.1124040042	-0.0763220443	0.09500361449999999	-0.0152240188	-0.10699380369999999	-0.14487997960000001	-0.1112891451	-0.0837428356	0.096145175	0.0040588484000000005	-0.0282184342	-0.0510640891	-0.1565637058	0.0822091302	-0.0988673776	0.0939150947	0.0463729601	0.11519523359999999	-0.0246021231	-0.006296713000000001	0.0277181258	0.0378866976	-0.0172883757	-0.0037998242	0.049070791100000004	-0.019268668	-0.0617632004	0.038154202400000004	0.0297416932	0.0228271598	0.0438005916	-0.007676368199999999	0.0174624731	-0.0487190466	0.0374212175	0.056921415999999996	0.0475466145	-0.049014801399999995	0.0388471575	0.0799621592	0.0591327071	-0.0359619525	0.003127138	-0.013960121499999999	-0.0603945503	0.0135605368	0.0708578014	0.009748642	-0.13576274300000002	0.012033173000000001	-0.1210173602	0.0914279284	0.061888643	-0.0017497220000000002	0.1528252075	0.0904979586	-0.0823063434	0.1631073585	0.0192481824	-0.0205034408	0.0402675367	-0.0916621191	-0.0595337592	-0.1514572775	0.0421348962	-0.21311387910000001	-0.0722867575	-0.013803356499999999	0.10449697390000001	0.0414119805	0.0961636307	-0.0754864599	0.10487549380000001	-0.0393042608	-0.0923514134	0.037978767999999996	-0.0055801011	0.0039316229	0.0182581547	0.0186860752	-0.0468578043	-0.0536785288	0.0612386542	-0.0131123656	-0.1978242426	0.073161055	0.0228489884	-0.1016618119	0.10696776460000001	-0.0265308804	-0.035532004900000004	0.0268166371	-0.1259885065	-0.028028511800000003	-0.060124580999999996	-0.0464523171	-0.024186484700000004	0.010980791200000001	0.0165628325	0.0649788933	0.0450627445	-0.0203790341	-0.0344883346	-0.017585546	0.0890926225	0.0074179645	0.023476624100000003	-0.0111944077	-0.042493374900000006	-0.0002070435	-0.015801746499999998	-0.0139134407	0.0704972627	0.0519071708	-0.0409867404	-0.0212939189	0.0168930003	0.0383254557	0.012334658899999998	0.0004458315	-0.046964304000000005	0.20037139	0.07024157389999999	0.0797063029	-0.1760041055	-0.140978629	-0.116548326	-0.001615524	-0.0520074704	0.0485004592	0.0386344721	-0.06295937480000001	-0.1618847823	0.032549168999999996	-0.0839048222	-0.0611579797	-0.0689338334	-0.154902054	0.0222442725	-0.1042762616	-0.0068515832	0.1471206028	0.0067568993999999995	0.0596211376	0.1222094983	-0.0173404362	0.015619901299999999	-0.1555286836	0.014987218	0.09187768119999999	0.0561996857	0.0908080759	0.1237597419	0.0338128142	0.0150501225	0.1309903772	0.12570719789999998	-0.10198729460000001	0.0455788729	-0.06440511980000001	-0.1018917716	-0.00793536	-0.000679970000000002	4.6235920090000255e-07	6.296993832960001e-05	-0.0203079	-0.01321269	0.00017457517703609995	0.00041241080241	0.00746923	-7.653999999999994e-05	5.5789396792900014e-05	5.858371599999991e-09	0.000237026	-0.00016700700000000005	5.6181324676e-08	2.789133804900002e-08	0.000170796	-5.2686999999999985e-05	2.9171273616000004e-08	2.775919968999999e-09	-0.000205815	-7.0038e-05	4.2359814225000006e-08	4.905321444e-09	0.0	0.0	0.0	0.0	0.0	0.0
8586.271448158153	-37.39336353739964	73724057.38145591	1398.2636366401289	10004.305565942088	16.245594234671444	263.91933203759004	100086129.85673983	6517.7376756521835	-6.105927361241812	37.28234894076139	42480904.40861592	7015.098824682752	11965.372234345701	1.09303	42.870224	0.136620687	0.101419	-0.0093902193	0.1346742442	-0.17508267859999999	0.0943319975	-0.017495836100000002	0.2372962966	-0.09425972839999999	0.0766177118	0.0595049354	-0.0650225236	-0.0268191789	-0.1453827939	-0.0704371177	0.0414410085	-0.1317183337	-0.08833943550000001	-0.1622934161	-0.0829462867	-0.1069275715	-0.07104863780000001	-0.0458812509	0.0219387998	-0.09474955199999999	0.1475332967	0.1253024446	-0.048128237000000004	0.124816903	-0.09394817779999999	0.0470980884	-0.0471908563	0.0559073536	-0.1152174501	-0.0683549938	0.0823769078	-0.0047747924	-0.2175710718	0.0100552157	0.074466308	-0.1445064784	0.0832519897	0.07142008150000001	-0.025985691600000003	0.062337519	0.09394697490000001	-0.1422895392	0.0378260317	0.044977734000000005	0.1559892455	0.0341491445	-0.0706511351	-0.0621478436	-0.0595500174	-0.1029142418	0.0735831813	0.0414328002	0.1122399582	-0.092774072	-0.0703813573	-0.11373271199999999	-0.0311528377	0.0650949288	0.0198817097	0.17133447219999998	0.0716685822	-0.0367921846	-0.0569625728	0.0480150185	-0.1358894555	0.0651633418	0.1144735489	0.1237022102	-0.032128577400000004	-0.0059811674	0.0612561701	0.05696825110000001	-0.1205507558	-0.1092238159	0.014950038300000001	0.0225344191	-0.0584376167	-0.047890700999999994	0.0567375417	-0.0919586107	-0.0076201683	-0.0174166483	0.0876960167	0.0341301575	0.0314313046	-0.047490887300000006	-0.034259046	-0.0642015345	-0.0202978334	-0.0519885224	0.0619899834	-0.0900715257	-0.0752706648	-0.0234027617	0.011635014099999999	0.06886606299999999	0.04976219690000002	0.0840012521	-0.0904656591	-0.0819695919	0.0098673502	0.02733112	0.1250614347	-0.0020928374	-0.0576886997	0.08319199940000001	-0.013709463600000001	0.0611456659	0.0696030519	0.0200387045	0.031960290499999995	-0.0334904863	0.0066949052	-0.0172934949	-0.1783955565	0.0910384801	-0.0631172866	-0.0357958913	0.0408686929	-0.1575998269	0.0892155347	0.0800411006	-0.0160756744	0.0813123127	-0.0105381265	0.0863002628	-0.0109809328	-0.0591033055	-0.1439666867	-0.025412532	0.0386103386	0.0223225196	-0.1119296951	-0.09637910050000001	-0.0407568016	0.066527058	-0.2115596573	-0.0270570785	0.045785869800000004	0.09726161779999999	0.026094895299999997	0.0409429559	0.11241439810000001	-0.0998850364	0.0083880584	-0.0572342229	-0.0103066318	-0.0371225156	0.1980186137	0.0021258642	0.06877515969999999	0.0472388415	0.0098123971	0.0363364683	-0.0033651294	0.0101402356	-0.0030263152	-0.1167070304	0.0391215938	-0.0515080378	-0.0021343048	0.0512813601	-0.1401004453	-0.0339065265	-0.0027922588	0.0125473866	0.0287726623	0.0384287427	-0.0737448275	-0.0802209142	-0.0305884277	0.025978386000000003	-0.027367649900000002	-0.1547582556	0.0735460948	0.0567795699	0.0386057593	-0.0780076361	-0.08464379470000001	0.029009377200000002	0.0161418807	-0.0739509755	0.08429816720000001	-0.1603208723	-0.1710579024	0.0439713523	-0.0671666331	-0.100627535	-0.00588303	0.0020523300000000006	4.2120584289000016e-06	3.46100419809e-05	-0.119006	-0.09869810000000001	0.00974131494361	0.014162428036	-0.000541727	-0.008010956999999999	2.93468142529e-07	6.417543205584901e-05	-4.79854e-05	-0.0002850114	2.30259861316e-09	8.123149812995999e-08	6.57773e-05	-0.00010501870000000001	4.32665319529e-09	1.102892734969e-08	-3.86591e-05	0.0001671559	1.4945260128099996e-09	2.794109490481e-08	0.0	0.0	0.0	0.0	0.0	0.0
8549.140199779653	-37.13124837850046	73087798.15548848	1378.7296061458928	9978.935894074832	-25.369671867256326	643.6202506522573	99579161.57805504	6504.3298087154735	-13.407866936709981	179.77089579252063	42306306.260544665	7004.359319883809	11751.978035649876	1.048245	41.113663	0.12853985599999998	0.0884727	0.0039391398	0.058393649900000004	-0.2172133951	0.0909274746	-0.00044538309999999997	0.20826862350000008	-0.0834012123	0.0048892074	0.08458992300000001	-0.1839752476	0.0468162834	-0.020720432	-0.0854502381	0.0793441765	0.004761838	-0.0717715831	-0.0919436767	-0.1957314903	0.1216172043	0.0602586732	0.0550529079	0.1931950046	-0.1840473535	0.023029527400000003	0.2304629248	0.0111278569	0.0033048940999999997	0.0166948129	-0.0356223209	0.0095452027	0.06329692099999999	0.0325030665	-0.0233255536	-0.0618497959	0.0762765219	-0.044151412300000005	-0.0309820621	-0.0856983822	-0.0390395655	0.1261997365	0.0677330085	0.0819041105	-0.1180587999	0.072455876	-0.10739221130000001	-0.0476021708	0.028944395	0.1470463955	0.0021663684	-0.10984998689999999	-0.12119761220000001	-0.06776120690000001	-0.11753614820000001	0.043581897	-0.0080815957	0.11439959109999999	0.043752073600000004	0.0347051829	-0.0414767126	0.0749395126	-0.013352281	0.0646801354	0.0056549703	0.039591849900000003	0.039300205	0.0358537457	-0.0150786405	-0.0145295612	0.0732014211	0.1111158567	-0.1003417309	-0.0764415661	0.0564492148	0.0618499492	-0.10491801140000001	-0.0456532303	0.0399458937	-0.0033448785999999997	-0.0735801275	-0.0309473334	0.0779600537	-0.057494076	0.0330156092	-0.0375521704	0.0045965215	-0.078950439	0.0480335267	-0.0021374512	-0.023227593900000003	-0.0272506154	0.0896412207	0.0823516285	-0.025387517000000002	-0.0648817901	-0.0507267035	0.0837191402	0.0639573504	-0.042912192300000006	0.06983773019999999	-0.048633272699999994	0.0468672812	-0.0669068831	0.0429731684	0.0214184259	0.0398279884	0.0677311638	-0.0355924283	0.0450046375	-0.0957792951	-0.0046391317	0.0394548509	0.0179339526	0.11775784460000001	0.1084854155	0.05028787269999999	-0.0406894603	-0.0813325967	-0.1845084175	0.0377595389	-0.0362079226	0.0435683112	0.038391211099999996	-0.0980266534	0.239420968	0.0933647707	0.0539779508	0.1089370509	-0.0770453064	-0.0329849595	-0.0455533558	-0.1165768807	-0.0505058959	-0.0110281449	-0.040517742200000005	0.0086805523	-0.0401431363	-0.0286389649	-0.0528120718	-0.17670471640000002	-0.0573669791	0.0758481795	-0.08975948269999999	-0.024638402599999998	-0.010399799	0.045045278499999994	0.0739972294	-0.0022316377	-0.015613566899999999	0.0588460735	-0.0455987562	-0.043241431100000005	0.047039642199999995	0.12457513960000001	-0.0385064075	-0.0563712729	0.1306709645	0.1155670004	-0.0749369522	-0.028066914	-0.0350711536	-0.070728506	0.0069036068999999995	-0.0237455274	-0.05924034900000001	0.0219806924	0.0535151425	-0.0242036528	-0.0434056922	-0.0827568208	0.050184621	-0.1205604194	-0.0960350489	-0.1575442794	-0.0712427149	-0.1473264884	-0.0733849969	0.0008727597	0.11087823279999999	-0.10397471970000001	-0.0427514443	0.047038675099999996	0.052367389199999996	0.1119075457	0.0601687163	0.0215410053	0.0072410658	-0.0411288507	0.0505271454	0.0423510136	-0.0698498331	-0.0990993443	-0.00857662	-0.00269359	7.2554270881e-06	7.35584106244e-05	-0.0331536	0.0858524	0.0073706345857600004	0.00109916119296	0.000200079	0.000741806	4.0031606241e-08	5.50276141636e-07	-0.000413428	-0.0003654426	1.7092271118400005e-07	1.3354829389476005e-07	0.000322128	0.0002563507	1.0376644838399998e-07	6.571568139049e-08	-0.000201907	-0.0001632479	4.0766436649e-08	2.664987685441e-08	0.0	0.0	0.0	0.0	0.0	0.0
8544.309670592009	-4.8305291876440615	73005227.74697213	23.334012232681193	10001.477766090871	22.541872016039637	508.13599398751074	100029557.50561003	6502.627688897433	-1.7021198180409556	2.8972118749677755	42284166.86041556	6996.985018173808	11110.261282174954	1.463916	57.416874	0.089087811	0.0535185	0.0780730716	-0.0907478083	-0.022390701800000003	-0.0359849187	-0.058117908499999996	-0.038074275299999995	-0.1457409339	-0.011431153000000001	0.0197466025	-0.1335520166	0.1123329218	-0.0641342408	-0.0629881284	-0.0074134865	-0.0037718224	-0.0545914767	-0.0248369227	0.0963468144	0.0151586979	0.0812268159	0.0247279544	-0.0379813366	0.08990855199999999	0.0608623759	0.20248620280000001	0.0646378174	0.0418812574	0.0100717237	-0.0689939825	0.1638990123	-0.0563988181	0.10874804800000001	0.047108109800000006	-0.0381229627	-0.1982015143	0.089048049	-0.0638293492	0.1259577472	-0.0279989977	0.1170050638	-0.11037425	-0.12772595050000002	-0.011546251399999999	0.0040498926000000005	0.09915658769999999	-0.0181853149	-0.0661750502	-0.018692348	-0.11359650019999999	-0.1104187126	-0.0428309342	-0.0526134082	-0.11663107369999999	0.0726494182	-0.0271624708	0.047702125199999994	-0.04276170940000002	0.0336277578	0.0193273018	-0.0533497407	-0.0826972998	0.049594918700000004	0.0948979866	0.07320904269999999	0.0146037073	0.048094083200000005	-0.0115054382	0.0281335892	0.028931393399999998	0.11457942089999999	0.030884910800000002	-0.1225846649	0.0890764032	-0.0741080098	-0.0404376491	0.0174166771	-0.042046348600000005	-0.046567423	0.053651397999999996	0.0458583112	0.0778736299	-0.09981969789999999	0.0495872695	-0.014309121299999996	-0.043188285199999996	-0.1207135102	-0.079126202	-0.0228042143	-0.0348405991	-0.11133656619999999	0.0778357519	0.0818421225	-0.011219861499999999	-0.0500704862	0.10192995699999999	0.0363475087	-0.0185858953	0.049240554900000004	0.0486913201	0.047610488099999994	-0.0473450477	-0.0692791391	0.086517024	-0.15020399710000001	-0.061577172	-0.12187175789999999	0.132242697	0.0470404342	0.0455531275	0.06861512730000001	0.023172099100000003	-0.0919235518	-0.09133984	0.0047443909	0.0549443934	0.0570187948	-0.05421190519999999	0.023003961099999998	-0.0745308922	0.0869560616	-0.04792770230000002	-0.0283808839	-0.0147522079	0.1961555096	0.028277550699999997	-0.05115293940000002	0.09501137	-0.0220092123	-0.0407943531	-0.0313831178	-0.0368590617	-0.0779961351	-0.0687555167	0.0525329075	0.042044110700000005	0.0226261066	0.06513573360000001	0.0212588125	-0.043424845999999996	-0.0910975723	0.0550092938	-0.0877244599	-0.0013833089	-0.0008911764	0.050609912300000004	-0.0854590196	-0.0612843344	0.22016000239999997	0.0860536202	0.013543823	-0.0053766761	-0.035825432000000004	0.0321251154	0.011117373799999998	-0.109600755	0.046807775499999996	0.059875341	-0.059495313200000004	-0.0225229188	-0.0535397793	0.0757734425	0.083677048	0.0417027722	-0.0293308532	-0.1032501117	0.1287419272	0.0354650612	0.15271826119999998	0.0848515866	-0.0127971379	-0.029361932	0.0710528787	0.0529984097	0.0123750993	0.12993391070000002	0.0549280673	0.0635597618	-0.2195756575	-0.1003821951	-0.0105867567	0.0188074724	-0.086538766	-0.1118122438	-0.09824995380000001	-0.012092788	0.0174613979	0.0666420161	-0.026970347999999998	0.0407183291	-0.0724515914	-0.09731120800000001	-0.00996563	-0.0013890099999999993	1.9293487800999993e-06	9.93137812969e-05	0.0120758	0.0452294	0.00204569862436	0.00014582494563999994	0.00738455	0.0071844709999999996	5.45315787025e-05	5.161662354984101e-05	6.51236e-05	0.00047855160000000006	4.241083276959999e-09	2.2901163386256e-07	0.000183933	-0.00013819499999999995	3.3831348489e-08	1.9097858024999997e-08	-0.00029085900000000003	-8.895200000000003e-05	8.459895788100003e-08	7.912458304000004e-09	0.0	0.0	0.0	0.0	0.0	0.0
8546.521354081864	2.211683489855204	73043027.2557773	4.891543859298094	9991.373905779525	-10.10386031134658	102.08799319120459	99827552.525092	6494.681237172054	-7.94645172537821	63.14609502376634	42180884.37247473	6985.611358426867	11154.098248954562	0.955753	37.486004	0.02575459	0.0124691	0.0571840988	-0.09606703550000001	0.0607349612	-0.0277960392	-0.0481498428	-0.0854197769	-0.1176571316	-0.0837354993	-0.019752246499999997	-0.0506958483	0.010004922099999999	-0.0995612023	0.0273532585	0.0473373567	0.045846903700000004	0.0940039961	-0.0115736506	0.0424319203	-0.1139839744	-0.1112600832	0.040792232000000005	0.056121431799999996	-0.0067040987	0.1233748054	0.0664355258	-0.0396099227	-0.092113076	-0.056000558	-0.0233569681	0.0019163442999999998	-0.026932312599999998	0.06925341759999999	-0.054151220599999994	-0.013723811499999999	-0.048595123899999995	0.0787592977	0.0026745401	0.0274421384	0.0171331407	-0.0032875124	-0.08779206630000001	-0.11531565880000001	-0.1091814624	-0.0396337537	0.1074209786	-0.0517793627	-0.0338123388	-0.0322846261	-0.039095742	-0.1107162191	-0.0116042379	-0.0126969953	-0.10105205710000001	0.1193039983	0.00017286080000000002	0.0395508678	-0.0825040811	-0.0144667258	-0.0378549964	0.048578927599999995	-0.0121739497	0.08501561269999999	0.08741013130000001	0.026426533500000002	-0.0183055409	-0.0675823792	-0.0195222476	0.0173795223	0.017033653200000002	0.005319184	-0.0192862163	0.0374969877	-0.044173530499999995	-0.1329204264	-0.05717694	0.0913823942	0.033369473999999996	0.0788558571	-0.0479041903	-0.0085372244	0.0391941097	0.0360238004	-0.1175040232	-0.0004979125	-0.0629752767	0.066425309	0.0463098236	0.0009322047	0.1118426341	-0.0916151538	-0.0385383489	0.0100336704	-0.0198886724	0.038577341	-0.108572197	-0.0658544962	-0.0596057825	0.0151471475	-0.0345533592	0.0287308371	0.028164408	0.0125584057	-0.015706272099999998	0.0023356416	-0.020287019	0.043421492	0.1301963544	-0.1485610949	-0.08950003	-0.0989372459	-0.0290582481	0.085480216	-0.064600315	-0.1625541045	-0.0244566832	-0.1439856451	-0.15528384480000001	0.0771315482	-0.0755717261	0.0654172385	-0.049601523499999994	0.0086871459	0.0226941086	0.1070766818	0.0378496089	-0.0895503373	0.0572594915	0.0671620616	0.09841547519999999	-0.0719706493	-0.0088263919	-0.0798093737	0.0830051882	-0.0335430195	0.0811550033	-0.0609238444	-0.010831036499999998	-0.0934901709	0.0342218377	-0.060234697300000015	-0.011065015400000001	0.0086791017	-0.055937962599999995	-0.056423404800000014	0.0758389228	-0.0789823371	-0.0014501166	0.0075057236	-0.0124694025	-0.0532952212	-0.0902077133	0.0069098593000000005	0.0335009961	-0.0200687232	0.0732597392	0.0560205321	-0.0766855995	0.005261243299999999	0.055233236	0.09060907720000001	-0.1268403995	0.0436178738	0.0040691333000000005	-0.0698920121	0.0316889806	0.021476074300000002	-0.1567650784	0.0648159725	-0.029091769700000002	-0.0022904085	-0.0271631354	0.0744680293	0.0795376703	0.0836527166	0.0024444939	-0.1056835942	0.0292946746	0.0648202574	0.008685669699999999	0.05158173480000002	-0.048707890499999996	0.017596541599999998	-0.0508191947	0.10258363300000001	-0.1773244123	-0.103918044	0.0977973884	-0.047179367300000004	0.039073774900000004	-0.0749688743	-0.0952678165	-0.015570600000000004	-0.0056049700000000025	3.141568870090003e-05	0.0002424435843600001	0.0146002	0.0025244000000000013	6.3725953600000075e-06	0.00021316584004	0.010514	0.003129450000000001	0.00011054419600000002	9.793457302500003e-06	0.000181103	0.0001159794	3.2798296608999995e-08	1.3451221224360004e-08	0.000192913	8.979999999999985e-06	3.7215425568999987e-08	8.064039999999973e-11	-0.000455815	-0.00016495599999999996	2.07767314225e-07	2.7210481935999982e-08	0.0	0.0	0.0	0.0	0.0	0.0
8534.816296839825	-11.705057242039402	72843089.22080266	137.00836503941906	9982.959961683377	-8.413944096148043	70.79445525310452	99659489.59657335	6491.954683699066	-2.7265534729885985	7.434093841066187	42145475.61520223	6981.374466080054	11219.178819061208	0.8332729999999999	32.682152	0.02965483	0.0142157	0.0345155126	-0.0827427754	0.0466022318	-0.0010932649000000001	-0.031151830800000002	-0.0571588802	-0.1071501346	-0.1060050916	-0.0226686004	-0.075472051	-0.022374487000000002	-0.0893857976	0.0071016317	0.0468902071	0.0257722061	0.0668029127	-0.0421573483	-0.0429433871	-0.0169793922	-0.0142791248	-0.0344456754	0.09021301109999999	-0.005052476	0.0193416178	0.023838083700000002	0.0488222299	0.008058563199999999	-0.1548201153	-0.0495577671	-0.1474611381	-0.0044945762	0.0727983423	-0.0040166118	0.0343073681	0.0030541948	0.035826433399999996	-0.0328532391	-0.10418846289999999	0.080124426	-0.0769037918	0.072331706	0.0242547961	-0.027894177000000003	-0.014137148600000001	0.0638704886	-0.0767626623	-0.0603259836	-0.0036106196	-0.0880019785	-0.0624643564	0.0606904687	-0.0449704659	-0.0675033888	0.1223065814	-0.034183838	-0.0023897964999999998	-0.0168288866	0.0333415052	-0.1090065703	0.034550030600000003	-0.06207018230000001	-0.0007532683	-0.032457619300000004	0.033234937400000004	-0.0583879911	-0.056809173899999996	0.0101340872	-0.011332756499999999	0.08416597349999999	-0.058862306600000004	-0.0768342751	0.10017394859999999	-0.0296040904	0.0120550021	-0.010920128999999999	0.059130135599999994	-0.007268869399999998	-0.0165515329	-0.0656083485	0.0527309033	0.0694228082	0.037925949900000006	0.0054162926	-0.0730770254	-0.043790408600000004	-0.01595996	0.0627269079	0.0291505527	-0.020478033899999998	-0.04407277019999999	-0.0345063191	-0.169754171	-0.059027894000000004	0.0457150483	0.11355344810000001	0.0672046729	0.06054162160000001	0.1703118072	-0.1188962995	-0.0100649546	0.0064962066	0.0412158577	-0.0025590295	-0.0536537975	0.0245782775	0.1162792108	0.1289124391	-0.006536509300000001	-0.0063911566000000005	-0.0637952975	-0.05157594150000002	-0.012317826	0.177611696	0.048138422699999996	-0.1091849431	0.0577804816	0.0677943226	0.053539146100000004	-0.0383421731	0.0563788465	-0.047641651900000005	0.061333400499999996	0.063484082	0.0922622742	0.0202186819	-0.0663617693	0.0650962253	0.09746977539999999	0.0315764268	-0.07736323440000001	-0.0577397232	-0.0036206871	0.0148434377	-0.07991068429999999	0.0100008098	-0.027704264500000002	0.0374459871	-0.0998764273	0.0316760414	-0.014036763700000001	0.11278226289999999	0.0198550175	-0.0259052371	-0.1238654121	0.0253141264	-0.0533571235	-0.05902277490000001	-0.1192301927	0.0156194671	-0.054741476100000006	-0.06670686740000001	-0.0147674924	-0.0607685357	-0.0043285454	-0.0856383913	0.022097159300000002	-0.049339375899999996	0.0456917771	0.034242432999999996	0.024195796000000002	-0.04939492400000002	0.0587044529	0.0649143792	-0.0815597495	-0.1154940542	0.064561032	0.1168041647	0.0666248772	0.034813773799999996	0.020164192	0.10593632369999999	0.012582151599999999	-0.0522819627	0.016109998	-0.1400096247	0.03534695	-0.0570472011	0.0307273696	0.0989152311	-0.07594203349999999	-0.0182694966	0.00493068	0.024171817	-0.038365642900000003	-0.1142243923	-0.0588257961	0.108656586	0.0265669273	0.0374178302	-0.07739874690000001	-0.0929745299	-0.018377	-0.002806399999999999	7.875880959999994e-06	0.00033771412900000005	0.00417067	-0.01042953	0.00010877509602090004	1.7394488248899993e-05	0.016856099999999995	0.0063420999999999955	0.00028412810720999986	4.022223240999993e-05	0.00030499	0.00012388700000000002	9.30189001e-08	1.5347988768999996e-08	0.00011526400000000005	-7.764899999999992e-05	1.328578969600001e-08	6.02936720099999e-09	-0.000455815	0.0	2.07767314225e-07	0.0	0.0	0.0	0.0	0.0	0.0	0.0
8534.21789234307	-0.5984044967553928	72832875.03398858	0.3580879417370749	9962.012767117028	-20.94719456634812	438.784960200444	99241698.37220268	6491.515902870221	-0.4387808288447559	0.19252861576169095	42139778.71721698	6980.4771088259495	11164.476606042965	0.839076	32.909763	0.0424408	0.018285	0.0404923738	-0.0739416828	0.029265731899999998	-0.0048589583000000006	-0.0045695829999999995	-0.0493511207	-0.0982466305	-0.076922244	-0.036579509100000004	-0.0755094065	-0.0562975175	-0.0139416434	0.0960508834	0.0226782773	0.022815651800000003	0.015491743799999999	-0.0526572457	0.029406959	-0.034699471	-0.0683082726	0.023873494	0.0646228887	-0.0358065083	-0.0067971187	0.042912510599999995	0.0754254187	-0.05908148780000001	-0.034991417999999996	-0.0997906079	-0.0922898103	0.0341610304	0.048538444699999996	-0.019230237	0.012598654499999999	-0.008280955999999999	0.08920841369999999	-0.01167622	0.025073787599999998	0.09893954769999999	-0.008401881	0.0810524168	0.049732230700000005	0.012913431599999999	-0.0154424026	0.0509170362	-0.0854289526	-0.0458288293	0.0262455988	-0.0736247515	-0.0670244547	0.0696760112	0.0219708692	-0.0224859212	0.0915822116	0.0876409318	-0.0173296129	-0.0009756464999999999	-0.0385892619	0.1070367165	0.1111111093	0.0101457278	-0.0429471684	0.050663308899999995	-0.045348575499999995	-0.0722703657	-0.0467406516	0.0028040393	0.033922606699999996	-0.0369965925	-0.050197153099999996	0.1401317737	0.0923324602	-0.0658569153	-0.0413398365	-0.0584329267	0.0229006071	-0.12172716019999999	0.08431599220000001	-0.039629506099999996	0.0281900248	-0.1158162355	-0.0033667119	-0.024976268599999997	0.0055568205	0.0105840447	0.04477959559999999	0.09459075460000001	0.1076542608	0.0504431746	-0.034686829599999996	-0.025337959900000002	-0.10472668060000001	0.007763766999999999	-0.0665583714	-0.0394108329	0.0674590557	-0.0009920814	0.0196395737	-0.027406510499999998	-0.0736893812	0.1289422089	0.027685807599999997	0.0240301495	0.0639757126	0.0152237777	0.07981916	0.0135179652	0.059782024	0.0303951419	0.0620071337	0.002518572	-0.0056854639	-0.0810886208	0.08417758539999999	0.07061246339999999	-0.1265349793	0.0997695086	0.0520159424	-0.0012375022	0.0472519249	-0.0288322765	0.0817276162	0.0582509025	0.062282026	-0.0009929259	-0.09150577609999999	0.031237192799999997	0.077054998	0.0572067283	-0.0387727025	-0.0180575347	0.00026717669999999996	0.0474607524	0.0484438873	0.09415555960000001	0.0126469446	-0.0528463225	-0.036913502599999995	0.039882704399999996	-0.0406615132	0.076313425	0.0439714404	-0.011552776899999999	0.0290166909	-0.0012280210000000001	-0.09712962130000001	0.0126202439	-0.0555477416	-0.09550986759999999	0.10415444369999999	-0.1225812698	-0.048734303300000004	-0.0503382835	0.0342535651	-0.0139371402	0.0549820399	-0.1923755063	-0.0022087826	-0.004142343	-0.0793318004	0.0426996267	0.0098551927	0.021014825	-0.10777562199999999	-0.0084698355	-0.0591565117	-0.054021789900000006	-0.0524801978	-0.0340160316	-0.15941464660000002	0.004934468	-0.0490750071	0.0156149261	-0.0335207239	-0.0718415334	0.0275227334	0.018538277199999998	-0.10102695619999999	0.053091337599999996	0.048186004000000004	0.030359249100000006	0.1451392051	-0.0241761161	0.0818163482	0.0276524444	-0.08399795	-0.0975905525	-0.0243089	0.0357509779	-0.079738376	-0.0904373636	-0.0227056	-0.0043285999999999976	1.8736777959999987e-05	0.00051554427136	-0.00430878	-0.00847945	7.19010723025e-05	1.85655850884e-05	0.0264154	0.009559300000000005	0.0006977733571599999	9.138021649000006e-05	0.000418021	0.00011303099999999998	1.7474155644099994e-07	1.2776006960999996e-08	0.000307291	0.00019202699999999994	9.4427758681e-08	3.687436872899998e-08	-0.000359404	9.641099999999997e-05	1.29171235216e-07	9.295080920999994e-09	0.0	0.0	0.0	0.0	0.0	0.0
8560.450327124541	26.23243478147197	73281309.80316666	688.1406345641801	9982.62953563988	20.61676852285018	425.051144324786	99652892.44582966	6502.411564594284	10.895661724062847	118.7154444052082	42281356.15536948	6992.354751013722	11406.978014334607	1.11743	43.827202	0.05246172	0.0314671	0.0017503952	0.007017335	-0.105156839	-0.0001780582	-0.0103386795	0.0499823516	-0.037303194500000005	-0.0275842962	-0.0734306175	-0.007814148299999999	-0.1946443818	-0.0497111603	0.11687363939999999	0.0684210083	-0.0519678976	0.025205552000000003	-0.06436414230000001	-0.050240574100000004	0.073333975	0.0942698064	-0.0581939849	-0.07509637940000001	0.0109600699	-0.025554087000000003	-0.04538940440000002	0.11116261050000001	-0.0787560683	0.053440222999999995	-0.134906185	0.079856181	-0.0367908105	0.19866706059999997	0.0137990299	0.0219552334	0.0055168108	-0.0813471328	-0.0296757702	0.0166368845	-0.07628738809999999	-0.024303581499999997	0.10305318150000001	-0.039475959399999996	0.0123901169	0.0123325165	-0.0911709191	-0.0468566734	-0.0091608331	0.14282953269999998	-0.0419729999	-0.0055758403	0.10698531900000001	-0.0030241031	-0.056278208899999994	0.0269062623	-0.048857951100000005	0.011698791799999999	-0.22322400690000002	0.06725932700000001	-0.0185130463	0.0507805886	0.0208369849	0.0364245126	-0.0095539839	-0.11967696800000001	-0.0360528705	-0.1166910167	-0.0194593024	-0.0708324795	-0.0711532462	0.122181965	0.0799560984	0.0891370916	-0.0077898552	0.0420104952	7.6222000000000005e-06	-0.0407519031	-0.0240266368	-0.08916295269999999	0.0064348958	0.04698403860000002	-0.1433206899	-0.0028927954	-0.015624356200000003	-0.1069259989	-0.0382077968	-0.008167149399999999	-0.0295275294	0.0886430568	0.0687810318	0.1408233483	0.061805318	-0.0082281036	-0.0510937909	-0.0835958083	0.0900551406	0.0739587265	0.12400170449999999	0.034618175699999996	-0.1156987299	0.0617869597	0.0098691502	-0.030893480600000002	0.0243956927	-0.0103139411	-0.0432772096	0.06714269	-0.0652734575	0.1496919564	-0.0464097978	0.057311645	-0.0052667616	0.057385634299999995	-0.001545432	-0.0110748373	0.0650233417	0.0296239811	-0.08299228980000001	-0.045282914800000004	0.0787764453	-0.028655946	-0.0205971835	0.17449981739999998	-0.0072613109	-0.0311026155	-0.05752052	-0.029453342799999997	0.0390083289	0.09788882089999999	0.019999006899999998	-0.0076757916000000015	0.0787829121	-0.133603235	-0.0509533978	-0.0401897128	0.10958791359999999	-0.048215493	0.0659130678	-0.1721091027	0.013333803100000001	-0.024006227	-0.054881498	-0.0144438469	0.0331160986	0.0475237608	0.014062121799999999	0.0351006171	-0.0327329998	-0.0080492805	-0.1220877351	0.0971711048	0.0146626254	0.008548882399999999	-0.1433137147	0.0875877851	-0.1092496646	0.06508024429999999	0.0292602834	0.0747654347	-0.0395974277	-0.0336660732	0.0859505546	-0.0470219886	-0.1448456979	-0.0844510824	-0.1785946095	0.09353604619999999	0.050346593700000004	-0.1028068907	-0.0027954840999999996	-0.0555012636	0.0223446989	-0.025391768199999998	0.0156712544	0.0008944882000000002	-0.0763593935	0.0636469379	0.0504787329	0.12006570230000001	-0.0828723875	0.0264092587	0.028241824199999998	0.08794360890000001	-0.0044290682000000005	0.0734333407	0.06909771370000001	0.0375400039	0.024212420499999998	0.0989415822	0.0340737038	-0.0819850338	-0.0876629727	-0.0211564	0.001549199999999997	2.400020639999991e-06	0.0004475932609600001	-0.0335776	-0.02926882	0.0008566638241924	0.00112745522176	0.0239475	-0.0024678999999999986	0.0005734827562500001	6.090530409999993e-06	0.000513894	9.5873e-05	2.64087043236e-07	9.191632129000002e-09	0.000116059	-0.000191232	1.3469691481e-08	3.6569677824e-08	-0.000455815	-9.641099999999997e-05	2.07767314225e-07	9.295080920999994e-09	0.0	0.0	0.0	0.0	0.0	0.0
8556.26741948028	-4.182907644260922	73209712.15365973	17.496716360416457	9961.775614773534	-20.8539208663442	434.88601549974584	99236973.39909664	6503.8955840066255	1.4840194123416952	2.2023136162069896	42300657.76766089	6994.169213184163	11537.564550705314	1.0319200000000002	40.473377	0.0502051	0.0231607	0.012450228	0.04263678480000002	-0.1619827417	0.0103956688	0.013074609099999999	0.1139201052	-0.08013161440000001	0.0597013273	-0.0364089697	-0.06902104190000001	-0.10272092810000001	0.10326870380000001	0.0316470234	0.0775033756	0.1484227004	-0.1896852936	0.070368838	0.14516192039999998	0.026866399	0.1229809567	-0.0654339182	-0.09181018960000001	-0.027627900099999998	0.025744817000000003	-0.0997299232	0.1023052281	0.080699559	-0.0461334496	0.0475536442	0.0344019484	0.0389318107	0.2256222005	-0.0141784921	0.044253336	0.1507447957	-0.0182983689	0.0225843142	0.0161600292	0.0120885255	-0.1538878157	-0.0162187682	-0.024752778	-0.10274772859999999	0.055917189699999995	-0.1001049197	-0.043226142599999996	-0.014188588700000001	0.1334832768	-0.0230938183	-0.0473405013	-0.0603903317	-0.0323885368	0.0400403146	-0.055012293600000005	-0.09508219050000001	0.03361811	-0.09777620349999999	0.0514356449	-0.0025870617999999997	-0.0710723652	-0.1397435021	-0.064621834	-0.0187417831	0.036457120499999995	-0.0386709808	0.1294986845	-0.02203985	0.0731558693	0.1045083115	0.106154803	-0.0555151346	0.0102714664	0.0317796678	-0.004518483	-0.089979274	0.0832226165	-0.0050237661	-0.0130727113	0.0437480051	0.0285923178	-0.0097298691	0.1057480061	0.0214551469	-0.0019366832	0.0285140899	0.0069439927	-0.048081836100000004	0.020306770800000002	-0.047417639299999995	-0.0043057894	0.0038815505	0.058686670499999996	0.0440367784	-0.1144670219	0.0319131119	0.043246844900000005	0.1182463809	0.11423386599999999	0.0461887588	-0.0256625973	-0.0457162779	0.1169723327	-0.104896915	-0.08189253769999999	0.030535005499999997	-0.022647208199999998	-0.0810073144	0.0680343796	0.08639902869999999	0.0040130709	-0.029735323799999998	-0.0265486226	-0.0880543466	-0.0322925548	-0.0464644604	0.030106085499999997	0.0051353121	-0.1048510736	0.08815415720000001	-0.0110207839	0.039124314300000004	0.1040197565	-0.0205094956	0.10149060380000001	-0.072637078	0.08392203710000001	-0.0046464686	-0.0767045937	-0.0865740643	0.0133655004	0.020054676100000002	-0.061887905199999996	-0.0442693175	0.0181819704	-4.62899e-05	0.06984023889999999	0.0483420485	-0.09600855230000001	-0.0717519896	0.0418315207	0.1312423679	-0.053574219000000006	-0.0418820554	-0.0799801834	0.0397392862	-0.1026024686	-0.0493120875	0.1493182193	0.010604932	-0.0726248472	0.1545684744	0.0038462645	-0.0628375841	-0.014531191	-0.0080590978	-0.0515803071	-0.1382423734	-0.0410391294	-0.016802402	0.0233466661	0.0681632697	-0.0996738305	-0.0060159748	0.0011538133	-0.07159058089999999	0.0748332119	0.0007310626	-0.0367509139	-0.0358223355	0.1540205049	0.0464377308	-0.1240025543	-0.11660774089999999	0.11924954380000001	0.12041911470000001	0.0083108448	-0.029295084300000006	-0.021571632900000002	0.026987385699999998	-0.1127352977	0.0030790779	0.0555550303	-0.0254207517	-0.0817277896	0.09416716439999999	-0.0838203304	-0.0961689314	-0.0377789477	0.032386496800000004	-0.0841361006	-0.0846586349	-0.015586700000000004	0.0055696999999999995	3.102155809e-05	0.0002429452168900001	-0.0242509	0.009326699999999995	8.698733288999992e-05	0.0005881061508100001	0.015851	-0.0080965	0.00025125420100000003	6.555331224999999e-05	0.000247455	-0.000266439	6.123397702499999e-08	7.098974072099999e-08	0.000393864	0.000277805	1.5512885049600002e-07	7.7175618025e-08	-0.000455815	0.0	2.07767314225e-07	0.0	0.0	0.0	0.0	0.0	0.0	0.0
8563.472177617503	7.204758137222598	73333055.73682906	51.908539815875244	9997.420543965232	35.644929191697884	1270.560977081156	99948417.53289808	6524.086167610648	20.19058360402232	407.659666271015	42563700.32240859	7011.034478770852	11184.412241525251	1.2555120000000002	49.24297	0.05007063	0.035289999999999995	0.0760886321	-0.034493698999999996	-0.0173471306	-0.0590909216	-0.0359189018	-0.09990138609999999	-0.0627848187	0.1026389484	-0.0191945998	0.024298436899999998	0.08296681360000001	0.10347402509999999	-0.058066909000000014	0.047965734	-0.1015524718	0.1246692023	-0.0489435104	0.0806572946	0.0186606609	0.0791063477	-0.0682110183	0.0066363485	0.0569984578	0.1210965992	-0.0166653485	0.050275399400000004	0.0747049412	0.0376517314	0.0329329691	0.015312286699999999	-0.0119636676	-0.0198635749	0.0402148674	0.0453830267	0.1602062245	-0.054874927999999996	0.17086167929999999	-0.17929364879999998	0.016017845	-0.0198972888	-0.0375531186	0.0929861194	0.1113014512	0.0577424495	0.113344091	0.1105090669	0.0374875435	0.0194485443	-0.0662384832	-0.1194508983	-0.028772159300000006	0.031048759900000007	0.0791668839	-0.012104222900000001	-0.0167061571	-0.09422539390000001	-0.0762532544	0.1071641411	-0.114207523	-0.0211310993	-0.0774195126	-0.0652695688	0.0330844212	0.0868788091	0.013790927	0.030065819100000002	-0.045626747999999995	-0.0810641882	0.0186338285	-0.10331707949999999	0.0259041131	0.0335130363	0.013946743000000001	0.13992244980000001	0.0253935596	-0.016217088799999998	-0.0066529957999999995	-0.0160671999	0.0234548449	0.0359707152	-0.0660008779	0.019209482	-0.014660953300000001	-0.0340546702	0.0326240115	-0.0151755604	0.0735535738	-0.1156007417	-0.0256873184	0.09155018820000001	-0.0928671459	0.1150198984	-0.0849187306	0.051579902000000004	0.0033544366	0.0325787184	0.0273709008	0.10731621029999999	0.0423287623	0.1707191804	0.0025655094	-0.0793689617	-0.10189023650000001	-0.006117546800000001	-0.1209658882	-0.0598787444	-0.1061836507	-0.0701374117	0.0116722352	-0.026692804100000002	0.0355569867	-0.0773524545	-0.09675273470000001	-0.012559526000000001	-0.0569414772	0.0006279044	0.0228048467	0.0368370732	-0.0166158286	0.1201026361	-0.025819386899999998	-0.0806832767	-0.10160820779999999	0.0406969579	-0.0967355188	-0.0502414699	-0.0745542154	-0.0500309292	-0.0593745001	-0.0863977555	0.07483907	0.047535628200000006	-0.1439225607	-0.0472936766	0.0095489587	0.0162080753	0.0664287779	-0.027404677000000002	0.0928886099	-0.0716065351	0.1141841235	-0.0562703892	0.0145394583	0.045770461900000003	-0.0526535717	0.0444202606	-0.08126696900000001	-0.08552998740000001	-0.024881231400000002	0.01525399	0.043495115300000005	-0.0254852541	-0.0949075494	0.0697739989	0.0455741347	-0.0294800936	0.023384475800000002	-0.034513051	-0.030799354900000006	0.0692261507	-0.0873726787	0.023310974300000002	-0.053866501399999996	0.0670549128	-0.0695222444	-0.050013750499999995	0.12633283369999998	-0.0629261102	-0.052528943099999996	0.167615309	0.17603786010000005	-0.1145165893	-0.0059206319999999995	0.03616312	0.0684218517	0.07826262190000001	-0.0244680385	-0.0106316626	0.0139226852	0.043394860300000004	-0.0629917717	-0.038012091	-0.021784531200000002	0.0259248586	0.0039594513	0.0762166242	0.0039026148	0.0779827661	0.0306898489	-0.0861890685	-0.0814322305	-0.0216983	-0.006111599999999997	3.735165455999998e-05	0.00047081622289	0.00990618	0.034157080000000006	0.0011667061141264006	9.81324021924e-05	0.0201709	0.0043199000000000015	0.00040686520681000013	1.8661536010000013e-05	0.000261505	1.4049999999999987e-05	6.838486502499999e-08	1.974024999999997e-10	0.000298273	-9.5591e-05	8.8966782529e-08	9.137639281000002e-09	-0.000455815	0.0	2.07767314225e-07	0.0	0.0	0.0	0.0	0.0	0.0	0.0
8557.605582332482	-5.866595285020593	73232613.30276807	34.41694023822586	10007.414454789252	9.993910824019622	99.87825355845655	100148344.06992486	6523.968734003292	-0.1174336073554514	0.013790652136514326	42562168.04225252	7014.601611263048	11251.546201573216	0.9064970000000002	35.554131	0.0291909	0.014764500000000003	0.065234513	-0.027094344500000003	0.0127834854	-0.0025225636	-0.0339094821	-0.0319457467	-0.08612395029999999	0.044200955800000004	-0.0668324098	0.0838031688	0.0393567565	0.0008691169	-0.023798157900000002	0.0225211557	-0.1258457455	0.0655657687	0.0696011391	0.018347706499999998	0.037444592799999996	0.10860245880000001	0.1337416921	0.2127076359	-0.0137267495	0.044613497599999996	-0.0400625152	0.0582189553	0.10244499480000001	0.0692306597	0.1604845406	0.0271958117	-0.06581414049999999	0.0415397671	0.0672856045	-0.0479186472	0.0493169762	-0.0248496129	0.0279611826	-0.010646705400000001	-0.0459882496	-0.07799440490000001	-0.0732893279	-0.027270062799999998	-0.12470824109999999	0.0670463194	0.0687962112	0.106745978	0.09189517800000001	0.0186517099	-0.0554921043	-0.122856652	0.0141405603	0.0267184158	0.0355363821	-0.04241154	0.0507153452	-0.0805792567	-0.045601974299999994	0.0866529142	0.06478966629999999	-0.0553468682	-0.0647627766	0.088592603	0.0785297008	0.0162883118	-0.0830348924	-0.1380818592	-0.06638492230000001	-0.12042458	0.0671861623	-0.059507696	-0.0406419755	-0.002118355	0.0049091099	0.07780261690000001	0.10953090050000001	0.05922849650000001	-0.0527246729	-0.0586912451	0.0159951663	0.037883278799999996	0.1087153418	0.00578811	-0.0069370898	-0.0262227275	0.0079103411	0.0042675563	0.0303218695	-0.1056003943	0.0343581088	0.1425540853	0.0609147244	0.0364711464	0.049862064000000005	-0.0925262758	-0.1172797461	0.047680103700000004	0.009311911800000001	-0.024114504	-0.0098015342	0.0007690808000000001	-0.0876084039	-0.047712357999999996	0.0191615648	0.017094536299999998	0.0838296613	0.039758045	-0.0128752071	-0.025714772099999998	0.0139105778	-0.1911911938	-0.0150430973	-0.0216188428	-0.0052416384	0.022073446899999998	0.0874248733	-0.024008113199999997	0.1405987008	0.0041451325	0.0043250819	0.0789565176	-0.0486464308	-0.07174525400000001	-0.1370491367	0.0182313869	-0.0455965611	-0.0989426168	-0.0354681015	0.0212805247	-0.0143243658	-0.0030379164	0.0823879787	0.0887846156	0.0334721852	-0.0006331744	0.0859325384	-0.033033287200000004	0.0840992705	-0.09865570539999999	0.0329722319	-0.0731415513	0.044403799800000004	-0.0480217017	0.0610339783	0.0186855816	0.015001440500000001	0.0640423801	-0.12176343769999999	-0.0023521755	0.0270772584	0.0224693636	0.0256963048	-0.1106814834	-0.0608081526	-0.0666799741	0.0142116285	-0.1461269597	0.0767856491	0.0108245777	0.082653595	-0.025240646499999998	-0.08003575190000001	-0.011213278200000001	-0.028064714900000003	0.0597027586	0.0922624812	-0.0087861954	0.0379109373	-0.0100535437	-0.1888844285	0.0346993159	0.0002043059	-0.0525149281	-0.008059609300000001	-0.068170032	-0.0287621248	-0.0995199967	-0.0152185922	-0.0622579791	-0.0441223649	-0.1449139747	-0.092904124	0.016401446599999998	0.024851239599999998	-0.0107404793	0.1642959792	-0.0580946087	0.0583454845	0.0934434058	0.0289842546	-0.08814154390000001	-0.0779922229	-0.0252156	-0.003517299999999997	1.2371399289999983e-05	0.0006358264833599997	0.00427473	-0.0056314500000000005	3.1713229102500005e-05	1.82733165729e-05	0.026459	0.0062880999999999935	0.0007000786809999997	3.954020160999993e-05	0.000492598	0.00023109300000000006	2.42652789604e-07	5.340397464900002e-08	0.000342261	4.398800000000001e-05	1.17142592121e-07	1.9349441440000008e-09	-0.000455815	0.0	2.07767314225e-07	0.0	0.0	0.0	0.0	0.0	0.0	0.0
8526.786793083698	-30.818789248784014	72706093.01470658	949.7977707609652	9988.315096174112	-19.099358615139863	364.78549950971734	99766438.46045966	6512.518880925482	-11.449853077810076	131.09913550343686	42412902.174410895	7005.893163848717	11206.328337571309	0.879393	34.491055	0.033856899999999995	0.0139716	0.0513450578	-0.04994728230000002	-0.0024457873999999998	0.050789290300000005	-0.020722733899999998	0.0412070899	-0.10598431130000001	0.0037720665000000003	0.0132404197	0.05754327030000001	0.0477288429	-0.0361493539	-0.0152222373	-0.0193542676	0.015134388300000001	0.1387534758	0.12216415509999999	0.20331755940000001	0.027148243199999998	-0.0737039005	0.016897092199999998	-0.0151130199	0.0188706563	-0.0071220431	0.0354825994	-0.0136369225	-0.05301016150000002	-0.011919545600000001	0.0800086006	0.060175370599999986	-0.1600579758	0.05859562190000001	-0.0584855006	-0.2279743643	0.08774115939999999	-0.0107060653	-0.055490605199999994	-0.0516905972	0.0166164493	0.0181088779	-0.07045745469999999	-0.0438741414	-0.0273028449	0.0497625664	0.033632408100000004	0.0606471845	0.033044355	-0.0096532426	-0.0285173515	-0.1410122489	0.0094141541	-0.0626993501	-0.020618751100000002	-0.0048459434	0.0900763027	0.0012867567	0.0379367425	0.1324657487	-0.031826423799999996	-0.0084422725	0.0690536271	-0.0614405558	0.0049427092	0.049964543	-0.0838011505	-0.0790391791	0.060278694800000004	0.0030386172999999996	0.000824183	-0.0344583058	0.0645180006	-0.0060747312	0.0427405863	-0.053044364299999994	0.0800248237	0.0227574682	0.0982955953	-0.0506422926	-0.0018177769	-0.08407723130000001	-0.005763205	0.008586924499999999	-0.0227875936	0.0768227222	-0.1192319945	0.012997064099999999	0.0140138825	-0.08730169060000001	0.0352190483	-0.054066736	-0.0676856756	0.013371376599999998	0.0657515798	-0.0419562022	0.0184122153	0.0623322151	0.1179389708	0.0130795117	-0.17482003210000002	-0.0097534096	-0.0583143011	-0.060382495	0.0435089646	-0.0946639519	-0.09089424369999999	-0.0750591402	-0.03775547	-0.0423938453	-0.058122531799999995	0.013242261100000001	0.0350029584	-0.0020911082	-0.10658930609999999	0.109147134	0.041639004	-0.145712498	-0.013606359299999999	-0.012135719199999999	0.0058169706000000005	0.034177107000000005	-0.0585023958	-0.06610558650000001	-0.09604991269999999	0.0817304592	0.020638196100000002	-0.09621292710000001	-0.0027795467999999998	0.044892122199999995	0.0003129751	-0.0023756825	-0.0065751426	0.11576550779999999	-0.0035125856	-0.047253348	0.0794683133	-0.0436774405	0.010130746	-0.009666808	0.1431164742	0.0314518706	-0.0083655276	0.004880822	0.0463041439	-0.06696529	-0.0396108132	-0.0303722769	0.08034205309999999	0.0507356528	-0.0453968162	0.0337157443	-0.0634164114	0.03716939	-0.1301236192	-0.1520740377	0.1149811917	-0.08907368210000001	0.08164752900000001	0.0459138421	0.0469011624	0.0914129601	-0.009655515699999999	-0.0569941129	0.0788149175	0.0075929204000000005	-0.1033092494	0.051147269	-0.0910358831	0.057544171799999995	-0.008261525300000001	0.0434374832	0.0688365715	-0.0316495008	0.0589691054	-0.08657625460000001	0.0476697443	0.1378049017	0.0228114185	0.0226057369	-0.1291732573	-0.0363879427	0.0206366054	0.0619023621	-0.1009492213	-0.012949693	0.0552425954	-0.0481335866	-0.0960670486	0.0271260852	0.0272702111	-0.0899912501	-0.0743476354	-0.0304382	-0.005222600000000004	2.7275550760000044e-05	0.00092648401924	-0.0013514200000000005	-0.005626150000000001	3.165356382250001e-05	1.8263360164000011e-06	0.0298552	0.003396200000000005	0.0008913329670400002	1.1534174440000036e-05	0.000606275	0.00011367699999999995	3.67569375625e-07	1.2922460328999992e-08	0.000190771	-0.00015149000000000006	3.6393574440999986e-08	2.2949220100000008e-08	-0.0005828869999999999	-0.00012707199999999994	3.3975725476899984e-07	1.6147293183999984e-08	0.0	0.0	0.0	0.0	0.0	0.0
8504.369834219204	-22.416958864494518	72324306.27717757	502.5200447324394	9990.241549387889	1.9264532137767676	3.7112219848708348	99804926.21511611	6498.97768679585	-13.541194129632457	183.36393845639256	42236710.97347034	6997.091922312889	11230.690882149687	1.002451	39.317585	0.06641623	0.0339082	-0.008445523299999999	-0.0702356594	-0.0661906587	0.0750489514	-0.0212893499	0.0805441038	-0.07301423580000001	-0.0007290741	0.0718170509	0.059183064199999996	-0.0597795021	-0.0367428531	0.0079013642	-0.013956088600000001	-0.07181442910000001	0.122534578	-0.0318657639	-0.0273419557	-0.0179567626	-0.0476013063	-0.045763651100000004	0.012652742600000001	-0.0269357289	-0.0824620326	0.0304757956	0.06528390070000001	-0.0365718819	0.0197990021	0.0214897578	0.0111137496	0.08468801699999999	-0.0694106437	-0.0761853298	-0.0254341972	0.0181253439	0.07041903620000001	0.0055462024	-0.0200166227	-0.0413014104	-0.0521806245	-0.158316249	-0.2357168292	-0.0028330771000000003	-0.017587232	-0.05943485320000001	0.0539276291	-0.0181636656	0.0633404179	0.0768275762	-0.1432519338	0.0242268695	0.016787563300000002	-0.09041754449999999	0.0220193425	0.0787800054	-0.016335336399999997	-0.028443558799999998	-0.0843138516	-0.06729956690000001	0.0100232791	0.0254683929	0.020709579	-0.014149874299999999	0.0313006759	-0.0977979801	0.0227781102	-0.0237553057	-0.0001880072	-0.0781852752	-0.0986188122	0.0076118494	-0.0703494269	-0.061011588099999986	-0.15888506630000002	0.127246825	0.0665249597	0.0645305356	0.0206394508	0.0115346146	0.1690769393	0.007308777	-0.0359108854	-0.069040055	0.0493622616	0.0800563767	0.0112523753	-0.0241927764	-0.10535491220000001	-0.0293944833	-0.0428081395	-0.009527185300000001	-0.08672364240000001	0.106680745	0.0096407478	-0.0158831154	0.0433353213	0.0387773239	0.0682685012	-0.0242098572	-0.044408582	-0.1979591959	0.0105742528	0.1609378889	0.0868952494	-0.0492401737	0.0027177705999999998	-0.0838351235	-0.12070484220000001	0.07237080259999999	0.0730417785	-0.0020691227	0.10570670800000001	0.0857229982	-0.0119697233	0.0948766047	-0.1071899867	0.0738451898	-0.0353363013	0.014013180600000001	-0.071702965	-0.0757553002	0.0015073682	-0.09270946619999999	0.0754978838	0.0789343411	-0.08738866769999999	-0.0731205971	0.0844424881	0.1095064702	0.0031261997	0.0120974255	-0.0063414674	0.0179480988	-0.0295361258	-0.0483111399	0.0319647934	-0.0170037735	0.0011133182000000001	0.12311737939999999	-0.0271201573	-0.0047852344	0.0875427011	-0.083330198	0.025384692099999998	0.055839134500000005	-0.0057008258	0.0685178224	0.0069117817	-0.0394657156	0.030634246400000002	-0.021198734599999998	-0.0928111983	0.1236743565	-0.0634454304	0.0166568485	-0.0456724092	0.0027096836	0.18577943530000002	0.039837371499999996	0.006440828000000001	-0.016574825300000002	-0.006125714	0.1235438718	0.1381150215	-0.0129688506	0.06360780469999999	0.10176123320000001	0.0314392413	-0.038677382	0.036804321699999996	-0.0028959295	0.1850220867	-0.069893203	-0.030892253999999997	-0.037000721800000004	-0.1039292785	0.0558644224	-0.025895584500000002	-0.0479072616	-0.09412362519999999	-0.0268623846	-0.0461412139	0.1335865808	-0.0521422946	0.1367293781	-0.1049436883	-0.0272771924	-0.0424183608	0.025548217999999998	-0.09173603050000001	-0.070508028	-0.0339278	-0.003489599999999999	1.2177308159999992e-05	0.0011510956128399999	-0.026435000000000004	-0.025083580000000005	0.0006291859856164003	0.0006988092250000003	0.0318038	0.0019485999999999985	0.00101148169444	3.797041959999993e-06	0.00102041	0.0004141350000000001	1.0412365681e-06	1.7150779822500005e-07	0.000353476	0.000162705	1.2494528257599998e-07	2.6472917025e-08	-0.0007239360000000001	-0.0001410490000000002	5.240833320960002e-07	1.9894820401000054e-08	0.0	0.0	0.0	0.0	0.0	0.0
8496.198171043217	-8.171663175986396	72185383.36163811	66.77607906177207	9971.622846707074	-18.61870268081475	346.6560895165784	99433262.1969705	6492.122582666108	-6.8551041297414494	46.992452629598255	42147655.62836326	6996.1020671970455	11310.265876154566	1.106763	43.408833	0.0508373	0.032628700000000004	-0.011664638799999998	-0.056459082699999996	-0.16397767359999998	0.0984643236	-0.017159916299999998	0.2052941275	-0.0748881492	-0.012989041399999998	0.0694403664	-0.0834810461	-0.1321413059	0.0069251077000000005	-0.045747187800000005	-0.0349132327	0.08770368939999999	-0.0342240967	-0.0333371346	-0.09612073380000001	-0.0755361459	-0.11253593769999999	-0.0321214385	-0.0300039619	0.19958971960000002	0.0429416086	0.009139192800000001	-0.0276529654	0.1667160877	0.0763050889	0.015530393899999996	0.030671438999999998	0.049733128200000004	0.019470955800000002	-0.12246540560000001	-0.041058828	0.124340585	0.0826958334	-0.0290991716	0.0981436131	0.0613904889	0.011183833	-0.0803427316	-0.0244007995	0.1971568366	0.0417609264	-0.1754023869	-0.0793505042	0.030066758199999998	0.07947457299999999	0.0226450815	-0.08779891699999999	-0.06499037690000001	-0.039605688	-0.035269441299999996	0.0011795401	0.073854507	0.0965862172	0.0498582786	-0.016075155	0.0648633948	-0.051441879	0.0433855141	-0.038080800899999996	0.0265639035	-0.1144963834	-0.0031601877000000003	-0.0319324137	0.038563571	0.027948927400000004	0.0120049563	0.10757675119999999	0.0783229524	-0.0515920343	-0.025834615699999997	0.0551161317	0.0229970571	0.0253779669	0.0159443111	0.0588026479	-0.0005554513	-0.027846965699999997	0.1530822756	0.045225981299999995	-0.0227905711	0.0087075944	-0.0065354121	-0.0093627588	-0.09482063210000001	0.012201703799999998	-0.0700620013	0.0160621528	-0.0589941784	-0.0734921872	-0.0248112991	-0.008232911800000001	-0.1283701933	0.0727924775	-0.071529909	0.0686111548	-0.010860200700000001	0.0432001804	0.0302540464	-0.0494662225	0.0081093377	0.0727918332	-0.11924933550000001	0.022946219900000002	0.0213460659	0.0924985655	-0.1040285359	0.0566446899	0.1311937589	-0.051693108099999996	0.0905452897	0.0646372741	0.1260077627	0.1170367858	0.1474843658	-0.1650308455	0.0425405601	-0.09762957230000001	0.011537018500000001	0.0932896888	-0.02675161	0.1131724885	0.05833899980000001	-0.0255681227	0.0252517919	-0.0202872672	0.0358356055	0.0634153969	-0.0674595212	0.021557121800000002	0.049208326399999995	0.0735178812	0.0350787401	-0.0143887501	-0.0194447731	-0.0629417925	-0.0166420842	0.0103147265	0.0538348313	0.09990827	0.0093749871	0.0572787277	-0.0331682814	0.0144424217	0.0123415273	0.0650015945	-0.17754615699999998	-0.0299856667	0.1144582354	0.0759744299	-0.020733660600000002	-0.0743770537	-0.11718786210000001	-0.0413207555	0.0264399544	-0.074444681	-0.032554948	-0.035643794900000005	-0.051393258	0.09404019970000001	0.0979254192	-0.1098006082	0.0800048771	-0.0673142991	-0.0834297308	-0.0377305784	-0.0525596383	-0.0162211962	0.178201785	0.0153796719	0.0746435934	-0.0195413176	0.025495370299999997	-0.0140648419	0.0005567177	-0.110773055	-0.1479025257	0.0042689873	0.046069022599999995	-0.17771975550000002	0.052486226500000004	0.0642894638	-0.014120153100000001	-0.0242078783	-0.0824238145	0.0176923198	0.0238187774	-0.0933738509	-0.06648347240000001	-0.0357475	-0.0018197000000000005	3.311308090000002e-06	0.0012778837562500002	-0.05603430000000001	-0.029599300000000005	0.0008761185604900003	0.003139842776490001	0.033271300000000004	0.0014675000000000035	0.0011069794036900002	2.1535562500000105e-06	0.0007974819999999999	-0.00022292800000000014	6.359775403239998e-07	4.969689318400008e-08	0.00031049	-4.298599999999996e-05	9.640404010000003e-08	1.8477961959999963e-09	-0.0008170379999999999	-9.310199999999976e-05	6.675510934439998e-07	8.667982403999952e-09	0.0	0.0	0.0	0.0	0.0	0.0
8493.173773966462	-3.024397076755122	72134000.75479172	9.146977677884928	9965.733723035417	-5.8891236716572175	34.681777620073376	99315848.63844536	6493.5786048376485	1.4560221715400985	2.120000564016344	42166563.09720526	6985.828691530426	10893.785272366873	1.209782	47.449379	0.13521626	0.07325330000000001	0.0586401918	-0.1279765151	-0.1066053776	-0.0417740816	-0.029067166600000006	-0.0518050415	-0.08916005279999999	0.0309405375	0.0651934712	-0.1645543648	0.0725821349	0.0932738557	0.0322616056	0.0611225906	0.0164972854	0.0173454408	-0.0429538941	0.056302957800000004	0.15187259919999999	0.19975040219999998	0.12630419140000002	-0.21255176329999997	0.0430414021	-0.020468179	-0.0137302173	0.0010851742999999998	-0.1042688054	-0.0215671213	-0.2313037727	-0.1015693847	0.0041957325	-0.0211875744	0.1427925712	0.0060448406	-0.0245970283	0.0659263788	-0.1293938277	0.0811231934	0.0428292639	-0.0760322434	0.0220210404	-0.09246108369999999	0.1405928698	0.0104612476	0.0317441542	-0.10362488199999999	-0.0244223053	0.0396531848	-0.0725024871	-0.0869918521	-0.0653175934	-0.100344398	-0.0660602987	-0.0386729483	-0.015415367	0.023503450099999997	-0.1048662111	0.0334157711	-0.0536255324	-0.08553682650000001	0.0875009757	-0.08155744059999999	-0.11347991550000001	0.1257960684	0.1296306108	0.0253621238	-0.0621623583	0.0609340986	-0.08626590810000001	-0.0584281137	-0.0891347958	0.026265740299999996	0.1663852695	0.0985471074	-0.1267934013	-0.0404036889	-0.0453634407	-0.0186182779	0.0133905616	0.0993975856	-0.054466089800000006	0.0764142923	-0.0434287218	0.0252398271	-0.0132099153	-0.09347154869999999	-0.049966837699999996	0.0585444988	-0.0110160426	-0.0291273818	-0.0139093803	-0.0965147189	-0.08592462669999999	0.0300031183	0.0760291089	0.12983735789999998	-0.2150876366	-0.016377893799999998	0.027680987999999997	-0.12963584179999998	-0.1005724027	0.047629638700000004	0.09517580070000001	-0.0087786623	-0.0056474394999999995	0.0325195492	0.0865137817	-0.0311069215	-0.0145931368	0.0753427515	-0.058732872699999994	-0.021101920299999997	-0.047961616	-0.0783654947	0.1206360038	-0.045783235	-0.0597602563	-0.0031045459999999997	-0.0378150586	0.0567881436	0.0507461138	0.030128727999999997	0.0184447405	0.1685756491	-0.0104055841	-0.010469235300000001	0.08871272849999999	-0.0427477688	-0.0886978964	-0.0216186387	0.0517578784	-0.1116300817	-0.24609840300000002	0.082535162	-0.0018257147	-0.0221694539	0.047576526200000004	0.0907510546	-0.0170755521	0.0580302446	-0.0025587195000000003	-0.0523887131	0.0165979532	-0.14868553539999999	0.00025578060000000004	0.022253826	-0.0115773093	-0.1088105184	0.0361616294	0.1541679714	0.0391907438	-0.0603248417	0.026301575299999998	-0.0231015216	-0.0202885693	0.1618594991	-0.0827206947	0.1273908188	-0.0960151143	0.0633270275	0.1820978275	0.018173365	-0.0133979654	0.014184711899999999	0.1096205866	-0.09664604759999999	-0.0166723049	0.0376169495	0.05719423360000001	-0.08765355289999999	0.047493128200000005	0.2180258181	0.060395245199999996	-0.028754940299999997	-0.0624654373	0.0636089936	0.09481248839999999	-0.08937914849999999	0.041537199	-0.0753392778	0.21546502329999997	-0.021192604700000003	0.0081773061	0.07570661	-0.0092177158	-0.0652779978	0.0304324846	0.1231561557	0.022082393399999997	-0.09490280150000001	-0.062284525300000004	-0.026249400000000003	0.0094981	9.021390360999996e-05	0.0006890310003600001	0.00805576	0.06409006	0.0041075357908036	6.48952691776e-05	0.026288599999999995	-0.0069827000000000075	0.0006910904899599997	4.875809929000011e-05	0.000146211	-0.0006512709999999997	2.1377656521000004e-08	4.241539154409997e-07	0.000453251	0.00014276099999999998	2.05436469001e-07	2.0380703121e-08	-0.000518162	0.00029887599999999984	2.68491858244e-07	8.932686337599993e-08	0.0	0.0	0.0	0.0	0.0	0.0
8556.81828462377	63.644510657308274	73219139.15607171	4050.623736808226	9989.094584688686	23.36086165326924	545.7298571831852	99782010.62185684	6512.279196327708	18.7005914900592	349.71212207807434	42409780.330922656	6993.055162680691	10898.180470520107	1.115484	43.75087	0.04284079	0.0226848	0.0896459204	-0.10122808259999999	0.0094575611	-0.1300636148	-0.0476534156	-0.15171446689999998	-0.08460793470000001	0.06316005	-0.0195875836	-0.0024170723000000002	0.016619983799999998	0.08349755980000001	0.0994781324	0.07413669219999999	-0.0543577085	-0.05279684230000002	-0.0978955062	0.05775083440000001	-0.05877606	-0.0641208418	-0.0465250304	0.0576253385	-0.0167797408	-0.0705847889	0.1098904694	0.036202402	-0.0785590426	0.0002758737	0.0034393708	0.1011676514	0.0995606034	-0.001269562	-0.1335892606	0.1840389544	-0.1440192928	0.10452015199999999	0.0123475604	0.09315400189999999	-0.0470522256	-0.0825736116	-0.1632951239	-0.0346475952	0.0306169057	0.0262463996	0.1559870368	-0.017234625700000002	0.0026068951999999998	0.043909068899999994	-0.1067663633	-0.0173122502	0.015123876299999997	-0.010135374499999999	0.0029406267	0.00046479480000000004	-0.0300116393	-0.0597357021	-0.1178819473	0.0688757769	0.0514969121	-0.0696006563	-0.11122132130000001	-0.055222232	-0.0179443545	0.0789215253	-0.0885108561	-0.032721868	0.004458168	0.022513951400000003	-0.0096915891	0.0136839626	-0.0528653064	0.10332764	-0.0153318527	0.10995967960000001	0.18179188579999997	0.0455326616	0.013286585	0.045571170999999994	-0.0009002853	0.0637876731	-0.1293960244	0.0798184501	0.1503295258	-0.09208313039999999	0.015367326200000003	0.0488030937	0.008976066	0.0191537079	-0.0490279326	-0.0464993499	0.1178095167	0.0243238573	-0.0933109265	0.0154412781	-0.16610963509999999	-0.1402901721	0.050230791799999994	-0.0374497688	-0.0215539734	-0.12889960779999998	0.047366914100000004	0.10975680019999999	-0.0027728526	-0.0328222841	-0.0534970008	-0.19134525859999998	-0.1707029401	-0.0645769199	-0.0716261473	0.038384841	-0.0771364776	0.11643763630000001	-0.08240842059999999	0.0326471884	0.0820840486	0.0781345554	0.0708824078	0.1032236499	-0.026420822200000003	0.1363949115	-0.014739757099999999	0.031098828399999997	-0.034255337999999996	0.0224701563	-0.0859309481	-0.056920144900000004	0.0362971386	-0.027034604	-0.0680339145	-0.054647544000000006	0.09551001210000001	-0.021592669	-0.0320293356	0.0669007105	0.10184604900000001	0.0569004001	0.0463150014	-0.061795516200000004	0.0825693205	-0.0577964287	0.07929001299999999	0.006598077	0.006465671700000001	-0.184939574	0.0093733064	0.0045268583000000005	-0.0058466251	-0.04685942059999999	0.014777868500000001	-0.028327384599999998	-0.0655858679	-0.11703939880000001	0.042213070400000004	0.0919833607	0.10428499849999999	-0.1466527702	0.0022502572	0.060045190199999994	0.0179140083	-0.0897592541	0.075149669	-0.047895886	0.034101929100000004	-0.0794230856	-0.0141664271	-0.045850893	-0.0871916655	-0.06591247360000001	-0.025852184500000003	0.0016434645	0.0208486025	0.0695822868	-0.0455499047	0.032912198999999996	0.2579961924	-0.09427365539999999	-0.1211697737	0.16883382510000006	-0.034590532	0.0509268225	0.015965993799999998	0.0210182669	-0.0169480012	0.0072418893	0.0014220164	0.0967828616	-0.0383639425	0.2047906379	0.020339572099999998	-0.09632109970000001	-0.057922200800000004	-0.0301923	-0.003942899999999999	1.5546460409999994e-05	0.00091157497929	0.0225864	0.01453064	0.0002111394988096	0.0005101454649599999	0.0295626	0.003274000000000002	0.0008739473187599999	1.0719076000000017e-05	0.000436695	0.00029048400000000003	1.90702523025e-07	8.438095425600004e-08	0.00032187	-0.00013138100000000002	1.036002969e-07	1.7260967161000007e-08	-0.000518162	0.0	2.68491858244e-07	0.0	0.0	0.0	0.0	0.0	0.0	0.0
8581.404179190735	24.585894566964267	73640497.68663222	604.4662116578833	9986.292736970006	-2.80184771867971	7.850350638670695	99726042.62845992	6508.384690018389	-3.8945063093187855	15.16717939332383	42359071.27326576	6992.649436654505	11493.04147913878	1.1752479999999998	46.094921	0.02452066	0.0199058	-0.0035948612	0.0089947065	0.0269573636	-0.0560170116	-0.0202666758	-0.0585579917	-0.100071433	-0.0399041785	-0.0086500477	0.032201752400000005	-0.0450280571	-0.0333735507	0.0461010231	0.0337055312	-0.0224616855	0.0149940497	-0.0561693309	0.0367157997	-0.0064242147999999995	-0.0202469798	0.005715136500000001	-0.028023641000000002	-0.0454537142	-0.0901046668	0.14385106849999998	0.11326599720000001	0.0139400375	-0.18273932	0.08745760820000001	-0.0530558042	-0.1124891817	-0.054039661100000004	-0.0039457326	0.0419136631	-0.0588832394	-0.06825361519999999	0.074996387	-0.1719092794	0.0077881598	-0.0073215655	0.0564251028	0.1168297097	0.0165369948	-0.032065628799999996	0.0517973213	0.0380577831	-0.0284791904	0.0690166366	-0.0433967471	0.04626426980000002	-0.0533925601	0.0302072687	-0.0845628132	0.038018069	-0.0303274756	-0.11307568609999999	0.0398797241	0.0570865364	-0.0045058716	-0.08579542400000001	0.1632980059	-0.0266755668	0.0584326494	-0.1258660388	-0.008696327	0.0118595097	0.09421494039999999	0.0808037828	0.021828025	-0.0401778811	-0.0843668187	-0.1054324133	0.025983661499999998	-0.1612533164	0.1386885317	0.151980191	-0.0583693003	-0.0696834252	0.0638396583	-0.049804281900000004	-0.013329503000000001	-0.17887190739999995	0.044814726500000006	-0.0976455218	-0.0816063006	0.0706782892	0.16299445769999998	0.0929773968	0.0796942205	-0.0174947453	0.0236537422	0.0040106784	-0.0988094915	-0.1984594017	0.037949590299999995	0.10971323150000001	-0.0086293461	0.0002609362	0.054411114100000005	-0.0848573133	-0.18587862149999998	-0.0198707831	0.0278748818	0.0921417017	-0.0234146475	0.0695353141	0.0288458011	-0.1509815294	-0.0449630307	0.0546840342	0.066084117	0.0138899395	0.0673396953	-0.0773931576	-0.0385867666	0.1346929459	-0.0561194536	0.0875592175	0.0042055692	0.014110661100000001	-0.0873751509	0.04929925190000002	-0.051898320899999996	-0.0118517013	0.013948498	-0.0415596465	0.0495639962	-0.0340862819	0.06636330929999999	-0.0413174971	0.0714216429	-0.0065658046	0.0490134213	0.0267903112	-0.0023312604	-0.20321992100000005	0.0374006995	0.0840902224	0.0067611836	0.1473440227	-0.0152702542	0.1118804086	-0.023753988599999998	-0.0604436817	-0.1290017493	-0.10120505210000001	0.0331680146	0.165222993	0.09792348640000001	0.0067864286	-0.0754592684	-0.1167468264	-0.0393724398	-0.009836293000000001	0.0692439366	0.0299108152	0.0291541196	0.0274723682	0.11693364449999999	-0.2556584892	-0.1553185139	0.0047879551000000005	-0.08809689220000001	0.026250681499999998	-0.0624488327	0.1312642386	0.0645331185	0.0196723592	0.0520324071	0.0342650054	-0.045523436900000006	0.0551948814	-0.04869600599999999	-0.1985044051	0.0468876208	-0.0540735983	0.1224190375	0.0817328786	0.0995053513	-0.09946157470000001	0.169916176	0.043845864500000005	0.1583360174	0.0471538334	-0.1165199985	-0.0247467245	-0.0148499742	-0.0305271915	0.018590821599999998	-0.0976270918	-0.053407941699999996	-0.0293506	0.0008417000000000043	7.08458890000007e-07	0.0008614577203599999	0.00290434	-0.01968206	0.0003873834858436	8.435190835600001e-06	0.03086	0.0012974000000000039	0.0009523396000000002	1.6832467600000106e-06	0.000428457	-8.238000000000039e-06	1.83575400849e-07	6.786464400000065e-11	0.000276118	-4.5751999999999985e-05	7.6241149924e-08	2.093245503999998e-09	-0.000518162	0.0	2.68491858244e-07	0.0	0.0	0.0	0.0	0.0	0.0	0.0
8554.616661613964	-26.787517576771283	73181466.22716324	717.5710979258303	9966.29660737702	-19.996129592986108	399.8451986994948	99327068.06621473	6506.944623641355	-1.4400663770338724	2.0737911702634637	42340328.33513514	6998.086735517758	11615.534517743696	1.032104	40.48060200000001	0.07017264000000001	0.039582	-0.0258374968	0.030474773900000002	0.0035358237	0.0371577434	-0.0010837609	0.026843882700000002	-0.0260572599	-0.0997124265	0.023023693900000003	0.06173334	-0.021838138700000002	0.052461674699999995	-0.058966015499999996	-0.026354296099999997	0.0488356627	0.0422925605	-0.0365230204	0.1325779386	-0.1332645975	0.1017259653	0.17557139370000002	-0.1004710779	-0.0574654646	-0.1314870826	-0.0194681871	0.004474259699999999	-0.12930176289999998	0.0406010785	0.0820570422	-0.0499947201	0.0264744773	0.11955803970000001	-0.041881932000000004	0.0331344459	0.026389857000000003	-0.1262346947	-0.0410463717	-0.022598638799999998	-0.0346092781	-0.0842555134	0.013097118999999999	-0.0036305581	0.026880271400000003	-0.0073500471999999985	-0.0099727584	0.0566770091	0.0130259613	0.022352570699999998	0.0500405141	0.0138342243	-0.019863793799999998	0.1196495636	-0.1498665501	0.08449409349999999	-0.0307760192	-0.0491089674	-0.0039161396	0.0059834627	-0.038772367	0.0013037124	-0.0042702905	-0.09805687619999999	-0.0507089765	-0.09638363970000001	-0.0619739808	-0.011027023300000001	-0.001566926	-0.006631447800000001	0.0646282213	-0.0260977409	0.1365602197	-0.1294408154	-0.0685435474	0.0008414134	-0.022315078199999998	0.0035488726	0.0065141529	-0.0272684373	0.1113893916	-0.064887084	0.027885465	0.0141142899	0.0040265109	0.0024256969	-0.039045089500000005	-0.0399649348	0.0684179731	-0.0383863613	0.0024860985999999997	-0.0542195738	0.05704558570000001	-0.1091580457	0.0936366333	0.0322939066	0.0419405084	0.016547448200000002	0.0211404314	-0.1085370707	-0.0837688002	-0.1343404998	0.1525553258	0.0188239924	-0.1547369544	-0.0553308273	-0.064427285	-0.1269630566	0.024048971699999998	0.009340525799999999	0.1542794196	-0.0055750109999999995	0.13207389560000002	-0.10708652910000001	-0.004644929	-0.0048026972999999995	-0.0367896408	-0.0510449653	0.0785462911	0.0036797216999999998	0.005714161800000001	-0.024681942999999998	-0.0802708087	-0.005507046	-0.023771177200000004	-0.057992298	0.1253392491	-0.040257519	-0.025864467000000002	-0.056872498	0.0659574491	-0.0932190618	0.0167295601	-0.005979291899999999	-0.0474648442	-0.0871075518	-0.0348686004	0.0548004151	0.0047850931	-0.06221746070000001	-0.0022638532	0.1354936959	0.0332478613	0.0418313518	0.0029253298	0.0833842119	-0.0426267419	-0.0397088292	-0.0298797876	0.0929239072	-0.0078521838	0.0743417193	-0.0322501375	0.134930991	0.0046937474	0.0355240041	0.0417224018	-0.0349610995	-0.0179719578	0.072651576	0.0353361601	-0.0110910733	0.0649606961	0.09249786759999999	0.10390347789999999	-0.1039063512	0.0825425103	0.0839130799	-0.0172731826	0.0559122442	0.10564748980000001	-0.0467327841	-0.0600346477	-0.100232684	-0.0139091728	-0.06403685190000001	0.0506571299	0.0400402477	-0.0278967932	0.07534321719999999	0.0893245292	0.0008607056	0.0330943565	0.09489469199999999	-0.060719933	-0.0942782403	0.055666216399999996	0.0375223821	-0.1262995391	-0.1910788641	0.0168366517	-0.0988192551	-0.0487535893	-0.0373235	-0.007972900000000005	6.356713441000008e-05	0.0013930436522500002	-0.0117045	-0.01460884	0.0002134182061456	0.00013699532025	0.026774400000000004	-0.004085599999999997	0.0007168684953600003	1.6692127359999986e-05	0.00112143	0.0006929730000000003	1.2576052449000002e-06	4.802115787290002e-07	0.000453251	0.000177133	2.05436469001e-07	3.1376099688999996e-08	-0.000518162	0.0	2.68491858244e-07	0.0	0.0	0.0	0.0	0.0	0.0	0.0
8526.151116853414	-28.465544760549164	72695252.86742072	810.287238514828	9984.32044298673	18.02383560970884	324.85865008580845	99686654.70824271	6499.571518512852	-7.373105128503084	54.36267923595849	42244429.92426346	6995.2907562604505	11620.643239206367	1.005118	39.422188	0.09813845	0.0444111	-0.0736806968	0.0014457657000000001	-0.0740134295	0.1035382268	-0.0310591525	0.0917407664	0.0460959661	-0.0281812793	0.15831162	0.038451829900000005	-0.0008990317	0.0471496784	-0.0657544007	-0.016264059299999998	-0.0440671697	0.0882584225	-0.0580031792	0.1688161668	-0.0760555533	0.0193144595	-0.0320853246	0.0752585365	-0.0573452584	-0.0249018486	-0.15248983619999998	0.0325528483	0.0003295042	-0.14744088119999998	-0.0293606994	0.03794883	0.09793133550000001	-0.0056908357	0.0159747565	-0.00039418410000000004	-0.0296603375	0.0277289948	0.0476886826	0.11913417949999999	0.12980198939999998	-0.0629183382	-0.0486615663	0.0934087564	-0.0211527206	-0.0306570195	-0.0788039077	0.020723324799999998	0.028718629300000006	0.013816252	0.0759424179	0.035433198	-0.1230496026	0.1389935551	-0.0579428379	-0.021238540499999996	0.0115355975	-0.0161462786	0.0678706316	-0.0620116217	0.0593586697	-0.07347990730000001	-0.0294602317	-0.0635471762	0.0195206503	0.0520561749	-0.028304582400000007	-0.0222702044	0.2244309471	-0.0328235543	-0.0227842998	-0.1624080943	-0.0667684538	0.0064014061	0.0928938133	0.0501076399	0.048516097599999995	0.0274043967	-0.028665582599999996	-0.011426740800000001	0.038485011	0.0627352712	-0.0349299109	0.038935958	0.11870405310000001	0.0510601487	-0.200082647	-0.012275861599999998	-0.005153707800000001	-0.050808079400000004	0.0193998245	0.0669961749	0.11934432460000001	-0.0363824521	0.0869889858	0.055786660099999996	-0.0297416416	0.19254521530000002	-0.0386950951	-0.1396532948	0.09682105390000001	-0.028617533799999997	0.0175790306	-0.0025734635	0.0899714441	-0.0480812371	-0.0380451415	0.0359034753	-0.0115055801	-0.0230101539	0.0354942439	-0.031110873100000002	0.0161780775	-0.083648188	0.0497940574	-0.0668990367	-0.0276805638	-0.0304762902	-0.1307110199	-0.0366439261	-0.0164606527	-0.1034217425	-0.032673855099999996	0.005381664499999999	-0.0335358153	-0.0691788076	0.1016111746	-0.0335927181	-0.0781634092	-0.166670586	0.0166340923	-0.08070955839999999	0.0183272251	0.016371453799999998	0.046081707699999995	0.0422922058	-0.0791237735	0.041435459	-0.0476337983	0.0180580112	0.0701874303	-0.004782695	0.023320991200000002	0.0145615291	0.1528597949	-0.0507299908	-0.1799236249	0.005903871999999999	-0.0001344032	-0.022862944399999998	0.094003831	0.0420432938	0.0153268185	-0.1958540692	-0.0202690164	-0.1476128165	0.1025705225	-0.06880106700000001	0.0009425309	0.0539001409	0.10298713599999999	-0.0985309592	0.1311393009	-0.054736445099999996	-0.0671696833	-0.0439634158	0.0470413224	-0.1217560535	0.0160121566	-0.09147171859999999	0.0768995651	-0.039740862	-0.07341060740000001	-0.0782625662	0.0595296075	-0.0762456515	-0.06754750179999999	-0.0021208991	-0.0729073988	-0.059413942699999986	-0.131917859	-0.00787979	0.121176486	-0.1134943191	0.050847559900000006	-0.015649772	-0.0266576527	-0.0544775357	0.050870937699999993	-0.0391094001	0.015077573799999999	-0.09989619949999999	-0.0439713523	-0.0535686	-0.0162451	0.0002639032740099999	0.0028695949059599998	-0.0426026	-0.030898100000000005	0.0009546925836100004	0.0018149815267600004	0.0479026	0.0211282	0.0022946590867600003	0.00044640083524	0.00136258	0.0002411499999999999	1.8566242564e-06	5.8153322499999944e-08	0.000547106	9.3855e-05	2.99324975236e-07	8.808761025e-09	-0.000780498	-0.0002623360000000001	6.091771280040001e-07	6.882017689600002e-08	0.0	0.0	0.0	0.0	0.0	0.0
8496.075985679054	-30.075131174360646	72183307.1544323	904.5135151549997	9988.683649909091	4.363206922362224	19.03757464734963	99773801.0579612	6484.937215471021	-14.634303041831114	214.16282552014752	42054410.68860104	6984.446429002457	11420.772196554155	0.945892	37.099232	0.07471805	0.0365676	-0.07345771429999999	-0.07793849530000001	-0.0267678922	0.0929402392	-0.04731746690000002	0.0242850944	0.0847146634	-0.015686288700000002	0.2319488428	-0.0041973288000000004	0.1058550693	0.05743284	-0.08010485	-0.0010871285	-0.055486223	0.0353439728	0.021091578599999997	-0.019218834	-0.012898311200000002	0.0140461346	-0.09338577320000001	0.012536141	-0.0620516775	-0.0069070947	-0.0194852219	0.0836678392	0.0039005808	-0.0785539658	0.0475251205	0.1402904712	0.0271549052	0.0007965799	-0.043016147000000005	-0.044978658600000006	-0.031364812	-0.0362355615	-0.0014671651000000001	0.0186945193	-0.16944803719999998	-0.0823214888	0.0638145348	0.1126588143	0.0624415924	-0.0996363193	-0.041988283	-0.008395401	0.003887947	-0.0317704896	0.1030044609	-0.0429984035	-0.1018031916	0.1125944683	-0.1340836675	-0.0471255788	-0.0293684925	0.056658945999999995	0.1051663067	0.0041093503	0.008247406	-0.039217422599999996	-0.1396997473	-0.0750659885	-0.1195670316	-0.0852230816	-0.1160504742	-0.056608410199999994	0.09418962380000001	-0.0145315571	0.026187563799999997	-0.023635848900000003	0.0716954406	-0.0281502543	0.0261000542	-0.012333416299999999	0.0454890381	-0.11369175570000001	0.0516888387	0.0049992311	-0.0870085607	-0.005394824	-0.1059286649	0.11414234039999999	-0.1369928178	-0.010874386599999999	0.043160826500000006	-0.0577601619	0.0701722046	0.1219591843	-0.0681503901	0.0409808665	0.20775825050000002	-0.0785571747	0.11472502650000001	0.0328311665	0.09249847470000001	0.0385803679	-0.0720437396	-0.0321837427	-0.1327448964	0.17204089420000002	0.0814839402	0.041285819	0.0423496871	0.046607130700000006	0.023795814199999998	-0.12696923699999998	-0.1318972802	-0.1340708105	0.0033586956	0.0486380238	-0.13047448949999998	-0.0042800966	0.10212980210000001	-0.1071539886	-0.1084864331	0.09554310810000001	0.10006173859999999	0.007478073399999998	-0.0900020582	-0.1156376805	0.0049045715000000005	-0.0453346942	0.0005567122	-0.0043103813	0.1515100093	-0.011564278999999998	-0.10335462109999999	-0.1653987318	-0.0749013858	-0.0901027415	-0.011923628799999999	-0.008002924	0.08931204039999999	0.0112033494	-0.0590199872	0.0771660042	-0.00992127	-0.0788710213	0.0038124915	0.0220609966	0.0364780856	0.11682890720000001	0.09973152769999999	-0.0948750541	0.0127376703	0.1306955275	0.0372350215	-0.0434671182	-0.0793650774	0.0919737051	-0.06845360660000001	0.1114574909	-0.0848127381	-0.0814433867	0.0308928017	-0.0775042431	-0.0724020685	0.1595752547	-0.0798537001	0.043202165599999995	0.0909455869	-0.025565585499999998	0.0377589645	-0.0473032064	-0.030739517200000007	0.0193277753	0.247681018	-0.0034824624	-0.050604973399999996	-0.10371578599999999	-0.0422661499	-0.0707360992	-0.041556557200000004	0.0009776941000000001	-0.0177155481	-0.017992746100000002	0.0928821008	-0.0086936103	-0.0169852419	0.11624049449999999	-0.0763006272	0.1367347897	0.0453548515	-0.0877426396	-0.033421418	0.06940843599999999	0.213872952	0.0045982018	0.0133141006	-0.1008566694	-0.039073774900000004	-0.0662137	-0.012645100000000001	0.00015989855401	0.004384254067689999	-0.0156388	0.026963800000000003	0.0007270465104400001	0.00024457206544	0.058244	0.0103414	0.0033923635360000003	0.00010694455396	0.00163494	0.0002723600000000001	2.6730288036000005e-06	7.417996960000009e-08	0.000568171	2.1065000000000016e-05	3.2281828524100004e-07	4.4373422500000075e-10	-0.000982428	-0.00020193	9.65164775184e-07	4.0775724900000014e-08	0.0	0.0	0.0	0.0	0.0	0.0
8497.306893376224	1.2309076971705508	72204224.44021909	1.5151337589537084	9987.176510169407	-1.5071397396841348	2.2714701949351617	99743694.6452796	6481.616804061265	-3.320411409756161	11.025131930038901	42011356.39468937	6978.741036061272	11509.243853331283	1.09847	43.08358	0.06730814999999997	0.034430699999999995	-0.16021117869999998	-0.11377682060000001	0.0189152557	0.070496709	-0.048214863	-0.0409649473	0.11672248980000001	-0.0224773281	0.1637382422	0.1083501868	0.0141957204	0.0050975346	0.0796076305	0.0421864507	-0.09846098689999999	0.061792610199999994	-0.0407014576	0.0292552435	-0.1064277815	0.1254626931	0.0572915528	0.031634582	-0.0287555887	-0.04419472940000002	0.0778731213	-0.1401980605	0.0701513166	-0.0263453708	-0.06920875530000001	0.07055580480000001	-0.14352712509999999	0.0677333202	0.0040883876	-0.11944933140000001	0.0469047372	0.03290611	-0.0222071948	0.07204460230000001	-0.2170623186	-0.06517462610000001	-0.09670520560000001	0.044776023899999996	-0.017415168300000002	-0.1760592225	-0.060521692599999996	0.0028795109000000004	0.0285370645	-0.0698442755	0.1057762664	0.040863553500000004	-0.12089341460000001	0.0703292193	-0.0718004381	0.0050083068	-0.0165596344	-0.19210201719999997	-0.014749416699999999	-0.0200267822	0.0880387886	-0.0371712245	0.0747347741	-0.028514535499999997	0.1294524584	0.0615892674	0.0717973858	0.0758485357	-0.0232123704	-0.0231084973	-0.0398296499	0.0202438336	0.10507023300000001	-0.0570792006	0.1193737775	-0.0310582158	0.11471284529999999	0.14448539800000001	0.0526275676	-0.0342292343	-0.1035510668	-0.052510032000000005	-0.0328124617	0.093634889	-0.0500645016	-0.0743363523	-0.07144642059999999	0.0111551704	0.0628427594	0.0816145508	0.2340724059	0.0029395445000000003	0.027740671	0.015030396599999999	-0.1324205423	0.24088057780000002	0.0475778262	0.0052694867	0.037289160099999996	0.033641020099999995	-0.0489096926	0.0264285585	-0.0228744273	-0.0851021508	0.020801089499999998	0.1114056926	0.0904900332	-0.1240102219	0.0899418963	0.24151305809999998	-0.0284995554	-0.12693412869999998	0.054834161900000004	0.0130228577	-0.0291982699	0.0017512034	0.015959330600000002	-0.0756312878	0.031117310099999997	0.046300863	-0.1122776339	-0.1767245472	0.0073271173	-0.024098440699999998	0.027037661400000003	-0.0808054574	0.0615247224	-0.0208935905	-0.053856929500000005	-0.056164426399999995	0.0659712715	-0.0713559892	0.1974235746	-0.077467755	0.0051168754	0.0949531034	0.0454527343	-0.0878532082	-0.06458718940000001	0.18853521969999998	-0.0308216719	-0.058987075199999996	-0.0391764763	-0.0410765664	0.0427332946	-0.0551451996	0.0542772403	-0.0670865628	0.088187911	0.06714377719999999	0.0291564006	0.028344461499999998	-0.1669942505	-0.005744235	-0.0063355906000000005	-0.0384685894	-0.0378863746	-0.07514469309999999	-0.0356116	0.022841439900000003	0.0495864612	0.102548635	-0.0305584237	0.21370309489999997	-0.185718286	-0.0327129397	0.0429875826	0.12121435789999999	0.0282379806	-0.16551861439999999	0.0754009547	0.0701477482	0.0263091093	-0.1635964985	0.0920024394	0.024009801299999998	0.0333817731	0.1593201073	0.0739532021	0.1025909948	0.0010337058	0.0109977128	-0.1454618553	-0.1357126578	-0.061876420999999994	0.034672406499999996	-0.0064711538	-0.12443704550000001	-0.0500508141	0.0444636016	0.011546746200000001	-0.101699545	-0.0340737038	-0.0626077	0.0036059999999999977	1.3003235999999984e-05	0.00391972409929	-0.0337901	-0.0181513	0.00032946969169000013	0.00114177085801	0.0508056	-0.007438400000000005	0.0025812089913600004	5.5329794560000075e-05	0.00214798	0.0005130399999999998	4.6138180804e-06	2.632100415999997e-07	0.00081738	0.000249209	6.681100644000001e-07	6.2105125681e-08	-0.000982428	0.0	9.65164775184e-07	0.0	0.0	0.0	0.0	0.0	0.0	0.0
8491.905568262211	-5.4013251140131615	72112460.18028274	29.174312987269285	9953.297902387383	-33.87860778202412	1147.7600652482251	99068139.13366908	6482.139366352185	0.5225622909201775	0.2730713478917442	42018130.76481271	6987.800697327163	11278.649510953985	1.250869	49.060879	0.10909865	0.0535602	-0.0380967681	-0.09306064650000001	-0.061232993	0.051998416900000004	-0.0236348766	0.09062513330000001	0.1226210239	-0.0477336837	0.095908354	-0.0718220735	-0.0404855946	0.060647399500000004	0.0525417737	0.1295086389	0.07666612860000001	-0.0160010089	0.132205034	0.0309787307	-0.0211767234	0.0635429131	0.0829428578	0.0731899745	0.00634499	0.2117928477	-0.1574222291	0.0912519844	0.1342769041	-0.0217545532	0.1802142708	0.1007363057	0.038200715499999996	-0.0349573085	0.0356508237	-0.0850991084	0.0745961158	0.06975162110000001	-0.060009633300000004	0.2500362513	-0.0380174046	0.1116411308	0.0394473032	0.0483095776	0.0879699892	-0.0501670794	-0.0799576717	-0.1162659883	-0.033884248	0.0067769584	0.0468102817	0.056220840599999995	-0.14020146630000002	-0.0018559732	-0.0305442823	-0.0348963272	-0.09408851230000001	-0.13996186800000002	0.143092194	0.0805716261	-0.1211444339	0.0064604423	-0.0227812335	-0.0343123178	0.0408179975	-0.0400296348	-0.0264974144	0.0205128737	-0.142179994	-0.0078553943	0.0602703246	0.18337842059999998	-0.024614657	0.050066646500000006	-0.0899866608	-0.13639260460000002	-0.04369469559999999	0.0761637092	0.061764872400000004	-0.0786179223	-0.0339113223	-0.0245068877	-0.0262581413	-0.0206019034	0.039938018	-0.020737716399999998	0.013767640800000001	0.1333959557	0.0199308571	-0.0759768625	-0.1074688763	0.0695867578	0.039031503599999996	-0.055317131900000004	0.1529345369	0.0647450267	-0.11045949640000001	-0.08159900860000001	-0.1051033323	-0.0146382672	0.1239558035	0.0696722273	-0.0033686292	-0.1223092488	0.056814363099999994	0.0376041099	0.0782220484	-0.0121444472	-0.0188496867	0.0569335569	-0.1008147012	-0.053197762999999995	-0.0929010768	0.0077322336	-0.0979999776	0.0330413639	0.0295129546	-0.026308899500000003	0.021205562400000003	-0.0912603582	-0.09024027949999999	-0.0947088355	0.0588628916	0.0624434589	0.08782548150000001	0.005426028	0.0785317002	0.069462405	-0.0269339627	-0.1534013992	-0.0192395134	-0.0708652114	0.1273583085	0.08968608689999999	0.0556286238	-0.0419426116	0.0129960653	-0.18968555609999999	-0.0367835932	-0.0765056469	-0.042802296399999995	0.016143008	0.0789496378	-0.011434756899999999	-0.1030715999	-0.0038471268	0.1650739959	-0.046902300099999995	0.0735669966	0.1517294308	0.0355414461	-0.2021184573	-0.0446408244	0.0161943871	0.029269862	0.1113686314	-0.083083262	-0.1087369144	0.0357797994	-0.0395422608	0.024215483599999997	0.066821582	-0.0684355911	-0.12834532070000002	-0.014458660600000001	0.0452246522	0.15592789640000002	-0.13123185710000002	0.1068671473	0.0748640638	0.0719859054	-0.09973599679999999	-0.009776909	0.0735741471	0.1412657443	-0.0217131336	-0.0146620094	-0.0316513481	-0.024023472200000003	-0.0993689218	0.0005165327	0.0753072949	-0.0944803541	0.0160919174	-0.0656527465	0.1008912442	0.1257838127	0.0726784026	0.05790815	0.0845102735	0.0097760258	-0.1024238435	-0.0289842546	-0.0511343	0.011473400000000002	0.00013163890756000005	0.0026147166364899996	-0.0209317	0.0128584	0.00016533845056000007	0.0004381360648900001	0.037829900000000014	-0.012975699999999993	0.0014311013340100006	0.0001683687904899998	0.00124846	-0.0008995199999999998	1.5586523716000004e-06	8.091362303999995e-07	0.000606876	-0.00021050400000000006	3.68298479376e-07	4.4311934016000014e-08	-0.0006566289999999999	0.00032579900000000015	4.311616436409999e-07	1.0614498840100006e-07	0.0	0.0	0.0	0.0	0.0	0.0
8492.347593424973	0.4420251627616381	72119967.64755093	0.1953862445144526	9955.600176968615	2.302274581232268	5.300468247388216	99113974.88365752	6489.801545209628	7.6621788574429965	58.70898484344646	42117524.09620527	6981.952070805759	10814.659280451404	1.2445959999999998	48.814835	0.11953139999999997	0.07185760000000001	0.053306706399999994	-0.159595424	0.0629893472	-0.0630008834	-0.041916907	-0.1226665024	0.0548602037	-0.0675092101	0.0899043721	-0.0920974658	0.1244504474	0.1114391381	-0.031117763599999997	0.1575279634	0.013229526	-0.017916845600000002	-0.0150237171	0.029434073300000002	-0.1462610025	0.1464056915	0.1054777813	-0.0489658966	-0.22358757510000002	-0.04458330519999999	-0.0598857801	-0.07715683870000001	-0.00037126739999999997	-0.0251522267	0.0170752548	0.0675031946	0.035950492599999995	-0.0687290383	0.08645758890000001	0.0433514641	0.0372348801	-0.0595082583	0.0181121662	0.0304687934	0.1268269594	0.1236417849	0.1021455887	-0.0230592004	0.0099639795	-0.0301270306	0.1253750235	-0.101228885	-0.008644124599999999	-0.0867955545	-0.0119824248	0.0541889791	-0.0840194542	0.0069202292	-0.09146660949999999	-0.0016507347	-0.028999157299999998	-0.1261715582	0.12527200119999998	-0.0310140101	-0.0667178612	-0.018231566799999998	-0.09049392460000001	0.0406719066	-0.08187280570000001	0.025814205099999998	-0.0152165852	-0.0207203268	-0.0364865909	-0.0011264022	-0.0748081436	0.10241309009999999	0.0176152304	-0.0391952788	0.1408185184	0.1313862254	0.0328242733	-0.1138864493	0.0167285418	-0.0501011313	-0.135703552	-0.0395849426	-0.0118422396	-0.04296148809999999	0.0448285948	0.0705779099	0.1190313667	0.0254070585	0.0141418401	0.0494853401	-0.0335836432	0.016104079599999998	0.1198695593	0.0445450246	0.0531853052	-0.0202189563	-0.09315371630000001	-0.0288861915	-0.07910282219999999	-0.0484667375	-0.0403689602	0.0058173364	0.0309038725	0.0711789155	0.0889900797	-0.0715624924	0.0905433459	0.10828801449999999	0.0054475026	0.0361010866	0.15580560429999998	-0.08208371519999999	0.0691129828	-0.1026166942	-0.0416461157	-0.0170300574	0.0200611039	0.050003330199999994	-0.150538926	0.0669936096	-0.1386184747	0.0726610778	0.038411200699999995	-0.012524420500000001	0.08715929039999999	0.0210253572	0.12605955630000001	0.0076577163	0.044704468	-0.1106118876	-0.0488929748	-0.11002549439999999	0.11585897449999999	0.0692070238	-0.008138864	0.0209446673	-0.0687157404	0.024516734300000002	-0.0713318033	0.049613287	-0.0542850671	-0.0424583672	-0.061960240800000004	-0.0942240114	-0.0107946002	-0.1080120132	0.0486729345	0.16092201009999998	0.009694882	0.043979745	0.049408922300000005	0.0439423246	-0.08939849150000001	0.11074227	0.0663518051	0.0634899512	-0.0435235987	-0.0499300623	0.00463394	-0.0575178618	-0.128182156	-0.1233603682	0.0202217664	-0.029501282099999998	-0.042404313	0.1351829484	0.019183468500000002	-0.1159074897	0.0122237675	-0.0213264544	-0.08583510009999999	-0.0893411551	-0.1601965381	0.0092228225	0.0434534547	-0.061497499500000004	-0.0801625282	0.0043488651	-0.1148047813	0.0142908576	-0.1159207878	-0.0301801615	-0.0400656972	-0.08279264730000001	-0.0245963662	-0.08523412849999999	-0.0826985645	0.0020074960999999997	-0.0237952465	0.0041109289000000005	0.0080024557	-0.10302872029999999	-0.0238187774	-0.0426219	0.008512400000000003	7.246095376000006e-05	0.00181662635961	0.043069800000000005	0.0640015	0.004096192002250001	0.0018550076720400004	0.0546577	0.01682779999999999	0.00298746416929	0.00028317485283999965	0.00170684	0.00045838	2.9133027856e-06	2.101122244e-07	0.000556044	-5.0832e-05	3.09184929936e-07	2.5838922240000004e-09	-0.0007512110000000001	-9.458200000000016e-05	5.643179665210001e-07	8.945754724000032e-09	0.0	0.0	0.0	0.0	0.0	0.0
8539.801720087427	47.454126662454655	72928213.41840819	2251.89413729629	9965.086787588123	9.4866106195077	89.99578104615627	99302954.68416338	6501.7264253587255	11.924880149097591	142.20276657034177	42272446.51020795	6988.859304280914	10997.727659816723	0.9591750000000002	37.620213	0.04773765000000001	0.0243445	0.053998523099999994	-0.0935411025	0.0912562965	-0.0676485711	-0.0407309597	-0.1049211946	0.0833752304	-0.1442922641	0.026418479100000003	0.037604172000000005	0.0382817587	0.06785945	-0.0259789392	0.09959753240000001	-0.0230588858	-0.0870341928	-0.0772988936	-0.0051041943	-0.2351186489	0.0180433961	0.0195592603	0.1070150958	-0.0784098609	-0.0073455985	0.01352637	-0.0809261082	-0.1298685319	0.0069198687	-0.0681598363	-0.1082391672	-0.056441389	-0.0428288954	-0.0162752195	0.0334174664	-0.0013783808999999999	0.06508123889999999	0.066892383	0.0093125525	0.0368497237	0.0217901933	0.09400913179999999	0.13083088310000002	-0.0404885706	0.0048543219	0.1094721282	-0.0474285556	-0.0030090452	-0.012174652	-0.07411557889999999	0.0873552918	-0.031799292400000005	0.07338606019999999	-0.0743763108	0.0181506469	0.0140849893	-0.1436744093	0.0706763571	0.0527712866	0.0323215303	-0.0064020553	0.0189889371	-0.0994525197	-0.1076242208	-0.10601129640000001	0.028087195899999997	-0.0602696278	-0.0161211086	-0.1118198429	0.0093808798	0.11423187289999999	-0.058206189900000004	0.08951220050000001	0.1261053503	-0.055256470499999995	-0.0100885796	-0.1195478957	-0.0881521899	0.050059922300000004	0.1110595402	-0.0838744211	-0.012166653000000001	0.0736090926	-0.1143450986	0.1260707924	0.1021715469	0.0017938881	0.009508625699999999	-0.04599357849999999	-0.0062509122	0.0545011904	-0.020245615800000002	0.0719411535	-0.1258458643	-0.0693788372	-0.0771451615	0.0084437365	-0.0529978403	0.0953203826	0.0058804559	-0.1430809906	-0.0157337586	0.0411223291	-0.1076340501	0.056940424800000014	0.0288450951	0.1062041631	0.0373974629	0.0100467225	0.0895921391	0.0353157878	0.0046278687	0.0322501854	-0.0822697711	-0.0782847448	-0.1011310617	-0.0916065378	-0.0191908578	0.07247488070000001	-0.0696091292	0.0847568142	-0.0264536322	0.0589110863	0.0692756713	-0.1148804318	0.0797211529	-0.0313765741	0.0632666191	-0.1022346077	0.0011890658	-0.050750293099999996	0.1240543552	0.0742184279	0.0173601107	0.0798784775	0.0529550117	-0.047340364100000004	-0.0828903675	-0.0472720689	-0.0904612667	0.09781871589999999	0.01396407	0.08103510230000001	0.1394295052	-0.07403560000000001	0.0195439919	0.17869444510000002	-0.0747789664	0.0046496417	0.037905030299999996	-0.041972697	0.0870607108	0.0899406685	0.0485507335	0.1337062511	0.0172930175	0.1479586156	-0.1181287145	-0.0058326984	-0.0251338522	-0.02036851	-0.10024787460000001	-0.0763898822	0.045928378	0.1140171087	0.0187703304	0.031395292400000004	-0.17335235579999994	0.0861544347	0.0139777664	0.023418823999999998	0.051911545700000006	-0.0930655411	0.0065917671	0.1423697244	-0.0363588377	0.0550418304	-0.12029533380000001	0.0741038987	0.0493183746	-0.12830361199999998	0.08479420800000001	0.0732711534	-0.0172309406	0.051390225899999996	-0.031885996	-0.0026004512	-0.039112352999999996	-0.1961428789	0.0062265527000000005	-0.1035134703	-0.018590821599999998	-0.032122500000000005	0.010499399999999992	0.00011023740035999983	0.0010318550062500004	0.024938	-0.01813180000000001	0.00032876217124000023	0.0006219038439999999	0.0536457	-0.001011999999999999	0.00287786112849	1.024143999999998e-06	0.00176098	5.414000000000005e-05	3.1010505604000008e-06	2.9311396000000047e-09	0.000453251	-0.00010279299999999999	2.05436469001e-07	1.0566400849e-08	-0.000546255	0.00020495600000000006	2.9839452502500004e-07	4.2006961936000025e-08	0.0	0.0	0.0	0.0	0.0	0.0
8554.564789500373	14.763069412945695	73180578.73775956	217.94821849145282	9964.086053937344	-1.000733650778784	1.0014678398010333	99283010.89026868	6517.50415368711	15.77772832838491	248.9367112043197	42477860.393328734	7006.4384511595545	11255.50671802618	0.9092690000000002	35.662842	0.0422869	0.0230341	0.0418511487	-0.0183876283	0.08767424800000001	0.00875851	-0.029484576600000006	-0.033780368399999997	0.1226103187	-0.09457895570000001	-0.041147337400000004	0.0744195375	0.038593107200000004	0.0387993109	0.008720606	0.09526417960000001	-0.0289472677	-0.060148191399999995	0.044427412199999995	-0.0616073068	-0.15641083960000002	-0.05409172809999999	0.018562557099999998	0.09575374880000001	-0.08870791119999999	-0.0766430122	0.0259734712	0.06056546860000001	0.0427078398	-0.1050385145	-0.0790119509	-0.0794841335	0.0070154397	0.0403008627	0.014774863700000003	0.029308198599999998	-0.0221550567	0.0338420914	0.0395931391	0.0023221347	-0.022799153500000002	-0.0814414961	0.070556396	0.10039732400000001	-0.045183891799999994	0.0610354625	0.052579489800000004	0.050337830300000004	0.0907577534	-0.0330766335	-0.010453108000000001	0.09165538279999999	0.0198455096	0.0677843866	-0.0511334055	-0.0294186936	0.0397530421	-0.083735552	0.0917437648	-0.0148788351	0.10358058460000001	-0.0532371342	-0.0563476232	0.0153947199	0.0099969587	0.06270943679999999	-0.0175566683	-0.1063445513	-0.1191107577	0.0006712149	-0.0645530397	0.07597135320000001	-0.035589224100000004	0.0732204478	0.12583671970000002	-0.0581913633	0.0608302642	-0.026990959900000003	0.09069690539999999	-0.0416404581	0.13786645050000002	0.0295422556	0.0287899844	-0.0130752715	-0.0537233081	-0.0369081922	-0.0268273669	-0.0044102533	-0.0738399111	0.0137654108	-0.042719223099999995	-0.0714723109	0.048873130599999995	0.0326025555	-0.014068758300000001	0.1166482759	-0.0104542127	0.0853934349	0.021906835299999997	0.064923313	-0.0345882439	-0.0984635499	-0.0147751749	-0.0421925978	0.0408059203	-0.09709328490000001	-0.1149852819	0.1429608058	-0.0394466927	0.089907165	0.1204681263	-0.0684962062	-0.012150144199999999	0.0265778966	-0.0636005362	-0.0137412504	0.0118703103	0.0461488324	-0.0001009881	0.005414315899999999	-0.0374140212	0.0614477679	-0.020143771799999998	-0.0193847588	-0.0156567086	-0.1795617674	0.0751593646	-0.016774065600000002	0.0227399461	-0.042701122599999995	-0.040271044900000004	-0.0226469096	0.08179882570000001	0.1024329843	0.0846664449	0.1651800621	0.0259715319	-0.0159082374	-0.0777854088	-0.0270289105	-0.0381150818	-0.0386916091	-0.046617781100000005	-0.0883822331	0.032443037599999995	-0.1246268243	0.0901027172	0.0317860558	-0.07127762309999999	0.019420728	0.0074079263	-0.0067805211	0.1084288544	-0.0319702123	0.046667764	-0.0097521684	-0.0101926723	0.0629851343	0.0743929779	0.1618486281	-0.0707764592	-0.0590430095	-0.0726552329	0.0442249859	0.0703540538	-0.035516644900000005	-0.0890065717	0.07968293679999999	-0.0264949817	-0.0225063497	0.0115834223	0.0753906556	0.043836712199999996	0.0137221176	0.09801150550000001	0.030913916099999997	-0.0582591786	-0.0015692751	-0.1323619552	0.0034122893	-0.0063667956999999996	-0.0704255613	0.0208893751	-0.0095726302	-0.0643235496	-0.0618373031	0.1089277205	-0.0935316034	-0.0182476604	0.0026422809	0.0044488346	-0.1038775282	-0.0133141006	-0.0315434	0.000579100000000006	3.3535681000000696e-07	0.00099498608356	0.007743599999999998	-0.017194400000000002	0.00029564739136000003	5.9963340959999975e-05	0.0482105	-0.005435199999999993	0.0023242523102500003	2.9541399039999934e-05	0.00204343	0.0002824500000000001	4.1756061649000015e-06	7.977800250000004e-08	0.00054747	9.4219e-05	2.997234009e-07	8.877219960999997e-09	-0.00054136	4.8950000000000954e-06	2.930706496e-07	2.3961025000000925e-11	0.0	0.0	0.0	0.0	0.0	0.0
8528.750697173818	-25.814092326554604	72739588.45454289	666.3673626438851	9964.931314064464	0.8452601271201274	0.7144646824991341	99299856.09402253	6513.035891897459	-4.468261789651479	19.965363420859436	42419636.52914453	7008.7448107419705	11366.824874269629	0.926351	36.33280900000001	0.05440479	0.0269755	0.0204569065	0.0006938624000000001	0.013652606000000001	0.08783003439999999	-0.0198519461	0.0376109641	0.1329259133	0.0162787391	-0.0080715773	0.0505101479	0.0186350087	-0.0331158042	0.0132043225	0.0272262323	-0.052954881100000004	0.0023614489000000002	0.0939255066	0.1292199135	-0.027777451600000003	0.0015260786	0.0034766371999999995	0.039512007200000004	-0.033942543	-0.059262729000000014	0.042527360800000004	0.003374068	0.07922448280000001	-0.12657286	-0.07650362940000001	0.036430348	0.1103186132	-0.0277939251	-0.0169518753	-0.0092230124	0.1519463378	0.077638316	-0.0624090276	-0.0225493377	0.0474290929	0.0217916337	0.17707356719999998	-0.0545267609	-0.0785781626	0.0758373078	-0.021923872	0.041706278900000004	0.1236372983	-0.0394761808	0.0246124692	0.08316120440000001	-0.049935165499999996	0.0264480185	-0.0358913468	-0.035030066299999996	0.0509440561	-0.11182560550000001	0.0847223479	0.0387690843	-0.0116308281	0.0737667922	-0.09399447789999996	0.0068135126	-0.029825348999999998	-0.0195818109	0.0389145648	0.0078940525	0.0785004512	0.1154211566	0.0075418937	-0.1109432801	0.029481643999999998	-0.052049486500000006	0.0302192292	-0.094249455	-0.09288849240000001	-0.0143430721	-0.0680302398	0.1468205441	-0.0028166757	0.11810967550000001	-0.0057933965	0.10889484519999999	-0.0854089144	-0.0196828028	-0.0959294094	0.1490995059	0.021609043199999997	0.012455546599999999	-0.052272153700000004	-0.0814319355	-0.08324463530000001	0.1234581626	-0.0310505469	0.011552057099999999	-0.0373178734	-0.040430939	0.065822743	-0.0838518904	-0.0837585468	-0.0335678242	-0.0233480462	0.0764458115	0.0214359394	0.0127454418	-0.0708548634	-0.031199746299999997	0.0931988814	0.0560564426	0.0053016802000000005	-0.0155253651	-0.21471286399999998	0.0464071817	0.025217396099999997	-0.035830548399999995	0.11854402300000001	0.1213375357	-0.0129819164	-0.0798361078	-0.0316147491	0.011648056499999998	0.0335091579	-0.0547036577	-0.0667127211	-0.1306089353	0.0493042583	-0.014527097	0.020098582099999998	-0.0591693909	0.0194892053	0.0030276428000000004	0.08898639539999999	0.1103204133	0.0762115124	-0.029744496000000002	0.0310096943	-0.037354669199999996	0.015237561	-0.0298694456	-0.0097555946	-0.0244903379	0.033505630099999996	-0.041097266699999996	-0.075952723	-0.043089705199999995	-0.05474241480000002	-0.0570473732	0.0880186864	0.0086952549	-0.0248674545	0.13198605019999998	0.049920352599999995	0.0010593503	0.0395684935	-0.1668317654	0.0409557026	0.13891655279999998	-0.2323145371	0.003776093	-0.0332100992	0.0855897474	-0.0497605435	-0.0356084848	0.040812616	0.0178384685	-0.07320736530000001	-0.1348170913	9.8654e-06	0.1147757428	-0.0226310927	0.008305714300000001	-0.0949156939	-0.0100967112	0.012706216599999999	0.09684785679999999	0.1703462288	0.0098643494	0.0373714967	0.0423667356	0.0423126683	0.0685394558	0.0489136703	-0.0532250078	0.0639453328	-0.043674040899999995	-0.0550497316	0.035970833	-0.0351744075	0.0419659487	0.0026698196	-0.10412046949999999	-0.0080024557	-0.0248242	0.006719199999999997	4.514764863999997e-05	0.0006162409056399999	-0.008894539999999998	-0.016638139999999996	0.0002768277026595999	7.911284181159996e-05	0.0404927	-0.007717800000000005	0.00163965875329	5.956443684000006e-05	0.00170684	-0.00033659000000000016	2.9133027856e-06	1.1329282810000007e-07	0.000453251	-9.4219e-05	2.05436469001e-07	8.877219960999997e-09	-0.000505576	3.578399999999997e-05	2.55607091776e-07	1.2804946559999974e-09	0.0	0.0	0.0	0.0	0.0	0.0
8502.323528928524	-26.427168245294524	72289505.3905716	698.3952214651033	9964.576820872928	-0.35449319153667597	0.12566542284585847	99292791.21907802	6509.6501889353185	-3.3857029621403854	11.46298454784618	42375545.582305625	7009.126676069233	11229.037705209868	0.975079	38.244007	0.034617910000000016	0.0221257	0.008511705999999999	-0.022239227599999998	-0.0589846362	0.1178170305	-0.0131915647	0.1002884931	0.1037255709	0.051547192199999994	0.0306972532	-0.027771944	-0.0281480642	-0.07365665	0.0002724572	-0.0411622031	-0.0727110692	0.1112675206	-0.002370953	0.0545135142	-0.023601010800000002	-0.061283567699999986	-0.0093122203	0.0247777671	0.056671300599999995	-0.1523153056	-0.0903704669	-0.0084018349	0.0128865187	-0.0428089926	-0.049651857300000005	0.0709777583	0.0657635957	0.0610215374	0.0664687253	-0.003034657	0.07491890849999999	0.062062771100000004	-0.0503722692	-0.0802786919	0.057684522	0.00036463550000000004	0.0350858944	-0.0627546336	-0.0903712326	0.08754129990000001	-0.0953203288	0.015383108799999996	0.1377868007	0.0031259821000000003	-0.0175642806	0.005182663499999999	-0.046845511	0.0277305479	-0.0281649231	-0.0102287019	0.09888152830000001	-0.0863422276	0.0321344481	-0.00286918	8.05792e-05	-0.0068080854	-0.0335406453	-0.071370135	0.0515111884	0.0746294834	0.09327428900000001	-0.0018547146	0.0314830944	-0.015567403999999996	0.036951154900000005	0.0373429943	-0.00010832049999999999	0.059394138	-0.0115167316	-0.04561186230000002	-0.0183811077	-0.0973871011	-0.11072100300000001	0.1141307126	0.1080179619	0.0005095186	0.08565072580000001	-0.0155796608	0.08802958849999999	0.0796942265	0.0886712735	-0.0512173954	0.0258479811	-0.0128362768	0.0333217436	-0.0144709785	-0.045939054400000005	-0.005352548	0.104040118	-0.043405016399999996	0.0915871078	-0.10760803279999999	0.07154673240000001	-0.0828422541	-0.055000723200000004	-0.15439011560000002	-0.0854484689	0.0506857999	-0.0686754349	0.1140638524	0.043449470899999995	-0.047906938499999996	0.0397417988	-0.0280547072	-0.054798676	0.08124138780000001	-0.17533431019999998	-0.0780925305	-0.1925544948	-0.0174494128	-0.1167258994	0.022393718700000002	0.0600011999	-0.1326826384	-0.0010179072	-0.024814733399999997	0.057927019	-0.012733769099999999	-0.10116526519999999	-0.0834629046	-0.0034533864000000003	-0.1112160701	0.015562381699999999	-0.0259513535	0.0748492797	0.0203948603	0.0517530657	0.0836063113	-0.0583300945	0.028434033100000002	-0.0173753818	0.0206053373	-0.0330799769	0.050114188	0.021491827	-0.0595320895	0.0014560602	-0.053379010899999996	0.0544786136	0.0084830724	-0.020422473899999998	-0.0666628463	-0.0042861563	-0.0672604277	-0.0040610247	-0.0785836444	0.1403013327	0.0659034271	0.013589003600000002	-0.0720096764	0.0445896319	0.046709996	-0.11773811810000001	-0.0617158768	0.10028287109999999	-0.0357319966	0.18113748640000002	-0.10754386619999999	0.11939765	0.1259095502	-0.0773825531	0.0639770063	-0.0708870342	0.1150279526	0.0315220388	-0.0531987069	-0.1267538068	0.0683329757	0.0963732198	-0.029878508999999998	0.08342282990000001	0.0555084724	0.0423063866	0.0473175719	0.13895750380000002	-0.045439579699999996	-0.0439839447	0.08045423139999999	-0.0429237272	0.0277753975	-0.0175858377	0.100900351	0.0205037186	0.0180458329	0.0008900264	-0.104242011	-0.0026698196	-0.0252126	-0.00038839999999999714	1.5085455999999773e-07	0.0006356751987599999	-0.0291635	-0.020268960000000003	0.00041083073948160014	0.0008505097322499999	0.0359392	-0.004553500000000002	0.0012916260966399998	2.0734362250000015e-05	0.00163073	-7.611000000000011e-05	2.6592803329e-06	5.792732100000017e-09	0.000453251	0.0	2.05436469001e-07	0.0	-0.000393545	0.000112031	1.5487766702499994e-07	1.2550944961e-08	0.0	0.0	0.0	0.0	0.0	0.0
8483.282225120452	-19.04130380807146	71966077.31104462	362.5712507112767	9964.459557175904	-0.11726369702410012	0.013750774639759943	99290454.2665942	6496.863375356433	-12.786813578885813	163.50260150117862	42209233.71804778	7001.585186649082	11269.159783258865	1.2589880000000002	49.379337	0.12058945	0.0658108	-0.0154588199	0.0060253569	-0.2996229115	0.10091621320000001	0.0120129985	0.2277044471	0.0697705515	0.1299150929	0.0787631285	-0.0854189153	-0.0936860107	-0.1128664445	0.009229138000000001	0.0768893907	-0.0720293985	0.013698984099999999	-0.140369838	-0.05511121099999999	-0.060306518600000004	-0.04656640150000002	0.0182439458	-0.0203659977	0.005427369699999999	0.1100069234	-0.2586743905	0.0030294273	0.0210439656	0.1184501159	-0.060287103099999996	0.0369166815	-0.02050367	-0.1942334028	-0.006378754300000001	0.0769334775	-0.1322983759	0.017760228	0.0938568397	-0.024637034900000004	0.008809583900000001	-0.0850187615	-0.0058984626	0.1182197753	0.057971653399999996	0.0957843916	-0.19956574940000002	-0.0911786367	0.15534239789999998	0.0697986558	0.050518401	0.0325113395	-0.14837149300000002	-0.036436119700000005	0.00472072	0.0238167259	0.09022021179999999	0.1202294711	-0.0564312899	-0.10721104070000001	-0.0381085292	0.063769778	0.0266410545	0.028919232000000007	0.09509285810000001	0.0626246313	0.0382591418	0.0440317936	-0.0702509798	0.0392928111	-0.0557079884	-0.0341096251	-0.11380162939999999	0.0295958106	-0.0615543386	-0.040699051	0.09439199849999999	0.06729303980000001	-0.0177578501	-0.0097549482	0.062576674	-0.0610724754	-0.08926353	-0.061430823499999995	-0.06303076469999999	-0.0917337201	0.0295703268	-0.0055817712	-0.022619342999999997	-0.2516015436	0.11097753839999999	-0.017977133200000002	-0.1511808588	-0.0289560658	0.0668693065	-0.027199883799999998	0.024798332599999997	0.0005294877	-0.034918626200000004	0.0043405359	-0.0168441932	-0.08732395039999999	0.12921823640000002	0.0213357716	0.041969675199999994	-0.0556788594	0.0378250389	-0.0279411035	-0.0677129031	-0.0013224276000000001	-0.0181769733	-0.09078189269999999	-0.17981207030000002	-0.1491289911	0.10187344279999999	-0.025072367400000004	-0.0054474177	-0.0101917992	0.0019604067000000003	-0.23306178600000002	0.0551482271	-0.0955915814	0.1325384621	0.0655018991	-0.1194768825	-0.0011994663	0.0169998739	0.0055853948999999995	0.07004590299999999	-0.069130481	0.1171289183	0.032155627799999996	-0.0473754954	-0.0634622024	-0.0566108434	0.060806158	-0.0293425496	0.0733536102	-0.0992151222	-0.007191277800000001	0.10957513099999999	-0.028067787200000003	-0.1282389514	0.0083248548	-0.0403484326	0.0904483949	0.0257811758	0.0042028488	-0.0425917919	-0.0626362532	0.0180313436	-0.0438327127	0.0067820196	-0.1928844093	-0.0247276858	0.151532071	0.1681037378	-0.0039734744	0.0397673234	-0.09639030679999999	0.160894548	0.16825226010000002	-0.1609041276	0.0033508651	0.10147518130000001	0.0043140712	0.0451083781	0.0200357863	0.035736745699999996	-0.032794443300000004	0.030519514700000007	-0.0998141477	0.0035291407	0.051928012	0.1274223847	0.0459958796	-0.0658945772	-0.0628820783	0.0094922236	-0.0061683501	0.0440721142	-0.0745648681	0.042593170300000004	0.0874213567	-0.0227726986	-0.0788785647	0.0959537776	0.0226587883	0.0157189846	-0.0031409582	-0.0008900264	-0.104242011	0.0026698196	-0.0240909	0.0011216999999999963	1.2582108899999915e-06	0.0005803714628100001	-0.0584298	-0.029266300000000002	0.0008565163156900001	0.0034140415280400002	0.0475855	0.011646300000000005	0.0022643798102500003	0.0001356363036900001	0.0008517639999999998	-0.0007789660000000003	7.255019116959995e-07	6.067880291560003e-07	0.000453251	0.0	2.05436469001e-07	0.0	0.000398592	0.0007921369999999999	1.5887558246399998e-07	6.27481026769e-07	0.0	0.0	0.0	0.0	0.0	0.0
8474.123368600634	-9.158856519818073	71810766.86626336	83.88465275061401	9962.266299788931	-2.1932573869726184	4.810377965509958	99246749.82791024	6496.599194959858	-0.26418039657437475	0.06979128193419391	42205801.09995308	6996.447720652813	10929.390287698428	1.265053	49.617195	0.10587905	0.0593251	0.0418238984	-0.0891009468	-0.22834151460000002	0.0174362146	-0.0206476069	0.039398156600000005	0.0764507017	0.1188586532	0.0961568152	-0.2384163957	0.0676294424	-0.0036632483	0.0281507163	-0.0435479351	-0.0251656664	-0.09443195189999999	-0.14949442429999998	0.0034673397999999997	0.1631551168	0.0861291566	0.214058322	0.1573248281	0.0692698133	-0.1456362555	0.0129411815	-0.0510156888	-0.1637913161	0.0222594558	0.1124414675	-0.1464120189	-0.0789079068	-0.1012086855	-0.055630262400000005	-0.039981870499999995	-0.0742355522	-0.0095114633	0.1483377573	0.0160557502	0.0052735324	0.0628778255	-0.0288826142	-0.07464765940000001	-0.0853259734	0.07401825	-0.036816197099999996	-0.0991209609	0.1271535577	-0.012129216000000002	-0.0490668145	0.026636223799999997	-0.1980597242	-0.0784831285	-0.0126294428	-0.061581972900000004	0.0034822081	0.0799950017	-0.054891012999999995	0.1153132402	0.0240741644	-0.10143661400000001	0.0008443032000000001	-0.0259309611	-0.038174898799999996	-0.09151139900000001	0.1669153355	0.12936002789999998	0.0386709269	0.2214302559	0.0748120257	-0.1096541183	-0.10508946960000001	-0.0765883939	-0.10235414640000001	0.0649314787	0.0720913668	-0.11317935949999999	0.046459143200000004	0.0536621209	-0.0289283517	0.0424910433	0.0362074156	-0.033443379700000005	-0.0530124325	0.1446711924	-0.0630719179	-0.0721872528	-0.026513251600000003	-0.0136754449	0.0365484736	-0.0196286477	0.0533880401	-0.1109985572	-0.0763293262	0.053253519000000006	-0.06503840309999999	0.014432325	0.0704641833	0.0208266243	-0.0724085755	0.1196184822	0.0589283792	0.027241448799999998	-0.0394458537	0.035608139500000004	0.1064411806	0.1106182411	0.0572768505	-0.0607952158	-0.06753937809999999	0.0612099258	0.07813742679999999	0.0620119758	-0.0199912834	0.0359187406	-0.045192093499999995	-0.0764167522	-0.0380290396	-0.1274270176	-0.0626505965	0.023852841800000003	0.1655488039	-0.024542346800000003	-0.064929369	0.1032047634	-0.0369186309	0.0210966629	0.152808098	-0.1606815535	-0.048964059299999994	0.06047556	-0.0438272429	-0.0242390127	-0.1470783124	0.06868438639999999	-0.043130634400000006	0.0398092625	0.19762295010000008	0.0578509117	-0.19714910079999998	0.1536028416	-0.10304797689999999	0.2025937351	-0.0925046799	-0.0039794531	-0.1028076264	-0.0432196762	0.013427079599999999	-0.1736954094	-0.034266498900000004	0.0104802882	-0.0982296	-0.0624589591	0.17432035780000002	-0.15839560000000005	0.016238638	0.059719289	0.018945321299999998	0.044695080400000003	0.0859604459	0.009842721899999999	-0.024564919900000003	-0.0395155743	-0.0302560337	-0.0577079844	-0.10226546939999999	0.012308330400000001	-0.011788632299999999	0.0069675723	-0.0051481189	-0.0078261852	0.0067555335	-0.0307661875	-0.017977138	0.0270779358	-0.1592748226	0.005277719399999999	0.0024268309	0.033303540699999995	-0.1212878607	0.051458192300000004	-0.1972334154	0.0395844154	-0.0876628358	0.066065798	-0.1036438815	0.0081169682	-0.0257015098	-0.0489157259	-0.0026698196	-0.10412046949999999	0.0080024557	-0.0197198	0.004371100000000003	1.9106515210000025e-05	0.00038887051204	-0.0080215	0.0504083	0.0025409967088899994	6.434446225000003e-05	0.0377081	-0.009877400000000008	0.0014219008056099993	9.756303076000015e-05	0.000284794	-0.0005669699999999998	8.1107622436e-08	3.214549808999997e-07	0.000453251	0.0	2.05436469001e-07	0.0	0.000141117	-0.000257475	1.9914007689000003e-08	6.629337562499997e-08	0.0	0.0	0.0	0.0	0.0	0.0
8507.250397721982	33.12702912134773	72373309.32954082	1097.4000584066207	9960.165767860108	-2.100531928823329	4.412234384006257	99204902.12325232	6498.73858018062	2.139385220762051	4.576969122815091	42233603.13352802	6991.216707607846	10747.603613433414	1.231841	48.314575	0.11096485	0.06376659999999999	0.0786139531	-0.12825307800000002	-0.034015049	-0.0687751356	-0.0349203873	-0.1087575924	0.0783078132	0.0413982848	-0.0616458474	-0.11655130130000001	0.07115478830000001	-0.07086515269999999	0.03433984	0.0144154598	-0.056560645599999994	-0.07922619980000001	-0.0951181972	0.1384786444	-0.04978606309999999	-0.012574866200000001	-0.0225474066	-0.0272886626	0.1877125782	-0.1398658807	0.0174304195	-0.16202685	-0.0017870148999999996	0.14417649119999998	0.2365709804	0.0758774201	-0.0157443848	-0.0159201385	-0.016801272	0.0027642364000000003	0.0112095157	-0.05567567	-0.0759086197	-0.0066350913	0.1003991341	0.059588674	0.0820109658	-0.0226749712	0.0352575828	0.030543036200000002	0.13560307	-0.0600569558	0.10467186710000001	-0.098591981	-0.09180195109999999	0.0392773346	-0.0742679118	-0.0323179265	-0.0056764361	0.0059973812	0.0180535497	-0.0406767814	-0.0911615298	0.046301296500000005	0.0075892204	0.01243493	-0.0372445343	0.026642313900000002	0.0439572216	-0.1048580441	0.052374454400000006	0.10422914800000001	0.005291707099999999	0.042243783	0.06994588980000001	-0.11240823109999999	-0.0045734171	0.0175678234	0.0689243683	0.1200893542	-0.0596050434	0.052925607300000004	0.0250421319	-0.0897165002	-0.0553627533	0.0966828024	-0.0447648988	-0.011782637299999999	0.0160619669	-0.0016341869	0.1458477109	0.0185076058	0.1024168141	0.0444979261	0.0130233853	0.0195545452	0.0014397112	0.0671581772	0.0124126532	0.0296163072	0.09835819550000001	0.0040800363	0.0781264797	-0.1297200025	0.013458821299999998	0.0364738738	-0.044181209000000006	0.030614927000000007	0.040832239	-0.0395011006	-0.0600308443	0.1367943766	-0.0403917957	0.053219552	-9.31653e-05	-0.0523288735	-0.0418840151	-0.0237749579	0.05079556599999999	0.0327026563	-0.08525584609999999	-0.0035948938	0.0386452192	0.0176613678	-0.12155278369999999	0.1222434986	0.1151882953	-0.054301145999999995	-0.0190468816	-0.006817969399999999	-0.0520183188	-0.0259408823	0.11721765699999999	-0.0402184457	0.0237330546	0.027295326600000003	0.055432879500000004	-0.0150461873	-0.0504524649	0.0081341795	0.0449883016	0.07489820900000001	0.0974081753	0.0044660327	0.0073698951	0.0306340925	0.0040527697	0.0599478871	-0.08917184619999999	0.1443988537	-0.1404384983	-0.0349641364	0.0289512205	-0.0088720229	0.0905213458	0.0220560144	-0.0265758228	0.0744524472	-0.0606108502	0.010458380699999999	-0.0649382775	0.049047709	-0.05490460690000002	-0.0240787183	0.048410891100000006	-0.04527336059999999	0.0130800221	0.0455211162	-0.0015049873	0.146516819	0.023501567799999998	-0.014660831599999999	0.1021076799	-0.1863478031	-0.1782242274	0.12125549070000001	-0.09696176150000001	0.107830928	-0.0125894888	-0.047943510700000004	-0.054416353099999995	-0.0142605157	-0.1535932708	0.0519880193	-0.012076071399999999	-0.029580120699999997	0.0653291514	-0.078835297	-0.1273479577	-0.06565132509999999	0.0607841814	0.0061433111	0.0714989598	-0.07981867179999999	-0.0044488346	-0.1038775282	0.0133141006	-0.0155378	0.004182	1.7489124e-05	0.00024142322884	0.038693300000000014	0.046714800000000015	0.0021822725390400013	0.0014971714648900007	0.0560372	0.0183291	0.0031401677838399995	0.0003359559068100001	0.00101126	0.0007264659999999999	1.0226467876e-06	5.27752849156e-07	0.00034493800000000004	-0.00010831299999999996	1.1898222384400005e-07	1.1731705968999993e-08	0.000141117	0.0	1.9914007689000003e-08	0.0	0.0	0.0	0.0	0.0	0.0	0.0
8519.633618489872	12.383220767889723	72584156.99330282	153.34415658629538	9933.846877340906	-26.31889051920189	692.683998161735	98681313.78245568	6497.929258605076	-0.8093215755443453	0.6550014126415813	42223084.64983592	6985.530700330967	10921.237693474064	0.92566	36.305729	0.09763358000000004	0.0533006	0.0650305358	-0.0734379086	0.016205526799999998	-0.021273172200000003	0.0072208587	-0.0581867391	0.0886177506	0.0028722396	-0.11258387859999999	-0.0489175525	0.0011831032	-0.1153716359	0.0124132708	0.017813446	-0.011281651200000001	-0.0456801647	-0.0613617074	-0.0008055719	-0.0560751818	-0.0371388396	0.010305118	0.0501436813	-0.022643873	0.0116015168	0.0479095613	-0.0038943021	0.1340916126	0.0032876946999999997	0.0551897179	0.0409995689	-0.0845859132	0.1579779258	0.004651341	0.1239841676	0.0014388789	-0.00019420919999999997	-0.1343502743	-0.048866416399999994	0.0516533338	0.17367537649999998	-0.0012832652	-0.084396931	0.0249988021	0.048687141600000004	0.0754805892	-0.0570039841	0.10470017050000001	-0.1048384172	-0.06043902230000001	0.0510820542	0.0190636297	-0.012392199199999999	0.0076288529	0.057633489800000014	0.08898023779999999	0.020904412	-0.0231477069	0.0060345473	0.08893670669999999	0.0092333987	-0.036976817099999996	-0.0486216634	0.07548720519999999	-0.029883659	0.0586569324	-0.024274621200000002	0.117519031	-0.052650048	0.0418479119	-0.0890074504	-0.05965353740000001	0.0160320911	0.0080475438	0.0439927235	-0.12376460210000001	0.0364512048	-0.027081015899999998	-0.0104658227	0.093640436	0.051018023600000004	-0.0027108945000000003	-0.0620993195	-0.003146255	0.08099148769999999	0.0471442675	-0.04669495059999999	-0.1046812099	0.0912715128	0.0383085389	-0.03796122	-0.0833650678	-0.10272112859999999	0.0923569925	0.0070577951	-0.0092015447	-0.0295890861	0.0014082379	0.1587372933	-0.1344495114	0.065735708	0.0942050602	-0.0663150361	-0.0061426674	0.0673852989	-0.08540436369999999	-0.091981779	-0.030289046200000006	-0.0106111608	0.0184801957	-0.1347268177	0.1263402525	0.0475806628	0.0039923591	-0.013079930600000001	0.024578155299999998	0.0678968082	-0.0186848389	-0.0011469142	-0.0559136509	0.0902259992	0.0893521515	-0.0281431506	-0.0002515317	-0.07333190440000001	-0.0298091996	-0.045123295099999995	0.1016215741	0.05587834059999999	0.0809326284	0.0230127363	-0.059548189	0.031044738199999998	0.0177606154	0.0411058174	0.050748451900000005	0.0851870184	-0.003811474	-0.0305590101	-0.0181081199	-0.0242184084	0.0571491902	0.0700553702	0.0197011674	-0.0295784943	-0.1082208005	-0.0929070291	-0.0419697477	-0.0391959588	0.0927038791	0.0365388973	0.021600408300000002	0.04420681940000002	-0.08832946009999999	-0.0096518768	-0.0098625416	0.0792685132	0.028646915699999997	-0.053213957400000005	-0.09836273970000001	-0.0022141961	-0.0225391677	0.0541800875	0.0237266979	0.0202307484	-0.021178840299999998	0.0790882365	-0.06877257610000001	-0.0435728474	-0.0347833828	-0.04959804599999999	0.1368236224	-0.0161308754	0.0782515452	0.010683718600000001	-0.0697296966	-0.15812254650000002	-0.0288327567	0.0015907741000000001	0.027353986099999998	0.0778652003	-0.1332606888	-0.1389495918	0.1016803152	-0.1327832337	0.0158770559	-0.0027006139	-0.0513666044	-0.045983312699999994	-0.0062265527000000005	-0.1035134703	0.018590821599999998	-0.00751467	0.00802313	6.43706149969e-05	5.64702652089e-05	0.0241581	-0.014535200000000009	0.00021127203904000024	0.0005836137956099999	0.0481072	-0.00793	0.00231430269184	6.28849e-05	0.00196684	0.00095558	3.8684595856000014e-06	9.131331364000004e-07	0.000453251	0.00010831299999999996	2.05436469001e-07	1.1731705968999993e-08	-0.000137895	-0.00027901200000000003	1.9015031025e-08	7.7847696144e-08	0.0	0.0	0.0	0.0	0.0	0.0
8504.024347508417	-15.609270981454756	72318430.10301596	243.64934057248558	9932.736961190463	-1.1099161504425863	1.2319138610132905	98659263.54019916	6493.487858851421	-4.441399753654878	19.72603177176561	42165384.57305081	6985.615407798565	11009.068959597971	0.877231	34.406246	0.04956334	0.0249672	0.0536183596	-0.050339225099999996	0.0165142574	0.023448471000000002	0.026492477200000003	-0.0080957079	0.0683681294	0.0429895408	-0.1393173997	-0.0356161662	-0.0032291404	-0.0928725327	-0.027983892799999997	-0.025746420899999997	0.0362465447	0.0383796005	0.0127440751	-0.0108313366	0.0007944447	0.0293537431	0.0291625853	0.020047519399999998	0.0102240426	-0.0449921659	0.0510615346	0.0345625392	0.057974823499999995	-0.014663623600000003	0.0284222712	0.0232638238	-0.09625174689999999	-0.022117674599999998	-0.0035404843	0.1106588751	0.0083361517	0.0662611018	-0.044373602000000005	-0.0779760357	0.0047714749	-0.0650959617	0.1065776535	0.049369716900000006	-0.014813362	0.0564697207	0.030571163300000002	-0.0793351085	0.0812470417	-0.0972765715	-0.0334494446	0.0142644385	0.0539041776	-0.0560552396	0.08517013949999999	0.0586667778	0.0806693924	-0.0107011091	0.0646903508	-0.025505088500000002	-0.0680535745	-0.0553897017	0.0950172472	0.12323471	0.0064227297	-0.0186405532	0.0121450716	0.013027546200000002	0.0085583745	0.1103980973	-0.0798658795	0.0401600379	-0.0400371864	-0.0039595377	-0.0725964216	-0.1177825817	0.0367437913	0.06487823919999999	-0.0413426469	0.13269287400000002	0.0058345173	-0.020490195	0.11383831650000001	-0.051793640099999996	0.0666432568	0.030142170899999998	0.0336282371	-0.0219536517	0.0566112908	0.0821870695	-0.0065401663	-0.1689555121	-0.06963099980000001	-0.0091665376	-0.1309278872	0.0349206981	-0.0372352346	0.06700839780000001	-0.1602747621	0.0019192041000000001	-0.0216894256	0.0565480304	0.0417726566	-0.035068089	-0.1160834093	-0.0794624086	-0.0423939926	-0.0762795448	-0.0363490255	-0.025528185699999997	0.0572908263	-0.0568458629	-0.015431687099999999	-0.013157459299999999	0.0324107481	0.028220437	-0.11287892529999999	-0.012235399899999999	-0.0044906037	-0.0336481077	-0.0194361722	0.06920949679999999	0.1106757783	-0.0310483016	0.035671888	-0.0334133425	-0.0259879325	-0.0348420535	0.0482552951	0.1193474224	0.09152959769999999	0.017300765200000002	-0.0426960362	0.11215711699999999	0.005155612899999999	-0.0155722562	-0.056917975999999995	-0.0502916282	0.033967818999999996	0.028091807599999997	0.0177681776	-0.0043102253000000005	-0.1362247048	0.06325182830000001	-0.0914365683	-0.1064921037	0.0172088628	-0.0469616204	0.0606107991	0.0152524758	0.0403205639	-0.013653191799999999	0.0228351385	0.0004040572	0.09616597619999999	0.026965049700000004	-0.024845375899999998	0.0045686274	0.009280474300000001	-0.0292022891	0.0155731601	-0.1336558043	-0.023466764100000002	0.08816729050000001	0.05685256070000001	-0.0426433927	-0.005529074399999999	-0.011372256	-0.0738895029	0.0811302773	-0.0021419882999999997	-0.06937222280000001	0.15195196019999999	-0.1080835447	0.0031748821999999996	-0.0519299263	0.1034949584	-0.05282045269999999	0.0775422632	-0.0534794522	0.07402015	0.071069438	0.07816327769999999	-0.0321420875	-0.024673633700000003	0.014389675400000001	0.0083039263	0.0326670179	0.048193138499999996	-0.0589729228	-0.0080024557	-0.10302872029999999	0.0238187774	-0.0213892	-0.01387453	0.0001925025827209	0.00045749787663999997	0.009467840000000005	-0.014690259999999991	0.00021580373886759981	8.96399942656001e-05	0.0482171	0.00010990000000000304	0.00232488873241	1.2078010000000672e-08	0.00221891	0.00025207000000000007	4.9235615881000005e-06	6.353928490000003e-08	0.000453251	0.0	2.05436469001e-07	0.0	-0.000303598	-0.00016570299999999998	9.217174560399998e-08	2.7457484208999997e-08	0.0	0.0	0.0	0.0	0.0	0.0
8478.842907925358	-25.18143958305882	71890777.05727614	634.1048994752415	9936.353956155679	3.616994965215781	13.082652578396312	98731129.9420106	6474.630074216844	-18.857784634577	355.61604132408837	41920834.597953215	6971.862808545681	10936.098925545257	0.8517399999999999	33.406467	0.035994697999999985	0.0179888	0.0535063649	-0.0637842901	-0.0097697846	0.0351826855	0.0174758349	0.0101146048	0.06190637280000001	0.0846501178	-0.1165531267	-0.0518043636	-0.0149175753	-0.0575978093	-0.029022670499999997	-0.001335123	0.09390683050000001	0.059329300099999996	0.010854401599999999	-0.0394008331	-0.1172408073	-0.0240651391	0.0229301211	-0.042369306600000003	0.0489532723	-0.012692116399999998	-0.0397144452	-0.0098245781	0.0795037204	-0.1039894495	0.0907589907	-0.10812543390000001	-0.0351967824	0.09192774039999999	-0.040682855899999995	0.0147505473	-0.0665973287	0.08665737109999999	0.114651165	0.0346178419	-0.0530343044	-0.08311402700000001	0.1373777169	-0.0065446217	0.0343457956	0.0381957137	-0.0234032404	-0.1418221337	0.039915412000000004	-0.0870771066	-0.010901085500000001	-0.05838178910000001	0.064505113	-0.05573309059999999	0.1578394501	0.13145082019999998	0.0620933059	-0.0705255295	0.018787356	-0.074625009	-0.030312098	0.037278842400000005	-0.0635595551	0.1006903124	-0.0072436824	-0.005158609000000001	0.027074107000000004	-0.0514103992	0.021875292799999998	0.0078476706	-0.1611088863	0.0004989838	0.030410737599999998	-0.008090582399999999	0.0034757065	-0.0074866888	-0.10154911119999999	0.025926825	0.0421183129	-0.024323222999999998	0.054891048600000006	-0.0006012341999999999	0.10755470019999999	-0.0811165546	-0.0754886493	-0.0368845803	0.0678101873	-0.0987061249	0.0572843008	0.0517435221	0.08430809119999999	0.00040466879999999996	0.0020984158	0.1434010476	0.1336235599	0.0034216859	-0.0520170612	0.0899641706	0.0115317523	-0.0587845628	0.030576853799999998	0.0280320044	0.0872350658	-0.0552501849	-0.049555391100000006	0.1507055111	0.0067459843000000005	-0.1258492949	-0.0168151781	-0.0099039392	0.009344033199999999	-0.012939145400000001	-0.0813037539	0.169218956	-0.0067383237	0.0569887802	-0.0844292083	0.1143467099	0.015395265600000001	-0.0515907958	-0.0145457603	0.031025939	0.11527165800000001	0.0086896332	0.073239612	0.0085137318	-0.069190586	-0.0282231978	-0.024779366400000002	0.1664487348	0.0966627305	-0.085214655	-0.011096353100000001	0.1575029092	0.0266591515	0.0143795291	-0.0488052453	0.0563327035	-0.024461625499999997	-0.0029553654	0.0325879352	-0.0850555659	-0.08780293130000001	0.000321176	-0.0754922286	-0.0626525677	0.012632891	-0.046173188	0.016652953300000002	0.0320780932	0.0151811606	0.0639859425	0.0864590093	0.0369349311	0.0050814014	0.0711838816	0.0155291985	0.0782320471	0.0186761614	-0.0241334792	-0.08723567439999999	-0.0196646709	0.005660979799999999	0.0873648453	0.1126729868	-0.06784163780000001	0.10709336189999999	0.050023520599999996	0.0014868203	0.0104989923	-0.0738867071	0.05660826030000001	-0.1327113791	-0.1877469638	0.06440529	0.05867339	0.0024423393	-0.0574706055	0.10055392980000001	0.022971068100000002	0.021174386899999998	0.0462296363	-0.0405736305	-0.0037414439	0.0369011223	0.0003412687	0.0669878095	-0.025991233	0.1300508044	-0.026665847799999996	-0.0097760258	-0.1024238435	0.0289842546	-0.0316559	-0.0102667	0.00010540512889	0.00100209600481	-0.000578808	-0.010046648000000005	0.00010093513603590412	3.35018700864e-07	0.0483028	8.570000000000105e-05	0.00233316048784	7.344490000000179e-09	0.0023729	0.00015398999999999968	5.630654409999999e-06	2.3712920099999905e-08	0.000453251	0.0	2.05436469001e-07	0.0	-0.000461521	-0.00015792300000000005	2.13001633441e-07	2.4939673929000007e-08	0.0	0.0	0.0	0.0	0.0	0.0
8480.390731995141	1.5478240697830188	71917026.96730909	2.3957593509996675	9934.586975085047	-1.7669810706320277	3.122222103971907	98696018.36552946	6473.510829230803	-1.1192449860409397	1.2527093387777832	41906342.45616848	6973.769409218591	11097.575136464353	1.045407	41.00236500000001	0.110089492	0.0605491	-0.0024655806	-0.0331261834	-0.1292458747	0.0577565163	0.0406169277	0.0875633582	0.0694443687	0.08848599310000001	-0.1140283772	-0.0168891004	-0.15960836009999999	0.0349462316	0.022014079300000003	-0.051414185700000004	-0.0077290284	0.1539043007	-0.022247101000000002	-0.11327573939999999	0.0015529429000000002	0.0341434464	0.057773997699999996	0.0087236827	0.10893052710000001	0.0028287357	-0.0483754705	0.06639858679999999	-0.1271582407	-0.0833964699	0.0338637598	0.0137098719	-0.0754112817	-0.0480460155	-0.0089812364	-0.0075388598	0.0161548825	-0.0198673641	-0.036463649	0.1293934302	-0.0101587584	0.1230636919	0.1560496314	-0.0051239927	0.08537897779999999	0.0383142005	-0.1509807383	-0.1586613653	0.0099147663	-0.0009070669	0.0380812306	-0.0347879206	0.0380723783	-0.04108726	0.11537114970000001	0.0488456265	0.0343892278	-0.1435784698	0.027341626600000002	-0.0311512866	-0.1490673219	-0.0508977945	0.0261751981	0.0383851149	-0.0752883044	0.0324347095	0.097496451	0.09180321179999999	0.0562913155	-0.021948767400000003	-0.0903196649	0.0603370689	-0.02967618	0.072438581	-0.050453929	0.0260682991	-0.0341816842	0.0948966	-0.0203186468	-0.0852436752	0.0061177876	-0.122156158	-0.044032147599999995	-0.008811262700000001	0.11473889849999999	-0.059466700199999986	-0.0407454113	0.027192940899999997	0.0357096869	0.08614560710000001	-0.1307070672	-0.054449376699999996	0.0106132074	0.0610444471	0.0963906122	0.052559157999999995	0.144238148	0.031886962799999995	0.1071485276	0.0143841001	0.022993106200000002	0.058593447800000004	-0.0125578563	-0.0171560948	-0.0868726325	0.0009041585	0.0003746168	0.0785402664	-0.109865619	0.0146993772	0.0196103248	0.1642200351	0.1043421811	-0.0090282926	-0.1535350282	-0.017286137099999998	-0.0600369516	-0.005060881	0.006143530899999999	-0.12821087009999999	0.0561513109	-0.050700599699999994	0.117820169	0.10859221849999999	0.0729190482	-0.0128887603	-0.0607438598	-0.025410227	-0.0540197061	0.1234782243	0.0954727586	-0.029151130600000002	0.0428905489	0.0984897553	-0.13387152160000002	-0.0340195388	-0.1481439061	-0.1109455498	0.0365418175	0.051469038099999996	-0.0386642871	0.011289073600000001	-0.0712474717	0.0051079384	-0.0008345357000000001	-0.0648305461	0.0503538042	-0.11791003359999999	0.08780114259999999	0.04226397690000002	0.0190730814	-0.0834697687	0.0539823353	-0.0270510558	-0.1558481354	0.10759921609999999	-0.012815613100000001	-0.0011318493	-0.0056459355	-0.0078493261	-0.0325223359	-0.1046030187	0.1166794555	-0.0220841646	0.10008287199999999	-0.046266119	-0.1043750334	-0.0983982525	0.0799298494	-0.034755240800000003	0.0785657068	0.10327552539999996	-0.0566672134	0.043392805199999995	-0.0534003501	-0.0523714155	-0.07844217	0.1496863527	-0.0173046734	0.0557339436	-0.0098883576	0.12613480330000001	-0.0588851094	0.0035773846	-0.036957749399999996	-0.0252759518	0.0013396635999999998	0.0755242498	-0.0300292997	0.032315159100000004	-0.011546746200000001	-0.101699545	0.0340737038	-0.0355229	-0.0038670000000000015	1.495368900000002e-05	0.0012618764244100005	-0.0474057	-0.046826892	0.002192757814379664	0.0022473003924899995	0.034832300000000004	-0.013470499999999995	0.0012132891232900002	0.0001814543702499999	0.00174768	-0.0006252199999999999	3.0543853824e-06	3.9090004839999993e-07	0.000222507	-0.000230744	4.9509365049000006e-08	5.3242793535999987e-08	-0.000524059	-6.2538e-05	2.74637835481e-07	3.9110014440000015e-09	0.0	0.0	0.0	0.0	0.0	0.0
8463.961663621376	-16.429068373765404	71638647.04325233	269.91428762985856	9928.735473013376	-5.851502071671348	34.24007649477408	98579788.09307414	6470.139712605177	-3.3711166256262004	11.364427303573382	41862707.9006306	6968.41579681345	10969.613125344576	1.026371	40.255756	0.05434720000000001	0.0305667	0.0281956174	-0.06816986309999999	-0.1154324341	0.047462877	0.0278445063	0.050296637400000004	0.06937707480000001	0.0879703551	-0.055861501200000004	-0.1827365255	-0.0216577714	0.0916025927	-0.0261592281	-0.06264965139999999	0.10882201009999999	-0.0426778143	-0.0187882323	-0.0663017624	0.059703555	-0.0186059548	0.1000041789	-0.08390981119999999	0.11128242640000001	-0.13571803	-0.0469211096	0.0296949052	0.0332867238	-0.0639321596	-0.09302922529999999	-0.0718212342	-0.166953829	0.08148899700000001	-0.0105570402	-0.1297903958	-0.0014657875	-0.10642550320000001	0.0303627192	-0.050757652300000004	-0.028019992999999997	0.0816677305	-0.1002481259	0.0798560356	-0.0732426697	0.0396599475	-0.0729232713	-0.18140787670000005	0.0133590875	-0.0948755056	-0.0365353346	-0.0311297056	-0.061243760700000004	-0.10108910880000001	0.0641542829	0.08820497640000001	-0.1012233461	-0.0298855627	0.00501461	-0.046688003	-0.0551881843	-0.0228650184	0.0088929934	-0.0007606086	-0.1564674372	0.0908912473	-0.0226848189	0.037429918	-0.0220744735	0.0615318004	0.0751398879	-0.0611630472	0.0047497356	-0.012809257099999999	0.0099791328	-0.1225661742	-0.0487276332	-0.053638943200000004	0.020190632	-0.1497282405	-0.085615861	-0.021894109900000003	-0.027643678300000002	0.11242808609999999	0.0437244013	-0.10536497189999999	-0.0195353123	-0.0703167995	-0.010872091	-0.09883964769999999	-0.14539751609999998	0.1374587477	-0.1059812522	-0.0255243437	-0.0347240517	-0.1289211717	-0.0707686465	0.0271222074	0.039370233500000004	-0.17605591980000002	-0.07215031150000001	0.1232013165	0.028036382000000002	-0.0036898256	-0.0473789826	0.0642745914	-0.0417332909	0.04796289769999999	-0.024318531299999998	0.0169109799	0.1656693367	0.020375010500000002	0.06149331120000001	-0.0916719089	0.0038468940999999996	0.0200926025	0.0189524356	0.053222397000000005	0.1241133264	-0.1124092057	-0.021183099900000002	0.0059815626	0.1481088563	0.0236481847	0.1257600803	0.0787586101	-0.0724333789	0.034756213	0.05933122530000001	0.0381182811	0.0011167501	-0.0695375987	-0.0289850821	0.0535008908	-0.0651417585	-0.08477683960000001	-0.1349702143	0.0092183923	0.0256991725	0.0187343734	-0.0318514856	0.1622750094	-0.0145908538	-0.10232232890000001	0.0126968751	0.0003820486	0.0630978041	-0.098852235	-0.0385115338	0.13118896160000001	-0.056877281200000004	-0.0565235687	-0.0507100179	0.0206902025	-0.1329283971	-0.0522030299	0.0393798265	0.0252979728	0.0366705741	0.0839487741	0.10669674679999999	0.08733871539999999	0.0759019917	-0.05969044320000001	0.0334643742	-0.0780822439	0.0918930566	-0.143128082	0.11787155029999999	-0.0809835674	-0.2016253051	-0.04369373	0.08591109	-0.05420905349999999	-0.1036067562	0.0046836521	0.0585919992	0.1400865705	0.051929314500000004	-0.0448349131	0.07697136730000001	-0.0737508343	-0.0046094840000000005	0.0148595106	0.06693530339999999	-0.057056103399999995	-0.038786542400000006	0.0665726948	0.0138642866	-0.0160136155	-0.0133141006	-0.1008566694	0.039073774900000004	-0.0378329	-0.00231	5.336099999999999e-06	0.00143132832241	-0.0212222	0.0261835	0.0006855756722499997	0.00045038177284	0.029435500000000007	-0.0053968	0.0008664486602500003	2.9125450240000007e-05	0.00187636	0.00012868000000000018	3.5207268496000008e-06	1.6558542400000042e-08	0.0004654	0.000242893	2.1659716e-07	5.899700944899999e-08	-0.000486494	3.756499999999998e-05	2.3667641203600002e-07	1.4111292249999988e-09	0.0	0.0	0.0	0.0	0.0	0.0
8485.969035574226	22.007371952850008	72011670.47272456	484.3244202710891	9929.217131679847	0.4816586664710485	0.23199507098666874	98589352.84804456	6490.496194146995	20.35648154181763	414.3863407623618	42126540.846236624	6978.547593355376	10691.501101369546	1.182608	46.383568	0.1665679	0.0939043	0.0686160676	-0.1212414797	0.0274232742	-0.0330847181	0.0089822034	-0.1215129949	0.059632963399999996	0.0490120837	-0.1078030031	-0.1228715644	0.0446234869	-0.0190724819	-0.0052353676000000005	0.0436027564	0.0168234827	-0.0198148536	0.0068640825	-0.0035285524	-0.1276547112	0.0207988375	0.061873907	-0.1237955516	0.0886654251	-0.0831227603	0.098279744	-0.027092966	0.1539985999	0.0943552642	-0.136659071	0.09568452949999999	-0.0494296383	-0.0690966014	-0.0618015837	-0.0881189275	-0.1040128533	-0.0572047538	0.0476101686	0.0665434764	0.0087147686	-0.0057821535	0.057370909299999995	0.0775444887	0.0162160714	0.026753468199999998	0.0822179083	-0.11003797779999999	0.0329318055	-0.08848935960000001	-0.039013161	0.0008351491999999999	0.06281983349999999	-0.026438586400000002	0.046221201399999995	-0.013132645600000001	-0.014515870600000001	0.0127152703	-0.09682830210000001	-0.0194211927	0.0570121401	-0.0129210129	0.0859156175	-0.09994738789999999	-0.04406526349999999	0.0451087476	0.028800861299999998	-0.1119516224	0.0341529053	0.061930535599999996	-0.0044945618	-0.1123681613	-0.006392109799999999	-0.0076657928000000005	0.0896340614	-0.030262579100000006	-0.0200472113	-0.0057024536	-0.008724506600000001	-0.1115534126	0.0125295309	-0.0175206117	-0.0524198316	-0.10217232890000001	-0.0364297899	0.0449367568	0.226563684	0.0650597985	-0.0514964064	-0.0635644898	0.0099186686	-5.02019e-05	0.039228237	-0.1346074823	-0.0280925985	-0.0546519931	-0.0143264777	-0.0274715875	0.063146175	-0.06775660730000001	0.0742886515	0.0612878808	-0.193566214	0.030705917200000002	-0.04603315349999999	0.0545740621	-0.006990904399999999	-0.060958035	0.030065661299999998	-0.003590950300000001	-0.1284254108	-0.0194498552	0.055349262999999996	-0.09866293529999999	-0.062173537599999995	0.1408863072	-0.0459453333	0.151024162	0.011108848000000001	0.0373899151	-0.07935737030000001	0.10907959699999999	0.11245191460000001	-0.0021978634	0.0636193082	-0.011138479299999999	-0.0528505804	-0.0355314588	0.0286785141	0.0833284742	-0.0062309464	0.014319394499999999	0.0161628709	-0.0443077366	-0.0115020427	0.0179329127	0.0287329094	0.14554997039999998	-0.10512325410000001	0.047250812	0.11858490210000001	0.1541350471	-0.0378532324	-0.07352435759999999	0.0358334103	-0.0329322251	-0.1800276255	0.0099014359	-0.09527184720000001	0.0524021055	-0.0016155719	-0.0128998671	0.025290577	0.14662809999999998	-0.025823799300000002	0.0167117397	-0.052551184800000005	-0.000958368	0.036997498999999996	0.0078367886	0.0381177921	-0.0500392395	-0.101762141	-0.0581016772	0.0110614694	0.1548427187	0.04886540599999999	0.029854446099999998	0.0926950857	-0.1503530324	-0.028843467	-0.0565844747	-0.0276656983	0.08174116349999999	-0.044596989100000005	0.0080840836	0.058159067	-0.08611691630000001	0.0654741715	-0.0289894554	-0.06708820509999999	-0.0226089669	-0.0134627761	-0.0061138997	-0.0086435357	-0.0812389178	-0.13168312199999999	0.0700859876	-0.027692249300000003	0.0066338733999999995	-0.015077573799999999	-0.09989619949999999	0.0439713523	-0.0406908	-0.002857899999999997	8.16759240999998e-06	0.0016557412046400001	0.0495898	0.070812	0.005014339344	0.0024591482640400003	0.0698446	0.0404091	0.004878268149160001	0.0016328953628100002	0.00271237	0.0008360099999999999	7.3569510169e-06	6.989127200999998e-07	0.000478433	1.3033000000000022e-05	2.2889813548899998e-07	1.6985908900000057e-10	-0.0006872289999999999	-0.0002007349999999999	4.722836984409999e-07	4.029454022499996e-08	0.0	0.0	0.0	0.0	0.0	0.0
8514.450882201738	28.481846627511917	72495873.82542595	811.2155873131118	9941.454837054504	12.237705374656796	149.76143283690388	98832524.27719438	6503.0792609838645	12.583066836869873	158.33357102113445	42290039.87463845	6990.3856217874645	10999.758981874642	0.954711	37.445118	0.07094154999999999	0.0448921	0.024816929799999998	-0.0542794363	0.0046142573	-0.016499933999999997	0.01149826	-0.0532322072	0.06670558830000001	0.042049770800000004	-0.0897580332	-0.021965555	-0.0851535993	-0.0656760155	0.05661016360000001	0.0436461941	0.008277439499999999	0.0154597358	-0.08166125980000001	0.0142227679	-0.0271514654	0.0268957792	-0.013902561899999999	-0.0246411161	0.0357899567	-0.0812243319	0.060292477699999986	0.009394584000000001	0.08667364279999999	0.0173468586	-0.0255568851	-0.0360810394	-0.0895808599	0.0524458212	0.0175564564	0.005681691	0.0081429455	0.0116704243	0.10374823720000001	0.0724090189	0.13138403810000002	-0.0759760109	0.0205535861	-0.0994172559	0.049457107300000004	0.04753657730000002	0.025981150499999998	-0.0474800795	0.09560555970000001	-0.054101518200000004	-0.013121476799999999	0.0835950111	0.0376974707	0.0510999838	0.0574815821	0.048968875599999996	0.081136137	-0.061913126900000004	-0.0522882171	-0.1521318723	-0.0859975766	-0.1170920743	0.09905754630000001	-0.1409222875	0.0400328982	-0.076366529	-0.0353861723	-0.01337209	-0.0494773582	-0.0106551184	-0.0767368348	-0.048771802	0.027336747400000003	0.0959572009	-0.0874467509	-0.0767494099	-0.0637113938	-0.0234571379	0.08985050289999999	-0.054699145899999996	-0.1182169967	0.0192909415	0.019104906499999998	-0.0050894443	-0.0370398156	-0.006144520600000001	-0.0157199776	-0.1178544432	-0.08753342789999999	-0.113892726	0.12225169400000001	0.0208596207	-0.06505913299999999	0.0819705089	-0.0201323748	0.0304220343	-0.0947086765	-0.1257860344	0.0286380767	0.0056020692	-0.022593208700000002	0.0279814946	0.0155056254	0.0414215317	0.0162490702	-0.0976829616	-0.0781207731	0.0605884636	-0.015254336100000003	0.01656541	0.0773697783	3.8939499999999995e-05	-0.0335449596	0.0298394598	0.0711076086	-0.139437318	-0.0136649375	0.1327709661	-0.11455529910000001	0.0076054027000000005	-0.0098702082	0.051569879699999994	0.0665942527	0.023233031	0.00443472	-0.1316340251	-0.0523124601	-0.06324659099999999	0.0199036437	0.0713581787	0.1040298534	0.0017273991	0.0381288826	0.0197253183	0.0023405693	0.13013443560000001	-0.11493303939999999	0.0151627603	0.0457712618	0.0067621626	0.2119261496	0.0922701629	-0.0360334934	0.0613834026	-0.046733736	0.042102191100000005	-0.0344088534	-0.0378460146	0.022757893300000002	-0.0180438275	-0.0106208994	-0.0968418726	-0.07044175059999999	0.049940423	-0.00010015620000000001	0.05183021559999999	-0.0249869066	0.0775251595	0.0775783043	-0.0316903159	-0.0202731681	0.11132680539999999	-0.0240336762	0.0174046211	-0.0822877788	0.0092200596	0.0359837172	0.0649367508	-0.124771332	0.0150895977	-0.06690525530000001	-0.0427393541	-0.0103728439	-0.0488134456	0.0622472263	0.11964471880000001	0.0168204138	0.0040113599	-0.0160139862	-0.06948910429999999	-0.074722255	-0.1112803143	0.0006756116	-0.15192108740000002	0.1642126888	-0.036877646800000004	-0.0009469884	0.0900550791	-0.0186157336	0.1161743541	-0.0168366517	-0.0988192551	0.0487535893	-0.040562	0.00012879999999999836	1.6589439999999578e-08	0.001645275844	0.00796455	-0.04162525	0.0017326614375625005	6.343405670250001e-05	0.0777138	0.007869199999999995	0.00603943471044	6.192430863999988e-05	0.00249112	-0.0002212500000000001	6.2056788544e-06	4.895156250000004e-08	0.00036186	-0.00011657300000000002	1.309426596e-07	1.3589264329000004e-08	-0.000775772	-8.854300000000006e-05	6.01822195984e-07	7.839862849000011e-09	0.0	0.0	0.0	0.0	0.0	0.0
8508.195222919703	-6.255659282034684	72389385.95131366	39.13327305290671	9952.793246989282	11.338409934778609	128.5595398490863	99058093.41731544	6507.140274677091	4.061013693226414	16.49183221657244	42342874.55432465	7001.497446982479	11274.515581053658	0.989858	38.823669	0.04260560000000003	0.0240691	-0.028516940299999998	-0.0139368671	-0.040248017000000004	0.0141991549	0.0199382031	0.0128098503	0.0150046026	0.1029123302	-0.0315681382	0.0067856112	-0.044706213700000004	-0.0902005157	-0.0329541624	-0.07704879519999999	0.0763969436	0.052890816900000005	0.023410864	0.0526687065	0.017924745	0.0293936391	-0.002872812	-0.0956593064	0.0100887332	-0.072036673	0.01957378	0.0934256679	0.0126508182	-0.0403983127	-0.0243733704	0.10073880789999999	0.0197039164	-0.027548479700000003	0.07523656940000001	0.0727961954	0.11573821869999999	0.0373819508	0.1001231415	0.0516895141	-0.048873717000000004	0.0084794174	-0.014151275500000001	-0.1050529407	-0.0766953322	0.018804866599999998	-0.0664864793	0.0708612335	0.127417959	0.0066696334	0.0537134021	0.0266244367	-0.045647962	0.0192013044	0.0821427389	-0.011019268200000001	0.0099547968	-0.026391485099999997	0.09770638289999999	-0.1918567759	-0.0278125372	-0.045522881900000006	-0.0111587193	0.0429110859	-0.0789512549	-0.0307115325	-0.1370179974	0.0419547861	-0.024417792799999997	0.0946908527	-0.09769750449999999	-0.023366254500000003	0.0404369536	-0.0495471987	0.1136775102	0.0218186094	-0.0476027422	0.07250515269999999	0.012204331899999999	-0.10074167939999999	-0.0864917691	0.0180129305	0.1226714413	-0.0231217738	0.0805016536	0.0012266283000000001	-0.0002611224	0.0391445573	-0.1064354875	-0.0240004375	-0.0247179536	0.0751253766	-0.10129228789999999	-0.1367075173	-0.1682899528	-0.0754543042	0.0120797125	-0.0870826391	0.0908463458	0.0309665281	-0.024197778	0.0187280305	0.0012248322	-0.022946249	-0.0694315626	-0.0055785091	-0.024917891600000002	-0.1187594424	-0.0259698966	-0.163773341	-0.0899566453	0.0390825427	-0.0253729624	-0.0048860433	-0.0402349183	0.18399776699999998	0.0949722672	-0.028882684199999998	-0.0969341686	-0.04328205190000002	0.0164261647	-0.0382720798	0.044903268600000004	-0.0545884225	-0.0882451782	-0.039394408799999996	-0.0357500359	0.0075038231	-0.00810343	-0.0017194667	0.06622472459999999	-0.0107711901	-0.0257410074	0.1096083582	0.10742316730000001	0.0217024097	-0.2044293825	0.0949879371	0.0475324482	0.052611309	0.09789683800000001	0.0555199962	-0.0009185616	-0.0998722957	-0.12784040230000002	-0.0363781131	0.018169151799999998	0.0951103506	0.0554929341	0.1028699755	-0.0191247635	0.057550727	-0.0059072959	-0.035539397	-0.050379647199999995	-0.1130381616	-0.1735432648	0.0297132684	0.1072492803	-0.0790900514	0.045692981900000006	0.031614437999999995	0.0218147029	0.0328792361	-0.0036956196	-0.0537133571	-0.0008830185	0.0645057751	-0.0814895727	-0.058166294199999996	0.0662477559	0.0168516836	0.1993762312	0.06438943150000001	-0.09819221859999999	-0.0432749125	0.0513852264	-0.0187623126	-0.045871183899999994	0.008454716800000001	0.005214839000000001	0.0537735538	0.0252692752	0.1659857769	0.06359990160000001	-0.057120179800000004	-0.0500922654	0.099644521	-0.05379275099999999	0.0786281457	-0.018590821599999998	-0.0976270918	0.053407941699999996	-0.0442224	-0.0036604000000000007	1.3398528160000008e-05	0.00195562066176	-0.0126711	-0.02063565	0.00042583005092249987	0.00016055677521000002	0.0665586	-0.011155200000000004	0.004430047233959999	0.0001244384870400001	0.00257183	8.071000000000033e-05	6.614309548900001e-06	6.5141041000000535e-09	0.000316315	-4.554499999999997e-05	1.00055179225e-07	2.0743470249999974e-09	-0.0007926039999999999	-1.6831999999999936e-05	6.282211008159998e-07	2.833162239999979e-10	0.0	0.0	0.0	0.0	0.0	0.0
8488.43372153306	-19.761501386643427	72053507.04485959	390.51693705431023	9951.364472445774	-1.4287745435085526	2.0413966961780727	99029654.86345597	6495.618116100297	-11.522158576794029	132.76013826878815	42193054.71021037	6990.407080017604	11266.205361971153	0.951254	37.30954000000001	0.05126303999999999	0.0267775	-0.0744024956	-0.0461287508	-0.0200708918	-0.0110307161	0.019981214599999998	-0.0044364932	-0.0335325989	0.1405758365	0.0658986441	0.0672641895	0.05605686519999999	-0.03289284	-0.0904478033	-0.0440625153	0.0657769931	0.0654292084	0.0567054187	-0.0869105219	-0.0389279135	-0.0678604109	-0.024048598199999997	0.0725233218	0.0357408632	-0.0747446542	-0.0618792922	-0.0053951799	-0.071427118	0.027042987400000003	0.024735167000000002	0.0334807559	0.0785368239	0.0757816698	0.07288239469999999	0.0387995115	0.061794128899999995	0.0363647673	0.0583030975	-0.0013987232	0.0354776279	0.0105014656	0.0827747709	-0.0248280028	0.0675666069	-0.0442910512	-0.0294022939	0.1008237388	0.0797073878	-0.0136142282	0.10590484720000001	-0.10057912279999999	-0.0377323844	0.012313670700000001	0.0908065394	-0.08095662740000001	0.0080141452	-0.0791644487	0.024175013	-0.15865078970000002	0.025748815499999998	0.0723868431	-0.0465266772	0.026942453999999998	0.0255670367	0.0325895065	0.0137988502	0.006364727	0.038319974300000004	0.0885917258	-0.0724078241	0.0622096533	0.05608874480000002	0.0636028583	-0.045326025	0.0227326197	0.005652089399999999	-0.18984358350000002	0.0807474113	-0.0361854152	-0.0799640266	0.0869931807	0.0264207957	-0.054695029699999995	0.0777380209	0.082298934	-0.0545598287	0.0058421779	-0.0092810806	-0.1044700151	-0.1308812609	-0.1144265666	0.0077812036	-0.0548429236	-0.0565147451	0.027255389300000002	0.0701937725	-0.0766944643	0.0552066998	-0.023896429700000003	0.0373223872	-0.0542200038	-0.1185146652	-0.0221627327	-0.0242845154	-0.0361788879	0.062083142	-0.0625790324	0.09995549470000001	-0.034378626600000003	0.052190125700000006	0.149456125	0.11189154779999999	0.08767912789999999	0.0039007263	-0.1209437638	0.0078520141	-0.0663415198	0.0494471076	0.0064346849	-0.0044569133	-0.0727759487	0.0314897448	-0.11147394460000001	-0.1106382001	0.0348695375	-0.0231215919	0.008326732600000001	-0.10133684050000001	0.025109117	0.013723376899999999	0.0038318121999999996	0.0780837134	0.0746951771	0.10594371539999999	-0.0080158626	-0.12829740439999998	0.1282939176	-0.0747405807	0.0835933276	0.022044905899999998	-0.078543955	-0.0360245947	-0.043721620700000005	-0.0898355291	0.0579589879	-0.013302391200000001	0.04224181230000002	0.0608709845	-0.0800300301	-0.06956245650000001	-0.038600612799999996	-0.0672089444	-0.0148152444	0.0860834804	-0.032388283999999996	-0.12533860189999999	0.0755410027	0.1254343958	-0.0048955229	-0.0543977985	-0.0095555487	0.058956293099999994	-0.1331074369	0.0695448144	-0.0764674417	-0.024608350299999998	-0.0145982593	0.0011561716	0.0347269559	0.11074344529999999	0.0341551003	-0.0364525586	0.0768673158	-0.1313941264	-0.063126258	0.039952042400000005	0.0807587173	-0.0455214068	0.0461808013	-0.016772416999999998	-0.0587438495	0.0066058411	-0.06343941389999999	-0.09851142019999999	0.0233762162	-0.030128117700000002	-0.0090576704	-0.0610988424	0.0031904695	-0.020339572099999998	-0.09632109970000001	0.057922200800000004	-0.051664	-0.0074416	5.537741056e-05	0.0026691688960000003	0.00272489	0.01539599	0.0002370365080801	7.425025512100002e-06	0.06905560000000001	0.002497000000000013	0.0047686758913600006	6.2350090000000644e-06	0.00294752	0.0003756899999999997	8.6878741504e-06	1.4114297609999976e-07	0.000262797	-5.351800000000001e-05	6.906226320900001e-08	2.864176324000001e-09	-0.0008819649999999999	-8.936099999999993e-05	7.778622612249997e-07	7.985388320999988e-09	0.0	0.0	0.0	0.0	0.0	0.0
8476.418382401285	-12.015339131774454	71849668.59351042	144.36837445155047	9941.570346867986	-9.79412557778778	95.92489583347685	98834820.96172483	6483.492825359376	-12.125290740920718	147.02267555185767	42035679.216486506	6976.9501907402855	11186.454013936696	0.880017	34.515511	0.058406260000000015	0.030023200000000007	-0.0889930628	-0.0790371366	0.011004926100000001	-0.0630751967	0.0347166461	-0.050380133099999995	-0.0683149263	0.1010642601	0.091749229	0.09590989039999999	0.0291654164	0.0229349047	-0.0235684768	-0.0145554473	0.0938079841	-0.0066121139	0.10731585390000001	-0.08532104380000001	-0.09203778859999999	0.05618167809999999	0.0033739032	0.08031205849999999	0.1412204398	-0.0351780643	-0.030633057	-0.043271317999999996	-0.0703486753	0.1238735612	0.0084036926	0.0316440958	-0.017927122099999998	-0.0509140654	0.057973696799999995	-0.059279390599999995	0.030208630499999996	0.1681333397	-0.0597038011	-0.0676014688	-0.014925641299999999	-0.032560976400000004	-0.0087016038	-0.0417471521	0.1534102806	-0.101527294	0.0063606637	0.0761950465	0.010639508600000002	-0.0385431459	0.1457406019	-0.1298615433	-0.0673824482	-0.0560452491	0.0455148848	-0.0916979589	-0.0628512244	-0.020985567400000002	0.046563855099999996	0.0387956187	0.1602596491	0.13796938779999998	-0.09368687029999999	-0.0419478438	-0.0483122196	-0.0547850192	-0.09966754550000001	0.0023897128	-0.0671937197	-0.0285320286	-0.0284413796	0.0024796869	0.056856282	0.0206047532	0.0361115908	-0.0304048173	-0.0417051598	-0.1652885264	-0.0314866229	0.053546389900000005	-0.0510569848	-0.0410000285	-0.0310883994	-0.0727524036	-0.015495041999999999	-0.1153062732	-0.11476533400000001	-0.0954675951	-0.056825568	0.0318326378	-0.0238467305	-0.148443397	-0.021347955499999998	0.0712225949	-0.023146787400000004	-0.0771222337	-0.1337649317	-0.0648888572	0.1431693281	0.0926144542	-0.0402617491	0.103869396	-0.1581790683	0.0077025457	-0.10902682609999999	0.084114699	-0.0650667197	0.054202019000000004	0.032587078	0.0351907364	0.021940185600000002	-0.1506416191	0.0888292819	0.056912919299999996	-0.0481984367	0.0368144611	-0.1302180526	-0.0026101133	-0.0484724451	0.0617365105	-0.0171410185	-0.079857307	0.0151545239	-0.1200392314	-0.061806426500000004	0.08612757619999999	0.0057024111	0.08911129849999999	-0.1354741435	0.0163663207	-0.0229151209	0.0075725415	0.0924188385	0.0750160397	0.12400641820000001	-0.0045814246	0.0428022833	0.1453322522	-0.0613401668	0.0621605747	0.0036997394	0.029804958500000006	0.068359682	-0.0226026161	0.0379005091	0.1036463929	0.1379915796	0.04553315769999999	0.0232705984	-0.009770025	-0.1447618109	0.0626962893	-0.1225457579	0.037020406299999996	-0.0180175573	-0.0206092518	0.0765470351	0.11311513949999999	-0.0269231719	-0.0732546907	-0.0525020071	-0.1381165819	-0.048275197400000004	-0.0686638313	-0.0096108641	-0.14194291109999999	-0.063260481	0.0406129743	-0.053482445700000006	0.0149800489	-0.0744232925	0.0454499964	0.0307157494	0.0592098386	0.022225646499999998	0.1840398473	0.0550165686	0.0836023198	0.089337795	0.0983725576	-0.0056058567	-0.0751796784	-0.1316656981	-0.0817967391	-0.0296679726	0.0127348103	-0.09177648320000001	0.041773526899999996	0.0178909168	-0.0339807803	-0.022082393399999997	-0.09490280150000001	0.062284525300000004	-0.054820900000000006	-0.0031569000000000037	9.966017610000026e-06	0.003005331076810001	0.0242822	0.02155731	0.0004647176144361	0.0005896252368400001	0.0780239	0.008968299999999985	0.006087728971209999	8.043040488999973e-05	0.00327012	0.0003226000000000001	1.06936848144e-05	1.0407076000000009e-07	0.000382723	0.00011992600000000003	1.46476894729e-07	1.4382245476000005e-08	-0.000933914	-5.194900000000014e-05	8.72195359396e-07	2.698698601000014e-09	0.0	0.0	0.0	0.0	0.0	0.0
8481.890383878846	5.472001477561207	71942464.48413645	29.942800170432033	9938.609110670031	-2.9612361979543493	8.76891982007513	98775951.05469336	6473.844129470011	-9.648695889365626	93.09733236546114	41910657.81267332	6963.4053496918505	11093.200719338558	0.870225	34.131481	0.05786425000000001	0.033569199999999993	-0.0722915039	-0.0919514561	0.044117493499999993	-0.1082959094	0.028039525099999997	-0.1037728961	-0.0983575602	0.057100955	0.0871819273	0.0549054758	0.0346787272	0.0384086455	0.0587690646	0.050463013200000004	-0.0028970875	-0.12209978140000001	0.0815074568	-0.09269755439999999	-0.0311539738	-0.0321334739	0.0786525808	0.0361615282	-0.0340064218	0.033842276	-0.0657073428	0.17328534329999998	-0.09309614699999999	0.1771068801	-0.0162510924	-0.07816696349999999	-0.0694122019	-0.0870390274	0.0388252671	0.052869720999999995	0.0277091675	-0.0253337994	-0.1323272809	0.0320113574	0.016968298200000002	0.0160771355	-0.08528878949999999	0.0043768528	0.1291773678	-0.1273167028	0.06675325780000001	0.0370784916	-0.040014622400000005	0.0136115123	0.10597262519999999	-0.1393684496	0.0071331176	-0.0371502022	0.0725561968	-0.0989878222	0.0628841163	0.051216286900000005	-0.0541771694	-0.0245485584	0.1199475027	0.0407799498	0.0338752567	0.0170719836	-0.070528349	-0.2089119603	-0.06680579219999999	0.1579068489	-0.040883456	-0.0268452228	-0.073000466	0.045919689400000005	-0.0310826523	-0.0661528666	0.0416100117	-0.1179503925	0.0728534914	0.057661116100000014	-0.062303482300000004	0.059156770199999986	-0.1043466594	0.0400977964	-0.034585763900000004	0.08089204679999999	0.026563699500000003	0.005500464599999999	0.0757873639	0.08911113279999999	-0.036648921200000004	-0.086431035	-0.0972525734	-0.1314380017	-0.0648688331	-0.0061882399	0.0680343901	0.08437139140000001	-0.14991382960000002	0.1485629315	-0.059835390999999995	-0.0219418697	-0.0025925264	-0.0620758175	-0.0833068594	0.0005523169	-0.0723648857	-0.0421458804	0.19719728820000001	-0.0605614772	0.028459222200000002	0.0432393127	-0.056676083499999995	-0.0214503072	0.0800630569	-0.054302329100000005	-0.025416066400000003	0.034890921899999996	-0.1731077379	-0.0076298993	-0.020257893	0.12614425199999998	-0.020589771	-0.0496080044	0.0061732853	-0.051874344	-0.0466445488	0.10393415689999999	-0.0031451473999999997	0.0435647474	-0.1277814212	0.06159317440000001	-0.021399861699999998	0.0930108111	0.0896719278	-0.0316071401	0.056485126399999995	0.050236878799999996	0.06392246780000001	0.1087238471	-0.044488702000000005	0.0046205047999999995	-0.0718899219	0.08391403550000001	-0.0633988933	0.1651418896	0.0077623588	0.0875841406	0.1457764008	0.13542823310000002	0.1572600297	0.1194146837	0.039830208	0.0411353354	-0.0492810975	-0.0730693935	0.0396934042	0.0521199919	-0.0128808643	-0.0648007978	-0.1021322966	-0.0290644007	0.0172035916	0.0079288298	-0.026692591499999998	-0.030780543799999997	0.1198348799	0.0170878583	0.0295904183	-0.199928335	-0.0291823264	-0.0440386436	0.0504972333	-0.017226665800000002	0.1119893944	-0.1049197573	-0.09976629869999999	-0.0514388012	-0.0647736729	-0.1208900888	0.127840957	-0.0446161701	-0.039253740499999995	-0.14172865980000002	0.0536878056	-0.001429121	-0.0343458154	-0.0985128454	-0.0476864683	0.0708196948	-0.0769659932	-0.055033280999999996	-0.0238187774	-0.0933738509	0.06648347240000001	-0.0475093	0.007311600000000001	5.345949456000002e-05	0.0022571335864900004	0.0460936	0.0218114	0.0004757371699599999	0.0021246199609600003	0.08134119999999999	0.0033172999999999953	0.006616390817439997	1.1004479289999968e-05	0.00372665	0.0004565300000000001	1.38879202225e-05	2.0841964090000006e-07	0.000382723	0.0	1.46476894729e-07	0.0	-0.0008819649999999999	5.194900000000014e-05	7.778622612249997e-07	2.698698601000014e-09	0.0	0.0	0.0	0.0	0.0	0.0
8506.063584342031	24.17320046318491	72353117.70086959	584.3436206333233	9943.702059697309	5.0929490272774265	25.93812979444609	98877210.6520285	6478.519424513979	4.675295043968617	21.858383748157515	41971213.93380494	6964.4141323236	11067.429292823039	0.874461	34.297619	0.049181800000000005	0.0254753	-0.0286795576	-0.06494105809999999	0.055403527599999995	-0.12374834859999999	0.011340446100000002	-0.10048666630000001	-0.0977142578	0.0139481803	0.046230201299999996	0.0240472836	-0.0076156891000000015	0.0571278337	0.0760316679	0.0430437613	-0.0994054999	-0.10684612539999999	0.1147536816	-0.1322003982	-0.0734771698	0.0167010137	-0.018758380800000002	0.032687073999999997	-0.0358070625	0.06329615	0.0096313211	0.0688308741	0.0074632787	0.23300831800000002	0.050462825499999996	-0.0615779367	0.0467708125	-0.0022536756	-0.011601558500000001	-0.062470238	0.040433522	0.0189906992	0.0114190112	-0.1111963493	-0.054426808	-0.0473104672	0.1439971776	-0.1334613087	-0.016072531299999998	-0.1192070249	0.06871971730000001	-0.0196895206	-0.0633848803	0.0566104963	0.030600551099999998	-0.0956780014	-0.0019338014	-0.0117628163	-0.022575999700000002	-0.103826133	-0.0466380118	-0.0200284376	-0.0681092501	0.0094992607	0.0834406699	-0.0021434443	0.09400380960000004	-0.0996038415	-0.0404533171	-0.12382580130000001	0.002139787	0.0399384572	-0.0656967268	-0.0431233755	-0.0474413409	-0.0203301163	-0.0990330734	0.09028497869999999	-0.023838217000000002	-0.1554908039	-0.0327414225	-0.1014447083	-0.010690920500000001	0.10043159859999999	-0.0181668725	-0.0962058648	-0.0561471968	0.0889168441	0.016398195600000002	0.2047726423	0.0192969901	0.111863491	-0.1067321764	-0.033169784300000005	-0.12127745919999999	0.1010845312	0.0187912914	0.15943611900000002	-0.0493898008	-0.0160161593	0.17906292629999998	-0.0225146022	-0.0557302524	0.13525661390000002	0.0456364932	0.022366656600000003	0.1023179674	-0.0604220617	0.0932213603	0.0193876629	-0.0167061828	-0.0252604314	-0.046009071	-0.053165650999999994	0.0036452857	-0.0944866343	0.0478781742	-0.0982239488	0.1259760446	0.051075805999999994	-0.0452615311	0.0358271082	-0.0919814653	0.1301183859	0.0074671671	-0.0270307113	-0.0032459986999999997	0.042923821699999996	-0.010989434499999999	0.0780156146	0.0059016147	0.016795728700000002	-0.0755827823	0.021051418199999998	-0.0365725354	0.0673459463	0.11503905310000001	-0.09058418359999999	0.03654414	0.0803054131	0.0875766364	0.0235579103	-0.0273198493	0.0093412752	-0.054137217	0.1655918263	-0.042706715199999995	0.11441196599999999	0.11841177800000001	0.07202877740000001	0.1446121532	0.0513185039	-0.0082931131	-0.0007472360000000001	0.06978815969999999	-0.0905698212	0.023070833399999997	-0.0102403843	-0.0010812616	0.023891153300000002	0.0029410345	0.0951197309	-0.0194776748	-0.0073424425	-0.1072467257	0.08477699109999999	-0.033117943	-0.1552112005	0.0097382117	0.1275280453	-0.0539172937	-0.029954862999999998	-0.0421287778	0.05145313519999999	0.0850070089	0.0596302521	0.1540573913	0.0023257112	-0.050264889400000005	-0.09195935150000001	0.0197075253	0.028368001400000002	-0.0833926076	-0.0958050718	-0.0697593219	0.1595294088	-0.0032147484	-0.0003595982	0.1124256466	-0.0719815452	-0.0145754394	-0.1054842553	0.10596272150000001	0.0050055501	-0.025548217999999998	-0.09173603050000001	0.070508028	-0.0438641	0.0036452000000000077	1.328748304000006e-05	0.00192405926881	0.056036	0.009942400000000004	9.885131776000008e-05	0.003140033296	0.10176	0.02041880000000001	0.0103550976	0.0004169273934400006	0.00353849	-0.00018816000000000012	1.25209114801e-05	3.5404185600000056e-08	0.000267375	-0.00011534800000000005	7.148939062499999e-08	1.3305161104000008e-08	-0.0008819649999999999	0.0	7.778622612249997e-07	0.0	0.0	0.0	0.0	0.0	0.0	0.0
8523.550378239073	17.486793897041935	72650911.05037946	305.78796079762304	9954.403221006838	10.701161309529198	114.51485337256466	99090143.48639129	6484.322083237453	5.8026587234735425	33.67084826110359	42046432.879160896	6968.443532676959	11251.281741492368	0.97236	38.137371	0.09077225	0.0436321	-0.0542476125	-0.0084491622	0.0372669723	-0.0910122138	-0.0068634794	-0.064507841	-0.11235568779999999	-0.0297478978	0.054151491600000004	0.05773261480000001	-0.0877704735	-0.0918647527	0.1606381	0.0258120476	-0.1405001351	-0.1225851181	0.09888697269999999	-0.0811632458	-0.0706927856	1.50732e-05	-0.0643040503	-0.045313843	-0.09182248330000001	-0.02666946	-0.0489707412	-0.0930678023	0.023329452200000003	0.0689127039	0.11173002119999999	-0.1009369795	-0.09504157099999999	0.0734371466	0.0089394593	-0.04634585980000002	-0.0761579661	0.030199964300000007	0.0637820997	0.0004556056	-0.1145116452	0.0236393351	-0.09384763130000001	-0.046570130999999994	-0.0733098494	-0.1039264851	0.0158719709	0.020980149700000002	-0.004227565	0.0794623398	-0.005161100300000001	-0.052318199	0.1006753148	0.030149785499999998	-0.0102497545	-0.043773029500000005	0.053934723	-0.0385441689	-0.1112621146	-0.1533899971	0.0855927474	-0.0084119256	0.0752540716	0.072689798	0.049951067599999996	0.005122583	0.0993353856	-0.1029792246	0.0057401684	0.142868227	-0.0098356437	0.021457081099999997	-0.0654968663	-0.057911086500000014	0.023102400800000002	0.09220155949999999	-0.1155659461	0.0086507139	0.1031296734	-0.0149889026	0.0635178599	0.0343411306	-0.1243342226	0.1632748986	0.0197691052	-0.0787130497	0.0705205324	-0.1019386886	0.0816299585	-0.031096079500000002	0.1865802304	0.0195445608	0.0202375823	0.08309256549999999	0.15619804869999998	0.11077061460000001	0.0441630839	-0.1239062714	-0.0505022422	0.0203409783	0.0072459295	0.0376153589	-0.0684632722	-0.1112848625	0.0040387832	0.0065664878000000005	0.0346289138	0.1645650684	0.0403565492	-0.045244327	-0.0605205908	0.039964047999999995	0.0975724191	0.048082367300000005	0.05157593940000001	-0.154037208	0.0838116696	0.0694963796	0.09125047789999999	0.1167310766	0.0281681004	-0.0655464184	-0.0377941907	0.06407231969999999	-0.0443188183	0.015045561	-0.010672229699999999	-0.0744344641	-0.0258152755	0.0878059978	0.014257330700000001	0.09156559539999999	0.0690800503	-0.1097110518	0.0861160366	0.15755355210000002	0.0576553345	0.0362533667	-0.05948241570000001	-0.0146288744	-0.0932530114	-0.0045307755	-0.1435114622	-0.0480704116	-0.1728274993	-0.0500761969	-0.0672334819	-0.05368605269999999	-0.082004343	-0.0323494417	0.0536198555	0.011916976200000002	0.0308532775	0.0890144593	-0.0204136032	0.0832518049	0.1497186315	-0.042601067199999995	-0.0081948816	-0.007749023000000002	-0.030800035400000002	0.24030009559999999	0.1438750527	0.0323086759	-0.033986156499999996	-0.023595437799999997	0.031826488300000004	0.065467227	0.0753035092	-0.0061850744	-0.043025725599999995	0.109418544	-0.0933409438	0.009572777099999999	0.0338503451	-0.0953441254	-0.1008061122	-0.0005441102	0.0792290258	-0.0945867027	0.0515384336	-0.024625499	-0.0614096186	-0.0522623975	-0.0096689259	0.1680746103	-0.0164888341	-0.0058923626	-0.0558586817	0.14835481679999998	-0.0272702111	-0.0899912501	0.0743476354	-0.0392077	0.004656399999999998	2.1682060959999977e-05	0.00153724373929	0.0337179	-0.022318099999999997	0.00049809758761	0.0011368967804100002	0.0912967	-0.010463300000000007	0.008335087430889999	0.0001094806468900002	0.00414757	0.0006090799999999997	1.7202336904899993e-05	3.7097844639999964e-07	-9.437300000000004e-05	-0.000361748	8.906263129000008e-09	1.3086161550399999e-07	-0.0007861039999999999	9.586099999999991e-05	6.179594988159999e-07	9.189331320999987e-09	0.0	0.0	0.0	0.0	0.0	0.0
8519.151883206907	-4.3984950321664655	72575948.80914779	19.34675854799308	9934.556072358122	-19.84714864871603	393.9093094842305	98695404.35482764	6478.1884275847715	-6.133655652681228	37.62173166566837	41966925.30329325	6962.6991159954505	11546.061582487642	1.033012	40.516212	0.13604500000000005	0.06857	-0.1186202245	0.034728263599999996	-0.0005216804	-0.052231345	0.019872741200000002	-0.027729742	-0.1548331158	-0.061479988	0.08401854619999999	-0.0344874264	-0.0388865527	-0.1381045838	0.14564320039999998	0.032742392099999997	0.0790872666	-0.0954939952	0.0874448437	0.0373645632	0.037037891499999996	-0.0006560625	-0.0822430042	0.0234722361	-0.1227402693	-0.023940492400000003	0.062026652599999996	0.0323711712	-0.1907745716	0.036033951099999996	0.0946805376	0.0753811741	0.0056554288	-0.0691490869	-0.05747023530000001	-0.07629034400000001	0.0912312869	0.0022749923	-0.1326326927	0.031530313399999996	0.0079512909	0.0601500379	-0.12959762789999998	0.1233054709	0.027704259199999998	-0.14994163619999998	-0.025886454399999998	0.0251652316	-0.0847073889	0.08886739800000001	0.054870904500000005	0.0108219448	0.0709004551	-0.0133024921	-0.033956528799999997	0.053516292699999995	-0.032114822	0.039739855299999995	0.0373426231	-0.10520908650000001	0.06279038320000001	0.0156668903	0.03122618	0.1376407601	-0.0064884461	-0.0256781137	0.12286151039999996	-0.0646869717	-0.13101783349999999	0.06357686950000001	0.0863833041	-0.0477487933	-0.027268630099999996	0.0972303177	0.1313917951	-0.0220067881	-0.0926322986	0.0216904013	-0.0181465097	0.1091634159	0.0534172797	-0.0761175446	-0.0691616877	0.09873248470000001	0.19152591530000002	0.13155631480000002	-0.0046780070000000005	-0.012716355700000001	0.1450872914	0.004919820399999999	-0.0538121938	-0.0768964869	-0.0359086565	0.048712604900000005	-0.0090594644	-0.1339549039	-0.028644436699999998	0.0168879732	0.015192160500000001	-0.0140751145	-0.1529325008	-0.0709100127	-0.0013044419	-0.0591193892	-0.015986586599999998	-0.1377136776	0.045400205	-0.0244588119	-0.031756392	-0.0659375242	-0.0699698693	-0.0077857667	-0.0864584361	0.035138237200000005	-0.06820556230000001	0.06478630169999999	0.0721604927	-0.0830175042	-0.0365018271	0.1065857026	0.0532734984	-0.1168412749	-0.0618721758	0.0689973541	0.016893013999999998	0.0739297764	0.0116377448	0.0772321692	0.0053786918999999996	0.0551512545	0.0268043465	0.0151501998	-0.047268309800000005	-0.08814409279999999	0.1649171183	0.0740168849	0.0333995366	-0.015955547900000002	0.035213198599999995	-0.051615117800000006	-0.09335727640000001	0.0787641425	-0.07050755110000001	-0.2189441396	-0.08578453539999999	-0.047526615700000004	-0.028241800600000002	-0.0044319455	0.1029470192	-0.10911640189999999	0.17615636140000002	-0.0014192824	-0.0266082819	0.0723107376	-0.0749305743	-0.0085412656	0.1015950301	0.024744512200000002	-0.0930097815	-0.031125869900000002	-0.0010132725	-0.032280089	0.0282210825	-0.034021384700000004	0.0790526604	0.0142295055	-0.0205466908	-0.0023846143	-0.1415259699	0.112436904	-0.0272017369	0.0349927986	0.0722894453	-0.010532336399999998	-0.0902804477	-0.1393100995	0.0209257742	-0.0183983782	-0.1088226664	0.0110756402	-0.029594839300000002	-0.015545864	-0.033723165699999995	0.11868149789999999	-0.1325535871	0.0471634996	0.08281388860000001	0.023280156899999998	0.023900242999999998	-0.029433209300000002	-0.0289842546	-0.08814154390000001	0.0779922229	-0.054718100000000006	-0.01551040000000001	0.00024057250816000026	0.0029940704676100012	-0.0210762	-0.054794100000000005	0.00300239339481	0.00044420620644	0.0735243	-0.017772399999999994	0.0054058226904900005	0.0003158582017599998	0.00358512	-0.0005624499999999999	1.2853085414399997e-05	3.163500024999999e-07	8.8353e-05	0.00018272600000000005	7.806252609e-09	3.3388791076000016e-08	-0.00100029	-0.0002141860000000001	1.0005800841e-06	4.5875642596000054e-08	0.0	0.0	0.0	0.0	0.0	0.0
8519.094104892185	-0.05777831472187245	72574964.36800878	0.0033383336520997424	9950.381377767584	15.82530540946209	250.4402913027501	99010089.56302392	6477.404401975489	-0.7840256092822528	0.6146961560104078	41956767.78673144	6957.350963594888	11620.773682609946	1.143887	44.864883	0.14342375000000002	0.103418	-0.1798670174	0.0275349374	0.0321809762	-0.0768877563	0.0037563688000000002	-0.0707522549	-0.12495595470000001	-0.0790684417	0.17295435210000001	0.0803541756	-0.040997503	-0.1699378094	0.06638357639999999	-0.0593918234	-0.013268971899999999	-0.0032573896999999997	-0.022672536200000003	-0.020340328799999998	0.023057007200000004	0.0060901908999999995	-0.19463863350000002	-0.045983316100000005	-0.0646153586	-0.0697286963	-0.0849906369	-0.0834698242	0.02345657	-0.0972788994	0.0012291336	-0.0406400123	0.1021223334	-0.0415116637	-0.1217630008	0.17667491670000002	-0.0426164954	-0.042422973499999996	-0.0376377444	0.0368206893	0.0573729787	0.0248122573	-0.0715273236	-0.0525038297	-0.0247622094	-0.2349878185000001	-0.0009588448	0.0904872723	-0.0208697163	0.0490858306	-0.0085227914	-0.081672408	0.1537471276	-0.0146895521	-0.1575579674	0.1202331232	0.103841498	0.2095313121	0.052027904699999995	0.0029145187	-0.0570595935	0.1300743255	0.0607263226	-0.024845186000000002	0.0284994608	-0.17156707	0.09074442029999999	-0.058196387599999996	-0.028472030699999998	0.1005932355	0.1145912892	-0.0244615642	-0.0514379997	0.0584804347	-0.1453464797	0.0761314688	0.0014709397	0.0503776374	0.09577592830000001	-0.0423238717	-0.0138148183	-0.0037606672999999998	-0.0010473803	0.0001291461	-0.056182769699999996	0.11898726230000001	0.0043630007	-0.1089569493	-0.1104094949	-0.0255150971	-0.09170720630000001	0.0794858758	0.0113408649	-0.0553392285	-0.0353110458	0.1422872052	0.0611949276	-0.0382696012	0.0704545428	-0.1162156962	0.0845581969	-0.1177265118	-0.08848807480000001	0.0049188497	-0.0956075418	-0.10099831109999999	0.0363619888	-0.0058589773	-0.026312597799999997	-0.0293112204	0.0547442696	-0.1447005424	-0.06053005	0.0718278903	-0.10810680660000001	0.0678009398	-0.0178423342	0.1964257335	0.0823884832	0.1853047347	0.021188490299999998	-0.1760692866	-0.104248281	0.0024022669	-0.028198545499999998	0.059048684299999994	0.0867564419	-0.0187558426	0.0607304875	0.1003702195	0.0236868128	0.019042594	-0.1892277359	-0.05547175309999999	-0.0272065563	0.0412960628	0.0366045208	-0.0751043783	-0.0727328666	-0.18125166690000002	-0.0625811496	0.0651437716	-0.0316203404	0.1457223766	-0.1333844641	0.0879368616	-0.0617903929	-0.015314025	0.057416760899999995	-0.20815888579999997	-0.007744690500000002	-0.071307332	0.010730388200000001	0.059997974	-0.0477103516	-0.0631799252	-0.08155212099999999	-0.0530849798	0.046926620999999995	0.126334249	-0.0040012998	0.0105017723	0.026918409100000002	-0.0329321765	0.1121522123	0.081298799	0.0913536683	0.1038977374	-0.022111986099999998	-0.07850968700000001	0.0967861581	-0.0361369947	-0.0970701233	0.0291937034	0.0023800733	0.0566903654	0.0967790751	-0.0149412729	-0.128232555	-0.0315816852	0.15696736890000001	-0.0416513865	-0.0712966554	-0.0671723377	-0.031305805	-0.1750052975	-0.039708580099999995	0.1455309973	0.07945500650000001	0.1197733222	-0.0306898489	-0.0861890685	0.0814322305	-0.0574305	-0.00271239999999999	7.357113759999945e-06	0.00329826233025	-0.00385974	0.01721646	0.0002964064949316	1.48975928676e-05	0.0552453	-0.018279000000000004	0.00305204317209	0.00033412184100000016	0.0055376	0.0019524800000000004	3.066501376e-05	3.8121781504000014e-06	5.96052e-05	-2.87478e-05	3.55277986704e-09	8.264360048399998e-10	-0.0011233800000000002	-0.00012309000000000018	1.2619826244000003e-06	1.5151148100000043e-08	0.0	0.0	0.0	0.0	0.0	0.0
8535.461454862558	16.367349970372743	72854102.24744445	267.8901450526606	9934.191208781916	-16.190168985667697	262.1215717844762	98688154.97263992	6480.708899901375	3.3044979258856984	10.919706542182881	41999587.84526089	6967.878160665736	11822.449190381802	1.212725	47.5648	0.18393862	0.130107	-0.1953910636	0.06144401190000001	-0.030393813199999998	-0.081184568	0.014261123200000001	0.018130909299999998	-0.056472434400000014	-0.1314502724	0.0811834412	0.023325109500000003	-0.0948062269	-0.0689102014	0.046687378499999994	0.004046104799999999	0.1564041679	0.0246930971	-0.1343425044	-0.0406463966	0.1230378857	-0.010484000600000001	0.0215542037	0.0662318124	0.0726975323	-0.092733446	0.0062397558999999995	0.015289741200000003	0.08545766240000001	-0.0089049849	0.1327783097	0.0096098111	0.1168087482	0.030099450899999998	0.16939496829999998	-0.021559744199999998	-0.1225920699	-0.0026229438000000002	-0.0929790059	-0.0794865938	-0.0129025321	-0.0045354465	0.09963904400000001	-0.1247151439	0.063305874	-0.1660151824	-0.1036534473	0.0418249486	-0.05913336650000001	0.10039581560000001	-0.0465228212	0.1500394679	-0.011679568500000001	-0.1665223006	-0.1279578406	0.11842555130000001	0.1114717653	-0.005860923100000001	0.0127254107	-0.09626512289999999	0.10419187619999999	-0.10595929189999999	-0.08053480910000001	0.0395817713	0.0162785404	0.06568644950000001	-0.11985796630000001	-0.0390831112	-0.1428200844	-0.0625007338	0.0334151677	-0.0305686669	0.067355732	0.1102151408	0.0094960323	0.048735077599999996	0.0192360175	0.0609592301	0.0864889706	0.0706513383	-0.23568045059999998	-0.0361455633	-0.0456488396	-0.1963288775	-0.097574185	-0.0198565676	0.024644141499999998	-0.12234636689999999	-0.0089110346	0.098743844	-0.019833596999999998	0.0272537435	-0.0679601675	-0.0046706117	0.0593296544	-0.01728808	0.1155651122	-0.002159517	-0.0826163254	0.1002477375	0.025607781099999997	-0.049332540700000004	-0.144387621	0.0335082016	-0.0348070065	0.0551477074	0.0641197379	-0.1158573185	0.0008554513	-0.050200683899999994	0.0424863158	0.1302617019	0.0081341081	-0.0926457759	-0.0017826307000000001	-0.000394088	0.0075234413	0.0118874967	-0.0641853865	0.0708845927	0.048867913	-0.17607763	-0.10100931199999999	0.09395165230000001	0.054296896500000004	0.0251058044	0.0294053145	0.11711989619999999	0.1986002986	0.011177984399999999	0.1224947915	0.0053583565000000005	-0.0188397717	0.0576398491	0.0376912502	0.07978372809999999	-0.0031808221000000003	0.0711130287	0.1363176938	0.0726084238	0.1165696325	-0.0994730892	0.11431545300000001	-0.0989776885	0.0475371566	0.023629114	0.1339658488	0.0546289804	0.042873684800000006	-0.133689954	-0.0191984448	-0.1525881239	-0.1092861543	0.0210727621	-0.1008823199	-0.022225308500000002	0.0037754087	-0.048889364299999995	0.0185609948	0.0388666707	-0.1944545902	-0.08391557570000001	-0.0093012975	0.0581171612	-0.0279861408	0.1072704272	-0.012203321999999999	0.17490546399999998	0.1132015574	-0.06283821769999999	-0.0088787413	-0.013089266499999998	-0.0823749229	0.0282555516	0.0345603911	0.0206394044	0.0206201437	0.038409356400000004	0.1169850893	-0.13118089759999998	0.040331397799999995	-0.1214684509	0.1259895816	0.055334861	0.1208048256	-0.0327084446	-0.041762793199999995	-0.0327738147	-0.112726348	-0.1209689717	-0.032386496800000004	-0.0841361006	0.0846586349	-0.0547365	0.002693999999999995	7.257635999999973e-06	0.00299608443225	-0.0504603	-0.04660056	0.0021716121923136	0.0025462418760900003	0.0522916	-0.0029537000000000035	0.0027344114305599995	8.724343690000023e-06	0.00319701	-0.00234059	1.02208729401e-05	5.4783615481000005e-06	-2.5185e-05	-8.479020000000001e-05	6.34284225e-10	7.18937801604e-09	-0.000914953	0.00020842700000000018	8.371389922090001e-07	4.3441814329000084e-08	0.0	0.0	0.0	0.0	0.0	0.0
8535.169749228882	-0.2917056336755195	72849122.64815181	0.08509217671803637	9938.21221187935	4.021003097434004	16.168465909573854	98768061.96834783	6493.2926326465185	12.583732745143607	158.35032980119945	42162849.21318156	6977.670025390089	11521.002353228967	1.12067	43.954273	0.1534323	0.114429	-0.0874049533	0.034304508500000004	0.0419328884	-0.11835715990000001	0.0028909734000000004	-0.0343512748	-0.0764121567	-0.1576789709	0.08947951960000003	-0.0306038817	0.0177831122	-0.0405311258	-0.083982395	-0.0561965325	0.1906379875	-0.0195563499	0.054440685999999995	0.0369295411	0.057785188700000004	-0.0008565575	0.0634171912	0.0185080983	0.0417217061	0.0451609167	0.008372512700000001	-0.08461668039999999	0.038213948399999996	0.0209258965	-0.0487698225	-0.0112796899	0.1155274988	-0.0811797157	-0.0162637872	0.0006944381	-0.0951895765	0.1518225477	0.0258914448	-0.2400858612	-0.0354703242	-0.0378113165	-0.0066211688000000005	0.0166801413	0.0833357555	-0.1144877199	0.0575839972	0.0802283791	-0.0886094516	0.0581034569	0.015707922	0.1410722525	-0.0609505974	-0.2532914046	-0.0640278676	0.0848113723	0.111348146	0.050417094800000006	0.025692555699999998	0.0454960539	0.0190080903	-0.08304467730000001	0.0411152179	0.059800261699999996	0.0296416497	0.0725404331	-0.0625272603	0.1606011102	0.0876496898	-0.09245337890000001	-0.0230552781	0.0164164896	0.046044317300000005	0.1434926177	-0.1588744225	0.0310132669	-0.1706052911	-0.053138203700000004	-0.0009008397999999999	0.021212484	0.032137149500000003	0.0397750069	0.0066034902	0.0617937139	0.09464425679999999	-0.0155895652	0.0838463008	0.0756885982	-0.0599015924	-0.046728484699999996	0.14444236900000001	0.0009849322	0.0865700672	-0.11420313539999999	0.05453819360000002	-0.0293197935	0.0013791123000000001	0.030647083199999998	0.050305175199999996	-0.0031406026	0.08687734609999999	0.1007890849	-0.0292064689	0.0627466623	0.0348509032	-0.0466009771	-0.0337693073	-0.0607901573	-0.0242862889	0.0208306773	0.0706856126	-0.0079194069	-0.10182203349999999	-0.0049396613	0.0008099105	-0.0300775591	-0.10163213800000001	-0.11533633380000001	0.0546880062	0.1081694511	-0.0019966512	-0.040206447400000005	-0.0832769191	-0.013497666200000001	0.039629521099999995	0.0829738641	0.06923098230000001	0.21544578530000005	0.14603937820000001	-0.0420385299	0.0858452796	0.043451318899999994	-0.053424075700000004	0.08557292720000001	-0.061804022699999996	-0.0262937054	0.1132128232	0.0011149384	0.10408530949999999	0.1273969989	0.1794771109	-0.1075376418	0.0307213865	-0.0253836872	0.0474578429	-0.0068338509	-0.0649280131	-0.0532564334	0.0788578133	-0.034727486	-0.0241711379	-0.0892912151	0.10488805279999999	0.0736066121	0.1265223111	0.1134393942	-0.0970746799	-0.080077699	-0.091485909	-0.006658674	0.056125092800000005	0.0228333491	0.1210425781	-0.1800469728	-0.0549140734	-0.0858413958	0.046222882	0.0063456171	0.0225333034	-0.0948968657	0.0913088144	0.0298237087	-0.0143091217	-0.0768132455	-0.020621761399999997	0.0920442232	-0.078845514	-0.1003732384	0.0598263547	0.048461791799999994	0.0110394903	-0.0057658669	-0.054554281600000004	0.0421546936	-0.0554966684	-0.0778793637	-0.038548826	-0.061054787699999995	0.0410440331	-0.0750764588	-0.0340737038	-0.0819850338	0.0876629727	-0.0547062	3.0299999999996996e-05	9.18089999999818e-10	0.0029927683184400003	0.0597685	0.1102288	0.012150388349439998	0.0035722735922499994	0.0477043	-0.004587299999999996	0.00227570023849	2.104332128999996e-05	0.00364344	0.00044642999999999983	1.32746550336e-05	1.9929974489999984e-07	0.000147116	0.00017230099999999998	2.1643117456e-08	2.9687634601e-08	-0.00106794	-0.00015298700000000004	1.1404958436000002e-06	2.340502216900001e-08	0.0	0.0	0.0	0.0	0.0	0.0
8553.730132710229	18.560383481346435	73166299.18323494	344.4878349746376	9949.221081868627	11.008869989276716	121.19521844079756	98987000.13589914	6497.396988133011	4.10435548649275	16.84573395950314	42216167.62139992	6981.686556419309	11336.894260078428	0.997349	39.117458	0.04035065	0.0195605	-0.0101097197	0.0529585851	0.0755769423	-0.1274738782	-0.0013235233	-0.026431556499999998	0.015626673799999997	-0.1574857607	0.0154833057	0.033754667200000005	-0.011727264099999999	0.028369734700000006	-0.1411180388	-0.0563668683	0.048863846600000004	-0.0935854419	-0.0460271166	-0.08637498490000001	-0.0301216565	0.0716823111	0.0682580897	-0.0435445684	-0.0239515502	0.0892654995	0.0396555638	-0.0338140998	0.0101146368	0.0775625653	-0.0130746804	-0.1355350343	-0.0959443407	-0.0309068581	0.0376270553	0.13345049650000002	-0.049373802800000005	-0.0153771084	-0.0885565993	-0.0427114172	-0.12033984539999999	0.0520638536	0.0035070984000000003	-0.0515179291	0.048380333	-0.0304508593	0.0847496665	0.0387658598	-0.07414883809999999	0.009774758100000001	0.0915639243	0.1623621073	0.0438130612	-0.1645328102	-0.065697982	0.046094057599999995	0.08542142650000001	-0.0692777161	-0.0194911317	-0.0195346889	-0.0817170109	0.1030550922	-0.0022261992	0.0135959131	-0.1179406683	0.10597355859999999	-0.0537575171	0.046871523	0.1023930528	-0.0071063887	-0.1554096486	0.023910926000000002	-0.0732479832	0.058550349	-0.1081661658	0.0544731324	0.2818910371	-0.12101867050000001	-0.1746886143	-0.065995163	0.0668018745	0.0102760673	0.0616579708	0.10588183890000001	-0.1473157603	-0.11741959119999999	0.0026262756	-0.0785837437	0.1033916148	-0.0032582936	-0.08991933099999999	0.0219157443	-0.023930458199999997	0.0095262723	-0.06006323650000001	-0.08165765280000001	0.16919809239999994	0.0516053366	-0.059215739	-0.04262501690000002	0.09105933570000001	-0.0009016036	0.0811147793	-0.0218964288	0.0530363158	-0.1191065407	-0.08333209280000001	0.0916512959	0.07241946190000001	0.0365790032	-0.10845467	0.0188959679	0.0723989432	0.15720070279999998	-0.078858471	0.0235730227	-0.0641971474	0.0193277629	-0.0011323938	0.08537538199999999	0.016034056799999998	0.0215808363	-0.08165655940000001	0.0059187076	0.05859780000000001	-0.05570268230000002	0.13316017970000002	0.1603436992	0.0673194911	0.0088173316	0.1057566307	0.0424212529	0.0259721804	0.0671029392	-0.16667386210000001	-0.0674981344	0.0053223208	0.09284685359999999	-0.0050355696	0.0965756752	-0.0089389699	-0.0301192131	-0.0452591089	0.10036938289999996	0.016876181100000002	-0.09620792869999999	0.11674171369999999	0.09633991970000001	-0.1564275065	-0.1075364518	-0.15715463359999998	0.043006347699999996	0.0572102899	-0.0751913562	-0.0424800212	0.2220044175	-0.0005683258999999999	-0.005329714	-0.0161235149	0.0132037015	0.1631664566	0.0131618987	-0.0315198876	0.0201948687	-0.0336174572	-0.077621448	-0.1778873239	-0.034443991800000004	0.006848128100000001	0.1252378801	-0.027414699700000003	-0.0489752427	-0.0538699738	-0.0332489004	-0.1611092625	-0.12458103390000001	-0.0281681287	0.122381086	-0.07381854639999999	0.0009995950999999999	-0.0158826764	0.0528963017	0.130586382	-0.23412233559999998	-0.013702217	-0.0150697179	0.0443731877	0.027758051800000003	0.1113525649	0.038462437	-0.0357509779	-0.079738376	0.0904373636	-0.0455259	0.009180300000000002	8.427790809000004e-05	0.0020726075708099997	0.07433149999999998	0.014562999999999987	0.0002120809689999996	0.005525171892249998	0.0517486	0.004044300000000001	0.00267791760196	1.6356362490000006e-05	0.00371295	6.951000000000006e-05	1.37859977025e-05	4.831640100000008e-09	0.000186217	3.910099999999999e-05	3.4676771089e-08	1.5288882009999992e-09	-0.00092529	0.00014265000000000005	8.561615841000002e-07	2.0349022500000008e-08	0.0	0.0	0.0	0.0	0.0	0.0
8551.631774900057	-2.0983578101713647	73130406.01348029	4.403105499507165	9948.280502791496	-0.9405790771306785	0.8846890003359985	98968284.96222144	6498.36570976067	0.9687216276588516	0.9384215918940144	42228756.8977933	6987.433709484426	11390.052034288236	0.9462410000000002	37.112919	0.0381948	0.022332	0.0216762294	0.0950809372	0.0573343162	-0.0340609613	-0.011845889299999999	-0.0006831228	0.0640610268	-0.1364243326	-0.0340758255	0.0818499645	0.020281536200000002	-0.0352337195	-0.1001813261	0.0292386767	0.050018609299999996	-0.1195407702	-0.009714436199999999	-0.0123023948	0.1006336019	0.0437953987	-0.1707308129	0.0565268029	0.10230235359999999	0.0363608878	0.0150655593	0.0279788919	0.0658684907	-0.0739106333	0.022679944599999998	0.0215862089	-0.08550757269999999	-0.11718054	0.0043866426	0.0137281918	0.0286307989	-0.0698392594	-0.1421679673	-0.1278350413	0.13516253949999998	-0.0364455022	-0.025970746	-0.0038460112	-0.0194725617	0.0114721149	0.0623262471	0.04432559690000002	-0.060926822400000004	-0.0043704558	0.1129968466	0.1488433477	-0.0074849313	-0.07507380940000001	0.0299404101	-0.0187648072	0.0390397178	0.042677501799999996	0.0334789549	0.07317988	0.0644848474	0.0064131528	0.0102881597	0.0050830989	0.11651367369999999	0.0562022862	-0.0656605807	0.11869243300000001	-0.07661062540000001	0.054498985599999994	-0.060218688099999994	0.1392546039	-0.0042738158000000005	-0.2152235631	0.0943543204	-0.031001924	0.0532199751	-0.06724786769999999	0.0328918103	0.1116927458	0.0153615685	0.1306035663	-0.06994695620000001	0.0499824409	-0.11724244789999999	-0.1608448005	-0.1052575744	0.0742185612	0.0124891299	0.0084934977	0.051331632599999996	0.21257164480000001	0.007144156800000002	-0.1149435984	0.08543287640000001	0.0919662723	-0.046458018600000005	-0.021855159	0.048017608600000004	0.0124526978	0.0052437987	0.0092125583	0.0040346240000000005	-0.053922413200000005	-0.1418625711	-0.0297082514	-0.0636462879	0.0704890239	-0.085756562	-0.0897571439	-0.0427976384	0.0321784917	0.0606077655	-0.15845774769999998	-0.023711180499999998	0.0282184519	0.1239832828	0.0767744259	-0.0545723162	0.0209501443	-0.0073209033	0.0299911727	-0.0522285074	-0.0189620061	0.0371582938	-0.10457503550000001	0.055253848200000004	0.1954179289	0.0197060407	-0.037439886299999996	0.0168433728	0.0603722356	-0.0329478386	0.0164139651	-0.0124228905	0.0728008059	0.1436572892	-0.085554893	0.0008566504	0.049718798200000004	-0.0749003402	-0.11507890300000001	0.024532602999999997	0.055683054800000006	-0.085010818	0.0449583051	0.1089639553	0.0147771372	0.0251397122	0.13253290210000002	-0.10376974970000001	0.1390501338	0.0689895794	-0.06187938480000001	0.0343673159	-0.1632622376	0.0607119047	0.0470400347	0.10464294619999999	-0.0110480034	0.1154247874	0.10477684050000001	0.011691857	0.0238898537	-0.05663150240000001	-0.0047847375	0.0361965521	0.08886153699999999	0.24735656309999998	-0.1184806843	-0.0169335757	0.0362498254	0.0073525002000000015	0.0207492697	0.0513223772	-0.029081135299999998	0.06420780179999999	-0.0672978409	-0.1297507684	-0.0661022226	0.0465132865	-0.0188809661	-0.014105564199999997	0.0091605727	0.022833107400000004	0.1554018922	-0.0837878948	0.132874302	-0.1413981415	-0.0382145393	-0.0374178302	-0.07739874690000001	0.0929745299	-0.041371	0.004154900000000003	1.7263194010000025e-05	0.0017115596410000001	0.053679	-0.020652499999999983	0.0004265257562499994	0.002881435041	0.0465709	-0.0051777	0.00216884872681	2.6808577290000005e-05	0.00382676	0.00011380999999999978	1.46440920976e-05	1.2952716099999951e-08	0.000170805	-1.5411999999999994e-05	2.9174348025e-08	2.375297439999998e-10	-0.0008903179999999998	3.49720000000003e-05	7.926661411239995e-07	1.2230407840000212e-09	0.0	0.0	0.0	0.0	0.0	0.0
8536.742628776281	-14.8891461237763	72875974.70996617	221.68667229516282	9951.220496443942	2.939993652445992	8.643562676422722	99026789.36884604	6493.584662376099	-4.7810473845711385	22.858414093514533	42166641.76744612	6983.357126159568	11360.619651422128	0.930538	36.497025	0.03295999999999999	0.0187005	0.029776137299999998	0.09868004960000001	0.029697601400000002	-0.0132051915	0.0025150233	0.0003619965	0.053035251799999995	0.0087348925	-0.0587496673	0.06610297379999999	0.034144663799999996	-0.0815186487	-0.0574632553	-0.0610567352	0.1353619791	-0.0089191342	0.0041920888	0.0164295661	-0.0262043879	-0.0498809746	0.0088645636	-0.0939613002	-0.08865993949999999	0.0515770514	-0.008936354300000001	-0.10037765679999999	0.0070841555000000014	-0.0424157924	0.0409026206	0.1095880498	-0.052778056799999994	0.0658655607	-0.1542372129	0.0255565354	0.029718138300000002	0.048783689400000003	-0.07235590530000001	-0.0771478099	0.0123857878	-0.0112081937	-0.0511013512	-0.1091570225	-0.07890199769999999	-0.0024573421	0.049654945	0.0259766377	-0.0519989892	0.0102831924	0.0683097366	0.059446229800000014	0.0259586346	-0.0906024412	0.10827821259999999	0.0679960383	-0.0155993922	0.0799788312	0.0570085283	0.034572548700000004	0.050107969100000004	0.0688976886	-0.0241488264	0.0297585123	0.1262340273	0.0181351877	-0.0024755888	0.0605053458	0.0931150399	-0.077599554	-0.0043311152	0.05007712190000002	-0.0714897807	-0.0514621796	0.0049839106	0.003528437700000001	0.0557163817	-0.0652503626	-0.0386531225	-0.0394919418	0.11714781630000001	0.031284407	0.058793144400000004	0.036193386200000004	-0.0715209925	-0.0042799608000000005	0.0552688833	0.10207012380000001	0.07111249089999999	-0.06335498490000001	0.0604601962	0.0752597116	-0.0441866683	-0.005460910699999999	0.1494607884	-0.0363395123	0.012996898400000002	-0.0051517917	0.0351794842	0.1120590717	-0.0572761563	-0.11660177869999999	0.0158477579	-0.0080396665	0.0316076752	-0.0426415276	0.057252668	0.0565070018	-0.1016773142	-0.07164106370000001	-0.026286273399999997	-0.046541581500000005	0.0917619744	-0.0511404251	0.0855438385	-0.054456347999999995	0.06485059230000001	0.0501723124	-0.102911481	0.010772359799999999	0.0045396374	0.019843612099999998	-0.006004952900000001	-0.026038697200000002	0.0098416204	-0.0301133717	-0.0401669969	0.16886223350000001	-0.0176299253	0.0453838454	0.0335309528	0.0075141357	-0.1191025082	0.038760611699999996	0.0372482126	0.0009594799	0.078149292	-0.0025088717	-0.0859389777	0.0632019666	-0.0758920759	-0.1567114862	0.0060445753000000005	0.10336663869999999	0.0149592904	-0.0369646469	0.010232088299999999	-0.0307795921	-0.0405150883	-0.0099880817	-0.0043629407	0.0835342677	0.1128734982	0.0173996101	-0.0317852142	0.0217132147	0.053163290999999994	-0.0047952772	-0.054878317	-0.074191026	0.1318914126	0.1282958378	-0.047203691799999996	-0.0248427399	-0.008801975600000001	0.0034922272999999998	-0.0790369109	0.0085082814	0.0532648682	0.063143101	0.0020422758	0.0303995396	0.0363553892	0.0399800372	0.0608202248	-0.07218687530000001	-0.06881396	-0.0998045572	-0.08519925519999999	0.068123676	-0.1055642625	-0.0417868852	0.0045287903	0.08266608889999999	0.052780484	0.042342001799999994	0.0204893458	-0.058282333600000014	-0.0112529479	0.1193117283	-0.039073774900000004	-0.0749688743	0.0952678165	-0.0378324	0.003538599999999996	1.252168995999997e-05	0.00143129048976	0.0367829	-0.016896099999999997	0.00028547819520999984	0.00135298173241	0.0417415	-0.004829399999999998	0.00174235282225	2.3323104359999975e-05	0.00376432	-6.243999999999998e-05	1.41701050624e-05	3.8987535999999974e-09	0.00012963799999999998	-4.116700000000002e-05	1.6806011043999995e-08	1.694721889000002e-09	-0.0008400069999999999	5.0310999999999824e-05	7.056117600489999e-07	2.5311967209999828e-09	0.0	0.0	0.0	0.0	0.0	0.0
8519.73650168273	-17.006127093551186	72585910.05810508	289.2083587220157	9954.780531579729	3.560035135786165	12.673850168032024	99097655.43191878	6483.2275992641125	-10.357063111986463	107.26875630567072	42032240.10385991	6973.090364693305	11197.427460498791	0.901121	35.343266	0.04455424	0.020153	0.045649303499999995	0.0832195051	0.0105195697	-0.0325416693	0.010288935	-0.014119583400000003	-0.0072828711	0.047687075499999995	-0.0884414881	0.0859799866	0.0707294505	0.061324112699999996	-0.0371188551	0.010523132099999999	0.11581442060000001	-0.0265185104	0.0244869148	-0.10442005480000001	0.1037181433	0.0502307579	0.0012426578	-0.0199836871	-0.0087999767	0.0518274614	0.032387250299999996	-0.0778557427	0.12223193210000001	0.06693928019999999	-0.1354021248	-0.0620811074	-0.0679099062	0.037467960099999996	-0.08832103050000001	-0.0015669025	0.0326394162	-0.0304179929	-0.0928246159	-0.0197495515	-0.11636042640000001	-0.1345341058	-0.0365180939	0.082338408	0.1043795593	0.0249444513	0.0271780773	0.0061895324	-0.0483706974	-0.005658070699999999	0.0809567516	0.0157351353	0.027883272799999997	-0.0920964428	0.11436032619999999	0.0040499253	-0.0802934458	-0.0194058349	-0.0366517917	0.13306705230000002	0.0501546925	0.059694374400000014	-0.0664572362	0.1388872318	0.0732830889	0.0449282416	0.0176192017	0.021801896299999998	0.0101250132	0.0844878748	-0.027118521099999997	0.026412325499999997	-0.053933125400000004	-0.0899304055	-0.0607380812	0.0663189364	0.0806210824	-0.0822402883	0.0486226418	0.0223074367	0.034012805800000004	-0.17395266809999999	-0.0246731231	0.0635296705	0.0317089423	-0.0066583381	0.0587751538	-0.0062553494	-0.0874765985	0.17010768780000002	0.0528796812	-0.0009998763000000001	-0.0002854859	-0.0180236451	0.0827082041	0.0287470004	0.0605408319	0.068088964	-0.0256838694	-0.1335881485	-0.0717510942	-0.0467769207	-0.0138543678	0.057044604400000004	0.0218126692	-0.0097298508	-0.0317775544	0.0735051062	-0.1212452087	-0.050131788899999995	0.08975045720000001	-0.08150428	0.0577872005	0.0494984963	-0.1007869326	0.017071584299999998	0.07224832	-0.0205964942	0.060442598	0.0018650313	0.045259742699999994	0.0441320131	0.006996746999999999	-0.0238664141	0.028681892200000007	-0.0036792172	-0.0680184189	0.1607892951	-0.0578417734	0.0761587911	-0.0269469884	-0.039578128399999996	0.028120499	0.0186124792	-0.0180652816	-0.09722930869999999	0.1179540931	0.022762418399999998	-0.0061305854	0.07740128360000001	-0.1593533355	-0.1065463862	-0.11169523710000001	0.0743173139	-0.0304594616	-0.0351331237	0.1265254074	-0.0785156691	-0.077071711	-0.00013158510000000002	-0.016104581899999998	-0.0101499918	0.0739418736	0.053208911100000006	-0.013459506699999998	-0.11086468039999996	0.0838002971	-0.09020863970000001	0.0043323163	0.0416098912	-0.0760154171	-0.029823788700000006	0.0393519583	0.035778865699999995	-0.007213590600000002	-0.0447628798	0.034144383	-0.0504427764	-0.06644401009999999	-0.0964324948	-0.0666362053	0.011144734	-0.0323598259	0.0302931277	0.0509219853	-0.09456733980000001	-0.0003372408	-0.0075227492000000005	0.036578265299999996	0.0884163633	0.0350188785	0.0772379822	0.0217384542	0.0410334096	-0.0616308474	-0.1030034831	-0.0095183778	-0.0521055685	0.0051316384	0.0365986573	-0.0407183291	-0.0724515914	0.09731120800000001	-0.0309877	0.006844700000000002	4.684991809000003e-05	0.0009602375512899999	0.032229	-0.0045539	2.073800521e-05	0.001038708441	0.0295608	-0.012180700000000001	0.0008738408966400001	0.00014836945248999998	0.00382676	6.243999999999998e-05	1.46440920976e-05	3.8987535999999974e-09	-1.73988e-05	-0.00014703679999999994	3.0271824144e-10	2.161982055423999e-08	-0.000629985	0.00021002199999999992	3.96881100225e-07	4.4109240483999965e-08	0.0	0.0	0.0	0.0	0.0	0.0
8533.392442932272	13.655941249542591	72818786.58509362	186.48473141095886	9964.65485060157	9.874319021841076	97.50217614509249	99294346.29161741	6487.029344047395	3.8017447832826288	14.453263397216684	42081549.71053198	6976.7366359374155	11416.274207880244	1.046217	41.034119	0.1104011205	0.07910439999999999	-0.014594388500000001	0.110166198	-0.053527705	-0.0082111354	-0.0016794073	0.0208463496	-0.0060516447999999995	0.0412157861	-0.1265022467	0.10967224630000001	-0.047208433	0.056341633499999995	0.05791989400000001	0.0994497734	0.0521670038	0.0430178158	-0.0794387307	0.0062194237	0.1057390467	0.0548950107	0.08139074339999999	-0.0053633723	-0.11134547789999999	0.0403155088	-0.0724369608	-0.08577845630000001	0.1118243987	0.031392796	0.0207662991	-0.0445956872	-0.025508711200000003	0.062795528	-0.0323886768	0.0143226011	0.0379345704	0.013416207099999999	-0.14151560119999998	0.0353053581	0.1199193737	-0.0651701883	-0.10476238689999999	-0.092940755	0.0525503117	-0.01034849	-0.0966356719	-0.0178664448	-0.0694445632	0.1011407841	-0.0035984809	0.08456266539999999	0.0013973416	-0.0232225643	0.09866944779999999	0.0747337412	-0.1324481545	-0.131051915	-0.0283583915	0.1098834227	0.08594532460000001	0.2496903424	0.1231849022	-0.027446103399999998	-0.092388927	0.0620547491	0.0356454993	-0.0384689027	-0.0036811104999999998	-0.0896532871	0.0036085883000000003	0.0127303592	0.0029891505	0.0080783725	0.1296178149	-0.0903487554	0.040609979	0.0802191243	0.0090692435	0.019610106000000002	0.11135240539999999	0.030362096	0.1318291792	0.0651782082	0.0670774569	0.0658937337	-0.1549007397	0.05041093309999999	-0.18670919870000002	0.19611018	0.0541863645	0.0547642495	-0.0288612177	-0.0166266554	-0.0801934513	0.0100802564	-0.0640587762	-0.055558205599999994	0.0759533379	-0.058977216	0.104012436	0.1106906276	0.0173656938	-0.0699287438	-0.040105036499999996	0.018091668999999998	0.08680132630000001	-0.0670053844	-0.011986456000000001	-0.1443411195	0.14580654380000002	0.06937887549999999	-0.0212263912	0.0736152658	0.0853702308	0.0069064205000000005	-0.0771049205	0.0630192073	-0.0057527383999999996	-0.0289410633	0.0794103234	-0.0359364016	-0.0278089564	0.10337397279999999	0.0458874693	-0.0419472519	-0.14892135310000001	0.0851749941	0.0056611711	0.0504820872	0.0262812334	-0.10866110849999999	0.0900903399	-0.0034675926	-0.0546616216	-0.1649218411	0.1601934994	-0.0758120736	-0.1445562991	0.1556096917	-0.1404828701	0.0937789008	0.0675966712	-0.1013317838	0.0271514037	-0.0143841523	-0.0020831458	0.0136588473	0.036096546800000004	-0.0166726482	0.0189940353	0.0596639704	0.0959774275	-0.08714053029999999	-0.06106613480000001	-0.1751076373	-0.038165582	-0.0213912265	0.10934342130000001	0.10934731589999999	0.0425769037	-0.1069665812	0.0417389216	0.1002403798	-0.09416959220000001	0.0513293217	-0.011692614399999999	-0.0765488927	-0.1930566909	-0.0146088495	0.1162015478	0.0614311613	0.039659881699999996	-0.028707200899999997	0.0041619479	0.0662138625	0.025064546099999998	-0.0903254698	-0.0701331423	-0.07498256219999999	0.08998271220000001	-0.0398042463	-0.17764843649999998	-0.045748805	0.1038057306	-0.0128139613	0.053121829100000004	0.1234069699	0.1048803675	-0.1607766571	-0.0423510136	-0.0698498331	0.0990993443	-0.0311128	-0.00012509999999999952	1.5650009999999882e-08	0.00096800632384	-0.0431672	-0.0753962	0.005684586974439999	0.00186340715584	0.0158267	-0.013734100000000004	0.00025048443289	0.00018862550281000006	0.00351917	-0.00030758999999999995	1.23845574889e-05	9.461160809999996e-08	9.64361e-06	2.704241e-05	9.299921383210002e-11	7.312919386081001e-10	-0.000541703	8.828199999999998e-05	2.93442140209e-07	7.793711523999995e-09	0.0	0.0	0.0	0.0	0.0	0.0
8537.281772601196	3.889329668923892	72885180.06478862	15.126885273571634	9962.824773449871	-1.8300771516987882	3.3491823811699484	99257877.46646649	6482.717499730466	-4.311844316928728	18.592001413430566	42025626.18131163	6973.6996275934935	11351.245283441536	1.235716	48.46656	0.17729206949999998	0.118641	0.027373646800000002	0.116659086	-0.11117014230000001	-0.031315027999999995	0.0019711579999999998	0.0339924982	-0.0314912924	0.1182792015	-0.052739629100000004	0.0750129258	-0.1260505218	0.1234214979	0.0534537809	0.1302932719	0.151410785	0.0715589379	-0.0299830075	0.1342765518	0.019176323500000002	-0.081955066	-0.0609578478	-0.033477729500000004	-0.24293118660000002	-0.056819506799999996	-0.030871967	-0.08322877349999999	0.0758872728	0.12331010810000001	-0.0670968371	-0.0147360927	-0.0495593716	-0.18976322760000008	0.0558776516	0.0611777446	-0.12214049199999999	-0.0072170863	-0.0373952173	-0.0758889129	-0.1324474964	-0.0176517911	-0.10072941869999999	0.1175102081	-0.14060466630000001	0.026434832999999998	-0.0651655586	-0.115569108	-0.0230438553	0.19965143829999998	-0.1217638258	0.0706410542	0.023152275299999997	0.0950382267	0.120550368	0.044340322599999996	-0.030156473599999997	0.0408948296	-0.0906926366	0.031919136699999996	-0.009827456600000001	0.1335313846	-0.0296855666	-0.22016834989999998	-0.0605185147	-0.0003140229	-0.1782743132	-0.0329953407	-0.0137209787	-0.0232638996	-0.1181282627	-0.0323674661	-0.021445490600000002	-0.0570381155	0.055545410999999996	0.0412658209	-0.052989805300000005	-0.0225382467	0.034648617400000005	-0.06460344280000001	0.0352418538	0.0024184988	0.0053567789	-0.011153069	0.0389582885	-0.07996615480000001	0.005793348	-0.0606411188	0.10147787859999999	-0.0456378729	0.0291137547	-0.0351411605	0.019248373	-0.1070405888	0.0393128395	0.0955564873	-0.0413354288	-0.1173386482	-0.1268360801	-0.0802050494	-0.0013700607999999998	0.022083591800000003	0.0277934596	-0.0735991052	-0.06878363009999999	-0.11731256890000001	0.10341402050000001	-0.1238842962	0.0878193988	-0.005213334	-0.1650373024	-0.023525815699999997	0.0252987958	0.0693166779	0.1370328255	-0.0366952355	0.0690161747	-0.040227393199999996	-0.14260214470000002	-0.014722621299999999	0.08855818970000001	0.0165599291	0.0402510201	0.209006807	-0.024706555	-0.0271418343	-0.1511777147	-0.0228780396	-0.0177595218	-0.0767555078	-0.0491403272	-0.1456337042	-0.0147484305	-0.013705074199999999	-0.0078579097	-0.020527230900000002	0.1398024127	0.2019393764	-0.12929369529999998	-0.0093503258	0.17236178230000002	0.0913554219	0.1118901069	0.0354698319	-0.0430191287	0.0022755839	0.0273942954	0.12102210949999999	-0.0050344627	0.0507652124	0.09948034230000001	0.1041830381	-0.0116511491	-0.0047078272	0.0234249525	0.0688272674	0.0365245962	-0.013663908700000001	0.13598242289999998	-0.047653385	-0.0356560567	0.1375253282	0.07352361660000001	0.055422088200000004	-0.06995489	-0.0669696164	0.0207626273	0.0725974329	-0.0038148973	0.106947451	0.14667178320000002	-0.1822886605	-0.048409206600000004	0.0348536615	-0.0877970522	-0.0568586726	-0.0686858068	-0.1395663684	0.0605645384	0.1305281987	0.0708168476	0.10562651519999999	0.04690498110000002	-0.0077919937	-0.0483256692	0.08062015980000001	-0.0969043923	0.0349693614	-0.0016183064999999999	0.0346350681	-0.0439713523	-0.0671666331	0.100627535	-0.0328215	-0.001708699999999997	2.91965568999999e-06	0.0010772508622499998	-0.0215479	0.021619299999999998	0.0004673941324899998	0.0004643119944100001	0.124832	0.10900530000000001	0.015583028224	0.01188215542809	0.00272197	-0.0007971999999999996	7.409120680900002e-06	6.355278399999993e-07	7.0986e-05	6.134239000000001e-05	5.0390121960000005e-09	3.7628888109120984e-09	-0.000582336	-4.063299999999999e-05	3.39115216896e-07	1.6510406889999993e-09	0.0	0.0	0.0	0.0	0.0	0.0
8555.348089047433	18.066316446236673	73193980.92476757	326.39178993556163	9958.965058880185	-3.8597145696858206	14.897396559445	99180985.0439964	6506.214170245377	23.496670514910875	552.0935252862821	42330822.82910174	6985.4224209388685	11326.21600837433	1.208204	47.387482	0.08904605000000003	0.0405504	0.0578417134	0.12266429029999999	-0.1267875477	-0.0522580368	-0.012945539099999999	-0.0204837477	-0.011385025200000001	0.10563300910000001	-0.013573745900000002	0.0112897971	-0.0498938542	0.1069810653	-0.0168376667	0.0763808401	-0.0019705991	-0.0339923061	-0.2249756258	0.029798788700000002	0.0276335026	-0.33804183130000004	-0.1251435588	0.057335235899999996	-0.0275967631	-0.18199489789999998	-0.1600583869	-0.012601978500000001	-0.10009366509999999	-0.0977932343	0.043185760499999996	0.0895577981	-0.2460342025	-0.128659535	0.0430480189	-0.1061767406	0.0797492275	0.0171856196	-0.14329547410000001	0.043574019400000004	0.0229303981	-0.0075947762	0.0442343863	-0.0957256365	-0.107959779	0.08009732259999999	-0.0173424821	-0.07830736860000001	-0.030089482999999997	0.17836412920000005	-0.21447150760000008	0.17355677460000002	-0.0821132112	0.0926059259	0.1361753541	0.1056118769	0.0196644214	0.0605653647	0.030852872000000007	-0.1393615777	0.0569016246	-0.0047525247	-0.0075421515	-0.11896784949999999	0.1196074603	-0.0443001375	0.0295704364	-0.0438369999	-0.0188517603	-0.0235315948	0.0339029503	0.0598775457	0.0831317926	0.052282561500000005	-0.008568918	-0.0402319551	0.12610099619999998	0.0377399977	-0.0750927613	0.07803856599999999	-0.027748497900000002	-0.0624718958	0.0562361592	0.0310659828	0.12478463449999999	0.08600033550000001	0.0276086285	-0.0028194495	0.0348881301	-0.0358493365	-0.0723157114	-0.0802389723	0.0868722232	0.1323291177	0.0436807205	0.192977459	0.0030587907000000003	0.043126066500000004	0.0158513227	0.11964298849999999	0.08400564960000001	0.05640893650000001	-0.0627942928	0.2395412206	0.0145166229	0.0384337749	-0.1210795058	0.028125201800000003	0.032208132	-0.0483586396	0.0443090512	0.0195286284	-0.0310001277	0.1163428845	0.103778182	0.1203097201	-0.0185536819	-0.1064974702	0.038154005899999996	-0.0100256166	0.0978676784	0.0702760904	0.0350059922	0.1933908739	-0.0024291661	-0.069354538	-0.20903996730000002	0.0011853561	0.100845454	-0.1863246216	0.0348318233	-0.07805309860000001	-0.050348928700000004	-0.0280659321	0.0793174519	0.1545360799	-0.057888017	0.017893543600000002	-0.1273454541	-0.0016022775	0.0022776043	-0.1063500856	-0.067545907	0.0696182684	0.0442368304	0.0631186114	-0.0217652936	0.0521640416	0.1531837766	-0.0528072319	-0.0995405223	-0.1436530893	-0.0772211886	-0.025401012200000003	0.0681319168	-0.0781740727	0.030583159300000006	-0.1636970896	-0.009124698	-0.0195182748	0.0795030816	-0.1283877141	0.11049488029999999	0.130069587	0.0333486255	0.1473815182	-0.042316745	-0.1004275206	0.0405058534	0.1997177049	-0.0114068211	0.1966142941	0.1047097935	0.050400447	-0.0746252739	0.2222194871	-0.051133293600000004	0.020488721	0.09667426529999999	-0.0533189017	0.015843864699999998	0.10372281189999999	0.0580739431	0.08720348970000001	-0.00173839	0.08386588269999999	0.016491035600000002	-0.13477003070000002	0.062450175499999996	-0.0176128903	-0.0455788729	-0.06440511980000001	0.1018917716	-0.022222400000000003	0.010599099999999992	0.00011234092080999985	0.0004938350617600002	-0.0013804	0.0201675	0.00040672805625000007	1.90550416e-06	0.101905	-0.022927000000000003	0.010384629025	0.0005256473290000002	0.00224406	-0.00047791000000000017	5.0358052836e-06	2.2839796810000023e-07	0.000125805	5.4818999999999985e-05	1.5826898025e-08	3.005122760999999e-09	-0.000408016	0.00017432000000000005	1.66477056256e-07	3.038746240000002e-08	0.0	0.0	0.0	0.0	0.0	0.0
8600.967346668094	45.619257620661294	73976639.2984508	2081.1166658602638	9951.775688376689	-7.1893705034963205	51.68704823654294	99037839.35176532	6520.540291726038	14.326121480660731	205.2377566786488	42517445.69602268	6995.5886799041455	11424.028479518145	1.329184	52.132504	0.2726075000000001	0.14141099999999998	0.10104110960000001	0.16625933699999998	0.0226987434	-0.1239159148	-0.0015940346	-0.089313282	0.0223953501	0.050463191100000006	-0.17993111739999998	0.034460599700000004	0.0674069954	-0.0696758623	-0.062418053700000004	-0.0183515331	-0.0834326865	-0.0885819516	-0.170833161	0.0273753849	0.0663681513	-0.12697593880000002	0.075284877	-0.1151048024	-0.048823367199999995	0.1938556566	-0.0497484144	-0.1720531687	-0.0259157448	-0.0541340472	-0.0885852717	0.0411730204	0.08363308629999999	-0.0181757372	-0.11422762119999999	-0.1151413893	0.1592681958	0.0780536517	-0.011168720600000001	-0.0238645428	-0.0791018887	-0.0497202452	-0.0105297139	0.0823779758	-0.0958206696	0.128437023	0.1335432483	0.0647493168	0.012371502	0.0653093308	-0.12469471609999999	0.13160652960000002	-0.008067974399999999	-0.0163605992	0.08538585509999999	0.0210997634	-0.0236291696	0.20361626030000002	-0.011248577	-0.0246609206	0.0765972791	0.0613165201	0.010528804899999999	-0.1001644729	-0.0156529199	0.035671508399999996	-0.0632143463	-0.0686026485	-0.0008971657	0.012685504399999999	0.0505810118	0.1625313792	-0.031145846600000002	-0.2111418069	0.0606249857	-0.0312677246	0.0044066617	-0.0192674733	0.1092993639	-0.055128494800000004	-0.0416995541	0.0368592631	0.0810720947	-0.045156275	-0.0950348717	0.11498997710000004	-0.0355180279	-0.0350546589	0.0800369942	-0.0291816966	0.09852336240000001	0.040598360800000004	0.1145253079	0.0332702018	-0.1020787344	-0.0068312934	0.07551463480000001	0.0480008751	-0.10086020220000001	-0.052057358899999996	-0.0041499765	0.10258432869999999	0.0961803997	0.0775810995	-0.0015909471	0.0618145145	0.0210811258	0.004490244	-0.0408870296	-0.12182375029999999	-0.036707512799999995	0.0191898512	0.0111258839	0.0805525284	-0.154287834	0.0891391633	-0.026300216	-0.044408655400000004	0.1480138923	0.0313910704	0.0596476793	0.1939881148	-0.0001720591	-0.0009491650999999999	-0.05728189860000001	-0.0873013245	-0.14222555679999999	0.0570030274	0.1287317736	-0.0790874843	-0.010918623300000001	0.0285231065	-0.13713705029999998	-0.0831342583	-0.0125253185	0.0032202859999999997	-0.0040513311	0.008677743299999999	-0.1304475457	0.0031244658	-0.0945193606	-0.0463445649	0.1053038951	0.0391342528	0.0593823423	0.005994499499999999	-0.0433217514	0.10045776710000001	0.0280753076	0.0753880567	-0.056264810199999994	0.12154769259999999	-0.0600490528	0.09225496289999999	0.1229673068	-0.060075148200000004	-0.036392167	0.0043971871999999995	0.192232536	0.0496539605	0.1306173302	-0.0045057963	-0.0690701385	0.0168871503	-0.0238344586	0.0345839714	0.0750062232	0.0893220789	0.0337078861	0.0288870295	-0.1315413506	0.0172288325	-0.030893086099999998	-0.0942283188	0.0207634796	-0.0041378599	0.006012705300000001	0.0668001437	0.023117727299999998	-0.09624556460000001	0.0304908907	0.153005287	0.0692798008	0.1028236007	-0.1173592451	-0.0507951125	0.0269306106	-0.036094015699999996	0.034537637	0.09579629960000001	-0.047173106799999996	-0.061568513	0.10288873779999999	-0.0111491	0.011073300000000005	0.00012261797289000006	0.00012430243081	0.102054	0.10343440000000001	0.01069867510336	0.010415018915999998	0.0456859	-0.0562191	0.0020872014588100003	0.0031605872048099995	0.00357593	0.0013318700000000002	1.2787275364900003e-05	1.7738776969000003e-06	-0.000284271	-0.000410076	8.0810001441e-08	1.68162325776e-07	-0.000112348	0.000295668	1.2622073103999998e-08	8.7419566224e-08	0.0	0.0	0.0	0.0	0.0	0.0
8601.198330092711	0.23098342461707946	73980612.71358965	0.05335334244783402	9950.913695104588	-0.8619932721012447	0.7430324011478104	99020683.36742003	6525.226570736737	4.686279010698854	21.961210966116628	42578581.79944871	7001.938828561908	11541.11947931814	1.023819	40.155651	0.10631019999999997	0.0615055	0.1060760164	0.2098588297	0.057430452800000004	-0.0805955321	0.010608804599999999	-0.05714488030000001	-0.0767707629	0.0320755266	-0.1766222537	0.1034139424	0.08869475460000001	-0.052403008099999995	-0.0521166812	-0.0303192521	-0.0865306345	-0.0937706083	-0.0019241932000000001	-0.042582359400000006	0.0942614661	-0.0130004604	0.1042764798	0.0736927082	-0.011648101599999999	0.07871805230000001	0.0578631271	0.0491425683	0.0354643515	0.0296743071	-0.024705976600000002	0.0210655398	0.1360923006	0.0879204532	-0.0528454575	-0.0361008105	-0.0405496147	0.014470201100000003	-0.0091603603	0.1407707866	0.0436646992	-0.0665735452	0.0029469328999999996	0.0200271138	-0.018889508500000003	0.15747264730000002	0.1374772264	0.1580637622	0.1032002397	0.048941049800000004	-0.0413272391	0.008589124699999999	0.046872082300000006	-0.0638538501	0.015737583	0.021639659300000003	-0.1393799891	-0.022140780099999997	-0.0446096317	0.047693867699999996	0.042209520300000004	0.0734184685	-0.0780584959	0.08678241460000001	0.10142636960000001	-0.0148496149	0.0672059336	0.0831456585	-0.101605982	0.0794093542	0.053464484900000005	-0.0461126302	0.1090480875	-0.0985900819	0.016476883799999998	-0.0010582982000000001	-0.0687255785	0.0055163414	-0.1735016832	0.1417134035	-0.0323761977	-0.1023828225	0.0166609612	-0.031234585699999998	0.0006528317	-0.0407805124	-0.0225862579	-0.0545137635	0.12238781720000001	0.04444261730000002	-0.12497647199999999	-0.0293149577	-0.028066374300000002	-0.0161205781	0.049305604100000004	-0.0884739791	0.0324748571	-0.053031813899999995	0.011294643100000001	-0.1375323803	0.0040553889	0.1079076024	-0.0343390541	-0.039057317700000004	0.1601383771	0.1089822634	0.0631315031	-0.0730810543	0.0681914882	0.1143091014	-0.0313924534	-0.022384817999999997	-0.007434134599999999	-0.0806213687	0.07247966110000001	0.008218841999999999	0.1001749714	0.0390137562	-0.10193575029999999	0.0273643757	0.0927668368	0.18704268170000002	-0.06724406570000001	-0.1036767869	-0.1445427284	-0.044372102000000004	-0.0482117473	0.0556139108	0.09884712	0.0447289413	-0.0875329302	-0.0147865905	0.0198397242	-0.0261009015	0.0160753537	-0.0359330272	0.0656552312	-0.0087502455	0.032483731	-0.0279352171	-0.08905821970000001	-0.0449360586	-0.0006600149000000001	-0.1146969573	-0.022320574300000003	0.1534266164	0.08636671789999999	-0.13160241779999998	-0.0315582653	0.047447297400000005	0.017515291000000002	-0.0126063544	-0.0338183859	-0.0343685699	-0.0241747521	-0.08691031199999999	0.0319748719	0.020941708700000002	-0.1774443348	-0.1821597523	-0.0521426043	-0.0789489855	-0.0382757548	0.0751310396	-0.0099595594	-0.0340076088	0.027014701800000002	0.0090718801	0.0585344261	0.0582023174	-0.0343032756	-0.2296250846	-0.0737728899	0.050396366100000006	-0.1412976289	-0.1306860641	0.058309466399999996	0.0736385892	0.0633312618	0.036031849	-0.10701540300000001	0.0316406735	-0.1048692201	-0.0633385651	0.0552963169	-0.0261148306	0.0216988561	-0.0520031586	0.040806696	-0.0132638331	-0.0487535893	-0.05866012	0.10361581859999999	-0.0133087	-0.002159600000000001	4.6638721600000036e-06	0.00017712149569000006	0.12779	0.025736000000000026	0.0006623416960000012	0.016330284100000002	0.0290132	-0.016672700000000002	0.00084176577424	0.0002779789252900001	0.00458554	0.0010096099999999998	2.10271770916e-05	1.0193123520999997e-06	-0.000167193	0.00011707799999999999	2.7953499249e-08	1.3707258084000004e-08	-0.000220498	-0.00010815	4.861936800399999e-08	1.16964225e-08	0.0	0.0	0.0	0.0	0.0	0.0
8577.86608778711	-23.33224230560154	73579786.62000814	544.3935310073023	9951.546834678566	0.6331395739780419	0.4008657201370964	99033284.40280098	6521.817425648147	-3.409145088589866	11.62227023505641	42534102.53348783	7004.163631993557	11506.51366355578	0.954351	37.43103	0.08120839999999999	0.048255300000000015	0.092241802	0.1983677087	0.0511413521	-0.0052269578	0.0123348725	0.0394613715	-0.1093150478	-0.0732426275	-0.1236108397	0.0737435135	0.0805316785	-0.11960257980000001	-0.0770875744	-0.0916740298	-0.08245053549999999	-0.0426338879	0.0261983986	0.063558997	0.1527677557	-0.0205526389	0.050215034900000004	-0.0032661994	-0.0941272291	0.0319492942	0.008702773399999999	0.006130981	-0.0802231155	-0.012753201899999999	0.0024194988000000002	0.0735542688	0.0303176763	-0.11291653460000001	0.0703722389	-0.0441474042	0.045879396399999994	-0.062812382	0.1448916269	0.0357939831	-0.0447860782	-0.0022198812	0.1263725758	-0.0359528937	0.1209351858	0.1537210575	0.0821556322	0.1334750781	0.0332978783	0.0183007962	-0.052409896399999996	-0.0015967034	0.1146676521	-0.0601673869	-0.0472159571	0.0568518481	0.0270613982	0.0458603359	0.1290037728	0.1010867209	0.020266993100000002	0.0199923415	0.0849576861	0.1459236543	0.0037998953000000003	0.0273774205	-0.0669367051	0.0874556565	0.009955993199999999	-0.0626013667	0.057551865199999996	-0.1010893554	-0.0861146595	-0.0700348788	0.0496185903	-0.0479912829	-0.0819855513	0.0945826793	-0.0019988484	0.042940842400000005	-0.1150716879	-0.0017761501999999996	-0.1260373422	-0.036188282599999996	0.0995822457	-0.0078499123	-0.0830954507	0.1060387927	0.0271176892	0.0441491734	-0.1956217709	0.1096996285	0.0438251571	0.0385927919	0.006665536	0.0508832506	-0.0354533568	-0.004878161	0.0415156408	0.044346141299999996	0.0743087538	-0.0943008765	0.1027827044	0.0942945902	-0.0835636674	0.0757988554	0.0047318015000000005	-0.0330915865	0.12054901189999999	0.006524098199999999	0.1175803709	0.0569004226	0.0576968283	0.0821482231	-0.0291487465	-0.2409063573	0.1194710439	-0.018366689199999998	0.0158633084	-0.006728341999999999	0.09075502029999999	0.1372598515	-0.1295800141	-0.0803131623	-0.1037487711	-0.019455111599999998	0.053866967800000005	-0.0128531828	0.1130858997	0.0989736642	-0.029617167200000002	0.0510707462	-0.1355212677	0.0632544263	0.0629706961	-0.08894771259999999	0.021802019500000002	-0.09890786039999999	0.059658187	0.0417980828	-0.0534438988	0.0113738425	0.0217473437	-0.0306423032	0.0325062776	-0.03889817	0.027128999700000003	0.042846334699999995	0.0441503889	0.0751374856	0.1754726377	-0.015200559099999999	-0.0581294003	-0.12531083269999999	-0.0169162459	-0.0348269989	0.0112593433	0.0248267109	-0.054863872800000005	-0.0406253756	-0.09146859449999999	-0.0419100748	0.0144560534	-0.0651290011	-0.0306242017	0.0229371256	0.0611004755	-0.1933990351	0.1027191161	-0.0518213097	0.1056251278	-0.006420365999999999	-0.0718396389	-0.010977974199999999	-0.0674422321	0.1045244691	0.056153168200000006	0.0384484618	-0.0997996912	0.0195506966	0.07143689610000001	0.0307086498	0.042862267300000007	0.0222994068	0.0683475559	0.0790715196	-0.134964004	-0.0204321224	-0.0717814862	0.09099386640000001	-0.0503198596	-0.055683332	0.1040711067	-0.0133135	-4.7999999999975154e-06	2.303999999997614e-11	0.00017724928224999994	0.08278489999999998	-0.045005100000000034	0.002025459026010003	0.006853339668009997	0.0397313	0.010718100000000005	0.0015785761996900006	0.0001148776676100001	0.00476823	0.0001826900000000001	2.27360173329e-05	3.3375636100000045e-08	4.7887e-05	0.00021508	2.293164769e-09	4.62594064e-08	-0.000332336	-0.00011183799999999998	1.1044721689599996e-07	1.2507738243999994e-08	0.0	0.0	0.0	0.0	0.0	0.0
8548.721494297337	-29.14459348977289	73080639.1870613	849.4073296841121	9945.113804808929	-6.433029869636812	41.38387330363942	98905288.59060112	6509.434448948209	-12.3829766999379	153.33811195120492	42372736.84515368	6997.9093293656015	11447.680824390374	0.9313110000000002	36.527363	0.09578289999999998	0.0463042	0.0781344107	0.1639596145	0.0379631561	0.0778342526	0.013686438700000001	0.1297331141	-0.029711030899999998	-0.1109754317	-0.0736845086	0.1151563266	0.08594897929999999	-0.011537659799999999	-0.19828985789999998	-0.0438509047	0.033935105	-0.0722349865	0.020740961999999998	0.0580254944	0.027136077400000003	-0.0614922838	0.11496036550000001	-0.0854505295	0.050970156100000004	0.038465209300000004	0.038659913399999996	-0.0155370377	-0.0922989858	-0.0192695336	0.0341249197	-0.1643197854	-0.0816773209	0.0135000662	0.0265819537	0.023996176299999998	-0.09543947929999999	0.0295266383	0.0177781678	0.1370845035	-0.0260601562	-0.0242875481	-0.065022383	0.0089488252	-0.0215524538	0.1414764313	-0.0123636106	0.10684521	0.0250266664	-0.0446532322	-0.0161419122	0.0014997882999999998	0.118135901	-0.0198090307	-0.0895195677	0.0580596815	-0.0836275317	-0.029749073900000002	0.0485456631	0.026185109100000003	0.047315498399999996	0.026859362999999997	0.0205200021	0.16834477420000002	-0.054995454900000004	-0.0825677021	-0.1459220138	-0.0098545834	-0.10501827820000001	-0.027932227200000003	0.0473891166	-0.11393778449999999	-0.062077938	-0.0071686719	-0.1183121906	-0.079313893	0.0379986409	0.0251353515	-0.038696832599999995	-0.083336973	-0.0191264675	-0.1555425846	0.07613609589999999	0.0031826635	0.013961441000000002	-0.0817444626	0.07815738230000001	-0.049360394800000006	-0.0976129467	-0.0608216354	0.1435951283	-0.012631246899999999	0.1784964261	-0.036768965	-0.0446005784	0.042090646100000004	0.032314862400000005	0.0199792218	-0.1178709036	0.0206514033	0.0651018275	0.11912053439999999	0.0203514394	-0.0902393974	0.0562524016	-0.0722914384	-0.038714066	0.0331541877	0.009222450699999999	0.0692558513	0.021367199500000003	0.0695981166	-0.0722150922	-0.1733640166	-0.0770391842	0.0032404665	0.0215355589	-0.097347714	-0.0474577655	-0.0695511634	0.08788117460000001	0.0686244874	-0.1146047249	-0.08515278289999999	-0.021151067599999997	-0.0725876368	0.10822168119999999	-0.0012370312	0.059861553399999996	0.0852817152	-0.0587555466	-0.039238516699999997	-0.06261049839999999	0.0531237808	0.0569862521	-0.1180541317	0.0209062032	0.0632804171	0.0761169294	0.015684566299999998	-0.0231960877	0.13848304720000001	-0.0838037008	0.0440759987	0.0334177802	0.0981075209	0.1238381126	0.021098715	-0.2572897503	0.046250017000000004	0.0323179852	-0.1265118311	-0.0302063108	0.027825801600000002	-0.0159280184	0.086546919	-0.0256069012	-0.092250402	-0.0072498325	-0.0047557208	0.0716611723	-0.1010380881	0.0341085194	0.0763468922	-0.030482231000000002	-0.0340024422	0.0824194328	-0.0303170918	-0.0024448114	-0.0289836328	0.0920935401	-0.009790905400000001	-0.027868961299999998	-0.0425508361	0.0705240832	0.0255445693	-0.0415452508	0.049036901699999996	0.11754164539999999	-0.210476109	-0.10727505429999999	0.0156985879	0.0062053598	0.0544297256	-0.1323602039	-0.0283187547	0.062940595	-0.0568871002	-0.0017514456	0.016714361	-0.0518714612	-0.052641619699999996	0.104253408	-0.026280200000000004	-0.012966700000000005	0.00016813530889000011	0.0006906489120400001	0.0439404	-0.03884449999999998	0.0015088951802499984	0.00193075875216	0.0460789	0.006347599999999995	0.0021232650252100004	4.0292025759999934e-05	0.00510012	0.0003318899999999996	2.6011224014399995e-05	1.1015097209999974e-07	-0.000122705	-0.000170592	1.5056517025e-08	2.9101630464e-08	-0.000582336	-0.0002500000000000001	3.39115216896e-07	6.250000000000002e-08	0.0	0.0	0.0	0.0	0.0	0.0
8507.759188931352	-40.96230536598522	72381966.41684586	1677.9104608962225	9922.950125275793	-22.16367953313784	491.22869044763314	98464939.18871084	6492.053139638865	-17.381309309344033	302.1099133070895	42146753.96789485	6984.978595775618	11300.248362358596	0.937348	36.764145	0.043154050000000034	0.0236135	0.07663496480000001	0.1098697754	0.0158846703	0.1670637466	0.030483711200000006	0.1246384301	0.0672648421	-0.078074666	-0.022638492599999997	0.057526862699999994	0.1537992902	-0.0097132648	-0.1278172333	0.0760351671	-0.0803094126	-0.0344078514	0.0054613885	-0.0850098178	0.0780261798	-0.1311843177	-0.0768411988	-0.019437320600000002	0.0764168969	-0.059237612599999996	-0.0194791802	0.10765945460000001	-0.11537449289999999	-0.0168436297	0.0670641714	-0.075633619	0.0700748863	0.06936562480000001	-0.0124873522	-0.0174865446	-0.0275139972	-0.0925214891	-0.0623678445	0.0821345742	-0.0162918846	-0.1651691097	0.0732314532	0.0322332148	0.0006165457	0.1252595717	-0.0368385658	0.012578745300000001	0.0352028156	-0.105907406	0.0959460097	-0.0174226722	0.1062638248	-0.0255041787	-0.0752395905	-0.014304595500000001	-0.1490366429	-0.0321920176	0.06306145610000001	0.014601316299999997	0.0080819513	-0.08906984890000001	0.0347851521	-0.0235425962	0.032025585499999995	-0.10194374199999999	0.048289259699999997	-0.0844171035	0.0738974129	-0.1279963828	0.0827169625	-0.022164358199999998	0.0555039392	0.0065339656	-0.034078443300000004	0.027724214599999998	-0.0019895944	-0.09948606119999999	0.0144828741	0.0340794215	0.0945766507	-0.0959769743	-0.0603446433	0.0376582865	-0.0708594278	0.0741027952	-0.0079732365	-0.10429393990000001	-0.10592104210000004	-0.041853101600000005	0.019913041200000002	0.0099820985	0.10330135160000001	0.027772528900000003	0.0006695936999999999	0.0580385697	-0.0007038487	0.04566635559999999	-0.0724865151	0.054032779	0.042227544000000006	-0.037160564199999996	-0.11385625320000001	-0.0513562737	0.0219471606	-0.0081893177	0.0390758096	0.0357645295	-0.1217772107	0.08451302349999999	-0.142452425	0.09151349859999999	-0.029074098599999997	0.0103299076	-0.035077078	0.1036166708	0.1246544168	0.0138775338	0.050676436	-0.1088001176	0.0263917104	0.0384553483	-0.013708831999999999	-0.089526599	0.0158805497	-0.0805410659	0.1505879289	0.040295101	-0.0060091578000000005	0.0819190393	-0.16622590939999998	-0.0664455525	0.022519651499999998	-0.039863248399999995	0.0789246353	0.014028735300000001	-0.001816285	-0.06940496809999999	0.0266333923	-0.028334482200000007	-0.0475724356	-0.029323560699999997	-0.0268065819	0.0577170241	0.1540227723	0.1166519669	-0.1492691871	0.058332145700000004	-0.0882061518	-0.0640114878	-0.0137499886	-0.0801953819	0.023527331800000002	0.0709164858	-0.0411233804	-0.0257133934	0.0904952858	0.0296669845	-0.0014288559	0.0831332356	-0.0636956206	-0.0340005024	0.0656854484	-0.0536454822	0.1014016079	0.00905522	0.0714566631	0.1341291606	0.0175269519	-0.016469438	0.0744557408	0.034419235299999996	0.0907052701	-0.0175919173	-0.005350862	-0.0307331504	-0.0007959535	-0.0087690326	0.0289957806	-0.0275939859	-0.15742310980000002	0.008799901700000001	0.0382498208	-0.0490509118	-0.053707013	0.1232129278	0.048814125300000004	-0.0344753988	-0.0730581147	0.1131291024	-0.053407941699999996	-0.0495385296	0.1041622441	-0.0300099	-0.003729699999999996	1.3910662089999966e-05	0.00090059409801	0.029922900000000006	-0.014017499999999992	0.00019649030624999976	0.0008953799444100004	0.0452048	-0.0008740999999999957	0.0020434739430400003	7.640508099999925e-07	0.00547242	0.00037230000000000076	2.9947380656400013e-05	1.3860729000000054e-07	-0.000183583	-6.0878e-05	3.3702717889e-08	3.7061308840000003e-09	-0.000639813	-5.747700000000001e-05	4.09360674969e-07	3.303605529000001e-09	0.0	0.0	0.0	0.0	0.0	0.0
8478.927176758867	-28.832012172484607	71892206.0687801	831.2849259143007	9947.13238155968	24.182256283889732	584.7815189797243	98945442.61627316	6485.38674206249	-6.666397576374947	44.44085664629777	42060241.19411992	6982.649650127146	11117.660334109138	0.908738	35.641998	0.07225580999999998	0.0330851	0.06530463019999999	0.0438541243	-0.0085008701	0.19521123440000002	-0.009823768	0.1021603844	0.09028185550000001	-0.026494709900000003	-0.0483900103	0.0309486273	0.1613164456	-0.059278312	-0.056496471799999996	0.1612899692	-0.0693965069	0.1613745517	-0.0122471581	-0.046325609000000004	0.1102525603	-0.0566952537	-0.0531982862	-0.0589203121	0.0717674828	0.0320878952	0.027852537400000002	0.1017899896	0.0276537895	0.005888743100000001	0.0277794879	-0.0959371841	0.0415244936	-0.005006709	-0.036496962	0.117254745	-0.08688625789999999	0.0474522351	0.0041776569	-0.0040448859000000005	0.0518130049	0.0351909265	0.024981119399999998	-0.0193051191	-0.0263798818	0.1057885629	-0.06077789910000001	-0.005238680999999999	0.047881517199999994	-0.1405298938	0.11325048550000001	0.0253636562	0.1109929536	-0.031249146600000006	-0.0935924515	0.1490512075	-0.20748676870000002	0.0176151005	-0.030558622799999997	0.0558067637	-0.0466983595	-0.12097666900000001	0.048211154000000006	0.0379199974	0.0278064264	-0.14215448619999999	0.0035820024	0.0170980456	-0.0697616168	0.07091135280000001	0.1573945204	-0.052131879299999996	0.0705844108	0.013379504399999999	-0.062328785199999986	0.042612036299999996	-0.0362906026	-0.08687246369999999	-0.048673448	-0.05771133	0.17182572059999998	-0.021666009700000002	-0.0359841186	0.0098214798	0.0182095994	-0.005829410699999999	-0.0404874682	-0.0223923647	0.10990956619999999	0.08390551789999999	-0.0369299419	0.0100383575	-0.09541861689999999	0.0311098017	-0.0306319121	0.1353598038	-0.0784106925	-0.0727816544	-0.052030509	0.009468920300000001	0.0691413425	-0.010636746599999998	0.0122030811	0.0677494203	0.0524823108	-0.038540788900000005	0.13048197279999998	-0.0675998787	-0.0054373689000000005	-0.0272137134	-0.0492391758	0.0570179485	0.0182878752	-0.0886917137	0.13010625369999998	-0.0303479523	-0.0306437423	-0.0529543238	0.050294701100000005	-0.1205356718	-0.0302508948	0.0224729771	-0.0085865739	-0.09418232689999999	0.0128222657	-0.08056102429999999	0.09389822029999999	0.0592318964	0.033029982799999996	0.15779293630000002	-0.11511702380000001	-0.1948358979	-0.040950629700000005	-0.14831806220000002	0.0148235847	-0.008037490100000001	-0.021261255099999998	-0.1174616801	0.1587747582	0.022927691	0.028286757000000006	0.0361380233	-0.0299166276	0.0542134217	-0.128364849	0.0952086667	-0.10668813210000001	-0.014007653200000001	0.0137698178	-0.0569631769	-0.0207446042	-0.0218641808	0.0197780957	0.10391573890000001	0.024501945499999997	0.07247153349999999	0.1569801053	-0.0171889384	0.0084485524	0.0443900419	-0.0744887227	-0.0238126872	-0.012714059299999999	0.1097378203	-0.1152638585	0.04594475	0.0650563291	-0.0973370447	0.0628893239	0.11424269710000001	0.0554117393	-0.029286606	0.033505892200000005	0.045272291900000004	-0.047821245199999994	0.0938244938	0.0182504044	-0.0087552541	0.0445287191	0.1258218956	0.010494298899999999	-0.049371770599999996	-0.0318727095	0.0033372626	0.049960367900000004	0.0059646827000000005	0.1284102235	-0.0366570678	0.0226001728	-0.0304226047	-0.054928853300000004	-0.0463776798	0.1037978542	-0.0352918	-0.005281899999999999	2.7898467609999986e-05	0.00124551114724	0.01252	-0.017402900000000006	0.0003028609284100002	0.00015675040000000002	0.0297261	-0.015478700000000003	0.0008836410212099998	0.0002395901536900001	0.00588482	0.00041239999999999934	3.46311064324e-05	1.700737599999995e-07	1.54902e-05	0.0001990732	2.3994629604000004e-10	3.9630138958239985e-08	-0.000710186	-7.037299999999999e-05	5.04364154596e-07	4.9523591289999975e-09	0.0	0.0	0.0	0.0	0.0	0.0
8462.483129109507	-16.444047649360073	71613620.71046303	270.40670309442453	9955.138948835303	8.006567275622729	64.10511953907276	99104791.49061766	6480.3721237215295	-5.014618340960625	25.146397105498682	41995222.86190709	6984.661675256248	11089.797226733623	1.015511	39.829815	0.13664006	0.0827278	0.0248663806	0.0084429821	-0.0711785868	0.19661258510000001	-0.022057183799999998	0.18593969010000005	0.16459209630000002	0.0027912907	-0.0654430173	-0.013100903	-0.0079764828	0.007406737900000002	0.0717979012	0.113093626	-0.0931467602	0.1798388739	-0.0045026566	-0.0006664453999999999	0.0839022496	-0.0281433616	0.025632460099999997	-0.0525161216	0.054785684400000006	0.081663909	-0.0047263714	-0.0111428546	-0.10574898	0.09689869710000001	-0.0410120752	0.07293499219999999	0.21461148719999998	0.0659339114	-0.0075490848	0.0257550113	-0.0783861758	0.0684815681	-0.1397091592	-0.0662838266	-0.022533725299999998	0.1707185287	-0.11096332630000001	0.0360273863	0.0595135745	0.10730107050000001	-0.1744027257	-0.0598174592	0.0008468999999999999	-0.09950182460000001	0.0796005483	0.019681892	0.0641722762	0.0462231552	0.0485657513	0.0149203473	-0.17788025030000001	-0.021152257799999998	-0.039594473399999996	-0.0042852042	-0.0354105078	0.0760136221	-0.015699975300000002	0.021845538199999997	0.0282667292	-0.0007982476	0.0160779965	0.0274772259	0.113227994	-0.1978556955	-0.0606020247	-0.1022791394	0.0508311235	0.0349550021	0.012535519299999999	0.0339097551	-0.1352280248	0.0280131067	0.2105675314	0.0735674118	0.0071965306999999985	0.0260599275	-0.025357570099999997	-0.2088771117	-0.0409581497	0.1293073082	-0.07197050299999999	0.0839201543	0.1152424472	-0.007614071700000002	-0.0622848495	-0.0581813872	-0.0417182248	-0.0693945539	-0.046655691299999996	-0.05935757730000001	0.05604358190000002	0.039686819500000005	-0.0245678966	0.0290150275	0.0473351614	-0.064707374	-0.015195346799999999	0.1395613485	0.1470865234	-0.1288931854	-0.0844354219	0.07537323530000001	-0.09427187220000001	0.07224739849999999	0.0197042911	-0.0316247918	-0.0221781301	0.035485081200000004	-0.0336945376	-0.023959516400000002	-0.0276764081	-0.031426521299999996	-0.033122438500000004	-0.2086655727	0.0041700941	-0.0437578245	0.0366130933	0.0047202443	0.0700511952	-0.09487076400000001	-0.011700344	0.0061572198	-0.0555890047	0.1166538093	-0.05814978940000001	-0.0797159837	0.0114896624	-0.1090906008	0.0179347309	-0.1916203061	-0.0484539975	-0.045240007400000004	0.0174085549	0.095474644	0.062390802999999995	-0.0726800517	0.0991515602	-0.020712428300000002	0.0696652363	0.0629001724	-0.09679807730000001	-0.0557107566	0.2190734056	-0.1143811867	0.10289668689999999	0.09501266119999999	0.0602591492	0.0434104355	-0.048712519	0.022641513999999998	0.009031874300000001	0.0591806575	0.0172775649	0.0109841877	-0.0765927209	-0.0337232104	-0.1707416322	-0.09946184289999999	0.0354024403	-0.046722581799999996	0.020499615	0.0458193028	-0.0225418675	0.026460497700000002	-0.0014805953	-0.0217350248	-0.0009642731	0.0973529506	0.060062448399999996	0.0595814411	-0.0651044821	0.0580461159	-0.131841968	-0.0659579189	-0.09700569279999999	0.0688280908	0.1387025395	0.0299079041	-0.0346142538	-0.0767783381	0.0279416985	-0.0779677357	0.0035639484999999997	0.012698603300000002	-0.0564337526	-0.0431627558	0.1031611942	-0.0432372	-0.007945399999999998	6.312938115999998e-05	0.00186945546384	-0.0513545	-0.0638745	0.00407995175025	0.00263728467025	0.031768700000000004	0.002042600000000005	0.0010092502996900002	4.172214760000023e-06	0.00494601	-0.00093881	2.44630149201e-05	8.813642161e-07	-6.667399999999999e-05	-8.21642e-05	4.445422275999999e-09	6.750955761639999e-09	-0.000944763	-0.00023457700000000005	8.925771261690002e-07	5.5026368929000005e-08	0.0	0.0	0.0	0.0	0.0	0.0
8436.478453234722	-26.00467587478488	71174168.69189373	676.2431673526187	9933.675088943768	-21.46385989153532	460.69728144345873	98677900.77270198	6476.483716183822	-3.88840753770728	15.119713179298794	41944841.325994216	6976.395130709707	10848.131000530795	1.037995	40.711647	0.12648821999999998	0.08236349999999999	0.0592499036	-0.0665278509	-0.0486337286	0.1471563588	-0.0029549514	0.09042073869999999	0.12493879710000001	-0.0145852325	-0.0606017967	-0.1691707447	0.1081604755	0.0446109397	0.020401695600000002	0.0800428488	0.0020385607000000003	0.1448989426	0.049398114900000005	-0.0336306418	0.1938087623	0.08394319300000001	-0.0249821987	0.014724897800000001	-0.0545492355	-0.0554070221	0.052931834299999994	0.0297065195	-0.1468956164	-0.0149976251	0.04265174	-0.0414110283	0.1463053544	0.0714577193	0.0149522153	-0.059980191399999994	0.059980678899999994	-0.0072788734	0.0700968037	-0.062288003	-0.0874141033	-0.029252723799999998	-0.1631270979	-0.058436128	-0.081370705	0.0922935845	-0.0872305381	-0.0961139345	-0.0455028392	-0.1109873725	-0.0200533203	-0.0008933789	0.011667138999999998	-0.010078249499999999	-0.051922375300000004	0.0421994971	-0.1555297351	0.0280664608	0.0224241257	0.0567071054	-0.0898974817	0.0279868008	-0.125278236	-0.10981686730000001	-0.0437093046	-0.10430602929999999	-0.0684683747	0.1127438695	0.06639848570000001	-0.2462843442	-0.0731656428	0.0966739541	-0.04691507599999999	-0.013712772	0.09623362390000001	0.05859164400000001	0.056732221900000004	0.0526789354	-0.1044183579	-0.0059302374	-0.1076216846	0.0244017627	-0.0430402682	-0.015375020900000001	0.0478192276	0.10252613349999999	-0.041417011000000004	0.0350885438	-0.0323682	-0.0768579365	0.1702058425	-0.0301020719	-0.08915871480000001	0.0186685414	0.0036439325	-0.0438505813	0.0028764361	-0.09924841570000001	0.0545789602	0.0106326297	-0.0185367431	-0.0770568229	-0.0948325113	-0.1489771502	0.0158660295	-0.0650242081	0.0306336144	0.0011314642999999999	0.11804771439999999	0.0422418632	-0.150061496	0.0077223268	-0.0221981276	0.1448257872	-0.06269573440000001	-0.1006679917	0.04478334269999999	-0.0250807749	0.1573033846	-0.1534608596	-0.049281245599999995	0.0258517003	0.0587100521	-0.0472961102	0.1419707754	0.018653633899999997	0.0333527049	0.014444291599999999	0.0120564192	0.0108327712	-0.1407785008	-0.1775295876	0.0053475473999999995	-0.0586622458	-0.0121545844	-0.1199015742	-0.053190383099999995	-0.022449521899999998	0.09230264279999999	-0.0479495856	0.009622341500000001	-0.037816674700000004	0.1119968649	0.0422883212	0.1280506897	6.75527e-05	0.0778846819	0.0964667847	0.20319035940000002	-0.0145209155	0.0460653944	0.073901152	-0.0826836726	0.0042755690999999995	-0.08575109339999999	0.0607613256	-0.07673962	-0.0207643681	0.0298032263	-0.12212369320000001	0.1250154152	0.1240520105	0.0417122033	-0.0711570601	-0.1021408231	0.0946319482	-0.14535691	0.0580189029	-0.1868473925	-0.0158888474	0.0686226799	-0.0464595666	-0.0876990856	0.019982902	-1.0698e-05	-0.062415741	0.06779753179999999	-0.0920644498	0.1109872774	0.0603360529	0.0918929944	-0.1310522059	-0.10067814470000001	-0.056661239599999996	-0.0059532167000000006	0.1521709191	0.0556016254	-0.0813897155	-0.060063408600000014	0.0857316858	-0.057922200800000004	-0.039897505800000004	0.102253934	-0.0520188	-0.0087816	7.711649856e-05	0.00270595555344	0.027334800000000003	0.0786893	0.0061920059344900006	0.0007471912910400003	0.0506671	0.0188984	0.00256715502241	0.00035714952255999985	0.00477344	-0.00017256999999999952	2.27857294336e-05	2.9780404899999822e-08	-4.36726e-05	2.3001399999999993e-05	1.9072959907600003e-09	5.290644019599997e-10	-0.00115157	-0.00020680699999999996	1.3261134649e-06	4.276913524899997e-08	0.0	0.0	0.0	0.0	0.0	0.0
8459.757317670961	23.27886443623902	71567493.87388737	541.9055294407939	9939.448858266398	5.77376932262996	33.33641219094282	98792643.6060932	6483.853873141721	7.370156957898871	54.31921358406514	42040361.0482549	6981.048372307114	10635.112357599628	1.057348	41.470692	0.180181125	0.10932	0.0872662233	-0.1056319906	0.012663919499999999	0.0363842759	-0.013087275700000001	-0.003008108	0.0909779078	-0.064324555	-0.035239214	-0.0286296002	0.1212697065	-0.030240522599999996	-0.0199453355	0.1848201124	-0.0304928689	0.028975401600000002	0.0738520862	0.0230063142	-0.0678526836	0.0852039	-0.1574126485	-0.0549402059	0.1191564376	0.0328458621	0.1070588287	-0.0011232884	-0.0757891825	-0.034037323599999995	-0.0290074383	-0.050243955300000004	0.0426325346	-0.1005689791	0.0964163243	-0.030072829	-0.0065664126	-0.055731305099999996	0.193650734	0.0304825153	-0.023640727400000002	-0.1100125591	0.0007318016	-0.0576650534	-0.0019321657999999999	0.082628406	0.0313135653	-0.0815503513	0.0552973388	-0.148209575	0.046457087800000005	-0.0317304749	0.024811186000000002	0.0040642848999999995	-0.09847359039999999	0.0376494463	-0.1767387506	0.008265899	-0.0118625054	-0.12906522539999998	0.0350675812	-0.0694290771	-0.0866105953	0.0671173707	0.0415380113	0.048290974400000006	0.1050786336	-0.1611943522	-0.0052762305	-0.0066592898999999995	-0.1128638894	0.015298308899999996	0.0446115904	0.0836727643	-0.047155213200000004	0.0407233386	0.0622613859	0.08315197719999999	0.0697161462	0.11037612279999999	-0.050194939800000005	0.0439224504	-0.0069327699	0.0247167881	-0.078087657	-0.0525205042	-0.0062760011	0.098177544	-0.0321532899	-0.0345875779	-0.0587601565	0.030472686000000002	0.0481839295	-0.0511297074	0.0126640126	-0.0725499396	-0.0580805609	-0.0406597895	-0.017541425	-0.049330895300000004	0.0468797186	-0.0710057989	0.0644737638	-0.10757829449999999	-0.0067514223	0.0338025285	-0.0056923808	0.0375144441	0.1064236219	0.0374038233	-0.0687299997	-0.0645553542	0.012632236000000002	0.11159774130000001	0.1767459997	0.060786614	-0.1367529096	-0.0677315332	0.0050126489000000005	-0.0560594356	-0.0867302105	0.09034941519999999	0.0442677305	-0.0514985221	0.073183558	-0.0381018363	0.1185394775	0.012920302199999999	0.0107220652	0.0748369741	-0.0966559328	-0.1162269615	0.1005922467	-0.1234044951	0.11460703539999999	0.0672117811	-0.0959922956	-0.0003587736	-0.002005971	-0.1091064818	0.0787159527	-0.0344020673	-0.0875744376	-0.1164818667	0.0910548864	-0.0115103097	0.0013470071	-0.09476060539999999	-0.0577584254	-0.0824179885	-0.0740169278	-0.023146588	0.0171521561	-0.1463928617	0.0534614608	0.0310088788	-0.12734742400000001	-0.09173506630000001	-0.0068828720999999995	-0.040038341	-0.06388027660000001	0.06728843799999999	-0.13292409300000002	0.0190521207	0.0424630789	-0.0636066103	-0.018052773799999998	0.0223511876	-0.0345743971	-0.08465122779999999	-0.0304084128	0.0058837229	-0.0064992054	0.0240746528	-0.0387293871	-0.0020868251	0.0216870912	-0.0981230994	-0.0538524934	-0.04904841769999999	0.0736709682	0.0653431677	0.0337634534	0.0204885594	0.055096957099999996	0.1414496327	-0.0012913182000000001	0.07080152099999999	0.1612760679	-0.1371715132	-0.0593937641	-0.0365857372	0.10107845359999999	-0.052565	-0.0005462000000000036	2.98334440000004e-07	0.002763079225	0.115574	0.08823919999999999	0.007786156416639998	0.013357349476	0.08614489999999997	0.03547779999999997	0.007420943796009993	0.0012586742928399981	0.00575924	0.0009857999999999994	3.3168845377599986e-05	9.718016399999987e-07	2.39759e-05	6.764850000000001e-05	5.748437808100001e-10	4.576319552249999e-09	-0.00121648	-6.491000000000005e-05	1.4798235904e-06	4.213308100000008e-09	0.0	0.0	0.0	0.0	0.0	0.0
8478.697181946003	18.93986427504205	71888305.9031391	358.7184587570144	9930.55749239961	-8.891365866787963	79.05638697708208	98615972.10985404	6490.054990834321	6.201117692599838	38.453860637474726	42120813.78405348	6985.144503938925	10926.277545465158	0.9911700000000002	38.875122	0.08274976	0.0544028	0.025492050899999997	-0.0647939091	0.0270705659	0.041312455	0.003791518	-0.013363334099999999	0.10187771289999999	-0.1076400815	-0.005343254	0.0403547402	0.0905116663	-0.060686792	0.0527399354	0.18456714859999998	0.0090320118	0.011795660800000001	0.1136885733	-0.016129046299999998	-0.08130172599999999	0.0679771543	-0.13374760789999998	0.0222962998	0.012397576200000001	0.09673039539999999	0.0847364804	-0.079930298	-0.027022758199999997	-0.0066163585	-0.0332304976	0.0079566361	-0.09669547369999999	-0.001580617	0.0652192101	-0.050556501600000005	-0.0317731812	-0.0788463461	0.06762606110000001	0.0468934855	0.12068136730000001	0.0109698177	-0.08640049400000001	-0.000994726	0.0359397637	0.0320815244	-0.0052610619999999995	0.0461456438	0.0291261125	-0.11288859119999999	0.10636054269999999	0.0227059927	0.0469413281	0.0447446288	-0.0815938606	-0.0548296024	-0.17154586940000002	0.0206337579	-0.0335587404	-0.10355339220000001	-0.0130729388	-0.16725240130000002	0.1024002852	-0.0252844707	-0.0673221367	-0.0316772795	-0.2038855945	-0.07498195740000001	-0.0148042698	0.1413156199	-0.0149236498	-0.0038476618	0.0422467971	0.027293787400000002	-0.0499550058	0.1574348017	0.0498333925	0.12185316619999999	-0.0488890876	0.0670148966	0.09923313789999999	0.1667254259	0.0290927381	0.0432763445	0.04384890809999999	0.009485443100000001	0.021754560200000002	0.0597076825	-0.002123374	-0.0406558564	-0.0246741566	-0.024872890499999998	0.0350897088	0.0784909304	-0.0731727151	-0.09936829	0.08437410699999999	0.12530062449999999	0.0973302061	0.1815969228	0.0957658767	0.0718439905	0.0552478634	0.0948569408	-0.08440767269999999	0.1098757527	0.0384052352	-0.027294932200000004	0.0764399598	0.044020995199999996	0.08448308269999999	-0.0642812055	0.0247733337	0.020452028	0.09508903199999999	-0.0125330399	0.130585189	0.024401459500000004	-0.0213681844	-0.039020093799999996	-0.0712020278	0.0110427526	-0.0047074485	-0.0838492096	0.0182967013	-0.08642712220000001	0.0918491452	0.0223046521	-0.0304866287	0.0793207959	-0.0690209615	-0.0233435731	0.0389987394	-0.21344462420000002	0.0914952892	0.0374010476	-0.0831770628	-0.1079322008	0.0955446764	-0.0353620677	0.1055022784	0.0921597218	0.1102706874	-0.036809218500000004	-0.1300300834	-0.0342195364	-0.094707511	0.054918319900000005	-0.11783235130000001	0.0918219369	-0.10853032609999999	0.0770201274	0.0668910961	-0.15238765529999998	0.1523690809	0.0023642564	-0.0453870232	-0.131104035	-0.0573943813	0.0034985141	-0.0301462415	-0.030922729	0.0130233768	-0.008511059100000001	0.052346535300000004	-0.0118892646	-0.11317086009999999	-0.0333527631	-0.0344431853	0.028864644199999998	-0.0433824166	0.0869195289	0.0615620151	-0.0930386883	-0.1173410878	0.0485285838	-0.1423617164	0.08826940650000001	0.0170840647	-0.0633308043	0.1072351083	0.0490105417	-0.0459249972	-0.0099779616	0.0107216085	-0.0518072186	-0.1456256544	-0.060703053	-0.0763263852	0.0531276287	-0.0608480136	-0.0332313112	0.09963783609999999	-0.0597135	-0.007148499999999995	5.110105224999993e-05	0.0035657020822499994	0.11046	-0.005114000000000007	2.6152996000000075e-05	0.012201411599999998	0.0954595	0.009314600000000034	0.00911251614025	8.676177316000064e-05	0.00680277	0.00104353	4.62776796729e-05	1.0889548609e-06	-9.70973e-05	-0.00012107319999999997	9.427885667289998e-09	1.4658719758239996e-08	-0.00127533	-5.885000000000005e-05	1.6264666089000005e-06	3.4633225000000053e-09	0.0	0.0	0.0	0.0	0.0	0.0
8466.853241814099	-11.843940131904676	71687603.8184179	140.2789178481421	9933.320738294482	2.7632458948719436	7.6355278755266465	98670860.88983124	6477.052736747412	-13.00225408690858	169.05861134053086	41952212.15460715	6975.246021601617	11144.252563714981	1.032484	40.495487	0.11204000499999996	0.07252769999999999	-0.053290651900000006	-0.0528572197	0.010916916399999999	0.06754234370000001	0.0244176848	0.0407100475	0.07365559099999999	0.016105984099999998	-0.017800619099999998	0.0651579696	0.053166498099999994	-0.126939634	0.07703572139999999	0.08667272220000001	0.1232799806	0.061475474400000014	0.1525492389	0.050535101900000004	0.0004891566	-0.0181189225	-0.0619490759	-0.08682056269999999	0.0118962055	-0.013878604899999999	0.0822790795	0.1113228941	0.0846492287	0.08439813269999999	-0.0637854291	0.0481125076	0.0640590679	-0.0334977142	0.08490210000000001	0.0870722755	-0.0101810815	-0.019494560600000002	0.1302708776	0.008225074300000001	-0.09294696599999999	0.0368648423	-0.0018178879000000001	0.0146062359	-0.0751662916	-0.0291727913	-0.0619382745	0.0391957895	0.008480704399999999	-0.0622081945	0.0936828169	-0.0321418143	0.0592743473	0.0105948548	0.0248515085	0.0090660911	-0.0293376412	0.1665001945	-0.1395949037	-0.0660696476	0.1583504443	0.08336542	-0.08431602560000001	-0.057692902000000004	-0.0047995765000000004	-0.014216243500000001	0.055719741100000005	-0.0806270246	0.0038612466	0.0024837292	0.0364018287	-0.0467699476	-0.0790994383	0.06179196	-0.0412370834	0.1699795045	0.052443917	-0.0176815304	-0.0409807109	-0.13059116199999998	-0.09687476099999999	0.0571940247	0.12355318359999999	0.016357312	-0.08196293	-0.052519804	-0.0323170036	0.1083119699	0.024423506299999998	0.025745505499999998	0.0462828796	0.0955393147	0.0451476334	0.0051541078	-0.0420984999	0.0079538916	0.0215879054	-0.035264895299999995	-0.048295133399999995	0.1030472099	-0.1749633653	-0.0422384924	-0.045847564	0.1219862193	0.046739616	0.055916325499999996	-0.0515563613	-0.013359348	0.0963148101	0.0632074007	0.0111780853	0.0389525395	-0.0805974049	-0.166377623	-0.18913477850000002	-0.059234149000000014	-0.12943469189999998	-0.1196209349	-0.0659559834	-0.0364266251	-0.0420980712	-0.07134147440000001	0.0063449369	-0.060715742	0.0044183204	-0.029930034700000007	-0.0287312026	0.0391219773	-0.050787865999999994	0.1264731608	0.0324446796	0.0376348119	-0.0300271748	-0.1534835273	0.08321576230000001	0.0363886057	0.0267974729	0.19785669239999998	0.0038680426	-0.11347814140000001	-0.030133489700000002	0.022027439399999998	0.0818913488	0.022852061899999998	0.0557909992	-0.0079416374	-0.0187682176	-0.0177398279	-0.127752464	-0.134776855	-0.024929607200000002	0.06975042599999999	0.0402185136	-0.0676777291	-0.0385515984	0.036524728199999995	-0.1759582362	-0.0700231167	0.0120812508	0.020700443500000002	0.07422815719999999	0.023533114100000002	-0.0021566845	-0.0358880574	-0.1363898355	0.046056508200000006	0.0167508222	-0.0537197603	0.0442702037	0.1374315318	-0.0351208508	0.038318980499999995	-0.0740126753	0.0333616688	0.24939197030000002	0.017208884299999998	0.0299593304	0.1755880909	0.0779711568	0.0868664183	-0.07273832200000001	-0.0480884912	0.1171138156	0.10963362630000001	-0.0640247167	-0.0425581716	-0.1361629969	0.06957659349999999	-0.0915350924	-0.1183177816	-0.062284525300000004	-0.0298381391	0.09793586060000001	-0.06474919999999999	-0.005035699999999997	2.535827448999997e-05	0.004192458900639999	0.0470005	-0.06345949999999999	0.004027108140249999	0.00220904700025	0.102843	0.007383500000000001	0.010576682649	5.451607225000002e-05	0.0061953	-0.0006074699999999997	3.838174209e-05	3.6901980089999963e-07	-5.54512e-05	4.164609999999999e-05	3.0748355814399997e-09	1.734397645209999e-09	-0.00134944	-7.410999999999984e-05	1.8209883136e-06	5.492292099999977e-09	0.0	0.0	0.0	0.0	0.0	0.0
8447.77459986134	-19.078641952757607	71364895.69006243	363.9945787615226	9920.704626468289	-12.616111826193444	159.16627761101813	98420380.2856293	6464.9865144414025	-12.066222306009875	145.5937207380503	41796050.63190919	6959.209220099941	11176.04458536462	1.054824	41.371704	0.20769091000000006	0.117452	-0.0844335724	-0.0781407928	0.0030746553000000005	-0.00199558	0.0325078964	-0.0347008018	0.0360995061	0.08564064699999999	0.11815080160000001	-0.0320802882	0.07350914509999999	-0.0473071699	-0.0015882487	-0.0653032824	0.037382803	0.045059985700000006	0.1239243627	-0.1067500841	-0.0767699459	-0.08690912710000001	-0.002589526	-0.13216063449999998	-0.13010717859999998	-0.010293806899999999	-0.0161063549	0.0258183361	-0.1014373391	0.028140639300000003	-0.1682019102	-0.0157212553	0.055804148600000006	0.0918775266	-0.0251790828	-0.0260245632	0.0156041027	0.0170352142	0.0026019735	0.0328796575	0.10282059460000001	0.1707406991	0.0674809339	0.0649765385	-0.046262205599999995	-0.1387175883	0.0210832747	0.0124914156	0.030652873799999997	-0.080587749	0.10892701689999999	-0.0664508296	-0.0071033301	-0.0055966688	0.0975876909	-0.040063964199999996	0.0665483685	0.1100134429	-0.0281292311	0.0570076643	-0.0947389902	-0.0772897604	-0.1357824108	0.0179485895	-0.0406511695	0.0574741305	0.10822234289999999	-0.07891915070000001	0.0683014205	0.0429744062	0.17878291649999994	-0.0577497939	0.2119525256	-0.0200770594	0.1602830969	-0.1687666279	0.1036839874	0.0830268283	0.006064471899999999	-0.13745538529999998	0.0246235375	0.08245748259999999	0.002551524	0.0670096472	0.1641180052	-0.0768503958	0.2078883582	0.0248764611	-0.1480342172	0.0527662537	0.059130652699999994	-0.010904528	0.0143208078	0.06439780860000001	0.045498910999999996	0.0283831594	-0.029756410299999998	0.042560175199999994	0.0177017194	-0.04611540769999999	0.0853715157	-0.046398462599999996	0.1834071814	0.005325836600000001	0.078171477	-0.0723626906	0.0018431032	0.0361295806	0.1383734423	-0.048728911900000005	0.044201374800000005	0.0870367044	-0.0069153871999999995	0.0101615658	0.1058779589	0.022316523900000003	0.017653915	-0.0639199052	-0.0845252274	0.043957782800000005	-0.087353646	-0.09937662400000001	0.08461459800000001	-0.10186813019999999	-0.0141477806	0.0813145113	-0.010738378600000001	0.0539244833	-0.1266516456	0.040810117400000005	-0.0124945099	0.0528301833	-0.0943838554	-0.0068845584999999996	-0.09099308449999999	0.0030965293	-0.0216435	0.08641738560000001	-0.0387985892	-0.10861672119999999	0.0154689283	-0.040256972200000005	-0.0712556557	-0.1382339706	0.0168212597	-0.028288570899999997	-0.1676879701	-0.0546086663	-0.027598205299999998	0.2713774177	-0.0007872702	-0.1353175238	-0.1018254879	0.0158223747	0.0509381467	-0.0628064328	-0.0395742161	-0.0421428118	-0.1068506231	0.1500710761	-0.012634442099999999	0.0110652397	-0.0148845796	0.16167318320000001	-0.0989848778	0.04927370440000002	-0.1832206015	-0.149270341	-0.0518612575	0.0151563105	0.0727655855	-0.0751607945	-0.10297095380000001	-0.0049900036	0.0442166311	0.0628930571	-0.08986266039999999	-0.1612372497	-0.0831714271	0.0412075872	0.0902361704	-0.059435796900000004	0.0223795444	0.0072270131000000005	0.0428229966	0.045758567800000004	0.0810319278	-0.0291208128	0.0195437111	0.0612941275	-0.0637028804	-0.0264101769	0.0959769915	-0.07448810000000003	-0.009738900000000024	9.484617321000044e-05	0.005548477041610002	0.137245	0.0902445	0.00814406978025	0.018836190024999998	0.128715	0.025871999999999992	0.016567551224999998	0.0006693603839999996	0.00743493	0.0012396300000000002	5.52781841049e-05	1.5366825369000009e-06	-4.4731e-05	1.07202e-05	2.000862361000001e-09	1.1492268803999999e-10	-0.0017358	-0.00038636000000000014	3.01300164e-06	1.4927404960000006e-07	0.0	0.0	0.0	0.0	0.0	0.0
8449.45463340519	1.6800335438492766	71393283.60197243	2.82251270845876	9919.298778368522	-1.4058480997664446	1.9764088796169232	98392488.25454326	6456.618303781435	-8.36821065996719	70.0269496495885	41687919.92072546	6948.3125353150635	11122.584824622125	0.900352	35.31308	0.02012153	0.0108084	-0.0920320251	-0.09334211490000001	0.0073729321	-0.059561988899999994	0.0360069999	-0.066133742	0.013520988700000002	0.0773963542	0.090197031	-0.0166132935	-0.047262588200000004	8.00672e-05	0.007879436600000001	-0.1334085914	0.013861616	0.0070792065	0.0947814976	-0.11550201189999999	-0.0531145954	0.10070126050000001	0.0619520448	0.07327482	0.0325835892	0.144998347	-0.0779452919	-0.020209153	-0.1627971808	-0.0813870785	0.0070177057	-0.014724663899999999	-0.0019157563000000001	0.0047681943	-0.106864838	-0.0047401985999999995	-0.042432999900000004	0.0545527432	0.0726504441	-0.0911919805	0.043897527699999994	0.011863101499999999	0.0154320597	-0.06423877389999999	-0.0458925801	-0.1540521241	0.0163255918	-0.0439659882	-0.013459183799999998	-0.048373966	0.06317106089999999	-0.0752975744	0.0374048675	-0.0357134987	0.11593267539999999	-0.0388365401	0.06446674849999999	-0.0510111901	-0.0254537584	0.068375694	-0.035232394199999996	-0.0260234791	-0.10247739539999999	-0.0835682896	0.0941184198	0.09959628640000001	0.054088018700000004	-0.0851919973	-0.0244573853	-0.0134676981	0.0420370721	-0.0337000775	-0.016488873600000002	-0.0556049035	-0.0206603687	-0.0035209201	0.027594772200000003	0.0978191122	-0.10346480289999999	0.0199640592	-0.09418359050000001	-0.06228706940000001	-0.006915453100000001	-0.1265450569	-0.0023176525	0.06660662490000001	-0.0446198821	-0.1318505209	0.0059786188	0.0094960623	-0.0118319228	0.1159334968	0.0261571189	-0.0345565479	-0.055586250999999996	-0.0406742536	0.0377501653	0.0151279895	-0.0168617904	-0.022954541000000002	0.0646237002	-0.0057667929000000005	0.1750917547	-0.0766192476	0.0282443383	0.2240724458	0.0053965398	-0.0446118194	-0.0182456375	-0.0644362156	-0.031620334	0.09887184880000001	-0.1809873166	-0.0492384368	-0.0535816578	-0.013213237	0.0050301937	-0.05799837450000001	0.0498815195	0.0767067355	-0.0501231841	-0.0968349274	0.081429949	-0.024260264700000003	0.0329922408	0.0720398385	-0.0340431404	0.0242150369	-0.11662449400000001	0.0685654106	0.0148597732	0.07730032490000001	-0.0102547682	0.0771433573	-0.1347468002	-0.0070491813	-0.0063269536	-0.016309107	-0.0017687922	-0.1177759666	-0.018320447099999998	-0.08650716929999999	0.0532565512	-0.013453289399999999	0.0929217016	-0.0341317228	-0.0365151532	-0.06899390009999999	-0.10631010279999999	-0.0233363306	-0.0037634732	-0.059365475999999986	-0.1400750627	-0.0996591624	-0.0065892249	-0.044004517800000004	0.0331116162	0.061173983700000004	0.0230741874	-0.11034060050000001	-0.009218368499999999	-0.0482636635	-0.012093367800000001	0.0353406369	0.0225216271	0.10123067460000001	0.0450402677	0.0554550771	-0.0188345653	-0.0521474776	0.057527994400000004	-0.1329705631	-0.0181165623	-0.12188637570000001	-0.024926161800000003	0.0103126184	0.0031381832	0.1256309508	0.006753192900000001	-0.0317611728	0.043516092199999995	0.09838360210000001	-0.0165985317	0.0962814185	0.1514032692	0.1308426601	0.048926116299999996	-0.0169348003	0.008880079	-0.0233864744	-0.0651026654	-0.0229514217	0.0937663669	-0.0770768	-0.002588699999999985	6.701367689999925e-06	0.00594083309824	0.139811	0.002565999999999985	6.5843559999999226e-06	0.019547115721	0.136579	0.00786400000000001	0.018653823241	6.184249600000014e-05	0.00730745	-0.00012748000000000013	5.33988255025e-05	1.6251150400000032e-08	-5.93076e-05	-1.45766e-05	3.5173914177599996e-09	2.1247726756000001e-10	-0.0017358	0.0	3.01300164e-06	0.0	0.0	0.0	0.0	0.0	0.0	0.0
8449.328984768625	-0.12564863656552916	71391160.29285121	0.01578757987077643	9915.41611348524	-3.8826648832819046	15.075086595870486	98315476.70356277	6456.593553543879	-0.024750237555963398	0.0006125742590766209	41687600.31566438	6944.927197161927	10873.465792776024	1.041874	40.863789	0.13543857500000006	0.0649101	0.0148891626	-0.0860983949	0.0163228874	-0.10146644310000001	0.0342424579	-0.0862360792	0.0007108425999999999	0.0737491421	-0.0055601399	-0.09561614759999999	-0.1022202354	0.1304948047	-0.0380696712	-0.023098712400000002	0.015663711	-0.0320145111	0.0543049492	-0.0835907582	-0.022194469799999998	0.0631110903	0.021275475800000002	0.089818687	0.1309106464	0.0702023759	-0.041627092000000004	0.0688086573	0.0248800765	-0.1275797202	-0.0977078753	-0.0450450607	0.0539278812	-0.1296757641	-0.0815334471	0.0430037287	0.0130596136	-0.0607958012	0.0844799943	-0.0757061896	-0.0327347339	-0.0230942957	0.0199859399	0.0557237192	-0.09941102800000001	-0.10077599529999999	0.07171573190000001	-0.135683783	-0.0081669069	0.0093813439	0.0197799858	-0.0654481519	-0.0016432155	-0.0065488991	0.0862192027	-0.0758988599	0.0312352323	0.043132956900000005	-0.0098915292	0.1324105849	-0.07985205570000001	-0.0692490304	0.0538819944	-0.0464948059	-0.1104931499	0.0882024668	0.029764259300000002	-0.0456250193	-0.024006517400000003	-0.0973461575	0.0438902333	0.0355278827	0.0309985796	0.020097728999999998	-0.0571322499	0.036020861099999996	-0.07606085139999999	0.032648516	-0.2122718502	0.029310418799999998	-0.026145037599999997	0.0211126915	0.06719007540000001	-0.0681267099	-0.01947969	-0.0245837947	-0.1609823041	-0.0114763714	-0.024386953500000003	0.004644549	-0.052937587	-0.0408940141	0.0981798148	0.0417441405	0.0650247732	0.056266347800000005	-0.0071758134999999985	-0.033245347	0.008771393	0.08572618539999999	-0.0170501744	-0.0008242184	0.0078828361	0.0051454608	-0.035036292999999996	-0.0379430271	-0.0663235848	-0.1018619685	-0.0131695989	0.0614296115	-0.15147219720000002	-0.0391424731	-0.046501609299999996	-0.09426018779999999	0.07058703919999999	-0.0978129653	0.0952857169	-0.0296687077	0.0173593843	0.0779513275	-0.0419908557	-0.0018224413	0.13642411210000002	0.0535143051	0.0462327304	0.0937111842	-0.0305876384	0.0186191635	-0.1046456714	-0.0038028607	-0.042059821	0.0597966329	-0.0222811592	0.045427632300000007	-0.11369658519999999	-0.0358188656	0.0348844773	-0.1173897467	0.0341534728	-0.0892155399	0.0744403385	0.040660850899999997	0.0823750133	-0.044355383600000006	0.15551291849999999	-0.0207628874	0.0112213375	0.0304861692	-0.0723536686	-0.0030691739	-0.1083320193	-0.0070334654	-0.0160898829	-0.08187233990000001	-0.0360972544	0.010507286599999999	-0.005122307899999999	0.0750545148	-0.0013212871	-0.07405202799999999	-0.0424574312	-0.002035597	0.0718921773	0.049169120700000006	0.0142017746	-0.0038570335	0.1072515619	0.0348770289	0.0630640042	0.1407855895	0.0712132034	0.0484194872	-0.05732058230000001	0.0538328212	0.0233805241	0.0388588583	0.0896914255	-0.0795296955	-0.034629781299999995	0.0022550577	-0.0727991097	0.0053659219999999995	-0.0171140659	-0.026373665	-0.014439988999999999	0.060820973	0.0379460395	-0.0407428219	-0.035215155	-0.0776536491	-0.06648347240000001	-0.0194659062	0.0913097856	-0.0637871	0.013289700000000002	0.00017661612609000006	0.00406879412641	0.185641	0.04583000000000001	0.002100388900000001	0.034462580880999995	0.168878	0.032298999999999994	0.028519778884	0.0010432254009999995	0.00679926	-0.0005081900000000004	4.62299365476e-05	2.5825707610000036e-07	-5.192010000000001e-05	7.387499999999997e-06	2.695696784010001e-09	5.4575156249999956e-11	-0.00137098	0.00036482000000000013	1.8795861604e-06	1.3309363240000004e-07	0.0	0.0	0.0	0.0	0.0	0.0
8473.046773717255	23.717788948630186	71792521.62960038	562.5335126117642	9915.234166466578	-0.18194701866195828	0.033104717599974985	98311868.57586618	6466.129195088701	9.535641544821374	90.92845967132335	41810826.76757845	6945.213403442464	10940.398413896994	1.124759	44.114681	0.11491379500000005	0.0661385	-0.0001652057	-0.0525107481	-0.0048591716	-0.10585142189999999	0.035418849700000005	-0.1339253706	0.0117577435	0.0912635083	0.04384962480000002	-0.0171697288	-0.11853379160000001	0.09218634279999999	-0.05822709490000001	0.079048437	-0.0896490555	0.0019689664	-0.0108929676	-0.0085827523	0.026308683500000003	0.0748007013	0.0014665576	-0.1480619007	-0.0333235927	0.038550985	0.0182933848	0.0537933185	-0.0087285318	-0.1217777324	0.1059329616	-0.1175230394	0.1521339613	0.0205641081	-0.00033861449999999995	-0.0560085429	0.0245058656	-0.049117141100000004	-0.0264678051	-0.0351777074	0.0374490699	0.22687569359999998	-0.041816141800000005	0.08807689960000001	-0.0648859182	-0.08483479199999999	0.07937884769999999	-0.0594626412	0.0199782232	0.027039544199999998	0.028197937599999997	-0.10365546099999999	0.1338003524	0.1926698673	0.0818552417	-0.0391090393	0.042752640700000004	0.0636334543	-0.1009363219	-0.0434159855	-0.28548309980000003	-0.038692017599999996	0.0349104586	-0.0765653154	0.1459933689	-0.0422353537	-0.0407644267	0.09798381380000001	-0.0610946499	-0.0053937648	0.0089063339	-0.0457923206	-0.1823325263	-0.034357692599999996	0.11819271140000001	-0.0013495987	-0.0080470749	-0.1493329062	0.0652957589	0.11213630769999999	-0.0397283325	-0.08478460789999999	0.0139453579	0.0043158939	0.0173901824	-0.031579073799999996	0.014695279399999999	0.0780313993	0.0347451377	0.07517645349999999	0.060517691900000004	0.0075986472	0.10948907390000001	0.015350994199999999	0.0539237725	-0.0705170823	-0.038218911099999996	-0.0767832912	-0.1667395243	-0.041927160299999995	0.061358645	0.0349385372	-0.0417323904	0.0013960524	-0.0024994776	0.054398029	-0.139863254	-0.015051535500000001	0.11172571769999999	0.050520779	0.19528039149999998	0.0027304989000000003	0.0670106298	0.0120702532	0.0066476096999999994	0.039841938199999996	0.0317289685	-0.0855137441	0.1499483204	0.1313507143	0.0022703481	-0.0002126357	0.08245154610000001	0.0654674065	-0.019099115700000002	-0.022599858900000002	-0.0109457748	-0.10622172630000001	-0.1647256392	0.058609839500000004	-0.0426371075	-0.0295814644	-0.034057230099999995	-0.0986349613	-0.1991001414	0.0399301896	-0.1417400116	-0.056727926799999995	-0.0574225661	-0.1400325027	0.046208829400000005	-0.0336860569	0.0582692301	0.0787602912	-0.1122019691	-0.0083434896	0.0956754601	0.1451112115	-0.0337396162	0.0025870134	0.231207225	-0.0069398937	0.0658525449	0.11917158189999999	0.053804122	-0.0818152617	0.0018000054	-0.0108659248	-0.0567652714	-0.09262693359999999	-0.0004653075	-0.0698574961	-0.0536100281	-0.1096712217	-0.0782224997	-0.0206835674	0.08887300000000001	0.0033497128	0.049064320099999996	-0.048333687699999996	-0.1370718078	0.023359792999999997	-0.0044142212	0.0031462538	0.025311862799999998	0.005536165	0.0887921325	-0.0231331783	0.0291951581	-0.0687586842	0.0271014511	0.035214052200000005	0.0139463543	-0.093344008	-0.0720601099	0.0787575554	0.065199217	-0.18478367440000001	-0.0568078255	-0.062064408499999994	-0.0678448988	-0.0159576943	0.0886136913	-0.0591692	0.004617900000000001	2.132500041000001e-05	0.00350099422864	0.161422	-0.02421899999999999	0.0005865599609999996	0.026057062084000004	0.15632299999999996	-0.012555000000000038	0.024436880328999988	0.00015762802500000095	0.00797071	0.001171450000000001	6.353221790410001e-05	1.3722951025000023e-06	-0.000321628	-0.00026970790000000003	1.0344457038400002e-07	7.274235132241004e-08	-0.0013417	2.928000000000001e-05	1.80015889e-06	8.573184000000009e-10	0.0	0.0	0.0	0.0	0.0	0.0
8505.361760548532	32.314986831277565	72341178.67780124	1044.2583739056424	9914.548171846889	-0.6859946196891542	0.4705886182424674	98298265.4518725	6472.248189984087	6.118994895386095	37.442098529761076	41889996.63275229	6955.329926333577	11625.202073736298	1.4337	56.231785	0.32834205	0.201928	-0.1523232078	0.0107487559	0.0236775755	-0.0362482147	0.046829914	-0.0345188866	-0.0083694323	0.0705803049	0.0089002757	0.033536945299999996	-0.1219171308	0.1049564091	0.1385923208	-0.0418706374	0.06513344459999999	-0.0663045712	-0.0323539266	-0.0708741779	0.0250216867	0.0694995925	-0.041245248	0.0518196115	0.0551951926	0.0445431626	0.054927013399999995	0.031504103900000004	-0.0971661145	-0.04164358	0.0375326451	0.1212274909	0.004079667899999999	0.031937122400000004	0.004519495	0.0212260977	-0.0200993662	0.0783829683	0.1210779614	0.0070554684999999985	0.1311068842	0.038543319	-0.1850520559	0.1653775781	0.0033853665999999997	-0.1358666291	-0.1081305921	0.0045236122999999994	-0.0818609834	0.060921433899999995	-0.0989027449	0.0938489742	-0.0099582865	-0.016603285	0.1581315651	-0.0035852723999999997	0.08776238189999999	-0.095533521	0.0389975299	0.1648396462	0.0027021809999999997	-0.1618872445	0.031144079100000006	-0.0584266508	-0.0247446281	0.053606042300000004	0.09292746119999999	-0.1221198498	-0.1594452564	-0.0377851283	-0.0004657255	-0.1417635639	0.050596858	-0.1802310648	-0.1255936634	0.0483679446	0.026903493900000002	-0.031991609500000004	-0.0306822027	0.0732532074	-0.0227109131	0.0306391055	-0.1608506449	-0.11620759800000001	-0.030564162599999996	-0.1348754731	-0.0269236339	0.0565358486	-0.1304088149	-0.0168822241	-0.0361805781	-0.142784482	-0.015754223300000002	0.08917762609999999	-0.0300124188	-0.1270873762	-0.0096509831	-0.026950397799999998	-0.0663562372	-0.0080797725	-0.105137698	-0.0014442297	0.0758010533	0.0193722602	0.0406400291	-0.150942503	0.0503014025	0.0680861828	0.0226245559	0.0525723777	-0.019480925700000002	-0.141154262	0.029608758500000002	-0.013410645	0.0653592677	-0.0694519653	-0.0205040061	0.0036128747999999997	0.1340863008	0.0523419109	0.0512871008	-0.141478852	-0.00015863850000000002	0.09110694109999999	0.0829885524	0.0024480372	-0.1748199239	0.0303167581	-0.036589666	-0.0389474145	-0.0033530947	0.0688719795	0.0307658626	0.1566765577	-0.11167671039999999	0.0895504152	0.0168577338	-0.1432598096	0.157708197	-0.030763125899999997	0.0145933848	0.09784244119999999	0.0077124336	-0.0649340688	0.0989387695	0.0577299871	-0.0417083345	-0.0160803012	-0.1034386848	-0.0437440274	0.027424801699999998	0.12674439980000002	-0.1647278635	-0.0671991864	0.1648348399	0.0405111371	0.1192709142	0.005345824599999999	0.026751304	-0.0457604273	-0.1641564811	0.0468044253	-0.1469702935	0.0340207192	0.0272780645	-0.0900170843	-9.818040000000001e-05	-0.0345533835	0.010582201599999999	0.0127903963	-0.13862752779999998	-0.0595125552	0.0230978083	0.0657074167	0.026463192000000003	-0.014301709199999997	0.0616252138	-0.050817187300000004	-0.0386417593	-0.0430417704	0.08920138	-0.06749101	-0.0584410692	0.016593164	-0.1299842463	-0.1479358308	-0.0092299918	-0.050232153499999994	-0.06441445559999999	-0.0192276658	-0.06918654769999999	-0.012430876399999999	0.08568515619999999	-0.07507859999999998	-0.015909399999999983	0.0002531090083599995	0.005636796177959997	-0.010959899999999998	-0.1723819	0.02971551944761	0.00012011940800999995	0.13136099999999998	-0.024961999999999984	0.01725571232099999	0.0006231014439999992	0.00615113	-0.0018195800000000003	3.783640027690001e-05	3.310871376400001e-06	-0.000183583	0.00013804500000000002	3.3702717889e-08	1.905642202500001e-08	-0.00168585	-0.00034415000000000015	2.8420902225e-06	1.1843922250000007e-07	0.0	0.0	0.0	0.0	0.0	0.0
8507.167367309028	1.8056067604957209	72371896.61540762	3.2602157735478507	9931.707338071783	17.159166224893852	294.43698553353795	98638810.64910892	6490.352003238757	18.103813254670055	327.7480543599673	42124669.12594535	6969.594922618538	11257.13647930482	1.213228	47.584564	0.213131	0.167934	-0.0038621534000000003	0.0073969413	0.0415332008	-0.09115625779999999	0.0187568815	-0.0888479392	-0.0076367125	0.0882855462	-0.0009748633000000001	-0.001762747	-0.0418224291	0.0972709009	0.0276088005	-0.12207923130000001	0.029165235299999998	-0.05634566360000001	0.0734281414	-0.0224267699	-0.11482299789999999	0.0431172594	-0.0712128299	-0.0527972776	0.1125336623	0.022034142200000002	0.0110515051	0.1446656402	-0.0656317609	-0.17253824969999998	-0.0347174283	0.0090326999	-0.11090802109999999	0.0535997491	0.038854483700000005	0.1031295296	-0.0393585703	-0.1334840169	0.0169589433	-0.09808886160000001	-0.0595080717	0.020599831699999998	-0.0380862284	-0.0380791713	0.012725995	-0.036088124	0.06435288019999999	0.0451236016	-0.0296855379	0.0606357246	0.0587041266	0.0538752154	-0.0455755512	-0.0345199077	0.0886720166	-0.1149025075	0.0673523346	0.0058199256	0.1093123083	0.12308092470000001	-0.1235442464	-0.0684545723	0.09673509300000001	-0.0036696884999999997	0.0145632526	-0.0625786445	0.1146969374	-0.12803432550000002	0.0626714964	-0.0100074106	0.0193828521	0.118688371	-0.0605807627	0.0268289585	-0.0089232599	0.047943197300000004	-0.09000741529999999	0.0695295253	0.027071845299999998	-0.0157711444	-0.018885073999999998	0.0561153615	0.042319797699999995	0.0035070859000000004	-0.067435875	-0.0817461142	0.0545388361	-0.0649338731	0.0862387267	-0.1855201395	-0.0783262873	-0.0201035463	0.05157059889999999	0.0482596166	-0.1069328824	0.0381029486	-0.0201833791	-0.0846399499	0.1322994247	-0.0086895752	-0.1108871881	0.0078405384	0.0123745029	-0.0419911017	0.0999968312	-0.0424942305	-0.0067719289	0.0581182564	-0.0907397116	0.0235445455	0.1166572025	0.0660736974	-0.059402822699999996	-0.0119939185	0.0355318562	-0.0630255893	-0.0732031041	-0.0880013878	0.035690852	0.0787355057	0.0182692748	0.0136243631	0.0253370507	-0.015597118500000003	-0.0178105465	0.0315231054	-0.0483730812	0.087116344	-0.097197442	-0.0782952038	-0.028924178199999998	0.1343427214	-0.0028321567	0.1026153883	-0.0451077849	0.0204847775	0.0083482315	-0.2071294512	-0.0077614233	-0.0858338734	0.0692056499	0.0313460765	-0.0860605392	0.0091035251	0.0600071138	-0.1202568659	-0.12387199539999999	0.0353849653	0.0101366401	-0.045050308399999996	0.053314277400000006	-0.027337242999999997	0.0028387115000000004	0.0275957828	0.0653457547	0.0763940139	-0.10435240400000001	0.0585109773	0.0273640696	-0.0265426102	-0.0097304948	0.10568948730000001	-0.0137805159	0.06857502530000001	0.031182098199999998	-0.0141225632	0.0018598051	0.0012485513	0.0205590682	0.0455042234	-0.034072057	0.026951787	-0.0678486852	0.0369746044	-0.0094250241	-0.0167023611	0.0439198351	0.17497526149999998	0.059116071900000004	0.0938482013	-0.1262092736	-0.0853416932	-0.0548442529	0.0640672005	0.0369303406	-0.001071397	0.1462162602	0.169884941	-0.0009856117	-0.0541091946	-0.070508028	-0.0088895647	0.082531862	-0.0732585	0.0018200999999999773	3.312764009999918e-06	0.005366807822249999	0.151224	0.1621839	0.02630361741921	0.022868698176000003	0.142324	0.010963000000000028	0.020256120976	0.0001201873690000006	0.00683979	0.0006886599999999997	4.67827272441e-05	4.742525955999997e-07	-0.000183583	0.0	3.3702717889e-08	0.0	-0.00176047	-7.462000000000007e-05	3.0992546209000007e-06	5.5681444000000094e-09	0.0	0.0	0.0	0.0	0.0	0.0
8530.177384266783	23.010016957754488	72763926.2070565	529.460880396149	9933.12911427884	1.4217762070566096	2.021447582952279	98667054.00093392	6495.999042573698	5.647039334940928	31.889053250370072	42198003.561118394	6977.4705228768335	11356.159939274441	0.8774139999999999	34.413456	0.06818140000000003	0.0432616	-0.0095795486	0.0398838929	0.0432898385	-0.07991363309999999	0.0317718837	-0.0574394438	-0.0050901782	0.065311966	0.0168074171	0.05109031519999999	-0.0236708858	0.0784433189	-0.006130555	-0.1041788333	-0.0706140453	-0.056312082	0.0105385224	-0.0669856064	-0.0240804448	0.0538380956	-0.0040514982	0.033533625299999995	0.0847379848	0.0353936798	-0.0396849223	-0.0638196809	-0.029751353900000006	-0.1092043949	0.0969428006	0.0554008084	0.0068790315000000005	0.07129284820000001	0.07212963389999999	-0.0398407162	0.00032776980000000005	-0.17039662149999998	-0.0052181093	0.0645011323	0.06708544150000001	-0.047420144299999994	-0.0695831416	0.0040031546	0.026915848	-0.018517394	0.0394751781	0.08449413550000001	-0.0221025927	0.0517788934	0.0582215755	0.0254069258	0.0162315871	0.042252289500000005	0.0881782299	-0.1582841695	0.1205060529	-0.0275673045	-0.005476550500000001	0.11413092779999999	-0.1597025785	0.0344994346	-0.0437415912	0.0670595761	0.0737004122	0.0568956027	-0.017451621299999998	0.0200098831	0.05715350740000001	-0.0056446252	0.1201839068	-0.0027829817999999997	0.0896895294	0.0395276334	0.010015791999999999	0.0044558364000000005	-0.0076715646	0.0083460569	-0.030941019	0.016895223100000002	0.0288951616	-0.0067513592	-0.0003193989	-0.1187598102	-0.041521003199999997	-0.0501367719	-0.0696724322	0.0446974192	-0.0016318095	0.0254013379	0.052878181600000004	-0.07656847139999999	0.1305800708	-0.0433590878	-0.100748435	0.040284486	0.0266721047	0.1362652765	-0.023317351	-0.0713636354	-0.0278086227	-0.1141417784	-0.0583071972	-0.0135135329	-0.1049772932	0.0137288501	0.0619203346	0.013511897	-0.0554473123	0.0719703473	-0.02756868	0.0980904837	-0.166412998	0.1435071621	0.1273352338	0.1272216037	-0.0360015337	0.0697492165	-0.0643079334	0.0549907928	0.038961554700000005	0.0020143414	-0.0058354758999999996	-0.0244969569	-0.0505376233	-0.0244431902	-0.030456835800000002	-0.0103494887	-0.13002581400000002	-0.0680076064	-0.0015430625	0.14537216279999998	-0.0070525028000000016	0.06914380769999999	-0.12776686339999999	-0.1166240499	0.0017962833	-0.0975042052	0.0196980093	-0.0369447118	0.0136753747	-0.16507815539999998	0.0293885831	-0.0052631852	-0.0060569840000000005	-0.0132919049	-0.06244014	0.0991644131	-0.013849966799999999	-0.0230888183	0.012464376200000002	-0.0106331084	-0.0962169974	-0.061378394	0.0176312063	-0.06492357650000001	-0.0055429501	0.1064226847	-0.0773707628	0.09368434789999999	0.0405390963	-0.1330869473	-0.037519076	0.0043754949	0.0168797038	-0.09849500130000001	0.0439287426	0.0269519682	0.0584528104	0.0161419913	0.0435518982	0.09470347859999999	0.0070399541000000015	-0.0421985555	0.0489757325	0.0106001802	-0.0346151996	-0.1180735158	0.0851786581	0.0314363898	0.0418352688	0.0251770744	0.0561354453	0.0370341739	-0.1175663824	0.0577209625	0.0837083593	0.1298256368	0.0656567851	-0.0204832599	-0.0718089546	-0.0053378881	0.0791620801	-0.07310909999999997	0.00014940000000003562	2.232036000001064e-08	0.005344940502809995	0.132105	-0.019119	0.0003655361609999999	0.017451731025	0.133981	-0.008343000000000017	0.017950908360999995	6.960564900000029e-05	0.00760163	0.0007618399999999997	5.77847786569e-05	5.804001855999996e-07	-0.000183583	0.0	3.3702717889e-08	0.0	-0.00171091	4.956000000000014e-05	2.9272130281e-06	2.4561936000000144e-09	0.0	0.0	0.0	0.0	0.0	0.0
8528.351179224968	-1.8262050418143192	72732773.83618791	3.3350248547480383	9938.236434030028	5.107319751188697	26.084715040882177	98768543.41868187	6491.65175110427	-4.347291469427546	18.89894312015751	42141542.45761514	6976.179554795356	11720.086073190902	1.0952620000000002	42.95776400000001	0.07835130000000001	0.0667958	-0.09246814119999999	0.0782858557	0.0367044607	0.0273520542	0.0266139704	0.038905276	-0.0951960187	0.0595470254	0.0079284078	0.1384717525	-0.0117101553	0.0063423326	0.10302912060000001	-0.1453957077	-0.14809493810000002	-0.0050881673	0.0574838034	-0.0426716945	-0.09193603550000001	0.0259978638	0.06656666879999999	-0.0200773049	0.029213558900000002	-0.1145336818	0.1088408543	0.0448739415	0.017010813200000002	-0.0108469221	0.0717293162	0.07581449999999999	0.0588765911	-0.0361389811	-0.0036756269	-0.0200945285	-0.010178628	0.0084744225	-0.0383478304	0.0383967515	-0.0869397868	0.0236639862	0.0552189042	0.1511754641	-0.1192306649	-0.0538485943	-0.0812190661	0.1352758161	-0.0145081735	0.028968210499999997	-0.019329748100000002	-0.05407177690000002	0.098896676	0.0217853268	0.08358046549999999	-0.0010406807	0.08704147109999999	-0.0837552029	-0.0714324289	-0.0057160702	0.0636867317	-0.05057308519999999	0.0687303033	0.0047311046	0.0151397631	-0.014568787199999999	0.106098944	0.0464300728	0.047883874699999995	-0.13767833210000002	0.026631180600000002	0.0593530121	0.0374779024	-0.06441280349999999	-0.0857313661	0.0167367275	-0.0604456021	-0.0032111003000000003	0.14085721	-0.042433041500000004	0.0311241943	0.1254919084	-0.0555326626	0.1207442724	0.0109613163	0.0009130843	-0.12680772939999999	-0.0776250811	0.12993411400000002	-0.0403465338	0.0483174952	-0.0810466613	-0.0147863652	-0.0338871418	-0.1324324909	-0.2444726279	-0.08077524629999999	0.08859561980000001	-0.1390963079	0.0138566452	-0.0328921369	0.0135748954	0.0417727381	0.1394498502	0.09547660890000001	0.1057687284	0.008671407800000001	-0.0827226463	-0.063681714	0.0161090279	-0.0260705221	-0.0856278625	0.062242796100000004	-0.0315708423	-0.0166908816	0.0226401807	-0.0205052492	0.1267132594	-0.0811030283	0.018140788600000003	0.0752159674	-0.1056527534	-0.0838413019	-0.045323754699999996	-0.0661260638	0.0066885773	-0.067212087	-0.08878244980000001	-0.072500451	0.0571249334	0.0042795372	0.0750557367	0.0688433816	0.0292878419	-0.0434512171	0.0480038333	0.05707344740000001	-0.043449661900000006	0.0450808443	0.0201733687	-0.0697537205	-0.0713188931	0.038044149900000004	-0.07492186719999999	0.10480736859999999	0.0546694929	-0.127278729	-0.0431700666	0.1166479338	0.0435079629	0.0939922705	0.1045750765	-0.038913939700000004	0.041839855499999995	0.0996130445	0.16636711070000001	-0.0020672732999999998	-0.0300422804	0.0016159210999999998	0.1184848426	0.1364233989	0.0300706149	0.0047002513000000004	-0.051804885	-0.0776400429	-0.1890924352	0.1050571553	0.0670929417	-0.0734878188	0.07608809009999999	-0.18584425359999998	-0.000106625	0.0302415598	0.0450585439	-0.057342124400000014	0.029972985499999997	-0.0055060686	0.005119965	0.0217783408	0.0208575057	-0.0430367933	0.0705945668	0.1043805376	-0.0610901871	0.16565372609999998	-0.0741205711	-0.0490319309	-0.0692934644	0.0216667549	-0.0236329307	-0.0730889481	-0.0017799878	0.0755846496	-0.07390979999999997	-0.0008007000000000014	6.411204900000022e-07	0.005462658536039996	0.0654769	-0.06662810000000001	0.00443930370961	0.00428722443361	0.128353	-0.005627999999999994	0.016474492609	3.167438399999993e-05	0.00767902	7.73900000000001e-05	5.89673481604e-05	5.9892121000000146e-09	-0.000183583	0.0	3.3702717889e-08	0.0	-0.00173941	-2.8500000000000096e-05	3.0255471481000007e-06	8.122500000000055e-10	0.0	0.0	0.0	0.0	0.0	0.0
8493.871859717412	-34.47931950755628	72145859.16929933	1188.8234737041514	9930.290234588101	-7.946199441927093	63.14208557088242	98610664.1431558	6486.371457557077	-5.280293547193652	27.88149994453491	42073014.68541112	6976.995075188335	11352.723081963148	1.202242	47.153675	0.11665429999999995	0.0858436	0.017570661499999998	0.027221960899999998	0.031118316200000006	0.07784566799999999	0.017689231	0.1085225284	-0.1296141238	-0.0010168641	0.0341259604	-0.0531481871	0.0488402321	-0.020512280600000002	0.0028486604	-0.040637500099999994	0.0520083233	-0.0632115058	0.10365119199999999	0.003569594699999999	-0.0675561818	-0.1490884844	-0.0739544687	0.1261993023	-0.0620945304	-0.0553648134	0.0345496728	0.0417686741	0.0914884685	0.03316898	-0.09058295390000001	0.062118811600000004	-0.0835056354	0.10383738810000001	-0.0142524451	-0.1406502269	-0.0567984128	-0.1311602676	-0.0140234105	0.1536668613	0.0656206354	0.043047403399999996	0.130684053	0.11072819939999999	-0.0508556899	0.023611877400000002	-0.0424637404	0.026543591800000002	-0.0825283546	0.053836740300000005	-0.0048057484000000004	-0.07846973410000001	-0.0834128838	-0.03270345	0.008223923900000001	-0.0937159281	-0.0213597708	-0.011737718700000002	0.053496834900000005	0.049492683499999995	0.044704676500000005	-0.0279602196	-0.0437813757	0.1492423929	0.0212067242	0.0874610541	0.0064245082999999994	-0.09798400880000001	0.1241949115	0.009559629699999999	0.0633281527	0.13715768150000002	0.0345546017	0.0034588712	0.023335781	0.0180651527	-0.10672839070000001	0.1773919632	-0.0411550725	-0.0839357377	-0.0453161626	0.0660082417	-0.0075343089	-0.0008389266	-0.036468062200000005	0.0807051429	0.047768140099999995	0.0725742781	-0.0056136927	-0.09528528539999999	-0.0175432404	0.0908315037	-0.0492554778	0.1520338681	-0.0666408559	0.06970340280000001	0.122167839	-0.1445654697	-0.0901154062	-0.0221392912	-0.1346530379	-0.023372212799999997	-0.035177561600000004	-0.0214042775	0.0373347289	0.0346194344	-0.10094734679999999	0.0938658635	0.1822421676	-0.0324720277	-0.0020873158	0.0639938047	0.1608051289	0.0401981085	-0.016530734	0.13152883869999998	0.012549483200000001	0.028253957599999997	0.07880330519999999	-0.050563558499999994	0.053859278600000005	-0.0210436029	-0.05297445940000002	-0.0146984943	-0.007952808	0.1328722948	0.0072610758	0.0030313676000000003	-0.0472015869	-0.0604016972	-0.006214402700000001	0.09166742650000001	0.0186533782	0.005857155	0.1801222	-0.034750857999999996	0.0429127962	-0.0587390763	0.027520412799999998	-0.036588715099999995	-0.0177319118	-0.09009056300000001	-0.0454254528	-0.0720594632	0.047011793600000004	-0.0756943483	-0.0780437579	-0.0521249677	-0.0746387517	0.1600278842	-0.042687212599999996	-0.0702652456	-0.0262045411	-0.0130272367	-0.0575286343	0.0363814271	-0.1522990155	0.0671667207	0.0516949149	-0.0105046806	-0.0524317996	0.0952121885	-0.017650347900000002	0.042095449400000005	0.0362108624	0.1853471545	0.0095978856	-0.0126842557	-0.0619731237	0.0767850284	-0.1010228067	0.1274807909	-0.0007794958999999999	0.10601266470000001	0.0224966012	-0.11853934029999999	-0.0719839723	0.0845235236	0.0147146887	0.0269234636	0.0254812917	0.0764252783	0.1221707707	-0.0275185356	-0.0872501185	-0.0837534833	-0.08697041679999999	0.053983390199999995	-0.1124040797	0.0215498877	-0.0743476354	0.0017799878	0.0718089546	-0.07265	0.0012597999999999635	1.5870960399999088e-06	0.005278022500000001	0.07848339999999998	0.013006499999999976	0.00016916904224999942	0.006159644075559997	0.144065	0.015712000000000004	0.020754724225	0.0002468669440000001	0.00602758	-0.0016514399999999995	3.63317206564e-05	2.727254073599999e-06	-0.000183583	0.0	3.3702717889e-08	0.0	-0.00165733	8.208e-05	2.7467427289000003e-06	6.7371264e-09	0.0	0.0	0.0	0.0	0.0	0.0
8473.837204072015	-20.034655645396928	71805916.96111503	401.38742682963476	9938.906151826268	8.61591723816673	74.23402985493861	98781855.49481004	6480.410014549089	-5.961443007987327	35.53880273748099	41995713.95666813	6970.61701336356	11056.91625602974	1.008985	39.573826	0.1948999	0.12866	0.039365550299999996	-0.038681615	0.0233780633	-0.0005226024	0.0056878415000000005	0.021159558	-0.1195751458	-0.0101230687	0.0720057104	-0.1298755931	0.0400121447	0.0043821333	-0.0479141921	-0.0787227283	-0.1519840166	0.05795295900000001	0.0687069237	-0.0045314246	0.010872093000000001	0.027357042999999998	-0.133157582	0.0028546490000000003	0.0471352815	-0.0043245968	0.0012832005000000001	0.017127104599999998	0.0413932881	-0.0006083792	-0.053730711900000006	0.0662115185	-0.09775867460000001	0.0238225895	0.0662129568	-0.0905049249	-0.0069454777	0.00040185139999999997	0.0758142664	0.008931480600000001	0.0010497668	-0.0692829637	-0.017588661999999998	0.031175088700000006	0.0844187833	0.0037694171	0.0417571562	0.009834973	-0.0633975123	0.0473602416	0.0548342784	-0.1581657623	-0.0206072212	0.0303573356	-0.1078641645	-0.09066279349999999	0.07005288330000001	-0.0065269733	0.0182175246	-0.0061631499	0.08900348470000001	-0.050105629699999994	0.0475704258	0.118124533	-0.0665444744	0.0790324689	-0.112085424	0.0614287675	0.0337911353	0.0179687762	0.033247219	-0.001380585	0.021176011	-0.0126462384	0.1295368283	0.108721784	-0.11888432189999999	0.0392611835	0.0210939005	-0.1345873114	0.22408462210000002	0.05780144900000001	0.10876155189999999	-0.13957623689999998	0.0279851959	0.0207350353	0.0419297283	0.051417993099999997	-0.11623555890000001	0.0448504921	0.0633291906	0.0313844281	-0.1871491152	0.0277628696	-0.0318451715	0.053719477800000005	-0.0343299133	-0.0157045162	-0.0445855899	-0.061106489800000004	0.08236256809999999	0.0613696681	0.0859148505	0.0582960573	0.0266634024	-0.0169559572	0.0154978561	0.0314456105	-0.0266098596	0.1207633173	-0.0498895855	-0.0581812663	-0.0683585153	0.113453365	-0.006553186	-0.05939770730000001	-0.09745069320000001	0.018585572800000002	0.0722188961	0.0078089382999999984	-0.012807646200000002	0.023264382599999998	-0.0331136951	-0.020583532800000002	-0.0412143579	0.1618183267	0.1211797431	-0.08560573839999999	-0.08692484380000001	-0.0312967891	-0.0204861673	0.09758587390000001	-0.03139219	-0.038752533799999996	0.051216433	-2.07046e-05	0.0149880529	0.0095425432	0.09625525970000001	0.1562888926	0.011673824499999999	-0.06105198980000001	0.0662947266	-0.1220605201	-0.07566801179999999	-0.027712127000000003	-0.1225326935	0.09817463900000001	-0.0728413283	0.0916586268	0.0067463163	0.0584214254	0.1534061672	0.0070354926	-0.0026426464	0.028717202799999998	0.0125760245	0.0843255638	0.1150177518	0.0071352563	-0.0172210573	-0.014605843	0.0026439374	0.022040254199999998	-0.0175314298	0.0654272998	0.0526042741	-0.06061856860000001	-0.0666316087	-0.1210466089	0.094523024	0.0071954394999999985	0.022967364599999998	-0.0262117952	0.0516236981	0.12148614880000001	-0.0968252318	-0.0556886925	0.0815214404	0.056681278700000004	0.1135761344	-0.040234172900000004	-0.0161284987	-0.0229760725	0.0325374652	-0.06219883070000001	0.060586583099999994	-0.0205431371	0.1160993614	0.0457736288	-0.0755846496	0.0053378881	0.0678448988	-0.07196370000000002	0.0006862999999999869	4.7100768999998207e-07	0.005178774117690002	0.175478	0.0969946	0.009407952429160005	0.030792528484	0.161461	0.017396	0.026069654521	0.0003026208159999998	0.00757807	0.00155049	5.74271449249e-05	2.4040192400999995e-06	-0.000183583	0.0	3.3702717889e-08	0.0	-0.00161136	4.597e-05	2.5964810496e-06	2.1132408999999995e-09	0.0	0.0	0.0	0.0	0.0	0.0
8479.523851042617	5.6866469706019425	71902324.74040061	32.33795376825624	9945.065535637945	6.159383811676888	37.938008939547316	98904328.50813363	6474.38252091068	-6.027493638409396	36.33067956106574	41917629.02707373	6965.546736147794	11020.69826854891	0.837126	32.833279	0.04718920000000002	0.024724400000000004	0.049392982300000006	-0.045570336399999994	0.0316175313	-0.0259298117	-0.0053847826000000005	0.0020874471	-0.0769735562	-0.1015525209	0.024194179399999998	-0.1082066024	-0.08822387300000001	0.0261631812	-0.036351857599999995	-0.09742340949999999	-0.049345516500000006	0.0785415621	0.0773196979	-0.0500849392	0.0829492265	0.0384583254	-0.0738410823	0.0355168481	-0.0388892821	0.0163312083	0.0363510805	-0.1749790765	0.09600288300000001	-0.1529890197	0.0124597083	0.0052313332	0.0339719832	-0.0390900654	-0.0527266325	-0.012392910600000001	0.0919611316	-0.058475525999999986	-0.0954563752	0.10455851630000004	-0.06906299099999999	-0.0324847397	-0.010176153299999999	-0.0355183803	0.0841207731	-0.00021148580000000005	0.0348991468	-0.0568192374	-0.10339014880000001	0.0342797794	-0.016770196499999997	-0.056755598899999996	-0.0210659462	0.031522517400000005	-0.0776452994	-0.1059276042	0.08760095529999999	0.0614545541	-0.0018693466	0.0496763606	0.024588073199999998	-0.0762564129	0.0737687427	-0.007803844599999998	-0.004116129699999999	-0.0385674231	-0.035078290299999995	0.052502292199999995	0.1274453257	0.0511520375	-0.0747363113	-0.0586913835	0.0768522542	-0.0008550074000000001	-0.1390182434	0.0923692284	-0.0050028371	-0.0370020378	-0.020183068999999998	0.0228671084	0.0014811521	0.0143099419	0.1309460523	0.0467194911	0.0126605932	-0.0454003829	-0.0755921028	0.06648379	-0.043516041299999995	0.0728525625	-0.0621682945	-0.059025827	-0.1497821075	0.0071797803	-0.0376023184	0.0439555833	-0.0908736074	0.048705449299999995	0.0275115241	-0.055498497699999996	0.0417999784	-0.058630519299999996	0.0366047435	-0.041889699100000004	0.11818855539999999	-0.043185621699999996	-0.07127763200000001	0.0682413429	-0.0337556222	0.0301460777	-0.0353799022	0.09184249359999999	-0.023142555899999997	0.0157582367	-0.0850762799	0.0048863882	-0.0073578964	0.0756249312	-0.1455016277	0.0175983334	-0.012975988999999999	0.023914194399999998	-0.0283036506	0.061010305999999986	0.028204793500000002	0.105153505	0.0957635701	-0.0875867895	-0.0474020375	-0.044866541399999994	0.0031120154	0.1416708424	-0.0500986389	0.0113045721	0.0143115396	-0.0365350898	-0.0011259778999999999	-0.0544339783	0.121746375	0.0619716029	0.0697390339	0.0116053856	0.0195996323	0.1498635526	0.005695869300000001	0.0377981809	-0.0214503146	-0.060584139400000014	0.031230284100000002	-0.0032052268	-0.1053555213	0.0424904317	0.0892116694	0.0203499768	0.0385598281	-0.0639361913	-0.013323581499999999	-0.0675448597	0.0048706910999999995	-0.0392921731	-0.03424357	-0.015614813799999997	0.0001675755	0.0534911513	-0.0382323793	-0.1464716335	-0.07809092690000001	-0.1271703996	-0.09476995279999999	0.049874977599999995	0.0235748187	-0.0039267447	-0.0072422142	0.025938701600000003	0.07704071	-0.0539614453	-0.020737911799999998	-0.003286344	-0.072426685	-0.0160586527	-0.0489654701	0.0449388275	0.0135931202	-0.0125074078	0.097962627	-0.0109335775	-0.0340869742	0.053637654800000004	0.029128119900000006	0.0113275324	-0.0767996302	0.0088895647	0.0637028804	-0.0737856	-0.0018218999999999874	3.3193196099999537e-06	0.005444314767360001	0.155469	-0.020009	0.000400360081	0.024170609961	0.172802	0.01134100000000002	0.029860531204000007	0.00012861828100000042	0.00761766	3.958999999999994e-05	5.80287438756e-05	1.567368099999995e-09	-0.000102457	8.112599999999998e-05	1.0497436849000002e-08	6.581427875999997e-09	-0.00177099	-0.00015963	3.1364055801000008e-06	2.5481736900000003e-08	0.0	0.0	0.0	0.0	0.0	0.0
8479.442695136171	-0.08115590644592885	71900948.42009817	0.006586281151060356	9930.420167228314	-14.645368409630466	214.48681585380194	98613244.69769482	6475.288284681913	0.9057637712330688	0.8204080092783511	41929358.36973883	6962.7924555169275	10905.55840049314	0.8480030000000001	33.259879999999995	0.08387810000000001	0.0449019	0.09208495609999999	-0.0408940944	0.0195325104	-0.043388760400000004	0.004409624799999999	-0.0205250794	-0.027752943199999998	-0.1290263092	-0.0059948168	-0.10164140199999999	-0.1396088383	0.057806243	-0.1333158741	-0.0430681467	-0.0704279783	0.0696032164	0.0183809642	0.08064119019999999	0.048737442199999995	0.04454071	-0.0242703921	0.0083872626	0.0051189065	-0.051786094299999995	-0.023853349300000003	-0.0708844409	-0.0016217319	-0.019370041100000002	0.047629341500000005	0.0295597978	0.0014542386999999999	0.0613711317	0.050256545	0.0209053183	0.055706745999999994	-0.0069252254	-0.0056832823	-0.0255021719	-0.0830388866	-0.0167396435	-0.0338367827	-0.0339134323	0.0378593549	0.0210707444	0.0783369176	-0.0804275193	-0.0884022089	0.0075597884	0.0036688751000000003	-0.10735898199999999	-0.0052391796	0.0477967617	-0.1203377351	-0.0642487772	0.0014445215	0.0543599992	0.1024659198	-0.0041532049	-0.1073555506	-0.037854862	-0.005603773100000001	-0.0835849524	0.0055863073	0.1347001367	0.0059280487	0.18016819010000001	-0.0017009022	-0.0758886537	0.035786302400000004	0.0014795741	0.1573958477	0.010549876299999998	-0.22576901530000001	-0.132218557	0.0397688262	0.023881277200000002	-0.0026883919	0.0618517662	-0.0037440041999999996	0.10505634230000001	0.0827160854	0.0715495691	0.0579762477	0.0218914906	0.0054894892	-0.0484979123	0.0556321496	0.0356927062	0.08058019570000001	0.0655310351	0.0278127316	0.0655012438	-0.0538056418	-0.1074189443	-0.0722014633	-0.1194027325	-0.0565686699	-0.020387998100000002	0.0198729542	-0.0745144554	-0.09840675970000001	0.0659260335	-0.10826456890000001	0.0063636748	-0.0785400607	0.10854232220000001	-0.0037715145000000003	-0.0730763589	-0.0413916293	-0.0261895358	0.02086269	-0.10386338949999999	0.0648208067	0.1020329514	0.09183934220000001	-0.0574247032	-0.040407242	0.0336833564	-0.006968966500000001	0.06616695639999999	-0.0180752195	0.0847101091	0.03554639	0.0763182638	0.1537878684	-0.0836996579	-0.0532992214	-0.0456589585	-0.0177442553	0.0549190084	-0.0758427785	0.050264768700000004	-0.0470861319	-0.0754654657	-0.10229679539999999	-0.0401220006	0.0314351937	0.0375950254	0.0666795157	-0.0266956207	0.0672205315	0.0488776689	0.0466457743	0.1358294193	0.0841404723	-0.143586356	0.0377109587	0.0502111054	-0.0677349589	-0.0493878796	0.0345206424	-0.006522845699999999	0.0795488172	-0.0045484968	0.0104422462	-0.043302992699999994	-0.12263187630000001	0.0903285509	0.0651307191	0.0321575236	0.0815969268	-0.0469504049	-0.10288633960000004	0.061141526900000014	0.0370100927	0.12194344039999999	-0.0651257447	0.0913594611	-0.17395610379999998	0.0679577827	0.07998156719999999	0.018579091000000002	-0.0028539781	0.0349684116	0.0751325129	-0.08345104519999999	-0.0794080341	-0.0216532039	0.046630438499999996	-0.032964486800000005	0.0480078959	0.0143394971	-0.0081094835	0.14303710039999998	-0.032751947000000003	0.0520723979	0.0002143576	0.0351354111	-0.0779922229	0.012430876399999999	0.0593937641	-0.07441359999999997	-0.0006279999999999619	3.9438399999995216e-07	0.005537383864959995	0.192364	0.03689500000000001	0.0013612410250000008	0.037003908496	0.187261	0.014458999999999972	0.035066682121000003	0.0002090626809999992	0.00793048	0.00031282000000000017	6.28925130304e-05	9.785635240000008e-08	-0.000332389	-0.000229932	1.10482447321e-07	5.286872462399999e-08	-0.00167582	9.517000000000012e-05	2.8083726724e-06	9.05732890000002e-09	0.0	0.0	0.0	0.0	0.0	0.0
8494.908400140968	15.465705004797199	72163468.72678559	239.1880312954092	9939.248292656452	8.828125428137357	77.93579857492536	98788656.6230742	6472.7820508060595	-2.5062338758534684	6.281208240475496	41896907.477237105	6957.727232096426	11251.911276552522	1.262493	49.516781	0.14306410000000006	0.104558	-0.0247378771	-0.0190958061	0.0160908155	0.0358228808	-0.0064244341	0.0080028084	-0.0016431151000000001	-0.1252866804	0.0749008124	0.0001212826	-0.19250050829999998	0.0371670969	-0.0138994421	-0.08036622780000001	-0.071141265	0.054218175199999996	-0.059574105599999996	-0.0316565296	0.0425025738	0.0691766106	0.000335581	-0.107742475	-0.012848255900000001	-0.0111564124	-0.012207361699999999	-0.1360920932	0.0779432612	0.0525047212	0.0235889068	0.0018478716	0.0026210042	0.0995098948	0.0641566146	-0.041768345899999997	0.0356955679	-0.0143033504	0.003873311	-0.0089460637	-0.0029978596999999997	0.021019633399999998	0.039139327200000004	0.0476804733	0.0251732658	-0.06548071849999999	-0.0599772034	-0.025159926099999997	-0.0478457491	-0.002887173	-0.07878428230000001	-0.0248970006	0.12405824050000001	0.1133039173	-0.0809252044	-0.0194756828	0.052478482199999996	-0.1237995737	-0.0243870961	-0.1402168017	0.0218409028	-0.0673480542	0.10639831289999999	-0.033791307	-0.091354461	0.0903013473	0.0451846367	0.0886631499	0.0187113627	-0.023091136800000002	0.19067345579999997	0.133050155	0.0002350891	0.018224781699999998	0.0538804735	0.0936520275	0.022822130299999997	-0.1238978674	-0.0289764873	-0.08706990939999999	-0.0754623772	-0.0770367102	0.0688281691	-0.0343334169	-0.0288047747	-0.042510392699999996	-0.0125395848	0.0729471133	0.0188416389	0.0187592551	-0.0422093216	-0.0004132461	-0.09071684890000001	-0.1978946587	0.056872085	-0.0318368671	0.043021700999999996	0.0030840234	0.0686650055	-0.0055335383999999994	-0.0459152693	-0.1759063322	0.1463218017	-0.11248991380000001	-0.0872149543	0.1716478984	-0.0139579725	-0.0448857837	0.0224729608	0.0536997499	0.1789096113	-0.0357539845	-0.0322788386	0.0406749662	0.004970841	0.0196750593	0.1857752189	-0.0235680854	-0.1415105974	0.0450711272	0.023488519700000002	-0.07784251360000001	-0.0666108712	0.11723264300000001	0.0592027492	-0.0313223458	0.0483418642	-0.18059253960000002	0.022076606600000003	0.0373249743	0.0053967911	0.0574135438	-0.0056104501	-0.0384127382	-0.1128882949	0.0383397234	-0.162271561	-0.027739882900000002	0.0063852572	0.1498728687	-0.1551130757	0.0076312154	0.1820640064	-0.0639551151	-0.0034750849	-0.021312449900000002	-0.0119353081	0.1016459025	-0.0689690468	-0.0103292916	-0.0934708196	-0.0738756896	-0.0058696357	0.1168286725	-0.0511608426	-0.0277638581	-0.0599062795	-0.013422406599999999	0.0119202866	-0.07042513780000001	0.032171445800000004	-0.0162331811	0.0645941734	-0.0170325268	0.0650946991	-0.1122026608	0.0177166513	0.003989585	0.0224878244	-0.1141092642	0.062146983899999994	-0.118743642	0.0580550119	-0.061515608	0.0826557312	-0.0571395249	0.0093929302	0.0164697636	-0.1405074563	0.1339671795	0.0151442129	0.0592323055	0.030059701600000002	0.0404090042	0.12082374859999999	0.022639094300000003	0.08432820460000001	-0.0932815668	-0.11201119779999999	-0.0572114645	-0.0791620801	0.0159576943	0.054928853300000004	-0.07698159999999997	-0.0025680000000000013	6.5946240000000036e-06	0.005926166738559995	0.0937307	-0.0986333	0.00972852786889	0.008785444122489999	0.153348	-0.03391299999999997	0.023515609104000003	0.001150091568999998	0.007937699999999999	7.219999999998755e-06	6.300708128999999e-05	5.2128399999982034e-11	-0.000183583	0.000148806	3.3702717889e-08	2.2143225636000003e-08	-0.00167285	2.9699999999999262e-06	2.7984271225000003e-06	8.82089999999956e-12	0.0	0.0	0.0	0.0	0.0	0.0
8500.201004685003	5.292604544034474	72253417.12004793	28.011662859534372	9946.949576676021	7.701284019569358	59.309775550074356	98941805.88093528	6475.166586029057	2.3845352229973287	5.686008229714919	41927782.31682719	6963.669810569964	11095.513785717458	1.275324	50.020031	0.14749675000000007	0.123151	0.0638374922	-0.0254803218	0.0377152525	0.0432881001	-0.0220074992	0.044253128200000005	-0.0548441278	-0.1473541494	-0.0309471737	-0.0603996806	-0.1132158515	0.0869590559	-0.028198634	-0.07254146110000001	0.0683239441	-0.0740094704	0.0083282691	0.0096307606	-0.0183895819	0.0382713028	-0.0407982885	-0.047598778	0.0430028951	0.036086386899999996	0.0249974349	-0.0782305574	0.0439839444	0.10405657199999999	0.0723559248	-0.0131680656	-0.0786565633	-0.11873738710000001	0.05423522730000002	0.042937644299999994	0.0863606619	0.038097031600000004	0.1185353343	0.017029815900000002	0.0623639704	0.0498953211	0.0569837556	-0.0386037139	-0.08730652009999999	0.0257910291	-0.012402835	-0.0752017935	-0.1465346884	0.06608577980000001	-0.0498600247	-0.0040229607	-0.0672063931	0.059343550599999996	-0.0414838744	-0.076441151	0.0701242976	0.07154583219999999	0.10977756400000001	-0.05878273360000001	0.0112698417	-8.42558e-05	-0.0045930823	-0.0368714436	-0.0677758956	-0.0819167027	-0.0478948323	-0.051711145099999994	0.09802688960000001	0.0411090423	0.0361091759	-0.0206798378	-0.050007660499999995	-0.0679364368	-0.0502240385	-0.060298205099999995	-0.0643375227	0.0085483901	-0.059247873300000004	-0.0487066024	-0.0337317706	-0.010879291299999998	-0.0068469304	-0.0129624915	0.0184472416	-0.0854217692	-0.0525109596	-0.0877906694	-0.0840926541	0.1540525698	-0.0417458333	0.0790658765	-0.1210858109	0.0875241534	-0.0471745175	-0.0290180432	0.0404212309	-0.1313398565	0.0785185056	0.0595027697	0.017907341	0.0018906835000000002	-0.0005853949	0.033633904900000004	0.1593860172	-0.0503125987	0.0838811624	0.0082623662	-0.11523011039999999	-0.0375250241	0.041410844700000005	-0.2574529141	0.028852118599999997	-0.037434081	-0.051555200700000005	0.08964021650000001	-0.005211632700000001	-0.0774402897	0.0071094343	-0.0148114352	0.0263210891	0.0301654914	-0.0743611914	0.1230305228	0.1048843785	0.0720103165	0.031112011600000006	-0.012259139799999999	0.0053319205	-0.09486501779999999	0.041528644100000005	0.0960855829	-0.0703380146	0.0671861703	0.11901777949999999	0.0177155687	-0.0746945841	0.005104806	-0.0064825633999999995	-0.045064340300000005	-0.0318845689	0.1048203523	0.058790399800000004	0.1088278749	0.004634554	-0.030045549900000006	-0.012862898000000001	-0.014914858799999996	-0.0216201354	0.0457046419	-0.0794483678	0.0431460584	0.06122606150000001	0.0104711233	-0.0134619457	-0.056563293499999986	0.033637113999999996	0.045553486500000004	0.06376427929999999	-0.0616759093	-0.11908465160000001	0.0224589858	0.0114992824	0.06202049780000001	-0.2290733439	0.026650422799999997	-0.026016839	-0.0100619025	-0.0687985016	-0.051498017800000004	-0.0137847297	-0.0101129324	0.0122469926	0.1319861783	-0.0824495574	0.0077597767	0.0204683111	0.0772895698	-0.1451233264	0.0227938	-0.0213012832	0.0020801239	-0.11475784720000001	0.0194232554	0.054602756399999994	-0.1093566883	0.1167753214	-0.0571247014	0.1426894417	0.0940774901	-0.0803088607	0.0194659062	0.0503198596	-0.07711429999999997	-0.00013269999999999949	1.7609289999999863e-08	0.0059466152644899965	0.08893199999999997	-0.004798700000000032	2.3027521690000296e-05	0.007908900623999994	0.152417	-0.0009310000000000153	0.023230941889	8.667610000000283e-07	0.00554294	-0.0023947599999999997	3.07241838436e-05	5.734875457599998e-06	0.000192354	0.00037593699999999996	3.700006131600002e-08	1.41328627969e-07	-0.00161086	6.199000000000005e-05	2.5948699396e-06	3.842760100000006e-09	0.0	0.0	0.0	0.0	0.0	0.0
8517.656449711358	17.455445026354933	72550471.3953095	304.69256106809934	9937.815644575234	-9.133932100787208	83.42871562179099	98760179.78556427	6486.111081888892	10.944495859835117	119.78198962594796	42069636.96660189	6966.730869800042	10991.556930042481	1.0141730000000002	39.777321	0.22388040000000006	0.14587	0.0988193952	-0.0205506354	0.0506500522	-0.0645180541	-0.0131060638	-0.0672222611	-0.07160011849999999	-0.11170450779999999	0.0097630219	-0.11621248320000001	-0.1072630289	0.107614334	-0.0737129645	-0.0871027009	-0.06361581200000001	0.023865587400000002	0.0430776536	0.1349937087	0.0208266017	-0.0457318473	0.0081252618	0.0127791692	-0.043508947699999995	-0.004608147	-0.0351050018	0.0723278423	0.1349800887	-0.047295373099999996	-0.1191055424	-0.0420076553	0.0682669625	-0.0674613389	0.056855329	0.058410770199999996	-0.07777856	0.1220365959	0.043720761	0.024777688500000002	-0.0148584345	0.0683372349	0.0692627415	-0.0395112566	-0.1445461338	0.0319087603	0.1029805773	-0.0546611241	-0.12278340689999999	0.08199048980000001	-0.0511311513	-0.0153476764	-0.0011200434	0.10167867800000001	-0.1215403966	-0.0917215314	0.0678480607	0.0322711513	0.10126474380000001	-0.0955776217	-0.0803031808	-0.0754578514	-0.062600955	-0.0417152455	0.0176499884	0.1381925726	0.051095515099999995	-0.0337670689	0.1264766096	-0.0007354786	-0.057337986500000014	-0.0438490829	0.0557660116	0.0354085473	-0.0043207594	-0.08862429150000001	0.0347382905	-0.042302348200000006	0.1265904934	0.09803982039999999	0.1584098557	-0.020906658999999998	-0.0446004768	-0.092802389	0.0087351818	0.0912759274	-0.006831230600000001	-0.0524801584	0.0728950087	0.06490550980000001	-0.0788923925	0.0365010623	-0.0692676506	-0.0045449337	0.07932147839999999	0.10510977839999999	-0.0416996343	-0.0483375528	0.000826711	0.0724031721	-0.06229856230000001	0.1500421884	-0.0168330023	-0.048623751500000006	0.0335153177	0.037694034	0.0484842121	-0.0230156868	0.10425506050000001	0.1642354766	-0.0834642297	0.0201755181	0.0457499145	-0.1037906947	-0.0596763189	0.042525247	-0.023382001800000003	0.08573820019999999	0.1232461241	0.06464258690000001	0.005359535699999999	0.1106084566	-0.0531793067	0.11892526449999999	0.0344396296	0.0640078918	0.10319205890000001	-0.09777383419999999	-0.029316461499999998	-0.1293452835	-0.022727915699999997	0.07606294599999999	-0.060263816	0.011339345800000001	-0.008224701	-0.0144614253	-0.1486411634	0.025855152200000002	-0.075869515	0.013299345700000001	0.0809137202	-0.08429961970000001	-0.0195069106	-0.0580211831	0.0221614601	-0.061598873	-0.0314524776	-0.11605019109999999	0.1022127324	0.0078347595	0.0468563838	-0.0217021963	0.127657019	0.0543525604	1.7158299999999998e-05	-0.0332610889	0.1125798722	-0.0084120654	0.047616009699999996	0.061341837999999996	-0.09887558560000001	0.0071120303000000015	-0.006582950600000001	-0.042660410999999995	-0.0072755002	0.0922455216	-0.0739996878	0.0288872157	0.0678795592	0.08556457529999999	0.0401237836	-0.12146953519999999	-0.0001416251	-0.0462241866	0.0705555204	0.021664885699999997	-0.0082132098	0.07744612349999999	0.0573876928	-0.0839387783	-0.056153301100000004	0.09100676710000001	-0.0992995115	-0.11599767779999999	-0.0902392351	0.0481152272	-0.0409534732	0.0246352162	-0.0270467572	0.006575952800000001	-0.0814322305	0.0229514217	0.0455788729	-0.07479919999999997	0.0023151000000000005	5.3596880100000026e-06	0.005594920320639995	0.211781	0.12284900000000006	0.01509187680100001	0.044851191961	0.17833099999999996	0.02591399999999996	0.03180194556099999	0.0006715353959999982	0.00690246	0.0013595200000000006	4.76439540516e-05	1.8482946304000007e-06	0.00028375	9.139599999999996e-05	8.051406249999999e-08	8.353228815999993e-09	-0.00161599	-5.130000000000109e-06	2.6114236801000003e-06	2.631690000000111e-11	0.0	0.0	0.0	0.0	0.0	0.0
8551.633997907004	33.977548195645795	73130444.03415892	1154.4737813874326	9950.908249438029	13.09260486279527	171.41630209329034	99020574.9887338	6492.446972449071	6.3358905601789965	40.1435091905653	42151867.690063104	6973.456288970999	11234.995667005163	0.919907	36.080063	0.07283465	0.0419201	0.08607387529999999	0.0387096306	0.06243380320000001	-0.0638238819	-0.0077895825	-0.0122731603	-0.010604385	-0.1491344636	-0.0190000583	-0.0129600799	-0.17335614579999994	0.08717162980000001	-0.1346979481	-0.10144852310000001	-0.108349079	0.012054121899999999	-0.0225832848	0.093542927	0.024291038100000002	-0.0694711841	0.0126953554	0.0761930485	-0.062299432599999996	-0.0258191367	0.0451607209	0.0466754813	0.10090631679999999	0.10383562810000001	-0.010869280700000001	-0.0098578534	0.0474601346	0.0402998834	-0.05723297190000001	0.039331813	0.0439425866	0.0669249715	0.1498497288	0.0844960525	-0.0003461163	-0.010633013600000001	-0.0524703487	-0.0166724717	0.0365201357	0.0567018679	0.0729788841	-0.017623814499999998	-0.0707852065	0.0756077119	-0.0054428561	0.0554184374	-0.037692763	0.1197518757	-0.1002824923	-0.0905325416	0.12847395009999998	0.0363002198	0.0485227836	-0.0191543465	-0.0510224668	0.0288219093	-0.0878814027	-0.0542433268	-0.0727936857	-0.0004815597	-0.0858696971	0.0550081924	-0.0795037279	0.059526601799999995	-0.0933135115	-0.0400020316	-0.046063609900000003	0.0590328833	-0.0532472259	0.056282732099999996	-0.0704093125	-0.0870174313	0.047411076100000005	-0.0278099255	0.0937744974	-0.23061131510000002	0.075854381	-0.0588990347	-0.0365016019	-0.09155713619999999	0.0311747373	0.1206747017	0.044358516699999996	0.0041647045	0.0082267802	0.0077158401	-0.0348547433	-0.0086933331	0.1036681046	-0.066789227	0.0435269575	0.0096111915	0.17316920670000002	-0.0073141471	0.0033053329999999997	0.039292489	-0.017479591699999998	0.09600702400000001	0.039635019	-0.0764336087	0.10291525550000001	-0.0412472932	0.0321539839	-0.039027635899999996	-0.075391702	0.064627832	0.1130839783	0.043047006	0.062152462	-0.1117887791	0.009274366	0.052800828099999995	0.0403910289	0.043166046500000006	0.0397260745	0.0894774736	-0.0597554321	0.108862674	0.0032756737	-0.0415218589	0.1289412831	-0.0804696743	-0.044577626100000003	-0.16505738609999998	0.0358142126	0.0588524157	-0.0558655512	0.0633037124	-0.0618198274	-0.0122527943	-0.0708341381	0.10887996119999999	0.0589160346	-0.006650247099999999	0.0831862242	0.054256557000000004	0.0253743079	-0.0214429269	-0.1032531687	0.0547448729	0.1453885457	-0.0668123185	0.039700545	-0.0192702197	-0.009108618	-0.0301702696	0.1357993132	0.050614861100000005	-0.0537781579	-0.05341544	0.0533747461	-0.0265512021	0.046887255700000005	-0.0642013055	-0.0238901521	0.015455758	-0.100808146	-0.0011224007	-0.0224478097	-0.0468544165	-0.0897729431	-0.0561867795	0.0379285298	0.027802911099999997	0.09763106839999999	0.0134323694	-0.0533550453	0.0128856956	-0.048393503	-0.0116632667	-0.0128033848	0.0092635696	-0.0082395539	0.1099698172	-0.0469678839	-0.0808196973	-0.0354257505	0.0894919958	-0.07967947660000001	-0.012566699099999998	-0.0585684199	-0.0703398879	-0.0160665043	0.0770203413	-0.082531862	0.0264101769	0.0407183291	-0.0746183	0.00018089999999997	3.2724809999989137e-08	0.00556789069489	0.17773699999999998	-0.03404400000000002	0.0011589939360000011	0.031590441168999985	0.193602	0.015271000000000038	0.037481734404	0.00023320344100000103	0.00731155	0.00040909	5.34587634025e-05	1.6735462809999995e-07	0.000336195	5.244500000000003e-05	1.13027078025e-07	2.7504780250000033e-09	-0.00161075	5.240000000000106e-06	2.5945155625e-06	2.745760000000111e-11	0.0	0.0	0.0	0.0	0.0	0.0
8546.94067617109	-4.693321735912832	73050194.92198794	22.02726891679184	9946.637348396534	-4.270901041494653	18.240595706240114	98935594.54051684	6500.281868734111	7.834896285040486	61.385599797341214	42253664.37299343	6981.883918689809	11593.273527106443	1.276027	50.047615	0.22701956	0.121782	-0.0162348787	0.0828736337	0.022075566499999998	0.0527254801	-0.0156043625	0.044954274100000004	0.0388928486	-0.1132076943	0.0897205241	0.113790309	-0.0731741216	0.0646545908	-0.0579628365	-0.12240984810000001	-0.0416916876	-0.0470997692	-0.07242168410000001	0.0557873088	0.0322597674	0.08528514359999999	0.0706947862	-0.0647789553	-0.0370814198	-0.0572937582	0.055710994400000005	0.1301185601	0.0326936367	0.1677630014	0.1074742093	-0.06988852940000001	0.0038329221999999995	-0.0340994282	-0.11987004539999999	-0.0268844222	0.0657403055	0.0157484988	0.053735613499999994	0.0523107936	0.1509753925	0.0123599052	0.0302709194	0.1184677567	-0.0571205128	0.0184351207	-0.0414908015	0.1180449576	-0.0267156454	0.0255665544	0.0071735343	0.0135836651	0.0695015404	0.1908754606	-0.12019355779999999	0.055445781799999996	0.07910743190000001	0.0415962583	0.0908704153	0.029204012	-0.0152857798	-0.0442829375	-0.1482754674	-0.08523904759999999	0.0267300489	-0.0870471798	0.27195106059999996	0.1412302252	-0.09094638710000001	-0.0930144331	-0.0189504942	-0.0007111072000000001	-0.1065091862	0.09876831650000001	0.0699560365	0.1364490582	0.0877031115	0.11998158619999999	0.1650578805	-0.0518149463	-0.014128038899999999	-0.0356921918	0.1332015269	0.0271606068	-0.0565138861	-0.047351498	0.1048524718	0.0575023765	0.0208511893	-0.0093193819	0.009522175400000001	0.0133686011	-8.297440000000001e-05	0.1125411689	-0.0111456691	-0.1391817643	-0.04243133809999999	0.0963607964	0.017378509599999998	-0.0298745197	-0.023653738900000002	0.1256350263	-0.042183573099999996	-0.0494265909	-0.0342267036	-0.0016705506	-0.0325223402	-0.054575065	0.058351458700000004	-0.0938558988	0.0135656352	-0.0270171872	-0.0597711659	-0.08780878210000001	0.032248283100000004	0.08617733050000001	0.0276060861	0.0352369038	-0.0261645555	0.0087244164	0.049153999000000004	-0.043573493600000006	-0.1316627109	0.004253638	-0.0240076499	-0.1344814401	0.10832528570000001	-0.1076368311	-0.0736872588	-0.13146163859999999	-0.039669664300000004	-0.045857784699999994	-0.1002734077	0.0569416814	-0.1561316621	0.1550991324	-0.048808464100000004	0.0983066733	0.0462356999	-0.0975162179	-0.1693763584	0.029740256	0.0136406661	-0.0594338163	0.0125334777	0.06443971150000001	0.016407995800000002	-0.0714597757	0.1154453639	-0.1116657142	0.1761016229	-0.0495765425	0.1370815775	-0.0272518812	-0.13441348449999999	0.0457774811	-0.154680135	-0.09511051220000001	0.0064735331000000005	-0.011586976200000002	0.032789107799999995	0.0219869654	-0.1436749646	0.0842301232	0.022591650699999997	0.0050962574	-0.08572843720000001	-0.023717278900000003	-0.0045471949	-0.048032880099999994	-0.15401985710000002	0.0892562481	-0.0028617734000000003	-0.051919104699999996	0.045324224100000005	-0.0537931545	0.0841332194	-0.0338617791	0.1426873898	0.0048916894	-0.0680821878	-0.0732711906	-0.0023413945000000003	0.0713600635	0.0560323534	-0.0011846265	-0.0644353181	0.0172596473	0.0664361718	0.0328004176	-0.0836074347	0.0298381391	0.0357509779	-0.07757179999999997	-0.00295349999999997	8.723162249999824e-06	0.006017384155239995	0.100464	-0.07727299999999998	0.005971116528999997	0.010093015296000001	0.13346400000000005	-0.060137999999999935	0.01781263929600001	0.003616579043999993	0.008772429999999998	0.0014608799999999975	7.695552810489996e-05	2.134170374399993e-06	9.55138e-05	-0.00024068120000000004	9.12288599044e-09	5.7927440033440015e-08	-0.00164229	-3.154000000000004e-05	2.6971164441e-06	9.947716000000024e-10	0.0	0.0	0.0	0.0	0.0	0.0
8525.866829685188	-21.073846485902322	72690405.19752617	444.1070057113777	9935.851570605395	-10.78577779113948	116.33300255983765	98721146.43310171	6484.396573159811	-15.885295574300473	252.34261548289012	42047398.918006696	6972.823446351418	12264.715913267062	1.532445	60.104698	0.15848589000000002	0.0933429	-0.2275696791	0.072400873	0.0323908802	0.129777988	0.0010705922999999999	0.0652321608	0.053873638700000004	-0.035950702200000004	0.1759848485	0.1224218465	0.0885964424	0.053552389000000006	0.079345975	-0.08481957050000001	0.048854052	-0.0661187762	-0.0130006705	0.0661688923	0.06371435240000001	-0.1994524651	0.1493182956	0.0143075401	0.0589037866	0.047647234000000004	-0.0037794385999999998	0.0163169032	0.1832470091	-0.0755586865	-0.0593402128	-0.0125629071	-0.0764432321	0.0460520784	0.0758997366	0.0389882306	-0.0877252125	-0.1676968916	0.06698435009999999	-0.0111262249	-0.010188208399999999	-0.049578915	-0.1161479032	-0.0704230538	0.055588132	-0.10383878710000001	-0.1114604708	0.1405628132	0.1210998714	-0.1083423023	-0.1556259101	0.034922356099999996	0.0626013634	0.0363715278	-0.0946944743	-0.0247974773	0.0043522182	0.0587355482	0.115931967	0.0683880575	-0.043807819299999995	0.18963487739999998	-0.0036602689000000002	-0.0912968558	-0.10696881779999999	0.0989215385	0.00047836300000000004	0.0688230999	-0.1280094988	0.1535667575	0.0299290254	0.1888162516	0.0142032653	0.0339124764	0.0195959491	-0.00037339029999999997	-0.0512732019	0.0004291065	-0.0340898011	-0.0180855499	0.1277567984	0.1884234716	-0.16848750980000002	-0.0463432286	-0.1970052743	0.1820364936	0.0708807178	-0.06476922480000001	0.0077687247	0.1113171273	0.0230685529	-0.1340404726	-0.0089384409	0.0313255237	-0.0915169345	0.0528257158	-0.08702915550000001	0.1177426931	0.050909376799999996	-0.021961151	0.0814868512	0.07218064889999999	0.028672233300000002	-0.0823068945	0.0610044515	0.0238994632	-0.1143908493	-0.0219751326	-0.1288581161	-0.0300020867	-0.0602147223	-0.0042272970000000005	0.0363553301	-0.055973294900000005	0.08935200859999999	-0.0633056772	0.0791982772	-0.1847175073	0.0199759508	-0.0061077355	-0.0354183558	-0.18701347699999998	-0.0524947405	-0.1490461741	-0.0242827483	-0.0682670126	-0.0117794771	-0.1131031748	0.1606186251	-0.0739419622	-0.1467608205	0.0055286384	-0.1040867066	0.08977046820000001	-0.053255092999999996	-0.0921684051	0.09195729679999999	-0.044580473899999994	-0.1365505095	-0.07729534910000001	-0.0425404236	0.0402947375	0.137288444	-0.08211890599999999	-0.2441552813	-0.0111509107	-0.0209182248	-0.0509313576	0.0522446712	-0.025265102200000004	-0.20094775469999998	0.127627019	-0.0070650910999999995	-0.0034635678999999997	0.10667254710000001	0.1657570349	0.046276065899999996	0.1261252292	0.0077927499	0.1484771306	-0.0487981189	0.0518050126	0.055559381799999995	0.1088729876	0.1214260433	0.1882142818	-0.0493682954	-0.0168666341	-0.0543600095	-0.120212212	0.0389470101	-0.0041295661	0.1083704817	-0.0686329524	-0.0073488936	-0.0027145206	0.16712705890000001	0.0312093819	0.0506434382	-0.0581268721	-0.1867659611	0.06456232	0.0197139357	0.0328099991	-0.0320046393	0.10035099130000001	0.0333080452	-0.1323777847	0.036829793900000005	-0.0646909823	-0.0846586349	0.0332313112	0.0306898489	-0.0954989	-0.017927100000000033	0.00032138091441000097	0.00912003990121	0.0126763	-0.0877877	0.0077066802712900005	0.00016068858169	0.11835300000000006	-0.015111000000000001	0.014007432609000014	0.00022834232100000002	0.00912069	0.00034826000000000296	8.318698607610002e-05	1.212850276000021e-07	4.7322e-05	-4.81918e-05	2.239371684e-09	2.3224495872399994e-09	-0.00199904	-0.00035675000000000013	3.996160921600002e-06	1.2727056250000006e-07	1.0	0.0	0.0	0.0	0.0	0.0
8508.999028644781	-16.867801040407358	72403064.46947783	284.52271193876754	9922.281838348026	-13.569732257368742	184.13763353667375	98451676.87961107	6476.584789926143	-7.811783233668393	61.02395728982262	41946150.541102655	6959.27031419146	12418.945320354065	1.366833	53.609169	0.12531857	0.08307010000000001	-0.3433505701	0.0327815622	0.006391042800000001	0.0648973663	0.014072418500000001	-0.0366658222	0.0365382232	0.0453238822	0.2380130918	0.1014902315	0.0713617131	-0.0751071596	0.1034303706	-0.1246513527	-0.09227700400000001	0.0175586336	-0.10140666220000001	-0.0677419334	0.0582243109	-0.132032232	0.18599952	-0.1259352768	0.0232878792	0.0632747363	0.0219801529	0.0643085555	0.078011198	0.0258564252	-0.1761273751	0.0809312777	-0.049627656	0.09323234220000001	-0.0263240785	0.0672425964	0.1511438109	0.014676004199999999	0.012192747299999999	-0.062912092	0.10015876119999999	0.0330345349	-0.019466433300000002	-0.0676152621	-0.008507136700000001	-0.1708639023	-0.1058349109	0.1583966866	0.2083496597	-0.1399286608	-0.2601139946	-0.0020275344	0.0221456688	-0.0009860009	-0.026083981000000003	-0.0866771181	-0.0333713339	0.10961291880000001	-0.0874735701	0.2201504478	-0.0808458641	0.0183535009	0.2277038301	0.09034354259999999	-0.09207105970000001	0.1320499273	-0.0580349325	0.0364996124	0.2461658954	0.09920743050000001	-0.2896568763	0.00775897	0.1336726126	0.1356726895	0.12009054599999999	-0.062097225	0.011237791899999999	0.057617329400000014	0.0669184677	0.0687256853	-0.0304766961	-0.1984921039	0.0364894478	0.0688312984	-0.022648178300000002	-0.04599228440000002	-0.0030399918	-0.09260735199999999	0.0433041593	0.0038258908	-0.09660301630000001	0.1342103838	0.0445392647	-0.0490734538	0.174421717	-0.0825593916	-0.1134541516	-0.077124175	-0.066613998	0.121445205	-0.02985244	-0.026957719900000003	-0.021265555699999997	0.0556366205	0.0048620601	0.025444055099999998	0.05420009940000002	0.049085690099999996	-0.020107575	0.0181194077	-0.0354007621	-0.0446980559	-0.026982286600000002	0.0018062993	-0.016500209499999998	0.046933917900000004	0.0185740557	-0.0529251253	0.0713753956	0.0788257125	-0.0544100405	-0.22273474899999998	-0.013763346999999999	-0.1783767586	-0.085377657	-0.057749367300000014	-0.08812349970000001	-0.20895261199999998	0.2179299175	-0.006061675999999999	-0.1202219541	0.0411849094	-0.0814217221	-0.044484508	-0.162419388	-0.1763031693	0.10323019439999999	0.0281927189	-0.106257339	0.1883647025	0.1382639939	0.0620452872	-0.2122820599	0.0805441717	0.0301229787	-0.2366327633	0.0351941158	0.0719039177	0.0549951653	0.1502919351	-0.0888928858	-0.0755569839	0.1472037761	-0.0821103888	-0.19192719719999998	-0.0517785008	0.013033429099999999	-0.09302637550000001	-0.054341423099999994	-0.07133243759999999	-0.1873107738	0.04783924639999999	-0.043900264800000005	-0.0823551905	-0.0256949858	-0.1333051293	0.1285521612	0.062405994299999996	-0.012081688	0.0557145625	-0.1703559194	0.016263374299999998	-0.012488932099999999	0.0518353113	-0.07389042929999999	0.0373400164	-0.0958609556	-0.0551580359	-0.07958406030000001	-0.0277062247	-0.0496943315	-0.033019187900000004	-0.0283002358	0.0582391414	-0.0230738739	0.1441514509	0.0042956556	-0.0252994429	-0.048468499000000005	-0.0928264849	-0.08568515619999999	0.0365857372	0.025548217999999998	-0.0950968	0.00040209999999998863	1.6168440999999088e-07	0.00904340137024	0.0503324	0.0376561	0.0014179818672099998	0.00253335048976	0.114251	-0.00410200000000005	0.013053291001000002	1.682640400000041e-05	0.0105219	0.0014012099999999982	0.00011071037960999997	1.9633894640999952e-06	7.16694e-05	2.43474e-05	5.13650289636e-09	5.927958867599999e-10	-0.00223665	-0.0002376100000000001	5.002603222500001e-06	5.6458512100000034e-08	0.0	0.0	0.0	0.0	0.0	0.0
8499.837675296374	-9.161353348406921	72247240.50638767	83.93039517436668	9888.371521344383	-33.910317003643286	1149.9095992875787	97779891.34413464	6464.527867277034	-12.056922649108856	145.3693837665941	41790120.54680135	6951.028458998587	12006.796136762414	1.785323	70.02293399999999	0.3642729300000001	0.195953	-0.19247765579999998	-0.0182917327	0.08468549460000001	-0.016290798500000002	0.0466903492	-0.04933511	0.0418246346	0.016543658	0.0726715792	-0.0824611631	0.0763855437	0.0312122309	0.0667895334	-0.1136758029	0.07208220480000001	0.0018020343	0.056985571799999996	0.080381837	0.046080614000000006	-0.0978740374	0.1552738282	0.16359730109999998	-0.0665461606	0.0369761408	-0.0645869952	-0.1774860896	-0.08488068550000001	0.027162284300000002	-0.1049272168	0.16821450510000002	-0.0773618635	-0.0136244181	0.1514281424	0.1408962773	0.022146567000000002	-0.1671346185	-0.0830582528	0.0741031645	-0.1019273668	-0.058224704599999996	0.0690863124	0.06942046190000001	0.015209405	-0.1317818017	-0.0208119071	0.013085154299999999	0.1092368771	-0.1228096442	-0.196541048	0.0340913416	-0.137281286	-0.0777938581	-0.0308697339	-0.2275525878	0.0052623288	0.0686234979	-0.1037196918	-0.0875924625	-0.17189004	0.15648485410000001	-0.18155324850000001	0.11681129380000001	0.018344439599999998	-0.0719073794	-0.1022884225	0.012875736499999998	0.0837613109	-0.18245128559999998	0.12264939890000001	-0.0206386496	-0.1244664145	0.0427451814	-0.0518730043	-0.0439483196	0.09240679439999999	0.00027652279999999997	0.061930926399999996	0.045523253799999996	0.11971651380000001	-0.10914711490000001	-0.0803227877	0.067757928	0.0092583473	-0.0197437065	0.0353779043	-0.0689470188	-0.08489255230000001	-0.0483060189	0.08745930060000001	-0.10430077380000001	-0.08160710110000001	-0.003446202	-0.0477619479	-0.044303373	0.022834042599999996	0.0279562865	0.0758720802	-0.1182360143	0.0589792321	0.0836535444	-0.0630478805	-0.1011812015	-0.023026882599999996	0.037488877999999996	0.0863983656	0.025574217200000002	0.0302698843	0.0751159497	0.1070793541	0.0407037225	0.0400398167	0.0187996498	0.0730886172	0.0079256594	0.0877854131	-0.0070443638	-0.08713810039999999	0.0395214306	-0.08727603390000001	-0.1039287549	0.10150701289999996	-0.11199822470000001	0.0400606111	0.0389552713	-0.07538076490000001	-0.0603906249	0.16737092480000001	-0.1320965583	-0.025453464199999998	0.1683343597	0.0614805554	0.016775311100000002	0.0634910094	-0.2816011955	-0.08773699369999999	0.1039328275	-0.043968437199999995	-0.1755986758	0.009365241	-0.1252991359	-0.025683337799999997	0.037768600299999996	0.0370519637	0.0772436576	0.0533811284	0.0796518475	-0.0791006412	0.0003340479	0.1712134122	-0.11125332269999999	0.0371454616	0.023391418799999997	-0.0066722807	0.0305532809	0.1455942855	-0.0402315948	-0.007990734499999999	0.0627381331	0.08133556360000001	-0.0325683952	-0.0378599312	-0.0102262314	-0.005968606400000001	-0.0182029356	-0.17219033600000005	0.051964453499999994	-0.1327574058	-0.1514792142	0.011203861499999999	0.0040140324	0.0100576409	0.007894306	-0.09110618720000001	-0.021198829199999998	-0.0697757125	0.0127394923	0.1649543245	0.02210296	0.030050541899999998	0.0321239324	-0.058918412	-0.0853672318	0.0923263303	-0.0248868628	0.043086602	-0.0242487238	-0.0132236119	-0.0312996704	-0.08668669949999999	0.039897505800000004	0.020339572099999998	-0.102141	-0.0070441999999999875	4.962075363999981e-05	0.010432783881	0.178743	0.12841059999999999	0.016489282192360004	0.031949060049000014	0.193146	0.078895	0.037305377316000005	0.006224421025000001	0.007992499999999998	-0.002529400000000001	6.388005624999997e-05	6.3978643600000064e-06	0.000446552	0.00037488260000000003	1.99408688704e-07	1.4053696378276e-07	-0.00233083	-9.417999999999971e-05	5.4327684889e-06	8.869872399999944e-09	0.0	1.0	0.0	0.0	0.0	0.0
8523.518030012347	23.6803547159725	72650359.60794555	560.759199474281	9941.922950417267	53.55142907288428	2867.755555748155	98841831.95203358	6480.105442684951	15.57757540791772	242.6608555893629	41991766.54831513	6963.489938647531	11174.693155226914	1.787736	70.11756899999999	0.31752475	0.212656	0.0786475665	-0.010644700200000001	0.015190674	-0.100644731	-0.020635581599999998	-0.09544592880000001	0.0713966714	0.0428233787	-0.030049294100000002	-0.0713825642	-0.0029281623	0.0104150446	-0.030897960800000002	-0.0291218131	-0.1537732878	-0.05688538980000001	-0.0240759429	0.1605654773	-0.018576763200000002	-0.0033209307	0.0062470527	-0.0631170773	0.011269593	-0.0340052183	-0.08608042519999999	-0.0080047552	-0.0018205269	0.0396421415	0.033134524500000005	-0.032135974	0.0819891708	0.022092177	-0.10758005960000001	-0.0095943954	-0.0195924293	-0.0393232454	-0.0472378025	-0.0613470254	-0.0239359834	0.1178700658	-0.0315209108	-0.0241418543	0.1425771242	-0.0015115329999999998	0.1598874847	-0.05470862889999999	0.0355057998	-0.008028319300000001	0.0296739768	0.041004182400000005	-0.12703464550000002	0.036797574799999996	-0.0127343386	-0.165610449	-0.1436710961	0.0522169422	-0.1484625754	-0.1385554138	-0.0771494508	0.135073384	0.0696593699	-0.027615590899999997	-0.078637682	0.13087507140000001	0.1453023642	-0.07902737559999999	-0.16306836130000002	-0.0769323047	-0.0411708226	-0.030181629100000006	0.07267697599999999	-0.0556915893	-0.13419574210000002	0.0364775156	-0.050188362400000006	0.1503976626	-0.043201112699999995	-0.011451766799999999	0.10014935970000001	-0.0329895445	-0.1468615633	-0.0102298265	-0.0283816317	-0.050266435899999996	-0.022258716	0.1033584696	0.029756209900000007	-0.041271630499999996	0.0251525356	-0.1175684378	0.012458137099999999	-0.1652943811	-0.0240405043	0.0484603808	-0.0885780626	0.0619914259	0.033920669199999996	0.040314970299999996	-0.06397067599999999	-0.1010084758	0.0163224223	-0.0016508201000000001	-0.0028304072999999997	0.059193390599999986	0.028152143900000006	0.051843153899999994	-0.1145870858	-0.066363529	0.031886426600000004	0.1219470358	0.1089494392	-0.1574032498	-0.069085788	0.0082573007	-0.10100211640000001	0.11269871529999999	-0.0101116208	0.0509888225	-0.0648534851	0.10891155890000001	0.10745459859999999	0.0133758019	-0.027878263700000003	-0.0327680312	4.66742e-05	0.0049533487	-0.0260227759	-0.1100416078	0.0318060794	0.09515194699999999	0.0887533758	-0.2163718014	-0.0814395971	-0.1681269054	-0.0986954992	-0.0733444661	-0.1409729457	-0.0479364454	0.0497741388	0.0502647793	-0.0250199483	-0.1339392979	0.0494524978	0.0579702337	0.0747950061	-0.14149044970000002	0.0234824877	-0.1128971754	-0.10790954789999999	0.1223263966	-0.0321357395	0.0126229058	-0.010285360300000001	0.0900152801	0.11258007980000001	-0.0355786938	-0.0509364049	0.079745725	0.0465896057	-0.0549024876	-0.0767783638	0.0322516494	0.1511759618	-0.0534967797	0.12360949310000001	-0.0364808788	0.0056509909	-0.10920738390000001	0.1359602944	0.1101066239	0.06623300879999999	0.1202319051	0.0313444358	-0.0596834197	-0.0431356358	-0.0056366921	-0.0183993531	0.013319475	-0.0674215888	-0.060304163499999994	-0.049494474100000005	0.0804506994	0.0157179778	-0.0841658863	-0.1110139201	0.0616292443	-0.1062080654	0.0510146916	-0.0876629727	0.0431627558	0.015077573799999999	-0.0788175	0.0233235	0.0005439856522499999	0.00621219830625	0.376328	0.197585	0.039039832225	0.141622763584	0.182373	-0.010773000000000005	0.033259911129	0.0001160575290000001	0.0092359	0.001243400000000002	8.530184881e-05	1.5460435600000054e-06	0.000457077	1.0524999999999997e-05	2.08919383929e-07	1.1077562499999995e-10	-0.00186789	0.0004629399999999998	3.4890130521e-06	2.143134435999998e-07	0.0	0.0	1.0	0.0	0.0	0.0
8568.986190150457	45.46816013811076	73427524.32698925	2067.353586344884	9933.377661530927	-8.545288886340131	73.02196215100817	98671991.76660162	6493.1315512297815	13.026108544830096	169.67950382169565	42160757.34157567	6971.147136461725	11268.469916309206	1.076793	42.233383	0.2513711000000001	0.158377	0.13678445460000002	0.059973177999999995	0.0720721064	-0.036335516	-0.0194115054	-0.06444121950000001	0.0951472085	0.0038805288	-0.1224803954	-0.05870820650000001	-0.0199354125	0.0167430356	0.0665105489	-0.0595328809	-0.1023508227	-0.0076434582	-0.0286347611	0.09652135619999999	0.0357565328	-0.041232474	-0.017165126699999998	0.11452715960000001	-0.0405739516	0.1499730554	-0.0892819916	0.0633633377	0.0260984308	0.0001929825	0.0590252337	0.0202402929	0.0258909183	-0.021925282999999997	-0.034411128	-0.048752796900000006	-0.1278544472	0.056677935199999994	0.0092787254	0.011949980700000001	-0.1397226735	0.10772122890000001	-0.030016343799999998	0.0052146487	-0.0524994987	0.12189596859999999	0.1197112867	-0.050466888700000004	0.018330558700000003	-0.0044087994	-0.059642038099999996	0.06256727320000001	-0.0177374427	0.1356664845	-0.0504043238	-0.1134334407	0.0176133589	0.0778901634	0.0036549959999999998	0.0401586816	-0.0082244517	-0.0098675154	-0.0298358185	0.0428707296	-0.016630192	0.0159490175	0.0258521796	-0.053219451200000004	-0.09921091359999999	-0.052447781	0.0817882407	-0.021313662799999997	0.0092482825	0.0075972328	0.0681096674	-0.1223192642	-0.034600470099999996	-0.0490855248	0.0504434063	0.1349400761	-0.16750208630000002	-0.0333079374	0.0299918769	0.1929303918	0.0986779857	-0.0394808314	-0.0809992916	-0.026737159500000003	-0.056930757900000004	-0.042311275599999996	0.0492000122	-0.04992709099999999	-0.0498277587	-0.0788738033	0.055784883099999995	-0.00020098799999999998	0.20891071120000002	0.1492414509	0.0258315081	0.0914593452	0.015085264	-0.0530553071	0.06949194410000001	-0.035622381	-0.0099560265	0.0256963298	0.0440082292	0.0044015464	-0.0575431178	0.031838752000000005	0.0019834559	-0.0732848617	0.009337992	0.11173585609999999	-0.1357547325	-0.0488857174	0.022207801800000003	0.09080968460000001	-0.03869938	0.0001144749	-0.0199873534	0.17205115769999998	0.0461580258	0.0401255027	0.0014668882	-0.11218075529999999	-0.021172923399999998	-0.09608925900000001	0.0019723445999999998	-0.09444231859999999	-0.028482797400000006	0.0818199677	-0.0544667971	-0.11156846449999999	0.0290212691	-0.045280432999999995	0.047164105	-0.023092750800000002	0.004772982	-0.0969530673	-0.012895480800000001	0.030030842000000002	-0.0410935879	-0.0699110263	0.0481003379	-0.020666746	0.1198279584	0.0247273758	0.0606444729	-0.0065464173	0.0570384755	-0.0446353954	-0.1329585364	0.06817497980000001	0.028926780099999997	-0.1197701656	0.0392791521	0.0001776598	-0.13816649050000002	0.0085688976	0.034498801600000004	0.08430623050000001	0.0466748408	0.0193496121	0.025860226200000003	-0.1304003956	-0.0342811408	0.0276378786	0.0108852706	-0.0248844239	0.083420065	0.0636030621	0.0067919472	-0.050318992400000005	0.10799980039999996	-0.034480399	-0.1289860088	0.08681486199999999	-0.1168664483	-0.1214844105	0.09531486619999999	-0.0839715548	0.010125040699999999	-0.11773377689999999	0.09900558890000001	-0.09830783109999999	0.0399116826	0.0179083399	0.0012767693	-0.0095022272	-0.0886136913	0.0463776798	0.0097760258	-0.0698847	0.008932800000000005	7.979491584000009e-05	0.00488387129409	0.231811	-0.14451699999999998	0.020885163288999992	0.05373633972100001	0.154853	-0.027520000000000017	0.023979451609	0.000757350400000001	0.008273239999999998	-0.0009626600000000023	6.844650009759996e-05	9.267142756000044e-07	0.000283751	-0.00017332599999999996	8.0514630001e-08	3.004190227599999e-08	-0.00159585	0.0002720400000000001	2.5467372225e-06	7.400576160000005e-08	0.0	0.0	0.0	0.0	0.0	0.0
8570.397595071085	1.4114049206273194	73451714.93760023	1.9920638499710095	9939.986177735263	6.608516204336411	43.67248642297693	98803325.21356808	6498.739825148912	5.608273919130625	31.452736352000777	42233619.31497651	6977.8038130840505	11468.85907162405	0.945042	37.06591	0.10343764999999996	0.0649276	0.1348735781	0.12410504359999999	0.0738649932	0.0320229905	0.0035452015	0.0173171277	0.047034301900000006	0.0467583937	-0.1409304874	-0.0197084072	-0.0651225257	0.004138141	0.0181592472	-0.1323942904	-0.026545967400000002	0.0380640867	-0.027327030800000002	0.08437892710000001	0.0049250778	-0.046208790599999994	0.0095724777	0.086739499	-0.1318407798	0.0802974212	0.021866115800000002	0.0715563433	-0.078416902	-0.0723443525	-0.0282272	-0.050318470700000006	0.0340364089	0.0317036583	-0.027509643599999998	-0.0327058107	-0.0609300826	0.0425774883	-0.0340528425	0.043001716100000004	0.0012657493	0.0994535232	-0.0182640785	0.0003050872	0.1296251049	0.1610749382	0.027179714599999998	-0.021615690899999998	-0.0078796352	0.0061921629	-0.0481634351	0.0464834768	0.026985356800000002	0.18449981329999998	0.0449213246	-0.0870226319	0.0190449553	0.10345650990000001	0.0483433111	-0.0179727323	-0.0732729088	0.0556792997	0.062167403600000004	0.1433172373	-0.0507776636	0.0597524773	-0.1253752326	-0.1272035817	-0.046024882	0.08090251080000001	0.08721718869999999	0.0512940733	0.0324422789	-0.0263537618	0.0016906178	0.034977436	0.0104879691	-0.0319111159	0.015182231899999999	-0.0576859646	-0.10244761109999999	-0.0047343239	0.0119133984	0.0364760953	0.0638438134	-0.0605750718	0.0930997926	-0.07776092230000001	-0.0237141715	-0.0184407624	0.042265895899999996	0.0465029012	-0.0368930924	-0.0370066603	-0.0839368168	-0.055748755700000006	-0.0325837454	0.0468689367	-0.1030114857	0.0547558072	-0.0398647956	-0.060181644299999996	-0.1078514834	0.0418503681	-0.1008001034	0.0276253713	0.0550065643	-0.026219148799999998	-0.0082410989	-0.0221059453	-0.0014221518	-0.0018563507000000001	-0.025699166000000002	0.0033926664	0.0320765747	-0.0657944082	-0.1576515287	-0.045289399	-0.1012790815	-0.058495372699999985	0.054655082599999995	0.13398158640000002	0.0129002058	0.0246151821	0.0041745372999999995	-0.09263423609999999	-0.041512110899999996	-0.10857163119999999	-0.0628983971	-0.042904938600000005	0.0056883813	0.0487683121	-0.1538194561	-0.0242784942	0.0877593559	-0.1086229715	-0.0176549797	-0.016930429	-0.0447040887	-0.0203729885	-0.0074512581	0.019307569899999998	-0.0433051221	-0.0535785372	-0.1266686409	-0.1004203717	0.030735610099999998	0.1063757108	-0.0962047187	-0.0073166005	-0.0179632082	-0.0327099154	-0.13622212279999998	0.035802488	0.051650689900000005	-0.0111473197	-0.047906139199999996	-0.0465742917	0.0134524983	-0.006373497	-0.0813572305	-0.0154057797	0.0759049585	-0.0185982654	-0.0543936789	-0.0729311254	0.0356083831	0.0336790812	0.0192690419	0.0156579682	-0.0099135418	0.0242210169	0.05215255	-0.030670781499999997	-0.011888485800000001	0.019968289	-0.0512282242	0.0390226739	0.0841941384	0.0573750341	0.0545903314	-0.2313857625	0.0719258543	0.0185345023	-0.0269273165	0.0095633895	-0.0893317307	0.08872964439999999	0.1297138783	-0.0010740867	-0.0895385782	0.0495385296	0.0044488346	-0.0749838	-0.005099100000000009	2.600082081000009e-05	0.005622570262440001	0.169622	-0.06218900000000002	0.0038674717210000023	0.028771622884	0.140675	-0.014177999999999996	0.019789455625	0.0002010156839999999	0.00848213	0.00020889000000000148	7.194652933689999e-05	4.3635032100000634e-08	0.00022497	-5.8780999999999985e-05	5.0611500900000005e-08	3.4552059609999992e-09	-0.00176761	-0.00017175999999999994	3.1244451121e-06	2.9501497599999987e-08	0.0	0.0	0.0	0.0	0.0	0.0
8544.105443792776	-26.292151278308662	73001737.83464935	691.2772188414681	9940.751366562146	0.765188826882877	0.5855139407863935	98818537.7318072	6494.228799548517	-4.511025600395442	20.349351967423054	42175007.70088537	6980.328525083217	11460.637928528897	1.001581	39.283455	0.13989909999999994	0.0971254	0.12454974140000001	0.10966344160000001	0.0702616436	0.1353233744	-0.0034015828999999997	0.08696032699999999	0.0001592451	0.1146706932	-0.1243687426	0.057773159299999995	-0.0461141588	0.15042324769999998	0.0042034339	-0.06261595910000001	0.0085191226	0.0404614254	-0.0212390419	0.138746585	-0.2119887405	0.0073780874	0.0846989524	0.0584636299	-0.0357407832	0.0583231829	0.2025556797	0.0166022219	0.00020666220000000002	-0.0447299669	0.0256563844	-0.0067239676	0.12091883269999999	0.0173011294	0.037611965	-0.0441257638	-0.0486039343	0.09060010869999999	-5.3861e-06	-0.0028577984	0.071110645	-0.0329721922	-0.007248559	0.0496894458	0.1430396392	0.1589050249	-0.0633498079	0.008617263	-0.0665191519	0.0307505386	-0.057329795499999996	-0.0577894059	0.0039586995	0.187705729	0.1137867565	-0.0400167139	0.05928490440000001	-0.09516252550000001	0.08823672939999999	0.0417350665	0.1033642311	0.1299676995	-0.0624096595	0.018476293	-0.0085285313	-0.0202891447	-0.030969599	0.13917506400000001	-0.0378574988	0.0474862747	-0.049658565	0.0180872266	-0.12398776449999999	-0.0410899838	-0.1395642467	-0.0026164921	0.0469460205	0.0760541894	0.0568908479	0.0313540051	-0.0442915179	0.0520970276	0.0210844231	0.040880192999999995	0.0640769017	-0.024649712200000003	0.0072429721	-0.1642528758	0.0346136098	0.1270477952	0.07646404450000001	-0.0359794981	-0.0043895174	-0.0775271043	-0.0229436899	0.06783841040000001	-0.021565642000000003	0.0769128787	0.1008640052	0.016709155700000002	-0.0059155539	-0.032643706099999996	-0.0184088275	0.0123299302	0.0695093931	0.0558116908	-0.045995475599999995	0.0563560964	0.033122896299999996	0.1282987601	-0.05671824740000001	-0.0376949269	0.0105349314	-0.062236873	0.0077270361	-0.0994483803	-0.07376776360000001	-0.0082751825	0.0859811248	-0.1120880135	0.0897863218	0.0721642877	-0.0317232098	0.0125859635	0.0068181012	-0.043878267400000004	-0.0941411591	-0.15541256550000002	-0.15856805470000002	-0.0647165002	0.0033808921000000004	-0.0194166004	-0.0041768244	0.1357372345	0.0747072412	-0.050832163799999996	0.054339833600000005	0.0725917817	-0.0458650696	0.06303291400000001	-0.1195894982	0.0325335441	0.06680091769999999	0.08377265769999999	-0.11721806189999999	-0.0066913751	0.0886232391	-0.1074894468	0.00788302	-0.0010048071	0.0740588224	0.027243628399999997	-0.0587460031	-0.043075244699999994	0.1350320601	0.1005849451	-0.0143768477	-0.0327618447	-0.0479642209	0.0009947781	0.0367404754	-0.07353369530000001	0.07538016639999999	0.0558362159	-0.0139109128	-0.0435756615	0.0368323434	0.10009936970000001	-0.024236515099999998	-0.10199001210000001	-0.0036943270000000003	-0.0366566327	-0.0484436836	-0.0375881234	0.09528145269999999	0.0090021264	-0.0503484436	0.0540409122	-0.0513383355	0.008052707099999999	-0.0848869547	-0.09701966880000001	0.024212047599999998	-0.0937937481	0.044716798200000005	-0.0173347433	-0.09507623609999999	0.0038513361	-0.010980491200000001	-0.1068020141	-0.0904373636	0.052641619699999996	-0.0008900264	-0.0822957	-0.007311899999999995	5.346388160999994e-05	0.00677258223849	0.08144469999999998	-0.08817730000000001	0.0077752362352900015	0.006633239158089997	0.137033	-0.0036420000000000063	0.018778043089	1.3264164000000045e-05	0.00777348	-0.000708649999999999	6.042699131040001e-05	5.021848224999986e-07	0.000209942	-1.5027999999999994e-05	4.4075643364000014e-08	2.2584078399999975e-10	-0.00185929	-9.168000000000003e-05	3.4569593041e-06	8.405222400000003e-09	0.0	0.0	0.0	0.0	0.0	0.0
8495.073168692697	-49.03227510007854	72166268.14144258	2404.164001489783	9947.452005515264	6.700638953117959	44.898562380041746	98951801.40202963	6481.987912949113	-12.240886599403892	149.8393047394658	42016167.3036184	6972.600082116114	11182.013575610672	1.020922	40.042027	0.1306557	0.08089	0.1484075001	0.031994945	0.039768455099999996	0.145899127	-0.0037367819	0.08779305	-0.0893818417	0.0811913373	-0.047288349900000005	-0.0695323494	0.1159443846	0.137366591	-0.0032524201000000003	-0.0620736902	-0.13520045890000001	0.085719537	0.0380427808	0.0157825931	-0.0477663708	-0.0130364501	0.0780119883	0.08952475539999999	-0.2105257609	0.00379195	-0.049435872900000004	0.0637010861	0.0034056716999999997	0.0994088652	0.0087058023	-0.0225726788	0.0246941281	0.037079612799999995	0.1282629343	-0.0699656896	-0.0234280673	-0.0642195705	-0.019570654	-0.0567119832	0.0037442649	-0.20642978780000001	0.0154111545	-0.08099098490000001	0.012621799099999999	0.1401805336	-0.0022196973999999998	-0.0539198968	-0.0734185069	-0.0011645203	-0.0365712184	-0.1368378516	-0.048262748499999994	0.0621681126	0.0078175988	-0.0537772005	-0.066844378	0.0179117846	0.0584466666	0.0768203831	0.094505159	0.1631151001	-0.0654186024	0.0068014814	0.0327843243	-0.0209357452	0.0776765731	-0.0466019667	-0.0130177504	0.0625786891	-0.0868805491	0.0783618574	0.1276194003	0.0401420773	-0.0685152267	0.015447554399999999	-0.0024496826	0.004051032	0.0164873196	0.022938356400000002	-0.0484354713	0.0516155059	-0.0673707592	-0.020572396899999998	-0.0121211025	-0.018567788999999998	0.0979182915	0.0713615082	0.005090106	-0.012021086799999999	0.032234811	0.052872916900000004	-0.0689675453	0.0111123297	0.035609453199999995	0.0809894998	0.11985877630000001	0.0233759009	-0.12265847869999999	-0.039960678799999996	0.0136485752	-0.10630416529999999	0.0155569066	-0.119477308	0.0099793677	-0.0874376849	-0.057689825599999994	-0.1609694044	-0.1215899095	-0.034367581	0.0573420421	-0.0682249679	-0.0385071355	0.040519421800000004	0.025757517	0.0246784425	0.019382994	-0.0412968637	-0.0418043401	-0.1077701661	0.036804013	0.10621817189999999	0.0013952205	-0.013887373	0.010935868999999999	0.1203220109	-0.017303585	-0.0994024843	-0.11877379710000001	-0.0683885133	-0.1280176701	-0.0470569483	0.0148278833	0.0441183171	0.08832775890000001	-0.0389857416	0.11028180439999999	0.0633175877	-0.11642463630000001	0.0053150522999999995	-0.0603551492	-0.0408992898	-0.0694641605	-0.0114073592	-0.0057841627000000005	0.024039493500000002	0.0162218851	-0.039736487599999995	0.1215736724	-0.0838060415	-0.09734600310000001	-0.0026182319	-0.08089452059999999	-0.057987860499999995	-0.007271412	0.078262242	-0.0404783627	-0.0122323962	-0.0032939728000000003	-0.013511538100000001	-0.126650105	0.0880428121	0.0211158414	0.0293969338	0.0027855471000000002	0.0551826366	0.0198136597	0.0862483666	0.028386181099999998	-0.013788950800000001	0.0262779779	-0.0089934203	0.0374396027	-0.0830221482	0.053848342199999996	-0.13851669689999999	0.0095127078	-0.1039343795	-0.0048241782	0.023018747200000002	0.1341391544	0.0565636084	0.11117953369999999	-0.033449166	-0.0473362249	-0.05096673980000002	0.1177249293	0.0320657144	0.005965796999999999	-0.0206589703	-0.0913097856	0.055683332	-0.0062265527000000005	-0.08525059999999997	-0.002954899999999969	8.731434009999817e-06	0.007267664800359994	0.147573	0.06612830000000003	0.004372952060890003	0.021777790329000003	0.152426	0.01539300000000002	0.023233685476	0.00023694444900000054	0.00857487	0.0008013899999999999	7.35283955169e-05	6.422259320999999e-07	0.000193352	-1.6590000000000002e-05	3.738499590400001e-08	2.752281000000001e-10	-0.0019649	-0.0001056099999999999	3.8608320099999985e-06	1.115347209999998e-08	0.0	0.0	0.0	0.0	0.0	0.0
8478.540524533259	-16.53264415943886	71885649.42615269	273.3283229026278	9960.593718361175	13.14171284591066	172.70461652437328	99213427.2222561	6476.720591180236	-5.267321768877082	27.744678616886393	41947909.61621806	6965.622836602121	10898.037283293588	0.929943	36.47369000000001	0.12604210000000002	0.0652597	0.1634248016	-0.0336399266	0.0117642074	0.0916575462	-0.028288767599999997	0.0551344935	-0.0911921509	0.0020649833	-0.032288813	-0.0799686806	0.0228884932	0.0645391521	0.0348562508	-0.0151955315	-0.16797508530000002	0.1293508208	0.0449355101	-0.0156336009	-0.0283827156	-0.013849958700000001	-0.1063434565	0.0269070654	0.044567864400000004	0.0662731035	-0.0018057174	-0.0475853734	0.0010649566000000001	0.008545703299999999	0.011528154399999999	0.061698782800000004	-0.0911620174	0.0150580526	-0.053963219900000005	0.0781279765	-0.0791021149	0.0122178131	-0.0713702536	-0.0905804683	0.0353322114	-0.0997957885	0.0248839748	0.0264619979	0.0132532436	0.13950417939999998	0.0093116049	-0.1007602951	-0.0419483737	-0.0118818521	-0.035067139	-0.17709910269999998	0.0470138723	0.1321229072	-0.043856653499999995	-0.045279147900000004	0.0091630054	0.0032772132000000002	0.046584202699999994	0.0051110902000000005	0.0564215807	0.0210397737	0.0578416973	0.2122324787	0.0748367888	-0.050523785	0.0824689395	-0.001821876	-0.0321510603	-0.013554046200000001	-0.1339347213	0.0333558593	0.0239847402	0.0040976388	0.0492725108	-0.0598513795	0.0920732999	-0.11025969570000001	-0.0479447704	-0.065818377	-0.031393130400000004	0.04403085	-0.2178442069	-0.0829237536	-0.045674156900000006	0.0170313279	-0.1018618431	-0.1004525098	-0.0050694951	-0.0345220734	0.0225293063	0.012398979899999999	0.0568480045	-0.108841345	0.07120906610000001	-0.06423517150000001	0.0640021269	-0.0347074969	0.13962800720000001	0.0302064821	0.0061628572	0.0756266067	0.0459706734	0.059692597800000004	-0.0391328534	-0.1266950188	0.08827255939999999	0.0428412592	0.19524728219999998	-0.135083195	0.0508149638	0.0473717404	-0.11145751529999999	-0.0480789828	-0.022844079500000003	0.06512476	-0.0242170538	-0.0615282717	-0.0345611389	-0.0708430744	0.022866381	0.1098315489	-0.0120387764	0.0351574402	0.012223550900000001	0.080691636	0.0289163117	-0.1980022947	-0.09751597570000001	0.0429478594	-0.0635765628	-0.0107500309	-0.020965098300000002	-0.0019433322	0.0848095045	-0.0048799637	0.049297344900000005	-0.055551163099999995	-0.0113116652	0.0444102413	-0.050145859699999996	-0.057376449100000004	-0.2539396014	-0.0041650277	0.022919820499999997	0.0629011783	0.0639864136	0.0217180504	-0.0147222243	-0.0236858111	-0.028024871899999998	0.0588644967	-0.027488522400000003	-0.1048407759	-0.0874422607	0.0582095546	0.0016865049	0.10471340890000001	0.0553149121	-0.0215172605	0.0559049524	-0.016263151899999998	0.0435163627	-0.1224408515	-0.045652389	-0.008097968	-0.1194358587	0.10816489720000001	0.09773397019999999	-0.0486395161	0.0088103477	-0.0839655459	-0.10931202029999999	0.0181205218	-0.0236007968	0.09666459890000001	-0.0115255674	-0.0148802976	-0.1519016191	-0.0678935352	0.0475335587	-0.06357521769999999	-0.057976348399999995	0.0683412467	-0.0735696658	-0.0622223589	-0.0597521536	-0.1030030049	-0.0929520306	-0.11542374820000001	-0.0921555899	0.05866012	-0.011546746200000001	-0.0785822	0.006668399999999963	4.446755855999951e-05	0.006175162156840001	0.183865	0.03629199999999999	0.0013171092639999993	0.033806338224999996	0.17633299999999996	0.02390699999999996	0.031093326888999982	0.0005715446489999981	0.00947938	0.0009045100000000007	8.985864518440001e-05	8.181383401000015e-07	0.000102798	-9.055400000000004e-05	1.0567428803999998e-08	8.200026916000005e-09	-0.00177647	0.00018842999999999982	3.1558456609e-06	3.5505864899999946e-08	0.0	0.0	0.0	0.0	0.0	0.0
8478.958193799306	0.4176692660475965	71892732.05219641	0.17444761580073792	9940.908413711506	-19.68530464966898	387.51121915027915	98821660.0898002	6476.674832506293	-0.04575867394305533	0.0020938562410268507	41947316.886020415	6964.265359537932	11131.823090543072	1.090365	42.765697	0.12105555000000005	0.0892362	0.053830280599999995	-0.05940132190000001	0.0171047217	0.1211268538	-0.0191993799	0.0579398698	-0.0968372904	-0.0397022902	0.001837847	-0.0679394893	-0.06625846120000001	-0.0085308775	0.11101897279999999	-0.0491214267	-0.0601174841	0.1458632044	0.0322140241	0.0200433248	-0.0008349067	-0.047260722000000005	-0.0497987997	0.017257504099999998	-0.011696897	-0.07613041450000001	0.1233515772	-0.11938253730000001	-0.042548652199999995	0.09060814710000001	0.030152705099999996	-0.1075967502	0.0502829701	-0.0641860449	-0.023756318199999998	-0.040155862599999995	0.0339892457	0.0218311983	0.0491651654	0.0333186039	0.1828625066	-0.0460349871	0.025246582099999998	0.0041138526000000005	0.043379754900000005	0.0339164188	-0.0905621732	-0.0135013053	-0.065059452	-0.0087902261	0.0009940749	-0.1899283269	0.04342309849999999	0.1343887025	-0.0247776338	0.004285602	0.0201164847	-0.1172254415	-0.0478479258	-0.002898198	0.1881123864	-0.0053077003	0.2310198061	-0.0203393047	0.0876331566	0.1013443217	0.048363855	0.025206706699999998	0.0278092751	0.1340093727	0.0033626383000000004	-0.07060122519999999	-0.1946234411	0.028973282599999997	-0.0587179896	-0.033705868199999996	0.1264957369	0.013798149099999999	-0.132942756	-0.113182095	0.0049179444	-0.022720936	0.0180128817	0.0171799681	-0.0707375472	0.1032862379	-0.0218058821	0.0435437248	0.0110436856	0.0353337187	-0.048250327999999995	-0.010775392	0.0534202511	0.0630785117	0.0122946699	-0.0553585859	0.0238970571	-0.044371554900000006	0.0190867697	-0.0598379728	-0.044550494100000004	0.1670094949	0.0424131642	-0.043726464400000005	-0.1025639068	-0.1485285034	-0.0248897769	-0.0186223308	-0.059968188600000014	0.108765686	0.04543597	0.0982204941	-0.0312616377	0.0146593595	0.0413262582	0.0069417176	-0.0347710925	0.0145326707	0.022239891600000002	-0.052811463499999996	0.0217649666	-0.0220864433	-0.0705091963	0.0364204478	0.0093449607	0.0711483755	0.007935462800000001	-0.2150106779	-0.1133695299	0.0765920298	0.0388533797	0.0051255018	-0.0005084770999999999	-0.0563870933	0.0542287986	0.1297951302	0.036563454599999996	-0.07575498160000001	-0.043056870700000006	0.21186932239999998	-0.0722659556	0.1221675144	-0.0183496846	0.0685608296	-0.0407389941	-0.0604547266	-0.0244061706	-0.1032706652	-0.1744932836	-0.1025993101	0.0130929153	0.0536895224	-0.0091484502	-0.0668394712	-0.0629888321	-0.0461091493	-0.0973421092	-0.025998702999999998	0.0744074772	0.02678814	0.1138144538	-0.0462555663	-0.057927338700000004	-0.141334656	0.0031674939000000003	0.101353838	-0.0225434279	-0.085129148	-0.0080707377	0.0280888246	-0.029834142400000006	-0.0380315215	-0.020633064399999998	-0.07313668570000001	-0.11541291320000001	0.0168520063	0.0502681325	0.011373325	0.0910167002	0.0543897651	-0.0044508994	0.10299844039999999	-0.0706738239	-0.0855120399	-0.0525729574	0.049429710300000006	0.1337340432	0.0395703533	0.0056199738	-0.0783597116	-0.0929745299	0.061568513	-0.0168366517	-0.0803388	-0.001756599999999997	3.085643559999989e-06	0.0064543227854400005	0.09676340000000004	-0.08710159999999996	0.007586688722559994	0.009363155579560007	0.160245	-0.016087999999999963	0.025678460025	0.00025882374399999886	0.00937128	-0.0001081000000000016	8.782088883839999e-05	1.1685610000000343e-08	0.000220895	0.00011809700000000002	4.8794601025e-08	1.3946901409000004e-08	-0.00187246	-9.599e-05	3.5061064516e-06	9.2140801e-09	0.0	0.0	0.0	0.0	0.0	0.0
8464.853095303422	-14.105098495883794	71653737.92506793	198.9538035785833	9928.23066875923	-12.677744952276043	160.72521707496068	98569764.21209134	6467.860821898819	-8.814010607473392	77.68678298865349	41833223.61145367	6956.954212516912	11267.966869264874	0.98776	38.741375	0.1080242	0.0665198	-0.0074300837	-0.0885843678	0.052806407	0.1180729599	-0.0139573441	0.0656971399	-0.11038065789999996	-0.0682475793	0.032542454900000004	-0.1335127802	0.0022569031	0.026106311899999998	0.1316569683	-0.0421484427	0.0903347118	0.0740088024	0.024212781200000002	-0.0753141089	-0.015594498200000001	-0.0212674613	-0.0590846412	0.059159975199999985	0.0158096147	-0.0488314263	0.0293689252	-0.045036655300000006	0.0732743871	0.1005738167	-0.06960916190000001	-0.0476213023	-0.0151704377	0.0235545421	-0.1104693764	-0.038915046200000004	0.06554104059999999	-0.0161458257	0.0276617714	-0.11856932380000001	0.0804520185	0.010499211100000001	0.0425303532	0.0174490078	0.0070927474	-0.0172224577	-0.10172323050000001	-0.0415856956	-0.13768802230000002	0.0034488439000000004	0.017776515	-0.1202351207	-0.059310839500000004	0.0238629823	0.0358792488	0.0484255729	0.08902596730000001	0.0048491613	-0.056360297300000015	-0.0196145673	0.045510320300000004	0.05807216480000001	-0.0374666744	0.1670488565	-0.0351110253	-0.020652614399999998	-0.0594282209	-0.044823656399999995	0.0501261178	-0.058838928099999986	0.1710933157	-0.0247771298	0.053904160599999994	0.0711153018	0.1186088955	-0.0765542499	0.0815597012	0.08733954640000001	-0.0431301785	-0.0631358762	0.0091116956	-0.1123224677	0.018164134199999998	-0.0763295669	-0.1007294619	0.06937803	-0.0473461179	0.0514450855	0.0759226134	-0.061779278300000004	0.0046191625	0.0293383355	-0.0043227571000000005	-0.0084644157	-0.052541856500000005	0.1278803396	-0.0567855055	-0.041077154	-0.1207683107	-0.012040336200000001	0.05489673900000002	0.11251115769999999	0.033235610299999996	0.18220942140000002	-0.057096685700000004	0.04399550940000002	0.0046876034	0.0866153924	-0.14805206869999998	-0.043666774500000005	-0.0886213144	0.032880771499999996	-0.008612344000000001	0.0048946460999999995	-0.0567675329	-0.2269571765	0.0473513012	0.1276643896	-0.0740269883	-0.049735298399999996	0.0048407665	-0.0518961011	-0.0606048192	0.0296491273	0.1070889949	0.1463941048	-0.023727212799999998	-0.0621201889	-0.061726065999999996	0.011745430900000001	0.0991218472	0.0158847172	-0.0420598604	-0.0231943459	0.1127758732	0.010648496499999998	0.0525494642	0.026044250699999997	0.023762841099999998	-0.0072377064	-0.0870653362	-0.0543257491	-0.013613795500000001	-0.0140729857	-0.0015114291	-0.0489998429	-0.0611387919	0.1067631377	-0.006804380400000001	-0.0083641337	-0.0583234907	-0.096099401	-0.06837101549999999	0.010765345700000001	-0.1732115585	-0.0128637289	0.045685837699999995	0.0296475018	0.0296586859	0.1009744982	0.09920724619999999	-0.08759691	-0.1257763549	0.0305240611	-0.036605176600000004	0.0735294261	0.1468538294	-0.0732344935	-0.0214542457	0.0479445713	-0.0147871445	-0.0274084013	-0.0327003701	0.0287129965	-0.0207892667	0.1257113223	-0.0453683534	0.013896853	0.050729446399999996	0.0592714088	0.0422203339	0.0722669615	-0.0364837223	-0.030980743300000002	-0.0501547336	0.0277053165	-0.0592750792	-0.0092091513	0.008807391999999999	0.0885433878	-0.0937663669	0.06440511980000001	-0.022082393399999997	-0.0991767	-0.01883789999999999	0.0003548664764099996	0.009836017822889998	0.0861076	-0.010655800000000036	0.00011354607364000073	0.0074145187777600015	0.160437	0.00019199999999999773	0.025740030969	3.686399999999913e-08	0.00820277	-0.0011685099999999991	6.72854356729e-05	1.3654156200999984e-06	0.000228015	7.12e-06	5.1990840225e-08	5.06944e-11	-0.0022636	-0.00039113999999999973	5.123884959999998e-06	1.5299049959999974e-07	0.0	0.0	0.0	0.0	0.0	0.0
8487.635648525065	22.78255322164296	72039958.90211351	519.0447312969939	9918.905842623437	-9.324826135793048	86.95238246276907	98384693.11482936	6471.39134769968	3.5305258008611418	12.464612430546206	41878905.97508229	6953.136024150826	11208.932322002836	1.079692	42.347088	0.26004845000000004	0.176162	-0.0067557804	-0.09581594339999999	0.0303695291	-0.0409069569	-0.017577057	-0.0654031755	-0.1008132348	-0.021755290299999997	0.047548232	-0.1340022676	-0.0024286106	0.0571992808	0.1101246535	0.0322215345	-0.0841437851	0.0155912972	0.051957315	0.0728543881	0.0415543312	0.0535653631	-0.0965819732	-0.1345316123	0.1325803544	0.1347608719	-0.038766904	0.058115457	0.0088313717	-0.0618002935	-0.1027543982	-0.0055808021	0.022207096699999998	-0.0893443973	-0.04672175519999999	0.0188653771	-0.0206701818	0.0415204201	-0.13345123550000001	0.0156018702	-0.0912001341	-0.036552196099999996	0.1040807124	0.0503637123	-0.1787424844	-0.052200357	0.0401734001	-0.0097081415	-0.0973256899	0.0062625460999999995	0.005634315799999999	-0.0754561327	-0.0053446232	-0.0332655743	-0.0552836414	-0.004616229	0.0044656292	-0.0660100888	-0.11799737960000001	-0.0020135451000000003	0.0446777359	-0.013672765	-0.0455995936	-0.0390531841	-0.05052447980000002	-0.0144751794	0.027563924	0.0531202978	-0.0642307259	-0.0206192572	-0.048456274900000006	0.1656404767	0.1013710752	0.00021031919999999998	-0.0541995529	0.0776357411	0.0009404394	-0.0386057077	-0.0864698309	0.0354095145	0.027529113199999997	-0.0705572165	-0.088575066	-0.1878243604	0.17050518969999998	0.0215990428	0.009278034000000001	-0.0110366228	0.0543723342	-0.0996622977	0.16393211300000002	0.08527041710000001	0.042948289900000006	0.0661419857	0.0005860161	-0.039961782599999995	-0.1158560174	0.1425376062	0.0346872992	-0.0351306923	0.0117877075	0.09989017019999999	-0.0103118309	0.0645492792	0.0372352972	-0.0233057479	-0.0248421865	-0.04889288	0.0457767949	-0.1043587992	0.08980310359999999	0.053302748899999995	-0.0767931608	0.082455002	0.1167062665	-0.0172385635	0.0026052320000000003	0.1069584936	0.0204949815	0.0549222928	-0.0254843233	0.0184008328	-0.024812574599999998	0.028575761800000002	0.036286131	0.1207778269	0.014928982	-0.0299291459	-0.0324717458	-0.0114428631	-0.0136629255	0.0286918309	0.0985354768	-0.1030884374	-0.0808438711	0.045668713	0.0434310116	0.006237387099999999	0.0657695715	-0.0130540496	0.0063491785	-0.0357293631	-0.0320719892	-0.1191610191	0.0258708405	0.0904742818	-0.0717503824	-0.026322809500000002	0.1385374247	0.0544690841	-0.1456710484	0.024336471600000003	0.064549251	0.0008752639	0.032667905899999995	0.1252775799	0.11254962339999999	0.0263212164	0.095394843	-0.1608771014	0.092879475	-0.1849238563	0.0626232041	-0.0465584654	-0.0113354264	0.0630095031	-0.0353633206	-0.0080071749	0.038356062	0.0012441575	-0.039717226200000004	-0.0189690734	0.0445614161	-0.1339957692	0.011897988500000001	0.0421345935	-0.029499873599999997	-0.0593856684	0.056036098799999996	0.034436866000000003	-0.0058276314	-0.021676120400000002	0.0436511528	0.08709893199999999	-0.045937939299999994	-0.0637928106	-0.0799978471	0.017932496399999998	0.096277899	0.0141357722	-0.0945308701	0.0671666331	-0.0272702111	-0.0933088	0.005867899999999982	3.443225040999978e-05	0.008706532157440001	0.23968000000000006	0.15357240000000005	0.02358448204176001	0.057446502400000016	0.173989	0.013552000000000008	0.030272172121	0.00018365670400000025	0.00974059	0.0015378200000000005	9.48790935481e-05	2.3648903524000017e-06	5.0582e-05	-0.00017743299999999998	2.558538724e-09	3.1482469489e-08	-0.00223773	2.586999999999989e-05	5.0074355529e-06	6.692568999999942e-10	0.0	0.0	0.0	0.0	0.0	0.0
8552.86807733123	65.23242880616453	73151552.34823161	4255.269767951325	9896.034649423584	-22.871193199853224	523.0914783850124	97931501.78259216	6481.900718473715	10.509370774034323	110.44687406612681	42015036.92415006	6962.716704998004	12144.672801054254	1.922572	75.40602099999998	0.4923826000000001	0.272899	-0.20078453989999998	-0.0169722811	0.1572606885	0.014348778400000001	0.0077540633	-0.010864953	-0.040517915099999996	-0.0676287037	-0.0336698168	0.014767821399999999	0.010071208199999999	-0.0040408231	0.28792902870000003	0.051907918	0.0548955838	-0.0970444914	-0.23396526010000002	0.0553136917	0.0138289964	-0.10864325080000001	-0.0563931763	0.0066229387	0.14185191130000002	0.0176607659	0.061039576799999995	-0.1451692574	-0.0877957924	0.1050560571	0.07343109	-0.0498186717	0.1289446593	0.0977760903	0.288034143	0.057181005800000004	0.18612864920000002	0.05450377309999999	0.1848110318	0.022666954	-0.2524560588	-0.0206921386	0.09630257800000001	0.0318128459	-0.029354041400000006	-0.0556895267	-0.1276263282	0.0685446249	-0.0899891003	0.025771025299999997	-0.3376201495	0.12380575880000001	-0.034547914	-0.05773265320000001	-0.0002045082	-0.1025288622	-0.09597209849999999	-0.12543639339999998	-0.1138369255	-0.3394848766	0.0465466301	-0.0783197168	-0.1054000168	0.1467469549	0.0070920980000000015	-0.0399515567	-0.022868204	0.1761054145	0.069938199	-0.0089738532	0.08726533619999999	-0.1003812396	0.031228315099999997	-0.0461378995	-0.05205738769999999	0.0737456368	0.0348085396	0.0810058013	-0.0534584817	0.0284558659	-0.028821749900000002	0.0760696542	-0.008068683	0.0183123563	-0.1011348869	-0.0092530337	-0.0858146942	-0.0196008755	-0.0652511339	0.03973792	-0.0780844781	0.0638677134	0.10528643300000001	0.0816194011	-0.016054738	-0.006153438000000001	-0.0941686956	-0.049571862599999995	-0.0216725555	-0.0094652957	-0.0324108906	-0.0405062756	0.0279017344	-0.1065695417	-0.0857190492	-0.0403617309	-0.022943139799999998	0.0695149157	0.0100533752	-0.0563493482	-0.0458534207	-0.057888352000000004	0.0012504005	-0.0084230533	-0.1054718592	-0.024475297200000003	-0.0541889708	-0.110059398	0.0699139292	0.0021963057	0.037053347599999994	-0.0960806461	-0.11761947060000001	0.0371977763	0.1200864625	-0.0308887971	-0.2085345882	-0.1037789575	0.2722086983	-0.0515593921	0.033925948399999996	0.10590031550000001	0.23458304859999998	-0.12319058869999999	0.1927331047	-0.0057789969	-0.285424947	0.0941978725	0.17570266760000006	0.09787006849999999	-0.0924260609	-0.1865761521	0.1068605265	0.059285539299999995	-0.0029453377000000004	0.055971170199999996	-0.023801498900000002	0.0474269769	-0.0858760672	0.0355767824	0.0135899183	0.0390037624	-0.0358178737	-0.1425314007	-0.0240178871	0.0909497701	0.0054064965	-0.032769417	-0.1140305611	0.0504332653	-0.0486606137	0.0978662732	0.017701778999999997	0.0239295026	0.029158264399999998	-0.035398408900000004	0.1202346838	-0.035481564300000004	-0.0277957569	0.0009876295	-0.0023272886	0.01988401	-0.053469286500000004	-0.0089273066	0.017477296	-0.044013561799999996	0.1328321966	-0.0271449902	-0.0819447904	0.0077514444	-0.051188478200000005	-0.0110150179	-0.054642240599999996	0.021370561	-0.0944605452	0.0903142983	-0.0177007526	0.07894828549999999	0.051281059299999994	0.0291197556	-0.0952678165	0.0698498331	-0.032386496800000004	-0.0758697	0.017439100000000013	0.00030412220881000047	0.00575621137809	0.040061800000000015	-0.1996182	0.039847425771240015	0.0016049478192400007	0.143173	-0.030816000000000014	0.020498507929	0.0009496258560000005	0.00654482	-0.003195770000000001	4.28346688324e-05	1.0212945892900003e-05	-0.000998154	-0.001048736	9.96311407716e-07	1.0998471976959998e-06	-0.00159205	0.0006456799999999997	2.5346232025e-06	4.1690266239999977e-07	0.0	0.0	0.0	1.0	0.0	0.0
8572.373478534862	19.505401203632573	73485587.0554879	380.460676114671	9953.897913591196	57.86326416761222	3348.157340130876	99080083.67419516	6510.127844368898	28.227125895183235	796.7706363025238	42381764.55002724	6991.4041700575035	11699.280975820735	1.89547	74.34304	0.353535045	0.211607	0.033351219	0.033345449900000004	0.13358908220000001	0.021713306800000002	-0.0260248879	0.034134589900000005	-0.1265802519	-0.0070495856999999995	-0.1702812451	0.0243605769	0.1801752244	0.0068681919999999995	0.11395972369999999	0.0036761816	0.1508495347	-0.1445419413	-0.044809322699999994	0.10367510320000001	0.020995704	0.1477134865	-0.0976132069	0.0777682355	-0.0099640538	-0.21298729579999998	-0.10898042599999999	-0.0214351426	-0.0179386289	-0.047463142300000004	-0.0801581962	-0.0196137747	0.1283784265	-0.0350094055	-0.0326595094	0.129062793	0.1466174018	-0.0381668304	-0.0510863945	0.1267164937	0.0423676309	0.1339319247	-0.021125159900000003	0.08769029310000001	0.0827885413	0.09559665839999999	0.06562118730000001	0.18495541989999997	-0.1403951052	0.0009727714	-0.0236702554	0.028197685099999998	-0.2169827114	-0.152569361	0.0850226522	-0.027286975499999998	-0.0087489544	-0.0557847069	-0.08495256300000001	-0.0657497885	-0.06377783299999999	-0.012928553899999999	0.0211243477	-0.0924405992	-0.0640233091	-0.1444527207	0.0716102245	-0.1589241883	-0.054942283	0.03450254	-0.1271179019	-0.0678019372	-0.0196592283	-0.034596558900000005	0.0257299248	-0.0489709596	-0.070374227	0.1490308373	0.0282829979	-0.1584063233	-0.05732718730000001	-0.06936233259999999	0.05224803769999999	-0.002367661	0.0279074152	0.08744239890000001	8.076350000000001e-05	0.0816380028	0.0366091215	0.0841337642	-0.07135025610000001	0.021221415499999997	-0.0160649979	-0.09308910810000001	0.16569220839999999	-0.0017684909	-0.0793690331	0.1057525172	-0.0073222677	0.1233243607	-0.0460797566	0.0742724102	-0.0068454431	-0.0218352052	-0.0806101585	-0.042397835599999996	-0.0206416658	0.0263565217	0.05564315190000002	0.050220149500000005	0.008246467700000001	-0.0403658332	-0.0736460389	0.0070118894	0.0693121781	-0.040793086	0.13132771710000002	-0.047425481500000005	0.019631524299999998	-0.0536547597	0.0321528731	0.1114447808	-0.1438090786	-0.1311877292	0.0388309631	0.0689224083	-0.1583191548	0.1909551227	0.0333543876	-0.0974219259	0.1320619509	0.0693493629	0.1760520718	-0.0170330208	0.0019949296	0.028697792000000007	-0.0921225534	0.0100815763	-0.0336800284	-0.1451012502	0.0700779391	0.1624396427	-0.0202838099	0.0250965549	-0.0391671368	-0.0924670474	-0.0067822998	-0.09387194869999999	0.028411723399999998	0.021941707999999997	0.0689767177	0.12669187769999998	0.0488196776	0.042620654400000006	-0.15091098949999998	-0.0417660631	-0.19361822239999998	-0.0969010539	0.0796749536	-0.0063576451	-0.0709286197	0.0026824518	-0.0703577586	0.041731397999999996	0.092417899	0.007431207	0.057075269299999995	-0.0221617022	0.0477902046	0.042233295899999995	0.0522700754	-0.0774558835	0.023473745299999998	-0.0595259456	0.0501900146	0.0769143878	-0.1001253514	-0.0818717547	-0.0329169854	0.0208837827	0.0340823654	0.008282465	-0.0540910067	0.0654714659	-0.0094935699	0.1563160754	-0.0467375878	-0.2216461843	-0.0658866725	-0.1100881753	-0.0959769915	0.0724515914	-0.0374178302	-0.08617919999999997	-0.010309499999999971	0.00010628579024999941	0.007426854512639996	0.22418	0.1841182	0.033899511571240014	0.050256672400000015	0.055337800000000006	-0.08783519999999999	0.0030622721088400012	0.0077150223590399985	0.00651672	-2.8099999999999653e-05	4.24676395584e-05	7.896099999999805e-10	2.98789e-05	0.0010280329	8.927486652100001e-10	1.05685164348241e-06	-0.00196136	-0.00036931000000000014	3.8469330496e-06	1.3638987610000007e-07	0.0	0.0	0.0	0.0	1.0	0.0
8570.681442594429	-1.6920359404339251	73456580.39043252	2.862985623720117	9964.421612974824	10.5236993836279	110.74824871697024	99289698.0811198	6516.3695135051075	6.241669136209566	38.958433605911075	42463071.63653879	6997.545948685919	11617.769211755243	0.9894210000000002	38.806496	0.189026495	0.109431	0.0541406674	0.0464238337	0.1111320886	0.027649791400000002	-0.028317920400000002	0.0239875243	-0.1124849556	0.0207434498	-0.136814147	0.0814744124	0.2039062511	-0.0053646239000000005	0.1212629916	-0.0700587575	-0.0646560589	-0.1016268761	-0.1238447738	-0.07115076940000001	-0.0497900772	0.14960172019999998	-0.044643702699999996	0.0788094579	-0.0081697377	-0.046702279299999996	-0.3193114039	0.09854640029999999	0.0616286747	-0.0473027804	-0.0461453474	0.0345547553	0.0863598938	0.07840461480000001	0.0020885934	-0.0143325825	-0.0430518139	-0.091667204	0.0132120155	-0.12283262880000001	0.0329015437	0.1063858792	0.058291913499999994	-0.082995738	-0.012543277700000001	0.1353243681	0.0796034789	0.219633451	-0.15576396439999998	-0.034892447400000005	0.05260941	-0.0250785413	-0.1389574718	-0.1364475714	0.0729816871	0.0159886554	-0.0158056608	-0.0337779995	-0.1606209177	-0.1220636775	-0.1085507994	0.0965887869	0.0493328355	-0.1258971188	0.0048310907	-0.11266030369999999	0.1354830316	-0.0046449036	0.18052449469999998	0.0671904835	-0.012770911599999999	0.0649856665	0.0148343404	0.0229464931	0.0334071663	-0.1037456464	0.07362170030000001	-0.053663097400000005	0.0378247389	-0.0244805819	-0.06386465059999999	0.0653546564	-0.0053591444999999995	-0.029207051	-0.0653346271	0.0401598016	0.0396546362	-0.038575026899999997	-0.0350937415	0.0023282101000000003	0.0164097586	-0.009356758199999999	0.0497851946	0.1115583384	0.0644045704	0.0048359805	0.0668572216	-0.0184418647	0.0683525662	0.057328545700000004	-0.0241314216	-0.08501327199999999	0.0705801017	0.0499025201	0.037928618500000004	0.023376312200000002	0.0590267328	-0.0996776182	0.029280717	0.1241986989	-0.0006033078	0.055462002	-0.053520639	-0.0776808121	0.0112296772	0.0019606201	0.091288215	0.0118242665	-0.0255361989	-0.0708899979	0.0439089436	0.13261389980000002	-0.17861730879999999	-0.1833975666	0.015461566000000001	0.0710991295	-0.1288162342	0.135406691	-0.0391693897	-0.0176100093	0.1408079473	0.0832527062	0.1769964633	-0.1276295035	-0.12079995449999999	0.0165702207	-0.08350371940000001	-0.0076148068	-0.1722887535	-0.0728937912	-0.0378505479	0.024355912200000003	-0.0397496731	0.11139135800000001	-0.011155013600000001	0.0002739783	-0.07945127490000001	0.005130782800000001	0.0923481174	0.022410716	-0.0511767281	-0.0855182543	-0.028847669	-0.027746677	-0.0433645761	-0.030640655899999997	-0.0390758906	0.078793557	-0.031101895	0.040970944599999996	-0.0828456254	0.0760400187	0.0416261719	-0.0837841732	0.0106565123	0.0267156966	-0.1314352529	0.0697932037	0.0395790125	0.0477682421	0.044998788899999996	-0.054985770700000006	-0.1568634861	-0.1046259368	0.0345532921	0.017160410600000002	0.0287198875	-0.0260547534	-0.005414817	0.0151090254	-0.0730581308	0.013664306599999999	0.0221086695	0.0083168313	0.1584883325	-0.0818356863	0.0589347154	-0.041739690600000004	-0.09139408199999999	0.0396538594	-0.0966581881	0.0749688743	-0.0423510136	-0.07747269999999999	0.008706499999999978	7.580314224999961e-05	0.0060020192452899974	0.251025	0.02684499999999998	0.0007206540249999991	0.063013550625	0.0171392	-0.038198600000000006	0.00029375217664000003	0.0014591330419600006	0.008404379999999998	0.0018876599999999976	7.063360318439997e-05	3.563260275599992e-06	-0.00016634900000000002	-0.00019622790000000005	2.767198980100001e-08	3.8505388738410015e-08	-0.00173972	0.00022164000000000013	3.0266256784e-06	4.912428960000006e-08	0.0	0.0	0.0	0.0	0.0	0.0
8556.273922247738	-14.407520346690946	73209823.43253668	207.57664254031357	9972.112106952847	7.690493978023369	59.1436976260137	99443019.87363556	6516.040147224991	-0.32936628011611896	0.10848214647752978	42458779.20024789	6999.063164304596	11695.231821544607	0.998497	39.162472	0.2194949	0.119	0.0330010033	0.061609616	0.0910408874	0.1132333851	-0.043609025499999995	0.12224282759999999	-0.1469819924	-0.0665146008	-0.1316028956	0.08370372200000001	0.1835063924	-0.1164417359	0.08673778539999999	-0.050437663	0.1054694449	0.0264352825	-0.0999324107	-0.0088962125	-0.0618919242	0.21062576100000002	-0.0008325372999999999	-0.046986072000000004	-0.0906568351	0.0663080394	-0.0506422392	0.046676413300000004	-0.0076709648	-0.16923393579999998	-0.0023075347	0.0830048618	-0.08605458460000001	-0.0755548298	-0.0753848221	-0.0638558301	-0.0193257978	0.051982358799999996	0.056655226399999994	-0.0671824007	-0.0695026546	0.1058584231	-0.061118423	-0.052458120899999995	-0.0008177078	0.1623962026	-0.0223887979	0.2004562925	-0.1573937864	-0.0838826403	0.0366337615	-0.0619475894	-0.0972195148	-0.11006309939999999	0.0380364521	0.20791346600000002	-0.006497488199999999	0.14894250779999998	-0.0201646834	-0.10424461089999999	-0.12974403539999999	-0.027015535299999997	0.0162223157	-0.0006305901	0.0016402377	0.0607405263	-0.0402856116	-0.061000963899999996	-0.0679237637	0.0180764844	-0.0063003229000000004	0.0326468634	-0.18174305429999998	0.1675872968	0.1421885633	-0.0598471642	0.05267499900000002	-0.0816835256	0.023301880499999997	0.1218804638	0.0230225531	0.074589168	-0.0615067382	-0.024418937	0.07741632650000001	0.006622314399999999	-0.118333384	0.0204646583	-0.11259573839999999	0.0800068382	-0.0188940906	0.058758186	0.062283486	-0.041486149	0.0082989513	0.0260558976	-0.0681439153	-0.0052153132	0.028702372200000006	-0.1152365897	-0.05116773	-0.054866636600000004	-0.058277080700000004	-0.0316212045	-0.0509149334	0.0032031471999999996	-0.08844602300000001	-0.026555224199999998	-0.1066496842	0.1178235606	0.0036567493	-0.0590677341	0.010192634499999999	0.0016502104000000002	0.0743414867	0.0219480796	-0.0914374576	0.091991434	0.0550329861	-0.1361216298	0.049918061	0.08617458189999999	-0.21757506629999998	-0.1936139439	0.0684922894	0.08971641429999999	-0.0872805375	0.12226064019999999	0.0254916779	0.0617944994	0.1688595688	-0.07711227059999999	-0.0934582657	-0.0933705995	-0.0323720814	0.0823700046	-0.0677685073	-0.0830835975	-0.0935087116	-0.0850763634	0.0664803011	0.0005215458	0.011920485500000001	-0.0522733191	-0.0532510807	-0.1379599299	0.1387735559	0.1114895127	0.0741149384	-0.0739667329	0.0752525345	-0.0719748412	0.0730704267	-0.0638150053	0.044001445599999994	-0.0702332424	0.06898791879999999	0.07544337599999999	0.0022504159	0.0740298531	0.0508619617	-0.0448908769	0.08807263289999999	-0.1478394353	-0.030612924	-0.0605613703	-0.009019946	0.0086252051	0.0082101671	-0.1113577084	-0.0639585075	-0.036632679	0.0944280545	0.033393426000000004	0.0565809403	0.051537363200000005	0.1431349706	0.0055140788	0.013781376100000001	0.0150779902	-0.0413346602	-0.0584317938	-0.0097563379	-0.1620132319	-0.06767137919999999	-0.045927427800000004	0.032172090800000004	0.0647179911	0.10679121039999999	-0.040235465299999995	-0.09731120800000001	0.07739874690000001	-0.047173106799999996	-0.08511619999999999	-0.007643499999999997	5.842309224999996e-05	0.0072447675024399985	0.157801	-0.093224	0.008690714176	0.024901155601	-0.037225199999999986	-0.054364399999999986	0.0013857155150399994	0.0029554879873599994	0.00944014	0.0010357600000000019	8.91162432196e-05	1.072798777600004e-06	-0.00016634900000000002	0.0	2.767198980100001e-08	0.0	-0.00198922	-0.00024949999999999994	3.9569962084e-06	6.225024999999997e-08	0.0	0.0	0.0	0.0	0.0	0.0
8523.236375228922	-33.03754701881553	72645558.30802545	1091.479513020447	9949.11333169446	-22.99877525838747	528.9436633858155	98984856.08690044	6501.435186314448	-14.604960910543015	213.30488319848945	42268659.481847584	6988.040222996037	11683.373931282329	1.00033	39.234375	0.16731049999999995	0.109641	-0.0124213676	0.0177879436	0.0969232648	0.1954060725	-0.0249909405	0.1545373555	-0.0567336096	-0.0655309746	-0.0545571607	0.0633001034	0.12174333	-0.015775578000000002	-0.0340334798	-0.0781788926	0.1208450464	0.05742151559999999	-0.11520748550000001	-0.0481450042	-0.1640427756	0.12401919609999999	-0.1231084771	-0.0924408779	0.059755476900000014	-0.029637652599999998	-0.0417392986	-0.0091356645	0.049534323	0.1471282567	0.0228660127	0.053222942300000006	-0.0946587074	-0.0436569734	-0.0298504626	-0.015156195800000001	0.00841383	0.0446206008	0.0696619552	0.020412959799999998	-0.022923229	0.0764423575	-0.0154357189	0.0263312037	-0.121625451	0.09749476630000001	-0.1332690497	0.1792444111	-0.1818010993	-0.163886204	0.0366956309	-0.020578693999999998	-0.0284694336	0.0320095786	-0.045027766799999994	0.1423139284	0.08040680019999999	-0.09625237210000001	-0.0008282358	-0.0611122279	-0.0260500775	-0.0686447033	-0.0109173795	-0.1260777197	-0.1107987891	0.1175931458	-0.0103399488	-0.0498328066	-0.0620874292	0.042837693600000004	0.0149737125	-0.0954897486	0.051697007999999996	-0.1251802732	0.0506772111	-0.0091375029	-0.0880919649	-0.0653485774	-0.1339379775	0.0886886009	0.059766669	-0.0713773204	0.0222169831	0.012547811499999999	0.09089956460000001	-0.09222203699999999	0.1031745609	-0.0331864704	0.0380294438	-0.072287548	0.0699061148	-0.0843858521	0.0699500179	0.0009113694999999999	0.0618418721	0.044794326399999994	0.06561602820000001	-0.0439995741	0.047818446699999996	0.033058952	0.0780999668	0.0019219679	0.0347126875	-0.0824388871	-0.012969008700000001	0.0997282259	0.0371099473	0.0651296451	-0.0885228507	-0.0725948436	-0.0875850868	-0.0726717376	0.0720962603	0.0083086424	-0.07087028	0.105427809	-0.1275480427	-0.1556224712	-0.0045677517999999995	-0.1396077831	0.0435506259	-0.0188080981	-0.22910665030000002	-0.1368379208	0.1255047879	0.012381823200000001	-0.0059488301	-0.0070528893	-0.0576593531	-0.0048610961	0.0990169909	-0.1027409168	-0.0129216817	0.03307748	-0.112585757	0.1169032066	-0.044894704800000004	0.13245343240000002	-0.0270969179	0.0640921927	0.1018249289	0.1184290664	0.0283665252	-0.1175984389	0.0390530316	0.032862044900000005	-0.05847036	0.035926503900000004	-0.11391645289999999	0.0603265238	-0.0146199079	-0.0034669381	-0.0573766579	0.11186337369999999	0.1071301693	-0.0078895632	0.17261595010000005	0.044487164100000004	-0.1007760416	-0.18409336710000002	0.0476795099	-0.0272460265	0.034213215299999995	0.0784480208	0.077979045	0.0268612146	-0.0137033801	0.0423718759	0.058834547	-0.015885956899999998	0.0345418231	0.1333796189	0.0026732693	0.0389326614	-0.0278039898	-0.11910194800000001	-0.0884385664	-0.0186836753	-0.0575405032	-0.067072664	0.095857065	0.13151784689999999	-0.0830382884	0.0884292849	-0.025230881099999998	0.0546131	0.07515971440000001	0.06863857870000001	0.038031579100000004	-0.0417914367	-0.09793586060000001	0.079738376	-0.0518714612	-0.0891606	-0.004044400000000017	1.635717136000014e-05	0.007949612592360001	0.062267099999999985	-0.09553389999999999	0.009126726049209999	0.0038771917424099992	0.0101985	0.047423699999999985	0.00010400940224999998	0.0022490073216899988	0.00904191	-0.00039822999999999936	8.17561364481e-05	1.5858713289999952e-07	-0.00016634900000000002	0.0	2.767198980100001e-08	0.0	-0.00198128	7.939999999999683e-06	3.925470438400002e-06	6.304359999999497e-11	0.0	0.0	0.0	0.0	0.0	0.0
8487.497931222257	-35.738444006665304	72037621.1325021	1277.2363800175513	9946.39691192036	-2.716419774100359	7.378936389123446	98930811.52945888	6476.066055566284	-25.369130748164025	643.5927949174414	41939431.556057855	6969.571077428661	11692.675271869995	1.062491	41.672413	0.1314318	0.0695792	-0.0701155205	-0.04418559440000002	0.0780844564	0.22658277359999998	-0.0330925215	0.1467308226	0.051681668	-0.0598259987	0.0677892946	0.0117995571	0.22099841829999997	0.1361537004	0.0315572208	-0.0231842582	0.1752465689	0.0852082888	-0.1107304777	-0.08717093570000001	-0.039778036	0.0030476321000000002	0.0416996143	0.0415201756	0.0059511634999999995	0.06482046429999999	-0.056170235199999995	0.0559541992	0.0268841504	0.0437008565	0.0755452679	-0.1262034959	-0.0105609696	-0.0104927572	-0.006280863	-0.0385483229	0.019148721299999998	0.022923186	-0.0030108012	0.0103810299	0.0727720338	-0.0619192624	-0.0498403479	-0.0697500338	-0.0625948693	0.0310973699	-0.15345635800000001	0.045756222699999995	-0.1489536063	-0.156420976	-0.03761189	-0.024117468599999997	-0.107932581	-0.0602883358	0.0100716345	0.159141883	0.0096464241	-0.0408370688	0.0354060078	0.1648184466	-0.0112918889	-0.0966866084	0.04714603480000002	-0.0839668823	-0.0175931503	0.0072174175	-0.0095345667	-0.0014868813000000001	-0.04293714	-0.030979481099999998	0.0343714794	-0.049403387400000005	-0.06551713940000001	0.08599117699999999	-0.0368397514	0.0376411389	0.0776125758	-0.08524134109999999	0.06649485690000001	0.0459739349	-0.012903721399999998	0.0463938795	-0.0836878499	-0.002099444	0.07116001059999999	-0.07893769169999999	0.0741132132	-0.11681549349999999	-0.0829325193	-0.0903577744	-0.0072022985999999995	-0.0187357733	-0.0535269207	0.029839455499999997	-0.096658773	0.0605490266	0.0403545082	-0.0001123393	-0.1378022817	-0.1610926849	-0.19309724600000008	-0.0616805433	-0.0318749557	0.0670195285	-0.019377463799999998	0.051753042199999995	0.1419438701	-0.0425123875	0.0371696943	-0.050175828	0.0031888106	-0.0343435757	0.12732924439999999	0.0740309284	-0.0147352982	-0.0790863601	0.0942855049	0.0029293734999999996	-0.0603302583	-0.14218426210000001	-0.0258651235	-0.0718086429	-0.1258639957	-0.11930099429999999	0.1861663783	0.040905767	-0.0331744038	0.047438449699999996	0.0050543789	-0.07615282150000001	-0.048987607	-0.1639982791	-0.022186640299999998	0.1157696417	-0.0869918634	0.10088822880000001	0.1041551698	-0.0150369563	0.0262078598	0.024960438199999997	0.0603640631	0.0802107373	-0.0081554861	0.05916122820000001	0.10842351509999999	0.06562651480000001	-0.0446371153	0.066681651	-0.0699939891	-0.0362060388	0.0901652641	-0.20550252789999998	-0.0271993294	-0.0621090232	0.06264057469999999	0.0088291472	0.0899566299	0.0669821927	0.0301000033	0.10163063359999999	-0.0264493781	0.0912152807	0.06594589299999999	0.0695156415	0.0128956048	-0.0446640996	-0.0147695602	-0.0694539679	-0.0534002733	-0.00017544040000000002	-0.1414252098	-0.0912946755	0.0644490266	0.025872858399999997	0.0138981354	-0.0830362187	-0.0155682856	-0.0167702388	0.027177177799999997	0.0855028639	0.0708838795	-0.0276305539	0.0501704061	0.0021249115	-0.0768216414	-0.08191855719999999	-0.0840209074	0.0049711484	-0.0616893527	0.1207115399	-0.098531964	0.0819850338	-0.0564337526	-0.0952042	-0.006043599999999982	3.6525100959999794e-05	0.009063839697639998	0.020911900000000004	-0.04135519999999999	0.001710252567039999	0.00043730756161000016	0.061701	0.0515025	0.003807013401	0.00265250750625	0.00944405	0.0004021400000000005	8.919008040250001e-05	1.617165796000004e-07	-0.00016634900000000002	0.0	2.767198980100001e-08	0.0	-0.00222975	-0.00024846999999999977	4.9717850625e-06	6.173734089999987e-08	0.0	0.0	0.0	0.0	0.0	0.0
8463.947243989987	-23.55068723226941	71638402.9490457	554.6348691121774	9944.717799520822	-1.679112399537189	2.819418450279537	98897412.11210626	6462.653188929906	-13.412866636378567	179.90499140527731	41765886.24038588	6951.353388949926	11631.237051329748	1.259834	49.412487	0.355390845	0.207436	-0.1209793197	-0.0815903712	-0.0365260847	0.1106921528	-0.030541922599999997	0.013868566499999999	0.08914907960000001	-0.0025689231	0.1418298927	0.0536298317	0.0868513057	0.0663254442	0.1495400404	0.0104011163	-0.0371820923	0.094061119	-0.0684272228	-0.08544023419999999	-0.0185375944	0.0570981859	-0.026943346400000002	-0.1468105566	-0.022508255	0.0875948107	0.0962787668	-0.08581956859999999	-0.0594164396	-0.0274749235	-0.0794690729	0.028081867000000003	-0.0678432642	0.027153382799999997	-0.0977087228	-0.1395125886	-0.0428566747	0.0863545406	-0.0415916588	0.0086606259	0.1170795141	-0.15247224339999998	0.0677794659	-0.0719488921	-0.0827033563	-0.0801777121	-0.1313245774	0.0123541677	0.0214258186	-0.1883979484	-0.0837567612	-0.0548737355	0.06288383980000001	0.023178615899999998	-0.0580374438	0.09014610630000001	0.0199149845	0.0741740009	0.017934326599999998	0.0789299302	0.005519419300000001	0.020167939699999998	-0.0014714545999999998	-0.0665327424	0.1687237857	0.0062694798	-0.1056854547	0.020765848700000002	-0.1676316277	-0.0090399839	-0.0700982063	0.0773017177	0.020812769199999998	-0.1473317529	0.0770150279	0.0234631096	-0.0079219817	-0.0336506563	0.0580915373	-0.0409526964	-0.0738550973	-0.021153469700000004	0.0944605057	0.0990863607	0.0081592642	-0.017307054	-0.0504946866	0.1651478294	-0.08238246	-0.1974692995	-0.0807984513	-0.199106918	0.0567578995	0.0049947875	-5.3061400000000013e-05	0.0080667947	-0.0013118943	-0.0331629059	0.1197333015	0.0777139518	0.0491083768	0.0048373182	0.0880291198	0.1019914129	0.13922709460000002	0.0862997605	-0.0501089932	0.10459230119999999	0.014671571000000001	-0.0390860046	-0.0606011717	0.1019511993	0.0039576505	0.0032557751000000003	-0.0159665374	0.0032808699	-0.0294173402	0.1582347549	0.0122762664	-0.0258675589	-0.0770938399	-0.135340727	-0.0280481329	-0.0703182857	0.0972544485	-0.0377423706	-0.030000989900000007	-0.1055659517	0.0353510354	0.0418907906	-0.1151741582	-0.1274273251	-0.0618136363	-0.0260248174	-0.10749383289999999	0.1473664998	0.1415463086	-0.0245891723	-0.049273325199999995	-0.0089973224	0.0775544886	-0.0578464026	-0.030212983199999998	-0.0435674847	0.0030575891	0.0930105564	0.1523961338	0.0397901037	-0.0128494869	0.08491662189999999	0.0394242183	0.0872618053	-0.11850668439999999	0.0312353586	0.0830190847	-0.11852869199999999	-0.13426528880000002	-0.0651883116	0.048361819699999996	-0.10461633470000001	0.10614125619999999	5.4334e-05	-0.0921493767	-0.0595221906	0.1712275187	-0.0947269885	-0.09621389539999999	-0.0632386073	0.0080842673	0.0247281422	0.09140065130000001	0.1062284249	-0.0322261931	0.0889504169	0.0036415664000000003	0.1044829671	0.0149923278	0.0703727067	-0.038982283	-0.0294758755	-0.0722473928	0.0745476347	-0.0074929396	0.0500671894	0.1398549791	-0.0875676873	-0.0581110623	0.0119540847	-0.013898253000000001	0.17323542530000002	-0.0990993443	0.0841361006	-0.0608480136	-0.105013	-0.00980880000000002	9.62125574400004e-05	0.011027730169000004	0.119289	0.09837710000000001	0.00967805380441	0.014229865521	0.117475	0.055774000000000004	0.013800375625	0.003110739076	0.0127621	0.0033180499999999995	0.00016287119641	1.1009455802499997e-05	-8.05401e-05	8.580890000000001e-05	6.486707708010001e-09	7.3631673192100015e-09	-0.00265451	-0.00042476000000000015	7.0464233401e-06	1.8042105760000007e-07	0.0	0.0	0.0	0.0	0.0	0.0
8481.289228192563	17.341984202575983	71932266.9722552	300.74441608239505	9911.63447370865	-33.08332581217292	1094.5064467943866	98240497.94040972	6456.65749115468	-5.995697775225381	35.94839181184258	41688425.95808385	6944.554775324499	11850.404279370929	1.1232700000000002	44.056278000000006	0.233452915	0.14431	-0.1830686527	-0.1058764132	0.07107345	0.1006301497	-0.0097369622	-0.0296327454	0.11438626539999999	-0.0323186584	0.0815217259	-0.0582865872	0.0483547869	0.10256367960000001	0.242051575	0.023431200099999997	0.0938330034	-0.048903305300000005	-0.0489344845	-0.0310695689	0.0612681504	-0.0805794201	0.1102738632	0.0745040079	0.0272383638	0.1134152635	0.0616369032	-0.042113814000000006	0.00739451	-0.10717625130000001	0.11437940449999999	0.0330080783	-0.025613151400000003	-0.0505531391	-0.15655934800000001	0.1221462115	-0.0666603208	-0.0055910783	-0.012091388	0.0686800683	0.0807190513	-0.0729749997	0.0315668936	-0.0805100316	-0.0039516975	-0.1065765224	-0.1270669625	-0.0525970397	-0.0186672071	-0.18657116969999998	-0.2458498729	-0.0092439065	-0.0425590254	-0.0604734571	-0.0008997667	-0.07160093070000001	-0.019401956499999998	0.0082288003	0.060374577400000004	0.054896081799999996	0.015337537	0.0090315573	0.0450818151	-0.0671561178	0.1905761478	-0.16480477289999998	0.0496932789	-0.1023801101	-0.12379086800000001	0.0379040975	-0.0162341488	-0.0460848149	-0.0011122032	-0.0032427047999999997	-0.0409737727	0.0197849212	-0.0026274874	-0.1022430359	-0.0021192802	0.0051372992	0.1264068543	0.015010048	0.0689798921	0.06495886099999999	0.0725700779	-0.1391809896	0.0345370665	0.059761387699999995	0.0798936678	0.1428374335	-0.0202783755	0.1280609304	-0.0189343191	-0.0199571455	0.0536678683	0.010065750200000001	0.026131629500000003	0.0016908810999999998	0.0359562951	-0.0135849167	0.0705170475	-0.0101257628	-0.07206152860000001	-0.048120702800000005	-0.0471551528	-0.0949925408	-0.18251552899999998	-0.0805750692	0.0762854825	-0.0878462352	-0.0231436193	0.0381872737	-0.0402698041	0.021475475600000002	-0.0367766787	0.0145724073	-0.0325937602	0.054188072000000004	-0.2080390374	-0.0181354905	-0.0996416083	-0.1272568877	0.0237173387	-0.0331938815	0.1794503818	-0.0020937665	-0.1369936682	-0.0941391893	0.1504978078	-0.043465556600000003	-0.1454750426	0.006508609	0.045034823200000004	0.0681706813	0.0411590947	0.0997077287	0.0965164084	-0.0967954767	-0.0635581575	-0.0812552862	0.0760961631	0.0259104502	-0.089284826	0.0757554117	-0.0713497529	0.1826905845	0.0432050701	-0.100061447	-0.0628580194	-0.0435082153	0.06635555530000001	0.0291714277	0.14162677	0.1138539407	-0.0132049505	-0.0681403125	0.0205548945	-0.0255486987	0.0265174341	-0.010760071000000001	-0.016778964	-0.10466056789999999	-0.0109759304	0.0574527747	-0.1029191997	-0.0196623129	-0.11189973439999999	-0.017428198	0.1146643831	0.0648411644	0.0808955562	0.046078078099999996	-0.0148337481	0.0185487144	-0.029398487400000006	-0.039891154	0.0183170741	-0.07529557320000001	-0.0164235637	0.0923940185	0.008978625799999999	-0.0193880804	0.1107568852	-0.1035456149	0.0330842309	0.049164209199999996	-0.0644099305	0.1533664117	0.048551923399999995	-0.06376584240000001	-0.09963783609999999	0.0861890685	-0.0651026654	-0.100371	0.004642000000000007	2.1548164000000067e-05	0.010074337641	0.0743587	-0.044930300000000006	0.0020187318580900007	0.0055292162656899995	0.15420599999999998	0.03673099999999999	0.023779490435999997	0.001349166360999999	0.0102279	-0.0025342000000000003	0.00010460993840999999	6.422169640000003e-06	5.12522e-05	0.0001317923	2.6267880048400004e-09	1.7369210339289998e-08	-0.00237751	0.0002769999999999999	5.6525538001000016e-06	7.672899999999996e-08	0.0	0.0	0.0	0.0	0.0	0.0
8493.709561099355	12.420332906791373	72143102.1083106	154.26466951552462	9910.223877088052	-1.4105966205970617	1.9897828260398507	98212537.29400614	6462.78370860468	6.1262174499997855	37.530540244681866	41767573.26420607	6945.209496398247	11426.864224401734	1.282954	50.319294	0.34802135999999995	0.209307	-0.0278549271	-0.0940943617	0.0114554038	-0.024316780299999997	-0.0102914464	-0.0649699351	0.1387044975	-0.0191603364	0.0396255716	-0.0644507866	-0.0061156001	0.0358469724	0.054555946200000004	0.11010616109999999	0.0100596144	-0.0548495337	0.0494408658	0.0422788578	0.0175314428	-0.0411035701	-0.0682658595	-0.0070104660999999995	-0.031965199900000005	0.071630007	0.0791728322	-0.0632160341	0.022025398300000002	-0.039308607	0.0791378154	0.050494925999999996	0.0169870621	0.0411191729	-0.0180829365	-0.0503366105	0.0498708582	-0.0326995798	-0.0050868586	-0.0841393828	0.05802939610000001	0.0014390720000000002	0.060507120899999996	-0.0848113376	0.0712886751	-0.0809029836	0.003670749	-0.09406070470000001	0.0391134136	-0.05060984809999999	-0.0316214381	0.055413155199999994	-0.0241102083	-0.0373578636	-0.046575726	-0.0436118069	-0.037266882200000004	-0.0812200804	-0.0241442079	0.0235353423	0.1066490568	0.014404148899999997	0.0339077537	0.0070252697	0.1423322874	-0.015083843500000001	-0.0779660186	-0.0738364088	-0.0675346091	0.0265748408	-0.0258085302	0.11634292619999999	-0.06094473900000001	0.058833518200000004	0.0360350651	0.0781777239	-0.1193835311	0.0029252023999999997	-0.1510359127	0.0655298193	-0.061323057800000004	0.051518313499999996	0.1320154582	0.0308393933	-0.0063945238	-0.0192885306	0.0136404919	-0.0554791201	-0.0266184623	-0.07217164969999999	-0.024795005699999997	-0.0345158535	-0.17484731120000002	0.0266421411	0.0619598143	-0.0457121632	0.1736363963	0.0802152375	-0.0015962066	-0.0651511998	0.13107940839999999	0.0924502532	-0.07520209	0.1020114555	-0.0244975189	0.0376457279	0.0640261708	-0.0031256614	-0.10086019019999999	0.010194429599999999	0.020880536	0.0344002987	-0.0189373406	-0.0872287781	0.0793534112	-0.1070171533	0.11519922960000001	-0.029797985899999997	0.1461041905	0.0310437283	-0.1051298168	-0.032582566	0.1022441878	0.0526261984	0.05745598530000001	-0.0467026708	-0.0039134636	-0.0057692659999999995	0.056802135999999996	-0.027706698300000002	-0.0640187591	0.0038138703	0.0899872261	-0.0139492876	0.054343148	0.053081347	0.12499851699999999	-0.0598083457	0.014413605900000001	0.0148592054	0.0478459734	-0.0825875983	0.08012057709999999	-0.0472446712	-0.094005534	0.0363218754	0.0472806215	-0.0086868723	-0.0443082183	-0.0748567149	-0.07396489980000001	-0.054548997800000006	0.0775051009	0.0073878928	-0.0047992054	-0.0690639945	-0.0811569206	0.0938578932	0.0142907717	-0.20300654780000002	0.0825650304	0.0184012422	0.08122843610000001	-0.0063539537	0.0588230603	0.0447953223	0.0147860331	-0.024324094900000003	-0.0010825846000000001	-0.0195108925	-0.011310032	-0.0079649288	-0.037872886	-0.0127373347	-0.20126289890000001	0.019885331200000002	-0.0516703565	0.0994437174	0.13222322460000002	-0.0256063875	0.0812036476	-0.12957806189999999	0.0183010633	-0.0405632765	0.07045331269999999	-0.0739024614	0.0677875438	-0.08776502970000001	-0.0452776245	-0.0175090389	-0.1001472826	0.08814154390000001	-0.06918654769999999	-0.08713969999999999	0.013231300000000015	0.0001750672996900004	0.007593327316089997	0.262972	0.1886133	0.03557497693688999	0.06915427278399999	0.227822	0.07361599999999999	0.05190286368399999	0.005419315455999997	0.0110112	0.0007833000000000008	0.00012124652544	6.13558890000001e-07	-0.000310653	-0.00036190519999999994	9.6505286409e-08	1.3097537378703998e-07	-0.0020715	0.00030601000000000017	4.29111225e-06	9.364212010000012e-08	0.0	0.0	0.0	0.0	0.0	0.0
8507.106027220127	13.396466120771947	72370852.95836501	179.4653045249906	9914.550361311158	4.326484223105581	18.718465732781503	98298308.8669752	6470.571701528789	7.787992924108948	60.65283378597105	41868298.14462517	6949.131536348868	11404.75745213876	1.250814	49.05872	0.3915845000000001	0.226941	0.0173520524	-0.0289897274	-0.1423439327	-0.1308989907	0.0085355551	-0.0648139829	0.09620330789999999	0.0444461558	0.04999813349999999	-0.0186121093	-0.10399123689999999	-0.05944925280000001	-0.051153566	0.2146401938	-0.0171654729	-0.0424044887	0.0974533178	-0.0711635584	-0.0401987672	0.0139373321	-0.011003693500000002	0.0826852765	-0.08955339640000001	-0.0779811962	0.0079944233	0.038879139900000005	0.1605575377	0.0147582944	-0.0925404739	-0.010732404899999999	0.0374063354	-0.0959979225	0.049548424199999996	-0.025732739900000003	0.0894701075	-0.1486905098	0.07238683900000001	-0.0095173095	0.0916648792	0.0159253855	-0.1389737223	-0.2041884895	-0.1294823167	-0.0379587116	0.05970184980000001	-0.0967533274	0.1597584881	0.0788652532	0.1053283913	0.0627825764	0.011049348600000002	0.04450488440000002	0.0035941158	0.0147691177	0.039922005499999996	-0.0337877	-0.0779449724	-0.028507995499999998	0.1585543334	-0.0008142483	-0.0066213509	-0.047351032300000005	0.044843939000000006	0.056726283499999995	-0.0513950382	0.1427784615	-0.0623067539	-0.0012855452	0.052238722	-0.0400588766	-0.0554568983	0.1707681995	0.08435438	-0.063591044	0.1002422908	-0.0339426362	0.1011383318	0.0413307032	0.0994319201	-0.029249958	-0.0211648957	-0.1553858867	-0.041739802	-0.0806564979	-0.0546332412	0.0383465922	-0.062163956900000004	-0.0193289146	-0.139121074	0.0996569242	0.07576584780000001	0.0189346503	-0.0189228889	0.007614508199999998	0.0639349439	0.0588006041	0.0043317634	-0.0725398208	-0.09875243660000001	0.0234096496	0.0533147539	-0.0139725903	-0.0410134202	-0.0007280286	-0.0531054863	-0.0618084969	-0.0419340685	0.042462577	-0.0622514281	0.0522605076	-0.0140915746	0.0222472925	0.08280581719999999	0.0389498672	0.027894613500000002	-0.1868656505	-0.0292913352	0.0574961038	-0.06467517610000001	0.0106850601	0.1606903171	0.093442966	-0.1359649474	-0.0728052639	0.0746237681	0.0476713479	-0.0133943728	0.016888291899999998	0.0087963025	-0.0126201574	-0.0081561353	-0.0391323541	0.0229369486	0.12071159279999999	0.086353329	0.09915194029999999	-0.0155798291	0.08634005199999999	0.0234444152	0.0248265311	0.1308835556	-0.09207686699999999	-0.0319895101	0.0938111664	0.0015548809	0.04355704	0.0178183749	0.0156236465	0.06846319940000001	-0.1846605122	0.094915098	-0.20973027	-0.052536409299999996	-0.046497393399999996	0.0425209914	0.0987839182	0.09762688130000001	0.1651378548	-0.0392689762	0.030633507799999998	-0.0503830971	-0.0201812335	-0.0155350305	-0.0588074043	-0.0854990892	-0.049031867400000005	0.0924118332	-0.0555420964	-0.0102079688	-0.1027410185	-0.0209611035	-0.0771601456	-0.014195922	-0.00017216	0.0878409753	0.0112935513	0.0206936928	0.0929092707	-0.024952788700000002	0.1597163525	-0.0082791423	0.0413443128	-0.0719412814	0.021194486499999998	0.0062293276	-0.0812058375	-0.0280317002	-0.1898037982	-0.100627535	0.0899912501	-0.0730889481	-0.0907066	-0.0035669000000000117	1.2722775610000085e-05	0.008227687283560001	0.397295	0.13432300000000005	0.01804266832900001	0.157843317025	0.304323	0.07650100000000004	0.092612488329	0.0058524030010000064	0.014173500000000004	0.0031623000000000016	0.00020088810225000008	1.000014129000001e-05	-0.000115131	0.000195522	1.3255147161000002e-08	3.822885248399998e-08	-0.00225755	-0.0001860500000000001	5.0965320025e-06	3.461460250000004e-08	0.0	0.0	0.0	0.0	0.0	0.0
8506.133381090167	-0.9726461299596848	72354305.09689644	0.9460404941255522	9909.50750240962	-5.042858901537329	25.43042590081428	98198338.94031256	6475.65932841558	5.087626886790531	25.883947339193913	41934163.73769572	6948.563591673672	11905.660621754607	1.414932	55.495682	0.28213949999999993	0.13806300000000002	-0.1331224622	0.0067115504	-0.1602781623	-0.11648804199999999	0.030100161099999998	-0.0694108493	0.028778429700000007	0.11692965400000001	0.1078782203	0.0997201935	-0.0772829671	-0.1615643417	-0.0212666548	0.0618663705	0.052913700300000005	0.0052183556	-0.0286551458	-0.0523312758	0.0299282998	0.002551574	0.107418961	-0.1426989387	-0.0167334146	0.0159144573	0.1170551619	0.1407790162	-0.11441805960000001	-0.0498639588	0.1974791136	-0.0120483957	0.033906581	-0.007577149	0.0035656416	0.1068231523	0.042389849699999996	-0.0137356076	0.0030724666999999996	0.040005403599999996	0.0399396839	-0.0759731423	0.0444658114	0.0035102968	0.011309882700000001	-0.08221263179999999	-0.013028749	0.0311696427	0.2539596442	0.0440287959	-0.0415732302	-0.0368966474	0.1300241397	-0.0042525032	0.0050473048	0.0667201631	-0.09240395300000001	-0.0334976993	0.0404991196	-0.021000004300000003	-0.1210948804	-0.1068123966	-0.0776505582	0.0244699471	-0.1362870161	0.0810438605	0.0348444438	0.053310352199999994	0.0343382023	0.0706689486	0.0840867316	0.1206113175	-0.1902283418	0.0069765666	-0.14038219289999998	-0.11650270289999999	-0.038761942	-0.028532925299999998	-0.1576964199	-0.1953997893	-0.1146468805	0.0615868524	-0.0630908729	-0.0862469475	-0.0342479723	0.1000006725	0.011212274199999999	0.1361050113	0.0371880499	0.054754754	0.100732455	0.0110022088	0.1442179898	0.0395538198	0.08675410970000001	0.0779353562	-0.0561161917	0.0082111056	0.0851325516	0.08955094400000001	-0.0521935889	-0.0402848971	0.0180665756	0.09402675640000001	-0.0118756211	-0.052055823499999994	0.056228273200000005	-0.09015747910000001	-0.058907159199999996	-0.0143213534	-0.131500645	-0.1259051346	0.0958640146	0.0974887349	0.0019124860000000001	-0.005410311899999999	-0.0335311847	0.0938815342	-0.11713016220000001	0.07502262030000001	0.0064342511	-0.0970711684	0.08463292800000001	-0.0160638169	-0.1733921992	-0.0798936013	-0.016821763899999998	-0.026285250099999997	0.1051675321	0.13766004240000002	-0.036011548500000004	-0.0988303372	-0.034554655	0.044123021299999995	-0.0191147746	-0.0392421987	-0.1605771963	-0.0331102286	0.0612045059	-0.0947910511	-0.1045312582	0.0532078222	0.0399490822	0.0266561129	-0.011030451799999999	-0.1881206611	0.0727764075	-0.0559863906	-0.0615478594	0.0350195058	-0.07772866889999999	-0.052548036500000006	-0.1200817166	-0.0173228949	0.0396978851	0.13070951279999998	-0.0867057612	0.09741412599999999	-0.0101111552	-0.019581462	0.0778800878	-0.0296270867	0.0577541328	-0.11469753710000001	-0.07162092490000001	0.1564404113	0.025449161	0.031750392599999996	0.09904164830000001	0.0413399384	0.0935441001	0.1123497813	0.0253736605	-0.0915876525	0.0938802782	0.0084034296	-0.00016874729999999998	-0.234636961	-0.057579272699999996	0.1741358373	-0.1248653105	0.10145202240000001	-0.0214539548	0.0447288218	-0.0097556191	-0.1424745944	-0.0612889138	-0.0046113597	0.033705118199999995	0.0395716794	-0.10107845359999999	0.09173603050000001	-0.0767996302	-0.0990213	-0.008314700000000008	6.913423609000014e-05	0.009805217853690002	0.317186	-0.08010899999999999	0.006417451880999998	0.100606958596	0.217487	-0.08683600000000002	0.047300595169	0.007540490896000005	0.0155121	0.0013385999999999988	0.00024062524641	1.791849959999997e-06	0.000147625	0.000262756	2.1793140625e-08	6.9040715536e-08	-0.00279379	-0.0005362399999999999	7.8052625641e-06	2.875533375999999e-07	0.0	0.0	0.0	0.0	0.0	0.0
8492.826361668729	-13.307019421437873	72128099.6094553	177.07676588252468	9912.498124907255	2.9906224976348312	8.943822923359596	98257619.07628983	6468.237819872568	-7.421508543011441	55.07878905399181	41838100.49442984	6944.42122814129	11770.28184180192	1.178827	46.235294	0.1768289999999999	0.110268	-0.091971797	-0.0235183914	-0.08696959900000001	-0.12471854560000001	0.028886727999999997	-0.047530683600000005	-0.047883891100000006	0.0937407154	0.056037025	0.0667023356	-0.015450947900000001	-0.1071795366	-0.0403915142	0.0488760022	0.0042599839	-0.0656546257	0.1192083506	0.0104130492	0.0311150193	0.0227134343	0.18728371300000002	0.045132054299999995	0.1309320607	-0.037643325899999996	-0.0367760063	-0.0571471047	0.1128046745	-0.059638324699999995	-0.009305566099999999	-0.0818842883	0.0386569597	0.0268505362	-0.014175148600000001	0.0037596253999999996	-0.0940427783	0.0818555435	-0.0010947022	-0.0790076123	-0.0626473921	0.0547211829	0.022978348500000002	-0.015202921999999999	-0.0092998087	-0.1046081947	0.0078759112	0.0390925734	0.2113509645	0.0863258197	-0.0426309567	-0.11061933980000001	0.0489675156	-0.1447667085	0.06684039509999999	-0.0159387176	-0.0197567001	-0.047947456900000004	0.0673744996	-0.0756671343	0.0094509777	-0.0239250896	-0.1041152397	-0.0296229225	0.06688161320000001	-0.035580389500000004	-0.0433188482	-0.08342299759999999	-0.0898173234	-0.0650904211	-0.1719995329	0.0088988231	-0.0256975586	-0.1200916242	-0.0801447622	-0.07736334389999999	-0.055316899	-0.0391754883	0.0813458408	-0.0658278438	0.1414131421	0.0963024559	0.0037926789	6.09681e-05	0.1940272741	0.0443432845	-0.0295368004	-0.025174912400000003	0.046735096799999994	0.0211670714	-0.0758361658	0.14210379199999998	-0.0423105157	-0.026618669900000003	-0.0537261008	0.1256382193	0.1398044883	0.0913421841	-0.0505623549	-0.0072913522	0.0156138019	-0.1334458896	0.1493169469	-0.06957322769999999	-0.0044769809	0.033175007299999996	-0.026348380600000002	0.045188502199999994	-0.0052171658000000004	-0.0018893817000000001	0.028175276699999998	0.0019424944	-0.0070763994999999994	0.0137870346	-0.0687305159	-0.008532468100000001	-0.07696003400000001	-0.0567799475	0.0625458622	0.0738876264	0.0251216891	-0.0856696373	0.0877559831	-0.0439621588	-0.16123718480000002	0.0412045663	-0.0315675519	0.0405861731	0.08763554119999999	0.1121884581	-0.0491706901	-0.028099256099999997	0.1075591847	0.14923924060000002	0.07058175530000001	0.0179092185	-0.0535949454	0.021437267200000002	-0.0503908841	-0.1313611125	0.042831699400000006	-0.042230939800000006	-0.038347812	0.032083950800000004	0.0599581257	0.0839956667	0.08547545919999999	-0.11986094259999999	-0.0089822805	0.0131604989	0.0587082288	0.0735088533	0.1116814149	0.0073874487	0.0939536088	0.0313963198	-0.0076553008	0.0650620891	0.1684599914	0.0707399701	0.0035766578000000007	-0.006101816800000001	0.11779076	-0.0032473390999999997	-0.0299439906	-0.0250424725	0.054860151100000004	-0.0319501313	0.062532604	-0.030715033500000002	0.1030227562	-0.0278347477	0.0920961486	-0.0422147805	0.021646130299999997	-0.0802154335	-0.0679850862	0.1290794546	-0.16180622320000002	-0.0545790767	0.1596217589	-0.008293031	0.0748810284	0.007760830799999998	0.0499387141	0.0464240893	0.0663361312	-0.0352052005	0.0567318421	0.0514018205	-0.1014999067	0.0933738509	-0.0803088607	-0.0987496	0.0002716999999999997	7.382088999999986e-08	0.009751483500160002	0.363976	0.04679	0.0021893041	0.132478528576	0.235419	0.01793200000000003	0.05542210556100001	0.0003215566240000011	0.013542600000000002	-0.001969499999999999	0.00018340201476000004	3.878930249999996e-06	0.000259051	0.000111426	6.7107420601e-08	1.2415753476e-08	-0.00263801	0.0001557799999999999	6.959096760100002e-06	2.4267408399999966e-08	0.0	0.0	0.0	0.0	0.0	0.0
8495.741216401017	2.9148547322874947	72177618.81605503	8.496378110338803	9925.35059345823	12.852468550974665	165.18594785379275	98512584.40306164	6470.179567179735	1.9417473071671336	3.7703826048908162	41863223.63155015	6946.180736359304	11497.127690878326	0.985812	38.664974	0.1010216999999999	0.0781265	-0.0099118961	-0.0311128519	-0.1024841168	-0.1531286312	0.004978429	-0.0470249936	-0.07785367019999999	0.0087743451	0.0337002273	-0.026780718199999998	-0.0394992623	-0.1279886174	-0.06808902530000001	0.1323476381	-0.0295473811	-0.0447372959	0.0386930906	-0.0434455626	0.0109570392	-0.0512536775	0.0567100159	0.0172664726	0.0671172843	-0.0803422495	-0.10638470130000001	-0.0280546115	-0.0686211556	-0.0972363234	-0.0612373386	-0.0339392763	0.0041232448	0.0222945078	0.2073773397	-0.08134962679999999	-0.0476309896	0.044335167599999996	-0.05980526360000001	0.022378371499999997	0.1170449357	-0.0284022602	-0.07866887730000001	0.060687280999999996	0.068142914	-0.0678063772	0.046347397400000004	0.0021622418	0.1221939097	0.13761081320000002	0.0490517248	-0.0207328014	0.0577625268	-0.1532942189	-0.0838951493	-0.037903405	-0.047596438399999996	-0.10093601560000001	0.0645017639	-0.050886944	-0.027031553399999998	0.0826064913	-0.0677317891	-0.0982541531	0.0251218796	0.0401126898	-0.0071574478	-0.20109313780000002	0.0415248134	-0.043818219900000004	-0.0075266822	-0.0876087161	-0.12605136960000002	-0.10243719849999999	-0.0160656258	0.0010130035000000001	0.10600881029999999	-0.0463580434	-0.06697910259999999	0.11898167779999999	-0.0081214424	0.0189983691	0.0745391025	-0.0005722338	0.0851340068	0.1031146382	-0.0740859634	0.10536777359999999	-0.1076008834	0.0303261128	0.032992879700000005	-0.0528323611	-0.0801062622	-0.0751414772	-0.0348934463	-0.13039025640000002	0.0208305578	-0.0696031074	-0.1320561445	0.059568243	-0.060426480199999986	0.1101558337	0.0429074061	-0.0161507759	0.1051615508	-0.0209661714	0.037077050699999996	0.021162814	-0.033334554700000005	0.019710157	0.016334381000000002	0.014887895600000001	-0.0058368966000000005	-0.053701346500000004	0.0115810179	-0.0114606202	-0.0362687854	0.028544661800000006	0.018468106499999998	0.06776893070000001	0.0205788103	-0.0249606325	0.0366771012	0.0482311187	-0.13786270779999998	0.05825879	0.09573585	0.07388464089999999	0.1016151875	0.1016635774	0.006081064399999999	0.024730270899999997	0.13156722769999998	0.0609035532	0.0187136878	-0.0385883291	-0.0643915085	-0.0119458103	-0.066713177	-0.050460883	-0.0033896116999999996	0.011857104399999999	0.0553814669	-0.0259699509	0.109446216	-0.0443791024	-0.0223339269	-0.0049896133	-0.10058365109999999	-0.13858701980000002	0.0452561158	0.12293052300000001	-0.0262117905	-0.0195773796	0.0538870898	-0.1386770529	0.0133122403	-0.0914028471	0.0618310055	-0.0734191464	0.0728778769	0.00376557	-0.0062087454	-0.0118025477	-0.061119395099999994	-0.0067475753	-0.1197227375	-0.020307191999999998	-0.09003827560000001	0.0990752754	0.009325820600000001	-0.0890530974	0.11645177300000001	0.11112588279999999	0.060116364299999996	-0.0030902932	-0.0430247004	-0.013794306000000001	0.0548538469	-0.1147009474	0.026410936200000002	0.0351004079	-0.0311062621	-0.0050284371	-0.0701285547	-0.015521313200000001	0.0224908852	-0.023203344700000003	0.049988268899999994	-0.0334984826	-0.1018917716	0.09490280150000001	-0.0836074347	-0.0962016	0.0025479999999999947	6.492303999999973e-06	0.009254747842560002	0.439588	0.07561200000000001	0.005717174544000002	0.19323760974400006	0.235413	-6.000000000006001e-06	0.055419280569000015	3.600000000007201e-11	0.0138576	0.00031499999999999763	0.00019203307776	9.922499999999847e-08	0.000211157	-4.7893999999999986e-05	4.4587278649e-08	2.2938352359999985e-09	-0.00254379	9.421999999999991e-05	6.470867564100001e-06	8.877408399999979e-09	0.0	0.0	0.0	0.0	0.0	0.0
8515.617121877904	19.875905476887056	72515734.96642011	395.05161852614884	9917.918941064743	-7.431652393486728	55.22945729761703	98365116.1215308	6470.484211166008	0.3046439862728221	0.0928079583721954	41867165.9269486	6946.488323782744	11419.306040326812	0.949601	37.244698	0.11125920000000004	0.0614819	0.0559375109	-0.0156359073	-0.0647049524	-0.1252993675	0.00879265	-0.0166004828	-0.0394989181	-0.0632904656	-0.010672131100000001	-0.0273489399	-0.0642895913	-0.0542770424	-0.161984796	0.0843755029	0.022080256	0.0063170597	-0.0358749634	-0.0718036384	-0.0151627275	0.0097045611	-0.0511946808	0.040173220600000004	0.0174800366	-0.004230422199999999	-0.0559149271	0.0125569773	-0.1330663469	0.1000001299	0.0173009272	0.091086975	-0.0414817508	0.0567817089	0.034060632599999995	0.0586209533	-0.0412951685	0.0418046481	-0.023021801600000003	-0.045859847999999995	-0.045954698200000005	-0.0552861141	0.012065849299999999	0.0351226892	0.09182225029999999	-0.0123629073	0.0948443443	-0.040802133500000004	0.0063690867	0.0763601941	0.1642655211	0.0793904579	0.030882086200000002	-0.116295911	-0.12426452880000001	0.0440667072	0.015367095	-0.0162046411	0.0286613054	0.0101891103	-0.0856330049	0.0388606802	0.0139835309	-0.0404890684	0.0042684678	-0.0320692743	-0.0327716799	0.0023249458	0.01801861	0.1033602338	-0.044195153	-0.0887459484	0.0640048835	-0.1767973275	-0.0493444446	0.10769196240000001	0.0549478817	0.06737189	0.0074436985	-0.0158667367	-0.08919377839999999	-0.09470761859999999	-0.0109542782	-0.046575652800000006	0.0103584102	0.08544465150000001	0.062399103	-0.0914707127	0.06583992	0.0338422846	0.0372077986	-0.105335184	0.0023678453	0.0833920751	-0.047020024400000006	-0.0056208280000000005	-0.0117212572	-0.1365510592	0.1315043133	-0.000587514	0.02641988	0.0195357001	0.0493327992	-0.0917506938	-0.0606315525	-0.0791690015	-0.0808075658	0.0311800148	-0.0097280829	-0.0407608374	0.028216446000000006	0.0376624614	-0.0668689613	-0.0128959949	-0.0171173433	-0.057437446399999995	0.048857335999999994	-0.1132131014	-0.1081119408	0.0512802475	0.0208604215	0.039266030099999995	0.0061728728000000005	0.0620379706	-0.0407411777	0.022839147599999998	0.1798575964	0.1539705498	0.0279046653	0.0379443036	0.08459952300000001	-0.01398102	0.0398376621	0.0353357941	-0.0767551816	-0.054632299	-0.0375616148	0.0349908813	0.027753788300000002	0.0446787413	0.0516795697	0.0400645767	-0.0292983427	0.0836766992	-0.0524564213	0.0277122036	-0.047067202300000006	-0.0384179108	0.0032922108	0.0057862634999999996	0.011851116799999999	0.0818979884	-0.1493920576	0.0254364427	0.0421607575	-0.024158146000000002	-0.014899751999999999	-0.1115133135	0.049102922699999996	-0.10842790710000001	-0.08121718259999999	-0.0181600049	-0.0347368417	0.1241392044	0.0703313619	0.0966014493	-0.06124848860000001	0.0719803701	-0.0430037438	-0.0438239957	-0.0130932042	0.0506071613	-0.0491675591	0.0196151276	-0.0268792307	0.0444769907	0.0598175379	0.0191586466	-0.0181768179	0.0916487547	-0.0076805806	0.026546714199999998	0.016610948700000003	-0.053743999800000004	-0.08077585080000001	0.1333040617	0.1365059358	0.0714776029	-0.0468521185	0.0063196148	-0.102253934	0.09632109970000001	-0.08668669949999999	-0.0861233	0.010078300000000012	0.00010157213089000025	0.00741722280289	0.395402	-0.044186000000000066	0.0019524025960000048	0.15634274160399994	0.223399	-0.012014000000000023	0.049907113201000004	0.00014433619600000058	0.0131192	-0.0007383999999999983	0.00017211340864000004	5.452345599999977e-07	0.000272115	6.0958000000000015e-05	7.404657322500001e-08	3.7158777640000007e-09	-0.00244353	0.00010026000000000002	5.970838860900002e-06	1.0052067600000005e-08	0.0	0.0	0.0	0.0	0.0	0.0
8526.662700948951	11.04557907104754	72703976.81575406	122.00481701476345	9918.139683668467	0.22074260372392016	0.04872729709881566	98369494.78475924	6473.209857294118	2.7256461281094744	7.429146815678169	41902445.85656973	6948.9862506526915	11548.519694066104	0.904083	35.459442	0.14417864999999996	0.07870629999999999	0.055561250199999995	0.0130801626	-0.0344261127	-0.0594314085	0.0012469926	-0.0139745068	0.056175303899999994	-0.08865096130000001	-0.0350140621	0.043083940099999996	-0.0599538376	0.0180817697	-0.1336335313	0.0817536974	0.0057355346	0.0049424402	-0.026028663599999998	0.0134064797	0.0059579688	0.049179752800000004	-0.0069152075	0.029607435	0.0225606205	-0.1257319977	-0.0745117379	-0.0089492038	-0.0009114575999999999	0.0149909846	-0.0040540181	-0.0487364719	-0.053872175700000004	0.0786836219	-0.0099057783	0.0191951461	-0.0175193151	0.047862773899999995	-0.080640345	0.0017101856	0.025616493799999997	0.0091027322	-0.123725407	0.1048011025	0.0045283544	-0.0058725616	0.0463907264	-0.04543371400000002	-0.024471971699999998	0.0478821629	0.1587622524	0.1354239244	0.057717335099999996	-0.0332187182	-0.046776113700000004	0.1091200249	0.054148977300000005	-0.0652415614	-0.0963406541	0.0780532199	-0.050730766399999995	-0.030142545299999997	-0.1270467267	0.0575464767	0.0590385265	0.0332279126	-0.0277986268	-0.033677721	0.035635312999999995	0.0558090044	-0.0393915432	0.0755083373	-0.10538240189999999	0.033055868599999996	-0.0132371513	0.0354400271	-0.1137422916	0.1426150815	0.0633802231	-0.005290951899999999	0.0656514299	-0.1300690497	0.0039405889	0.08854613859999999	-0.0522469833	0.126247964	-0.0135758374	-0.058192781	-0.135076315	0.0899276217	0.0508901013	-0.1197105143	0.0292973469	-0.0412065181	0.0301212308	-0.0561908526	-0.1297403027	-0.0663153006	-0.0126819884	0.0176320134	-0.017323133799999998	-0.0397605937	-0.0604940651	0.0262752905	-0.0447313927	0.12167829220000001	-0.1229716741	0.013424000600000001	0.05518850980000002	0.065606177	0.0100493259	0.013536011200000002	-0.0484379155	-0.0362617419	0.0352296383	-0.0021759093	-0.0010327844999999999	-0.034964914799999997	0.0509466661	0.025001548	0.0197509393	0.0208348379	0.0048893066	0.0623481338	0.031019961699999998	-0.0774625397	0.138358965	0.1427705751	-0.0176886328	0.0150871709	0.08902479880000001	-0.0578633692	0.0431394408	0.009694037800000001	-0.1038808119	-0.015170061799999999	0.0682868745	0.0681965979	0.0737073572	-0.056756317	-0.0672644916	-0.1076610348	-0.0354580485	0.045903976799999996	-0.08959792820000001	-0.12896304320000002	-0.0271335691	-0.0858419412	-0.05746214230000001	0.0034308338	0.0518719146	0.013927833799999999	0.0002230756	0.060476213099999995	-0.0366615908	-0.035314086	0.0549881928	-0.0614263926	0.0262919396	-0.0261814586	-0.017273217	-0.029373279500000002	0.0574730863	-0.0502836841	0.1155431416	-0.0054810527	0.0669943632	0.0253644136	-0.2051981338	-0.1035487001	-0.0147751291	0.0686977325	0.023579695	0.0417314227	0.014682599099999999	0.0205496631	-0.0016104075	-0.026644954900000004	0.1397819028	-0.1031874774	-0.10389475769999999	0.0326633639	-0.0008149834	0.0570048386	-0.020949928899999998	0.058070692699999996	-0.06795765849999999	0.011871683300000001	-0.0298863091	-0.0382604889	-0.1025862884	0.0976270918	-0.0895385782	-0.0777072	0.008416099999999996	7.083073920999993e-05	0.00603840893184	0.32926	-0.06614199999999998	0.0043747641639999965	0.1084121476	0.194983	-0.028416	0.038018370288999986	0.0008074690559999997	0.0127409	-0.0003783000000000016	0.00016233053280999998	1.4311089000000118e-07	0.000225884	-4.623100000000001e-05	5.1023581456000005e-08	2.137305361000001e-09	-0.00204397	0.0003995600000000002	4.1778133609e-06	1.5964819360000017e-07	0.0	0.0	0.0	0.0	0.0	0.0
8522.382160128142	-4.28054082080962	72630997.68327041	18.32302971861749	9920.026951163094	1.88726749462694	3.5617785962754467	98406934.71180215	6468.418889887486	-4.790967406631354	22.95336869140395	41840442.93505326	6949.419209765229	11683.466359862085	0.946175	37.11034	0.19478145	0.130991	0.033583152799999995	0.0097947775	0.013513661399999998	0.0684396581	-0.0038392578000000003	0.0237955658	0.10104606810000001	-0.0522104565	0.0010798359	0.0475735703	-0.032662581600000004	0.09312891470000001	-0.0265447932	0.007368125899999999	0.026726660699999998	0.032707948	-0.053021474900000004	0.021044255499999998	-0.0059098697	0.0190349921	-0.0306119865	-0.0283479147	-0.0421954751	-0.0457382853	0.0881529583	0.0764401729	0.0737875145	-0.060649675	0.1128215526	0.0213527154	-0.0643225133	-0.0404929784	0.0366556294	0.0469671278	-0.027835025899999997	0.1491248322	-0.1350135892	-0.0452007987	-0.1019055666	-0.0340293241	0.043967877	0.0603914052	0.0626544061	0.0029444569	-0.0517869904	-0.0438514463	-0.0288836558	-0.0417933956	0.10285899289999999	0.1083880478	0.0060288479	0.0300149898	-0.0059786543000000004	0.013740013999999998	0.1017375817	0.013489763	-0.0896225291	0.0622395526	0.0170118048	-0.041551850099999996	-0.11736846529999999	0.1277192991	0.0757946905	-0.04495079	-0.0054587761	-0.0591265605	0.1257393231	0.043755298600000006	-0.1375747077	0.019279681899999998	0.0726322126	-0.0670615116	0.06274892530000001	0.06748114919999999	-0.0844771332	-0.0219083049	0.0270189963	-0.0748503044	-0.003751168	-0.042669505700000006	-0.06961499480000001	0.049302673899999996	-0.0060434072	0.037996044900000005	-0.0097711634	0.1413404734	0.0635125819	0.0705317986	-0.0334057775	-0.09445952980000001	0.0064661738	-0.0204860528	-0.0059479717000000005	-0.05061780900000002	-0.017661976	-0.020745946100000003	0.0261481092	-0.016007990700000002	0.0100408971	-0.0940161061	-0.0585321672	-0.0057620835	-0.0916342169	0.013486386299999998	-0.032961303500000004	-0.09272349070000001	-0.0553278799	-0.1363913807	0.0947839375	-0.15394894580000001	0.0229071211	-0.07013946389999999	0.0073415895	-0.0453381112	-0.006580856899999999	-0.0153228479	0.06139409320000001	-0.0318855481	-0.009553200500000001	-0.025595146099999997	0.0130655993	0.043445553600000006	0.0759724142	-0.10900957050000001	0.053110223	0.0488097614	-0.058613765400000004	-0.0179126833	0.047857110999999994	-0.0161682872	0.0196342804	0.0017401296	-0.0093597117	0.0284243924	0.096385925	0.0773453644	0.09762729349999999	-0.0396121634	1.7043699999999994e-05	-0.1801527406	-0.0992228699	0.0572592396	-0.011209476999999999	-0.11349929130000001	-0.0323251227	-0.018932245900000002	0.0832485843	0.0406918811	-0.042488934900000004	0.160810738	0.0172643461	0.0987493165	-0.0733184371	-0.049498352	-0.021570420099999998	-0.0320314404	-0.0063473298	-0.0012097884	-0.0902684144	-0.09877125960000001	-0.06484577700000001	-0.0758864184	0.034747863500000004	-0.0667438031	0.0769676075	-0.0185921207	0.0090452578	-0.045867998	0.0497812551	0.0674963412	-0.0049827155	0.0845735726	-0.0470471753	-0.0628817882	0.0863925388	-0.0124446539	-0.0039405323	0.047990648600000005	0.0875439393	0.007960171700000001	0.0014704929999999998	0.0283454975	-0.026180687200000004	-0.0555246453	0.0158638019	-0.0178333175	0.1076669506	0.0920309524	-0.10288873779999999	0.0988192551	-0.0921555899	-0.08520119999999999	-0.007493999999999988	5.616003599999979e-05	0.007259244481439999	0.21315	-0.11611	0.013481532099999995	0.0454329225	0.19004	-0.004942999999999975	0.036115201600000015	2.4433248999999755e-05	0.0116768	-0.0010641	0.00013634765823999998	1.1323088100000003e-06	0.000225295	-5.89000000000004e-07	5.0757837025e-08	3.4692100000000467e-13	-0.00230397	-0.0002599999999999998	5.308277760899998e-06	6.75999999999999e-08	0.0	0.0	0.0	0.0	0.0	0.0
8494.947867990611	-27.434292137530065	72164139.27987823	752.6403850873439	9928.826604511069	8.799653347974527	77.4338990445193	98581597.7424468	6465.5585953096615	-2.860294577824789	8.181285071933885	41803447.94938264	6951.028276175412	11558.62608359652	0.945444	37.081684	0.11016700000000004	0.0496625	0.0583239861	-0.015381439299999999	-0.0153310003	0.0787509464	-0.0169210456	0.0161257925	0.0983438052	0.0164539333	-0.0007772486999999999	-0.0148051703	0.0076418976	0.0955558701	-0.0378986814	0.0295583479	0.0688958286	-0.0652672298	0.10429076720000001	0.0941194196	-0.0271627729	-0.09525853849999999	-0.07959264769999999	-0.0257174963	0.045598371799999995	-0.08463953869999999	0.0271875392	0.09993103310000001	-0.0330256103	0.012729467099999999	-0.0275620878	0.0492521812	-0.0357798854	0.0476321175	-0.0639119445	0.0057964036	-0.09766189619999999	-0.008078279300000001	0.0450639705	-0.1044777232	0.0370853204	0.032895891600000005	0.0482386697	-0.0166064576	0.0645859263	-0.0101026369	0.0133974703	-0.0887509185	-0.040860498700000004	-0.0080557035	0.1173701786	0.0719968991	-0.043785640599999995	-0.0055483214	0.0258725563	-0.020170784299999998	0.0209030572	-0.0026135445	0.0014696745000000002	0.1367860122	0.06598552889999999	-0.041362613	0.044154431200000004	0.0137499561	0.0292698746	-0.0367536998	-0.1403570392	0.022387671499999998	0.0175654399	-0.0661158698	-0.0660613013	-0.0074844188	-0.0734452627	0.035382243199999996	-0.0341026863	0.0137771892	-0.0186424119	0.0684321688	0.0608311622	-0.08123002110000001	0.0569926946	0.1221865817	-0.024703045099999998	0.1515637772	0.0667264908	0.11098692869999999	0.0324437701	-0.1080481697	0.1216859929	-0.039637419300000004	-0.0172455029	-0.0786860297	0.0466444559	-0.098278757	-0.0400183488	-0.0037091214000000003	0.09544881029999999	0.0319367199	-0.0473630707	-0.032321595099999996	-0.0135642496	0.0741100586	-0.0493268033	-0.034903062900000004	-0.09783948599999999	0.0677515093	0.0681256937	-0.0364562353	0.12052320849999999	0.013914381799999999	0.0699286995	0.0261848418	0.026285503300000002	0.022521037200000003	0.0651117578	0.08670941019999999	-0.0030137651	-0.0131204541	-0.008733495	-0.0324676526	-0.0599688898	0.0047104359000000005	0.0689478728	0.030661601299999997	0.0468920083	-0.020247248500000002	0.0093605649	0.1174406776	-0.0925021551	-0.053012496799999996	-0.019590148600000003	0.0076902704	-0.0192310797	0.028354833399999998	0.0732615637	-0.0507442721	0.17188051640000002	-0.011613136000000001	0.0845165717	0.0206548826	0.09094883710000001	0.0031231713	0.0404750801	0.0706895344	-0.014396405400000001	-0.0686944783	-0.044058628600000004	-0.0447743143	-0.004718668499999999	0.0104392127	0.1481368209	0.0664566709	0.037892227599999995	0.04982415849999999	0.0329027453	0.106001706	-0.0718978047	-0.0299419277	0.0050478982	0.151877321	0.0691206493	-0.0138263633	0.10758625990000001	-0.0329911716	0.0989388908	0.0225377342	0.041170837200000004	0.039206812	0.0038802156	-0.0010257928999999999	-0.006351800699999999	4.09874e-05	0.037247364399999996	-0.0694559526	-0.15106287300000001	0.0218868808	-0.0345854135	0.1079945732	0.026571160400000002	-0.0624948466	0.028905592200000007	0.0055163688	0.0029508951000000003	-0.022222298799999998	0.07422963169999999	0.0371808916	-0.051938837300000006	-0.0386568323	-0.0581472788	-0.022887732400000003	-0.1031611942	0.09989619949999999	-0.0945308701	-0.0988774	-0.0136762	0.00018703844644	0.00977674023076	0.24631	0.033159999999999995	0.0010995855999999997	0.0606686161	0.208283	0.01824299999999998	0.043381808089	0.00033280704899999933	0.01192	0.00024320000000000068	0.00014208639999999998	5.914624000000035e-08	0.000453431	0.000228136	2.0559967176099998e-07	5.204603449599998e-08	-0.00273439	-0.00043042000000000037	7.4768886721000015e-06	1.8526137640000032e-07	0.0	0.0	0.0	0.0	0.0	0.0
8499.657816572699	4.709948582087236	72244182.99882537	22.183615645905565	9916.143552493351	-12.683052017717273	160.85980848412217	98329902.95365548	6470.3704614609505	4.811866151288997	23.15405585792077	41865693.9085464	6950.421592078177	11263.297857397922	1.015089	39.813244	0.26199019999999995	0.149197	0.10142057119999999	-0.0305420419	-0.1029808157	-0.0299967189	-0.0011394679	-0.0393883636	0.09010481199999999	0.0328615248	-0.0117736818	-0.0180577114	-0.0157527978	-0.06482848299999999	-0.07288498019999999	0.14262967099999999	-0.0440373109	-0.0047014192	0.0365854672	-0.0346717672	-0.032797816	-0.0514405338	-0.0818540908	0.024780762	0.0337988617	0.0110715169	0.0208913009	0.0187236399	-0.0274069337	0.0869155885	-0.0625582001	0.013319605600000001	-0.0066284406	-0.0193582922	0.0386808596	0.0049267072	0.0743975559	0.0771910499	0.0517579717	0.051036924299999994	-0.0938253726	0.0924437083	-0.14276821650000002	0.0165515215	0.05441930389999999	0.0294220756	0.0874899021	-0.10501221279999999	0.0488512827	-0.0002152904	0.1437540313	0.06483488230000001	-0.0182735522	0.0045934166	0.0196503681	-0.0021898338000000002	-0.09193086119999999	0.0019485370000000002	-0.08489787289999999	-0.0088758738	0.070117406	-0.1087341009	0.024892451200000002	-0.012870686599999999	0.09348568019999999	0.0051372121	-0.10717553279999999	0.1173763817	0.0521231063	0.0249466205	0.052195813099999995	0.1092570882	0.051730563	0.1155582205	-0.09129014029999999	-0.16314319160000001	-0.0268253515	0.0163570046	0.0808052404	-0.030829706800000002	0.027870247200000003	0.0146602778	-0.0020886442000000002	0.1328606048	-0.016922716	-0.0645649022	0.0412879312	0.0096994591	0.0053919345999999995	0.0554526896	-0.0487629183	0.050138881600000004	-0.0156771505	0.1507346775	-0.053733002800000006	-0.0939660478	-0.0041358599	-0.0296710537	-0.0059907126	-0.0193304617	-0.0718032259	-0.0372396719	-0.08428935130000001	-0.1201099983	0.0217384596	-0.0078622247	0.049870765899999996	-0.0638815665	-0.026145760499999997	-0.088939999	-0.1240861477	-0.021135232200000003	-0.0255235829	-0.0482853106	-0.0988537175	0.0310345947	-0.0649080794	-0.015482026999999999	-0.005546474599999999	0.0010972099000000001	-0.0489904609	0.0706792358	0.1176361658	0.05655598410000001	-0.0476132683	-0.06500595969999999	0.0569552628	0.09658440089999999	-0.0676087042	0.029772260699999997	0.0087788346	-0.0306197216	0.025959838	-0.1273956763	0.0430158521	0.0326860589	0.042521042300000006	0.0051847599	0.04917219900000002	0.0977172303	0.0603118721	-0.0127274954	0.0005512011	0.0759521221	-0.0337603161	0.0094841337	0.049379768	-0.0704378745	0.0321174121	0.1423829794	-0.0281700521	-0.12719994369999998	-0.0028343526000000003	0.0070724642000000015	0.0057529969	0.0431782208	0.024004834300000003	-0.0167467476	0.023275832000000003	0.0954904875	0.007212000600000002	0.09426439199999999	0.0160967564	-0.0521688245	-0.13346993	-0.023024868900000002	-0.049944656500000004	0.0029066646000000004	-0.0613825909	0.0422998063	-0.0965991509	0.0983049857	-0.0045679238	0.048974384100000004	-0.041689684	-0.0963368515	0.0666877329	-0.0220913498	-0.0221851494	-0.046704965	-0.0761681416	-0.043783021299999995	-0.0464764439	0.0888225949	-0.021901909599999998	-0.0252684605	0.0658778905	0.1439719045	0.0723805345	-0.12184272619999999	-0.10340357800000001	0.1008566694	-0.0966581881	-0.0882716	0.010605799999999985	0.00011248299363999968	0.007791875366560001	0.355416	0.109106	0.011904119236000002	0.126320533056	0.227681	0.019398	0.051838637761000006	0.0003762824039999999	0.0137428	0.0018227999999999996	0.00018886455184	3.322599839999998e-06	0.000184973	-0.000268458	3.4215010729e-08	7.206969776399997e-08	-0.00236804	0.00036635000000000015	5.6076134416e-06	1.3421232250000007e-07	0.0	0.0	0.0	0.0	0.0	0.0
8521.811024748886	22.15320817618704	72621263.14153166	490.76463249748014	9929.5351327334	13.391580240047915	179.33442132564178	98595667.95218688	6475.769014787098	5.398553326147522	29.144378015258464	41935584.33287666	6956.337103554436	11653.968194277211	1.208713	47.407444	0.28118394	0.194537	-0.0127617696	-0.0251644475	-0.0164011116	0.016149284399999998	-0.011481303	-0.0049581582	0.1093297141	0.0301885194	-0.005721514699999999	0.0703547497	-0.061156120599999995	-0.0246620895	0.0485144844	-0.05940620980000001	-0.032624092599999995	0.065126777	-0.0799665242	0.001140279	0.0453651699	0.0026241398	0.0014911166	-0.0029050724	-0.0295770736	0.0204132528	0.0698025468	0.061210330199999996	-0.0298828281	0.016858443600000002	0.0068192302	-0.0122861004	-0.1707292384	-0.0398646032	0.11158227189999999	0.0233094772	-0.0352806231	0.056729977699999996	0.0064923575	0.0111757049	-0.113621397	0.0800564923	0.019532089	-0.0532324379	0.0058866748	-0.0028506012	-0.055899139	-0.0338134004	-0.0042852865	-0.0234771088	0.0024893059	0.0926830467	0.0216522918	0.0485802857	0.0486599842	0.053352898600000004	0.0610433118	0.00240023	-0.1223562518	0.07514114969999999	0.11299353570000001	-0.014367459499999999	-0.098989841	-0.0064533451	-0.0592970124	-0.0201040277	-0.0545628625	0.1608863542	-0.012427031299999999	-0.0489025488	-0.0319892945	-0.0497517668	-0.0006678183	-0.0462261425	0.0376399754	-0.0877704325	-0.0970403416	-0.0973015272	-0.1692361136	-0.040905750899999996	0.0105611807	-0.006462793299999999	0.0789513005	-0.089187846	-0.16538691	0.0733471557	0.1561836221	-0.0109614771	0.0654806392	-0.0052343094	-0.1161536509	0.0159702909	0.0111063122	-0.0352809282	-0.0775645415	0.08576278150000001	-0.08826845470000001	-0.044536524	-0.1050319679	0.0572352116	-0.1357808692	-0.0499993295	0.0065598226	-0.0639775491	0.21027308320000002	-0.0048706313	0.122567273	0.005841135600000001	0.0531259149	-0.0334892573	0.1512040359	0.050124577000000003	0.0173115747	0.1133641809	0.0241712245	0.1472714363	0.0196138043	0.069415559	0.0102360548	-0.0191615427	-0.016081935500000002	-0.0382292922	0.0280727406	0.034468833399999996	0.024137202000000003	-0.1145152784	-0.0646172739	-0.0368175411	-0.0150508798	0.0003015085	0.0772878155	0.0088656651	-0.057077930199999995	-0.0317469954	-0.0183777323	0.015542241200000001	0.0857596402	0.1435347841	0.1672989237	0.09927508859999999	-0.0481810032	-0.0513131573	0.0521647434	0.1167259709	0.042980047199999996	-0.0657890399	0.11795070939999999	0.0301718671	0.016832086200000002	0.0326514512	-0.0208155632	0.0862462472	-0.0364874327	0.0655916908	0.0300671383	0.0130165619	-0.023960574900000003	0.1735612506	-0.0666485677	0.056522997900000004	-0.0430609298	-0.0397964152	-0.0928607872	0.0216926006	-0.0054487041	0.13854446539999998	0.1054599001	-0.0708514571	0.0553307214	0.1579789951	0.0247229598	-0.1111658714	0.0652258465	0.0545869478	0.042571310999999994	-0.035880402	-0.0449996013	-0.0025439475	0.046437025599999994	-0.0002111038	-0.0703978527	-0.0696686534	-0.1169641377	0.0765302229	0.0379245613	-0.0916554791	0.1611693502	0.0204933521	-0.017486650700000002	0.0663425374	-0.10361581859999999	0.101699545	-0.098531964	-0.0871887	0.0010829000000000116	1.172672410000025e-06	0.007601869407689999	0.17455199999999998	-0.180864	0.03271178649600001	0.030468400703999993	0.198134	-0.029546999999999986	0.039257081956	0.0008730252089999994	0.0126275	-0.0011152999999999996	0.00015945375625	1.2438940899999992e-06	-4.45778e-05	-0.00022955080000000002	1.98718025284e-09	5.269356978064e-08	-0.00231909	4.894999999999986e-05	5.378178428100001e-06	2.3961024999999868e-09	0.0	0.0	0.0	0.0	0.0	0.0
8508.683329669764	-13.127695079121622	72397692.00460014	172.33637809039402	9913.686394040258	-15.848738693141058	251.18251816346654	98281177.91937894	6471.056642587923	-4.7123721991747525	22.20645174355509	41874574.07158129	6952.693214342753	11541.985721091853	1.026151	40.247116	0.13438109999999995	0.07231959999999997	0.0397115231	-0.0281428565	-0.0040460382	0.0325238364	0.0105024553	-0.0041850003	0.059173607999999996	0.062899585	-0.0459900085	-0.07839689	0.0021839587	-0.0124936797	-0.0126779361	-0.0748958013	0.1112509772	0.0295974886	0.04656890650000002	0.0975904042	-0.043712250700000004	-0.046064836799999995	-0.042788433	-0.061547036	-0.0656027718	-0.0208216607	0.0519665717	0.017611968999999998	-0.104125715	0.0059403867	0.080439268	-0.1351631402	-0.0164682682	-0.0674225744	-0.051894957	-0.0462058074	-0.1117125427	-0.1920620787	0.0049490898	-0.0516556794	-0.0248277186	-0.060085886399999996	-0.0133361652	-0.0353564483	0.1203323664	0.0176428635	0.0031581465000000003	-0.0838561387	-0.0374659321	-0.0438439451	0.059698578499999995	0.0832343224	-0.09804321380000001	0.015212649299999999	0.1095624716	0.0397761876	0.0435779949	0.0695356315	0.0400531857	0.053249198	0.08428819439999999	-0.092285471	0.0066742679	-0.0049101839	0.0031463863000000003	-0.0014604448999999999	0.0169310298	-0.0832713754	0.0112660766	0.055839472800000005	0.0324064712	-0.0576338425	0.017447569399999998	0.1129304609	-0.0345998259	-0.0169161752	-0.059471192699999995	0.027720977200000003	0.0104322914	0.0762827271	-0.0692894632	0.042642728899999996	-0.0298408283	0.0573285597	-0.09856130960000001	0.0276081242	-0.035130916400000003	-0.0116047254	0.11928668070000001	-0.0245455383	0.021180951400000002	0.10718696009999999	0.0588020176	-0.14047404789999998	-0.1051854809	0.030527169500000007	-0.0363692864	-0.056296453499999996	0.0927872657	0.0422345846	0.2693688067	-0.0372274004	0.0038977890999999996	-0.0493661192	0.0944178541	-0.0337297688	0.0627034761	0.0517240202	0.0187448539	-0.0163435342	0.0662764674	0.08821576380000001	-0.0401993539	-0.0277688289	-0.0911781465	0.0851873023	0.0536709072	0.1369223589	0.0472944161	-0.0335256416	-0.0471971462	0.0260567848	0.0884571067	0.0050221618	0.053900933	-0.0088482952	-0.0531636804	0.0666449244	-0.080621846	-0.0457011529	0.0525369281	0.0041685967999999995	-0.1172242179	0.0229018155	0.0904841368	0.0134908892	0.046377385300000004	0.00025249939999999997	0.0837256792	-0.002516214	0.0689819507	0.0253588689	-0.042520735700000006	0.011534932900000001	0.006802107	-0.1230851412	-0.0734605297	-0.020031025900000003	0.0236402538	-0.1275265353	-0.09446029730000001	-0.0635877839	-0.025042390299999998	0.0211380373	0.059857031	0.0217586405	-0.019605376100000002	0.0009630225	-0.1314937858	0.0116081679	0.04969987360000002	0.0027895658	-0.1378413356	0.0034328828000000002	-0.10848573339999999	0.0370039729	0.10059265460000001	0.0611146043	0.026192137799999998	-0.0700844045	0.1153226362	-0.0223923437	-0.0508162624	-0.0445571267	-0.1637155374	0.0065181471	0.0260906855	0.015796126100000002	-0.09896476369999999	-0.1600762932	-0.09672333050000001	-0.04674029389999999	0.0254466822	-0.0056763493	0.0777805549	0.06214282860000001	-0.029555022900000002	0.0103057573	-0.1496070904	0.0048825496	-0.1037978542	0.1024238435	-0.1001472826	-0.09708240000000004	-0.009893700000000049	9.788529969000091e-05	0.009424992389760007	0.231119	0.05656700000000004	0.003199825489000004	0.053415992161000014	0.203797	0.0056630000000000005	0.041533217209	3.206956900000002e-05	0.0117786	-0.0008488999999999997	0.00013873541796000002	7.206312099999993e-07	7.654019999999997e-05	0.00012111799999999995	5.858402216039995e-09	1.4669569923999996e-08	-0.00259422	-0.00027512999999999973	6.7299774084e-06	7.569651689999986e-08	0.0	0.0	0.0	0.0	0.0	0.0
8521.618490547587	12.935160877823364	72617981.69844255	167.3183869351721	9928.088741550457	14.402347510198526	207.42761380452163	98566946.06010091	6472.5699039220835	1.5132613341602337	2.2899598654644104	41894161.16115793	6947.6643259772645	11619.808066627651	1.071641	42.031315	0.293053655	0.190054	-0.008867261	-0.011228102299999999	-0.10383565789999999	-0.1084900551	0.0015226058999999999	-0.065581142	0.046406797400000005	0.1030609369	0.000844965	-0.0016493156	-0.0156727717	-0.1076022843	-0.08239387769999999	-0.0002263162	-0.021287882799999998	-0.0075901612	-0.0037094480999999998	-0.0403155609	0.0094330347	0.0643137655	-0.0412252085	-0.08573132619999999	-0.080083796	-0.0536792797	-0.0567207858	0.031695728799999996	0.038828358	0.0565794973	-0.044351929299999995	-0.0583766612	-0.0276583429	-0.07752662839999999	-0.0389868942	0.0003894996	0.0362351433	-0.0053164756	-0.09112771970000001	0.1512482485	-0.0633831088	-0.0751380827	0.0323840268	-0.0774052507	-0.005334259300000001	-0.04231285059999999	0.0401865228	-0.0312527955	0.14489226130000002	0.05914883570000001	0.0362071875	0.0451599882	0.0038062786	-0.0065287971999999994	0.0569295994	0.0484057756	-0.0381779311	0.025246364700000003	-0.0303984281	-0.0057238285	0.0538819024	0.0832367056	0.0562840483	0.051489342800000004	-0.018203866200000002	0.10216682199999999	0.0882987044	0.0457888841	-0.06335089370000001	-0.08720804050000001	0.0698415724	-0.14408079070000002	0.1911082873	0.13179178449999998	0.10863098289999999	0.006754760699999999	0.0304403431	0.0082160229	-0.0712882724	0.06456926589999999	-0.0563790449	0.040919509300000004	0.2472780017000001	-0.0420251716	-0.0381612007	-0.0029537646000000004	-0.0315681028	0.022121711800000003	0.0184352736	-0.0718458993	-0.0253710216	-0.0613796817	0.1687238269	-0.0275781433	0.051226565599999996	0.0130540851	0.037699331	-0.0140462543	0.031459632200000004	-0.1228309576	0.07972631990000001	-0.020067793100000002	-0.10600544640000001	-0.0030407928000000003	0.09889985189999999	-0.1630278609	-0.0695303495	0.026092721099999997	-0.0031940011999999998	-0.0646035395	0.0065753126	-0.0775507583	0.21256971530000002	-0.0230113358	-0.0129515499	-0.0524220528	-0.068777041	0.043325205	0.0738487798	0.0449356609	-0.0268830881	0.0009603109	0.1169509884	0.0179911385	-0.11420070689999999	-0.028401888900000002	-0.025880866800000003	0.0623231556	0.0163223773	0.0421476007	0.012705004399999999	-0.0535924861	-0.0421429858	-0.027274464300000002	-0.0386051038	-0.0134921668	0.041886827599999996	0.036016674900000004	-0.0253865582	0.1260041942	0.0565493572	-0.0172524264	0.0028072121000000004	-0.2130522368	0.0375095217	0.0943685619	-0.0250968048	0.0820497738	0.007260975899999998	-0.0701959559	-0.0557151764	-0.08490125359999999	0.0006470375	-0.0283903702	-0.0562022723	-0.1101181153	-0.1136485785	-0.0188883184	-0.1564071188	0.0779474922	0.0649574333	-0.060529575099999997	-0.0777129161	0.1249945842	0.0440673972	0.0092041204	0.096573585	0.0090145769	-0.0393200883	0.1288808287	0.0300060047	-0.049614407699999995	-0.1288772674	-0.015022426	-0.0264665468	-0.12899613769999999	0.0684982324	-0.0450384851	-0.1009847659	-0.051604411100000004	-0.060075721299999996	-0.0201159359	0.0226675239	-0.0464951635	-0.0477376551	-0.06403152570000001	-0.046473140999999996	-0.051265434400000004	0.0910087161	0.0153360541	-0.1039496317	0.10302872029999999	-0.1014999067	-0.0982114	-0.0011289999999999495	1.274640999999886e-06	0.009645479089959998	0.363701	0.13258199999999998	0.017577986723999996	0.132278417401	0.228086	0.024289	0.052023223396	0.0005899555210000003	0.01431	0.0025314	0.0002047761	6.4079859599999985e-06	-4.27029e-05	-0.00011924309999999998	1.8235376684099999e-09	1.4218916897609994e-08	-0.00254379	5.042999999999975e-05	6.470867564100001e-06	2.5431848999999737e-09	0.0	0.0	0.0	0.0	0.0	0.0
8535.647141159763	14.028650612175625	72857272.11838883	196.80303799849557	9917.269241509584	-10.819500040872299	117.0615811344357	98352229.20859209	6475.3252234115125	2.7553194894289845	7.5917854888272	41929836.74894936	6947.422776760067	11656.688975913064	0.957169	37.541527	0.173704555	0.07766630000000001	0.0273920821	0.0235036268	-0.129042165	-0.147590336	0.021451541400000003	-0.0624509596	0.0017067541	0.1311937421	-0.0267068642	0.0072973002000000006	-0.0731160975	-0.10316900470000001	-0.10165131220000001	0.0392375332	0.052380111900000005	-0.0718367228	0.0202022121	-0.0830220762	-0.051273113499999995	-0.0074623471	0.0155991069	0.030930124	-0.0731544417	0.032436079799999996	-0.019590811399999998	-0.0356067405	-0.0067998928	0.08991109779999999	0.0004873101	0.012450465	0.048013249	0.0342998954	-0.0817090171	-0.07197844469999999	-0.0082379999	-0.0085375502	-0.023317958399999998	0.0611193599	0.0048011125	-0.0847104534	0.0505820339	0.0051716378	0.045430530499999996	-0.023825294900000002	0.09075405369999999	-0.0500227635	0.09775241550000001	0.11196124589999999	0.1574720116	0.0503953754	0.0338995525	-0.019200319	0.12556662470000002	0.061620706399999996	0.0761181577	0.0215701012	0.0037167797999999998	-0.0669383726	-0.109666678	0.0104597193	0.0703698169	-0.0188370198	0.0279675035	-0.1346003648	-0.041415469100000005	0.058767710099999995	-0.07661832	0.0026337892999999998	0.0722968348	-0.07395431179999999	0.1045633709	0.07571207349999999	0.1257944356	0.0508747885	-0.0383362374	-0.08435556820000001	0.10432013300000001	-0.0829871432	-0.0329840377	0.0029398990999999998	-0.0582724372	0.014046366299999998	-0.0091905928	0.014472768700000001	-0.1002375684	-0.11187836220000001	-0.0042975245	-0.0281319467	-0.0670828067	0.0031791663	-0.0803725137	0.0522539917	-0.0686522087	0.0114144685	-0.0566783405	0.041524949	0.0139260656	0.0023415343	0.0618244094	0.0818788371	0.0822185584	-0.033649274300000004	-0.0173714537	-0.015957623799999997	-0.0421609295	0.06780766889999999	0.0453795067	0.0503679104	-0.1671531132	-0.1450539741	0.0231117475	0.0367485797	-0.1541227272	-0.0634345472	0.1117169965	-0.0273670536	-0.0375460792	0.0663533201	0.0131352624	0.0274215471	0.1158478367	0.0603677486	-0.1337012783	-0.0205850016	0.0103626901	0.1340463364	-0.05527887150000002	0.0540304722	0.0683185031	-0.0288297614	-0.0445916008	0.020300053000000002	-0.0145419985	0.061876312999999995	-0.0384819629	-0.0019163919	0.023874645099999998	-0.0284554008	0.011054422	0.013253733600000001	0.0179366565	0.0006151378	-0.1257862723	0.1318209368	-0.0632591232	0.1619661774	0.08113830429999999	0.0569221287	0.09137559199999999	-0.0605805509	-0.092083151	0.043330054400000005	-0.1342840312	0.052875131299999996	0.0441613413	0.059755170199999985	0.0507856717	0.053177239	-0.035769210600000004	0.06445946849999999	-0.014900619399999999	0.0253240448	-0.0145970893	-0.13637490859999998	-0.0074601508	-0.0412769147	-0.0867784515	0.013530566499999999	-0.0441149142	-0.026857336800000003	0.0146873849	-0.0407414584	0.0031327163	0.0560999774	0.0002540665	0.115589691	-0.1079352974	-0.0456529281	-0.0554422605	0.027823872200000002	0.0016304785	-0.0702380499	-0.029156296499999998	0.1125259379	-0.1311267842	-0.0531722795	0.036135213799999996	0.10817870859999999	-0.1040711067	0.1035134703	-0.1025862884	-0.08247999999999997	0.01573140000000002	0.00024747694596000065	0.006802950399999995	0.402815	0.03911400000000004	0.0015299049960000026	0.16225992422500002	0.279774	0.05168799999999996	0.07827349107599997	0.0026716493439999955	0.0148007	0.0004907000000000002	0.00021906072049000002	2.4078649000000016e-07	-0.000481856	-0.0004391531	2.3218520473600001e-07	1.9285544523960997e-07	-0.00213022	0.00041357000000000026	4.5378372484e-06	1.710401449000002e-07	0.0	0.0	0.0	0.0	0.0	0.0
8536.894556082425	1.2474149226618465	72878568.66166975	1.5560439892794604	9940.797497288842	23.52825577925796	553.5788200141857	98819454.88210411	6478.937629926412	3.6124065148997033	13.04948082888982	41976632.81247648	6949.140544792313	11936.749881669017	1.252476	49.123917	0.1970651	0.107134	-0.0676570957	0.0567732277	-0.1517317444	-0.1248403923	0.0028703314	-0.0412690923	-0.07670841980000001	0.1185127067	0.0344584523	0.1448786927	-0.039892564	-0.1393323997	-0.09178696480000001	0.1274100609	-0.0387035253	0.015303473400000003	-0.02899084	-0.0851651477	0.1371124524	0.0971062316	0.0715669251	-0.061811507599999996	0.0172575227	-0.0300288515	0.0232040202	-0.048562800999999996	0.0798461916	0.027365623500000002	0.11846060439999999	0.012631961799999999	-0.0373557699	0.0167315049	-0.0248426694	-0.0003204721	-0.058526015	0.0521041875	-0.0092919542	0.024827761299999997	0.0812253057	0.010681993400000001	0.0676550309	0.1811003779	-0.1665477713	-0.030240743799999997	0.015252313899999996	0.0575692053	0.17767921760000002	0.1116070961	-0.014800298500000001	-0.0325746861	0.1354337557	0.0439924323	0.1007052056	0.2155193178	-0.0282141248	0.1022270595	0.0405765721	0.026635340299999997	0.044060007000000005	-0.10336537970000001	-0.0707727758	-0.0432715449	-0.3076419694	-0.11313632970000001	0.0875903499	0.077883674	0.123440281	0.0971533623	0.002552772	0.11754053869999999	0.0572166804	-0.0443018815	0.08539169349999999	0.0652315836	0.0715494917	0.082953026	-0.0129172086	0.2078705565	-0.022682997799999997	-0.06529712879999999	-0.0910248544	-0.0427987079	0.11788008609999999	-0.0330232703	-0.1318930416	-0.0226400008	0.0503710558	-0.11823686800000001	0.1271588046	0.0511223642	-0.1505904601	0.0330842434	0.0898325257	-0.0007515258999999999	0.08408746619999999	0.0188548582	-0.09638520369999999	0.0217207479	0.0181672647	0.0081860076	-0.0859901162	-0.1174254663	-0.0388698409	-0.0313001442	0.0257615118	0.1365344714	0.013030399199999999	0.04271304	0.052806007800000006	0.044113495700000005	-0.0233704115	-0.09240829019999999	0.0185580193	0.0166121355	-0.0671229901	0.0996286905	-0.0028257269	0.08120541049999999	0.0611402822	-0.034824745	0.0184248534	0.0025592698999999997	-0.1929351689	-0.0490038115	-0.04962612809999999	0.0040360375	0.051214423499999995	0.1238223765	-0.0177538774	-0.1755693856	-0.0909417743	0.0260339634	-0.038331102400000004	0.09142378539999996	-0.0514688876	0.0311234783	0.0944388634	-0.0861419249	-0.20423624059999998	0.1055403182	0.0127054714	-0.0165812462	0.0637887929	-0.08975949609999999	-0.0857022139	0.1237731388	0.23703657350000001	0.0978794434	-0.1553219298	-0.0028088440999999996	0.055765060899999996	-0.0755926566	0.0039184125	0.07548722769999999	0.1630075283	-0.0969387128	-0.0652035511	-0.1643107167	-0.0468356259	-0.0003038719	0.0193870049	-0.08959622810000001	0.0078651994	0.0249126511	-0.0345816244	0.0702620136	-0.0105416694	0.0065669903000000005	0.0028539074	0.0152247124	-0.034014041200000004	0.0393863037	0.10949342960000001	-0.0664521937	-0.1641910124	0.0769343849	0.041138176299999996	-0.1122106048	0.1622134773	-0.0212956123	-0.015127090400000001	-0.1547899113	0.0374210934	0.0232096206	-0.0342089208	0.1047819186	-0.0082157021	-0.037415282	-0.1041622441	0.1038775282	-0.10340357800000001	-0.0764784	0.006001599999999968	3.601920255999962e-05	0.005848945666560001	0.347856	-0.054959000000000036	0.003020491681000004	0.121003796736	0.202188	-0.07758599999999996	0.040879987344	0.006019587395999994	0.0157909	0.0009902	0.00024935252281	9.804960400000002e-07	-0.000555416	-7.356000000000002e-05	3.08486933056e-07	5.411073600000003e-09	-0.00202361	0.00010661000000000004	4.0949974321e-06	1.1365692100000007e-08	0.0	0.0	0.0	0.0	0.0	0.0
8521.32920095552	-15.565355126904251	72613051.35105725	242.28028022664444	9913.317436715586	-27.480060573256196	755.1537291098297	98273862.60108928	6465.132907516208	-13.804722410203796	190.57036082278287	41797943.511848986	6941.941986149381	12054.216280386085	1.368271	53.66555	0.17322192499999994	0.0966411	-0.08921944609999999	0.0313822735	-0.07115892019999999	-0.10728230050000001	0.01261669	-0.0069068451000000005	-0.0552719683	0.0095856024	0.048880424400000004	-0.0014700782999999998	0.0304976407	-0.1302799316	-0.0545160421	0.0810505451	0.0635456705	-0.0128204177	0.1494317252	0.0983907772	0.1115960059	-0.0699889863	0.1415194879	0.0219538632	0.0999534497	-0.084023636	0.0485096571	-0.1097070508	0.0085359225	-0.1273745384	-0.0359379233	0.041056308300000004	0.1217959722	-0.0345039908	-0.0275621592	-0.053825716399999994	0.031553975	-0.0346939504	0.011547014	0.0104098357	-0.075798891	0.025464621099999998	0.0165399833	0.0975484153	-0.0081011254	-0.0830699925	0.0111002449	-0.021684094700000003	0.1216353234	0.0829804381	-0.09588531980000001	-0.053968495400000004	0.0517322091	-0.14568237779999998	-0.0107374323	0.0182409399	-0.09227393269999999	-0.0944893742	0.2746649488	-0.0402411687	0.0258624564	0.055823614199999996	0.0250804169	-0.0417402078	0.0776353982	-0.0654428905	0.0038613705	-0.10745274460000001	0.17713869100000001	-0.0698238654	0.09615750519999999	-0.0747555756	0.0045852658	-0.138266984	0.0142578424	-0.0151967074	0.0464001716	-0.11720690859999999	0.0540907024	-0.045476769400000006	-0.010771607800000001	-0.020228532900000002	0.0170619698	0.0341120892	-0.0060844813	-0.1167089543	0.08840551199999999	0.0977213317	0.025380593599999998	0.0063937752	0.0990707483	0.0621004854	-0.0297484769	-0.0193137612	-0.0606588904	0.0882564281	-0.0820359389	0.0071847145999999985	0.0561649586	0.018417218200000002	-0.027449451	0.0063613257999999995	-0.0993350653	0.1885297461	-0.0705276471	-0.0408269019	0.0775007379	-0.047922796600000005	-0.015185258899999996	0.1845136866	0.030699855699999997	0.1256020468	-0.0537848329	-0.0275387171	0.029503809199999998	0.0393907094	-0.0347845504	-0.028393197999999998	0.0128772255	0.0634448227	0.0150606076	-0.0562062962	0.0349829412	0.0200725712	-0.0851278591	0.071501946	0.0345306325	0.0195688717	0.1556549652	0.095731568	-0.0678335758	-0.0549208183	0.0525645264	0.1790073051	0.1593325324	-0.0824515804	-0.100235084	-0.0816276193	-0.1361746516	0.035433132	-0.038527083	0.027519670299999997	-0.003001707	0.07301028799999999	0.1026205254	0.0174590322	-0.1218610982	-0.046035319500000005	-0.0485640676	-0.0025568538000000003	0.0805740269	0.0629072982	0.027383248199999998	0.1412787496	0.0311458719	-0.11964437900000001	0.0028654412	-0.0708070008	-0.0307969227	-0.049309185199999994	0.0667092243	0.0532017889	-0.009807241500000001	0.0012838996	-0.1161663979	-0.0217270167	-0.0253119754	-0.0802195746	0.0925620843	0.0058628126000000004	-0.0141929709	-0.037494328	-0.0265604151	-0.0406949415	0.0756624371	0.1090734463	-0.005429466700000001	0.048238959500000005	0.1022920178	0.0423407113	0.0060695388000000005	-0.1231111424	0.0342922715	0.0659879461	-0.1230407317	-0.0634795885	0.0091373561	0.0446424967	-0.0796415533	0.08544074970000001	-0.10422301699999999	0.10412046949999999	-0.1039496317	-0.0922695	-0.015791100000000002	0.0002493588392100001	0.00851366063025	0.342327	-0.005529000000000006	3.0569841000000067e-05	0.11718777492900001	0.230124	0.02793599999999996	0.052957055375999984	0.0007804200959999979	0.0141025	-0.0016883999999999994	0.00019888050625	2.850694559999998e-06	-9.96995e-05	0.0004557165	9.939990300249999e-09	2.0767752837225001e-07	-0.00235881	-0.00033519999999999985	5.563984616099999e-06	1.1235903999999995e-07	0.0	0.0	0.0	0.0	0.0	0.0
8516.3431611704	-4.986039785120738	72528100.83881384	24.860592738806854	9927.052578383398	13.735141667812062	188.65411663486702	98546372.89398848	6478.384380972991	13.25147345678215	175.6015487758019	41969464.1876348	6952.165077406936	11165.165507989232	1.677288	65.785645	0.27351016999999994	0.176289	0.1763885668	0.0099451064	-0.10789916390000001	-0.1052694467	0.0019299583	-0.0074780134	-0.0508072921	-0.0498456709	-0.067335246	-0.056779851	-0.0836186936	-0.013358188500000001	-0.253234788	0.0642622697	-0.0352375056	-0.0584452515	-0.0065073443000000005	-0.0614330346	-0.09095312480000001	-0.0506906512	0.033823731	0.065547331	0.017752424699999998	0.0023965665	-0.0945850934	-0.0394146562	-0.1435429393	0.0207816092	-0.0908282388	0.06800548049999999	-0.060726125	0.028314147799999998	-0.019026344	0.0560423161	0.148622618	-0.0284683705	-0.0655456355	-0.0267117988	-0.058443029199999996	-0.0026116797	0.0014497523999999998	-0.1101630191	-0.0582981424	0.0548557705	0.11192991199999999	-0.1113132518	0.0792070019	0.132711624	0.08998576119999999	0.0165558011	-0.063207641	-0.03860644	-0.1397231633	-0.0009405858	-0.1543435981	-0.0114265093	0.1092381127	-0.049310691	-0.0026895733000000003	0.0796370052	0.2371668934	0.0767489882	-0.10102881970000001	0.0359359042	0.082864083	0.0416497023	-0.0397117052	-0.1157253643	0.0169597059	-0.0475669307	-0.0344464931	-0.1121106132	-0.0092472226	0.0701038599	0.0182624796	0.031328987	0.0287537572	0.0470550499	0.0032919353000000003	0.06324315030000001	-0.0876327762	0.0042175186	-0.0923800476	-0.1444016955	0.1363941353	-0.1024064178	-0.18527274510000002	-0.0031250799	-0.0318689044	-0.0081658524	-0.0358493219	0.0712370155	0.1621711723	-0.0279428504	-0.025552953399999998	-0.0105579109	-0.1097944408	-0.0047633128	-0.0416810315	-0.0035623342	0.0037491507	0.14092829939999998	-0.0294117092	0.1398729745	-0.10072863160000001	-0.0702407206	0.0418732275	-0.0976464262	0.022190394199999998	0.0029478720000000003	-0.018889011299999998	0.1857226743	-0.0253782067	0.043879426799999996	-0.00573228	0.0014439392999999999	0.0492359637	0.0190238623	0.0263621872	0.1136971834	0.0665611578	0.1159597824	-0.08639523689999999	0.040318493999999996	0.1853004127	0.0881410211	0.0531007057	-0.0154562852	0.0489055551	-0.006524129	0.0195255969	-0.0159396828	0.041252721	-0.1134560022	-0.052048316399999996	-0.1405018082	-0.1302678517	0.1596078923	-0.0651395514	0.13063600820000001	-0.050934236699999996	-0.0022733123	0.0790465672	0.102406347	0.0499386743	0.0816999543	-0.0973440376	-0.0271000457	0.010288045899999999	0.0347270026	0.0182682379	-0.055275459000000006	-0.0223829152	0.056130094400000004	0.0006531719999999999	-0.0015972797	-0.05965272200000001	0.0017823216000000001	-0.1028295687	0.09539203119999999	0.12373015550000001	0.1256836176	0.1520757018	-0.0031840714000000003	-0.0158696923	-0.0045839356	0.044291963399999995	-0.07046804429999999	-0.20178754899999998	0.0136931957	0.0376704641	0.0887892848	0.0659100777	0.1068371847	0.0897897824	-0.1578106452	0.117654021	0.08811994869999999	0.0762529124	0.0679406521	0.0527992488	-0.0047468604	0.1466624243	-0.025098137000000003	0.0136246326	-0.019981831999999998	-0.040366785499999995	0.0618114976	-0.104253408	0.104242011	-0.10422301699999999	-0.07790419999999999	0.014365300000000013	0.00020636184409000035	0.006069064377639999	0.511987	0.16965999999999998	0.028784515599999987	0.262130688169	0.26963400000000004	0.039510000000000066	0.07270249395600002	0.0015610401000000058	0.0135951	-0.0005074000000000017	0.00018482674401	2.574547600000016e-07	9.28179e-05	0.0001925174	8.615162560410003e-09	3.7062949302760015e-08	-0.00205923	0.0002995799999999998	4.2404281929e-06	8.974817639999988e-08	0.0	0.0	0.0	0.0	0.0	1.0
